action,annotation_id,annotator,batch,corrected_action,created_at,id,lead_time,narration_text,reasoning,round,scenario,status,status_main,status_secondary,timestamp_sec,updated_at,video_uid
Locomotion,2011.0,9.0,7,,2026-02-23T03:20:47.970340Z,1135612,57.866,#C C rides the motorcycle on the road.,Body moving through space at a steady pace.,r001,Walking Outdoors,silver,Gold,,22.62115,2026-02-23T03:20:47.970374Z,053ae0a6-937d-4bdc-8001-d3dfe7899811
Locomotion,2012.0,9.0,7,,2026-02-23T03:21:03.166080Z,1135613,8.008,#O The man X comes down from his bike.,"Body moving through space, transitioning from one mode of movement to another.",r001,Walking Outdoors,silver,Gold,,1152.6007033333333,2026-02-23T03:21:03.166094Z,053ae0a6-937d-4bdc-8001-d3dfe7899811
Locomotion,2071.0,9.0,7,,2026-02-23T03:25:19.096778Z,1135614,9.977,#C C rides his motorcycle on the road.,"Body moving through space, high body acceleration.",r001,Walking Outdoors,silver,Gold,,1186.6582733333337,2026-02-23T03:25:19.096811Z,053ae0a6-937d-4bdc-8001-d3dfe7899811
Locomotion,2083.0,9.0,7,,2026-02-23T03:25:48.583165Z,1135615,27.952,#C C rides his motorcycle to the left.,"Body moving through space, high body acceleration.",r001,Walking Outdoors,silver,Gold,,1269.7482433333334,2026-02-23T03:25:48.583179Z,053ae0a6-937d-4bdc-8001-d3dfe7899811
Locomotion,2088.0,9.0,7,,2026-02-23T03:26:01.155113Z,1135616,0.884,#C C drives to the left.,"Body moving through space, indicative of movement or travel.",r001,Walking Outdoors,silver,,,1925.9038966666667,2026-02-23T03:26:01.155152Z,053ae0a6-937d-4bdc-8001-d3dfe7899811
Locomotion,2090.0,9.0,7,,2026-02-23T03:26:03.650005Z,1135617,1.647,#O The man X covers the seat of the scooter with his right hand.,"The action is part of a larger movement (walking outdoors), indicating high body acceleration.",r001,Walking Outdoors,silver,Gold,,2258.1474700000003,2026-02-23T03:26:03.650038Z,053ae0a6-937d-4bdc-8001-d3dfe7899811
Locomotion,2092.0,9.0,7,,2026-02-23T03:26:06.637874Z,1135618,2.236,#C C rides the motorcycle to the right.,Body moving through space (riding a motorcycle).,r001,Walking Outdoors,silver,Gold,,2577.1569400000003,2026-02-23T03:26:06.637898Z,053ae0a6-937d-4bdc-8001-d3dfe7899811
Locomotion,2096.0,9.0,7,,2026-02-23T03:26:10.105565Z,1135619,2.565,#C C parks the motorcycle. #unsure,"The action involves the body moving through space to park a motorcycle, which is a form of locomotion.",r001,Walking Outdoors,silver,Gold,,2918.3413493333333,2026-02-23T03:26:10.105598Z,053ae0a6-937d-4bdc-8001-d3dfe7899811
Stationary,2105.0,9.0,7,Object Transfer,2026-02-23T03:26:22.927683Z,1135620,9.306,# X x eats # #unsure,"Low body/hand motion, typically involves chewing and swallowing.",r001,Cooking,silver,Bad,,83.91212859999999,2026-02-23T03:26:22.927716Z,0793bbe0-b8d5-4d46-9f02-c71d1bd4fad2
Stationary,2114.0,9.0,7,Object Transfer,2026-02-23T03:26:34.862789Z,1135621,10.415,# X x wakes up,"Low body/hand motion, indicative of waking up or transitioning to a stationary state.",r001,Cooking,silver,Bad,,93.4079386,2026-02-23T03:26:34.862813Z,0793bbe0-b8d5-4d46-9f02-c71d1bd4fad2
Stationary,2175.0,9.0,7,Object Transfer,2026-02-23T03:29:03.983378Z,1135622,147.791,# X x seats on couch,"Low body/hand motion, sitting on a couch.",r001,Cooking,silver,Bad,,99.2783386,2026-02-23T03:29:03.983408Z,0793bbe0-b8d5-4d46-9f02-c71d1bd4fad2
Stationary,2182.0,9.0,7,,2026-02-23T03:29:26.428783Z,1135623,7.173,# X x operates on phone,"Low body/hand motion, likely involves holding the phone and interacting with it.",r001,Cooking,silver,,Skip,146.4123286,2026-02-23T03:29:26.428816Z,0793bbe0-b8d5-4d46-9f02-c71d1bd4fad2
Locomotion,2185.0,9.0,7,,2026-02-23T03:29:35.109394Z,1135624,7.341,#C C moves out of the room.,Body moving through space (walking out of the room).,r001,Cooking,silver,Gold,,357.14401197916663,2026-02-23T03:29:35.109428Z,0793bbe0-b8d5-4d46-9f02-c71d1bd4fad2
Stationary,2194.0,9.0,7,,2026-02-23T03:30:27.856752Z,1135625,9.479,# X x coughs,"Low body/hand motion, brief action.",r001,Cooking,silver,Gold,,789.9059352666667,2026-02-23T03:30:27.856777Z,0793bbe0-b8d5-4d46-9f02-c71d1bd4fad2
Stationary,2193.0,9.0,7,,2026-02-23T03:30:23.736473Z,1135626,39.281,# X x operates tv using phone,Operating a TV using a phone likely involves minimal body movement and could be considered a low-energy activity.,r001,Cooking,silver,Gold,,801.9419952666667,2026-02-23T03:30:23.736488Z,0793bbe0-b8d5-4d46-9f02-c71d1bd4fad2
Stationary,2195.0,9.0,7,,2026-02-23T03:30:34.393585Z,1135627,5.5,#O man A scratches his arm,"Low body/hand motion, likely idle action.",r001,Cooking,silver,Gold,,924.1981853125,2026-02-23T03:30:34.393608Z,0793bbe0-b8d5-4d46-9f02-c71d1bd4fad2
Stationary,2196.0,9.0,7,,2026-02-23T03:30:39.053969Z,1135628,3.748,# X x scrolls tv using laptop,"Low body/hand motion, primarily finger movements on a device.",r001,Cooking,silver,Gold,,1116.5750752666663,2026-02-23T03:30:39.054002Z,0793bbe0-b8d5-4d46-9f02-c71d1bd4fad2
Stationary,2199.0,9.0,7,,2026-02-23T03:30:44.588234Z,1135629,3.812,# C c scrolls phone,"Low body/hand motion, likely involves minor finger movements.",r001,Cooking,silver,Gold,,1234.0059852666666,2026-02-23T03:30:44.588280Z,0793bbe0-b8d5-4d46-9f02-c71d1bd4fad2
Object Transfer,2204.0,9.0,7,,2026-02-23T03:30:54.238137Z,1135630,8.299,# C c puts phone on couch,Logistics step of placing an object.,r001,Cooking,silver,Gold,,1287.6258952666667,2026-02-23T03:30:54.238161Z,0793bbe0-b8d5-4d46-9f02-c71d1bd4fad2
Stationary,2212.0,9.0,7,,2026-02-23T03:31:07.066823Z,1135631,6.637,#O A person T rubs his feet together,"Low body/hand motion, rubbing feet together while stationary.",r001,Cooking,silver,Gold,,1629.354461979167,2026-02-23T03:31:07.066840Z,0793bbe0-b8d5-4d46-9f02-c71d1bd4fad2
Stationary,2214.0,9.0,7,,2026-02-23T03:31:11.758545Z,1135632,3.515,# X x stretches,"Low body/hand motion, likely involves minimal movement.",r001,Cooking,silver,Gold,,2003.9232652666665,2026-02-23T03:31:11.758578Z,0793bbe0-b8d5-4d46-9f02-c71d1bd4fad2
Stationary,2216.0,9.0,7,,2026-02-23T03:31:15.132864Z,1135633,1.97,# C c laughs,"Low body/hand motion, likely involves only head and vocal activity.",r001,Cooking,silver,Gold,,2367.6271552666667,2026-02-23T03:31:15.132898Z,0793bbe0-b8d5-4d46-9f02-c71d1bd4fad2
Essential Operation,2218.0,9.0,7,,2026-02-23T03:31:22.201207Z,1135634,5.951,#c c cuts fish,"Core task, high hand activity.",r001,Cooking,silver,Gold,,3347.3494142879968,2026-02-23T03:31:22.201240Z,0793bbe0-b8d5-4d46-9f02-c71d1bd4fad2
Object Transfer,2219.0,9.0,7,,2026-02-23T03:31:25.455736Z,1135635,2.058,#c c takes fish,Logistics/Setup step.,r001,Cooking,silver,Gold,,3409.8941042879965,2026-02-23T03:31:25.455769Z,0793bbe0-b8d5-4d46-9f02-c71d1bd4fad2
Essential Operation,2221.0,9.0,7,,2026-02-23T03:31:28.779776Z,1135636,2.245,#c c washes fish,"Core task, high hand activity.",r001,Cooking,silver,Gold,,3413.175044287997,2026-02-23T03:31:28.779801Z,0793bbe0-b8d5-4d46-9f02-c71d1bd4fad2
Stationary,2222.0,9.0,7,,2026-02-23T03:31:32.005449Z,1135637,1.539,#C C sets on a wash machine,Setting an object typically involves minimal movement after the object is placed.,r001,Cleaning,silver,Gold,,118.1827686,2026-02-23T03:31:32.005484Z,0c892917-34b9-4344-a8cf-d04ff885dc86
Locomotion,2223.0,9.0,7,,2026-02-23T03:31:37.002112Z,1135638,3.834,#C C takes a step,"Movement through space, indicative of walking or stepping.",r001,Gardening,silver,Gold,,36.5160286,2026-02-23T03:31:37.002145Z,0dedbbb0-d1a4-4231-a980-2b43acc08cb2
Essential Operation,2224.0,9.0,7,,2026-02-23T03:31:40.611457Z,1135639,2.262,#C C tears the paper towel,"Core task involving manual dexterity, high hand activity.",r001,Gardening,silver,Gold,,52.9780286,2026-02-23T03:31:40.611499Z,0dedbbb0-d1a4-4231-a980-2b43acc08cb2
Stationary,2225.0,9.0,7,,2026-02-23T03:31:43.599083Z,1135640,1.752,#C C folds the paper towel,The action of folding a paper towel is a fine motor task that does not involve significant movement of the body or hands.,r001,Gardening,silver,Gold,,56.3140286,2026-02-23T03:31:43.599116Z,0dedbbb0-d1a4-4231-a980-2b43acc08cb2
Stationary,2226.0,9.0,7,,2026-02-23T03:31:46.309580Z,1135641,1.335,#C C holds the plant thermometer,"Low body/hand motion, holding an object without moving.",r001,Gardening,silver,Gold,,60.8160286,2026-02-23T03:31:46.309613Z,0dedbbb0-d1a4-4231-a980-2b43acc08cb2
Search,2272.0,9.0,7,,2026-02-23T03:34:58.596194Z,1135642,5.934,#C C looks at the plant thermometer,"Head movement (visual inspection), hands mostly still.",r001,Gardening,silver,Gold,,135.2583886,2026-02-23T03:34:58.596227Z,0dedbbb0-d1a4-4231-a980-2b43acc08cb2
Object Transfer,2275.0,9.0,7,,2026-02-23T03:35:05.848353Z,1135643,6.194,#C C puts the plant thermometer in the soil,Logistics action of placing an object in a specific location.,r001,Gardening,silver,Gold,,177.84002859999998,2026-02-23T03:35:05.848368Z,0dedbbb0-d1a4-4231-a980-2b43acc08cb2
Stationary,2280.0,9.0,7,,2026-02-23T03:35:13.701532Z,1135644,3.994,#C C pulls the plant thermometer,"The action involves holding and possibly reading the thermometer, which implies minimal body movement.",r001,Gardening,silver,Gold,,185.1322286,2026-02-23T03:35:13.701545Z,0dedbbb0-d1a4-4231-a980-2b43acc08cb2
Essential Operation,2281.0,9.0,7,,2026-02-23T03:35:16.597641Z,1135645,1.504,#C C wipes the plant thermometer with a paper towel,Core task involving manual activity with the hands.,r001,Gardening,silver,Gold,,189.3280286,2026-02-23T03:35:16.597674Z,0dedbbb0-d1a4-4231-a980-2b43acc08cb2
Essential Operation,2282.0,9.0,7,,2026-02-23T03:35:30.996918Z,1135646,13.37,#C C shakes the potted plant,"[CtxFixed] Shaking the potted plant does not fit into the categories of Locomotion, Object Transfer, Search, or Stationary. It is an action that seems to serve a specific purpose, such as checking the plant's condition or removing excess water, which falls under Essential Operation.",r001,Gardening,silver,Gold,,258.6900286,2026-02-23T03:35:30.996951Z,0dedbbb0-d1a4-4231-a980-2b43acc08cb2
Object Transfer,2283.0,9.0,7,,2026-02-23T03:35:54.576288Z,1135647,22.549,#C C picks the potted plant,Logistics/Setup step involving picking up an object.,r001,Gardening,silver,Gold,,270.9780286,2026-02-23T03:35:54.576313Z,0dedbbb0-d1a4-4231-a980-2b43acc08cb2
Stationary,2286.0,9.0,7,,2026-02-23T03:35:58.671196Z,1135648,2.858,#C C puts hands on lap,"Low body/hand motion, indicative of a resting or idle state.",r001,Gardening,silver,Gold,,293.5280394185429,2026-02-23T03:35:58.671232Z,0dedbbb0-d1a4-4231-a980-2b43acc08cb2
Object Transfer,2289.0,9.0,7,,2026-02-23T03:36:04.575407Z,1135649,1.606,#C C moves pebbles,"Logistics of moving pebbles, short bursts of hand activity.",r001,Gardening,silver,Gold,,413.6370394185429,2026-02-23T03:36:04.575440Z,0dedbbb0-d1a4-4231-a980-2b43acc08cb2
Search,2290.0,9.0,7,,2026-02-23T03:36:06.899346Z,1135650,1.181,#C C rotates the plant,"Head/Hand movement (rotation), likely for visual inspection.",r001,Gardening,silver,Gold,,531.7723727518763,2026-02-23T03:36:06.899381Z,0dedbbb0-d1a4-4231-a980-2b43acc08cb2
Search,2291.0,9.0,7,,2026-02-23T03:36:10.538602Z,1135651,2.86,#C C lifts plant leaves,"The action involves looking under plant leaves, which requires head and possibly hand movements to inspect but does not involve significant body movement.",r001,Gardening,silver,Gold,,744.7293582712241,2026-02-23T03:36:10.538634Z,0dedbbb0-d1a4-4231-a980-2b43acc08cb2
Stationary,2315.0,9.0,7,,2026-02-23T03:38:02.105385Z,1135652,107.673,#C C lifts right hand,The action describes a single hand movement which is likely isolated and does not involve continuous motion or high activity.,r001,Gardening,silver,Gold,,831.300358271224,2026-02-23T03:38:02.105399Z,0dedbbb0-d1a4-4231-a980-2b43acc08cb2
Stationary,2317.0,9.0,7,,2026-02-23T03:38:06.546421Z,1135653,2.826,#C C holds a cycling helmet,Holding an object without movement.,r001,Cooking,silver,Gold,,0.3256452666666666,2026-02-23T03:38:06.546435Z,0f39b336-3e41-4305-9325-bb9cd74b8146
Stationary,2318.0,9.0,7,,2026-02-23T03:38:09.662147Z,1135654,2.142,#C C turns a cycling helmet,Turning an object typically involves low body and hand motion.,r001,Cooking,silver,Gold,,1.1484852666666665,2026-02-23T03:38:09.662179Z,0f39b336-3e41-4305-9325-bb9cd74b8146
Stationary,2321.0,9.0,7,,2026-02-23T03:38:21.235601Z,1135655,2.71,#C C touches a bicycle,"Low body/hand motion, likely inspecting or touching the bicycle without moving it.",r001,Cooking,silver,Gold,,9.376495266666666,2026-02-23T03:38:21.235634Z,0f39b336-3e41-4305-9325-bb9cd74b8146
Locomotion,2326.0,9.0,7,,2026-02-23T03:38:28.645275Z,1135656,6.154,#C C stops a bicycle,Stopping involves body movement through space.,r001,Cooking,silver,Gold,,187.29794526666663,2026-02-23T03:38:28.645308Z,0f39b336-3e41-4305-9325-bb9cd74b8146
Object Transfer,2332.0,9.0,7,,2026-02-23T03:38:37.540103Z,1135657,7.845,#C C removes a food from a backpack,"Logistics step, moving an object from one place to another.",r001,Cooking,silver,Gold,,233.22405526666665,2026-02-23T03:38:37.540116Z,0f39b336-3e41-4305-9325-bb9cd74b8146
Search,2334.0,9.0,7,,2026-02-23T03:38:42.650304Z,1135658,3.512,#C C reads the label,"Head movement (reading), passive hands.",r001,Cooking,silver,Gold,,294.05069526666665,2026-02-23T03:38:42.650337Z,0f39b336-3e41-4305-9325-bb9cd74b8146
Object Transfer,2337.0,9.0,7,,2026-02-23T03:38:47.649627Z,1135659,4.082,#C C puts the electric jug down,Logistics step involving placing an object.,r001,Cooking,silver,Gold,,326.9606952666667,2026-02-23T03:38:47.649660Z,0f39b336-3e41-4305-9325-bb9cd74b8146
Object Transfer,2340.0,9.0,7,,2026-02-23T03:38:53.703430Z,1135660,3.654,#C C picks up the cup,Logistics step involving picking up an object.,r001,Cooking,silver,Gold,,409.5469852666667,2026-02-23T03:38:53.703473Z,0f39b336-3e41-4305-9325-bb9cd74b8146
Essential Operation,2344.0,9.0,7,,2026-02-23T03:39:01.606536Z,1135661,6.888,#C C scoops some #unsure,"Core task involving hand movement, likely scooping or transferring ingredients.",r001,Cooking,silver,Gold,,504.2146952666666,2026-02-23T03:39:01.606575Z,0f39b336-3e41-4305-9325-bb9cd74b8146
Object Transfer,2346.0,9.0,7,,2026-02-23T03:39:09.198581Z,1135662,4.789,#C C picks up the water,Logistics step involving picking up an object.,r001,Cooking,silver,Gold,,547.6026952666666,2026-02-23T03:39:09.198605Z,0f39b336-3e41-4305-9325-bb9cd74b8146
Stationary,2349.0,9.0,7,,2026-02-23T03:39:18.147804Z,1135663,5.09,#C C adjusts legs.,"Low body/hand motion, possibly adjusting posture while stationary.",r001,Cooking,silver,Gold,,565.5443952666666,2026-02-23T03:39:18.147837Z,0f39b336-3e41-4305-9325-bb9cd74b8146
Object Transfer,2355.0,9.0,7,,2026-02-23T03:39:28.607449Z,1135664,8.381,#C C operates a television with a remote control.,"Operating a remote control involves picking it up, pressing buttons, and potentially putting it down.",r001,Cooking,silver,Gold,,580.7150952666666,2026-02-23T03:39:28.607472Z,0f39b336-3e41-4305-9325-bb9cd74b8146
Search,2423.0,9.0,7,,2026-02-23T03:42:08.735060Z,1135665,158.634,#C C adjusts phone.,"Head movement (visual search), hands mostly still.",r001,Cooking,silver,Gold,,676.1729252666667,2026-02-23T03:42:08.735079Z,0f39b336-3e41-4305-9325-bb9cd74b8146
Stationary,2461.0,9.0,7,,2026-02-23T03:44:44.341244Z,1135666,5.232,#C C lifts the hand up,"Low body/hand motion, likely a preparatory or idle action.",r001,Cooking,silver,Gold,,851.6477852666666,2026-02-23T03:44:44.341258Z,0f39b336-3e41-4305-9325-bb9cd74b8146
Object Transfer,2465.0,9.0,7,,2026-02-23T03:44:50.278717Z,1135667,4.257,#C C picks the water bottle on the floor,Logistics step involving picking up an object.,r001,Cooking,silver,Gold,,944.6370352666664,2026-02-23T03:44:50.278750Z,0f39b336-3e41-4305-9325-bb9cd74b8146
Object Transfer,2469.0,9.0,7,,2026-02-23T03:44:57.198152Z,1135668,5.661,#C C picks up the mug,Logistics action involving picking up an object.,r001,Cooking,silver,Gold,,1336.3476619333333,2026-02-23T03:44:57.198183Z,0f39b336-3e41-4305-9325-bb9cd74b8146
Stationary,2799.0,9.0,7,,2026-02-23T04:05:19.976063Z,1135669,1221.59,#C C adjusts a chair.,Adjusting a chair involves minimal movement and is likely done while standing still.,r001,Cooking,silver,Gold,,2215.1409686,2026-02-23T04:05:19.976078Z,0f39b336-3e41-4305-9325-bb9cd74b8146
Stationary,2800.0,9.0,7,,2026-02-23T04:05:31.939482Z,1135670,10.652,#C C eats apple.,"Low body/hand motion, eating is a relatively stationary activity.",r001,Cooking,silver,Gold,,2243.1309686000004,2026-02-23T04:05:31.939495Z,0f39b336-3e41-4305-9325-bb9cd74b8146
Search,2808.0,9.0,7,Stationary,2026-02-23T04:05:51.680949Z,1135671,18.739,#C C adjusts camera on the head.,"Head movement (adjusting), hands mostly still.",r001,Cooking,silver,Bad,,2272.0402586,2026-02-23T04:05:51.680972Z,0f39b336-3e41-4305-9325-bb9cd74b8146
Object Transfer,2827.0,9.0,7,,2026-02-23T04:07:36.245605Z,1135672,103.386,#C C removes switch from the bag,Logistics step involving picking up or removing an object.,r001,Carpentry,silver,Gold,,12.52408,2026-02-23T04:07:36.245620Z,13dbccdf-ab84-42ee-ba1c-40cb158b8733
Object Transfer,2840.0,9.0,7,,2026-02-23T04:08:15.907527Z,1135673,18.127,#C C picks the switch part,Logistics step of picking up an object.,r001,Carpentry,silver,Gold,,15.07163,2026-02-23T04:08:15.907540Z,13dbccdf-ab84-42ee-ba1c-40cb158b8733
Search,2859.0,9.0,7,,2026-02-23T04:10:16.743833Z,1135674,116.734,#C C inspects a wire,"Head movement (inspection), hands mostly still.",r001,Carpentry,silver,Gold,,174.16555,2026-02-23T04:10:16.743848Z,13dbccdf-ab84-42ee-ba1c-40cb158b8733
Essential Operation,2864.0,9.0,7,,2026-02-23T04:10:31.688195Z,1135675,12.734,#C C fixes wire on the switch,Core task involving manual operation with hands.,r001,Carpentry,silver,Gold,,204.63287,2026-02-23T04:10:31.688209Z,13dbccdf-ab84-42ee-ba1c-40cb158b8733
Locomotion,2880.0,9.0,7,,2026-02-23T04:10:58.218851Z,1135676,23.756,#O a man X sweeps the floor,"Body moving through space while performing a sweeping action, indicating movement and potentially high body acceleration.",r001,Carpentry,silver,Gold,,394.59093,2026-02-23T04:10:58.218865Z,13dbccdf-ab84-42ee-ba1c-40cb158b8733
Stationary,2893.0,9.0,7,,2026-02-23T04:11:59.251284Z,1135677,56.76,#C C stares down,"Low body/hand motion, focused gaze.",r001,Carpentry,silver,Gold,,450.93552,2026-02-23T04:11:59.251298Z,13dbccdf-ab84-42ee-ba1c-40cb158b8733
Essential Operation,2894.0,9.0,7,,2026-02-23T04:12:17.409683Z,1135678,15.944,#C C fixes the wire,Core manual task involving high hand activity.,r001,Carpentry,silver,Gold,,514.4902999999999,2026-02-23T04:12:17.409698Z,13dbccdf-ab84-42ee-ba1c-40cb158b8733
Essential Operation,2899.0,9.0,7,,2026-02-23T04:12:27.970122Z,1135679,8.301,#C C fixes the switch,"[CtxFixed] The action of 'fixing the switch' is a deliberate attempt to correct or maintain functionality, which falls under the category of Essential Operation.",r001,Carpentry,silver,Gold,,638.6281666666666,2026-02-23T04:12:27.970155Z,13dbccdf-ab84-42ee-ba1c-40cb158b8733
Stationary,2910.0,9.0,7,,2026-02-23T04:12:54.173928Z,1135680,23.654,#C C kneels down,"The action of kneeling down is a change in posture, but it does not involve significant body or hand motion.",r001,Carpentry,silver,Gold,,682.2359366666667,2026-02-23T04:12:54.173950Z,13dbccdf-ab84-42ee-ba1c-40cb158b8733
Search,2911.0,9.0,7,,2026-02-23T04:13:05.282063Z,1135681,8.682,#C C inspects the switch,"Head movement (inspection), hands mostly still.",r001,Carpentry,silver,Gold,,773.2882466666667,2026-02-23T04:13:05.282086Z,13dbccdf-ab84-42ee-ba1c-40cb158b8733
Locomotion,2913.0,9.0,7,,2026-02-23T04:13:15.373133Z,1135682,8.39,#C C walks around the apartment,"Body moving through space, high body acceleration.",r001,Carpentry,silver,Gold,,918.2049966666666,2026-02-23T04:13:15.373167Z,13dbccdf-ab84-42ee-ba1c-40cb158b8733
Stationary,2920.0,9.0,7,,2026-02-23T04:13:35.958066Z,1135683,18.492,#C C holds the spirit level,"Low body/hand motion, holding an object without movement.",r001,Carpentry,silver,Gold,,978.7965066666668,2026-02-23T04:13:35.958091Z,13dbccdf-ab84-42ee-ba1c-40cb158b8733
Stationary,2925.0,9.0,7,,2026-02-23T04:13:48.210547Z,1135684,9.633,#C C holds spirit level on the wall,Low body/hand motion while holding the spirit level.,r001,Carpentry,silver,Gold,,980.8430466666666,2026-02-23T04:13:48.210584Z,13dbccdf-ab84-42ee-ba1c-40cb158b8733
Object Transfer,2933.0,9.0,7,,2026-02-23T04:14:11.669508Z,1135685,21.451,#C C puts spirit level down,Logistics step involving placing an object down.,r001,Carpentry,silver,Gold,,985.5620166666666,2026-02-23T04:14:11.669543Z,13dbccdf-ab84-42ee-ba1c-40cb158b8733
Locomotion,2940.0,9.0,7,,2026-02-23T04:14:44.926209Z,1135686,26.576,#O a man Y rides a horse,"The action describes movement through space, which corresponds to locomotion.",r001,Playing Instrument,silver,Gold,,18.54409,2026-02-23T04:14:44.926234Z,181cfd16-4777-43a3-a0b2-136b4a1cc348
Locomotion,2945.0,9.0,7,,2026-02-23T04:14:57.031975Z,1135687,7.912,#O a man X rides a horse,"The action involves movement through space, characteristic of locomotion.",r001,Playing Instrument,silver,Gold,,27.84,2026-02-23T04:14:57.032010Z,181cfd16-4777-43a3-a0b2-136b4a1cc348
Locomotion,2946.0,9.0,7,,2026-02-23T04:15:06.663782Z,1135688,7.391,#O a man U follows W,"[CtxFixed] The current action describes a man following another person, which is a form of movement or travel. Therefore, it fits best under the 'Locomotion' category.",r001,Playing Instrument,silver,Gold,,92.71731,2026-02-23T04:15:06.663815Z,181cfd16-4777-43a3-a0b2-136b4a1cc348
Stationary,2953.0,9.0,7,,2026-02-23T04:15:19.774785Z,1135689,10.015,#O a man X sits on a horse,"The action describes sitting on a horse, which is a stationary activity with minimal movement.",r001,Playing Instrument,silver,Gold,,263.05456,2026-02-23T04:15:19.774821Z,181cfd16-4777-43a3-a0b2-136b4a1cc348
Stationary,2959.0,9.0,7,,2026-02-23T04:15:37.041395Z,1135690,14.129,#O a lady O stands besides C,"The action describes a person standing still, indicating low body motion.",r001,Playing Instrument,silver,Gold,,409.13331,2026-02-23T04:15:37.041421Z,181cfd16-4777-43a3-a0b2-136b4a1cc348
Stationary,2973.0,9.0,7,,2026-02-23T04:16:04.352008Z,1135691,24.383,#O a man L sits on the car,"The action describes a person sitting, which is a low-energy, stationary activity.",r001,Playing Instrument,silver,Gold,,477.34719,2026-02-23T04:16:04.352022Z,181cfd16-4777-43a3-a0b2-136b4a1cc348
Locomotion,2977.0,9.0,7,,2026-02-23T04:16:12.001819Z,1135692,5.89,#O a man K walks around,The action describes movement through space.,r001,Playing Instrument,silver,Gold,,502.86,2026-02-23T04:16:12.001857Z,181cfd16-4777-43a3-a0b2-136b4a1cc348
Locomotion,2985.0,9.0,7,,2026-02-23T04:16:26.825586Z,1135693,9.405,#o a man V walks around the parking,"The action describes movement through space, indicating walking.",r001,Playing Instrument,silver,Gold,,617.1136133333333,2026-02-23T04:16:26.825601Z,181cfd16-4777-43a3-a0b2-136b4a1cc348
Stationary,2988.0,9.0,7,,2026-02-23T04:16:37.444534Z,1135694,8.437,#O a man U stands by the door of a car,"The action describes a person standing still, indicating low body and hand motion.",r001,Playing Instrument,silver,Gold,,670.5193833333333,2026-02-23T04:16:37.444549Z,181cfd16-4777-43a3-a0b2-136b4a1cc348
Locomotion,2991.0,9.0,7,,2026-02-23T04:16:46.148299Z,1135695,6.871,#O a man T walks around the parking,"The action describes movement through space, indicating walking.",r001,Playing Instrument,silver,Gold,,701.3459133333333,2026-02-23T04:16:46.148313Z,181cfd16-4777-43a3-a0b2-136b4a1cc348
Essential Operation,2998.0,9.0,7,,2026-02-23T04:17:04.022220Z,1135696,16.068,#C C cuts a piece of the tissue,Core task involving manual operation with hands.,r001,Cleaning,silver,Gold,,40.2020286,2026-02-23T04:17:04.022235Z,1cccdb19-2eb3-4ab7-ab74-58c9b425a68c
Object Transfer,3068.0,9.0,7,,2026-02-23T04:21:46.272943Z,1135697,33.187,#C C puts the bottle down,"Logistics/Setup step, putting an object down.",r001,Cleaning,silver,Gold,,109.9310286,2026-02-23T04:21:46.272958Z,1cccdb19-2eb3-4ab7-ab74-58c9b425a68c
Object Transfer,3073.0,9.0,7,,2026-02-23T04:22:03.198404Z,1135698,8.146,#C C Places the dead leaves on the table,Logistics step involving picking up and placing dead leaves.,r001,Cleaning,silver,Gold,,293.03474684388704,2026-02-23T04:22:03.198444Z,1cccdb19-2eb3-4ab7-ab74-58c9b425a68c
Essential Operation,3078.0,9.0,7,,2026-02-23T04:22:26.933121Z,1135699,21.731,#C C Separates the branches of the house plant,"Core manual task, high hand activity.",r001,Cleaning,silver,Gold,,374.9487768438871,2026-02-23T04:22:26.933154Z,1cccdb19-2eb3-4ab7-ab74-58c9b425a68c
Essential Operation,3085.0,9.0,7,,2026-02-23T04:22:49.358241Z,1135700,20.366,#C C Prunes the dead leaves of the house plant with a scissor,Core task involving manual dexterity with hands.,r001,Cleaning,silver,Gold,,400.6858368438871,2026-02-23T04:22:49.358265Z,1cccdb19-2eb3-4ab7-ab74-58c9b425a68c
Search,3151.0,9.0,7,Stationary,2026-02-23T04:27:26.890560Z,1135701,273.956,#C C Touches the house plant leaves,"Implies visual or tactile inspection, likely with head and/or hand movement.",r001,Cleaning,silver,Bad,,1133.1166971449218,2026-02-23T04:27:26.890575Z,1cccdb19-2eb3-4ab7-ab74-58c9b425a68c
Essential Operation,3153.0,9.0,7,,2026-02-23T04:27:46.274891Z,1135702,17.189,#C C Drains the water from the sick,"Core task involving manual operation, likely with high hand activity.",r001,Cleaning,silver,Gold,,1195.456077144922,2026-02-23T04:27:46.274904Z,1cccdb19-2eb3-4ab7-ab74-58c9b425a68c
Search,3165.0,9.0,7,,2026-02-23T04:28:27.164221Z,1135703,34.996,#C C looks on the flower pot.,Visual inspection or search related to head movement.,r001,Cleaning,silver,Gold,,1505.9962184684507,2026-02-23T04:28:27.164252Z,1cccdb19-2eb3-4ab7-ab74-58c9b425a68c
Search,3169.0,9.0,7,,2026-02-23T04:28:35.279579Z,1135704,6.289,#C C looks in the flower plant.,Visual search involving head movement.,r001,Cleaning,silver,Gold,,1609.3521484684509,2026-02-23T04:28:35.279613Z,1cccdb19-2eb3-4ab7-ab74-58c9b425a68c
Object Transfer,3180.0,9.0,7,,2026-02-23T04:30:00.566184Z,1135705,83.852,#C C puts #unsure on a sink top,Logistics step involving picking up and placing an object.,r001,Cleaning,silver,Gold,,1720.9119671449218,2026-02-23T04:30:00.566198Z,1cccdb19-2eb3-4ab7-ab74-58c9b425a68c
Object Transfer,3188.0,9.0,7,,2026-02-23T04:30:16.307848Z,1135706,8.329,#C C puts water in a bottle,Logistics action involving picking up and pouring water.,r001,Cleaning,silver,Gold,,1724.337457144922,2026-02-23T04:30:16.307881Z,1cccdb19-2eb3-4ab7-ab74-58c9b425a68c
Search,3189.0,9.0,7,,2026-02-23T04:30:25.848195Z,1135707,7.776,#C C looks at flowers,"Head movement (visual search), hands mostly still.",r001,Cleaning,silver,Gold,,1762.896357144922,2026-02-23T04:30:25.848231Z,1cccdb19-2eb3-4ab7-ab74-58c9b425a68c
Essential Operation,3204.0,9.0,7,,2026-02-23T04:30:50.552015Z,1135708,22.535,#C C pours water into a flower pot,Core manual task involving hand activity.,r001,Cleaning,silver,Gold,,1806.4118971449216,2026-02-23T04:30:50.552035Z,1cccdb19-2eb3-4ab7-ab74-58c9b425a68c
Object Transfer,3210.0,9.0,7,,2026-02-23T04:30:59.292176Z,1135709,5.818,#C C puts a notebook on a table,Logistics step of moving an item from one place to another.,r001,Cleaning,silver,Gold,,1820.0266171449216,2026-02-23T04:30:59.292210Z,1cccdb19-2eb3-4ab7-ab74-58c9b425a68c
Object Transfer,3213.0,9.0,7,,2026-02-23T04:31:08.720312Z,1135710,7.712,#C C moves a scissors on a table,Movement of an object from one place to another.,r001,Cleaning,silver,Gold,,1820.923467144922,2026-02-23T04:31:08.720345Z,1cccdb19-2eb3-4ab7-ab74-58c9b425a68c
Object Transfer,3219.0,9.0,7,,2026-02-23T04:31:21.513849Z,1135711,9.829,#C C moves a notebook,Logistics of moving an object from one place to another.,r001,Cleaning,silver,Gold,,1821.7943671449216,2026-02-23T04:31:21.513867Z,1cccdb19-2eb3-4ab7-ab74-58c9b425a68c
Object Transfer,3223.0,9.0,7,,2026-02-23T04:31:32.166316Z,1135712,8.759,#C C puts a bottle on a sink top,Logistics step involving picking up and placing the bottle.,r001,Cleaning,silver,Gold,,1859.5218571449216,2026-02-23T04:31:32.166350Z,1cccdb19-2eb3-4ab7-ab74-58c9b425a68c
Locomotion,3268.0,9.0,7,,2026-02-23T04:33:37.599660Z,1135713,124.005,#C C throws dirt on a table,"The action involves movement through space to throw dirt, which implies significant body acceleration.",r001,Cleaning,silver,Gold,,1908.5562272155312,2026-02-23T04:33:37.599695Z,1cccdb19-2eb3-4ab7-ab74-58c9b425a68c
Locomotion,3278.0,9.0,7,,2026-02-23T04:33:49.189689Z,1135714,9.686,#C C walks towards flowers,Body moving through space (walking).,r001,Cleaning,silver,Gold,,2027.569527215532,2026-02-23T04:33:49.189703Z,1cccdb19-2eb3-4ab7-ab74-58c9b425a68c
Stationary,3295.0,9.0,7,,2026-02-23T04:34:20.710358Z,1135715,29.769,#C C shakes a water bottle,Shaking a water bottle is a relatively low-energy activity with minimal body movement.,r001,Cleaning,silver,Gold,,2037.437677215531,2026-02-23T04:34:20.710372Z,1cccdb19-2eb3-4ab7-ab74-58c9b425a68c
Object Transfer,3299.0,9.0,7,,2026-02-23T04:34:33.189281Z,1135716,7.499,#C C puts towel on a board,Logistics step involving picking up and placing the towel.,r001,Cleaning,silver,Gold,,2050.039137215532,2026-02-23T04:34:33.189309Z,1cccdb19-2eb3-4ab7-ab74-58c9b425a68c
Stationary,3317.0,9.0,7,,2026-02-23T04:35:00.531060Z,1135717,25.633,#C C touches a flower,"Low body/hand motion, likely involves gentle touch.",r001,Cleaning,silver,Gold,,2088.500047215531,2026-02-23T04:35:00.531084Z,1cccdb19-2eb3-4ab7-ab74-58c9b425a68c
Stationary,3321.0,9.0,7,,2026-02-23T04:35:07.335225Z,1135718,4.906,#C C touches a leaf,"Low body/hand motion, likely involves light contact or inspection.",r001,Cleaning,silver,Gold,,2110.495557215532,2026-02-23T04:35:07.335239Z,1cccdb19-2eb3-4ab7-ab74-58c9b425a68c
Object Transfer,3324.0,9.0,7,,2026-02-23T04:35:14.278943Z,1135719,5.101,#C C picks a bottle from a sink top,Logistics step involving picking up an object.,r001,Cleaning,silver,Gold,,2132.0500205488647,2026-02-23T04:35:14.278958Z,1cccdb19-2eb3-4ab7-ab74-58c9b425a68c
Object Transfer,3330.0,9.0,7,,2026-02-23T04:35:24.383835Z,1135720,7.969,#C C picks dirt from a flower pot,Logistics step involving picking up an object.,r001,Cleaning,silver,Gold,,2262.553367284896,2026-02-23T04:35:24.383868Z,1cccdb19-2eb3-4ab7-ab74-58c9b425a68c
Object Transfer,3339.0,9.0,7,,2026-02-23T04:35:34.495333Z,1135721,8.334,#C C picks a sprayer bottle,Logistics action involving picking up an object.,r001,Cleaning,silver,Gold,,2319.523237284896,2026-02-23T04:35:34.495347Z,1cccdb19-2eb3-4ab7-ab74-58c9b425a68c
Object Transfer,3349.0,9.0,7,,2026-02-23T04:35:46.337761Z,1135722,10.098,#C C lowers a sprayer bottle,"The action involves the logistics of lowering an object, which corresponds to short bursts of hand acceleration.",r001,Cleaning,silver,Gold,,2366.648687284896,2026-02-23T04:35:46.337793Z,1cccdb19-2eb3-4ab7-ab74-58c9b425a68c
Stationary,3353.0,9.0,7,,2026-02-23T04:35:53.211047Z,1135723,5.11,#C C touches leaves,"Low body/hand motion, likely involves gentle touch.",r001,Cleaning,silver,Gold,,2439.180457284896,2026-02-23T04:35:53.211063Z,1cccdb19-2eb3-4ab7-ab74-58c9b425a68c
Stationary,3365.0,9.0,7,,2026-02-23T04:36:32.631958Z,1135724,37.639,#C C holds the jug with her hand,The action describes holding an object without any significant movement.,r001,Desk Work,silver,Gold,,348.9970809546634,2026-02-23T04:36:32.631981Z,1da50887-dd33-4644-9377-1bf855b86ffd
Stationary,3366.0,9.0,7,,2026-02-23T04:36:41.029401Z,1135725,6.667,#C C touches his face with his hand,"Low body/hand motion, likely idle or thinking.",r001,Desk Work,silver,Gold,,505.04013095466337,2026-02-23T04:36:41.029434Z,1da50887-dd33-4644-9377-1bf855b86ffd
Locomotion,3378.0,9.0,7,,2026-02-23T04:37:11.383619Z,1135726,25.278,#c c moves the bicycle in a corner,Body moving through space to place the bicycle in a corner.,r001,Desk Work,silver,Gold,,16.8652786,2026-02-23T04:37:11.383633Z,1e5cd1c1-7023-4800-b743-16a9c2753ac2
Essential Operation,3389.0,9.0,7,,2026-02-23T04:37:45.303705Z,1135727,31.922,#C C peels the brussels sprouts,Core task involving fine manual dexterity and repetitive motion.,r001,Cooking,silver,Gold,,121.0949386,2026-02-23T04:37:45.303720Z,1ead2ccf-0c67-41e7-88d3-de7ecd0c8c7c
Essential Operation,3397.0,9.0,7,,2026-02-23T04:38:03.277344Z,1135728,13.598,#C C chops the brussels sprouts,Core task involving repetitive hand movements.,r001,Cooking,silver,Gold,,175.85960859999997,2026-02-23T04:38:03.277358Z,1ead2ccf-0c67-41e7-88d3-de7ecd0c8c7c
Object Transfer,3406.0,9.0,7,,2026-02-23T04:38:21.480638Z,1135729,10.315,#C C puts the brussels sprouts in a storage container,Logistics step involving picking up and placing an object.,r001,Cooking,silver,Gold,,222.3715186,2026-02-23T04:38:21.480656Z,1ead2ccf-0c67-41e7-88d3-de7ecd0c8c7c
Object Transfer,3409.0,9.0,7,,2026-02-23T04:38:31.995441Z,1135730,8.771,#C C picks a cooking oil from the cabinet,Logistics step involving picking up an object.,r001,Cooking,silver,Gold,,266.9590086,2026-02-23T04:38:31.995465Z,1ead2ccf-0c67-41e7-88d3-de7ecd0c8c7c
Stationary,3446.0,9.0,7,Essential Operation,2026-02-23T04:40:38.712810Z,1135731,125.031,#C C sprinkles salt on the brussels sprouts,"Low body/hand motion, fine motor activity.",r001,Cooking,silver,Bad,,306.20106860000004,2026-02-23T04:40:38.712825Z,1ead2ccf-0c67-41e7-88d3-de7ecd0c8c7c
Stationary,3469.0,9.0,7,,2026-02-23T04:42:24.354459Z,1135732,26.375,#C C holds the bottle of cooking oil,"Low body/hand motion, holding an object without active manipulation.",r001,Cooking,silver,Gold,,335.79605860000004,2026-02-23T04:42:24.354491Z,1ead2ccf-0c67-41e7-88d3-de7ecd0c8c7c
Object Transfer,3499.0,9.0,7,Essential Operation,2026-02-23T04:43:21.587281Z,1135733,55.613,#C C opens the packet of walnut with a pair of scissors,Logistics step involving opening an item.,r001,Cooking,silver,Bad,,377.11435860000006,2026-02-23T04:43:21.587315Z,1ead2ccf-0c67-41e7-88d3-de7ecd0c8c7c
Locomotion,3507.0,9.0,7,,2026-02-23T04:43:47.935122Z,1135734,24.655,#C C gets into the house,Body moving through space (entering the house).,r001,Cooking,silver,Gold,,565.5357481394766,2026-02-23T04:43:47.935145Z,1ead2ccf-0c67-41e7-88d3-de7ecd0c8c7c
Object Transfer,3530.0,9.0,7,,2026-02-23T04:44:23.884844Z,1135735,33.545,#C C clears the food from the chopping board,Logistics step involving picking up and moving objects.,r001,Cooking,silver,Gold,,658.0466681394765,2026-02-23T04:44:23.884861Z,1ead2ccf-0c67-41e7-88d3-de7ecd0c8c7c
Essential Operation,3534.0,9.0,7,,2026-02-23T04:44:31.651815Z,1135736,6.092,#C C chops the leaves with a knife,Core task involving repetitive hand movements.,r001,Cooking,silver,Gold,,825.7685776136719,2026-02-23T04:44:31.651855Z,1ead2ccf-0c67-41e7-88d3-de7ecd0c8c7c
Object Transfer,3575.0,9.0,7,,2026-02-23T04:45:31.527389Z,1135737,54.259,#C C closes the margarine,"Closing an object, a logistics step involving short bursts of hand activity.",r001,Cooking,silver,Gold,,1203.759637613672,2026-02-23T04:45:31.527405Z,1ead2ccf-0c67-41e7-88d3-de7ecd0c8c7c
Stationary,3594.0,9.0,7,,2026-02-23T04:46:31.196676Z,1135738,57.538,#C C rubs her hands,"Low body/hand motion, likely idle action.",r001,Cooking,silver,Gold,,1420.1611956827053,2026-02-23T04:46:31.196691Z,1ead2ccf-0c67-41e7-88d3-de7ecd0c8c7c
Object Transfer,3602.0,9.0,7,,2026-02-23T04:46:46.120559Z,1135739,10.833,#C C moves the cable tie from beneath the packet of cable tie.,Logistics/Setup step involving moving an object.,r001,Carpentry,silver,Gold,,28.4942996,2026-02-23T04:46:46.120575Z,1fb7b18b-03a7-4a3a-a795-a2da80be3c56
Object Transfer,3633.0,9.0,7,,2026-02-23T04:48:20.513514Z,1135740,79.123,#C C drops the cable tie on the table.,Refined via regex fallback,r001,Carpentry,silver,Gold,,29.219199600000003,2026-02-23T04:48:20.513531Z,1fb7b18b-03a7-4a3a-a795-a2da80be3c56
Stationary,3638.0,9.0,7,,2026-02-23T04:48:31.527334Z,1135741,8.819,#C C touches the cables.,"Low body/hand motion, likely involves fine motor skills or inspection.",r001,Carpentry,silver,Gold,,76.8918396,2026-02-23T04:48:31.527348Z,1fb7b18b-03a7-4a3a-a795-a2da80be3c56
Object Transfer,3668.0,9.0,7,,2026-02-23T04:49:55.308603Z,1135742,60.845,#C C drops the digital multimeter with the cable in the shelf.,Refined via regex fallback,r001,Carpentry,silver,Gold,,80.2362696,2026-02-23T04:49:55.308620Z,1fb7b18b-03a7-4a3a-a795-a2da80be3c56
Object Transfer,3678.0,9.0,7,,2026-02-23T04:50:17.389888Z,1135743,17.368,#C C picks up the cable.,"The action involves picking up an object, which is a logistics step.",r001,Carpentry,silver,Gold,,122.9691496,2026-02-23T04:50:17.389912Z,1fb7b18b-03a7-4a3a-a795-a2da80be3c56
Locomotion,3681.0,9.0,7,,2026-02-23T04:50:37.628823Z,1135744,14.609,#C C moves towards the table.,Body moving through space to reach the table.,r001,Carpentry,silver,Gold,,224.8996296,2026-02-23T04:50:37.628846Z,1fb7b18b-03a7-4a3a-a795-a2da80be3c56
Object Transfer,3691.0,9.0,7,,2026-02-23T04:51:07.970572Z,1135745,26.282,#C C drops the cable ties on the table.,Refined via regex fallback,r001,Carpentry,silver,Gold,,231.0077396,2026-02-23T04:51:07.970604Z,1fb7b18b-03a7-4a3a-a795-a2da80be3c56
Stationary,3695.0,9.0,7,,2026-02-23T04:51:15.504675Z,1135746,5.978,#C C holds cable ties with his left hand.,"Low body/hand motion, holding an object without movement.",r001,Carpentry,silver,Gold,,332.8650009546634,2026-02-23T04:51:15.504707Z,1fb7b18b-03a7-4a3a-a795-a2da80be3c56
Stationary,3698.0,9.0,7,,2026-02-23T04:51:21.492443Z,1135747,4.477,#C C holds the cable tie with his left hand.,The action describes a holding position which involves minimal movement.,r001,Carpentry,silver,Gold,,347.7291409546634,2026-02-23T04:51:21.492483Z,1fb7b18b-03a7-4a3a-a795-a2da80be3c56
Stationary,4222.0,9.0,7,,2026-02-23T14:54:35.366392Z,1135748,255.619,#C C touches the top of the cable tie with his left hand.,"Low body/hand motion, likely inspection or preparation.",r001,Carpentry,silver,Gold,,360.2539709546634,2026-02-23T14:54:35.366406Z,1fb7b18b-03a7-4a3a-a795-a2da80be3c56
Essential Operation,4223.0,9.0,7,Stationary,2026-02-23T14:55:27.660441Z,1135749,49.717,#C C writes on the cable tie with the pen.,Core task involving fine motor skills and high hand activity.,r001,Carpentry,silver,Gold,,367.1400109546634,2026-02-23T14:55:27.660456Z,1fb7b18b-03a7-4a3a-a795-a2da80be3c56
Stationary,4224.0,9.0,7,,2026-02-23T14:55:47.108924Z,1135750,16.476,#C C shuffles the cards while talking,"Low body/hand motion, primarily involves hand shuffling and talking.",r001,Playing Instrument,silver,Gold,,6.4709886,2026-02-23T14:55:47.108937Z,2090d1c2-8308-4966-b903-e860b498f4e3
Stationary,4225.0,9.0,7,,2026-02-23T14:55:56.206598Z,1135751,7.316,#C C takes his cards and talks,"The action involves holding cards and talking, which are low-energy activities.",r001,Playing Instrument,silver,Gold,,142.71816859999998,2026-02-23T14:55:56.206631Z,2090d1c2-8308-4966-b903-e860b498f4e3
Stationary,4226.0,9.0,7,,2026-02-23T14:56:07.227999Z,1135752,9.355,#O O rolls the dices and talks,"Low body/hand motion, primarily verbal interaction.",r001,Playing Instrument,silver,Gold,,255.0223086,2026-02-23T14:56:07.228014Z,2090d1c2-8308-4966-b903-e860b498f4e3
Stationary,4227.0,9.0,7,,2026-02-23T14:56:15.764895Z,1135753,6.756,#O O writes something down while talking,"Low body/hand motion, indicating a stationary activity like writing and talking.",r001,Playing Instrument,silver,Gold,,268.1100586,2026-02-23T14:56:15.764925Z,2090d1c2-8308-4966-b903-e860b498f4e3
Stationary,4228.0,9.0,7,,2026-02-23T14:56:27.791985Z,1135754,10.46,#C C plays the game while talking,"Low body/hand motion, implies idle or talking activity.",r001,Playing Instrument,silver,Gold,,302.18268868278113,2026-02-23T14:56:27.791999Z,2090d1c2-8308-4966-b903-e860b498f4e3
Object Transfer,4229.0,9.0,7,,2026-02-23T14:56:47.820757Z,1135755,15.385,#x x puts pawn on board,Logistics step involving placing an object.,r001,Playing Instrument,silver,Gold,,571.0140921677084,2026-02-23T14:56:47.820772Z,2090d1c2-8308-4966-b903-e860b498f4e3
Stationary,4230.0,9.0,7,,2026-02-23T14:56:55.457636Z,1135756,5.589,#x x shuffles cards,Shuffling cards is typically done with one hand while the other hand and body remain relatively stationary.,r001,Playing Instrument,silver,Gold,,634.4831921677084,2026-02-23T14:56:55.457669Z,2090d1c2-8308-4966-b903-e860b498f4e3
Stationary,4231.0,9.0,7,,2026-02-23T14:57:02.619144Z,1135757,5.461,#x x writes,"Low body/hand motion, indicative of a writing activity.",r001,Playing Instrument,silver,Gold,,749.7050221677084,2026-02-23T14:57:02.619158Z,2090d1c2-8308-4966-b903-e860b498f4e3
Object Transfer,4232.0,9.0,7,,2026-02-23T14:57:43.193698Z,1135758,38.983,#O A lady D picks the dice.,"The action involves picking up an object, which is a logistics step.",r001,Playing Instrument,silver,Gold,,804.6646731540364,2026-02-23T14:57:43.193712Z,2090d1c2-8308-4966-b903-e860b498f4e3
Search,4233.0,9.0,7,,2026-02-23T14:57:52.357130Z,1135759,7.437,#O A lady D looks at the paper.,"Head movement (visual search), hands mostly still.",r001,Playing Instrument,silver,Gold,,807.7912231540365,2026-02-23T14:57:52.357162Z,2090d1c2-8308-4966-b903-e860b498f4e3
Search,4234.0,9.0,7,,2026-02-23T14:58:00.289796Z,1135760,5.649,#O A lady D looks at the chart.,"Head movement (visual search), hands mostly still.",r001,Playing Instrument,silver,Gold,,812.7390831540365,2026-02-23T14:58:00.289828Z,2090d1c2-8308-4966-b903-e860b498f4e3
Essential Operation,4235.0,9.0,7,,2026-02-23T15:03:02.295395Z,1135761,299.597,#O A lady D moves the hand.,Playing an instrument involves high hand activity.,r001,Playing Instrument,silver,Gold,,819.5675331540365,2026-02-23T15:03:02.295408Z,2090d1c2-8308-4966-b903-e860b498f4e3
Object Transfer,4236.0,9.0,7,,2026-02-23T15:03:21.264284Z,1135762,15.651,#C C opens the dishwasher,Logistics action involving opening a drawer or container.,r001,Cooking,silver,Gold,,422.1618609546634,2026-02-23T15:03:21.264309Z,21247536-db56-454f-8781-133fbfabe60b
Essential Operation,4237.0,9.0,7,,2026-02-23T15:04:14.767318Z,1135763,49.223,#C C scrapes the wood glue from woodwork with chisel.,Core manual task involving high hand activity.,r001,Carpentry,silver,Gold,,3.93271,2026-02-23T15:04:14.767331Z,22a3ba4e-c70d-4905-b40f-f8dcfcee5835
Stationary,4238.0,9.0,7,,2026-02-23T15:04:24.310749Z,1135764,8.002,#C C rubs his thumb with his other fingers,"Low body/hand motion, likely idle or contemplative action.",r001,Carpentry,silver,Gold,,70.83141,2026-02-23T15:04:24.310782Z,22a3ba4e-c70d-4905-b40f-f8dcfcee5835
Object Transfer,4239.0,9.0,7,,2026-02-23T15:05:07.876567Z,1135765,41.516,#C C takes wood glue from the top of the black box with the chisel.,Logistics step involving picking up and moving an object.,r001,Carpentry,silver,Gold,,121.99932,2026-02-23T15:05:07.876582Z,22a3ba4e-c70d-4905-b40f-f8dcfcee5835
Object Transfer,4240.0,9.0,7,,2026-02-23T15:05:19.185223Z,1135766,9.445,#C C picks up the chisel on the woodwork,Logistics step of picking up the chisel.,r001,Carpentry,silver,Gold,,195.16363,2026-02-23T15:05:19.185254Z,22a3ba4e-c70d-4905-b40f-f8dcfcee5835
Essential Operation,4241.0,9.0,7,,2026-02-23T15:05:33.410828Z,1135767,12.395,#C C applies the wood glue on the woodwork with the chisel,Core task involving high hand activity and precision.,r001,Carpentry,silver,Gold,,226.97655,2026-02-23T15:05:33.410851Z,22a3ba4e-c70d-4905-b40f-f8dcfcee5835
Essential Operation,4242.0,9.0,7,,2026-02-23T15:05:45.927397Z,1135768,10.836,#C C shifts the gear with left hand,Core manual task involving high hand activity.,r001,Mechanical Repair,silver,Gold,,0.9380286,2026-02-23T15:05:45.927411Z,267aa640-f3d0-4288-96b2-6ecf32b23198
Locomotion,4243.0,9.0,7,,2026-02-23T15:06:32.061228Z,1135769,44.488,#C C steers the car forward,"Body moving through space, involves movement of the car.",r001,Mechanical Repair,silver,Gold,,250.0870286,2026-02-23T15:06:32.061243Z,267aa640-f3d0-4288-96b2-6ecf32b23198
Object Transfer,4244.0,9.0,7,,2026-02-23T15:07:10.696235Z,1135770,34.291,#C C lets go of the gear lever with left hand,"The action involves a hand letting go of an object, which is part of the logistics process.",r001,Mechanical Repair,silver,Gold,,306.2910273792969,2026-02-23T15:07:10.696249Z,267aa640-f3d0-4288-96b2-6ecf32b23198
Stationary,4245.0,9.0,7,Object Transfer,2026-02-23T15:07:29.545798Z,1135771,29.633000000000003,#O lady A picks a playing card,"The action described is picking a card, which involves minimal body movement.",r001,Playing Instrument,silver,Gold,,11.2740286,2026-02-23T15:08:58.486472Z,26a56478-0c95-49b7-bb5e-1caef7750633
Object Transfer,4246.0,9.0,7,Stationary,2026-02-23T15:07:40.759706Z,1135772,17.61,#C C picks a playing card,Logistics/Setup step (picking up an object).,r001,Playing Instrument,silver,Gold,,173.8610286,2026-02-23T15:09:09.084633Z,26a56478-0c95-49b7-bb5e-1caef7750633
Object Transfer,4247.0,9.0,7,,2026-02-23T15:09:49.593954Z,1135773,7.295,#O woman X moves a card,"The action involves moving an object (card), which is a logistics step.",r001,Playing Instrument,silver,Gold,,823.5443655954427,2026-02-23T15:09:49.593968Z,26a56478-0c95-49b7-bb5e-1caef7750633
Stationary,4248.0,9.0,7,,2026-02-23T15:11:35.140790Z,1135774,103.723,#C C plays labyrinth board game,Playing a board game typically involves minimal body movement and is more about cognitive engagement and hand movements on a relatively small scale.,r001,Playing Instrument,silver,Gold,,110.1642886,2026-02-23T15:11:35.140805Z,271d7528-09b8-4649-bb55-183a94d6a626
Stationary,4249.0,9.0,7,,2026-02-23T15:11:46.236981Z,1135775,9.242,#O man X touches the labyrinth board game,"Low body/hand motion, likely involves minimal movement.",r001,Playing Instrument,silver,Gold,,251.9372686,2026-02-23T15:11:46.237015Z,271d7528-09b8-4649-bb55-183a94d6a626
Stationary,4250.0,9.0,7,,2026-02-23T15:11:55.064495Z,1135776,7.204,#O man X holds labyrinth board game piece,"The action describes holding an object, which involves minimal movement.",r001,Playing Instrument,silver,Gold,,411.0929172476537,2026-02-23T15:11:55.064511Z,271d7528-09b8-4649-bb55-183a94d6a626
Stationary,4251.0,9.0,7,,2026-02-23T15:12:05.257323Z,1135777,8.446,#O man X plays labyrinth board game,"Low body/hand motion, likely involves holding the game board and pieces.",r001,Playing Instrument,silver,Gold,,556.0303521677084,2026-02-23T15:12:05.257356Z,271d7528-09b8-4649-bb55-183a94d6a626
Object Transfer,4252.0,9.0,7,,2026-02-23T15:12:25.043132Z,1135778,12.995,#O man X puts down the card,"The action involves putting down an object, which is a logistics step.",r001,Playing Instrument,silver,Gold,,756.4345121677084,2026-02-23T15:12:25.043165Z,271d7528-09b8-4649-bb55-183a94d6a626
Stationary,4253.0,9.0,7,,2026-02-23T15:12:41.212764Z,1135779,10.99,#O B plays the labyrinth board game,Playing a board game typically involves minimal body movement and is a stationary activity.,r001,Playing Instrument,silver,Gold,,1395.1518063038593,2026-02-23T15:12:41.212797Z,271d7528-09b8-4649-bb55-183a94d6a626
Object Transfer,4254.0,9.0,7,,2026-02-23T15:12:53.048182Z,1135780,9.759,#C C picks a microfiber towel,Logistics step of picking up an object.,r001,Mechanical Repair,silver,Gold,,11.8718286,2026-02-23T15:12:53.048200Z,29928d46-5209-4d00-9fbf-b5c056845ded
Search,4255.0,9.0,7,,2026-02-23T15:13:00.371187Z,1135781,5.462,#C C looks at the microfiber towel,"Head movement (visual inspection), hands mostly still.",r001,Mechanical Repair,silver,Gold,,39.6904886,2026-02-23T15:13:00.371219Z,29928d46-5209-4d00-9fbf-b5c056845ded
Essential Operation,4256.0,9.0,7,,2026-02-23T15:13:37.676756Z,1135782,35.714,#C C wipes the bicycle with serviette,Core task involving manual activity with hands.,r001,Mechanical Repair,silver,Gold,,340.9971587027318,2026-02-23T15:13:37.676770Z,29928d46-5209-4d00-9fbf-b5c056845ded
Essential Operation,4257.0,9.0,7,,2026-02-23T15:14:16.928667Z,1135783,37.5,#C C scrubs the tin,Core manual task involving high hand activity.,r001,Cleaning,silver,Gold,,26.578629600000003,2026-02-23T15:14:16.928680Z,2af3d6a1-36bf-48b5-a272-c03a960c608e
Essential Operation,4258.0,9.0,7,,2026-02-23T15:14:30.336820Z,1135784,2.823,#C C rinses the tin,Core manual task involving hand activity.,r001,Cleaning,silver,Gold,,40.4928496,2026-02-23T15:14:30.336861Z,2af3d6a1-36bf-48b5-a272-c03a960c608e
Object Transfer,4259.0,9.0,7,,2026-02-23T15:14:37.477732Z,1135785,5.402,#C C puts the tin down,Logistics step of placing an object down.,r001,Cleaning,silver,Gold,,51.8468196,2026-02-23T15:14:37.477764Z,2af3d6a1-36bf-48b5-a272-c03a960c608e
Essential Operation,4260.0,9.0,7,,2026-02-23T15:14:55.060356Z,1135786,11.305,#C C scrubs the spoon,Core task involving high hand activity.,r001,Cleaning,silver,Gold,,63.417339600000005,2026-02-23T15:14:55.060369Z,2af3d6a1-36bf-48b5-a272-c03a960c608e
Essential Operation,4261.0,9.0,7,,2026-02-23T15:15:38.766685Z,1135787,41.839,#C C wipes the hand with the towel,"Core cleaning task, high hand activity.",r001,Cleaning,silver,Gold,,272.96569960000005,2026-02-23T15:15:38.766699Z,2af3d6a1-36bf-48b5-a272-c03a960c608e
Search,4262.0,9.0,7,Object Transfer,2026-02-23T15:18:09.760088Z,1135788,110.546,#C C Moves the knife under the light,"Head movement (visual search), hands mostly still.",r001,Mechanical Repair,silver,Bad,,112.2981986,2026-02-23T15:18:09.760103Z,2fa81cfe-e0d4-42e5-be39-e14287215bd2
Search,4263.0,9.0,7,,2026-02-23T15:18:32.413110Z,1135789,5.63,#C C Looks at the knife,"Head movement (visual inspection), hands mostly still.",r001,Mechanical Repair,silver,Gold,,133.04156859999998,2026-02-23T15:18:32.413125Z,2fa81cfe-e0d4-42e5-be39-e14287215bd2
Essential Operation,4264.0,9.0,7,,2026-02-23T15:18:45.861042Z,1135790,9.89,#C C Sharpens the hammer,Core manual task involving high hand activity.,r001,Mechanical Repair,silver,Gold,,181.2472786,2026-02-23T15:18:45.861075Z,2fa81cfe-e0d4-42e5-be39-e14287215bd2
Object Transfer,4265.0,9.0,7,,2026-02-23T15:18:58.058677Z,1135791,10.436,#C C picks up the brush from the wall,Logistics step of picking up an object.,r001,Mechanical Repair,silver,Gold,,267.6184292852933,2026-02-23T15:18:58.058692Z,2fa81cfe-e0d4-42e5-be39-e14287215bd2
Search,4266.0,9.0,7,,2026-02-23T15:19:12.878032Z,1135792,10.398,#C C checks the knife,"Head movement (visual inspection), hands mostly still.",r001,Mechanical Repair,silver,Gold,,349.2748392852933,2026-02-23T15:19:12.878045Z,2fa81cfe-e0d4-42e5-be39-e14287215bd2
Essential Operation,4267.0,9.0,7,,2026-02-23T15:19:22.896676Z,1135793,7.78,#C C sharpens the knife on the electric knife sharpener,Core manual task involving high hand activity.,r001,Mechanical Repair,silver,Gold,,352.5669292852933,2026-02-23T15:19:22.896709Z,2fa81cfe-e0d4-42e5-be39-e14287215bd2
Object Transfer,4268.0,9.0,7,Essential Operation,2026-02-23T15:19:59.730292Z,1135794,35.179,#C C wraps the towel around the knife,"Wrapping an object (towel around knife), involves picking up and placing the towel around the knife.",r001,Mechanical Repair,silver,Bad,,572.8812076136719,2026-02-23T15:19:59.730326Z,2fa81cfe-e0d4-42e5-be39-e14287215bd2
Object Transfer,4269.0,9.0,7,,2026-02-23T15:20:11.380884Z,1135795,8.08,#C C puts file in the drawer,"Logistics/Setup step, involving placing an object.",r001,Mechanical Repair,silver,Gold,,617.841727613672,2026-02-23T15:20:11.380898Z,2fa81cfe-e0d4-42e5-be39-e14287215bd2
Object Transfer,4270.0,9.0,7,,2026-02-23T15:20:28.191556Z,1135796,14.61,#C C puts down the file,Logistics step of placing an object down.,r001,Mechanical Repair,silver,Gold,,721.556247613672,2026-02-23T15:20:28.191589Z,2fa81cfe-e0d4-42e5-be39-e14287215bd2
Stationary,4271.0,9.0,7,,2026-02-23T15:20:47.848494Z,1135797,17.333,#C C adjusts the light,Adjusting the light likely involves fine-tuning with minimal body movement.,r001,Mechanical Repair,silver,Gold,,901.8369782617305,2026-02-23T15:20:47.848508Z,2fa81cfe-e0d4-42e5-be39-e14287215bd2
Essential Operation,4272.0,9.0,7,,2026-02-23T15:21:07.750337Z,1135798,10.2,#C C polishes the knife,Core manual task involving high hand activity.,r001,Mechanical Repair,silver,Gold,,994.9942782617304,2026-02-23T15:21:07.750370Z,2fa81cfe-e0d4-42e5-be39-e14287215bd2
Search,4273.0,9.0,7,Stationary,2026-02-23T15:21:57.283536Z,1135799,47.021,#C C touches the #unsure,"[CtxFixed] The action of touching an object typically indicates an attempt to identify or locate something, which falls under the 'Search' category.",r001,Mechanical Repair,silver,Gold,,1059.8957882617306,2026-02-23T15:21:57.283571Z,2fa81cfe-e0d4-42e5-be39-e14287215bd2
Essential Operation,4274.0,9.0,7,,2026-02-23T15:22:10.720925Z,1135800,10.127,#C C smoothens the knife with sandpaper,Core task involving manual effort with high hand activity.,r001,Mechanical Repair,silver,Gold,,1281.1971071449218,2026-02-23T15:22:10.720962Z,2fa81cfe-e0d4-42e5-be39-e14287215bd2
Object Transfer,4275.0,9.0,7,,2026-02-23T15:22:20.906230Z,1135801,8.348,#C C puts knife down,"Action involves placing an object down, which is a logistics step.",r001,Mechanical Repair,silver,Gold,,1354.1042671449218,2026-02-23T15:22:20.906261Z,2fa81cfe-e0d4-42e5-be39-e14287215bd2
Search,4276.0,9.0,7,,2026-02-23T15:22:43.964180Z,1135802,21.08,#C C runs finger on the knife,Checking the condition of the knife with minimal hand movement.,r001,Mechanical Repair,silver,Gold,,1427.5493372477476,2026-02-23T15:22:43.964193Z,2fa81cfe-e0d4-42e5-be39-e14287215bd2
Object Transfer,4277.0,9.0,7,,2026-02-23T15:22:55.393464Z,1135803,8.006,#C C lifts up knife,"Action involves picking up an object, which is a logistics step.",r001,Mechanical Repair,silver,Gold,,1458.0668672477475,2026-02-23T15:22:55.393480Z,2fa81cfe-e0d4-42e5-be39-e14287215bd2
Essential Operation,4278.0,9.0,7,,2026-02-23T15:23:04.241145Z,1135804,7.13,#C C uses sandpaper to polish knife,Core manual task involving high hand activity.,r001,Mechanical Repair,silver,Gold,,1459.9068172477475,2026-02-23T15:23:04.241163Z,2fa81cfe-e0d4-42e5-be39-e14287215bd2
Object Transfer,4279.0,9.0,7,,2026-02-23T15:23:31.695936Z,1135805,21.374,#C C opens box,Logistics/Setup step involving opening a box.,r001,Mechanical Repair,silver,Gold,,1502.0262672477477,2026-02-23T15:23:31.695950Z,2fa81cfe-e0d4-42e5-be39-e14287215bd2
Object Transfer,4280.0,9.0,7,,2026-02-23T15:24:10.192342Z,1135806,11.563,#C C picks up #unsure,Logistics action of picking up an object.,r001,Mechanical Repair,silver,Gold,,1577.4228872477474,2026-02-23T15:24:10.192360Z,2fa81cfe-e0d4-42e5-be39-e14287215bd2
Essential Operation,4281.0,9.0,7,,2026-02-23T15:24:24.266495Z,1135807,9.32,#C C grinds #unsure,Core manual task involving high hand activity.,r001,Mechanical Repair,silver,Gold,,1594.1418772477475,2026-02-23T15:24:24.266530Z,2fa81cfe-e0d4-42e5-be39-e14287215bd2
Essential Operation,4755.0,9.0,7,,2026-02-23T17:18:09.829097Z,1135808,12.158,#C C sharpens knife with electric grinder machine,Core manual task involving high hand activity.,r001,Mechanical Repair,silver,Gold,,1655.3713207126302,2026-02-23T17:18:09.829113Z,2fa81cfe-e0d4-42e5-be39-e14287215bd2
Object Transfer,4756.0,9.0,7,,2026-02-23T17:18:19.287800Z,1135809,5.506,#C C closes tool box,Logistics step involving closing an object (toolbox).,r001,Mechanical Repair,silver,Gold,,1863.6026507126303,2026-02-23T17:18:19.287835Z,2fa81cfe-e0d4-42e5-be39-e14287215bd2
Stationary,4757.0,9.0,7,,2026-02-23T17:18:27.383056Z,1135810,5.749,#C C unzips jacket,"Low body/hand motion, likely preparing for task.",r001,Mechanical Repair,silver,Gold,,1917.6265201265785,2026-02-23T17:18:27.383080Z,2fa81cfe-e0d4-42e5-be39-e14287215bd2
Locomotion,4758.0,9.0,7,,2026-02-23T17:18:37.806664Z,1135811,8.484,#C C walks in the workshop,"Body moving through space, indicative of walking.",r001,Mechanical Repair,silver,Gold,,1985.721990126578,2026-02-23T17:18:37.806697Z,2fa81cfe-e0d4-42e5-be39-e14287215bd2
Object Transfer,4759.0,9.0,7,,2026-02-23T17:18:45.425927Z,1135812,5.935,#C C opens tool box,Logistics/Setup step involving opening a container.,r001,Mechanical Repair,silver,Gold,,2023.247530126578,2026-02-23T17:18:45.425945Z,2fa81cfe-e0d4-42e5-be39-e14287215bd2
Object Transfer,4760.0,9.0,7,,2026-02-23T17:18:52.382680Z,1135813,5.405,#C C puts tool box on the shelf,"Logistics step, moving an object to a specific location.",r001,Mechanical Repair,silver,Gold,,2040.3420701265784,2026-02-23T17:18:52.382713Z,2fa81cfe-e0d4-42e5-be39-e14287215bd2
Object Transfer,4761.0,9.0,7,,2026-02-23T17:19:01.233233Z,1135814,7.102,#C C lifts up tool bag,"The action involves picking up an object, which is a logistics step.",r001,Mechanical Repair,silver,Gold,,2078.1242301265784,2026-02-23T17:19:01.233265Z,2fa81cfe-e0d4-42e5-be39-e14287215bd2
Object Transfer,4762.0,9.0,7,,2026-02-23T17:19:10.047373Z,1135815,4.322,#C C picks up tool box,Logistics/Setup step involving picking up an object.,r001,Mechanical Repair,silver,Gold,,2117.612490126578,2026-02-23T17:19:10.047410Z,2fa81cfe-e0d4-42e5-be39-e14287215bd2
Object Transfer,4763.0,9.0,7,,2026-02-23T17:19:16.450021Z,1135816,4.198,#C C moves tool,Movement of an object (tool) from one place to another.,r001,Mechanical Repair,silver,Gold,,2162.094130126578,2026-02-23T17:19:16.450040Z,2fa81cfe-e0d4-42e5-be39-e14287215bd2
Locomotion,4764.0,9.0,7,,2026-02-23T17:19:25.877703Z,1135817,64.161,#C C moves jerrycan,Body moving through space to move an object (jerrycan). High Body Accel.,r001,Mechanical Repair,silver,,Skip,2167.729490126578,2026-02-23T17:20:27.661136Z,2fa81cfe-e0d4-42e5-be39-e14287215bd2
Object Transfer,4765.0,9.0,7,,2026-02-23T17:20:39.016142Z,1135818,9.444,#C C picks an egg from the counter,Logistics step involving picking up an object.,r001,Cooking,silver,Gold,,66.68206959999999,2026-02-23T17:20:39.016173Z,31cbf7bb-d464-4ec3-bddd-c387766f8572
Essential Operation,4766.0,9.0,7,,2026-02-23T17:20:49.248973Z,1135819,8.452,#C C pours some spice on the eggs,"Core task, high hand activity.",r001,Cooking,silver,Gold,,147.2555396,2026-02-23T17:20:49.248987Z,31cbf7bb-d464-4ec3-bddd-c387766f8572
Stationary,4767.0,9.0,7,,2026-02-23T17:20:55.480019Z,1135820,4.907,#C C puts right hand on #unsure,"Low body/hand motion, indicating a pause or idle action.",r001,Cooking,silver,Gold,,273.33570960000003,2026-02-23T17:20:55.480054Z,31cbf7bb-d464-4ec3-bddd-c387766f8572
Search,4768.0,9.0,7,Stationary,2026-02-23T17:21:34.220952Z,1135821,37.163,#C C holds up the paper,"Head movement (visual search), hands mostly still.",r001,Cooking,silver,,,332.93179095466337,2026-02-23T17:21:34.220965Z,31cbf7bb-d464-4ec3-bddd-c387766f8572
Object Transfer,4769.0,9.0,7,,2026-02-23T17:21:45.420170Z,1135822,6.567,#C C places the box on the counter,Logistics step involving pick up and put down actions.,r001,Cooking,silver,Gold,,386.3896409546634,2026-02-23T17:21:45.420184Z,31cbf7bb-d464-4ec3-bddd-c387766f8572
Stationary,4770.0,9.0,7,,2026-02-23T17:22:02.809374Z,1135823,15.729,#O X presses the button on the cooker,"Low body/hand motion, brief action.",r001,Cooking,silver,Gold,,529.2288209546633,2026-02-23T17:22:02.809390Z,31cbf7bb-d464-4ec3-bddd-c387766f8572
Stationary,4771.0,9.0,7,,2026-02-23T17:22:13.901123Z,1135824,9.534,#C C moves the hand from the door,"Low body/hand motion, likely just a minor hand movement without significant acceleration.",r001,Cooking,silver,Gold,,548.3601109546634,2026-02-23T17:22:13.901137Z,31cbf7bb-d464-4ec3-bddd-c387766f8572
Stationary,4772.0,9.0,7,,2026-02-23T17:22:21.230028Z,1135825,5.436,#C C points the pan,Pointing the pan likely involves minimal movement and is more of a stationary action.,r001,Cooking,silver,Gold,,563.8678309546634,2026-02-23T17:22:21.230061Z,31cbf7bb-d464-4ec3-bddd-c387766f8572
Locomotion,4773.0,9.0,7,,2026-02-23T17:22:29.830502Z,1135826,6.87,#O X lifts the pan,"Body movement involved in lifting an object, indicating a change in posture or position.",r001,Cooking,silver,Gold,,707.1234009546633,2026-02-23T17:22:29.830517Z,31cbf7bb-d464-4ec3-bddd-c387766f8572
Object Transfer,4774.0,9.0,7,,2026-02-23T17:22:46.976367Z,1135827,15.768,#C C leans the fork to the bowl,Logistics step involving placing the fork into the bowl.,r001,Cooking,silver,Gold,,707.2630409546634,2026-02-23T17:22:46.976381Z,31cbf7bb-d464-4ec3-bddd-c387766f8572
Object Transfer,4775.0,9.0,7,,2026-02-23T17:22:53.634327Z,1135828,5.282,#C C takes a tray,Logistics/Setup step involving picking up or moving an object.,r001,Cooking,silver,Gold,,34.419729600000004,2026-02-23T17:22:53.634361Z,33fced0b-4bf6-4989-9174-cda7bb51ecef
Stationary,4776.0,9.0,7,,2026-02-23T17:23:00.666074Z,1135829,5.454,#C C turns off the light,"Low body/hand motion, primarily a button press or switch action.",r001,Cooking,silver,Gold,,81.3178396,2026-02-23T17:23:00.666123Z,33fced0b-4bf6-4989-9174-cda7bb51ecef
Essential Operation,4777.0,9.0,7,,2026-02-23T17:23:12.884974Z,1135830,8.286,#C C removes chaffs on the potatoes,Core task involving high hand activity.,r001,Cooking,silver,Gold,,87.8751096,2026-02-23T17:23:12.884988Z,33fced0b-4bf6-4989-9174-cda7bb51ecef
Essential Operation,4778.0,9.0,7,,2026-02-23T17:23:21.614727Z,1135831,6.917,#C C aligns the potato slices,"Core task involving fine motor skills, high hand activity.",r001,Cooking,silver,Gold,,184.9311996,2026-02-23T17:23:21.614760Z,33fced0b-4bf6-4989-9174-cda7bb51ecef
Essential Operation,4779.0,9.0,7,,2026-02-23T17:23:29.126497Z,1135832,5.698,#C C pours the cooking oil on the tray,Core task involving hand movements with a specific object.,r001,Cooking,silver,Gold,,213.7977296,2026-02-23T17:23:29.126511Z,33fced0b-4bf6-4989-9174-cda7bb51ecef
Object Transfer,4780.0,9.0,7,,2026-02-23T17:24:49.502323Z,1135833,78.66,#C C takes the potato slices,Logistics step involving picking up or moving objects.,r001,Cooking,silver,Gold,,261.95237960000003,2026-02-23T17:24:49.502337Z,33fced0b-4bf6-4989-9174-cda7bb51ecef
Object Transfer,4781.0,9.0,7,,2026-02-23T17:24:56.480085Z,1135834,5.194,#C C puts the potatoes in the tray,Logistics step involving picking up and placing the potatoes.,r001,Cooking,silver,Gold,,308.8035809546634,2026-02-23T17:24:56.480117Z,33fced0b-4bf6-4989-9174-cda7bb51ecef
Stationary,4782.0,9.0,7,,2026-02-23T17:25:56.199377Z,1135835,57.975,#C C aligns the potatoes,"The action involves aligning potatoes, which likely involves minimal movement and is more about positioning than active motion.",r001,Cooking,silver,Gold,,334.2960109546634,2026-02-23T17:25:56.199392Z,33fced0b-4bf6-4989-9174-cda7bb51ecef
Object Transfer,4783.0,9.0,7,,2026-02-23T17:26:13.774271Z,1135836,14.495,#C C drops the potato slice in the tray,Refined via regex fallback,r001,Cooking,silver,Gold,,346.7756809546634,2026-02-23T17:26:13.774295Z,33fced0b-4bf6-4989-9174-cda7bb51ecef
Search,4784.0,9.0,7,,2026-02-23T17:26:21.393517Z,1135837,6.105,#C C looks at the cabinet,"Head movement (visual search), hands mostly still.",r001,Cooking,silver,Gold,,362.4562609546634,2026-02-23T17:26:21.393550Z,33fced0b-4bf6-4989-9174-cda7bb51ecef
Essential Operation,4918.0,9.0,7,,2026-02-23T18:02:22.124021Z,1135838,16.867,#C C unwraps a chicken,Core manual task involving high hand activity.,r001,Cooking,silver,Gold,,460.81922095466336,2026-02-23T18:02:22.124055Z,33fced0b-4bf6-4989-9174-cda7bb51ecef
Object Transfer,4917.0,9.0,7,,2026-02-23T18:02:02.524413Z,1135839,14.197,#C C puts the chicken on the chopping board,Logistics step involving picking up and placing the chicken.,r001,Cooking,silver,Gold,,477.71989095466336,2026-02-23T18:02:02.524446Z,33fced0b-4bf6-4989-9174-cda7bb51ecef
Object Transfer,4919.0,9.0,7,,2026-02-23T18:02:38.868900Z,1135840,14.689,#C C puts the grill tray in the oven,Logistics step involving placing an object.,r001,Cooking,silver,Gold,,557.8860776213301,2026-02-23T18:02:38.868915Z,33fced0b-4bf6-4989-9174-cda7bb51ecef
Locomotion,4920.0,9.0,7,,2026-02-23T18:02:47.856997Z,1135841,7.33,#C C pushes the grill tray,"Body movement through space, likely involving pushing an object.",r001,Cooking,silver,Gold,,565.8680476213301,2026-02-23T18:02:47.857011Z,33fced0b-4bf6-4989-9174-cda7bb51ecef
Stationary,4921.0,9.0,7,,2026-02-23T18:02:57.952185Z,1135842,8.58,#C C switches a switch,"Low body/hand motion, likely involves minimal movement.",r001,Cooking,silver,Gold,,590.85712762133,2026-02-23T18:02:57.952218Z,33fced0b-4bf6-4989-9174-cda7bb51ecef
Essential Operation,4922.0,9.0,7,,2026-02-23T18:03:09.032644Z,1135843,9.691,#C C dips the cracker in a paste,Core task involving hand manipulation with irregular motion.,r001,Cooking,silver,Gold,,690.80360762133,2026-02-23T18:03:09.032658Z,33fced0b-4bf6-4989-9174-cda7bb51ecef
Locomotion,4923.0,9.0,7,,2026-02-23T18:03:16.033422Z,1135844,5.649,#C C moves beside the worktop,"Movement through space, likely involves walking or moving around the kitchen.",r001,Cooking,silver,Gold,,880.8501776213301,2026-02-23T18:03:16.033455Z,33fced0b-4bf6-4989-9174-cda7bb51ecef
Object Transfer,4924.0,9.0,7,,2026-02-23T18:03:36.153669Z,1135845,17.516,#C C puts a knife in the drawer,Logistics/Setup step.,r001,Cooking,silver,Gold,,890.85059762133,2026-02-23T18:03:36.153682Z,33fced0b-4bf6-4989-9174-cda7bb51ecef
Locomotion,4925.0,9.0,7,,2026-02-23T18:03:43.201621Z,1135846,5.119,#C C walks in the kitchen area,"Body moving through space, indicative of walking.",r001,Cooking,silver,Gold,,895.6808976213301,2026-02-23T18:03:43.201655Z,33fced0b-4bf6-4989-9174-cda7bb51ecef
Object Transfer,4926.0,9.0,7,,2026-02-23T18:04:07.307759Z,1135847,21.621,#C C puts the jar in the cabinet,Logistics step involving placing an object.,r001,Cooking,silver,Gold,,935.64223762133,2026-02-23T18:04:07.307774Z,33fced0b-4bf6-4989-9174-cda7bb51ecef
Object Transfer,4927.0,9.0,7,Essential Operation,2026-02-23T18:04:50.040807Z,1135848,46.277,#C C takes a stopper,Logistics/Setup step.,r001,Cooking,silver,Gold,,985.22857762133,2026-02-23T18:05:11.977393Z,33fced0b-4bf6-4989-9174-cda7bb51ecef
Object Transfer,4928.0,9.0,7,,2026-02-23T18:05:18.884949Z,1135849,3.701,#C C takes a towel,"Logistics/Setup step, picking up an object.",r001,Cooking,silver,Gold,,1018.86663762133,2026-02-23T18:05:18.884964Z,33fced0b-4bf6-4989-9174-cda7bb51ecef
Stationary,4929.0,9.0,7,Object Transfer,2026-02-23T18:05:58.600908Z,1135850,38.249,#C C closes water,"Low body/hand motion, likely involves turning a knob or closing a tap.",r001,Cooking,silver,Bad,,1028.72015762133,2026-02-23T18:05:58.600931Z,33fced0b-4bf6-4989-9174-cda7bb51ecef
Essential Operation,4930.0,9.0,7,Object Transfer,2026-02-23T18:06:15.167339Z,1135851,15.06,#C C moves the sink pipe,"Core manual task involving manipulation, high hand activity.",r001,Cooking,silver,,,1034.95646762133,2026-02-23T18:06:15.167354Z,33fced0b-4bf6-4989-9174-cda7bb51ecef
Object Transfer,4931.0,9.0,7,,2026-02-23T18:06:25.052321Z,1135852,8.354,#C C takes a bowl,Logistics/Setup step.,r001,Cooking,silver,Gold,,1100.2012042879967,2026-02-23T18:06:25.052336Z,33fced0b-4bf6-4989-9174-cda7bb51ecef
Locomotion,4932.0,9.0,7,,2026-02-23T18:06:35.159828Z,1135853,8.181,#C C moves to the wall cabinet,Movement through space to reach a destination.,r001,Cooking,silver,Gold,,1101.2637542879966,2026-02-23T18:06:35.159862Z,33fced0b-4bf6-4989-9174-cda7bb51ecef
Search,4933.0,9.0,7,,2026-02-23T18:06:45.475541Z,1135854,6.261,#C C moves the head,"Head movement (visual search), hands mostly still.",r001,Cooking,silver,Gold,,1155.4831642879967,2026-02-23T18:06:45.475576Z,33fced0b-4bf6-4989-9174-cda7bb51ecef
Object Transfer,4934.0,9.0,7,Stationary,2026-02-23T18:07:01.703821Z,1135855,14.762,#C C touches the sink knob,"Logistics step, touching an object (sink knob).",r001,Cooking,silver,Bad,,1161.8764342879963,2026-02-23T18:07:01.703853Z,33fced0b-4bf6-4989-9174-cda7bb51ecef
Locomotion,4935.0,9.0,7,Object Transfer,2026-02-23T18:07:13.142745Z,1135856,9.762,#C C throws chaff away,"Involves movement through space to throw something, likely involves body acceleration.",r001,Cooking,silver,Bad,,1212.1871842879966,2026-02-23T18:07:13.142760Z,33fced0b-4bf6-4989-9174-cda7bb51ecef
Object Transfer,4936.0,9.0,7,,2026-02-23T18:07:20.479938Z,1135857,5.19,#C C picks chaff,Logistics step involving picking up an object.,r001,Cooking,silver,Gold,,1214.6195042879967,2026-02-23T18:07:20.479970Z,33fced0b-4bf6-4989-9174-cda7bb51ecef
Search,4937.0,9.0,7,,2026-02-23T18:07:27.514322Z,1135858,5.625,#C C looks at the chaff,"Head movement (visual inspection), hands mostly still.",r001,Cooking,silver,Gold,,1217.052794287997,2026-02-23T18:07:27.514336Z,33fced0b-4bf6-4989-9174-cda7bb51ecef
Object Transfer,4938.0,9.0,7,,2026-02-23T18:07:34.297446Z,1135859,5.259,#C C picks a root,"Logistics step, picking up an object.",r001,Cooking,silver,Gold,,1302.6964442879969,2026-02-23T18:07:34.297481Z,33fced0b-4bf6-4989-9174-cda7bb51ecef
Object Transfer,4282.0,9.0,7,,2026-02-23T15:25:00.090385Z,1135860,6.927,#C C takes sand,"[CtxFixed] The action of taking sand can be considered a part of the process of moving or placing sand, which involves deliberate manipulation of an object.",r001,Cooking,silver,Gold,,1383.9111442879966,2026-02-23T15:25:00.090431Z,33fced0b-4bf6-4989-9174-cda7bb51ecef
Object Transfer,4283.0,9.0,7,,2026-02-23T15:25:06.982089Z,1135861,4.97,#C C puts sand in the basin,Logistics step involving picking up and placing an object.,r001,Cooking,silver,Gold,,1384.6601842879966,2026-02-23T15:25:06.982124Z,33fced0b-4bf6-4989-9174-cda7bb51ecef
Essential Operation,4284.0,9.0,7,,2026-02-23T15:25:13.263240Z,1135862,4.485,#C C mixes the soil,"Core task involving mixing, high hand activity.",r001,Cooking,silver,Gold,,1458.000114287997,2026-02-23T15:25:13.263254Z,33fced0b-4bf6-4989-9174-cda7bb51ecef
Search,4285.0,9.0,7,,2026-02-23T15:25:20.913888Z,1135863,6.006,#C C looks around the backyard,"Head movement (visual search), hands mostly still.",r001,Cooking,silver,Gold,,1557.4899842879968,2026-02-23T15:25:20.913920Z,33fced0b-4bf6-4989-9174-cda7bb51ecef
Object Transfer,4286.0,9.0,7,,2026-02-23T15:25:29.292021Z,1135864,6.667,#C C puts soil in the basin,"Logistics step, moving the soil to the basin.",r001,Cooking,silver,Gold,,1585.0562042879965,2026-02-23T15:25:29.292037Z,33fced0b-4bf6-4989-9174-cda7bb51ecef
Object Transfer,4287.0,9.0,7,,2026-02-23T15:25:42.105720Z,1135865,7.074,#C C pulls a basin,Logistics action involving picking up an object.,r001,Cooking,silver,Gold,,1591.6142942879965,2026-02-23T15:25:42.105754Z,33fced0b-4bf6-4989-9174-cda7bb51ecef
Locomotion,4288.0,9.0,7,,2026-02-23T15:25:58.185758Z,1135866,13.898,#C C walks in the backyard,Body moving through space (walking).,r001,Cooking,silver,Gold,,1656.3850709546632,2026-02-23T15:25:58.185773Z,33fced0b-4bf6-4989-9174-cda7bb51ecef
Search,4289.0,9.0,7,,2026-02-23T15:26:07.502530Z,1135867,5.441,#C C looks at the wooden box,"Head movement (visual search), hands mostly still.",r001,Cooking,silver,Gold,,1750.6927609546633,2026-02-23T15:26:07.502564Z,33fced0b-4bf6-4989-9174-cda7bb51ecef
Object Transfer,4290.0,9.0,7,,2026-02-23T15:26:14.578130Z,1135868,5.409,#C C takes soil,Logistics/Setup step involving picking up or moving an object.,r001,Cooking,silver,Gold,,1804.0965309546632,2026-02-23T15:26:14.578149Z,33fced0b-4bf6-4989-9174-cda7bb51ecef
Stationary,4291.0,9.0,7,,2026-02-23T15:26:25.404817Z,1135869,9.191,#C C shakes the basin,"Low body/hand motion, shaking is minimal movement.",r001,Cooking,silver,Gold,,1842.002450954664,2026-02-23T15:26:25.404832Z,33fced0b-4bf6-4989-9174-cda7bb51ecef
Object Transfer,4292.0,9.0,7,,2026-02-23T15:26:32.945806Z,1135870,5.617,#C C puts the broom down,Logistics action involving placing an object.,r001,Cooking,silver,Gold,,1856.188290954664,2026-02-23T15:26:32.945838Z,33fced0b-4bf6-4989-9174-cda7bb51ecef
Essential Operation,4293.0,9.0,7,,2026-02-23T15:26:39.843004Z,1135871,5.215,#C C mixes the soil by hand,Core manual task involving high hand activity.,r001,Cooking,silver,Gold,,1907.2124009546635,2026-02-23T15:26:39.843018Z,33fced0b-4bf6-4989-9174-cda7bb51ecef
Object Transfer,4294.0,9.0,7,,2026-02-23T15:27:11.941719Z,1135872,6.449,#C C takes the basin,Logistics/Setup step involving picking up an object.,r001,Cooking,silver,Gold,,1990.211690954664,2026-02-23T15:27:11.941751Z,33fced0b-4bf6-4989-9174-cda7bb51ecef
Locomotion,4295.0,9.0,7,,2026-02-23T15:27:39.439291Z,1135873,22.011,#C C moves to the oven,Movement through space to reach the oven.,r001,Cooking,silver,Gold,,2040.9498709546635,2026-02-23T15:27:39.439326Z,33fced0b-4bf6-4989-9174-cda7bb51ecef
Stationary,4296.0,9.0,7,,2026-02-23T15:27:51.477746Z,1135874,10.056,#O a man X holds card,"The action described does not involve any significant movement or task, indicating a low-energy state.",r001,Playing Instrument,silver,Gold,,96.9531586,2026-02-23T15:27:51.477781Z,34de7377-879e-4f37-bd0a-9aab8593210f
Object Transfer,4297.0,9.0,7,,2026-02-23T15:27:58.535075Z,1135875,5.305,#O a man X puts card on the table,Logistics step involving placing an object.,r001,Playing Instrument,silver,Gold,,230.3689986,2026-02-23T15:27:58.535090Z,34de7377-879e-4f37-bd0a-9aab8593210f
Stationary,4298.0,9.0,7,,2026-02-23T15:28:09.159080Z,1135876,8.884,#O a man X points card,"The action described does not involve any significant body or hand movement, indicating a low-energy state.",r001,Playing Instrument,silver,Gold,,290.1048986,2026-02-23T15:28:09.159099Z,34de7377-879e-4f37-bd0a-9aab8593210f
Stationary,4299.0,9.0,7,Object Transfer,2026-02-23T15:28:31.430590Z,1135877,20.539,#O a man X puts card down,"The action of putting a card down is a brief, low-energy movement.",r001,Playing Instrument,silver,Gold,,395.1718886,2026-02-23T15:28:31.430623Z,34de7377-879e-4f37-bd0a-9aab8593210f
Stationary,4300.0,9.0,7,,2026-02-23T15:28:58.383861Z,1135878,25.048,#O a man X turns card,"The action described does not involve significant body or hand motion, suggesting a low-energy activity.",r001,Playing Instrument,silver,Gold,,546.3603886000001,2026-02-23T15:28:58.383875Z,34de7377-879e-4f37-bd0a-9aab8593210f
Object Transfer,4301.0,9.0,7,,2026-02-23T15:29:19.740610Z,1135879,19.19,#C C takes the play card,Logistics/Setup step (taking an object).,r001,Playing Instrument,silver,Gold,,578.4392986458333,2026-02-23T15:29:19.740634Z,34de7377-879e-4f37-bd0a-9aab8593210f
Search,4302.0,9.0,7,,2026-02-23T15:30:16.916983Z,1135880,10.831,#C C looks at the play card,"Head movement (visual search), hands mostly still.",r001,Playing Instrument,silver,Gold,,680.7372586458333,2026-02-23T15:30:16.917016Z,34de7377-879e-4f37-bd0a-9aab8593210f
Stationary,4303.0,9.0,7,,2026-02-23T15:30:30.543723Z,1135881,9.01,#C C stretches his hand,"Low body/hand motion, likely preparing to play.",r001,Playing Instrument,silver,Gold,,702.7000086458333,2026-02-23T15:30:30.543736Z,34de7377-879e-4f37-bd0a-9aab8593210f
Search,4304.0,9.0,7,,2026-02-23T15:30:38.952287Z,1135882,6.338,#O A man X looks at the play card,"Head movement (looking), passive hands.",r001,Playing Instrument,silver,Gold,,724.7784886458334,2026-02-23T15:30:38.952309Z,34de7377-879e-4f37-bd0a-9aab8593210f
Stationary,4305.0,9.0,7,,2026-02-23T15:30:50.453778Z,1135883,8.932,#C C pushes the play card,"The action 'pushes the play card' implies a brief, stationary interaction without significant body or hand motion.",r001,Playing Instrument,silver,Gold,,790.1141786458334,2026-02-23T15:30:50.453810Z,34de7377-879e-4f37-bd0a-9aab8593210f
Essential Operation,4306.0,9.0,7,,2026-02-23T15:31:18.695767Z,1135884,26.361,#O a man X mixes card,"Core manual task, likely involves high hand activity.",r001,Playing Instrument,silver,Gold,,824.466497144922,2026-02-23T15:31:18.695781Z,34de7377-879e-4f37-bd0a-9aab8593210f
Stationary,4307.0,9.0,7,,2026-02-23T15:31:52.033421Z,1135885,31.525,#O man Y removes the camera,"The action describes removing an object, which is likely a setup/logistics step and does not involve significant body or hand motion.",r001,Playing Instrument,silver,Gold,,1138.2679022621094,2026-02-23T15:31:52.033455Z,34de7377-879e-4f37-bd0a-9aab8593210f
Essential Operation,4308.0,9.0,7,,2026-02-23T15:32:10.032724Z,1135886,15.596,#O A man Y moves hands,"Core task involving high hand activity, likely playing the instrument.",r001,Playing Instrument,silver,Gold,,0.6293086,2026-02-23T15:32:10.032759Z,37f4000f-e934-4799-957d-e89dc504fd07
Object Transfer,4309.0,9.0,7,,2026-02-23T15:32:50.400630Z,1135887,38.714,#C C moves a catan board game box lid on the table,"The action involves moving an object (the box lid), which is a logistics step.",r001,Playing Instrument,silver,Gold,,10.4084386,2026-02-23T15:32:50.400644Z,37f4000f-e934-4799-957d-e89dc504fd07
Object Transfer,4310.0,9.0,7,,2026-02-23T15:33:00.516883Z,1135888,7.548,#C C picks box on the table,Logistics step involving picking up an object.,r001,Playing Instrument,silver,Gold,,20.0686786,2026-02-23T15:33:00.516897Z,37f4000f-e934-4799-957d-e89dc504fd07
Stationary,4311.0,9.0,7,,2026-02-23T15:33:11.431554Z,1135889,9.213,#C C separates cards,"The action of separating cards is likely a low-energy, fine motor task.",r001,Playing Instrument,silver,Gold,,23.6998686,2026-02-23T15:33:11.431588Z,37f4000f-e934-4799-957d-e89dc504fd07
Object Transfer,4785.0,9.0,7,,2026-02-23T17:28:26.944381Z,1135890,74.176,#O A man Y arranges pieces of catan board,Logistics/Setup step involving arranging objects.,r001,Playing Instrument,silver,,Skip,71.3287386,2026-02-23T17:28:26.944415Z,37f4000f-e934-4799-957d-e89dc504fd07
Object Transfer,4786.0,9.0,7,,2026-02-23T17:28:40.367683Z,1135891,11.51,#C C picks pieces of catan board on the table,Logistics step involving picking up objects.,r001,Playing Instrument,silver,Gold,,92.1247086,2026-02-23T17:28:40.367716Z,37f4000f-e934-4799-957d-e89dc504fd07
Object Transfer,4787.0,9.0,7,Object Transfer,2026-02-23T17:29:15.681954Z,1135892,33.797,#C C fixes piece of catan board on the table,"Logistics step, placing an object on the table.",r001,Playing Instrument,silver,Bad,,98.2345086,2026-02-23T17:29:15.681967Z,37f4000f-e934-4799-957d-e89dc504fd07
Object Transfer,4788.0,9.0,7,Essential Operation,2026-02-23T17:29:37.429909Z,1135893,17.835,#O A man Y fixes pieces of catan board on the table,"Logistics/Setup step, placing items on the table.",r001,Playing Instrument,silver,Bad,,106.8086086,2026-02-23T17:29:37.429941Z,37f4000f-e934-4799-957d-e89dc504fd07
Stationary,4789.0,9.0,7,,2026-02-23T17:29:51.744519Z,1135894,6.918,#O A man Y sits on a chair,"The action describes sitting on a chair, indicating low body and hand motion.",r001,Playing Instrument,silver,Gold,,132.6288286,2026-02-23T17:29:51.744534Z,37f4000f-e934-4799-957d-e89dc504fd07
Stationary,4790.0,9.0,7,,2026-02-23T17:30:10.995743Z,1135895,17.525,#C C turns #unsure on the table,"The action describes a momentary pause or uncertainty, indicating low energy and no significant motion.",r001,Playing Instrument,silver,Gold,,225.7747686,2026-02-23T17:30:10.995758Z,37f4000f-e934-4799-957d-e89dc504fd07
Object Transfer,4791.0,9.0,7,,2026-02-23T17:30:30.531282Z,1135896,13.376,#C C picks #unsure on the table,Logistics/Setup step (picking up an object).,r001,Playing Instrument,silver,Gold,,230.7851086,2026-02-23T17:30:30.531296Z,37f4000f-e934-4799-957d-e89dc504fd07
Object Transfer,4792.0,9.0,7,,2026-02-23T17:30:38.180066Z,1135897,5.945,#C C puts #unsure on the board,"Logistics step, placing an object on a surface.",r001,Playing Instrument,silver,Gold,,237.2822786,2026-02-23T17:30:38.180099Z,37f4000f-e934-4799-957d-e89dc504fd07
Object Transfer,4793.0,9.0,7,,2026-02-23T17:30:44.883257Z,1135898,5.004,#C C picks #unsure with the other hand,"Logistics action, picking up an object with the hand.",r001,Playing Instrument,silver,Gold,,244.5329386,2026-02-23T17:30:44.883287Z,37f4000f-e934-4799-957d-e89dc504fd07
Essential Operation,4794.0,9.0,7,,2026-02-23T17:30:58.414624Z,1135899,11.706,#C C moves hand around,Core task involving high hand activity.,r001,Playing Instrument,silver,Gold,,255.6605886,2026-02-23T17:30:58.414638Z,37f4000f-e934-4799-957d-e89dc504fd07
Stationary,4795.0,9.0,7,,2026-02-23T17:31:06.139600Z,1135900,6.326,#C C crosses hands,The action of crossing hands is a preparatory movement and does not involve significant motion.,r001,Playing Instrument,silver,Gold,,385.3331134162207,2026-02-23T17:31:06.139634Z,37f4000f-e934-4799-957d-e89dc504fd07
Stationary,4796.0,9.0,7,,2026-02-23T17:31:12.721298Z,1135901,4.827,#C C leans hands on the table,"Low body/hand motion, indicating a pause or rest.",r001,Playing Instrument,silver,Gold,,405.3738834162207,2026-02-23T17:31:12.721311Z,37f4000f-e934-4799-957d-e89dc504fd07
Object Transfer,4797.0,9.0,7,,2026-02-23T17:31:20.587554Z,1135902,6.426,#O A man Y picks card on the table,"The action involves picking up an object, which is a logistics step.",r001,Playing Instrument,silver,Gold,,413.62547341622064,2026-02-23T17:31:20.587572Z,37f4000f-e934-4799-957d-e89dc504fd07
Stationary,4798.0,9.0,7,,2026-02-23T17:31:26.496019Z,1135903,4.402,#O A man Y holds cards,"The action describes holding cards, which involves minimal movement.",r001,Playing Instrument,silver,Gold,,418.0307134162207,2026-02-23T17:31:26.496051Z,37f4000f-e934-4799-957d-e89dc504fd07
Object Transfer,4799.0,9.0,7,,2026-02-23T17:31:36.713317Z,1135904,4.985,#O A man Y picks cards on the table,"The action involves picking up objects (cards), which is a logistics step.",r001,Playing Instrument,silver,Gold,,531.5332534162206,2026-02-23T17:31:36.713354Z,37f4000f-e934-4799-957d-e89dc504fd07
Stationary,4800.0,9.0,7,,2026-02-23T17:31:46.726494Z,1135905,8.299,#C C uses gestures,"Low body/hand motion, possibly indicating a pause or preparatory gesture.",r001,Playing Instrument,silver,Gold,,573.718007613672,2026-02-23T17:31:46.726525Z,37f4000f-e934-4799-957d-e89dc504fd07
Object Transfer,4801.0,9.0,7,,2026-02-23T17:31:53.336317Z,1135906,4.566,#O A man Y puts card on the table,The action involves placing an object (card) on a surface (table).,r001,Playing Instrument,silver,Gold,,631.4817876136719,2026-02-23T17:31:53.336343Z,37f4000f-e934-4799-957d-e89dc504fd07
Stationary,4802.0,9.0,7,,2026-02-23T17:32:01.250375Z,1135907,5.981,#O A man Y points on the board,Pointing on the board indicates a static action with minimal body movement.,r001,Playing Instrument,silver,Gold,,638.4223676136719,2026-02-23T17:32:01.250412Z,37f4000f-e934-4799-957d-e89dc504fd07
Object Transfer,4803.0,9.0,7,,2026-02-23T17:33:29.806747Z,1135908,86.893,#O A man Y picks dices on the table,"Action involves picking up objects, which is a logistics step.",r001,Playing Instrument,silver,Gold,,647.0262376136719,2026-02-23T17:33:29.806761Z,37f4000f-e934-4799-957d-e89dc504fd07
Object Transfer,4804.0,9.0,7,,2026-02-23T17:33:38.015257Z,1135909,6.529,#O A man Y picks #unsure on the table,"The action involves picking up an object from the table, which is a logistics step.",r001,Playing Instrument,silver,Gold,,652.6922976136719,2026-02-23T17:33:38.015289Z,37f4000f-e934-4799-957d-e89dc504fd07
Object Transfer,4805.0,9.0,7,Stationary,2026-02-23T17:34:31.118353Z,1135910,51.577,#O A man Y shakes dices,"[CtxFixed] The action of shaking dices can be considered as part of the process of handling and transferring the dices, even though shaking is not a direct transfer action, it is a preparatory step before potentially transferring or using the dices.",r001,Playing Instrument,silver,Bad,,725.2241376136719,2026-02-23T17:34:31.118368Z,37f4000f-e934-4799-957d-e89dc504fd07
Stationary,4806.0,9.0,7,,2026-02-23T17:34:41.052176Z,1135911,7.306,#O A man Y arranges cards,"The action describes arranging cards, which involves minimal body movement.",r001,Playing Instrument,silver,Gold,,806.653327613672,2026-02-23T17:34:41.052210Z,37f4000f-e934-4799-957d-e89dc504fd07
Object Transfer,4807.0,9.0,7,,2026-02-23T17:34:48.087147Z,1135912,5.522,#O A man Y picks dices,"The action involves picking up objects, which is a logistics step.",r001,Playing Instrument,silver,Gold,,845.0985750406223,2026-02-23T17:34:48.087169Z,37f4000f-e934-4799-957d-e89dc504fd07
Object Transfer,4808.0,9.0,7,,2026-02-23T17:35:00.119447Z,1135913,5.315,#O A man Y gives C the dices,"The action involves giving an object (dices), which is a logistics step.",r001,Playing Instrument,silver,Gold,,861.2662650406223,2026-02-23T17:35:00.119481Z,37f4000f-e934-4799-957d-e89dc504fd07
Object Transfer,4809.0,9.0,7,,2026-02-23T17:35:07.135615Z,1135914,5.19,#O A man Y puts dices on the table,"Logistics step, putting objects down.",r001,Playing Instrument,silver,Gold,,876.2903650406224,2026-02-23T17:35:07.135648Z,37f4000f-e934-4799-957d-e89dc504fd07
Object Transfer,4810.0,9.0,7,,2026-02-23T17:35:15.622116Z,1135915,6.684,#O A man Y puts cards on the table,Logistics step of placing cards on the table.,r001,Playing Instrument,silver,Gold,,889.9786350406223,2026-02-23T17:35:15.622133Z,37f4000f-e934-4799-957d-e89dc504fd07
Stationary,4811.0,9.0,7,,2026-02-23T17:35:42.015491Z,1135916,24.704,#O A man Y puts #unsure on the board,"The action described seems to be setting up the instrument or preparing to play, which involves low body/hand motion.",r001,Playing Instrument,silver,Gold,,899.6325050406224,2026-02-23T17:35:42.015505Z,37f4000f-e934-4799-957d-e89dc504fd07
Object Transfer,4812.0,9.0,7,,2026-02-23T17:35:49.062735Z,1135917,5.403,#C C puts dices on the table,"Logistics/Setup step, putting objects in place.",r001,Playing Instrument,silver,Gold,,1066.6340983739556,2026-02-23T17:35:49.062753Z,37f4000f-e934-4799-957d-e89dc504fd07
Stationary,4813.0,9.0,7,,2026-02-23T17:35:57.572748Z,1135918,6.756,#C C joins hands,"Joining hands is a low-energy, static action.",r001,Playing Instrument,silver,Gold,,1180.6604416989585,2026-02-23T17:35:57.572770Z,37f4000f-e934-4799-957d-e89dc504fd07
Essential Operation,4312.0,9.0,7,,2026-02-23T15:33:25.414619Z,1135919,7.795,#C C shakes dices,"[CtxFixed] Shaking dices is a preparatory action before using them, such as in a game, and is not related to locomotion, search, or stationary behavior.",r001,Playing Instrument,silver,Gold,,1228.2977116989582,2026-02-23T15:33:25.414651Z,37f4000f-e934-4799-957d-e89dc504fd07
Stationary,4313.0,9.0,7,,2026-02-23T15:33:46.615209Z,1135920,19.397,#O A man Y holds #unsure on the board,The action description suggests a pause or holding position without active movement.,r001,Playing Instrument,silver,Gold,,1300.9322416989585,2026-02-23T15:33:46.615222Z,37f4000f-e934-4799-957d-e89dc504fd07
Essential Operation,4314.0,9.0,7,,2026-02-23T15:33:54.465028Z,1135921,6.174,#O A man Y picks dices on the table,Playing an instrument involves core manual tasks with high hand activity.,r001,Playing Instrument,silver,Gold,,1328.5793816989583,2026-02-23T15:33:54.465043Z,37f4000f-e934-4799-957d-e89dc504fd07
Stationary,4315.0,9.0,7,Object Transfer,2026-02-23T15:34:32.320953Z,1135922,35.829,#O A man Y moves cards,"The action described seems to involve moving cards, which typically involves low energy movements.",r001,Playing Instrument,silver,Bad,,1344.2728616989584,2026-02-23T15:34:32.320966Z,37f4000f-e934-4799-957d-e89dc504fd07
Locomotion,4316.0,9.0,7,,2026-02-23T15:34:42.924464Z,1135923,8.87,#O A man Y moves around,"The action describes movement around, which corresponds to body motion through space.",r001,Playing Instrument,silver,Gold,,1439.118957905176,2026-02-23T15:34:42.924478Z,37f4000f-e934-4799-957d-e89dc504fd07
Stationary,4317.0,9.0,7,,2026-02-23T15:34:51.709520Z,1135924,7.036,#O A man Y shakes hand,"Low body/hand motion, implies a pause or interaction rather than active playing.",r001,Playing Instrument,silver,Gold,,1458.610757905176,2026-02-23T15:34:51.709548Z,37f4000f-e934-4799-957d-e89dc504fd07
Object Transfer,4318.0,9.0,7,,2026-02-23T15:34:59.729832Z,1135925,6.409,#O A man Y moves dice on the table,Logistics/moving an object on the table.,r001,Playing Instrument,silver,Gold,,1475.143347905176,2026-02-23T15:34:59.729846Z,37f4000f-e934-4799-957d-e89dc504fd07
Stationary,4319.0,9.0,7,,2026-02-23T15:35:12.965223Z,1135926,11.28,#O A man Y uses gestures,The description 'uses gestures' is not specific enough to indicate active movement or high acceleration. This could imply a stationary action such as conducting or gesturing while talking.,r001,Playing Instrument,silver,Gold,,1552.1589879051758,2026-02-23T15:35:12.965237Z,37f4000f-e934-4799-957d-e89dc504fd07
Essential Operation,4320.0,9.0,7,,2026-02-23T15:35:26.763332Z,1135927,8.373,#C C moves fingers,Core task involving high hand activity.,r001,Playing Instrument,silver,Gold,,1582.962437905176,2026-02-23T15:35:26.763348Z,37f4000f-e934-4799-957d-e89dc504fd07
Object Transfer,4321.0,9.0,7,,2026-02-23T15:35:35.295797Z,1135928,6.142,#C C collects cards from the table.,"Logistics/Setup step, picking up objects.",r001,Playing Instrument,silver,Gold,,1655.4705042803384,2026-02-23T15:35:35.295831Z,37f4000f-e934-4799-957d-e89dc504fd07
Stationary,4322.0,9.0,7,,2026-02-23T15:36:32.799156Z,1135929,55.669,#C C looks on.,"Low body/hand motion, indicating an idle or observational state.",r001,Playing Instrument,silver,Gold,,1683.6778842803385,2026-02-23T15:36:32.799170Z,37f4000f-e934-4799-957d-e89dc504fd07
Essential Operation,4323.0,9.0,7,,2026-02-23T15:36:51.371004Z,1135930,16.452,#O person X does #unsure,Core task involving manual dexterity and fine motor skills.,r001,Playing Instrument,silver,Gold,,1778.8049542803385,2026-02-23T15:36:51.371034Z,37f4000f-e934-4799-957d-e89dc504fd07
Object Transfer,4324.0,9.0,7,,2026-02-23T15:37:03.680509Z,1135931,9.628,#C C drops dices on the table.,Refined via regex fallback,r001,Playing Instrument,silver,Gold,,1798.0438642803383,2026-02-23T15:37:03.680523Z,37f4000f-e934-4799-957d-e89dc504fd07
Object Transfer,4325.0,9.0,7,,2026-02-23T15:37:15.439389Z,1135932,10.009,#O person X collects dices on the table.,Logistics step involving picking up and putting down objects.,r001,Playing Instrument,silver,Gold,,1894.7541742803385,2026-02-23T15:37:15.439422Z,37f4000f-e934-4799-957d-e89dc504fd07
Object Transfer,4326.0,9.0,7,,2026-02-23T15:38:39.300839Z,1135933,6.598,#C C drops cards on the table.,Refined via regex fallback,r001,Playing Instrument,silver,Gold,,1924.5744849098564,2026-02-23T15:38:39.300854Z,37f4000f-e934-4799-957d-e89dc504fd07
Object Transfer,4327.0,9.0,7,,2026-02-23T15:38:49.999087Z,1135934,8.898,#O person X drops the dices.,"[CtxFixed] The action involves a deliberate placement of the dices onto a surface, which fits the criteria for Object Transfer.",r001,Playing Instrument,silver,Gold,,1935.4200349098564,2026-02-23T15:38:49.999115Z,37f4000f-e934-4799-957d-e89dc504fd07
Essential Operation,4328.0,9.0,7,,2026-02-23T15:39:08.791869Z,1135935,13.668,#C C does #unsure,Playing an instrument involves core manual tasks with high hand activity.,r001,Playing Instrument,silver,Gold,,1983.1028649098564,2026-02-23T15:39:08.791882Z,37f4000f-e934-4799-957d-e89dc504fd07
Object Transfer,4329.0,9.0,7,,2026-02-23T15:39:18.773573Z,1135936,8.132,#O person X moves a dice on the table.,"The action involves moving an object (dice), which is a logistics step.",r001,Playing Instrument,silver,Gold,,1988.1636749098564,2026-02-23T15:39:18.773588Z,37f4000f-e934-4799-957d-e89dc504fd07
Object Transfer,4330.0,9.0,7,,2026-02-23T15:39:39.298093Z,1135937,11.431,#C C places the pellet on the table.,Logistics step involving placing an object.,r001,Playing Instrument,silver,Gold,,2183.561483811589,2026-02-23T15:39:39.298106Z,37f4000f-e934-4799-957d-e89dc504fd07
Search,4331.0,9.0,7,,2026-02-23T15:39:48.113452Z,1135938,4.794,#C C looks at her cards.,"Visual search or monitoring, likely with head movement.",r001,Playing Instrument,silver,Gold,,2195.520083811589,2026-02-23T15:39:48.113484Z,37f4000f-e934-4799-957d-e89dc504fd07
Object Transfer,4332.0,9.0,7,,2026-02-23T15:39:56.566432Z,1135939,6.683,#O person X takes a card.,Logistics step involving picking up an item (card).,r001,Playing Instrument,silver,Gold,,2246.476593811589,2026-02-23T15:39:56.566466Z,37f4000f-e934-4799-957d-e89dc504fd07
Stationary,4333.0,9.0,7,,2026-02-23T15:40:06.534891Z,1135940,8.235,#C C shuffles her cards.,The action of shuffling cards is typically performed with one hand while the other hand and the body remain relatively stationary.,r001,Playing Instrument,silver,Gold,,2262.833713811589,2026-02-23T15:40:06.534923Z,37f4000f-e934-4799-957d-e89dc504fd07
Stationary,4334.0,9.0,7,,2026-02-23T15:40:18.453682Z,1135941,10.308,#C C collects a card.,"The action 'collects a card' does not involve significant body or hand movement, indicating a low-energy activity.",r001,Playing Instrument,silver,Gold,,2401.214893811589,2026-02-23T15:40:18.453695Z,37f4000f-e934-4799-957d-e89dc504fd07
Object Transfer,4335.0,9.0,7,,2026-02-23T15:41:11.097794Z,1135942,41.513,#O person X lifts a pellet.,"The action involves picking up an object, which is a logistics step.",r001,Playing Instrument,silver,Gold,,2444.122313811589,2026-02-23T15:41:11.097809Z,37f4000f-e934-4799-957d-e89dc504fd07
Object Transfer,4336.0,9.0,7,,2026-02-23T15:41:18.369556Z,1135943,5.973,#C C puts on the electric kettle,"The action involves picking up and placing the kettle, which is a logistics step.",r001,Cooking,silver,Gold,,24.9624886,2026-02-23T15:41:18.369579Z,39cfed05-9a45-4d70-9ee8-f6579380f6e3
Object Transfer,4337.0,9.0,7,,2026-02-23T15:41:30.532343Z,1135944,7.192,#C C puts the jug in the kitchen cabinet,Logistics step involving placing an object.,r001,Cooking,silver,Gold,,33.5534486,2026-02-23T15:41:30.532377Z,39cfed05-9a45-4d70-9ee8-f6579380f6e3
Object Transfer,4338.0,9.0,7,,2026-02-23T15:41:41.298876Z,1135945,8.722,#C C picks coffee maker from the shelf,Logistics/Setup step involving picking up an object.,r001,Cooking,silver,Gold,,41.7467086,2026-02-23T15:41:41.298894Z,39cfed05-9a45-4d70-9ee8-f6579380f6e3
Object Transfer,4339.0,9.0,7,,2026-02-23T15:41:48.917565Z,1135946,5.804,#C C puts the lid on the table,"Logistics/Setup step, moving an object to a location.",r001,Cooking,silver,Gold,,49.2652586,2026-02-23T15:41:48.917587Z,39cfed05-9a45-4d70-9ee8-f6579380f6e3
Object Transfer,4340.0,9.0,7,,2026-02-23T15:42:08.039319Z,1135947,16.884,#C C scoops #unsure from the storage can,Logistics step involving picking up or transferring an object.,r001,Cooking,silver,Gold,,59.8765486,2026-02-23T15:42:08.039355Z,39cfed05-9a45-4d70-9ee8-f6579380f6e3
Essential Operation,4341.0,9.0,7,Object Transfer,2026-02-23T15:44:56.085384Z,1135948,18.656,#C C scoops #unsure from the glass can,"Core task involving scooping, high hand activity.",r001,Cooking,silver,Bad,,132.47609859999997,2026-02-23T15:44:56.085417Z,39cfed05-9a45-4d70-9ee8-f6579380f6e3
Stationary,4814.0,9.0,7,,2026-02-23T17:36:06.002412Z,1135949,6.721,#C C holds the cooking pan handle,"Low body/hand motion, holding position.",r001,Cooking,silver,Gold,,280.33194860000003,2026-02-23T17:36:06.002445Z,39cfed05-9a45-4d70-9ee8-f6579380f6e3
Object Transfer,4939.0,9.0,7,Essential Operation,2026-02-23T18:07:50.627121Z,1135950,14.229,#C C puts spice on the shelf,Logistics/Setup step involving moving an object to a location.,r001,Cooking,silver,Bad,,308.7265779896485,2026-02-23T18:07:50.627134Z,39cfed05-9a45-4d70-9ee8-f6579380f6e3
Object Transfer,4940.0,9.0,7,,2026-02-23T18:08:01.231114Z,1135951,9.119,#C C turns coffee maker on the table,Logistics step involving picking up and placing the coffee maker.,r001,Cooking,silver,Gold,,338.5592279896485,2026-02-23T18:08:01.231149Z,39cfed05-9a45-4d70-9ee8-f6579380f6e3
Object Transfer,4941.0,9.0,7,,2026-02-23T18:08:11.415874Z,1135952,5.772,#C C closes the coffee maker with the lid,"Closing an object, involves picking up and placing the lid.",r001,Cooking,silver,Gold,,349.0671179896485,2026-02-23T18:08:11.415913Z,39cfed05-9a45-4d70-9ee8-f6579380f6e3
Essential Operation,4942.0,9.0,7,,2026-02-23T18:08:22.081370Z,1135953,8.764,#C C puts a mark on the wall,Marking the wall involves a focused manual task with high hand activity.,r001,Carpentry,silver,Gold,,45.05546,2026-02-23T18:08:22.081404Z,3a9a814d-222f-4712-97b4-a71d9f8b5a4a
Locomotion,4943.0,9.0,7,,2026-02-23T18:08:29.663286Z,1135954,6.182,#C C climb down the ladder,Body moving through space (climbing down). High body acceleration.,r001,Carpentry,silver,Gold,,197.9223,2026-02-23T18:08:29.663300Z,3a9a814d-222f-4712-97b4-a71d9f8b5a4a
Essential Operation,4944.0,9.0,7,,2026-02-23T18:08:38.545092Z,1135955,7.4,#C C hits the screw,Core task involving high hand activity and forceful motion.,r001,Carpentry,silver,Gold,,275.14892,2026-02-23T18:08:38.545125Z,3a9a814d-222f-4712-97b4-a71d9f8b5a4a
Essential Operation,4945.0,9.0,7,,2026-02-23T18:08:45.382045Z,1135956,5.528,#C C drills the screw,Core manual task involving high hand activity.,r001,Carpentry,silver,Gold,,366.91026,2026-02-23T18:08:45.382079Z,3a9a814d-222f-4712-97b4-a71d9f8b5a4a
Locomotion,4946.0,9.0,7,,2026-02-23T18:08:52.206156Z,1135957,5.602,#C C walks towards the dough,Body moving through space (walking).,r001,Cooking,silver,Gold,,18.979945266666665,2026-02-23T18:08:52.206169Z,3b856ad7-6781-473a-b528-357dafb153ac
Object Transfer,5046.0,9.0,7,,2026-02-23T18:34:09.123310Z,1135958,12.852,#C C picks some dough,Logistics step of picking an object.,r001,Cooking,silver,Gold,,102.26665526666666,2026-02-23T18:34:09.123330Z,3b856ad7-6781-473a-b528-357dafb153ac
Object Transfer,5047.0,9.0,7,,2026-02-23T18:34:16.208160Z,1135959,5.136,#C C drops the dough in the wheat flour,[CtxFixed] The action of dropping the dough into the wheat flour can be considered a deliberate placement step in the cooking process.,r001,Cooking,silver,Gold,,103.10014526666666,2026-02-23T18:34:16.208193Z,3b856ad7-6781-473a-b528-357dafb153ac
Essential Operation,5048.0,9.0,7,,2026-02-23T18:34:24.645904Z,1135960,6.756,#O woman X presses the bread,Core task involving manual operation with high hand activity.,r001,Cooking,silver,Gold,,139.99222526666665,2026-02-23T18:34:24.645919Z,3b856ad7-6781-473a-b528-357dafb153ac
Stationary,5049.0,9.0,7,,2026-02-23T18:34:32.990202Z,1135961,6.635,#C C holds the rolling stick with both hands,"Low body/hand motion, holding an object without movement.",r001,Cooking,silver,Gold,,159.20800526666667,2026-02-23T18:34:32.990215Z,3b856ad7-6781-473a-b528-357dafb153ac
Object Transfer,5050.0,9.0,7,,2026-02-23T18:34:42.625911Z,1135962,8.078,#O woman X places the rolled dough on the plate,Logistics step involving picking up and placing the dough.,r001,Cooking,silver,Gold,,162.17442526666667,2026-02-23T18:34:42.625944Z,3b856ad7-6781-473a-b528-357dafb153ac
Essential Operation,5051.0,9.0,7,,2026-02-23T18:34:51.889255Z,1135963,7.464,#C C tosses the dough in the wheat flour,Core task involving high hand activity.,r001,Cooking,silver,Gold,,176.38821526666666,2026-02-23T18:34:51.889269Z,3b856ad7-6781-473a-b528-357dafb153ac
Locomotion,5052.0,9.0,7,Essential Operation,2026-02-23T18:35:24.458534Z,1135964,30.962,#O woman X flips the bread,"The action involves movement through space, likely with a swinging motion of the body or arm.",r001,Cooking,silver,,,211.96724526666665,2026-02-23T18:35:24.458548Z,3b856ad7-6781-473a-b528-357dafb153ac
Object Transfer,5053.0,9.0,7,,2026-02-23T18:35:34.406828Z,1135965,5.718,#C C drops the rolled dough in the cooking pan,"[CtxFixed] The action of dropping the rolled dough into the cooking pan is a deliberate placement, which fits the criteria for 'Object Transfer'.",r001,Cooking,silver,Gold,,231.25801526666663,2026-02-23T18:35:34.406852Z,3b856ad7-6781-473a-b528-357dafb153ac
Essential Operation,5054.0,9.0,7,,2026-02-23T18:35:58.715546Z,1135966,20.441,#C C adjusts the dough,Core task involving hands in a repetitive and focused manner.,r001,Cooking,silver,Gold,,253.46079526666665,2026-02-23T18:35:58.715578Z,3b856ad7-6781-473a-b528-357dafb153ac
Object Transfer,5055.0,9.0,7,,2026-02-23T18:36:06.562503Z,1135967,6.078,#C C puts the sieve on the plate,Logistics step involving picking up and placing the sieve.,r001,Cooking,silver,Gold,,363.2449552666666,2026-02-23T18:36:06.562522Z,3b856ad7-6781-473a-b528-357dafb153ac
Object Transfer,5056.0,9.0,7,,2026-02-23T18:36:14.643456Z,1135968,4.662,#C C removes the sieve from the plate,Logistics/Setup step involving the removal of an object.,r001,Cooking,silver,Gold,,527.3666752666667,2026-02-23T18:36:14.643489Z,3b856ad7-6781-473a-b528-357dafb153ac
Stationary,5057.0,9.0,7,,2026-02-23T18:36:21.716942Z,1135969,5.406,#O A woman Y wears a mitten,"The action described is wearing a mitten, which involves minimal movement.",r001,Cooking,silver,Gold,,604.9880252666667,2026-02-23T18:36:21.716974Z,3b856ad7-6781-473a-b528-357dafb153ac
Object Transfer,5058.0,9.0,7,,2026-02-23T18:36:27.273543Z,1135970,4.049,#O A woman Y picks a spoon,Logistics action of picking up an object.,r001,Cooking,silver,Gold,,618.8512252666667,2026-02-23T18:36:27.273586Z,3b856ad7-6781-473a-b528-357dafb153ac
Essential Operation,5059.0,9.0,7,,2026-02-23T18:36:37.531725Z,1135971,8.801,#C C mixes soup with a spoon,Core task involving high hand activity.,r001,Cooking,silver,Gold,,705.3834452666667,2026-02-23T18:36:37.531759Z,3b856ad7-6781-473a-b528-357dafb153ac
Essential Operation,5060.0,9.0,7,,2026-02-23T18:36:44.326970Z,1135972,5.449,#C C cuts paratha,Core task involving high hand activity.,r001,Cooking,silver,Gold,,739.4111352666667,2026-02-23T18:36:44.327003Z,3b856ad7-6781-473a-b528-357dafb153ac
Essential Operation,5061.0,9.0,7,,2026-02-23T18:36:53.958895Z,1135973,4.933,#O A woman Y cuts paratha,"Core task, high hand activity.",r001,Cooking,silver,Gold,,739.4111352666667,2026-02-23T18:36:53.958927Z,3b856ad7-6781-473a-b528-357dafb153ac
Essential Operation,5062.0,9.0,7,,2026-02-23T18:37:05.545724Z,1135974,9.873,#C C dips paratha in soup,Core manual task involving hand movement.,r001,Cooking,silver,Gold,,754.4037752666667,2026-02-23T18:37:05.545759Z,3b856ad7-6781-473a-b528-357dafb153ac
Stationary,5063.0,9.0,7,,2026-02-23T18:37:12.736837Z,1135975,5.416,#C C eats the roti,"Low body/hand motion, eating involves minimal movement.",r001,Cooking,silver,Gold,,857.4758952666667,2026-02-23T18:37:12.736875Z,3b856ad7-6781-473a-b528-357dafb153ac
Object Transfer,5064.0,9.0,7,,2026-02-23T18:37:19.145939Z,1135976,4.775,#C C puts the roti on the plate,Logistics step involving picking up and placing the roti on the plate.,r001,Cooking,silver,Gold,,890.8925652666667,2026-02-23T18:37:19.145972Z,3b856ad7-6781-473a-b528-357dafb153ac
Essential Operation,5065.0,9.0,7,,2026-02-23T18:37:25.493188Z,1135977,4.861,#C C dips the roti in the soup,Core task involving manipulation of objects with high hand activity.,r001,Cooking,silver,Gold,,927.7476452666668,2026-02-23T18:37:25.493203Z,3b856ad7-6781-473a-b528-357dafb153ac
Object Transfer,5066.0,9.0,7,,2026-02-23T18:37:43.293637Z,1135978,6.757,#O a lady X puts dirt on the side of the plate,Refined via regex fallback,r001,Cooking,silver,Gold,,1179.0391019333333,2026-02-23T18:37:43.293669Z,3b856ad7-6781-473a-b528-357dafb153ac
Stationary,5067.0,9.0,7,,2026-02-23T18:37:51.872589Z,1135979,7.062,#O a lady X eats,"Low body/hand motion, eating involves minimal movement.",r001,Cooking,silver,Gold,,1187.9709919333334,2026-02-23T18:37:51.872604Z,3b856ad7-6781-473a-b528-357dafb153ac
Object Transfer,5068.0,9.0,7,,2026-02-23T18:38:00.253262Z,1135980,6.813,#O a lady X puts the mango peel on the side of the plate,Logistics step of moving the mango peel to the side of the plate.,r001,Cooking,silver,Gold,,1201.8906419333332,2026-02-23T18:38:00.253295Z,3b856ad7-6781-473a-b528-357dafb153ac
Stationary,4342.0,9.0,7,,2026-02-23T15:45:18.354850Z,1135981,20.39,#C C eats chapati,"Low body/hand motion, eating is a relatively stationary action.",r001,Cooking,silver,Gold,,1225.5989719333334,2026-02-23T15:45:18.354864Z,3b856ad7-6781-473a-b528-357dafb153ac
Object Transfer,4343.0,9.0,7,,2026-02-23T15:45:27.274482Z,1135982,6.872,#O a lady X picks #unsure from the bowl,Logistics step involving picking an object.,r001,Cooking,silver,Gold,,1356.1522019333331,2026-02-23T15:45:27.274502Z,3b856ad7-6781-473a-b528-357dafb153ac
Object Transfer,4344.0,9.0,7,,2026-02-23T15:45:35.939890Z,1135983,6.737,#C C picks taco.,"Logistics step, picking up an object.",r001,Cooking,silver,Gold,,1387.9488719333333,2026-02-23T15:45:35.939908Z,3b856ad7-6781-473a-b528-357dafb153ac
Object Transfer,4345.0,9.0,7,,2026-02-23T15:45:45.306342Z,1135984,5.38,#O woman X lifts a bowl.,Logistics action involving lifting an object.,r001,Cooking,silver,Gold,,1430.5488719333332,2026-02-23T15:45:45.306406Z,3b856ad7-6781-473a-b528-357dafb153ac
Stationary,4346.0,9.0,7,,2026-02-23T15:45:52.906278Z,1135985,5.494,#C C eats food from a spoon.,"Low body/hand motion, eating involves minimal movement.",r001,Cooking,silver,Gold,,1436.5443419333333,2026-02-23T15:45:52.906311Z,3b856ad7-6781-473a-b528-357dafb153ac
Stationary,4347.0,9.0,7,,2026-02-23T15:46:00.264670Z,1135986,5.552,#C C eats the taco piece.,"Low body/hand motion, eating is a relatively stationary action.",r001,Cooking,silver,Gold,,1457.7882419333332,2026-02-23T15:46:00.264684Z,3b856ad7-6781-473a-b528-357dafb153ac
Essential Operation,4348.0,9.0,7,,2026-02-23T15:46:14.205451Z,1135987,10.107,#C C stirs soup with spoon.,Core task involving repetitive hand movements.,r001,Cooking,silver,Gold,,1469.539731933333,2026-02-23T15:46:14.205484Z,3b856ad7-6781-473a-b528-357dafb153ac
Object Transfer,4349.0,9.0,7,,2026-02-23T15:46:21.601359Z,1135988,5.447,#C C puts spoon in the bowl.,"Logistics step, short burst of hand activity.",r001,Cooking,silver,Gold,,1476.694801933333,2026-02-23T15:46:21.601372Z,3b856ad7-6781-473a-b528-357dafb153ac
Stationary,4350.0,9.0,7,,2026-02-23T15:46:29.108512Z,1135989,5.719,#C C drinks soup from the bowl.,"Low body/hand motion, primarily involving the mouth.",r001,Cooking,silver,Gold,,1510.9736419333333,2026-02-23T15:46:29.108526Z,3b856ad7-6781-473a-b528-357dafb153ac
Essential Operation,4351.0,9.0,7,Stationary,2026-02-23T15:48:27.170621Z,1135990,116.188,#O woman X eats with hand.,"Direct interaction with food, involving high hand activity.",r001,Cooking,silver,Bad,,1516.053051933333,2026-02-23T15:48:27.170654Z,3b856ad7-6781-473a-b528-357dafb153ac
Stationary,4352.0,9.0,7,,2026-02-23T15:48:39.533782Z,1135991,10.381,#C C adjusts hand.,"Low body/hand motion, likely fine adjustment.",r001,Cooking,silver,Gold,,1536.7493619333334,2026-02-23T15:48:39.533815Z,3b856ad7-6781-473a-b528-357dafb153ac
Object Transfer,4353.0,9.0,7,,2026-02-23T15:48:51.248762Z,1135992,5.396,#C C puts the mango piece in a plate.,Logistics step involving picking up and placing the mango piece.,r001,Cooking,silver,Gold,,1603.4966019333333,2026-02-23T15:48:51.248795Z,3b856ad7-6781-473a-b528-357dafb153ac
Stationary,4354.0,9.0,7,,2026-02-23T15:50:00.946968Z,1135993,14.012,#O woman X operates a phone.,Operating a phone typically involves minimal body movement and can be considered a stationary activity.,r001,Cooking,silver,Gold,,1625.6011719333333,2026-02-23T15:50:00.946993Z,3b856ad7-6781-473a-b528-357dafb153ac
Object Transfer,4355.0,9.0,7,,2026-02-23T15:50:15.015869Z,1135994,11.204,#C C drops the mango peel in the plate.,Refined via regex fallback,r001,Cooking,silver,Gold,,1628.7677019333332,2026-02-23T15:50:15.015893Z,3b856ad7-6781-473a-b528-357dafb153ac
Object Transfer,4356.0,9.0,7,,2026-02-23T15:50:41.068311Z,1135995,24.283,#C C picks a mango piece.,Logistics step involving picking up an object.,r001,Cooking,silver,Gold,,1630.2033519333334,2026-02-23T15:50:41.068324Z,3b856ad7-6781-473a-b528-357dafb153ac
Essential Operation,4357.0,9.0,7,,2026-02-23T15:51:17.559858Z,1135996,300.447,#C C eats from the mango peel.,Core task involving manual manipulation and consumption.,r001,Cooking,silver,Gold,,1651.0234919333334,2026-02-23T15:59:30.495704Z,3b856ad7-6781-473a-b528-357dafb153ac
Object Transfer,4358.0,9.0,7,,2026-02-23T15:51:25.420566Z,1135997,6.106,#C C drops the peel in the plate.,Refined via regex fallback,r001,Cooking,silver,Gold,,1671.2276919333333,2026-02-23T15:51:25.420590Z,3b856ad7-6781-473a-b528-357dafb153ac
Essential Operation,4359.0,9.0,7,,2026-02-23T15:51:35.992935Z,1135998,7.184,#C C adjusts a mango piece.,Core task involving precise hand movements.,r001,Cooking,silver,Gold,,1739.3593619333333,2026-02-23T15:51:35.992957Z,3b856ad7-6781-473a-b528-357dafb153ac
Stationary,4360.0,9.0,7,,2026-02-23T15:52:10.534124Z,1135999,8.21,#C C eats the mango piece.,"Low body/hand motion, eating is a relatively still activity.",r001,Cooking,silver,Gold,,1740.3695319333333,2026-02-23T15:52:10.534157Z,3b856ad7-6781-473a-b528-357dafb153ac
Search,4361.0,9.0,7,,2026-02-23T15:59:39.401081Z,1136000,6.491,#C C views the mango peel.,"Visual inspection, likely involves head movement.",r001,Cooking,silver,Gold,,1847.7119319333333,2026-02-23T15:59:39.401113Z,3b856ad7-6781-473a-b528-357dafb153ac
Object Transfer,4362.0,9.0,7,,2026-02-23T15:59:47.778560Z,1136001,6.596,#C C puts the bowl on a bowl.,Logistics/Setup step involving picking up and placing an object.,r001,Cooking,silver,Gold,,1858.1735219333327,2026-02-23T15:59:47.778582Z,3b856ad7-6781-473a-b528-357dafb153ac
Object Transfer,4363.0,9.0,7,,2026-02-23T16:01:41.888091Z,1136002,112.353,#O woman X arranges a bowl on the plate.,Logistics step involving placing an object (arranging a bowl on a plate).,r001,Cooking,silver,Gold,,1864.7542919333328,2026-02-23T16:01:41.888107Z,3b856ad7-6781-473a-b528-357dafb153ac
Object Transfer,4364.0,9.0,7,,2026-02-23T16:01:50.334495Z,1136003,6.261,#O woman X drops dirt in a bowl.,Refined via regex fallback,r001,Cooking,silver,Gold,,1876.193991933333,2026-02-23T16:01:50.334509Z,3b856ad7-6781-473a-b528-357dafb153ac
Stationary,4365.0,9.0,7,,2026-02-23T16:02:19.356984Z,1136004,26.749,#C C aligns the plastic pack,"Low body/hand motion, aligning an object is a precise, stationary task.",r001,Cooking,silver,Gold,,16.9707396,2026-02-23T16:02:19.356999Z,3b989129-a310-4aa9-85f5-e5e9a90df99b
Object Transfer,4366.0,9.0,7,,2026-02-23T16:02:28.452742Z,1136005,7.061,#C C places cooking stick on the countertop,Logistics step involving placing an object.,r001,Cooking,silver,Gold,,168.0692796,2026-02-23T16:02:28.452756Z,3b989129-a310-4aa9-85f5-e5e9a90df99b
Locomotion,4367.0,9.0,7,,2026-02-23T16:02:43.744146Z,1136006,10.967,#C C lifts pan,"Movement of the body or object through space, likely involves lifting which can be associated with body acceleration.",r001,Cooking,silver,Gold,,400.9502186458333,2026-02-23T16:02:43.744179Z,3b989129-a310-4aa9-85f5-e5e9a90df99b
Essential Operation,4368.0,9.0,7,,2026-02-23T16:03:43.170195Z,1136007,18.537,#C C tilts pan,"Core task involving manipulation of an object, high hand activity.",r001,Cooking,silver,Gold,,434.2471186458333,2026-02-23T16:03:43.170230Z,3b989129-a310-4aa9-85f5-e5e9a90df99b
Essential Operation,4369.0,9.0,7,,2026-02-23T16:03:50.871600Z,1136008,5.976,#C C stirs #unsure on pan,Core task involving high hand activity.,r001,Cooking,silver,Gold,,447.79483864583335,2026-02-23T16:03:50.871614Z,3b989129-a310-4aa9-85f5-e5e9a90df99b
Essential Operation,4370.0,9.0,7,Object Transfer,2026-02-23T16:04:07.758979Z,1136009,15.101,#C C pours icing sugar on the cooking pan,Core task involving high hand activity.,r001,Cooking,silver,Gold,,638.0837709546634,2026-02-23T16:04:07.759011Z,3b989129-a310-4aa9-85f5-e5e9a90df99b
Essential Operation,4371.0,9.0,7,,2026-02-23T16:04:16.227452Z,1136010,6.682,#C C spreads icing sugar on the cooking pan,Core task involving fine hand movements.,r001,Cooking,silver,Gold,,682.0399009546634,2026-02-23T16:04:16.227472Z,3b989129-a310-4aa9-85f5-e5e9a90df99b
Object Transfer,4815.0,9.0,7,,2026-02-23T17:36:14.749911Z,1136011,7.431,#C C throws the eggshell in the dustbin,Logistics step involving picking up and disposing of an object.,r001,Cooking,silver,Gold,,824.0665209546635,2026-02-23T17:36:14.749926Z,3b989129-a310-4aa9-85f5-e5e9a90df99b
Essential Operation,4816.0,9.0,7,,2026-02-23T17:36:27.031936Z,1136012,7.984,#C C hits an egg on the countertop,Core task involving manual action with high hand acceleration.,r001,Cooking,silver,Gold,,834.7996709546634,2026-02-23T17:36:27.031970Z,3b989129-a310-4aa9-85f5-e5e9a90df99b
Stationary,4817.0,9.0,7,,2026-02-23T17:36:35.516794Z,1136013,4.882,#C C holds the can,"Low body/hand motion, holding an object without movement.",r001,Cooking,silver,Gold,,955.3271409546634,2026-02-23T17:36:35.516828Z,3b989129-a310-4aa9-85f5-e5e9a90df99b
Essential Operation,4818.0,9.0,7,,2026-02-23T17:36:44.459539Z,1136014,7.327,#C C pours the egg in the chopper bowl,Core task involving high hand activity.,r001,Cooking,silver,Gold,,960.9725709546634,2026-02-23T17:36:44.459570Z,3b989129-a310-4aa9-85f5-e5e9a90df99b
Object Transfer,4819.0,9.0,7,,2026-02-23T17:36:54.728840Z,1136015,8.833,#C C places the flavor bottle on the countertop,Logistics step involving the placement of an object.,r001,Cooking,silver,Gold,,1110.7338709546632,2026-02-23T17:36:54.728862Z,3b989129-a310-4aa9-85f5-e5e9a90df99b
Object Transfer,4820.0,9.0,7,,2026-02-23T17:37:03.542843Z,1136016,5.732,#C C inserts the plug in the socket,"Logistics step, short burst of hand activity.",r001,Cooking,silver,Gold,,1126.3158409546634,2026-02-23T17:37:03.542875Z,3b989129-a310-4aa9-85f5-e5e9a90df99b
Stationary,4821.0,9.0,7,,2026-02-23T17:37:15.924962Z,1136017,9.298,#C C holds the chopper bowl,"Holding an object without moving it around, low energy activity.",r001,Cooking,silver,Gold,,1187.0231209546632,2026-02-23T17:37:15.924977Z,3b989129-a310-4aa9-85f5-e5e9a90df99b
Object Transfer,4822.0,9.0,7,,2026-02-23T17:37:25.122405Z,1136018,6.988,#C C picks the packet of cream,Logistics step involving picking up an object.,r001,Cooking,silver,Gold,,1289.6270709546634,2026-02-23T17:37:25.122419Z,3b989129-a310-4aa9-85f5-e5e9a90df99b
Essential Operation,4823.0,9.0,7,,2026-02-23T17:37:33.892788Z,1136019,7.177,#C C unwraps the cream,Core manual task involving hand activity.,r001,Cooking,silver,Gold,,1292.4473309546634,2026-02-23T17:37:33.892803Z,3b989129-a310-4aa9-85f5-e5e9a90df99b
Essential Operation,4824.0,9.0,7,,2026-02-23T17:37:43.599082Z,1136020,5.175,#C C pours the ingredient in the chopper bowl,Core task involving manual operation with high hand activity.,r001,Cooking,silver,Gold,,1370.195900954663,2026-02-23T17:37:43.599098Z,3b989129-a310-4aa9-85f5-e5e9a90df99b
Object Transfer,4825.0,9.0,7,,2026-02-23T17:37:52.102308Z,1136021,6.39,#C C picks the motor,Logistics/Setup step.,r001,Cooking,silver,Gold,,1410.3815609546632,2026-02-23T17:37:52.102322Z,3b989129-a310-4aa9-85f5-e5e9a90df99b
Essential Operation,4826.0,9.0,7,,2026-02-23T17:38:01.492286Z,1136022,7.08,#C C attaches the motor on the chopper bowl,"Core task involving manual assembly, high hand activity.",r001,Cooking,silver,Gold,,1412.2142909546633,2026-02-23T17:38:01.492302Z,3b989129-a310-4aa9-85f5-e5e9a90df99b
Essential Operation,4827.0,9.0,7,,2026-02-23T17:38:09.878800Z,1136023,6.547,#C C disconnects the blade from the chopper bowl,Core manual task involving hand manipulation.,r001,Cooking,silver,Gold,,1428.8631709546632,2026-02-23T17:38:09.878834Z,3b989129-a310-4aa9-85f5-e5e9a90df99b
Object Transfer,4828.0,9.0,7,,2026-02-23T17:38:17.033252Z,1136024,5.722,#C C places the can in the fridge,Logistics step involving picking up and placing an object.,r001,Cooking,silver,Gold,,1614.3966209546631,2026-02-23T17:38:17.033286Z,3b989129-a310-4aa9-85f5-e5e9a90df99b
Object Transfer,4829.0,9.0,7,,2026-02-23T17:38:24.081695Z,1136025,5.568,#C C places the chopper bowl on the countertop,Logistics step involving the placement of an object.,r001,Cooking,silver,Gold,,1627.935210954663,2026-02-23T17:38:24.081729Z,3b989129-a310-4aa9-85f5-e5e9a90df99b
Object Transfer,4830.0,9.0,7,,2026-02-23T17:38:29.973440Z,1136026,4.485,#C C places the chopper bowl on the rack,Logistics step involving placing an object.,r001,Cooking,silver,Gold,,1679.7666709546631,2026-02-23T17:38:29.973475Z,3b989129-a310-4aa9-85f5-e5e9a90df99b
Object Transfer,4831.0,9.0,7,,2026-02-23T17:38:36.697618Z,1136027,5.265,#C C places the whisk in the bowl,"Logistics step, placing an object.",r001,Cooking,silver,Gold,,1686.496290954663,2026-02-23T17:38:36.697632Z,3b989129-a310-4aa9-85f5-e5e9a90df99b
Object Transfer,4832.0,9.0,7,,2026-02-23T17:38:51.813433Z,1136028,10.359,#C C places the whisk on the rack,"Logistics/Setup step, placing object.",r001,Cooking,silver,Gold,,1706.351730954663,2026-02-23T17:38:51.813449Z,3b989129-a310-4aa9-85f5-e5e9a90df99b
Object Transfer,4833.0,9.0,7,,2026-02-23T17:38:59.336712Z,1136029,5.717,#C C picks the detergent,"Logistics step, picking up an object.",r001,Cooking,silver,Gold,,1707.9961409546631,2026-02-23T17:38:59.336746Z,3b989129-a310-4aa9-85f5-e5e9a90df99b
Object Transfer,4834.0,9.0,7,,2026-02-23T17:39:05.747436Z,1136030,4.437,#C C picks the sponge,"Logistics/Setup step, picking up an object.",r001,Cooking,silver,Gold,,1707.9961409546631,2026-02-23T17:39:05.747450Z,3b989129-a310-4aa9-85f5-e5e9a90df99b
Essential Operation,4835.0,9.0,7,,2026-02-23T17:39:14.284405Z,1136031,6.952,#C C rinses the chopper adapter,"Core task involving hand activity, specifically washing.",r001,Cooking,silver,Gold,,1754.532000954663,2026-02-23T17:39:14.284419Z,3b989129-a310-4aa9-85f5-e5e9a90df99b
Essential Operation,4836.0,9.0,7,Object Transfer,2026-02-23T17:39:21.453245Z,1136032,32.685,#C C drags the cooking pan in the sink,Dragging the pan involves high hand activity and is a core task in the cooking process.,r001,Cooking,silver,Bad,,1791.3904909546632,2026-02-23T17:39:58.138862Z,3b989129-a310-4aa9-85f5-e5e9a90df99b
Object Transfer,4837.0,9.0,7,,2026-02-23T17:40:06.584873Z,1136033,6.685,#C C places the blade on the rack,"Logistics step, placing an object.",r001,Cooking,silver,,Skip,1795.926740954663,2026-02-23T17:40:06.584908Z,3b989129-a310-4aa9-85f5-e5e9a90df99b
Stationary,4838.0,9.0,7,,2026-02-23T17:40:43.131753Z,1136034,7.056,#C C holds the dumbbell with one hand,Holding an object with minimal movement.,r001,Desk Work,silver,Gold,,67.2335086,2026-02-23T17:40:43.131786Z,3e287c36-44a8-4871-b090-dbd352392181
Essential Operation,4839.0,9.0,7,,2026-02-23T17:40:57.586180Z,1136035,13.149,#C C exercises with a dumbbell,Core manual task involving high hand activity.,r001,Desk Work,silver,Gold,,286.2409092695843,2026-02-23T17:40:57.586212Z,3e287c36-44a8-4871-b090-dbd352392181
Essential Operation,4840.0,9.0,7,Object Transfer,2026-02-23T17:41:18.034457Z,1136036,15.734,#C C lifts up dumbbell,Core task involving high hand activity.,r001,Desk Work,silver,Bad,,375.6997692695843,2026-02-23T17:41:18.034471Z,3e287c36-44a8-4871-b090-dbd352392181
Object Transfer,4841.0,9.0,7,,2026-02-23T17:41:26.496765Z,1136037,6.447,#C C picks up dumbbell,Logistics step involving picking up an object.,r001,Desk Work,silver,Gold,,455.1730092695843,2026-02-23T17:41:26.496798Z,3e287c36-44a8-4871-b090-dbd352392181
Search,4842.0,9.0,7,,2026-02-23T17:41:33.666527Z,1136038,5.743,#C C looks at himself through the phone camera,"Visual search or monitoring (looking at himself through the phone camera), low hand activity.",r001,Cooking,silver,Gold,,7.3021796,2026-02-23T17:41:33.666542Z,408cd48d-2156-4d5c-b8fd-8beccf301066
Object Transfer,4843.0,9.0,7,Essential Operation,2026-02-23T17:41:56.501836Z,1136039,21.258,#C C sweeps under the curtain,"Logistics action involving sweeping, which is a transfer of motion/energy to an object.",r001,Cooking,silver,Bad,,180.4138796,2026-02-23T17:41:56.501870Z,408cd48d-2156-4d5c-b8fd-8beccf301066
Stationary,4844.0,9.0,7,,2026-02-23T17:42:06.541488Z,1136040,7.869,#C C leans the brush against the wall,"Low body/hand motion, setting down an object.",r001,Cooking,silver,Gold,,265.5593996,2026-02-23T17:42:06.541521Z,408cd48d-2156-4d5c-b8fd-8beccf301066
Locomotion,4372.0,9.0,7,,2026-02-23T16:04:24.054727Z,1136041,6.026,#Sweeps the floor with the brush,"Body movement through space, likely involves sweeping motions with the brush.",r001,Cooking,silver,Gold,,316.7370109546634,2026-02-23T16:04:24.054762Z,408cd48d-2156-4d5c-b8fd-8beccf301066
Essential Operation,4373.0,9.0,7,,2026-02-23T16:04:33.465196Z,1136042,6.605,#C C wipes the dirt on the table with his hand,Core task involving high hand activity.,r001,Cooking,silver,Gold,,484.9461509546634,2026-02-23T16:04:33.465215Z,408cd48d-2156-4d5c-b8fd-8beccf301066
Object Transfer,4374.0,9.0,7,,2026-02-23T16:04:44.693116Z,1136043,6.548,#C C drops the kitenge on the couch,"[CtxFixed] The action involves deliberately placing the kitenge onto the couch, which fits the definition of a deliberate placement.",r001,Cooking,silver,Gold,,713.3911309546634,2026-02-23T16:04:44.693135Z,408cd48d-2156-4d5c-b8fd-8beccf301066
Locomotion,4375.0,9.0,7,,2026-02-23T16:04:51.484334Z,1136044,5.053,#C C sweeps the floor with the brush,"Movement through space while performing a sweeping action, involves significant body acceleration.",r001,Cooking,silver,Gold,,823.3915109546633,2026-02-23T16:04:51.484366Z,408cd48d-2156-4d5c-b8fd-8beccf301066
Object Transfer,4376.0,9.0,7,,2026-02-23T16:05:35.970299Z,1136045,5.545,#C C drops the shoes on the floor,Refined via regex fallback,r001,Cooking,silver,Gold,,932.8879709546634,2026-02-23T16:05:35.970331Z,408cd48d-2156-4d5c-b8fd-8beccf301066
Object Transfer,4377.0,9.0,7,,2026-02-23T16:05:48.823854Z,1136046,11.08,#C C puts the dustbin on the floor,Logistics step involving moving an object.,r001,Cooking,silver,Gold,,997.7870309546634,2026-02-23T16:05:48.823868Z,408cd48d-2156-4d5c-b8fd-8beccf301066
Essential Operation,4378.0,9.0,7,,2026-02-23T16:05:56.315803Z,1136047,5.845,#C C Wipes the table with a paper towel,Core task involving high hand activity.,r001,Cooking,silver,Gold,,1140.9406609546634,2026-02-23T16:05:56.315837Z,408cd48d-2156-4d5c-b8fd-8beccf301066
Essential Operation,4379.0,9.0,7,,2026-02-23T16:06:09.466283Z,1136048,11.682,#C C Cuts another piece of paper towel,"Core task, high hand activity.",r001,Cooking,silver,Gold,,1153.7109509546633,2026-02-23T16:06:09.466297Z,408cd48d-2156-4d5c-b8fd-8beccf301066
Object Transfer,4380.0,9.0,7,,2026-02-23T16:06:22.467221Z,1136049,8.474,#C C Opens the waste bin,Logistics step involving opening an object.,r001,Cooking,silver,Gold,,1285.4217509546634,2026-02-23T16:06:22.467254Z,408cd48d-2156-4d5c-b8fd-8beccf301066
Object Transfer,4381.0,9.0,7,Essential Operation,2026-02-23T16:06:46.068811Z,1136050,32.143,#C C Covers the container with polythene paper,Logistics step involving covering an object.,r001,Cooking,silver,Gold,,1339.9200309546632,2026-02-23T16:07:15.361965Z,408cd48d-2156-4d5c-b8fd-8beccf301066
Object Transfer,4382.0,9.0,7,,2026-02-23T16:07:02.993325Z,1136051,15.141,#C C Removes the capsicum from the polythene paper,Logistics/Setup step involving the removal of an object.,r001,Cooking,silver,Gold,,1483.6339709546633,2026-02-23T16:07:02.993359Z,408cd48d-2156-4d5c-b8fd-8beccf301066
Object Transfer,4383.0,9.0,7,,2026-02-23T16:07:25.518530Z,1136052,8.421,#C C Opens the microwave,Logistics/Setup step (opening a drawer or container).,r001,Cooking,silver,Gold,,1612.6054609546632,2026-02-23T16:07:25.518566Z,408cd48d-2156-4d5c-b8fd-8beccf301066
Object Transfer,4384.0,9.0,7,,2026-02-23T16:07:34.778783Z,1136053,7.306,#C C Removes a plate of tortilla from the microwave,Logistics step involving picking up and moving an object.,r001,Cooking,silver,Gold,,1629.5182409546633,2026-02-23T16:07:34.778823Z,408cd48d-2156-4d5c-b8fd-8beccf301066
Object Transfer,4385.0,9.0,7,,2026-02-23T16:07:45.809795Z,1136054,9.45,#C C Picks the flatbreads from the fridge,Logistics step involving picking up an object.,r001,Cooking,silver,Gold,,1649.499690954663,2026-02-23T16:07:45.809814Z,408cd48d-2156-4d5c-b8fd-8beccf301066
Object Transfer,4386.0,9.0,7,,2026-02-23T16:07:53.621411Z,1136055,6.178,#C C Closes the tin with a lid,Logistics step involving picking up and placing the lid on the tin.,r001,Cooking,silver,Gold,,1753.181790954663,2026-02-23T16:07:53.621443Z,408cd48d-2156-4d5c-b8fd-8beccf301066
Object Transfer,4387.0,9.0,7,,2026-02-23T16:08:04.435593Z,1136056,9.337,#C C takes the packed food on the table,Logistics step involving picking up and moving an object.,r001,Cooking,silver,Gold,,65.2300686,2026-02-23T16:08:04.435607Z,40a4de2a-a6e6-46eb-a7cf-cd79fae7c5f8
Object Transfer,4388.0,9.0,7,,2026-02-23T16:08:14.234651Z,1136057,5.036,#C C opens the drawer door,Logistics/Setup step.,r001,Cooking,silver,Gold,,82.9031986,2026-02-23T16:08:14.234683Z,40a4de2a-a6e6-46eb-a7cf-cd79fae7c5f8
Essential Operation,4389.0,9.0,7,,2026-02-23T16:08:26.833997Z,1136058,10.662,#C C separates garlic pieces,Core manual task involving high hand activity.,r001,Cooking,silver,Gold,,350.81408860000005,2026-02-23T16:08:26.834012Z,40a4de2a-a6e6-46eb-a7cf-cd79fae7c5f8
Stationary,4390.0,9.0,7,,2026-02-23T16:08:53.325699Z,1136059,24.734,#C C tears pack #Unsure,The action of tearing a pack is a quick motion but does not involve significant body movement.,r001,Cooking,silver,Gold,,555.8451193319112,2026-02-23T16:08:53.325713Z,40a4de2a-a6e6-46eb-a7cf-cd79fae7c5f8
Essential Operation,4391.0,9.0,7,,2026-02-23T16:09:16.225078Z,1136060,21.155,#C C shakes mixture in the bottle,Core task involving high hand activity.,r001,Cooking,silver,Gold,,591.7645893319112,2026-02-23T16:09:16.225092Z,40a4de2a-a6e6-46eb-a7cf-cd79fae7c5f8
Object Transfer,4392.0,9.0,7,,2026-02-23T16:09:27.271785Z,1136061,8.837,#C C removes bottle from blender,Logistics/Setup step involving the removal of an object.,r001,Cooking,silver,Gold,,608.7472693319112,2026-02-23T16:09:27.271800Z,40a4de2a-a6e6-46eb-a7cf-cd79fae7c5f8
Object Transfer,4393.0,9.0,7,,2026-02-23T16:09:37.305991Z,1136062,8.571,#C C places lid on counter top,Logistics step involving placement of an object.,r001,Cooking,silver,Gold,,689.4448993319112,2026-02-23T16:09:37.306025Z,40a4de2a-a6e6-46eb-a7cf-cd79fae7c5f8
Object Transfer,4394.0,9.0,7,,2026-02-23T16:09:46.155338Z,1136063,7.42,#C C pulls baking tray from oven,Logistics of moving the baking tray from the oven.,r001,Cooking,silver,Gold,,707.1660993319113,2026-02-23T16:09:46.155377Z,40a4de2a-a6e6-46eb-a7cf-cd79fae7c5f8
Object Transfer,4395.0,9.0,7,,2026-02-23T16:10:46.451302Z,1136064,58.588,#C C puts the tomato aside,Logistics step involving picking up and placing down an object.,r001,Cooking,silver,Gold,,847.892807613672,2026-02-23T16:10:46.451316Z,40a4de2a-a6e6-46eb-a7cf-cd79fae7c5f8
Object Transfer,4396.0,9.0,7,,2026-02-23T16:10:56.555233Z,1136065,4.575,#C C takes the tomato,Logistics/Setup step.,r001,Cooking,silver,Gold,,864.443507613672,2026-02-23T16:10:56.555266Z,40a4de2a-a6e6-46eb-a7cf-cd79fae7c5f8
Stationary,4397.0,9.0,7,,2026-02-23T16:11:04.161913Z,1136066,5.88,#C C wipes the face,"Low body/hand motion, likely involves minimal movement.",r001,Cooking,silver,Gold,,1009.137657613672,2026-02-23T16:11:04.161932Z,40a4de2a-a6e6-46eb-a7cf-cd79fae7c5f8
Object Transfer,4398.0,9.0,7,,2026-02-23T16:11:28.765037Z,1136067,23.059,#C C carries the chopping board with onions,Logistics step of moving the chopping board with onions.,r001,Cooking,silver,Gold,,1458.1857983031705,2026-02-23T16:11:28.765052Z,40a4de2a-a6e6-46eb-a7cf-cd79fae7c5f8
Search,4399.0,9.0,7,,2026-02-23T16:11:35.637657Z,1136068,5.232,#C C checks #unsure on the grill,"Head movement (visual search), hands mostly still.",r001,Cooking,silver,Gold,,1517.1871083031706,2026-02-23T16:11:35.637689Z,40a4de2a-a6e6-46eb-a7cf-cd79fae7c5f8
Object Transfer,4400.0,9.0,7,,2026-02-23T16:11:43.102725Z,1136069,5.213,#C C takes a knife from the table,"Logistics/Setup step, picking up an object.",r001,Cooking,silver,Gold,,1642.490851041406,2026-02-23T16:11:43.102758Z,40a4de2a-a6e6-46eb-a7cf-cd79fae7c5f8
Object Transfer,4401.0,9.0,7,,2026-02-23T16:11:49.830921Z,1136070,5.304,#C C takes the butter slices from the chopping board,Logistics step involving picking up and moving an object.,r001,Cooking,silver,Gold,,1670.295561041406,2026-02-23T16:11:49.830935Z,40a4de2a-a6e6-46eb-a7cf-cd79fae7c5f8
Search,5069.0,9.0,7,,2026-02-23T18:38:08.421227Z,1136071,6.685,#C C searches for #unsure in the kitchen cabinet,"Head movement (visual search), hands mostly still.",r001,Cooking,silver,Gold,,1738.574351041406,2026-02-23T18:38:08.421240Z,40a4de2a-a6e6-46eb-a7cf-cd79fae7c5f8
Essential Operation,4947.0,9.0,7,,2026-02-23T18:09:00.634370Z,1136072,6.366,#C C mixes the vegetable mixture in the bowl with a spoon,Core manual task involving high hand activity.,r001,Cooking,silver,Gold,,1774.024591041406,2026-02-23T18:09:00.634402Z,40a4de2a-a6e6-46eb-a7cf-cd79fae7c5f8
Object Transfer,4948.0,9.0,7,Essential Operation,2026-02-23T18:09:13.639619Z,1136073,11.03,#C C serves vegetable mixture on a plate,Logistics step involving picking up and placing the vegetable mixture on a plate.,r001,Cooking,silver,Bad,,1777.4520010414062,2026-02-23T18:09:13.639643Z,40a4de2a-a6e6-46eb-a7cf-cd79fae7c5f8
Object Transfer,4949.0,9.0,7,,2026-02-23T18:09:43.551838Z,1136074,8.48,#C C puts the papers on a large paper,"Logistics step of placing papers, short bursts of hand activity.",r001,Carpentry,silver,Gold,,7.69811,2026-02-23T18:09:43.551871Z,40a83cc4-0e1e-4de4-8a7b-d028ecd0c214
Stationary,4950.0,9.0,7,,2026-02-23T18:09:58.313077Z,1136075,8.762,#C C gestures out,"Low body/hand motion, likely involves minimal movement.",r001,Carpentry,silver,Gold,,18.20426,2026-02-23T18:09:58.313091Z,40a83cc4-0e1e-4de4-8a7b-d028ecd0c214
Locomotion,4951.0,9.0,7,,2026-02-23T18:10:07.135545Z,1136076,7.202,#C C goes up the ladder,Body moving through space (climbing). High body acceleration.,r001,Carpentry,silver,Gold,,96.88468,2026-02-23T18:10:07.135578Z,40a83cc4-0e1e-4de4-8a7b-d028ecd0c214
Object Transfer,4952.0,9.0,7,,2026-02-23T18:10:13.252508Z,1136077,4.706,#C C picks packs of bulb holders,"Logistics step, picking up objects.",r001,Carpentry,silver,Gold,,264.6341,2026-02-23T18:10:13.252541Z,40a83cc4-0e1e-4de4-8a7b-d028ecd0c214
Search,4953.0,9.0,7,,2026-02-23T18:10:19.992158Z,1136078,4.911,#C C looks on the watch,"Head movement (looking), passive hands.",r001,Carpentry,silver,Gold,,691.0106566666667,2026-02-23T18:10:19.992203Z,40a83cc4-0e1e-4de4-8a7b-d028ecd0c214
Locomotion,4954.0,9.0,7,,2026-02-23T18:10:27.517475Z,1136079,6.043,#C C goes down the ladder,"Body moving through space, likely involves walking or descending.",r001,Carpentry,silver,Gold,,716.5860166666666,2026-02-23T18:10:27.517491Z,40a83cc4-0e1e-4de4-8a7b-d028ecd0c214
Object Transfer,4955.0,9.0,7,,2026-02-23T18:10:35.008470Z,1136080,5.693,#C C puts down the wire,Logistics step of placing an object down.,r001,Carpentry,silver,Gold,,801.4483166666666,2026-02-23T18:10:35.008502Z,40a83cc4-0e1e-4de4-8a7b-d028ecd0c214
Essential Operation,4956.0,9.0,7,,2026-02-23T18:12:09.367760Z,1136081,6.667,#C C fixes the cable connector on the electric cable,Core manual task involving high hand activity.,r001,Carpentry,silver,Gold,,933.8928166666668,2026-02-23T18:12:09.367782Z,40a83cc4-0e1e-4de4-8a7b-d028ecd0c214
Object Transfer,4957.0,9.0,7,,2026-02-23T18:12:16.132447Z,1136082,5.128,#C C picks a cable connector,Logistics step of picking up an object.,r001,Carpentry,silver,Gold,,950.2193166666666,2026-02-23T18:12:16.132462Z,40a83cc4-0e1e-4de4-8a7b-d028ecd0c214
Object Transfer,4958.0,9.0,7,,2026-02-23T18:12:23.287010Z,1136083,5.058,#C C picks ring bulb holder,"Logistics step, picking up an object.",r001,Carpentry,silver,Gold,,1079.993333333333,2026-02-23T18:12:23.287044Z,40a83cc4-0e1e-4de4-8a7b-d028ecd0c214
Locomotion,4959.0,9.0,7,,2026-02-23T18:12:30.663717Z,1136084,5.874,#C C Walks along the pavement with a man X,"Body moving through space, indicative of walking.",r001,Walking Outdoors,silver,Gold,,647.5548033333333,2026-02-23T18:12:30.663730Z,42263a6a-e984-4dd9-82db-a43d6e879c8f
Locomotion,4960.0,9.0,7,,2026-02-23T18:13:19.883001Z,1136085,11.615,#C C walks along the pavement with a man K,"Body moving through space, indicative of walking.",r001,Walking Outdoors,silver,Gold,,1002.7146133333332,2026-02-23T18:13:19.883039Z,42263a6a-e984-4dd9-82db-a43d6e879c8f
Locomotion,4961.0,9.0,7,,2026-02-23T18:13:34.406755Z,1136086,8.1,#C C walks along the road with a man X,"Body moving through space, indicative of walking.",r001,Walking Outdoors,silver,Gold,,1495.9154666666668,2026-02-23T18:13:34.406769Z,42263a6a-e984-4dd9-82db-a43d6e879c8f
Locomotion,4962.0,9.0,7,,2026-02-23T18:13:40.905426Z,1136087,4.885,#C C walks with a man X,"Body moving through space, indicative of walking.",r001,Walking Outdoors,silver,Gold,,2074.76652,2026-02-23T18:13:40.905445Z,42263a6a-e984-4dd9-82db-a43d6e879c8f
Locomotion,4963.0,9.0,7,,2026-02-23T18:13:47.520678Z,1136088,4.996,#C C walks along the pavement with a man Y,"Body moving through space, indicative of walking.",r001,Walking Outdoors,silver,Gold,,2481.407143333334,2026-02-23T18:13:47.520712Z,42263a6a-e984-4dd9-82db-a43d6e879c8f
Stationary,4964.0,9.0,7,,2026-02-23T18:14:00.430462Z,1136089,6.369,# C c raises hands,The action of raising hands while walking does not fit the locomotion category since the focus is on a stationary action rather than movement through space.,r001,Walking Outdoors,silver,Gold,,18.31742,2026-02-23T18:14:00.430485Z,44271ca2-afea-4ae1-8f09-52236b16f151
Search,4965.0,9.0,7,,2026-02-23T18:14:09.957224Z,1136090,7.748,#C C looks at the mirrior,"Head movement (visual inspection), hands mostly still.",r001,Mechanical Repair,silver,Gold,,64.9744996,2026-02-23T18:14:09.957237Z,4ace159b-7af8-492b-9910-e14a5cb72d1a
Stationary,4966.0,9.0,7,,2026-02-23T18:14:18.395866Z,1136091,6.491,#C C ties shoes laces,The action of tying shoelaces involves fine motor skills with hands but does not involve significant body movement.,r001,Mechanical Repair,silver,Gold,,353.3067109546634,2026-02-23T18:14:18.395902Z,4ace159b-7af8-492b-9910-e14a5cb72d1a
Stationary,4967.0,9.0,7,,2026-02-23T18:14:27.735797Z,1136092,7.658,#C C touches on the ground,"Low body/hand motion, indicative of a stationary action such as touching an object without moving around.",r001,Mechanical Repair,silver,Gold,,722.4625186000001,2026-02-23T18:14:27.735831Z,4ace159b-7af8-492b-9910-e14a5cb72d1a
Locomotion,4968.0,9.0,7,,2026-02-23T18:14:35.860425Z,1136093,6.423,#C C runs on a pavement,"Body moving through space (running), high body acceleration.",r001,Mechanical Repair,silver,Gold,,2211.4184286000004,2026-02-23T18:14:35.860464Z,4ace159b-7af8-492b-9910-e14a5cb72d1a
Stationary,4969.0,9.0,7,,2026-02-23T18:14:42.506603Z,1136094,4.995,#c c touches shoes,"Low body/hand motion, indicative of inspection or touch.",r001,Mechanical Repair,silver,Gold,,3090.9211386000006,2026-02-23T18:14:42.506635Z,4ace159b-7af8-492b-9910-e14a5cb72d1a
Locomotion,4845.0,9.0,7,,2026-02-23T17:42:14.725143Z,1136095,6.549,#c c puts leg forward,"Movement through space, indicative of walking or stepping.",r001,Mechanical Repair,silver,Gold,,3437.0099486000004,2026-02-23T17:42:14.725157Z,4ace159b-7af8-492b-9910-e14a5cb72d1a
Stationary,4846.0,9.0,7,,2026-02-23T17:42:26.706468Z,1136096,10.584,#c c touches metal,"Low body/hand motion, likely inspecting or feeling the metal.",r001,Mechanical Repair,silver,Gold,,3478.8677986,2026-02-23T17:42:26.706486Z,4ace159b-7af8-492b-9910-e14a5cb72d1a
Stationary,4847.0,9.0,7,,2026-02-23T17:42:39.866565Z,1136097,11.541,#c c presses lift control unit,Pressing a control unit typically involves minimal body movement and is a stationary action.,r001,Mechanical Repair,silver,Gold,,4222.0793786,2026-02-23T17:42:39.866580Z,4ace159b-7af8-492b-9910-e14a5cb72d1a
Essential Operation,4848.0,9.0,7,,2026-02-23T17:42:52.749796Z,1136098,7.893,#c c connects blender to the blender motor unit,Core manual task involving high hand activity.,r001,Mechanical Repair,silver,Gold,,4643.135028600001,2026-02-23T17:42:52.749811Z,4ace159b-7af8-492b-9910-e14a5cb72d1a
Object Transfer,4849.0,9.0,7,,2026-02-23T17:43:03.029664Z,1136099,8.651,#C C shifts the fourth wire on the floor on top of the orange wire.,"The action involves moving an object (wire), which is a logistics step.",r001,Carpentry,silver,Gold,,177.5453796,2026-02-23T17:43:03.029696Z,4dc58b9f-75f4-4f27-aa19-2b8ebd1daad6
Object Transfer,4850.0,9.0,7,,2026-02-23T17:43:25.318705Z,1136100,4.082,#C C shifts the fifth wire on the floor with his right hand.,Logistics step involving moving an object (wire) on the floor.,r001,Carpentry,silver,Gold,,186.6021696,2026-02-23T17:43:25.318737Z,4dc58b9f-75f4-4f27-aa19-2b8ebd1daad6
Object Transfer,4851.0,9.0,7,,2026-02-23T17:43:32.097571Z,1136101,5.427,#C C drops the sixth wire on the floor.,Refined via regex fallback,r001,Carpentry,silver,Gold,,213.0972296,2026-02-23T17:43:32.097604Z,4dc58b9f-75f4-4f27-aa19-2b8ebd1daad6
Stationary,4402.0,9.0,7,,2026-02-23T16:11:57.101099Z,1136102,5.649,#C C places his left hand on his camera.,"The action involves placing a hand on a camera, which is a low-energy, static activity.",r001,Carpentry,silver,Gold,,246.3425296,2026-02-23T16:11:57.101135Z,4dc58b9f-75f4-4f27-aa19-2b8ebd1daad6
Locomotion,4403.0,9.0,7,,2026-02-23T16:12:07.605560Z,1136103,8.81,#C C drags the wire from the wall.,"Body moving through space, likely involves significant body acceleration.",r001,Carpentry,silver,Gold,,413.66761095466336,2026-02-23T16:12:07.605595Z,4dc58b9f-75f4-4f27-aa19-2b8ebd1daad6
Locomotion,4404.0,9.0,7,,2026-02-23T16:12:27.840820Z,1136104,16.37,#C C adjusts the ladder.,Adjusting the ladder involves body movement through space.,r001,Carpentry,silver,Gold,,689.4698176213301,2026-02-23T16:12:27.840836Z,4dc58b9f-75f4-4f27-aa19-2b8ebd1daad6
Essential Operation,4405.0,9.0,7,,2026-02-23T16:12:42.719268Z,1136105,13.127,#C C touches a wire with his left hand.,"[CtxFixed] The action of touching a wire with the left hand is likely part of an essential operation, such as checking for electricity or making an electrical connection.",r001,Carpentry,silver,Gold,,698.41679762133,2026-02-23T16:12:42.719302Z,4dc58b9f-75f4-4f27-aa19-2b8ebd1daad6
Stationary,4406.0,9.0,7,,2026-02-23T16:13:34.227580Z,1136106,49.874,#C C unties the wire.,The action of untangling a wire is likely to involve fine motor skills with minimal body movement.,r001,Carpentry,silver,Gold,,765.91238762133,2026-02-23T16:13:34.227612Z,4dc58b9f-75f4-4f27-aa19-2b8ebd1daad6
Object Transfer,4407.0,9.0,7,,2026-02-23T16:13:42.037214Z,1136107,5.655,#C C drops the junction box on the floor.,Refined via regex fallback,r001,Carpentry,silver,Gold,,807.4985976213301,2026-02-23T16:13:42.037263Z,4dc58b9f-75f4-4f27-aa19-2b8ebd1daad6
Locomotion,4408.0,9.0,7,,2026-02-23T16:13:49.654662Z,1136108,6.064,#C C walks away with the container.,Body moving through space with the container.,r001,Carpentry,silver,Gold,,866.88747762133,2026-02-23T16:13:49.654677Z,4dc58b9f-75f4-4f27-aa19-2b8ebd1daad6
Object Transfer,4409.0,9.0,7,,2026-02-23T16:14:05.069678Z,1136109,13.751,#C C lifts the drill gun from the ladder with his right hand.,"The action involves picking up an object, which is a logistics step.",r001,Carpentry,silver,Gold,,919.97805762133,2026-02-23T16:14:05.069693Z,4dc58b9f-75f4-4f27-aa19-2b8ebd1daad6
Search,4410.0,9.0,7,,2026-02-23T16:14:11.358539Z,1136110,4.813,#C C looks at the wire.,"Head movement (visual inspection), hands mostly still.",r001,Carpentry,silver,Gold,,946.22505762133,2026-02-23T16:14:11.358553Z,4dc58b9f-75f4-4f27-aa19-2b8ebd1daad6
Locomotion,4411.0,9.0,7,,2026-02-23T16:14:26.103976Z,1136111,13.085,#C C pulls chair on the floor,"Movement of the chair through space, likely involves sliding or dragging which is a form of locomotion.",r001,Cleaning,silver,Gold,,32.7785196,2026-02-23T16:14:26.104009Z,50444259-3a59-4f0a-b846-ac0c1b32b5ca
Essential Operation,4412.0,9.0,7,Stationary,2026-02-23T16:14:43.225366Z,1136112,13.309,#C C eats the peach,Core manual task involving the hands with high activity.,r001,Cleaning,silver,,,72.4405596,2026-02-23T16:14:43.225380Z,50444259-3a59-4f0a-b846-ac0c1b32b5ca
Object Transfer,4413.0,9.0,7,,2026-02-23T16:14:54.460636Z,1136113,8.57,#C C places a slice of peach on the table,Logistics step involving pick up and put down actions.,r001,Cleaning,silver,Gold,,158.5077996,2026-02-23T16:14:54.460653Z,50444259-3a59-4f0a-b846-ac0c1b32b5ca
Stationary,4414.0,9.0,7,,2026-02-23T16:15:02.832233Z,1136114,6.604,#C C puts peach in the mouth,"Low body/hand motion, eating action.",r001,Cleaning,silver,Gold,,195.5969896,2026-02-23T16:15:02.832247Z,50444259-3a59-4f0a-b846-ac0c1b32b5ca
Locomotion,4415.0,9.0,7,,2026-02-23T16:15:10.654768Z,1136115,6.066,#C C pushes the rack,"Body moving through space, likely involves pushing an object which results in high body acceleration.",r001,Cleaning,silver,Gold,,339.7442709546634,2026-02-23T16:15:10.654782Z,50444259-3a59-4f0a-b846-ac0c1b32b5ca
Essential Operation,4416.0,9.0,7,,2026-02-23T16:15:17.683822Z,1136116,5.164,#C C rinses cooking pan,Core task involving high hand activity.,r001,Cleaning,silver,Gold,,366.8478709546634,2026-02-23T16:15:17.683837Z,50444259-3a59-4f0a-b846-ac0c1b32b5ca
Object Transfer,4417.0,9.0,7,,2026-02-23T16:15:24.564781Z,1136117,5.44,#C C places cup on the rack,Logistics step involving the placement of an object.,r001,Cleaning,silver,Gold,,396.2184209546634,2026-02-23T16:15:24.564808Z,50444259-3a59-4f0a-b846-ac0c1b32b5ca
Object Transfer,4418.0,9.0,7,,2026-02-23T16:15:33.734385Z,1136118,4.854,#C C picks a jar from the sink,Logistics step involving picking up an object.,r001,Cleaning,silver,Gold,,415.59484095466337,2026-02-23T16:15:33.734400Z,50444259-3a59-4f0a-b846-ac0c1b32b5ca
Locomotion,4419.0,9.0,7,,2026-02-23T16:15:41.419651Z,1136119,5.968,#C C pulls the rack,"Body moving through space, likely involves pulling an object which indicates movement.",r001,Cleaning,silver,Gold,,424.2469909546634,2026-02-23T16:15:41.419684Z,50444259-3a59-4f0a-b846-ac0c1b32b5ca
Object Transfer,4420.0,9.0,7,,2026-02-23T16:15:50.988341Z,1136120,5.078,#C C places sieving bowl on the rack,Logistics step involving placing an object.,r001,Cleaning,silver,Gold,,443.38523095466337,2026-02-23T16:15:50.988355Z,50444259-3a59-4f0a-b846-ac0c1b32b5ca
Object Transfer,4421.0,9.0,7,,2026-02-23T16:16:00.242007Z,1136121,7.485,#C C hangs cloth towel on the cooker handle,Logistics action involving picking up and placing the towel.,r001,Cleaning,silver,Gold,,457.5389709546634,2026-02-23T16:16:00.242040Z,50444259-3a59-4f0a-b846-ac0c1b32b5ca
Object Transfer,4422.0,9.0,7,,2026-02-23T16:16:07.366918Z,1136122,5.403,#C C picks plate from the table,Logistics step involving picking up an object.,r001,Cleaning,silver,Gold,,470.0825009546634,2026-02-23T16:16:07.366952Z,50444259-3a59-4f0a-b846-ac0c1b32b5ca
Object Transfer,4423.0,9.0,7,,2026-02-23T16:16:14.086241Z,1136123,5.321,#C C moves a lid,Logistics step involving moving an object.,r001,Cleaning,silver,Gold,,498.7127509546634,2026-02-23T16:16:14.086265Z,50444259-3a59-4f0a-b846-ac0c1b32b5ca
Object Transfer,4424.0,9.0,7,,2026-02-23T16:16:21.836737Z,1136124,6.137,#C C places sponge in the sink,Logistics step involving picking up and placing an object.,r001,Cleaning,silver,Gold,,560.4215486,2026-02-23T16:16:21.836770Z,50444259-3a59-4f0a-b846-ac0c1b32b5ca
Essential Operation,4425.0,9.0,7,,2026-02-23T16:16:31.851956Z,1136125,8.424,#C C scrubs a serving spoon with a sponge,Core task involving high hand activity.,r001,Cleaning,silver,Gold,,566.4530386,2026-02-23T16:16:31.851970Z,50444259-3a59-4f0a-b846-ac0c1b32b5ca
Object Transfer,4426.0,9.0,7,,2026-02-23T16:16:39.006708Z,1136126,5.726,#C C picks a dish on the table,Logistics step involving picking up an object.,r001,Cleaning,silver,Gold,,867.4558486000001,2026-02-23T16:16:39.006741Z,50444259-3a59-4f0a-b846-ac0c1b32b5ca
Object Transfer,4427.0,9.0,7,,2026-02-23T16:16:44.882795Z,1136127,4.467,#C C picks a pen from the table,Logistics step involving picking up an object.,r001,Cleaning,silver,Gold,,902.9825686,2026-02-23T16:16:44.882814Z,50444259-3a59-4f0a-b846-ac0c1b32b5ca
Object Transfer,4428.0,9.0,7,,2026-02-23T16:16:53.853052Z,1136128,4.364,#C C picks a glass,Logistics step involving picking up an object.,r001,Cleaning,silver,Gold,,1017.8045586,2026-02-23T16:16:53.853067Z,50444259-3a59-4f0a-b846-ac0c1b32b5ca
Object Transfer,4429.0,9.0,7,,2026-02-23T16:17:00.481978Z,1136129,4.368,#C C places dish on the countertop,Logistics step involving picking up and placing an object.,r001,Cleaning,silver,Gold,,1025.2495786,2026-02-23T16:17:00.482015Z,50444259-3a59-4f0a-b846-ac0c1b32b5ca
Essential Operation,4430.0,9.0,7,,2026-02-23T16:17:08.103411Z,1136130,6.035,#C C folds the table cover,Core manual task involving fine hand movements.,r001,Cleaning,silver,Gold,,1062.6699579333333,2026-02-23T16:17:08.103445Z,50444259-3a59-4f0a-b846-ac0c1b32b5ca
Locomotion,4431.0,9.0,7,Object Transfer,2026-02-23T16:17:48.791126Z,1136131,39.251,#C C throws table cloth in the washing machine,"Body movement involved in the action of throwing, which includes a sudden motion and possibly movement to retrieve and place the table cloth.",r001,Cleaning,silver,Bad,,1072.9636179333334,2026-02-23T16:17:48.791160Z,50444259-3a59-4f0a-b846-ac0c1b32b5ca
Locomotion,4852.0,9.0,7,,2026-02-23T17:43:39.233900Z,1136132,5.409,#C C moves table on the floor,Body moving through space to move the table.,r001,Cleaning,silver,Gold,,1155.9399619333333,2026-02-23T17:43:39.233931Z,50444259-3a59-4f0a-b846-ac0c1b32b5ca
Locomotion,4853.0,9.0,7,,2026-02-23T17:43:45.000751Z,1136133,3.904,#C C moves chair on the floor,"Body moving through space, likely involves pushing or dragging a chair.",r001,Cleaning,silver,Gold,,1161.8599419333332,2026-02-23T17:43:45.000779Z,50444259-3a59-4f0a-b846-ac0c1b32b5ca
Essential Operation,4854.0,9.0,7,Object Transfer,2026-02-23T17:44:02.816781Z,1136134,16.213,#C C moves cleaning brush,Core task involving high hand activity.,r001,Cleaning,silver,Bad,,1201.7344719333332,2026-02-23T17:44:02.816796Z,50444259-3a59-4f0a-b846-ac0c1b32b5ca
Object Transfer,4855.0,9.0,7,,2026-02-23T17:44:09.699623Z,1136135,5.13,#C C puts the cards on the sheet,Logistics/Setup step (placing cards).,r001,Playing Instrument,silver,Gold,,29.0484486,2026-02-23T17:44:09.699655Z,53443703-0ad4-44b9-9be6-041e01b26e4e
Object Transfer,4856.0,9.0,7,,2026-02-23T17:44:19.468582Z,1136136,6.236,#O O puts the cards on the sheet,"The action involves placing objects (cards) on a surface, which is a logistics step.",r001,Playing Instrument,silver,Gold,,66.6006786,2026-02-23T17:44:19.468595Z,53443703-0ad4-44b9-9be6-041e01b26e4e
Object Transfer,4857.0,9.0,7,,2026-02-23T17:44:25.222942Z,1136137,4.234,#O O puts the card down,"The action involves putting an object down, which is a logistics step.",r001,Playing Instrument,silver,Gold,,314.5893587027318,2026-02-23T17:44:25.222962Z,53443703-0ad4-44b9-9be6-041e01b26e4e
Stationary,4858.0,9.0,7,,2026-02-23T17:44:32.019997Z,1136138,5.231,#O O touches the cards,"The action 'touches the cards' implies a low-energy, stationary interaction.",r001,Playing Instrument,silver,Gold,,455.2636387027318,2026-02-23T17:44:32.020030Z,53443703-0ad4-44b9-9be6-041e01b26e4e
Stationary,4859.0,9.0,7,,2026-02-23T17:44:38.290974Z,1136139,4.86,#C C touches o's hand,"Low body/hand motion, likely involves gentle contact or communication.",r001,Playing Instrument,silver,,,535.3113720360651,2026-02-23T17:44:38.291006Z,53443703-0ad4-44b9-9be6-041e01b26e4e
Object Transfer,4860.0,9.0,7,,2026-02-23T17:44:45.347109Z,1136140,5.615,#C C puts the card in the sheet,"Logistics step of placing the card, short burst of hand activity.",r001,Playing Instrument,silver,Gold,,555.8198221677084,2026-02-23T17:44:45.347142Z,53443703-0ad4-44b9-9be6-041e01b26e4e
Stationary,4861.0,9.0,7,,2026-02-23T17:44:50.714536Z,1136141,4.0,#O O shuffles the cards,Shuffling cards is typically a localized hand movement and does not involve significant body locomotion.,r001,Playing Instrument,silver,Gold,,916.7005627881418,2026-02-23T17:44:50.714569Z,53443703-0ad4-44b9-9be6-041e01b26e4e
Stationary,4862.0,9.0,7,Object Transfer,2026-02-23T17:45:11.487365Z,1136142,22.001,#O O picks the cards,"The action of picking cards does not involve significant body movement and can be considered a low-energy, stationary activity.",r001,Playing Instrument,silver,Bad,,1027.901032788142,2026-02-23T17:45:27.418252Z,53443703-0ad4-44b9-9be6-041e01b26e4e
Object Transfer,4863.0,9.0,7,,2026-02-23T17:45:18.982959Z,1136143,5.67,#O O puts the card on the sheet,"Logistics/Setup step, placing an object.",r001,Playing Instrument,silver,Gold,,1668.4775086,2026-02-23T17:45:18.982990Z,53443703-0ad4-44b9-9be6-041e01b26e4e
Object Transfer,4864.0,9.0,7,,2026-02-23T17:45:37.257084Z,1136144,8.134,#C C puts the card on the sheet,"Logistics step, placing an object.",r001,Playing Instrument,silver,Gold,,1675.9736986,2026-02-23T17:45:37.257100Z,53443703-0ad4-44b9-9be6-041e01b26e4e
Object Transfer,4865.0,9.0,7,,2026-02-23T17:45:45.361480Z,1136145,6.417,#C C places the sheet on a mattress,"Logistics step, placing an object.",r001,Walking Outdoors,silver,Gold,,73.58414959999999,2026-02-23T17:45:45.361512Z,5607d99f-d48e-484a-8d35-50f3be65fde4
Essential Operation,4866.0,9.0,7,Object Transfer,2026-02-23T17:45:57.531176Z,1136146,10.449,#C C lifts a pillow cover,Core manual task involving high hand activity.,r001,Walking Outdoors,silver,Bad,,103.3474296,2026-02-23T17:45:57.531190Z,5607d99f-d48e-484a-8d35-50f3be65fde4
Object Transfer,4867.0,9.0,7,,2026-02-23T17:46:05.297167Z,1136147,6.046,#C C throws the waste papers in the dustbin,Logistics action involving moving an object to a destination.,r001,Cleaning,silver,Gold,,90.2316086,2026-02-23T17:46:05.297200Z,5613f20a-991f-43c1-9a7d-87632ef6795c
Locomotion,4868.0,9.0,7,Object Transfer,2026-02-23T17:46:33.420691Z,1136148,26.489,#C C throws the waste papers in the dustbin,Movement of the body through space to perform the action.,r001,Cleaning,silver,Bad,,159.62581859999997,2026-02-23T17:46:33.420715Z,5613f20a-991f-43c1-9a7d-87632ef6795c
Stationary,4869.0,9.0,7,Search,2026-02-23T17:46:54.621110Z,1136149,19.471,#C C checks #unsure,"Low body/hand motion, likely inspecting or waiting.",r001,Cleaning,silver,Bad,,205.5441186,2026-02-23T17:46:54.621124Z,5613f20a-991f-43c1-9a7d-87632ef6795c
Locomotion,4870.0,9.0,7,Object Transfer,2026-02-23T17:47:15.523081Z,1136150,16.157,#C C moves dustbins,"Body moving through space to move dustbins, involves high body acceleration.",r001,Cleaning,silver,Gold,,263.7412286,2026-02-23T17:47:15.523109Z,5613f20a-991f-43c1-9a7d-87632ef6795c
Object Transfer,4871.0,9.0,7,,2026-02-23T17:47:23.805239Z,1136151,6.139,#C C places a bucket on ground,"Logistics step, placing an object.",r001,Cleaning,silver,Gold,,557.2222221677084,2026-02-23T17:47:23.805253Z,5613f20a-991f-43c1-9a7d-87632ef6795c
Locomotion,4872.0,9.0,7,,2026-02-23T17:47:34.015408Z,1136152,8.504,#C C turns around the area,"Movement through space, likely involves turning or walking around the area.",r001,Cleaning,silver,Gold,,562.6086921677083,2026-02-23T17:47:34.015422Z,5613f20a-991f-43c1-9a7d-87632ef6795c
Object Transfer,4873.0,9.0,7,,2026-02-23T17:47:40.286564Z,1136153,4.587,#C C picks a bottle from the bucket,Logistics step involving picking up an object.,r001,Cleaning,silver,Gold,,722.2332321677084,2026-02-23T17:47:40.286578Z,5613f20a-991f-43c1-9a7d-87632ef6795c
Object Transfer,4874.0,9.0,7,,2026-02-23T17:47:45.813893Z,1136154,3.817,#C C picks bottles from the bucket,Logistics step involving picking up objects.,r001,Cleaning,silver,Gold,,770.0914521677084,2026-02-23T17:47:45.813925Z,5613f20a-991f-43c1-9a7d-87632ef6795c
Stationary,4970.0,9.0,7,Search,2026-02-23T18:15:24.216980Z,1136155,40.326,#C C locks the door,"The action of locking the door is a brief, stationary activity with minimal body movement.",r001,Cleaning,silver,Bad,,875.6894585763998,2026-02-23T18:15:24.216994Z,5613f20a-991f-43c1-9a7d-87632ef6795c
Locomotion,4432.0,9.0,7,,2026-02-23T16:18:05.758111Z,1136156,11.856,#C C was taking an evening walk with X and S they were having a chat as the kept walking,"Body moving through space (walking), implies high body acceleration.",r001,Walking Outdoors,silver,Gold,,3060.7,2026-02-23T16:18:05.758143Z,57de9622-1f5b-48e4-89b0-9f364fb1bf3c
Essential Operation,4433.0,9.0,7,,2026-02-23T16:18:30.708581Z,1136157,23.413,#c c insert the bolt,Core task involving high hand activity.,r001,Carpentry,silver,,,133.39971,2026-02-23T16:18:30.708597Z,597c6e1f-4a54-4688-a24d-52bf8f458730
Object Transfer,4434.0,9.0,7,,2026-02-23T16:18:51.318191Z,1136158,18.949,#c c puts the bolt,"Logistics/Setup step, involving picking up or putting down an object.",r001,Carpentry,silver,Gold,,194.74298,2026-02-23T16:18:51.318205Z,597c6e1f-4a54-4688-a24d-52bf8f458730
Search,4435.0,9.0,7,,2026-02-23T16:18:58.977227Z,1136159,6.045,#c c checks if the wire mesh is tight,"Visual inspection, likely involves head movement and minimal hand activity.",r001,Carpentry,silver,Gold,,220.55076,2026-02-23T16:18:58.977259Z,597c6e1f-4a54-4688-a24d-52bf8f458730
Stationary,4436.0,9.0,7,,2026-02-23T16:19:15.099813Z,1136160,9.284,#C C dries his hands with a napkin,"Low body/hand motion, likely standing still while drying hands.",r001,Cleaning,silver,Gold,,36.0184086,2026-02-23T16:19:15.099841Z,603a427f-9191-4ca4-a1b0-dd3c5e7fda70
Object Transfer,4437.0,9.0,7,,2026-02-23T16:19:28.434597Z,1136161,11.622,#C C drops napkin in the oven handle,"[CtxFixed] The action of dropping the napkin onto the oven handle can be considered a deliberate placement of the napkin, even if it was dropped accidentally. Therefore, it is classified as 'Object Transfer'.",r001,Cleaning,silver,Gold,,41.6722786,2026-02-23T16:19:28.434635Z,603a427f-9191-4ca4-a1b0-dd3c5e7fda70
Stationary,4438.0,9.0,7,,2026-02-23T16:19:37.261189Z,1136162,7.284,#C C operates a phone on the kitchen slap.,"Low body/hand motion, likely involves holding the phone and operating it.",r001,Cleaning,silver,Gold,,74.7940086,2026-02-23T16:19:37.261212Z,603a427f-9191-4ca4-a1b0-dd3c5e7fda70
Essential Operation,4439.0,9.0,7,,2026-02-23T16:19:43.874672Z,1136163,4.891,#C C cleans the bowl with a tissue,Core manual task involving high hand activity.,r001,Cleaning,silver,Gold,,121.3984586,2026-02-23T16:19:43.874705Z,603a427f-9191-4ca4-a1b0-dd3c5e7fda70
Object Transfer,4440.0,9.0,7,,2026-02-23T16:19:50.576661Z,1136164,5.223,#C C picks phone from the kitchen slap,Logistics step involving picking up an object.,r001,Cleaning,silver,Gold,,279.5666886,2026-02-23T16:19:50.576683Z,603a427f-9191-4ca4-a1b0-dd3c5e7fda70
Object Transfer,4441.0,9.0,7,,2026-02-23T16:19:59.556655Z,1136165,7.617,#C C carries a bag of sugar from the shelf.,Logistics of moving an object from one place to another.,r001,Cleaning,silver,Gold,,332.24557860000004,2026-02-23T16:19:59.556687Z,603a427f-9191-4ca4-a1b0-dd3c5e7fda70
Object Transfer,4442.0,9.0,7,,2026-02-23T16:20:07.270249Z,1136166,6.449,#C C drops the spoon on the slab.,"[CtxFixed] The action of dropping the spoon onto the slab is a deliberate placement, which fits the criteria for 'Object Transfer'.",r001,Cleaning,silver,Gold,,355.6214186,2026-02-23T16:20:07.270290Z,603a427f-9191-4ca4-a1b0-dd3c5e7fda70
Object Transfer,4443.0,9.0,7,,2026-02-23T16:20:24.109450Z,1136167,15.435,#C C opens a fridge with right hand.,Logistics action involving opening a fridge.,r001,Cleaning,silver,Gold,,401.3247086,2026-02-23T16:20:24.109482Z,603a427f-9191-4ca4-a1b0-dd3c5e7fda70
Essential Operation,4444.0,9.0,7,,2026-02-23T16:20:37.222722Z,1136168,7.225,#C C wipes the cat with a towel,Core task involving manual activity with the hands.,r001,Cleaning,silver,Gold,,1.2523196,2026-02-23T16:20:37.222737Z,60bfacbb-063f-4e3f-bc74-fe993c7a521a
Stationary,4445.0,9.0,7,,2026-02-23T16:20:44.445822Z,1136169,5.579,#C C moves both hands,"Low body/hand motion, could imply idle or talking.",r001,Cleaning,silver,Gold,,41.6677696,2026-02-23T16:20:44.445846Z,60bfacbb-063f-4e3f-bc74-fe993c7a521a
Stationary,4446.0,9.0,7,,2026-02-23T16:20:59.152809Z,1136170,12.732,#C C shakes the towel,"Low body/hand motion, more about shaking which is not a continuous high-energy motion.",r001,Cleaning,silver,Gold,,46.0076596,2026-02-23T16:20:59.152823Z,60bfacbb-063f-4e3f-bc74-fe993c7a521a
Stationary,4447.0,9.0,7,,2026-02-23T16:21:09.065008Z,1136171,8.436,#C C drops the right hand,[CtxFixed] The action of dropping the right hand is a stationary action as it involves the cessation of movement of a body part without any significant transfer or search activity.,r001,Cleaning,silver,Gold,,120.1021496,2026-02-23T16:21:09.065042Z,60bfacbb-063f-4e3f-bc74-fe993c7a521a
Object Transfer,4448.0,9.0,7,,2026-02-23T16:21:20.647080Z,1136172,10.109,#C C drops #Unsure on the nylon paper bag,"[CtxFixed] The action of dropping the object onto the nylon paper bag indicates a deliberate placement, which fits the criteria for 'Object Transfer'.",r001,Cleaning,silver,Gold,,215.0843496,2026-02-23T16:21:20.647103Z,60bfacbb-063f-4e3f-bc74-fe993c7a521a
Essential Operation,4449.0,9.0,7,,2026-02-23T16:21:27.288899Z,1136173,5.339,#C C sieves #Unsure,Core task involving active hand movement.,r001,Cleaning,silver,Gold,,228.7608296,2026-02-23T16:21:27.288913Z,60bfacbb-063f-4e3f-bc74-fe993c7a521a
Locomotion,4450.0,9.0,7,Stationary,2026-02-23T16:21:36.521367Z,1136174,83.134,#C C moves the siever,Movement of the body through space to move the siever.,r001,Cleaning,silver,Bad,,241.4848696,2026-02-23T16:23:28.343923Z,60bfacbb-063f-4e3f-bc74-fe993c7a521a
Locomotion,4451.0,9.0,7,,2026-02-23T16:21:44.077794Z,1136175,5.897,#C C pushes #Unsure on the bucket,"Body moving through space to push the bucket, likely involves high body acceleration.",r001,Cleaning,silver,Gold,,254.3990596,2026-02-23T16:21:44.077828Z,60bfacbb-063f-4e3f-bc74-fe993c7a521a
Stationary,4452.0,9.0,7,,2026-02-23T16:23:37.743424Z,1136176,4.58,#C C adjust the camera,"Adjusting the camera typically involves minimal movement, mostly hand adjustments and possibly head movements.",r001,Cleaning,silver,Gold,,261.67506960000003,2026-02-23T16:23:37.743441Z,60bfacbb-063f-4e3f-bc74-fe993c7a521a
Object Transfer,4453.0,9.0,7,Stationary,2026-02-23T16:24:58.695628Z,1136177,26.444,#C C moves the siever,Moving an object from one place to another.,r001,Cleaning,silver,Bad,,303.6663809546634,2026-02-23T16:24:58.695641Z,60bfacbb-063f-4e3f-bc74-fe993c7a521a
Essential Operation,4454.0,9.0,7,,2026-02-23T16:26:06.789904Z,1136178,11.199,#C C scoops #Unsure,"Core task involving scooping, high hand activity.",r001,Cleaning,silver,Gold,,312.9172309546634,2026-02-23T16:26:06.789937Z,60bfacbb-063f-4e3f-bc74-fe993c7a521a
Essential Operation,4455.0,9.0,7,,2026-02-23T16:26:21.736972Z,1136179,13.403,#C C pours #unsure on the nylon paper bag,Core task involving manual activity with hands.,r001,Cleaning,silver,Gold,,347.2200409546634,2026-02-23T16:26:21.736986Z,60bfacbb-063f-4e3f-bc74-fe993c7a521a
Essential Operation,4456.0,9.0,7,,2026-02-23T16:26:30.867896Z,1136180,7.625,#C C pours #Unsure,Core task involving active hand movement.,r001,Cleaning,silver,Gold,,382.8008209546634,2026-02-23T16:26:30.867910Z,60bfacbb-063f-4e3f-bc74-fe993c7a521a
Locomotion,4457.0,9.0,7,,2026-02-23T16:27:19.272484Z,1136181,32.132,#C C stretches the rope,"Body movement through space, likely involves stretching which is a form of body movement.",r001,Cleaning,silver,Gold,,452.4238309546634,2026-02-23T16:27:19.272499Z,60bfacbb-063f-4e3f-bc74-fe993c7a521a
Locomotion,4458.0,9.0,7,,2026-02-23T16:27:52.337146Z,1136182,20.762,#C C shakes the rope,"Body moving through space, likely involves swinging or moving the arms with the rope.",r001,Cleaning,silver,Gold,,470.1183309546634,2026-02-23T16:27:52.337166Z,60bfacbb-063f-4e3f-bc74-fe993c7a521a
Locomotion,4459.0,9.0,7,,2026-02-23T16:28:18.707568Z,1136183,22.116,#C C lifts the rope,"Body moving through space, likely involves physical movement to lift an object.",r001,Cleaning,silver,Gold,,473.7913309546634,2026-02-23T16:28:18.707600Z,60bfacbb-063f-4e3f-bc74-fe993c7a521a
Locomotion,4460.0,9.0,7,,2026-02-23T16:28:33.791066Z,1136184,13.076,#C C swings the rope,"Body moving through space, likely involves swinging motion with high body acceleration.",r001,Cleaning,silver,Gold,,474.0503709546634,2026-02-23T16:28:33.791080Z,60bfacbb-063f-4e3f-bc74-fe993c7a521a
Stationary,4461.0,9.0,7,,2026-02-23T16:28:41.708251Z,1136185,6.35,#C C holds the apple fruit with her right hand,"Holding an object without moving, low energy activity.",r001,Mechanical Repair,silver,Gold,,48.9024286,2026-02-23T16:28:41.708321Z,655e0641-f92b-4db0-acb3-223525247c90
Object Transfer,4971.0,9.0,7,,2026-02-23T18:15:31.442692Z,1136186,5.457,#C C lifts detergent bottle,Logistics step involving picking up an object.,r001,Cleaning,silver,Gold,,32.8210786,2026-02-23T18:15:31.442706Z,6ab72273-4324-4cec-aad4-1a644b57356b
Stationary,4972.0,9.0,7,Object Transfer,2026-02-23T18:15:53.122297Z,1136187,16.242,#C C closes water tap,Short action with low energy motion.,r001,Cleaning,silver,Bad,,151.8106186,2026-02-23T18:15:53.122312Z,6ab72273-4324-4cec-aad4-1a644b57356b
Essential Operation,4973.0,9.0,7,,2026-02-23T18:16:00.383797Z,1136188,5.426,#C C wipes table with sponge,Core task involving high hand activity.,r001,Cleaning,silver,Gold,,247.8724786,2026-02-23T18:16:00.383812Z,6ab72273-4324-4cec-aad4-1a644b57356b
Locomotion,4974.0,9.0,7,Object Transfer,2026-02-23T18:16:52.731992Z,1136189,50.744,#C C moves a tin #Unsure,"Movement of an object through space, likely involves body motion.",r001,Cleaning,silver,Bad,,300.5633834828125,2026-02-23T18:16:52.732006Z,6ab72273-4324-4cec-aad4-1a644b57356b
Essential Operation,4975.0,9.0,7,,2026-02-23T18:17:01.003085Z,1136190,6.602,#C C cleans utensils rack,Core task involving high hand activity for cleaning.,r001,Cleaning,silver,Gold,,357.2229534828125,2026-02-23T18:17:01.003117Z,6ab72273-4324-4cec-aad4-1a644b57356b
Essential Operation,4976.0,9.0,7,,2026-02-23T18:17:07.205538Z,1136191,4.673,#C C cleans sink with a sponge,Core manual task involving high hand activity.,r001,Cleaning,silver,Gold,,378.1437334828125,2026-02-23T18:17:07.205570Z,6ab72273-4324-4cec-aad4-1a644b57356b
Essential Operation,5070.0,9.0,7,,2026-02-23T18:38:18.159030Z,1136192,4.961,#C C sprays soap to the sponge,Core task involving high hand activity.,r001,Cleaning,silver,Gold,,478.5671134828125,2026-02-23T18:38:18.159063Z,6ab72273-4324-4cec-aad4-1a644b57356b
Essential Operation,5071.0,9.0,7,,2026-02-23T18:38:27.065008Z,1136193,7.227,#C C cleans under cabinets,"Core manual task involving cleaning, high hand activity.",r001,Cleaning,silver,Gold,,734.2978768505982,2026-02-23T18:38:27.065041Z,6ab72273-4324-4cec-aad4-1a644b57356b
Essential Operation,5072.0,9.0,7,,2026-02-23T18:38:39.260853Z,1136194,10.455,#C C scrubs floor with vacuum hose pipe,Core task involving high hand activity.,r001,Cleaning,silver,Gold,,748.6353268505982,2026-02-23T18:38:39.260886Z,6ab72273-4324-4cec-aad4-1a644b57356b
Object Transfer,5073.0,9.0,7,,2026-02-23T18:38:45.850625Z,1136195,4.852,#C C drops a bucket,"[CtxFixed] The action of dropping a bucket is a deliberate placement of the object onto a surface, which fits the criteria for 'Object Transfer'.",r001,Cleaning,silver,Gold,,827.952327613672,2026-02-23T18:38:45.850648Z,6ab72273-4324-4cec-aad4-1a644b57356b
Essential Operation,5074.0,9.0,7,,2026-02-23T18:38:52.160904Z,1136196,4.8,#C C pours a liquid soap in a bucket,Core manual task involving high hand activity.,r001,Cleaning,silver,Gold,,857.268427613672,2026-02-23T18:38:52.160918Z,6ab72273-4324-4cec-aad4-1a644b57356b
Essential Operation,5075.0,9.0,7,,2026-02-23T18:39:00.056728Z,1136197,6.561,#C C fills water in a bucket,Core task involving high hand activity.,r001,Cleaning,silver,Gold,,862.9092176136719,2026-02-23T18:39:00.056752Z,6ab72273-4324-4cec-aad4-1a644b57356b
Locomotion,5076.0,9.0,7,,2026-02-23T18:39:07.577316Z,1136198,5.954,#C C carries a bucket,Body moving through space with an object (high body acceleration).,r001,Cleaning,silver,Gold,,1058.0826076136718,2026-02-23T18:39:07.577351Z,6ab72273-4324-4cec-aad4-1a644b57356b
Object Transfer,5077.0,9.0,7,,2026-02-23T18:39:13.377268Z,1136199,4.282,#C C drops a pan,"[CtxFixed] The action of dropping a pan is a deliberate placement of the object onto a surface, which fits the criteria for 'Object Transfer'.",r001,Cleaning,silver,Gold,,1380.5515882628472,2026-02-23T18:39:13.377303Z,6ab72273-4324-4cec-aad4-1a644b57356b
Essential Operation,5078.0,9.0,7,,2026-02-23T18:39:22.457933Z,1136200,4.219,#C C washes a dish,"Core task, high hand activity.",r001,Cleaning,silver,Gold,,1404.1949782628471,2026-02-23T18:39:22.457968Z,6ab72273-4324-4cec-aad4-1a644b57356b
Essential Operation,5079.0,9.0,7,,2026-02-23T18:39:29.381268Z,1136201,5.079,#C C rinses a spoon,Core manual task involving hand movement.,r001,Cleaning,silver,Gold,,1536.6965182628471,2026-02-23T18:39:29.381283Z,6ab72273-4324-4cec-aad4-1a644b57356b
Object Transfer,5080.0,9.0,7,,2026-02-23T18:39:45.415904Z,1136202,6.426,#C C picks a pan lid,Logistics step involving picking up an object.,r001,Cleaning,silver,Gold,,1738.1068649378906,2026-02-23T18:39:45.415940Z,6ab72273-4324-4cec-aad4-1a644b57356b
Object Transfer,5081.0,9.0,7,,2026-02-23T18:39:52.349395Z,1136203,5.172,#C C drops a pan lid,"[CtxFixed] The action of dropping a pan lid is a deliberate placement of the object onto a surface, which fits the criteria for 'Object Transfer'.",r001,Cleaning,silver,Gold,,1761.3505649378906,2026-02-23T18:39:52.349410Z,6ab72273-4324-4cec-aad4-1a644b57356b
Locomotion,5082.0,9.0,7,,2026-02-23T18:40:02.473227Z,1136204,5.339,#C C carries a pan,Body moving through space with an object.,r001,Cleaning,silver,Gold,,1932.774482496484,2026-02-23T18:40:02.473260Z,6ab72273-4324-4cec-aad4-1a644b57356b
Object Transfer,5083.0,9.0,7,,2026-02-23T18:40:12.560174Z,1136205,8.178,#C C drops a liquid soap,"[CtxFixed] The action of dropping a liquid soap is a deliberate placement of the soap onto a surface, which fits the criteria for 'Object Transfer'.",r001,Cleaning,silver,Gold,,1986.634522496484,2026-02-23T18:40:12.560188Z,6ab72273-4324-4cec-aad4-1a644b57356b
Stationary,5084.0,9.0,7,,2026-02-23T18:40:20.565316Z,1136206,6.557,#C C holds the small plastic tray with his hands,"Low body/hand motion, holding an object without movement.",r001,Carpentry,silver,Gold,,11.68808,2026-02-23T18:40:20.565333Z,6b8963b9-0645-4eb4-93d0-32644cfcd99f
Stationary,5085.0,9.0,7,,2026-02-23T18:40:34.097784Z,1136207,11.232,#C C touches the plastic tomato vase on the greenhouse bench,"Low energy, touch action without movement.",r001,Carpentry,silver,Gold,,83.01251,2026-02-23T18:40:34.097817Z,6b8963b9-0645-4eb4-93d0-32644cfcd99f
Object Transfer,5086.0,9.0,7,,2026-02-23T18:40:48.159421Z,1136208,8.856,#C C picks the plastic tray on the greenhouse bench,Logistics step involving picking up an object.,r001,Carpentry,silver,Gold,,137.73972,2026-02-23T18:40:48.159455Z,6b8963b9-0645-4eb4-93d0-32644cfcd99f
Stationary,5087.0,9.0,7,,2026-02-23T18:40:57.208974Z,1136209,7.341,#C C holds his phone with his hands,"Low body/hand motion, holding phone.",r001,Carpentry,silver,Gold,,462.78338,2026-02-23T18:40:57.209008Z,6b8963b9-0645-4eb4-93d0-32644cfcd99f
Stationary,5088.0,9.0,7,,2026-02-23T18:41:05.346476Z,1136210,4.063,#C C stands on the floor,"Low body/hand motion, indicating a static position.",r001,Carpentry,silver,Gold,,666.9436433333333,2026-02-23T18:41:05.346508Z,6b8963b9-0645-4eb4-93d0-32644cfcd99f
Stationary,5089.0,9.0,7,,2026-02-23T18:41:13.040235Z,1136211,4.771,#C C holds the bag on the chair with his hands,"Low body/hand motion, holding an object in place.",r001,Carpentry,silver,Gold,,730.1638633333333,2026-02-23T18:41:13.040250Z,6b8963b9-0645-4eb4-93d0-32644cfcd99f
Object Transfer,5090.0,9.0,7,,2026-02-23T18:41:20.478523Z,1136212,5.923,#C C opens the table drawer,Logistics step involving opening a drawer.,r001,Carpentry,silver,Gold,,895.7915133333333,2026-02-23T18:41:20.478558Z,6b8963b9-0645-4eb4-93d0-32644cfcd99f
Stationary,5091.0,9.0,7,,2026-02-23T18:41:28.462875Z,1136213,5.877,#C C operates his phone with his hands,Operating a phone typically involves low body motion and can be performed while standing or sitting still.,r001,Carpentry,silver,Gold,,1171.00396,2026-02-23T18:41:28.462908Z,6b8963b9-0645-4eb4-93d0-32644cfcd99f
Locomotion,5092.0,9.0,7,,2026-02-23T18:41:41.445481Z,1136214,6.201,#C C dances in the house,"Body moving through space, likely involves high body acceleration.",r001,Desk Work,silver,Gold,,347.4066987027318,2026-02-23T18:41:41.445495Z,6bc12612-2c12-4938-a394-c65de370a159
Object Transfer,4875.0,9.0,7,,2026-02-23T17:47:51.367369Z,1136215,4.12,#C C picks a glass of water.,Logistics step involving picking up an object.,r001,Desk Work,silver,Gold,,996.1104686458332,2026-02-23T17:47:51.367383Z,6bc12612-2c12-4938-a394-c65de370a159
Locomotion,4876.0,9.0,7,,2026-02-23T17:47:58.323013Z,1136216,5.662,#C C dances around,Body moving through space with high body acceleration.,r001,Desk Work,silver,Gold,,1493.6837653125,2026-02-23T17:47:58.323031Z,6bc12612-2c12-4938-a394-c65de370a159
Stationary,4877.0,9.0,7,,2026-02-23T17:48:09.562998Z,1136217,9.276,#C C lifts left leg,"Low body/hand motion, slight movement does not constitute a core task or transfer.",r001,Desk Work,silver,Gold,,2258.331093764388,2026-02-23T17:48:09.563012Z,6bc12612-2c12-4938-a394-c65de370a159
Locomotion,4462.0,9.0,7,,2026-02-23T16:28:52.803456Z,1136218,9.654,#C C steps on the ground,"Body moving through space, likely involves walking or stepping.",r001,Desk Work,silver,Gold,,2285.626963764388,2026-02-23T16:28:52.803469Z,6bc12612-2c12-4938-a394-c65de370a159
Stationary,4463.0,9.0,7,,2026-02-23T16:29:02.453688Z,1136219,8.048,#C C Stretches the sweater,"The action involves a gentle stretch, which is likely to have low body and hand acceleration.",r001,Cleaning,silver,Gold,,14.3132886,2026-02-23T16:29:02.453711Z,6d9d3b31-334f-4710-8f66-8d9befde4665
Object Transfer,4464.0,9.0,7,,2026-02-23T16:29:10.261449Z,1136220,6.487,#C C Places the tray in the cabinet,Logistics step involving placing an object.,r001,Cleaning,silver,Gold,,42.0998986,2026-02-23T16:29:10.261483Z,6d9d3b31-334f-4710-8f66-8d9befde4665
Object Transfer,4465.0,9.0,7,,2026-02-23T16:29:19.191734Z,1136221,4.474,#C C Moves the drawer,Logistics step involving moving a drawer.,r001,Cleaning,silver,Gold,,154.63891859999998,2026-02-23T16:29:19.191767Z,6d9d3b31-334f-4710-8f66-8d9befde4665
Object Transfer,4467.0,9.0,7,,2026-02-23T16:29:28.903121Z,1136222,8.007,#C C Picks a cutlery holder,Logistics/Setup step involving picking up an object.,r001,Cleaning,silver,Gold,,352.7383922621094,2026-02-23T16:29:28.903154Z,6d9d3b31-334f-4710-8f66-8d9befde4665
Object Transfer,4468.0,9.0,7,,2026-02-23T16:29:36.810053Z,1136223,6.262,#C C Picks a dish sponge from the sink,Logistics step involving picking up an object.,r001,Cleaning,silver,Gold,,354.5023022621094,2026-02-23T16:29:36.810092Z,6d9d3b31-334f-4710-8f66-8d9befde4665
Locomotion,4471.0,9.0,7,,2026-02-23T16:30:25.006855Z,1136224,8.155,#C C Turns around the house,"Movement through space, likely involves walking or moving around.",r001,Cleaning,silver,Gold,,370.7365722621094,2026-02-23T16:30:25.006894Z,6d9d3b31-334f-4710-8f66-8d9befde4665
Essential Operation,4472.0,9.0,7,,2026-02-23T16:30:32.576095Z,1136225,6.287,#C C Cleans the utensils rack with a sponge,Core manual task involving high hand activity.,r001,Cleaning,silver,Gold,,382.2466022621094,2026-02-23T16:30:32.576130Z,6d9d3b31-334f-4710-8f66-8d9befde4665
Essential Operation,4473.0,9.0,7,,2026-02-23T16:30:41.271153Z,1136226,7.403,#C C Applies liquid soap on the sink wall,"Core task involving manual application, high hand activity.",r001,Cleaning,silver,Gold,,462.0997622621094,2026-02-23T16:30:41.271167Z,6d9d3b31-334f-4710-8f66-8d9befde4665
Essential Operation,4474.0,9.0,7,,2026-02-23T16:30:47.972799Z,1136227,5.412,#C C Wipes the sink table,Core manual task involving high hand activity.,r001,Cleaning,silver,Gold,,532.0303222621094,2026-02-23T16:30:47.972831Z,6d9d3b31-334f-4710-8f66-8d9befde4665
Object Transfer,4475.0,9.0,7,,2026-02-23T16:30:55.173299Z,1136228,5.777,#C C Places the chopping board on side of the microwave,Logistics step involving placing an object.,r001,Cleaning,silver,Gold,,1012.5033086,2026-02-23T16:30:55.173313Z,6d9d3b31-334f-4710-8f66-8d9befde4665
Object Transfer,4476.0,9.0,7,,2026-02-23T16:31:09.791991Z,1136229,7.502,#C C Places the spray bottle on the table,Logistics step involving placing an object.,r001,Cleaning,silver,Gold,,1065.4731986000002,2026-02-23T16:31:09.792007Z,6d9d3b31-334f-4710-8f66-8d9befde4665
Object Transfer,4477.0,9.0,7,,2026-02-23T16:31:16.379842Z,1136230,4.73,#C C picks a jug from the box,Logistics step involving picking up an object.,r001,Cleaning,silver,Gold,,1126.8356186,2026-02-23T16:31:16.379856Z,6d9d3b31-334f-4710-8f66-8d9befde4665
Object Transfer,4479.0,9.0,7,,2026-02-23T16:31:22.088926Z,1136231,4.12,#C C picks jugs from the shelf,Logistics step involving picking up objects.,r001,Cleaning,silver,Gold,,1145.5969386000002,2026-02-23T16:31:22.088941Z,6d9d3b31-334f-4710-8f66-8d9befde4665
Essential Operation,4482.0,9.0,7,,2026-02-23T16:31:28.794027Z,1136232,5.065,#C C cleans the toaster with a scoring pad,"Core task involving manual cleaning activity, high hand activity.",r001,Cleaning,silver,Gold,,1257.8289086,2026-02-23T16:31:28.794062Z,6d9d3b31-334f-4710-8f66-8d9befde4665
Essential Operation,4484.0,9.0,7,,2026-02-23T16:31:35.268051Z,1136233,4.899,#C C cleans the box with a scoring pad,"Core manual task, high hand activity.",r001,Cleaning,silver,Gold,,1282.3533286000002,2026-02-23T16:31:35.268075Z,6d9d3b31-334f-4710-8f66-8d9befde4665
Locomotion,4488.0,9.0,7,,2026-02-23T16:31:48.720655Z,1136234,12.078,#C C pulls a chair back,"Movement of the chair through space, likely involves pushing or pulling with body motion.",r001,Cleaning,silver,Gold,,1467.4016483137016,2026-02-23T16:31:48.720670Z,6d9d3b31-334f-4710-8f66-8d9befde4665
Object Transfer,4489.0,9.0,7,,2026-02-23T16:31:58.581589Z,1136235,8.252,#C C picks a chart from the floor,Logistics step involving picking up an object.,r001,Cleaning,silver,Gold,,1526.8253283137014,2026-02-23T16:31:58.581605Z,6d9d3b31-334f-4710-8f66-8d9befde4665
Locomotion,4490.0,9.0,7,,2026-02-23T16:32:06.057658Z,1136236,5.411,#C C walks around the corridor,"Body moving through space, indicative of walking.",r001,Cleaning,silver,Gold,,1558.5611883137017,2026-02-23T16:32:06.057692Z,6d9d3b31-334f-4710-8f66-8d9befde4665
Object Transfer,4491.0,9.0,7,,2026-02-23T16:32:16.955401Z,1136237,6.14,#C C places a wall art on the cooker,Logistics step involving picking up and placing an object.,r001,Cleaning,silver,Gold,,1581.6625183137016,2026-02-23T16:32:16.955418Z,6d9d3b31-334f-4710-8f66-8d9befde4665
Essential Operation,4492.0,9.0,7,,2026-02-23T16:32:24.773169Z,1136238,5.953,#C C cleans on wall with a scoring pad,Core task involving high hand activity.,r001,Cleaning,silver,Gold,,1665.351857613672,2026-02-23T16:32:24.773207Z,6d9d3b31-334f-4710-8f66-8d9befde4665
Essential Operation,4493.0,9.0,7,,2026-02-23T16:32:36.808372Z,1136239,5.89,#C C adjusts a vacuum pipe,Adjusting the vacuum pipe is a core manual task involving fine motor skills.,r001,Cleaning,silver,Gold,,1711.8125376136718,2026-02-23T16:32:36.808386Z,6d9d3b31-334f-4710-8f66-8d9befde4665
Essential Operation,4494.0,9.0,7,,2026-02-23T16:32:45.857362Z,1136240,6.823,#C C extends the vacuum pipe,"Core task, high hand activity for setting up the tool.",r001,Cleaning,silver,Gold,,1726.021057613672,2026-02-23T16:32:45.857389Z,6d9d3b31-334f-4710-8f66-8d9befde4665
Stationary,4495.0,9.0,7,,2026-02-23T16:32:55.013825Z,1136241,7.792,#C C holds the spray bottle,"Low body/hand motion, holding an object without active manipulation.",r001,Cleaning,silver,Gold,,1954.326885024212,2026-02-23T16:32:55.013842Z,6d9d3b31-334f-4710-8f66-8d9befde4665
Locomotion,4496.0,9.0,7,,2026-02-23T16:33:01.722352Z,1136242,4.953,#C C pulls the chair,"Movement of the body to pull an object, involving significant body acceleration.",r001,Cleaning,silver,Gold,,2036.981315024212,2026-02-23T16:33:01.722365Z,6d9d3b31-334f-4710-8f66-8d9befde4665
Object Transfer,4497.0,9.0,7,,2026-02-23T16:33:08.733618Z,1136243,5.604,#C C places the vacuum cleaner down,Logistics step of putting down an object.,r001,Cleaning,silver,Gold,,2089.159805024211,2026-02-23T16:33:08.733650Z,6d9d3b31-334f-4710-8f66-8d9befde4665
Stationary,4499.0,9.0,7,,2026-02-23T16:33:17.941515Z,1136244,7.487,#C C stretchers hand,"Low body/hand motion, stretching is a static action.",r001,Mechanical Repair,silver,Gold,,494.62812,2026-02-23T16:33:17.941529Z,6e988330-6694-403c-9011-5e5e1ff1d7f6
Object Transfer,4505.0,9.0,7,,2026-02-23T16:34:12.976880Z,1136245,5.207,#C C opens a deep fryer,"Opening an object, which is part of the logistics/setup step.",r001,Cooking,silver,Gold,,9.5550786,2026-02-23T16:34:12.976912Z,6eb083c4-a7dc-454b-84bc-2f0d8a69dffe
Essential Operation,4506.0,9.0,7,,2026-02-23T16:34:36.004281Z,1136246,21.362,#C C removes dirt from the frying basket,"Core task involving manual cleaning, high hand activity.",r001,Cooking,silver,Gold,,31.7134286,2026-02-23T16:34:36.004296Z,6eb083c4-a7dc-454b-84bc-2f0d8a69dffe
Object Transfer,4507.0,9.0,7,,2026-02-23T16:34:47.092794Z,1136247,9.53,#C C puts the dirt on the counter,"Logistics step, moving an object to a new location.",r001,Cooking,silver,Gold,,49.6066386,2026-02-23T16:34:47.092827Z,6eb083c4-a7dc-454b-84bc-2f0d8a69dffe
Object Transfer,4878.0,9.0,7,,2026-02-23T17:48:19.712754Z,1136248,5.239,#C C takes a bowl of food from the fridge,Logistics step involving picking up and moving an object.,r001,Cooking,silver,Gold,,85.8243486,2026-02-23T17:48:19.712788Z,6eb083c4-a7dc-454b-84bc-2f0d8a69dffe
Object Transfer,4879.0,9.0,7,,2026-02-23T17:48:28.398148Z,1136249,7.031,#C C moves the plate aside on the counter,Logistics step involving moving an object.,r001,Cooking,silver,Gold,,208.6470386,2026-02-23T17:48:28.398181Z,6eb083c4-a7dc-454b-84bc-2f0d8a69dffe
Object Transfer,4880.0,9.0,7,,2026-02-23T17:48:34.945075Z,1136250,4.992,#C C places the plate on the counter,"Logistics step, placing an object.",r001,Cooking,silver,Gold,,208.6470386,2026-02-23T17:48:34.945098Z,6eb083c4-a7dc-454b-84bc-2f0d8a69dffe
Object Transfer,4881.0,9.0,7,,2026-02-23T17:48:43.165981Z,1136251,6.599,#C C places piece of meat in the plate,Logistics step involving the placement of an object.,r001,Cooking,silver,Gold,,299.95470866327605,2026-02-23T17:48:43.166013Z,6eb083c4-a7dc-454b-84bc-2f0d8a69dffe
Essential Operation,4882.0,9.0,7,Stationary,2026-02-23T17:48:55.446403Z,1136252,10.665,#C C cleans the hands,Core manual task involving high hand activity.,r001,Cooking,silver,,,345.09956866327605,2026-02-23T17:48:55.446417Z,6eb083c4-a7dc-454b-84bc-2f0d8a69dffe
Essential Operation,4883.0,9.0,7,,2026-02-23T17:49:17.617022Z,1136253,19.626,#C C pours liquid in the paste,Core task involving high hand activity.,r001,Cooking,silver,Gold,,484.98380199660943,2026-02-23T17:49:17.617037Z,6eb083c4-a7dc-454b-84bc-2f0d8a69dffe
Object Transfer,4884.0,9.0,7,,2026-02-23T17:49:24.576235Z,1136254,5.429,#C C places spice container on the counter top,"Logistics step, placing an object.",r001,Cooking,silver,Gold,,695.5836662177904,2026-02-23T17:49:24.576261Z,6eb083c4-a7dc-454b-84bc-2f0d8a69dffe
Object Transfer,4885.0,9.0,7,,2026-02-23T17:49:31.838591Z,1136255,5.136,#C C closes the bottle of spice,"Closing an object involves picking it up and placing it, which is a logistics step.",r001,Cooking,silver,Gold,,854.318537062517,2026-02-23T17:49:31.838624Z,6eb083c4-a7dc-454b-84bc-2f0d8a69dffe
Stationary,4886.0,9.0,7,,2026-02-23T17:49:45.098201Z,1136256,8.296,#C C touches the spark advance. #Unsure,"Low body/hand motion, likely inspecting or feeling the component.",r001,Mechanical Repair,silver,Gold,,0.92384,2026-02-23T17:49:45.098221Z,70c8bd4f-bfe1-4fb5-82ad-7d763cc28935
Search,4887.0,9.0,7,,2026-02-23T17:49:54.003640Z,1136257,7.206,#C C inspects the gas tank Cover.,Visual inspection involves head movement and observation.,r001,Mechanical Repair,silver,Gold,,7.04335,2026-02-23T17:49:54.003674Z,70c8bd4f-bfe1-4fb5-82ad-7d763cc28935
Stationary,4888.0,9.0,7,,2026-02-23T17:50:03.953605Z,1136258,8.138,#C C kneels beside the motorcycle.,The action involves a change in posture to a stationary position (kneeling).,r001,Mechanical Repair,silver,Gold,,11.63728,2026-02-23T17:50:03.953639Z,70c8bd4f-bfe1-4fb5-82ad-7d763cc28935
Search,4889.0,9.0,7,Stationary,2026-02-23T17:50:25.020487Z,1136259,19.391,#C C hits the gas tank with his right hand twice.,"[CtxFixed] The action of hitting the gas tank twice with his right hand suggests that C is checking or verifying something about the gas tank, which aligns with a search or inspection behavior.",r001,Mechanical Repair,silver,Bad,,49.89673,2026-02-23T17:50:25.020500Z,70c8bd4f-bfe1-4fb5-82ad-7d763cc28935
Essential Operation,4890.0,9.0,7,,2026-02-23T17:50:44.383516Z,1136260,17.866,#C C adjusts a wire on the gas tank cover with his right hand.,Core manual task involving precise hand movements.,r001,Mechanical Repair,silver,Gold,,96.38944,2026-02-23T17:50:44.383532Z,70c8bd4f-bfe1-4fb5-82ad-7d763cc28935
Object Transfer,4891.0,9.0,7,,2026-02-23T17:50:56.299162Z,1136261,10.323,#C C brings out a tool box with his left hand.,"The action involves picking up and moving an object (tool box), which is a logistics step.",r001,Mechanical Repair,silver,Gold,,161.00119,2026-02-23T17:50:56.299178Z,70c8bd4f-bfe1-4fb5-82ad-7d763cc28935
Object Transfer,4892.0,9.0,7,,2026-02-23T17:51:05.858512Z,1136262,8.106,#C C returns two screws to his jacket pocket with his left hand.,"The action involves placing objects (screws) into a pocket, which is a logistics task.",r001,Mechanical Repair,silver,Gold,,191.45297,2026-02-23T17:51:05.858545Z,70c8bd4f-bfe1-4fb5-82ad-7d763cc28935
Essential Operation,4893.0,9.0,7,,2026-02-23T17:51:18.913575Z,1136263,11.465,#C C tightens the screw into the ignition part with the socket screwdriver. #Unsure,Core manual task involving high hand activity.,r001,Mechanical Repair,silver,Gold,,244.01984,2026-02-23T17:51:18.913589Z,70c8bd4f-bfe1-4fb5-82ad-7d763cc28935
Essential Operation,4894.0,9.0,7,,2026-02-23T17:52:57.701336Z,1136264,30.923,#C C tightens the screw into the ignition part with the socket screw driver. #Unsure,Core manual task involving high hand activity.,r001,Mechanical Repair,silver,Gold,,264.29112,2026-02-23T17:52:57.701353Z,70c8bd4f-bfe1-4fb5-82ad-7d763cc28935
Essential Operation,4895.0,9.0,7,,2026-02-23T17:53:56.433655Z,1136265,9.569,#C C tightens the screw with the screwdriver.,Core manual task involving high hand activity.,r001,Mechanical Repair,silver,Gold,,329.8585,2026-02-23T17:53:56.433669Z,70c8bd4f-bfe1-4fb5-82ad-7d763cc28935
Stationary,4896.0,9.0,7,,2026-02-23T17:54:52.683417Z,1136266,12.004,#C C touches the gas tank with both hands.,"Low body/hand motion, indicative of inspection or observation.",r001,Mechanical Repair,silver,Gold,,339.45341,2026-02-23T17:54:52.683450Z,70c8bd4f-bfe1-4fb5-82ad-7d763cc28935
Object Transfer,4897.0,9.0,7,,2026-02-23T17:55:01.075612Z,1136267,5.241,#C C picks a screwdriver from the ground.,"Action involves picking up an object, indicative of logistics.",r001,Mechanical Repair,silver,Gold,,356.01148,2026-02-23T17:55:01.075626Z,70c8bd4f-bfe1-4fb5-82ad-7d763cc28935
Locomotion,4898.0,9.0,7,,2026-02-23T17:56:51.394532Z,1136268,106.632,#C C bends beside the motorcycle.,"Body movement to change position, indicative of high body acceleration.",r001,Mechanical Repair,silver,Gold,,511.66988,2026-02-23T17:56:51.394545Z,70c8bd4f-bfe1-4fb5-82ad-7d763cc28935
Essential Operation,4899.0,9.0,7,,2026-02-23T17:57:01.101067Z,1136269,7.801,#C C adjusts the kickstart. #Unsure,Core manual task involving fine motor skills and hand manipulation.,r001,Mechanical Repair,silver,Gold,,534.3731546666667,2026-02-23T17:57:01.101080Z,70c8bd4f-bfe1-4fb5-82ad-7d763cc28935
Object Transfer,4900.0,9.0,7,,2026-02-23T17:57:10.148951Z,1136270,7.479,#C C drops the tissue paper on the workshop table with his left gloved hand.,"[CtxFixed] The action involves deliberately placing the tissue paper onto the workshop table, which fits the definition of a deliberate placement.",r001,Mechanical Repair,silver,Gold,,549.6516746666667,2026-02-23T17:57:10.148985Z,70c8bd4f-bfe1-4fb5-82ad-7d763cc28935
Object Transfer,4901.0,9.0,7,,2026-02-23T17:57:21.202118Z,1136271,6.925,#C C puts engine oil into the oil tank with both gloved hands.,Logistics step of transferring oil into the tank.,r001,Mechanical Repair,silver,Gold,,571.2760266666667,2026-02-23T17:57:21.202132Z,70c8bd4f-bfe1-4fb5-82ad-7d763cc28935
Locomotion,4902.0,9.0,7,,2026-02-23T17:57:29.075813Z,1136272,6.072,#C C walks to the other side of the motorcycle.,"Body moving through space, high body acceleration.",r001,Mechanical Repair,silver,Gold,,647.8014966666667,2026-02-23T17:57:29.075845Z,70c8bd4f-bfe1-4fb5-82ad-7d763cc28935
Essential Operation,4903.0,9.0,7,,2026-02-23T17:57:45.650284Z,1136273,14.735,#C C hits the side panel with his gloved right hand.,"[CtxFixed] The action of hitting the side panel with his gloved right hand likely indicates a final adjustment or check to ensure the side panel is properly fixed, which is part of the essential operation of assembling or maintaining the motorcycle.",r001,Mechanical Repair,silver,Gold,,663.8501266666667,2026-02-23T17:57:45.650299Z,70c8bd4f-bfe1-4fb5-82ad-7d763cc28935
Stationary,4904.0,9.0,7,,2026-02-23T17:58:06.802769Z,1136274,19.175,#C C touches the foot rest of the motorcycle with his gloved left hand. #unsure,"The action involves touching an object with one hand, indicating a pause and inspection rather than active movement or task execution.",r001,Mechanical Repair,silver,Gold,,673.1080666666667,2026-02-23T17:58:06.802782Z,70c8bd4f-bfe1-4fb5-82ad-7d763cc28935
Object Transfer,4977.0,9.0,7,,2026-02-23T18:17:15.287035Z,1136275,6.667,#C C takes a pen from the table with his gloved right hand.,Logistics/Setup step involving picking up an object.,r001,Mechanical Repair,silver,Gold,,693.8193666666666,2026-02-23T18:17:15.287049Z,70c8bd4f-bfe1-4fb5-82ad-7d763cc28935
Object Transfer,4978.0,9.0,7,,2026-02-23T18:17:34.170758Z,1136276,16.482,#C C takes a T spanner from the tool compartment with his gloved left hand.,Logistics action involving picking up an object.,r001,Mechanical Repair,silver,Gold,,732.2141466666667,2026-02-23T18:17:34.170781Z,70c8bd4f-bfe1-4fb5-82ad-7d763cc28935
Object Transfer,4979.0,9.0,7,,2026-02-23T18:17:41.824163Z,1136277,6.106,#C C removes the cylinder kit from the pack with his left hand. #unsure,Logistics step involving picking up the cylinder kit.,r001,Mechanical Repair,silver,Gold,,810.6728566666667,2026-02-23T18:17:41.824196Z,70c8bd4f-bfe1-4fb5-82ad-7d763cc28935
Object Transfer,4980.0,9.0,7,,2026-02-23T18:18:04.138906Z,1136278,18.018,#C C removes his gloved left hand from the tissue paper.,"The action involves removing a hand from an object, which is a logistics step.",r001,Mechanical Repair,silver,Gold,,831.2177366666667,2026-02-23T18:18:04.138920Z,70c8bd4f-bfe1-4fb5-82ad-7d763cc28935
Locomotion,4981.0,9.0,7,,2026-02-23T18:18:11.615714Z,1136279,5.758,#C C walks along the path,"Body moving through space, high body acceleration.",r001,Walking Outdoors,silver,Gold,,99.02673,2026-02-23T18:18:11.615728Z,72d6a00b-0554-41cd-a00d-0c1e64e400df
Locomotion,4982.0,9.0,7,,2026-02-23T18:18:19.489177Z,1136280,6.257,#C C turns backwards,Turning while moving involves body rotation and movement through space.,r001,Walking Outdoors,silver,Gold,,737.0211333333333,2026-02-23T18:18:19.489210Z,72d6a00b-0554-41cd-a00d-0c1e64e400df
Locomotion,4983.0,9.0,7,,2026-02-23T18:18:25.907181Z,1136281,4.854,#C C turns forward,Turning while moving through space.,r001,Walking Outdoors,silver,Gold,,761.0227133333333,2026-02-23T18:18:25.907215Z,72d6a00b-0554-41cd-a00d-0c1e64e400df
Locomotion,4984.0,9.0,7,,2026-02-23T18:18:32.139072Z,1136282,4.505,#C C runs forward,Body moving through space with high body acceleration.,r001,Walking Outdoors,silver,Gold,,793.1451033333333,2026-02-23T18:18:32.139086Z,72d6a00b-0554-41cd-a00d-0c1e64e400df
Locomotion,4985.0,9.0,7,,2026-02-23T18:18:37.496964Z,1136283,3.823,#C C runs around,"Body moving through space at a higher speed, indicating running.",r001,Walking Outdoors,silver,Gold,,883.6770333333334,2026-02-23T18:18:37.496996Z,72d6a00b-0554-41cd-a00d-0c1e64e400df
Search,4986.0,9.0,7,,2026-02-23T18:18:46.306236Z,1136284,7.433,#C C looks backwards,"Head movement (visual search), hands mostly still.",r001,Walking Outdoors,silver,Gold,,1087.9676326666668,2026-02-23T18:18:46.306251Z,72d6a00b-0554-41cd-a00d-0c1e64e400df
Locomotion,4987.0,9.0,7,,2026-02-23T18:18:52.765395Z,1136285,5.042,#C C walks out of the field,"Body moving through space, indicative of walking.",r001,Walking Outdoors,silver,Gold,,1165.5933366666666,2026-02-23T18:18:52.765412Z,72d6a00b-0554-41cd-a00d-0c1e64e400df
Locomotion,4988.0,9.0,7,,2026-02-23T18:19:03.902386Z,1136286,6.296,#C C turns round,Turning while moving involves body rotation and movement through space.,r001,Walking Outdoors,silver,Gold,,1220.2736066666666,2026-02-23T18:19:03.902419Z,72d6a00b-0554-41cd-a00d-0c1e64e400df
Locomotion,4989.0,9.0,7,,2026-02-23T18:19:10.570753Z,1136287,4.601,#C C runs backwards,Body moving through space in a running motion.,r001,Walking Outdoors,silver,Gold,,1354.2740966666663,2026-02-23T18:19:10.570767Z,72d6a00b-0554-41cd-a00d-0c1e64e400df
Locomotion,4990.0,9.0,7,,2026-02-23T18:19:23.548499Z,1136288,11.243,#O man Y walks with the paper plate,Body moving through space (walking).,r001,Walking Outdoors,silver,Gold,,1378.0343933333334,2026-02-23T18:19:23.548514Z,72d6a00b-0554-41cd-a00d-0c1e64e400df
Object Transfer,4991.0,9.0,7,Locomotion,2026-02-23T18:19:50.352005Z,1136289,24.831,#O man Z catches the paper plate,"[CtxFixed] The action involves the man catching a paper plate, which can be considered a deliberate action of receiving or catching an object.",r001,Walking Outdoors,silver,Gold,,1466.0594133333334,2026-02-23T18:19:50.352019Z,72d6a00b-0554-41cd-a00d-0c1e64e400df
Object Transfer,4992.0,9.0,7,,2026-02-23T18:19:58.222881Z,1136290,6.152,#C C throws the plate,"[CtxFixed] The action involves moving an object (the plate) from one person to another, which fits the definition of transferring an object.",r001,Walking Outdoors,silver,Gold,,1720.55389,2026-02-23T18:19:58.222914Z,72d6a00b-0554-41cd-a00d-0c1e64e400df
Stationary,4993.0,9.0,7,,2026-02-23T18:20:10.097424Z,1136291,5.074,#C C converses with Woman S,"Low body/hand motion, likely involves minimal movement while speaking.",r001,Walking Outdoors,silver,Gold,,2049.89506,2026-02-23T18:20:10.097456Z,72d6a00b-0554-41cd-a00d-0c1e64e400df
Locomotion,4994.0,9.0,7,,2026-02-23T18:20:15.788872Z,1136292,4.124,#C C runs left,Body moving through space with significant acceleration.,r001,Walking Outdoors,silver,Gold,,2159.881499333333,2026-02-23T18:20:15.788904Z,72d6a00b-0554-41cd-a00d-0c1e64e400df
Locomotion,4995.0,9.0,7,,2026-02-23T18:20:22.813751Z,1136293,4.443,#O Man S runs,Body moving through space with high body acceleration.,r001,Walking Outdoors,silver,Gold,,2462.304713333333,2026-02-23T18:20:22.813766Z,72d6a00b-0554-41cd-a00d-0c1e64e400df
Locomotion,4996.0,9.0,7,,2026-02-23T18:20:30.697557Z,1136294,3.354,#O Man H walks,"Body moving through space, indicative of walking.",r001,Walking Outdoors,silver,Gold,,2471.226473333333,2026-02-23T18:20:30.697595Z,72d6a00b-0554-41cd-a00d-0c1e64e400df
Locomotion,4997.0,9.0,7,,2026-02-23T18:20:36.348265Z,1136295,3.977,#O Man P walks,"Body moving through space, indicative of walking.",r001,Walking Outdoors,silver,Gold,,2529.511303333333,2026-02-23T18:20:36.348287Z,72d6a00b-0554-41cd-a00d-0c1e64e400df
Locomotion,4998.0,9.0,7,,2026-02-23T18:20:41.666442Z,1136296,3.71,#O Woman Q runs,Body moving through space at a fast pace.,r001,Walking Outdoors,silver,Gold,,2575.837993333333,2026-02-23T18:20:41.666473Z,72d6a00b-0554-41cd-a00d-0c1e64e400df
Locomotion,4999.0,9.0,7,,2026-02-23T18:20:48.161567Z,1136297,4.762,#O woman Y runs,"Body moving through space at a rapid pace, high body acceleration.",r001,Walking Outdoors,silver,Gold,,2587.038233333333,2026-02-23T18:20:48.161599Z,72d6a00b-0554-41cd-a00d-0c1e64e400df
Locomotion,5000.0,9.0,7,Stationary,2026-02-23T18:21:35.165660Z,1136298,45.349,#O Man U holds #unsure,"Indicates movement through space, likely walking or moving with uncertainty.",r001,Walking Outdoors,silver,Bad,,2590.990763333333,2026-02-23T18:21:35.165673Z,72d6a00b-0554-41cd-a00d-0c1e64e400df
Locomotion,5001.0,9.0,7,,2026-02-23T18:21:50.257032Z,1136299,12.893,#O Woman B runs,"Body moving through space at a running pace, high body acceleration.",r001,Walking Outdoors,silver,Gold,,2598.3075433333333,2026-02-23T18:21:50.257065Z,72d6a00b-0554-41cd-a00d-0c1e64e400df
Locomotion,5002.0,9.0,7,,2026-02-23T18:22:05.742225Z,1136300,13.972,#O Man G runs,"Body moving through space, indicative of running which involves high body acceleration.",r001,Walking Outdoors,silver,,,2598.962903333333,2026-02-23T18:22:05.742248Z,72d6a00b-0554-41cd-a00d-0c1e64e400df
Locomotion,5003.0,9.0,7,,2026-02-23T18:22:11.753640Z,1136301,4.662,#O Man V runs,Body moving through space with high body acceleration.,r001,Walking Outdoors,silver,Gold,,2604.051323333333,2026-02-23T18:22:11.753654Z,72d6a00b-0554-41cd-a00d-0c1e64e400df
Locomotion,5004.0,9.0,7,,2026-02-23T18:22:20.605056Z,1136302,4.659,#O Woman H walks,"Body moving through space, indicative of walking.",r001,Walking Outdoors,silver,Gold,,2658.4461126666665,2026-02-23T18:22:20.605091Z,72d6a00b-0554-41cd-a00d-0c1e64e400df
Locomotion,5005.0,9.0,7,,2026-02-23T18:22:28.007557Z,1136303,3.874,#O Woman T walks,"Body moving through space (walking), high body acceleration.",r001,Walking Outdoors,silver,Gold,,2713.9488126666665,2026-02-23T18:22:28.007592Z,72d6a00b-0554-41cd-a00d-0c1e64e400df
Locomotion,5006.0,9.0,7,Stationary,2026-02-23T18:22:51.522068Z,1136304,21.899,#O man L stands,"Standing up implies transition or movement, which often involves body acceleration.",r001,Walking Outdoors,silver,Bad,,2740.871696666667,2026-02-23T18:22:51.522102Z,72d6a00b-0554-41cd-a00d-0c1e64e400df
Locomotion,5093.0,9.0,7,,2026-02-23T18:41:48.401749Z,1136305,5.426,#O Woman V walks,"Body moving through space, indicative of walking.",r001,Walking Outdoors,silver,Gold,,2746.852956666667,2026-02-23T18:41:48.401783Z,72d6a00b-0554-41cd-a00d-0c1e64e400df
Stationary,5094.0,9.0,7,,2026-02-23T18:41:57.064557Z,1136306,5.045,#O Man P drinks from a bottle,"The action involves a person drinking from a bottle, which is a low-energy activity with minimal body movement.",r001,Walking Outdoors,silver,Gold,,2754.9666666666667,2026-02-23T18:41:57.064591Z,72d6a00b-0554-41cd-a00d-0c1e64e400df
Stationary,4905.0,9.0,7,,2026-02-23T17:58:24.504990Z,1136307,16.011,#C C stares at the laptop,"Low body/hand motion, focused visual activity.",r001,Desk Work,silver,Gold,,1034.0223342879967,2026-02-23T17:58:24.505004Z,752e22a0-e229-421a-80bf-7d3253169b02
Stationary,4906.0,9.0,7,,2026-02-23T17:58:40.280000Z,1136308,7.226,#C C scrolls the mouse,"Low body/hand motion, mostly finger movement.",r001,Desk Work,silver,Gold,,1267.786854287997,2026-02-23T17:58:40.280014Z,752e22a0-e229-421a-80bf-7d3253169b02
Stationary,4907.0,9.0,7,,2026-02-23T17:58:47.521473Z,1136309,5.424,#C C straightens hands,"Low body/hand motion, likely adjusting posture.",r001,Desk Work,silver,Gold,,27.5229986,2026-02-23T17:58:47.521505Z,774a7c0d-6d18-4cdc-b2fb-ceb8d195deca
Stationary,4908.0,9.0,7,,2026-02-23T17:58:53.112410Z,1136310,4.232,#C C sneezes,[CtxFixed] Sneezing is an involuntary action that does not involve movement from one place to another or any other deliberate operation.,r001,Desk Work,silver,Gold,,43.4361186,2026-02-23T17:58:53.112442Z,774a7c0d-6d18-4cdc-b2fb-ceb8d195deca
Object Transfer,4909.0,9.0,7,,2026-02-23T17:59:05.157506Z,1136311,7.941,#C C picks dumbbells on the floor,Logistics step involving picking up objects from the floor.,r001,Desk Work,silver,Gold,,187.1300786,2026-02-23T17:59:05.157520Z,774a7c0d-6d18-4cdc-b2fb-ceb8d195deca
Object Transfer,4910.0,9.0,7,,2026-02-23T17:59:13.549839Z,1136312,6.839,#C C puts a remote on a table,Logistics step involving picking up and putting down an object.,r001,Desk Work,silver,Gold,,360.8926957462195,2026-02-23T17:59:13.549875Z,774a7c0d-6d18-4cdc-b2fb-ceb8d195deca
Object Transfer,4911.0,9.0,7,,2026-02-23T17:59:20.148045Z,1136313,4.851,#C C puts dumbbells on the floor,"Logistics of placing objects, short bursts of hand acceleration.",r001,Desk Work,silver,Gold,,494.52583574621946,2026-02-23T17:59:20.148060Z,774a7c0d-6d18-4cdc-b2fb-ceb8d195deca
Stationary,4912.0,9.0,7,,2026-02-23T17:59:26.988885Z,1136314,5.262,#C C scratches a hand,"Low body/hand motion, brief and minor action.",r001,Desk Work,silver,Gold,,511.02038574621946,2026-02-23T17:59:26.988920Z,774a7c0d-6d18-4cdc-b2fb-ceb8d195deca
Search,4913.0,9.0,7,,2026-02-23T17:59:40.567497Z,1136315,12.109,#C C lifts looks on the watch,"Head movement (visual check), hands mostly still.",r001,Desk Work,silver,Gold,,580.0443831540365,2026-02-23T17:59:40.567512Z,774a7c0d-6d18-4cdc-b2fb-ceb8d195deca
Search,4914.0,9.0,7,,2026-02-23T17:59:47.772834Z,1136316,5.857,#C C checks on the watch,"Head movement (visual search), hands mostly still.",r001,Desk Work,silver,Gold,,768.9019431540364,2026-02-23T17:59:47.772886Z,774a7c0d-6d18-4cdc-b2fb-ceb8d195deca
Stationary,4915.0,9.0,7,,2026-02-23T17:59:59.052437Z,1136317,9.739,#C C holds round box,"Low body/hand motion, holding an object without moving.",r001,Carpentry,silver,Gold,,31.1561786,2026-02-23T17:59:59.052451Z,7b277350-9926-42ef-b5f7-3ee000f3350a
Search,4916.0,9.0,7,,2026-02-23T18:00:19.353620Z,1136318,18.958,#C C gazes at ladder,"Head movement (visual inspection), hands mostly still.",r001,Carpentry,silver,Gold,,34.5639086,2026-02-23T18:00:19.353637Z,7b277350-9926-42ef-b5f7-3ee000f3350a
Stationary,5095.0,9.0,7,,2026-02-23T18:42:13.690749Z,1136319,15.205,"#C C holds mini hack saw, conduit pipe & measuring tape","The action describes holding items, which indicates a static position with minimal motion.",r001,Carpentry,silver,Gold,,88.3219086,2026-02-23T18:42:13.690764Z,7b277350-9926-42ef-b5f7-3ee000f3350a
Object Transfer,5096.0,9.0,7,,2026-02-23T18:42:21.156992Z,1136320,5.858,#C C drops measuring tape,"[CtxFixed] The action of dropping the measuring tape is a deliberate placement of the object onto a surface, which fits the criteria for 'Object Transfer'.",r001,Carpentry,silver,Gold,,90.9552486,2026-02-23T18:42:21.157024Z,7b277350-9926-42ef-b5f7-3ee000f3350a
Locomotion,5097.0,9.0,7,,2026-02-23T18:42:43.631193Z,1136321,20.944,#C C lifts conduit pipe up,"Body moving through space to lift an object, involves high body acceleration.",r001,Carpentry,silver,Gold,,116.4010186,2026-02-23T18:42:43.631208Z,7b277350-9926-42ef-b5f7-3ee000f3350a
Locomotion,5098.0,9.0,7,,2026-02-23T18:43:00.527987Z,1136322,14.91,#C C goes down the ladder with conduit pipe,"Body moving through space (going down the ladder), high body acceleration.",r001,Carpentry,silver,Gold,,124.1126986,2026-02-23T18:43:00.528002Z,7b277350-9926-42ef-b5f7-3ee000f3350a
Essential Operation,5099.0,9.0,7,,2026-02-23T18:43:09.328114Z,1136323,7.211,#C C connects conduit pipe to the joint on the wall,Core manual task involving high hand activity.,r001,Carpentry,silver,Gold,,134.7149686,2026-02-23T18:43:09.328147Z,7b277350-9926-42ef-b5f7-3ee000f3350a
Locomotion,5100.0,9.0,7,,2026-02-23T18:43:15.703324Z,1136324,5.053,#C C climbs ladder with drill,"Body moving through space with a tool, high body acceleration.",r001,Carpentry,silver,Gold,,169.24511859999998,2026-02-23T18:43:15.703358Z,7b277350-9926-42ef-b5f7-3ee000f3350a
Object Transfer,5101.0,9.0,7,,2026-02-23T18:43:25.170610Z,1136325,8.017,#C C puts the other panel light down,Logistics step involving placing an object down.,r001,Carpentry,silver,Gold,,295.1974986,2026-02-23T18:43:25.170645Z,7b277350-9926-42ef-b5f7-3ee000f3350a
Locomotion,5102.0,9.0,7,,2026-02-23T18:43:33.715202Z,1136326,4.337,#C C walks towards exit,"Body moving through space, indicative of walking.",r001,Carpentry,silver,Gold,,300.52407860000005,2026-02-23T18:43:33.715217Z,7b277350-9926-42ef-b5f7-3ee000f3350a
Stationary,5103.0,9.0,7,,2026-02-23T18:43:40.859208Z,1136327,5.428,#C C holds tape measure,"Low body/hand motion, holding an object without moving.",r001,Carpentry,silver,Gold,,319.33423860000005,2026-02-23T18:43:40.859242Z,7b277350-9926-42ef-b5f7-3ee000f3350a
Locomotion,5104.0,9.0,7,,2026-02-23T18:43:47.280260Z,1136328,4.733,#C C goes down the ladder with tape measure,Body moving through space (descending a ladder).,r001,Carpentry,silver,Gold,,383.5084686,2026-02-23T18:43:47.280334Z,7b277350-9926-42ef-b5f7-3ee000f3350a
Object Transfer,5105.0,9.0,7,,2026-02-23T18:44:10.578560Z,1136329,49.397,#C C grabs tape measure,Logistics action of picking up an object.,r001,Carpentry,silver,Gold,,402.8532686,2026-02-23T18:44:47.046971Z,7b277350-9926-42ef-b5f7-3ee000f3350a
Stationary,5133.0,9.0,7,,2026-02-23T18:54:07.903037Z,1136330,14.043,#C C holds conduit pipe & mini hack saw,"The action describes holding items without movement, indicating a stationary state.",r001,Carpentry,silver,Gold,,426.5770386,2026-02-23T18:54:07.903071Z,7b277350-9926-42ef-b5f7-3ee000f3350a
Stationary,5134.0,9.0,7,,2026-02-23T18:54:21.129230Z,1136331,9.83,#C C holds conduit pipe & round box,"The action describes holding items, which involves minimal movement.",r001,Carpentry,silver,Gold,,438.0328286,2026-02-23T18:54:21.129265Z,7b277350-9926-42ef-b5f7-3ee000f3350a
Object Transfer,5135.0,9.0,7,Essential Operation,2026-02-23T18:54:46.879639Z,1136332,54.145,#C C inserts conduit pipe inside round box,Logistics step involving the placement of an object.,r001,Carpentry,silver,Gold,,438.7454586,2026-02-23T18:55:22.300530Z,7b277350-9926-42ef-b5f7-3ee000f3350a
Essential Operation,5136.0,9.0,7,,2026-02-23T18:55:37.211628Z,1136333,13.224,#C C clips conduit pipe,Core manual task involving high hand activity.,r001,Carpentry,silver,Gold,,549.8734532666667,2026-02-23T18:55:37.211643Z,7b277350-9926-42ef-b5f7-3ee000f3350a
Object Transfer,5137.0,9.0,7,,2026-02-23T18:55:44.955598Z,1136334,4.515,#C C picks a screw,Logistics step of picking an object.,r001,Carpentry,silver,Gold,,585.1495552666667,2026-02-23T18:55:44.955638Z,7b277350-9926-42ef-b5f7-3ee000f3350a
Search,5138.0,9.0,7,,2026-02-23T18:55:52.275222Z,1136335,5.67,#C C looks around the container,"Visual search activity, likely involves head movement.",r001,Carpentry,silver,Gold,,642.9775352666667,2026-02-23T18:55:52.275238Z,7b277350-9926-42ef-b5f7-3ee000f3350a
Locomotion,5139.0,9.0,7,,2026-02-23T18:56:00.156582Z,1136336,5.434,#C C walks around the container,"Body moving through space, indicative of walking.",r001,Carpentry,silver,Gold,,644.8321452666667,2026-02-23T18:56:00.156607Z,7b277350-9926-42ef-b5f7-3ee000f3350a
Object Transfer,5140.0,9.0,7,,2026-02-23T18:56:08.055640Z,1136337,3.781,#C C picks a tape measure,Logistics/Setup step (picking up an object).,r001,Carpentry,silver,Gold,,648.6464752666667,2026-02-23T18:56:08.055654Z,7b277350-9926-42ef-b5f7-3ee000f3350a
Search,5141.0,9.0,7,Essential Operation,2026-02-23T18:57:25.698471Z,1136338,76.076,#C C uses a tape measure on the metal,Visual inspection/alignment with the tape measure.,r001,Carpentry,silver,Bad,,662.7643052666667,2026-02-23T18:57:25.698488Z,7b277350-9926-42ef-b5f7-3ee000f3350a
Locomotion,5142.0,9.0,7,,2026-02-23T18:57:31.981139Z,1136339,4.465,#C C walks up on the lader,Body moving through space (walking).,r001,Carpentry,silver,Gold,,744.1766452666667,2026-02-23T18:57:31.981154Z,7b277350-9926-42ef-b5f7-3ee000f3350a
Locomotion,5143.0,9.0,7,,2026-02-23T18:57:42.816915Z,1136340,9.289,"#C C goes down the ladder with panel light, panel holder & screw driver","Body moving through space with objects, high body acceleration.",r001,Carpentry,silver,Gold,,946.7945652666668,2026-02-23T18:57:42.816947Z,7b277350-9926-42ef-b5f7-3ee000f3350a
Search,5144.0,9.0,7,,2026-02-23T18:58:11.850599Z,1136341,27.422,#C C scouts inside the screw container,"Visual search for the screw, likely involves head movement and minimal hand activity.",r001,Carpentry,silver,Gold,,959.9747252666668,2026-02-23T18:58:11.850614Z,7b277350-9926-42ef-b5f7-3ee000f3350a
Object Transfer,5145.0,9.0,7,,2026-02-23T18:58:18.061737Z,1136342,4.85,#C C picks a screw from the container,Logistics step involving picking up an object.,r001,Carpentry,silver,Gold,,979.3523952666668,2026-02-23T18:58:18.061771Z,7b277350-9926-42ef-b5f7-3ee000f3350a
Object Transfer,5146.0,9.0,7,Locomotion,2026-02-23T18:59:20.097292Z,1136343,60.398,#C C carries panel holder & screw,"The action involves carrying an object, which is a logistics step.",r001,Carpentry,silver,Bad,,1338.3031642879969,2026-02-23T18:59:20.097327Z,7b277350-9926-42ef-b5f7-3ee000f3350a
Object Transfer,5147.0,9.0,7,,2026-02-23T18:59:37.746278Z,1136344,15.371,#C C grabs drill,"The action involves picking up the drill, which is a logistics step.",r001,Carpentry,silver,Gold,,1343.6267642879966,2026-02-23T18:59:37.746311Z,7b277350-9926-42ef-b5f7-3ee000f3350a
Stationary,5148.0,9.0,7,,2026-02-23T18:59:47.384112Z,1136345,4.603,#C C holds drill,"The action describes holding a drill, which implies a static position with minimal movement.",r001,Carpentry,silver,Gold,,1364.741014287997,2026-02-23T18:59:47.384146Z,7b277350-9926-42ef-b5f7-3ee000f3350a
Search,5149.0,9.0,7,,2026-02-23T18:59:55.704680Z,1136346,6.582,#C C looks at the metal light holder,"Visual inspection, head movement involved.",r001,Carpentry,silver,Gold,,1384.041444287997,2026-02-23T18:59:55.704703Z,7b277350-9926-42ef-b5f7-3ee000f3350a
Essential Operation,5150.0,9.0,7,,2026-02-23T19:00:57.308722Z,1136347,8.665,#C C puts screw in the metal light holder,"Core task involving manual operation, likely with high hand acceleration.",r001,Carpentry,silver,Gold,,1433.7429342879966,2026-02-23T19:00:57.308736Z,7b277350-9926-42ef-b5f7-3ee000f3350a
Search,5151.0,9.0,7,,2026-02-23T19:01:05.377670Z,1136348,6.152,#C C looks at the LED light,"Head movement (visual inspection), passive hands.",r001,Carpentry,silver,Gold,,1474.3182142879966,2026-02-23T19:01:05.377703Z,7b277350-9926-42ef-b5f7-3ee000f3350a
Essential Operation,5007.0,9.0,7,,2026-02-23T18:23:01.557372Z,1136349,8.452,#C C slots the LED cable in plastic connecter,Core manual task involving precise hand movements.,r001,Carpentry,silver,Gold,,1481.5755242879966,2026-02-23T18:23:01.557406Z,7b277350-9926-42ef-b5f7-3ee000f3350a
Locomotion,5008.0,9.0,7,Object Transfer,2026-02-23T18:23:08.746323Z,1136350,24.815,#C C moves the lader,"Body moving through space, likely involves carrying or moving a ladder.",r001,Carpentry,silver,Gold,,1505.0025542879966,2026-02-23T18:23:45.485982Z,7b277350-9926-42ef-b5f7-3ee000f3350a
Object Transfer,5009.0,9.0,7,,2026-02-23T18:23:51.291454Z,1136351,4.332,#C C picks screw from the ground,Logistics step involving picking up an object.,r001,Carpentry,silver,Gold,,1525.7835942879965,2026-02-23T18:23:51.291488Z,7b277350-9926-42ef-b5f7-3ee000f3350a
Locomotion,5010.0,9.0,7,,2026-02-23T18:24:06.925385Z,1136352,14.112,#C C walks down the lader,Body moving through space (walking).,r001,Carpentry,silver,Gold,,1564.9513642879965,2026-02-23T18:24:06.925418Z,7b277350-9926-42ef-b5f7-3ee000f3350a
Essential Operation,5011.0,9.0,7,,2026-02-23T18:24:16.781601Z,1136353,8.406,#C C pushes wires inside conduit pipe,"Core manual task involving hands, high hand activity.",r001,Carpentry,silver,Gold,,1704.5005409546634,2026-02-23T18:24:16.781618Z,7b277350-9926-42ef-b5f7-3ee000f3350a
Essential Operation,5012.0,9.0,7,,2026-02-23T18:24:26.397075Z,1136354,8.043,#C C strips wire cover with pliers,Core manual task involving high hand activity.,r001,Carpentry,silver,Gold,,1764.2049009546631,2026-02-23T18:24:26.397090Z,7b277350-9926-42ef-b5f7-3ee000f3350a
Locomotion,5013.0,9.0,7,Object Transfer,2026-02-23T18:24:42.261076Z,1136355,11.681,#C C climbs the ladder with wires,"Body moving through space (climbing), high body acceleration.",r001,Carpentry,silver,Gold,,1776.8339109546632,2026-02-23T18:24:42.261101Z,7b277350-9926-42ef-b5f7-3ee000f3350a
Locomotion,5014.0,9.0,7,,2026-02-23T18:24:53.419288Z,1136356,9.398,#C C exits container house,Exiting involves movement through space.,r001,Carpentry,silver,Gold,,1855.9810309546635,2026-02-23T18:24:53.419302Z,7b277350-9926-42ef-b5f7-3ee000f3350a
Stationary,5015.0,9.0,7,,2026-02-23T18:25:00.521222Z,1136357,5.401,#C C holds screw driver & socket,"The action describes holding an object, which is a low energy, stationary state.",r001,Carpentry,silver,Gold,,1902.487500954664,2026-02-23T18:25:00.521256Z,7b277350-9926-42ef-b5f7-3ee000f3350a
Essential Operation,5016.0,9.0,7,,2026-02-23T18:25:08.591268Z,1136358,6.556,#C C works on the wood with the table saw machine,Core manual task involving high hand activity.,r001,Carpentry,silver,Gold,,26.865959600000004,2026-02-23T18:25:08.591307Z,819c3c0c-b89b-4d2e-96a8-a88d06973fa9
Object Transfer,5017.0,9.0,7,,2026-02-23T18:25:15.026393Z,1136359,4.862,#C C picks a stool in the workshop,"Logistics/Setup step, picking up an object.",r001,Carpentry,silver,Gold,,46.683969600000005,2026-02-23T18:25:15.026420Z,819c3c0c-b89b-4d2e-96a8-a88d06973fa9
Object Transfer,5018.0,9.0,7,Essential Operation,2026-02-23T18:25:35.748842Z,1136360,27.71,#C C places the wood on his right hand on the wood on his left hand on the table saw machine,Logistics step involving moving the wood to the table saw.,r001,Carpentry,silver,Gold,,129.1464896,2026-02-23T18:25:48.400328Z,819c3c0c-b89b-4d2e-96a8-a88d06973fa9
Essential Operation,5019.0,9.0,7,,2026-02-23T18:26:00.123409Z,1136361,10.282,#C C packs some wood on each other on the side of the table saw machine,Core task involving manual work with hands.,r001,Carpentry,silver,Gold,,220.1490796,2026-02-23T18:26:00.123425Z,819c3c0c-b89b-4d2e-96a8-a88d06973fa9
Object Transfer,5020.0,9.0,7,,2026-02-23T18:26:20.080070Z,1136362,18.136,#C C picks another wood on the side of the table saw machine,"Logistics step, picking up an object.",r001,Carpentry,silver,Gold,,224.1558396,2026-02-23T18:26:20.080085Z,819c3c0c-b89b-4d2e-96a8-a88d06973fa9
Object Transfer,5021.0,9.0,7,,2026-02-23T18:26:30.127488Z,1136363,5.992,#C C drops the wood with other woods on the other side of the table saw machine,"[CtxFixed] The action involves deliberately placing the wood with other woods on the other side of the table saw machine, which indicates a purposeful movement and placement of objects.",r001,Carpentry,silver,Gold,,264.8448296,2026-02-23T18:26:30.127509Z,819c3c0c-b89b-4d2e-96a8-a88d06973fa9
Object Transfer,5022.0,9.0,7,,2026-02-23T18:26:37.476150Z,1136364,5.457,#C C removes one wood with his right hand.,"The action involves picking up an object, which is a logistics step.",r001,Carpentry,silver,Gold,,315.2924509546634,2026-02-23T18:26:37.476164Z,819c3c0c-b89b-4d2e-96a8-a88d06973fa9
Stationary,5023.0,9.0,7,Essential Operation,2026-02-23T18:27:03.890461Z,1136365,24.67,#C C adjusts the wood on the sawing machine.,Adjusting the wood on the sawing machine likely involves minimal body movement and is a preparatory action rather than a high-energy task.,r001,Carpentry,silver,Bad,,362.4692609546634,2026-02-23T18:27:03.890496Z,819c3c0c-b89b-4d2e-96a8-a88d06973fa9
Essential Operation,5024.0,9.0,7,,2026-02-23T18:27:17.215569Z,1136366,11.729,#C C hits the tennis ball,"[CtxFixed] The action of hitting a tennis ball is a repetitive and deliberate action in the context of playing tennis, which makes it an essential operation in the sequence.",r001,Desk Work,silver,Gold,,169.73847,2026-02-23T18:27:17.215583Z,85020424-0ed9-4dcd-9a39-e5ab84ec6b6d
Locomotion,5025.0,9.0,7,Essential Operation,2026-02-23T18:27:42.286614Z,1136367,9.856,#O person X hits tennis ball,"[CtxFixed] The action of hitting the tennis ball is a continuation of the previous actions, which suggests that the person is in the process of playing tennis. The current action should be classified based on the context, which indicates that the person is moving to hit the ball again, thus it is a part of the locomotion involved in the game.",r001,Desk Work,silver,Bad,,171.53077,2026-02-23T18:27:42.286629Z,85020424-0ed9-4dcd-9a39-e5ab84ec6b6d
Essential Operation,5026.0,9.0,7,,2026-02-23T18:28:18.901278Z,1136368,7.118,#O person X hits tennis ball,"[CtxFixed] The action of hitting a tennis ball is a repetitive and deliberate action, which falls under the category of an essential operation in the context of playing tennis.",r001,Desk Work,silver,Gold,,875.0734533333333,2026-02-23T18:28:18.901303Z,85020424-0ed9-4dcd-9a39-e5ab84ec6b6d
Stationary,5027.0,9.0,7,,2026-02-23T18:28:27.825529Z,1136369,6.706,#X person o plays chess,Playing chess involves minimal body movement and mostly involves hand movements with pieces on a board.,r001,Playing Instrument,silver,Gold,,173.2057486,2026-02-23T18:28:27.825569Z,8773a5e9-c3fd-4777-815b-572b08ce3abe
Stationary,5028.0,9.0,7,,2026-02-23T18:28:35.039497Z,1136370,5.456,#C c plays chess,Playing chess involves minimal body movement and is primarily a cognitive task.,r001,Playing Instrument,silver,Gold,,562.0872093320909,2026-02-23T18:28:35.039514Z,8773a5e9-c3fd-4777-815b-572b08ce3abe
Object Transfer,5029.0,9.0,7,,2026-02-23T18:28:47.547732Z,1136371,8.261,#X person o puts chess piece aside,Logistics/Setup step involving putting a chess piece aside.,r001,Playing Instrument,silver,Gold,,720.9381393320908,2026-02-23T18:28:47.547751Z,8773a5e9-c3fd-4777-815b-572b08ce3abe
Stationary,5030.0,9.0,7,,2026-02-23T18:28:53.815909Z,1136372,4.549,#X person o points chess chart,"The action description is unclear, but if interpreted as a stationary position, it fits this category.",r001,Playing Instrument,silver,Gold,,756.7635093320908,2026-02-23T18:28:53.815933Z,8773a5e9-c3fd-4777-815b-572b08ce3abe
Object Transfer,5031.0,9.0,7,,2026-02-23T18:29:02.561807Z,1136373,7.001,#X person o picks chess piece,"The action involves picking up an object, which is a logistics step.",r001,Playing Instrument,silver,Gold,,1342.915207144922,2026-02-23T18:29:02.561841Z,8773a5e9-c3fd-4777-815b-572b08ce3abe
Stationary,5032.0,9.0,7,Object Transfer,2026-02-23T18:29:59.192241Z,1136374,55.015,#X person o removes uncertain on the chess chart,"The action involves a strategic decision on a chess chart, which is typically done with minimal movement.",r001,Playing Instrument,silver,Gold,,1893.489057613672,2026-02-23T18:29:59.192256Z,8773a5e9-c3fd-4777-815b-572b08ce3abe
Essential Operation,5033.0,9.0,7,Stationary,2026-02-23T18:30:18.141507Z,1136375,17.437,#C C eats grapes,"Core manual task involving hand activity, such as eating.",r001,Walking Outdoors,silver,Bad,,27.361439600000004,2026-02-23T18:30:18.141527Z,89274721-662b-429d-8101-cdf5bfc8610f
Essential Operation,5034.0,9.0,7,,2026-02-23T18:30:33.539621Z,1136376,13.828,#C C spreads jam on the bread,"Core manual task involving hands, with high hand activity.",r001,Walking Outdoors,silver,Gold,,63.5192196,2026-02-23T18:30:33.539653Z,89274721-662b-429d-8101-cdf5bfc8610f
Stationary,5035.0,9.0,7,,2026-02-23T18:30:42.169891Z,1136377,7.251,#C C adjusts the bottle,"Adjusting an object while walking is likely a brief, stationary action rather than continuous motion.",r001,Walking Outdoors,silver,Gold,,230.9428996,2026-02-23T18:30:42.169906Z,89274721-662b-429d-8101-cdf5bfc8610f
Object Transfer,5036.0,9.0,7,,2026-02-23T18:30:51.635509Z,1136378,6.725,#C C puts sponge on the sink table,"Action involves placing an object, indicating logistics or setup step.",r001,Walking Outdoors,silver,Gold,,391.1600009546634,2026-02-23T18:30:51.635543Z,89274721-662b-429d-8101-cdf5bfc8610f
Object Transfer,5152.0,9.0,7,,2026-02-23T19:01:12.281380Z,1136379,5.377,#C C puts the Vegas on the table,Logistics/Setup step.,r001,Cooking,silver,Gold,,94.1749986,2026-02-23T19:01:12.281399Z,8a431195-083a-4e07-a99d-28c2591beaef
Essential Operation,5153.0,9.0,7,,2026-02-23T19:01:18.201184Z,1136380,4.333,#C C cuts the cucumber,"Core task, high hand activity.",r001,Cooking,silver,Gold,,216.5772586,2026-02-23T19:01:18.201219Z,8a431195-083a-4e07-a99d-28c2591beaef
Object Transfer,5154.0,9.0,7,,2026-02-23T19:01:24.011183Z,1136381,4.365,#C C puts the eggplant in a baker pan,"Logistics/Setup step, moving an object.",r001,Cooking,silver,Gold,,319.53857846832705,2026-02-23T19:01:24.011215Z,8a431195-083a-4e07-a99d-28c2591beaef
Essential Operation,5155.0,9.0,7,Object Transfer,2026-02-23T19:01:40.127612Z,1136382,14.622,#Closes the tap,Closing the tap involves a core manual task with high hand activity.,r001,Cooking,silver,Bad,,409.645678468327,2026-02-23T19:01:40.127627Z,8a431195-083a-4e07-a99d-28c2591beaef
Object Transfer,5156.0,9.0,7,,2026-02-23T19:02:11.119111Z,1136383,10.586,#CC opens the cupboard,Logistics/Setup step involving opening a cupboard.,r001,Cooking,silver,Gold,,1135.4939916989583,2026-02-23T19:02:11.119126Z,8a431195-083a-4e07-a99d-28c2591beaef
Object Transfer,5157.0,9.0,7,,2026-02-23T19:03:19.745772Z,1136384,64.107,#CC puts phone down takes the milk bottle,Logistics/Setup step involving picking up and putting down objects.,r001,Cooking,silver,Gold,,1229.8280716989584,2026-02-23T19:03:19.745786Z,8a431195-083a-4e07-a99d-28c2591beaef
Object Transfer,5158.0,9.0,7,,2026-02-23T19:03:38.467632Z,1136385,13.615,#C C puts cheese on top of a weigh machine,Logistics step involving picking up and placing an object.,r001,Cooking,silver,Gold,,1298.3156316989582,2026-02-23T19:03:38.467647Z,8a431195-083a-4e07-a99d-28c2591beaef
Essential Operation,5159.0,9.0,7,,2026-02-23T19:03:56.606466Z,1136386,15.362,#C C grates cheese,"Core task, high hand activity.",r001,Cooking,silver,Gold,,1434.65958071263,2026-02-23T19:03:56.606491Z,8a431195-083a-4e07-a99d-28c2591beaef
Stationary,5160.0,9.0,7,,2026-02-23T19:04:16.908898Z,1136387,18.01,#C C blows away dirt on a part of the table saw.,"Low body/hand motion, primarily an action involving airflow.",r001,Carpentry,silver,Gold,,26.718999600000004,2026-02-23T19:04:16.908913Z,8d50f526-624c-40bd-b696-7ad6ce5746ab
Essential Operation,5161.0,9.0,7,,2026-02-23T19:04:28.379324Z,1136388,9.477,#C C fixes the removed parts of the table saw.,Core manual task involving precise hand movements.,r001,Carpentry,silver,Gold,,57.3992996,2026-02-23T19:04:28.379339Z,8d50f526-624c-40bd-b696-7ad6ce5746ab
Stationary,5162.0,9.0,7,,2026-02-23T19:04:38.233415Z,1136389,8.197,#C C adjusts the dust collector. #unsure,Adjusting a tool typically involves fine adjustments and may not involve significant body or hand motion.,r001,Carpentry,silver,Gold,,146.4420996,2026-02-23T19:04:38.233440Z,8d50f526-624c-40bd-b696-7ad6ce5746ab
Essential Operation,5196.0,9.0,7,,2026-02-23T19:15:32.396654Z,1136390,20.215,#C C loosens the rip fence on the dust collector of the table saw. #unsure,"The action involves manipulating a tool, which is a core manual task.",r001,Carpentry,silver,Gold,,230.7109996,2026-02-23T19:15:32.396670Z,8d50f526-624c-40bd-b696-7ad6ce5746ab
Stationary,5197.0,9.0,7,Essential Operation,2026-02-23T19:15:50.900296Z,1136391,16.632,#C C adjusts the rip fence on the dust collector of the table saw. #unsure,Adjusting a setting typically involves fine-tuning with minimal body or hand movement.,r001,Carpentry,silver,Bad,,243.2837896,2026-02-23T19:15:50.900311Z,8d50f526-624c-40bd-b696-7ad6ce5746ab
Object Transfer,5198.0,9.0,7,,2026-02-23T19:16:04.358284Z,1136392,11.704,#C C picks a wrench from the extension wing of the table saw.,Logistics step involving picking up an object.,r001,Carpentry,silver,Gold,,352.7962209546634,2026-02-23T19:16:04.358318Z,8d50f526-624c-40bd-b696-7ad6ce5746ab
Locomotion,5200.0,9.0,7,,2026-02-23T19:16:12.023299Z,1136393,5.824,#C C walks towards the tool board.,Body moving through space (walking).,r001,Carpentry,silver,Gold,,366.2046609546634,2026-02-23T19:16:12.023314Z,8d50f526-624c-40bd-b696-7ad6ce5746ab
Stationary,5202.0,9.0,7,Essential Operation,2026-02-23T19:16:36.798983Z,1136394,23.184,#C C adjusts the rip fence and wooden Piece by the dust collector. #unsure,"The action involves adjusting settings and positioning a piece, which typically involves low body and hand motion.",r001,Carpentry,silver,Bad,,377.0949709546634,2026-02-23T19:16:36.798997Z,8d50f526-624c-40bd-b696-7ad6ce5746ab
Stationary,5203.0,9.0,7,,2026-02-23T19:16:44.620557Z,1136395,5.766,#O A man X eats the food,"Low body/hand motion, eating is a stationary activity.",r001,Mechanical Repair,silver,Gold,,0.7085696,2026-02-23T19:16:44.620572Z,9155f5b9-6235-484f-990d-fbd3010a791e
Stationary,5205.0,9.0,7,,2026-02-23T19:16:51.863101Z,1136396,5.455,#C C movies his hand,Low body/hand motion.,r001,Mechanical Repair,silver,Gold,,53.1305796,2026-02-23T19:16:51.863117Z,9155f5b9-6235-484f-990d-fbd3010a791e
Object Transfer,5207.0,9.0,7,Stationary,2026-02-23T19:17:23.756039Z,1136397,24.081,#O A man X puts his hand in his mouth,Refined via regex fallback,r001,Mechanical Repair,silver,Bad,,57.166039600000005,2026-02-23T19:17:23.756073Z,9155f5b9-6235-484f-990d-fbd3010a791e
Stationary,5208.0,9.0,7,,2026-02-23T19:17:38.078740Z,1136398,5.348,#O A man X converses,"Low body/hand motion, likely involves talking.",r001,Mechanical Repair,silver,Gold,,75.44795959999999,2026-02-23T19:17:38.078774Z,9155f5b9-6235-484f-990d-fbd3010a791e
Object Transfer,5209.0,9.0,7,,2026-02-23T19:17:44.771269Z,1136399,5.0,#O A man X opens the bottle,"The action involves opening a bottle, which is a logistics step involving picking up and opening an object.",r001,Mechanical Repair,silver,Gold,,118.0891896,2026-02-23T19:17:44.771307Z,9155f5b9-6235-484f-990d-fbd3010a791e
Object Transfer,5210.0,9.0,7,,2026-02-23T19:17:54.032512Z,1136400,7.312,#O A man X puts down the bottle drink,"The action involves placing an object (the bottle), which corresponds to a 'put down' logistics step.",r001,Mechanical Repair,silver,Gold,,144.1082596,2026-02-23T19:17:54.032527Z,9155f5b9-6235-484f-990d-fbd3010a791e
Stationary,5212.0,9.0,7,,2026-02-23T19:18:02.582857Z,1136401,6.82,#O person X takes a bite.,"Eating involves minimal motion beyond the mouth, which does not generate significant IMU signals.",r001,Mechanical Repair,silver,Gold,,295.6113809546634,2026-02-23T19:18:02.582891Z,9155f5b9-6235-484f-990d-fbd3010a791e
Stationary,5214.0,9.0,7,,2026-02-23T19:18:12.546323Z,1136402,8.37,#O person X eats the bite.,"Low body/hand motion, eating is a stationary activity.",r001,Mechanical Repair,silver,Gold,,314.2332509546634,2026-02-23T19:18:12.546339Z,9155f5b9-6235-484f-990d-fbd3010a791e
Stationary,5216.0,9.0,7,,2026-02-23T19:18:21.510384Z,1136403,7.1,#O person X licks fingers.,"Low body/hand motion, no movement involved.",r001,Mechanical Repair,silver,Gold,,416.6623509546634,2026-02-23T19:18:21.510399Z,9155f5b9-6235-484f-990d-fbd3010a791e
Stationary,5218.0,9.0,7,,2026-02-23T19:18:29.823093Z,1136404,6.518,#O person X puts the phone down.,"Putting an object down indicates a pause or end to active motion, suggesting a transition to a stationary state.",r001,Mechanical Repair,silver,Gold,,465.2171509546634,2026-02-23T19:18:29.823132Z,9155f5b9-6235-484f-990d-fbd3010a791e
Locomotion,5222.0,9.0,7,,2026-02-23T19:18:51.518886Z,1136405,7.179,#O person X stands up.,"Body movement through space, in this case standing up.",r001,Mechanical Repair,silver,Gold,,638.33213762133,2026-02-23T19:18:51.518903Z,9155f5b9-6235-484f-990d-fbd3010a791e
Stationary,5223.0,9.0,7,,2026-02-23T19:19:00.760582Z,1136406,7.478,#O person X licks the #unsure,"Low body/hand motion, possibly inspecting or thinking.",r001,Mechanical Repair,silver,Gold,,705.21399762133,2026-02-23T19:19:00.760596Z,9155f5b9-6235-484f-990d-fbd3010a791e
Locomotion,5163.0,9.0,7,,2026-02-23T19:05:40.670937Z,1136407,7.957,#O person X turns around.,"Body movement through space (turning around), high body acceleration.",r001,Mechanical Repair,silver,Gold,,720.7136076213301,2026-02-23T19:05:40.670970Z,9155f5b9-6235-484f-990d-fbd3010a791e
Stationary,5106.0,9.0,7,,2026-02-23T18:44:17.443686Z,1136408,5.131,#O man Y holds lid,"Holding a lid involves minimal movement, indicating a stationary action.",r001,Mechanical Repair,silver,Gold,,845.26119762133,2026-02-23T18:44:17.443720Z,9155f5b9-6235-484f-990d-fbd3010a791e
Object Transfer,5107.0,9.0,7,,2026-02-23T18:45:03.394376Z,1136409,7.607,#C C covers blender with lid,Logistics step involving picking up and placing the lid.,r001,Mechanical Repair,silver,Gold,,851.9021976213301,2026-02-23T18:45:03.394411Z,9155f5b9-6235-484f-990d-fbd3010a791e
Stationary,5108.0,9.0,7,,2026-02-23T18:45:17.345989Z,1136410,12.718,#C C dialogues with man Y,"Low body/hand motion, likely involves speaking.",r001,Mechanical Repair,silver,Gold,,879.4789176213301,2026-02-23T18:45:17.346004Z,9155f5b9-6235-484f-990d-fbd3010a791e
Stationary,5109.0,9.0,7,,2026-02-23T18:45:42.483616Z,1136411,21.384,#O man X speaks to man Z.,"Low body/hand motion, speaking involves minimal physical activity.",r001,Mechanical Repair,silver,Gold,,1380.6423942879967,2026-02-23T18:45:42.483630Z,9155f5b9-6235-484f-990d-fbd3010a791e
Stationary,5037.0,9.0,7,,2026-02-23T18:31:00.815931Z,1136412,6.357,#O man Z holds his phone with the left hand.,"Low body/hand motion, holding an object.",r001,Mechanical Repair,silver,Gold,,1394.4614442879963,2026-02-23T18:31:00.815947Z,9155f5b9-6235-484f-990d-fbd3010a791e
Object Transfer,5038.0,9.0,7,,2026-02-23T18:31:09.509766Z,1136413,6.715,#O man Z puts the cup down.,"The action involves placing an object (the cup) down, which is a logistics step.",r001,Mechanical Repair,silver,Gold,,1454.0506542879966,2026-02-23T18:31:09.509799Z,9155f5b9-6235-484f-990d-fbd3010a791e
Stationary,5039.0,9.0,7,,2026-02-23T18:31:20.436673Z,1136414,9.601,#O man Z leans back.,"The action describes a change in posture to a more relaxed state, indicating low energy and no significant movement.",r001,Mechanical Repair,silver,Gold,,1486.2184842879965,2026-02-23T18:31:20.436687Z,9155f5b9-6235-484f-990d-fbd3010a791e
Stationary,5040.0,9.0,7,,2026-02-23T18:31:30.589567Z,1136415,7.774,#O man Z holds his chin with the right hand.,"Low body/hand motion, indicative of thinking or idle state.",r001,Mechanical Repair,silver,Gold,,1549.3711942879966,2026-02-23T18:31:30.589582Z,9155f5b9-6235-484f-990d-fbd3010a791e
Stationary,5041.0,9.0,7,,2026-02-23T18:31:40.712671Z,1136416,6.199,#O man Z holds his phone with both hands.,"Low body/hand motion, holding the phone indicates a static position.",r001,Mechanical Repair,silver,Gold,,1551.4948442879966,2026-02-23T18:31:40.712686Z,9155f5b9-6235-484f-990d-fbd3010a791e
Stationary,5042.0,9.0,7,,2026-02-23T18:31:54.990820Z,1136417,12.512,#O man Z makes a move on the chess board.,"Low body/hand motion, likely involves minimal physical movement.",r001,Mechanical Repair,silver,Gold,,1630.8199589546632,2026-02-23T18:31:54.990834Z,9155f5b9-6235-484f-990d-fbd3010a791e
Stationary,5043.0,9.0,7,,2026-02-23T18:32:01.061809Z,1136418,4.079,#O Man Y touches the board,"Low body/hand motion, likely inspecting or holding the board.",r001,Mechanical Repair,silver,Gold,,1652.5644309546633,2026-02-23T18:32:01.061823Z,9155f5b9-6235-484f-990d-fbd3010a791e
Stationary,5044.0,9.0,7,,2026-02-23T18:32:07.243779Z,1136419,4.511,#O Man Y removes the hand from the board,"The action implies a pause or end of a motion, indicating low energy activity.",r001,Mechanical Repair,silver,Gold,,1653.2111409546633,2026-02-23T18:32:07.243811Z,9155f5b9-6235-484f-990d-fbd3010a791e
Search,5045.0,9.0,7,Stationary,2026-02-23T18:33:41.898179Z,1136420,93.098,#O Man Y strokes the phone with a finger,"Stroking an object, likely involves visual search or monitoring.",r001,Mechanical Repair,silver,Gold,,1662.7290109546634,2026-02-23T18:33:41.898214Z,9155f5b9-6235-484f-990d-fbd3010a791e
Stationary,5110.0,9.0,7,Search,2026-02-23T18:48:21.118646Z,1136421,155.627,#O Man Y looks the board,[CtxFixed] Man Y looking at the board indicates a stationary action as he is observing the board without moving it or any objects on it.,r001,Mechanical Repair,silver,Gold,,1666.7799009546634,2026-02-23T18:48:21.118679Z,9155f5b9-6235-484f-990d-fbd3010a791e
Search,5111.0,9.0,7,,2026-02-23T18:48:31.944727Z,1136422,8.907,#O Man Y looks at the board,"Head movement (visual inspection), hands mostly still.",r001,Mechanical Repair,silver,Gold,,1700.1107609546632,2026-02-23T18:48:31.944744Z,9155f5b9-6235-484f-990d-fbd3010a791e
Locomotion,5112.0,9.0,7,,2026-02-23T18:48:50.515974Z,1136423,16.624,#C C Lifts a piece on the board,"Body moving through space to lift an object, indicating high body acceleration.",r001,Mechanical Repair,silver,Gold,,1735.306670954663,2026-02-23T18:48:50.516005Z,9155f5b9-6235-484f-990d-fbd3010a791e
Object Transfer,5113.0,9.0,7,,2026-02-23T18:49:03.903623Z,1136424,7.199,#O A man Y picks the cup,"The action involves picking up an object, which is a logistics step.",r001,Mechanical Repair,silver,Gold,,1749.4445909546632,2026-02-23T18:49:03.903661Z,9155f5b9-6235-484f-990d-fbd3010a791e
Stationary,5114.0,9.0,7,,2026-02-23T18:49:11.027942Z,1136425,5.131,#O A man Y drinks a drink,"Low body/hand motion, indicative of a pause or break activity.",r001,Mechanical Repair,silver,Gold,,1750.9951009546633,2026-02-23T18:49:11.027977Z,9155f5b9-6235-484f-990d-fbd3010a791e
Stationary,5115.0,9.0,7,,2026-02-23T18:49:17.743456Z,1136426,5.015,#O A man Y moves a chess piece,"The action of moving a chess piece involves minimal body movement and is likely performed with one hand, indicating low energy activity.",r001,Mechanical Repair,silver,Gold,,1786.1694609546632,2026-02-23T18:49:17.743487Z,9155f5b9-6235-484f-990d-fbd3010a791e
Stationary,5116.0,9.0,7,,2026-02-23T18:49:31.791466Z,1136427,9.761,#C C Moves a chess piece on the board,"Low body/hand motion, likely involves fine motor skills with minimal movement.",r001,Mechanical Repair,silver,Gold,,1790.1590409546634,2026-02-23T18:49:31.791481Z,9155f5b9-6235-484f-990d-fbd3010a791e
Stationary,5117.0,9.0,7,,2026-02-23T18:49:41.068016Z,1136428,7.646,#O Man Y moves a chess piece on the board,"Low body/hand motion, primarily involves hand movement which is gentle and controlled.",r001,Mechanical Repair,silver,Gold,,1887.364000954664,2026-02-23T18:49:41.068039Z,9155f5b9-6235-484f-990d-fbd3010a791e
Stationary,5118.0,9.0,7,,2026-02-23T18:49:49.457733Z,1136429,6.358,#O Man X touches his chin with a thumb,"Low body/hand motion, indicative of thinking or idle state.",r001,Mechanical Repair,silver,Gold,,1948.5855009546635,2026-02-23T18:49:49.457758Z,9155f5b9-6235-484f-990d-fbd3010a791e
Stationary,5119.0,9.0,7,,2026-02-23T18:49:59.301743Z,1136430,8.256,#O Man X moves his hand from his chin,"Low body/hand motion, likely thinking or pausing.",r001,Mechanical Repair,silver,Gold,,1954.6117909546635,2026-02-23T18:49:59.301767Z,9155f5b9-6235-484f-990d-fbd3010a791e
Stationary,5120.0,9.0,7,,2026-02-23T18:50:05.270590Z,1136431,4.272,#O Man X folds his hands,"Low body/hand motion, indicating a pause or rest.",r001,Mechanical Repair,silver,Gold,,2066.8715509546632,2026-02-23T18:50:05.270623Z,9155f5b9-6235-484f-990d-fbd3010a791e
Locomotion,5121.0,9.0,7,Object Transfer,2026-02-23T18:50:34.847005Z,1136432,24.741,#O Man X moves a piece,Movement of a piece implies body motion through space.,r001,Mechanical Repair,silver,Gold,,2089.117720954663,2026-02-23T18:50:34.847025Z,9155f5b9-6235-484f-990d-fbd3010a791e
Object Transfer,5122.0,9.0,7,,2026-02-23T18:51:00.989679Z,1136433,11.921,#C C moves a piece,Moving a piece involves logistics and setup.,r001,Mechanical Repair,silver,Gold,,2137.3303956213304,2026-02-23T18:51:00.989694Z,9155f5b9-6235-484f-990d-fbd3010a791e
Stationary,5123.0,9.0,7,,2026-02-23T18:51:07.337697Z,1136434,4.904,#O Man X touches his mouth,"Low body/hand motion, likely a pause or thinking moment.",r001,Mechanical Repair,silver,Gold,,2154.4963156213303,2026-02-23T18:51:07.337721Z,9155f5b9-6235-484f-990d-fbd3010a791e
Stationary,5124.0,9.0,7,,2026-02-23T18:51:15.927866Z,1136435,7.178,#O Man X touches the chessboard,"Low body/hand motion, likely inspecting or pausing.",r001,Mechanical Repair,silver,Gold,,2165.3387156213303,2026-02-23T18:51:15.927879Z,9155f5b9-6235-484f-990d-fbd3010a791e
Stationary,5125.0,9.0,7,,2026-02-23T18:51:25.712682Z,1136436,7.839,#O person X plays chess game with C.,"Low body/hand motion, typically involves holding a position while engaging in the game.",r001,Mechanical Repair,silver,Gold,,2185.75669762133,2026-02-23T18:51:25.712718Z,9155f5b9-6235-484f-990d-fbd3010a791e
Stationary,5126.0,9.0,7,,2026-02-23T18:51:37.349788Z,1136437,5.638,#C C plays chess game with person O.,"Low body/hand motion, engaged in a stationary activity (playing chess).",r001,Mechanical Repair,silver,Gold,,2187.97375762133,2026-02-23T18:51:37.349803Z,9155f5b9-6235-484f-990d-fbd3010a791e
Object Transfer,5127.0,9.0,7,,2026-02-23T18:51:46.275464Z,1136438,7.228,#C C takes more chess pieces.,"Logistics/Setup step, picking up objects.",r001,Mechanical Repair,silver,Gold,,2239.08125762133,2026-02-23T18:51:46.275498Z,9155f5b9-6235-484f-990d-fbd3010a791e
Object Transfer,5128.0,9.0,7,,2026-02-23T18:51:54.796715Z,1136439,6.855,#O person X puts the chess pieces in the bag.,Logistics step involving picking up and putting down objects.,r001,Mechanical Repair,silver,Gold,,2290.6649076213303,2026-02-23T18:51:54.796733Z,9155f5b9-6235-484f-990d-fbd3010a791e
Object Transfer,5129.0,9.0,7,,2026-02-23T18:52:18.456639Z,1136440,22.002,#O person X puts the bag with chess pieces on the table.,Logistics step involving the placement of an object.,r001,Mechanical Repair,silver,Gold,,2310.0816876213303,2026-02-23T18:52:18.456653Z,9155f5b9-6235-484f-990d-fbd3010a791e
Object Transfer,5130.0,9.0,7,,2026-02-23T18:52:50.263984Z,1136441,30.018,#O person X puts the chess board on the table.,"The action involves placing an object (chess board) on a surface (table), which is a logistics step.",r001,Mechanical Repair,silver,Gold,,2323.59035762133,2026-02-23T18:52:50.264000Z,9155f5b9-6235-484f-990d-fbd3010a791e
Object Transfer,5131.0,9.0,7,,2026-02-23T18:53:00.245886Z,1136442,8.471,#C C puts the polythene bag on the table.,Logistics step involving placing an object.,r001,Mechanical Repair,silver,Gold,,2414.81236762133,2026-02-23T18:53:00.245901Z,9155f5b9-6235-484f-990d-fbd3010a791e
Stationary,5132.0,9.0,7,,2026-02-23T18:53:39.310719Z,1136443,37.689,#C C turns right,Turning right does not necessarily involve significant body movement or acceleration.,r001,Mechanical Repair,silver,Gold,,2466.61288762133,2026-02-23T18:53:39.310734Z,9155f5b9-6235-484f-990d-fbd3010a791e
Object Transfer,5164.0,9.0,7,,2026-02-23T19:05:48.386460Z,1136444,6.011,#C C drops the standing wood on the white table,"[CtxFixed] The action of dropping the standing wood onto the white table can be interpreted as a deliberate placement of the wood, which fits the criteria for 'Object Transfer'.",r001,Carpentry,silver,Gold,,67.0281,2026-02-23T19:05:48.386497Z,9252292c-b444-40a8-8df1-facd8e1a583b
Stationary,5165.0,9.0,7,,2026-02-23T19:06:27.326605Z,1136445,37.482,#C C aligns the woods properly,"Low body/hand motion, alignment is a precise task that requires minimal movement.",r001,Carpentry,silver,Gold,,88.14359,2026-02-23T19:06:27.326630Z,9252292c-b444-40a8-8df1-facd8e1a583b
Object Transfer,5166.0,9.0,7,,2026-02-23T19:06:35.061902Z,1136446,6.207,#C C drops the standing piece of wood on the white table,"[CtxFixed] The action of dropping the piece of wood onto the table can be considered a form of deliberate placement, even if it is a drop. This involves moving an object significantly and placing it onto a surface.",r001,Carpentry,silver,Gold,,94.4357,2026-02-23T19:06:35.061917Z,9252292c-b444-40a8-8df1-facd8e1a583b
Object Transfer,5167.0,9.0,7,Essential Operation,2026-02-23T19:07:19.836465Z,1136447,39.522,#C C arranges the pieces of wood properly,"Logistics of arranging objects, involves picking up and placing down items.",r001,Carpentry,silver,Bad,,104.60957,2026-02-23T19:07:19.836483Z,9252292c-b444-40a8-8df1-facd8e1a583b
Object Transfer,5168.0,9.0,7,,2026-02-23T19:07:29.798022Z,1136448,6.543,#C C takes the nailed woods,Logistics/Setup step involving picking up or moving objects.,r001,Carpentry,silver,Gold,,133.06535,2026-02-23T19:07:29.798041Z,9252292c-b444-40a8-8df1-facd8e1a583b
Object Transfer,5169.0,9.0,7,,2026-02-23T19:07:37.212169Z,1136449,5.808,#C C moves a piece of wood away from the edge of the white table,"Moving an object, involves logistics.",r001,Carpentry,silver,Gold,,137.56101,2026-02-23T19:07:37.212183Z,9252292c-b444-40a8-8df1-facd8e1a583b
Locomotion,5170.0,9.0,7,Essential Operation,2026-02-23T19:08:20.476977Z,1136450,41.797,#C C changes the standing style of the joined pieces of wood,"Body moving through space, likely involves repositioning or adjusting stance.",r001,Carpentry,silver,Bad,,221.45669,2026-02-23T19:08:20.476991Z,9252292c-b444-40a8-8df1-facd8e1a583b
Essential Operation,5171.0,9.0,7,,2026-02-23T19:08:35.511000Z,1136451,13.352,#C C nails the piece of wood to the furniture with the electric nail gun,Core manual task involving high hand activity.,r001,Carpentry,silver,Gold,,263.57081,2026-02-23T19:08:35.511034Z,9252292c-b444-40a8-8df1-facd8e1a583b
Object Transfer,5172.0,9.0,7,,2026-02-23T19:09:14.821465Z,1136452,37.516,#C C places the two black woods on the wood.,"Logistics step of placing objects, short bursts of hand activity.",r001,Carpentry,silver,Gold,,324.0121,2026-02-23T19:09:14.821479Z,9252292c-b444-40a8-8df1-facd8e1a583b
Essential Operation,5173.0,9.0,7,,2026-02-23T19:09:27.024934Z,1136453,10.591,#C C staples the black wood on the set of wood.,Core manual task involving high hand activity.,r001,Carpentry,silver,Gold,,456.71961,2026-02-23T19:09:27.024949Z,9252292c-b444-40a8-8df1-facd8e1a583b
Object Transfer,5174.0,9.0,7,,2026-02-23T19:09:36.021679Z,1136454,7.282,#C C closes the packet,"Logistics step involving closing a packet, short burst of hand activity.",r001,Playing Instrument,silver,Gold,,34.0365886,2026-02-23T19:09:36.021695Z,94c90968-502c-4cb1-9aa7-359a3ee0338d
Stationary,5175.0,9.0,7,,2026-02-23T19:09:47.982654Z,1136455,6.944,#C C converses with O,"Low body/hand motion, likely involves speaking.",r001,Playing Instrument,silver,Gold,,108.4876986,2026-02-23T19:09:47.982687Z,94c90968-502c-4cb1-9aa7-359a3ee0338d
Stationary,5176.0,9.0,7,,2026-02-23T19:09:57.892348Z,1136456,8.193,#O A person C moves the card in the table,"The action described does not indicate significant body or hand movement, suggesting a low-energy, stationary activity.",r001,Playing Instrument,silver,Gold,,183.6632486,2026-02-23T19:09:57.892362Z,94c90968-502c-4cb1-9aa7-359a3ee0338d
Object Transfer,5177.0,9.0,7,,2026-02-23T19:10:05.286099Z,1136457,5.55,#C C picks a polythene packet,"The action involves picking up an object, which is a logistics step.",r001,Playing Instrument,silver,Gold,,190.5717986,2026-02-23T19:10:05.286133Z,94c90968-502c-4cb1-9aa7-359a3ee0338d
Object Transfer,5178.0,9.0,7,,2026-02-23T19:10:22.484880Z,1136458,15.581,#C C places the card down,Action involves picking up or putting down an object.,r001,Playing Instrument,silver,Gold,,432.1908986,2026-02-23T19:10:22.484896Z,94c90968-502c-4cb1-9aa7-359a3ee0338d
Object Transfer,5179.0,9.0,7,,2026-02-23T19:10:32.355719Z,1136459,8.091,#O O hands a meeple to C,"Logistics/transfer step, passing an object.",r001,Playing Instrument,silver,Gold,,451.6179386,2026-02-23T19:10:32.355753Z,94c90968-502c-4cb1-9aa7-359a3ee0338d
Stationary,5180.0,9.0,7,,2026-02-23T19:10:38.194151Z,1136460,4.371,#O A man X plays a game,Playing a game generally involves minimal body movement.,r001,Playing Instrument,silver,Gold,,467.6459186,2026-02-23T19:10:38.194186Z,94c90968-502c-4cb1-9aa7-359a3ee0338d
Essential Operation,5181.0,9.0,7,Stationary,2026-02-23T19:11:03.517936Z,1136461,23.275,#O O touches the board,"Core task involving hands, likely producing sound or adjusting the instrument.",r001,Playing Instrument,silver,Bad,,476.2321786,2026-02-23T19:11:03.517950Z,94c90968-502c-4cb1-9aa7-359a3ee0338d
Stationary,5182.0,9.0,7,,2026-02-23T19:11:13.976106Z,1136462,8.042,#C C converses to O,"Low body/hand motion, involves speaking.",r001,Playing Instrument,silver,Gold,,550.6896452666667,2026-02-23T19:11:13.976122Z,94c90968-502c-4cb1-9aa7-359a3ee0338d
Object Transfer,5183.0,9.0,7,Stationary,2026-02-23T19:11:41.237173Z,1136463,23.446,#O O shows the card to C,"The action involves showing a card, which is a logistics/transfer step.",r001,Playing Instrument,silver,Bad,,688.4590476213301,2026-02-23T19:11:41.237192Z,94c90968-502c-4cb1-9aa7-359a3ee0338d
Object Transfer,5184.0,9.0,7,,2026-02-23T19:11:51.582848Z,1136464,8.179,#O O places the cards in the table,Logistics/Setup step involving placing cards on the table.,r001,Playing Instrument,silver,Gold,,985.59708762133,2026-02-23T19:11:51.582883Z,94c90968-502c-4cb1-9aa7-359a3ee0338d
Stationary,5185.0,9.0,7,,2026-02-23T19:12:05.103208Z,1136465,12.198,#C C operates a cellphone on a chair with his right hand.,Operating a cellphone while seated involves minimal body movement.,r001,Playing Instrument,silver,Gold,,33.9238896,2026-02-23T19:12:05.103222Z,95aa4159-3ad7-46f3-ad1e-c85e6b64659c
Essential Operation,5186.0,9.0,7,,2026-02-23T19:12:12.021968Z,1136466,5.323,#C C operates the cellphone on the chair with his right hand.,Core manual task involving high hand activity.,r001,Playing Instrument,silver,Gold,,190.9154396,2026-02-23T19:12:12.021986Z,95aa4159-3ad7-46f3-ad1e-c85e6b64659c
Stationary,5187.0,9.0,7,,2026-02-23T19:12:27.853037Z,1136467,6.536,#C C places his right leg on the chair.,"The action describes a static movement, placing a leg on a chair, which involves low body motion.",r001,Playing Instrument,silver,Gold,,344.2641109546634,2026-02-23T19:12:27.853071Z,95aa4159-3ad7-46f3-ad1e-c85e6b64659c
Essential Operation,5188.0,9.0,7,,2026-02-23T19:12:39.551567Z,1136468,10.339,#C C sandpapers the railing,Core task involving manual work with high hand activity.,r001,Mechanical Repair,silver,Gold,,69.96819959999999,2026-02-23T19:12:39.551581Z,96e3caaa-e563-4c28-b123-021db8fd26b1
Locomotion,5189.0,9.0,7,,2026-02-23T19:12:51.418070Z,1136469,10.399,#C C takes a step forward,"Movement through space, indicative of stepping which involves high body acceleration.",r001,Mechanical Repair,silver,Gold,,94.9357696,2026-02-23T19:12:51.418088Z,96e3caaa-e563-4c28-b123-021db8fd26b1
Essential Operation,5190.0,9.0,7,,2026-02-23T19:12:58.840404Z,1136470,5.845,#C C folds sandpaper with both hands,Core manual task involving high hand activity.,r001,Mechanical Repair,silver,Gold,,196.5091996,2026-02-23T19:12:58.840428Z,96e3caaa-e563-4c28-b123-021db8fd26b1
Stationary,5191.0,9.0,7,,2026-02-23T19:13:30.466564Z,1136471,27.576,#C C lifts her left hand towards the wooden rail,"The action described involves a single hand movement towards a rail, which does not indicate significant body movement or high hand acceleration typical of other categories.",r001,Mechanical Repair,silver,Gold,,286.7335509546634,2026-02-23T19:13:30.466579Z,96e3caaa-e563-4c28-b123-021db8fd26b1
Essential Operation,5192.0,9.0,7,,2026-02-23T19:13:44.345552Z,1136472,7.531,#C C folds the scraper with both hands,Core manual task involving high hand activity.,r001,Mechanical Repair,silver,Gold,,321.5588809546634,2026-02-23T19:13:44.345578Z,96e3caaa-e563-4c28-b123-021db8fd26b1
Locomotion,5224.0,9.0,7,,2026-02-23T19:19:10.195416Z,1136473,7.628,#C C walks towards a stack of woods.,Body moving through space (walking).,r001,Carpentry,silver,Gold,,1.3703596,2026-02-23T19:19:10.195439Z,9940a038-2bb1-4d2d-afeb-81f2798f815f
Object Transfer,5225.0,9.0,7,,2026-02-23T19:19:25.038731Z,1136474,13.253,#C C drops the tri-square on the wood cutting machine.,"[CtxFixed] The action involves deliberately placing the tri-square onto the wood cutting machine, which fits the criteria for an Object Transfer.",r001,Carpentry,silver,Gold,,83.47660959999999,2026-02-23T19:19:25.038746Z,9940a038-2bb1-4d2d-afeb-81f2798f815f
Stationary,5227.0,9.0,7,Object Transfer,2026-02-23T19:19:41.690149Z,1136475,39.58,#C C turns on the circular saw.,Turning on a tool is an action that does not involve significant body or hand movement.,r001,Carpentry,silver,Bad,,141.6927096,2026-02-23T19:20:27.648234Z,9940a038-2bb1-4d2d-afeb-81f2798f815f
Essential Operation,5228.0,9.0,7,,2026-02-23T19:19:51.570202Z,1136476,8.352,#C C marks the piece of wood with the pencil.,Core task involving fine hand movements.,r001,Carpentry,silver,Gold,,367.17837095466336,2026-02-23T19:19:51.570219Z,9940a038-2bb1-4d2d-afeb-81f2798f815f
Search,5239.0,9.0,7,Essential Operation,2026-02-23T19:21:13.681829Z,1136477,34.496,#C C adjusts the tri-square on the piece of wood.,"Adjusting an object likely involves visual monitoring and alignment, indicating head movement and focused attention.",r001,Carpentry,silver,Gold,,371.8849309546634,2026-02-23T19:21:13.681843Z,9940a038-2bb1-4d2d-afeb-81f2798f815f
Essential Operation,5243.0,9.0,7,,2026-02-23T19:21:28.894370Z,1136478,10.171,#C C adjusts the piece of wood o the wood cutting machine.,Adjusting the piece of wood involves a core manual task with high hand activity.,r001,Carpentry,silver,Gold,,414.3425409546634,2026-02-23T19:21:28.894394Z,9940a038-2bb1-4d2d-afeb-81f2798f815f
Object Transfer,5245.0,9.0,7,,2026-02-23T19:21:50.730262Z,1136479,14.109,#C C picks a wood sanding machine from the floor.,Logistics step involving picking up an object.,r001,Carpentry,silver,Gold,,440.1897809546634,2026-02-23T19:21:50.730278Z,9940a038-2bb1-4d2d-afeb-81f2798f815f
Stationary,5246.0,9.0,7,,2026-02-23T19:22:04.743598Z,1136480,12.36,#C C touches the piece of wood.,"Low body/hand motion, likely inspecting the wood.",r001,Carpentry,silver,Gold,,467.1795509546634,2026-02-23T19:22:04.743631Z,9940a038-2bb1-4d2d-afeb-81f2798f815f
Object Transfer,5247.0,9.0,7,,2026-02-23T19:22:15.610580Z,1136481,8.962,#C C drops the wood sanding machine on the floor.,Refined via regex fallback,r001,Carpentry,silver,Gold,,468.98038095466336,2026-02-23T19:22:15.610594Z,9940a038-2bb1-4d2d-afeb-81f2798f815f
Search,5249.0,9.0,7,Essential Operation,2026-02-23T19:22:35.284682Z,1136482,18.116,#C C measures the piece of wood with the measuring tape.,"Visual search or monitoring (checking measurements), hands mostly still.",r001,Carpentry,silver,Bad,,528.3896109546635,2026-02-23T19:22:35.284697Z,9940a038-2bb1-4d2d-afeb-81f2798f815f
Object Transfer,5250.0,9.0,7,,2026-02-23T19:22:51.898911Z,1136483,9.445,#C C drops the measuring tape on the wood cutting machine.,"[CtxFixed] The action of dropping the measuring tape onto the wood cutting machine is a deliberate placement, which fits the criteria for 'Object Transfer'.",r001,Carpentry,silver,Gold,,533.9597256213301,2026-02-23T19:22:51.898924Z,9940a038-2bb1-4d2d-afeb-81f2798f815f
Object Transfer,5252.0,9.0,7,,2026-02-23T19:23:01.517200Z,1136484,8.043,#C C places the tri-square on the other side of the piece of wood.,Moving an object from one place to another.,r001,Carpentry,silver,Gold,,551.07610562133,2026-02-23T19:23:01.517234Z,9940a038-2bb1-4d2d-afeb-81f2798f815f
Object Transfer,5257.0,9.0,7,,2026-02-23T19:23:43.483696Z,1136485,9.098,#C C drops the pencil on the work table with his right hand.,"[CtxFixed] The action of dropping the pencil on the work table is a deliberate placement, which fits the criteria for 'Object Transfer'.",r001,Carpentry,silver,Gold,,574.3178052666667,2026-02-23T19:23:43.483733Z,9940a038-2bb1-4d2d-afeb-81f2798f815f
Object Transfer,5258.0,9.0,7,,2026-02-23T19:23:50.243326Z,1136486,4.844,#C C places the circular saw on the work table with both hands.,"Placing an object on a surface, involves logistics.",r001,Carpentry,silver,Gold,,643.8330152666667,2026-02-23T19:23:50.243343Z,9940a038-2bb1-4d2d-afeb-81f2798f815f
Essential Operation,5259.0,9.0,7,,2026-02-23T19:24:03.717605Z,1136487,11.736,#C C writes on the log of wood with the pencil in his right hand.,Core manual task involving high hand activity.,r001,Carpentry,silver,Gold,,688.1601252666667,2026-02-23T19:24:03.717639Z,9940a038-2bb1-4d2d-afeb-81f2798f815f
Stationary,5260.0,9.0,7,,2026-02-23T19:24:11.281620Z,1136488,5.851,#C C holds the circular saw with his right hand.,The action describes holding an object without any significant movement.,r001,Carpentry,silver,Gold,,730.4716852666667,2026-02-23T19:24:11.281635Z,9940a038-2bb1-4d2d-afeb-81f2798f815f
Stationary,5261.0,9.0,7,,2026-02-23T19:24:18.934869Z,1136489,5.756,#C C adjusts a radio antenna with his left hand.,"Low body/hand motion, focused fine motor adjustment.",r001,Carpentry,silver,Gold,,736.8681052666667,2026-02-23T19:24:18.934901Z,9940a038-2bb1-4d2d-afeb-81f2798f815f
Stationary,5262.0,9.0,7,,2026-02-23T19:24:29.136898Z,1136490,8.323,#C C watches background,"Low body/hand motion, focused attention without physical activity.",r001,Desk Work,silver,Gold,,152.1820396,2026-02-23T19:24:29.136913Z,9c22c7ff-b8ab-4fe8-bb6d-a46e35ba80fd
Stationary,5263.0,9.0,7,,2026-02-23T19:24:35.849986Z,1136491,5.185,#C C touches laptop,"Low body/hand motion, likely involves minimal movement.",r001,Desk Work,silver,Gold,,229.2970596,2026-02-23T19:24:35.850018Z,9c22c7ff-b8ab-4fe8-bb6d-a46e35ba80fd
Object Transfer,5264.0,9.0,7,,2026-02-23T19:24:53.462545Z,1136492,8.0,#Person O opens window,"The action involves opening a window, which is a logistics step.",r001,Desk Work,silver,Gold,,946.8654009546634,2026-02-23T19:24:53.462578Z,9c22c7ff-b8ab-4fe8-bb6d-a46e35ba80fd
Object Transfer,5265.0,9.0,7,,2026-02-23T19:25:00.053809Z,1136493,4.934,#C C opens the fridge drawer,Logistics step involving opening a drawer.,r001,Cooking,silver,Gold,,8.6061386,2026-02-23T19:25:00.053834Z,a16dde53-8a4d-4246-aab4-9759f0af81f0
Object Transfer,5266.0,9.0,7,,2026-02-23T19:25:05.216676Z,1136494,3.677,#C C closes the fridge drawer,Logistics step involving the manipulation of an object (closing a drawer).,r001,Cooking,silver,Gold,,19.604398600000003,2026-02-23T19:25:05.216710Z,a16dde53-8a4d-4246-aab4-9759f0af81f0
Object Transfer,5267.0,9.0,7,,2026-02-23T19:25:11.918899Z,1136495,5.177,#C C drops the package,"[CtxFixed] The action of dropping the package is a deliberate placement onto a surface, which fits the criteria for 'Object Transfer'.",r001,Cooking,silver,Gold,,81.5963986,2026-02-23T19:25:11.918932Z,a16dde53-8a4d-4246-aab4-9759f0af81f0
Essential Operation,5268.0,9.0,7,,2026-02-23T19:25:17.665576Z,1136496,4.3,#C C cuts mushroom,"Core task, high hand activity.",r001,Cooking,silver,Gold,,311.60099870260785,2026-02-23T19:25:17.665607Z,a16dde53-8a4d-4246-aab4-9759f0af81f0
Essential Operation,5270.0,9.0,7,Object Transfer,2026-02-23T19:25:31.598535Z,1136497,11.301,#C C drops the garlic,"[CtxFixed] The action of dropping the garlic appears to be a part of the process of peeling and preparing it, which is an essential operation in cooking.",r001,Cooking,silver,Bad,,437.7812387026078,2026-02-23T19:25:31.598569Z,a16dde53-8a4d-4246-aab4-9759f0af81f0
Essential Operation,5272.0,9.0,7,,2026-02-23T19:25:37.702965Z,1136498,4.554,#C C cuts cauliflower,"Core task, high hand activity.",r001,Cooking,silver,Gold,,450.3867887026079,2026-02-23T19:25:37.703005Z,a16dde53-8a4d-4246-aab4-9759f0af81f0
Object Transfer,5273.0,9.0,7,,2026-02-23T19:25:48.232390Z,1136499,5.796,#COO takes the noodles,Logistics step involving picking up and/or moving an object.,r001,Cooking,silver,Gold,,563.5875621677084,2026-02-23T19:25:48.232410Z,a16dde53-8a4d-4246-aab4-9759f0af81f0
Essential Operation,5274.0,9.0,7,,2026-02-23T19:25:55.288591Z,1136500,5.256,#OO wipes the table,Core task involving high hand activity.,r001,Cooking,silver,Gold,,606.5058421677084,2026-02-23T19:25:55.288627Z,a16dde53-8a4d-4246-aab4-9759f0af81f0
Essential Operation,5275.0,9.0,7,,2026-02-23T19:26:02.372500Z,1136501,5.775,#C C mixes the noodles,Core task involving high hand activity.,r001,Cooking,silver,Gold,,688.7111921677084,2026-02-23T19:26:02.372514Z,a16dde53-8a4d-4246-aab4-9759f0af81f0
Stationary,5278.0,9.0,7,Essential Operation,2026-02-23T19:26:21.534842Z,1136502,17.729,#C C switches of the gas,"Low body/hand motion, likely involves a simple switch action.",r001,Cooking,silver,Bad,,822.5773721677084,2026-02-23T19:26:21.534855Z,a16dde53-8a4d-4246-aab4-9759f0af81f0
Stationary,5279.0,9.0,7,,2026-02-23T19:26:28.616029Z,1136503,5.528,#C C holds the pot,"Low body/hand motion, holding an object without movement.",r001,Cooking,silver,Gold,,939.9805556981744,2026-02-23T19:26:28.616065Z,a16dde53-8a4d-4246-aab4-9759f0af81f0
Locomotion,5280.0,9.0,7,,2026-02-23T19:26:36.817715Z,1136504,6.682,#C C carries pressure cooker,"Body moving through space with an object, high body acceleration.",r001,Cooking,silver,Gold,,990.2120256981744,2026-02-23T19:26:36.817748Z,a16dde53-8a4d-4246-aab4-9759f0af81f0
Essential Operation,5281.0,9.0,7,,2026-02-23T19:26:44.520426Z,1136505,6.052,#C C cracks egg,Core task involving high hand activity.,r001,Cooking,silver,Gold,,1007.2561956981745,2026-02-23T19:26:44.520442Z,a16dde53-8a4d-4246-aab4-9759f0af81f0
Essential Operation,5193.0,9.0,7,,2026-02-23T19:13:51.699965Z,1136506,5.865,#C C Cuts broccoli with a knife,"Core task, high hand activity.",r001,Cooking,silver,Gold,,1091.679855266667,2026-02-23T19:13:51.699999Z,a16dde53-8a4d-4246-aab4-9759f0af81f0
Essential Operation,5194.0,9.0,7,Object Transfer,2026-02-23T19:14:15.498623Z,1136507,22.221,#C C Moves pieces of broccoli on a chopping board,"Core task involving manual manipulation, high hand activity.",r001,Cooking,silver,Bad,,1128.3362352666666,2026-02-23T19:14:15.498637Z,a16dde53-8a4d-4246-aab4-9759f0af81f0
Locomotion,5195.0,9.0,7,,2026-02-23T19:14:30.834394Z,1136508,13.607,#O A lady x walks around a kitchen,"Movement through space, involves walking.",r001,Cooking,silver,Gold,,1151.648335266667,2026-02-23T19:14:30.834453Z,a16dde53-8a4d-4246-aab4-9759f0af81f0
Object Transfer,5282.0,9.0,7,,2026-02-23T19:26:53.084347Z,1136509,7.02,#C C Picks up pieces of cucumber from the table,Logistics step involving picking up objects.,r001,Cooking,silver,Gold,,1174.0824252666666,2026-02-23T19:26:53.084379Z,a16dde53-8a4d-4246-aab4-9759f0af81f0
Object Transfer,5283.0,9.0,7,,2026-02-23T19:27:15.498526Z,1136510,5.713,#C C Picks up vegetables from a paper,Logistics step involving picking up objects.,r001,Cooking,silver,Gold,,1220.3890452666667,2026-02-23T19:27:15.498560Z,a16dde53-8a4d-4246-aab4-9759f0af81f0
Object Transfer,5284.0,9.0,7,,2026-02-23T19:27:22.597548Z,1136511,5.338,#C C Puts down vegetables on a chopping board,Logistics step involving picking up and putting down objects.,r001,Cooking,silver,Gold,,1221.3326852666669,2026-02-23T19:27:22.597562Z,a16dde53-8a4d-4246-aab4-9759f0af81f0
Object Transfer,5285.0,9.0,7,,2026-02-23T19:27:30.114517Z,1136512,5.972,#C C Picks up a paper from the counter,"Logistics step, picking up an object.",r001,Cooking,silver,Gold,,1271.4214352666663,2026-02-23T19:27:30.114549Z,a16dde53-8a4d-4246-aab4-9759f0af81f0
Object Transfer,5286.0,9.0,7,,2026-02-23T19:27:47.720156Z,1136513,10.486,#C C Picks up cones from a can,Logistics action involving picking up objects.,r001,Cooking,silver,Gold,,1278.4710352666666,2026-02-23T19:27:47.720182Z,a16dde53-8a4d-4246-aab4-9759f0af81f0
Object Transfer,5287.0,9.0,7,,2026-02-23T19:27:53.484789Z,1136514,4.201,#C C Puts vegetables in a fridge,Logistics step involving picking up and placing objects.,r001,Cooking,silver,Gold,,1298.3591852666666,2026-02-23T19:27:53.484815Z,a16dde53-8a4d-4246-aab4-9759f0af81f0
Object Transfer,5288.0,9.0,7,,2026-02-23T19:28:01.219844Z,1136515,6.2,#O A lady x puts carrots on a pan,Logistics step involving picking up and placing the carrots.,r001,Cooking,silver,Gold,,1332.7165552666663,2026-02-23T19:28:01.219877Z,a16dde53-8a4d-4246-aab4-9759f0af81f0
Object Transfer,5289.0,9.0,7,,2026-02-23T19:28:06.500946Z,1136516,3.757,#C C Puts vegetables on a pan,Logistics step involving picking up and placing objects.,r001,Cooking,silver,Gold,,1348.7340052666666,2026-02-23T19:28:06.500965Z,a16dde53-8a4d-4246-aab4-9759f0af81f0
Object Transfer,5290.0,9.0,7,,2026-02-23T19:28:12.268805Z,1136517,4.184,#C C Moves cones on a chopping board,Logistics step involving moving objects.,r001,Cooking,silver,Gold,,1359.0128652666667,2026-02-23T19:28:12.268837Z,a16dde53-8a4d-4246-aab4-9759f0af81f0
Essential Operation,5291.0,9.0,7,,2026-02-23T19:28:18.042904Z,1136518,4.251,#C C cuts a vegetable,Core task involving high hand activity.,r001,Cooking,silver,Gold,,1374.4228353125,2026-02-23T19:28:18.042928Z,a16dde53-8a4d-4246-aab4-9759f0af81f0
Essential Operation,5292.0,9.0,7,,2026-02-23T19:28:24.513731Z,1136519,5.022,#O person X cooks food,Core manual task involved in cooking.,r001,Cooking,silver,Gold,,1389.3701953124998,2026-02-23T19:28:24.513754Z,a16dde53-8a4d-4246-aab4-9759f0af81f0
Stationary,5293.0,9.0,7,,2026-02-23T19:28:36.480069Z,1136520,6.009,#C C chats with person X,Low body/hand motion.,r001,Cooking,silver,Gold,,1429.2430253125,2026-02-23T19:28:36.480083Z,a16dde53-8a4d-4246-aab4-9759f0af81f0
Object Transfer,5294.0,9.0,7,,2026-02-23T19:28:42.864986Z,1136521,4.887,#C C drops the knife in the dish rack,"[CtxFixed] The action of dropping the knife into the dish rack appears to be a deliberate placement, which fits the criteria for 'Object Transfer'.",r001,Cooking,silver,Gold,,1464.2848353124998,2026-02-23T19:28:42.865021Z,a16dde53-8a4d-4246-aab4-9759f0af81f0
Stationary,5295.0,9.0,7,,2026-02-23T19:28:49.848751Z,1136522,5.342,#C C unfolds the kitchen towel,"Unfolding a towel is a low-energy, stationary action.",r001,Cooking,silver,Gold,,1495.9271453125,2026-02-23T19:28:49.848784Z,a16dde53-8a4d-4246-aab4-9759f0af81f0
Stationary,5296.0,9.0,7,,2026-02-23T19:28:55.831101Z,1136523,4.479,#O person X holds the cooking oil,Holding an object without significant movement.,r001,Cooking,silver,Gold,,1559.6611153125,2026-02-23T19:28:55.831135Z,a16dde53-8a4d-4246-aab4-9759f0af81f0
Object Transfer,5297.0,9.0,7,,2026-02-23T19:29:02.137463Z,1136524,4.728,#C C places an egg on the table,"Logistics step, moving an object from one place to another.",r001,Cooking,silver,Gold,,1627.3527753125,2026-02-23T19:29:02.137505Z,a16dde53-8a4d-4246-aab4-9759f0af81f0
Essential Operation,5298.0,9.0,7,,2026-02-23T19:29:40.716200Z,1136525,34.089,#O person X scoops the food,Core task involving high hand activity.,r001,Cooking,silver,Gold,,1635.1446653125,2026-02-23T19:29:40.716222Z,a16dde53-8a4d-4246-aab4-9759f0af81f0
Stationary,5299.0,9.0,7,,2026-02-23T19:29:52.465775Z,1136526,6.276,#C C holds an egg on the chopping mat,The action involves holding an object without significant movement.,r001,Cooking,silver,Gold,,1643.5547653125,2026-02-23T19:29:52.465808Z,a16dde53-8a4d-4246-aab4-9759f0af81f0
Essential Operation,5300.0,9.0,7,Object Transfer,2026-02-23T19:30:18.714567Z,1136527,24.652,#C C drags an egg on the chopping mat,Core task involving high hand activity.,r001,Cooking,silver,Bad,,1648.6533653125,2026-02-23T19:30:18.714582Z,a16dde53-8a4d-4246-aab4-9759f0af81f0
Essential Operation,5301.0,9.0,7,Object Transfer,2026-02-23T19:31:13.109295Z,1136528,15.012,#C C drags another piece of egg on the chopping mat,Core task involving high hand activity.,r001,Cooking,silver,Bad,,1663.1029853125,2026-02-23T19:31:13.109314Z,a16dde53-8a4d-4246-aab4-9759f0af81f0
Stationary,5302.0,9.0,7,,2026-02-23T19:31:22.891096Z,1136529,8.239,#C C holds the bowl with both hands,"Low body/hand motion, holding an object.",r001,Cooking,silver,Gold,,1685.4761253124998,2026-02-23T19:31:22.891118Z,a16dde53-8a4d-4246-aab4-9759f0af81f0
Essential Operation,5303.0,9.0,7,,2026-02-23T19:31:30.853299Z,1136530,6.518,#O person X pours soup on the plate,Core task involving a manual action with high hand activity.,r001,Cooking,silver,Gold,,1696.6019953125,2026-02-23T19:31:30.853330Z,a16dde53-8a4d-4246-aab4-9759f0af81f0
Object Transfer,5304.0,9.0,7,,2026-02-23T19:31:38.128637Z,1136531,5.869,#O person X places the egg piece on the plate,Logistics step involving picking up and placing an object.,r001,Cooking,silver,Gold,,1718.8471753125,2026-02-23T19:31:38.128652Z,a16dde53-8a4d-4246-aab4-9759f0af81f0
Object Transfer,5305.0,9.0,7,,2026-02-23T19:31:45.782574Z,1136532,4.852,#C C picks a piece of egg,"Logistics step, picking up an object.",r001,Cooking,silver,Gold,,1727.4192453125,2026-02-23T19:31:45.782607Z,a16dde53-8a4d-4246-aab4-9759f0af81f0
Essential Operation,5306.0,9.0,7,,2026-02-23T19:31:52.150025Z,1136533,4.568,#C C seasons the food,Core task involving high hand activity.,r001,Cooking,silver,Gold,,1756.1997153124998,2026-02-23T19:31:52.150059Z,a16dde53-8a4d-4246-aab4-9759f0af81f0
Object Transfer,5307.0,9.0,7,,2026-02-23T19:32:00.711385Z,1136534,7.124,#C C covers the can,Logistics step involving picking up and placing the can cover.,r001,Cooking,silver,Gold,,1764.9839853125,2026-02-23T19:32:00.711409Z,a16dde53-8a4d-4246-aab4-9759f0af81f0
Locomotion,5308.0,9.0,7,,2026-02-23T19:32:13.350700Z,1136535,6.998,#O person X moves in the kitchen,"Movement through space, likely walking or moving around the kitchen.",r001,Cooking,silver,Gold,,1777.9111453125,2026-02-23T19:32:13.350714Z,a16dde53-8a4d-4246-aab4-9759f0af81f0
Stationary,5309.0,9.0,7,,2026-02-23T19:32:19.980699Z,1136536,5.053,#O person X talks to C,"Low body/hand motion, likely involves speaking.",r001,Cooking,silver,Gold,,1780.7100153125,2026-02-23T19:32:19.980714Z,a16dde53-8a4d-4246-aab4-9759f0af81f0
Object Transfer,5310.0,9.0,7,,2026-02-23T19:32:27.398806Z,1136537,5.196,#C C picks the pieces of cucumber,"Logistics step, picking up objects.",r001,Cooking,silver,Gold,,1781.7561153124998,2026-02-23T19:32:27.398840Z,a16dde53-8a4d-4246-aab4-9759f0af81f0
Stationary,5311.0,9.0,7,,2026-02-23T19:32:33.853449Z,1136538,5.08,#O person X holds the turner spatula with the right hand,"Low body/hand motion, holding an object.",r001,Cooking,silver,Gold,,1783.3212953124998,2026-02-23T19:32:33.853485Z,a16dde53-8a4d-4246-aab4-9759f0af81f0
Object Transfer,5312.0,9.0,7,,2026-02-23T19:32:40.110259Z,1136539,4.674,#C C picks the piece of cucumber,"Logistics step, picking up an object.",r001,Cooking,silver,Gold,,1786.5513253125,2026-02-23T19:32:40.110283Z,a16dde53-8a4d-4246-aab4-9759f0af81f0
Search,5313.0,9.0,7,,2026-02-23T19:32:47.483070Z,1136540,6.02,#C C looks at the wristwatch,"Head movement (visual search), passive hands.",r001,Cooking,silver,Gold,,1830.7901153125,2026-02-23T19:32:47.483102Z,a16dde53-8a4d-4246-aab4-9759f0af81f0
Essential Operation,5314.0,9.0,7,,2026-02-23T19:32:55.743877Z,1136541,6.574,#c c pulls machine hose,Core task involving high hand activity.,r001,Cleaning,silver,Gold,,37.5366786,2026-02-23T19:32:55.743893Z,a3f45e46-6c63-402c-a6b9-1c3ad529166d
Locomotion,5315.0,9.0,7,,2026-02-23T19:33:02.082672Z,1136542,4.781,#c c pulls machine hose,"Movement through space, likely involves pulling an object which causes body acceleration.",r001,Cleaning,silver,Gold,,238.8688886,2026-02-23T19:33:02.082704Z,a3f45e46-6c63-402c-a6b9-1c3ad529166d
Essential Operation,5316.0,9.0,7,,2026-02-23T19:33:24.791478Z,1136543,10.098,#C C turns a nut with his left hand.,Core manual task involving high hand activity.,r001,Mechanical Repair,silver,Gold,,7.62289,2026-02-23T19:33:24.791498Z,a69ae4a8-8e1d-47c1-bbd0-de2bb4a33fca
Essential Operation,5317.0,9.0,7,,2026-02-23T19:33:33.521958Z,1136544,5.735,#C C tightens the second nut with the spanner.,Core manual task involving high hand activity.,r001,Mechanical Repair,silver,Gold,,69.1114,2026-02-23T19:33:33.521991Z,a69ae4a8-8e1d-47c1-bbd0-de2bb4a33fca
Object Transfer,5318.0,9.0,7,Stationary,2026-02-23T19:34:03.960334Z,1136545,28.838,#C C touches a piece of paper on another table with his right hand.,"Action involves picking up and transferring an object, indicating short bursts of hand acceleration.",r001,Mechanical Repair,silver,Bad,,153.4866,2026-02-23T19:34:03.960371Z,a69ae4a8-8e1d-47c1-bbd0-de2bb4a33fca
Essential Operation,5319.0,9.0,7,,2026-02-23T19:34:13.118852Z,1136546,7.521,#C C moves the bicycle's front wheel with both hands.,High hand activity during the repair task.,r001,Mechanical Repair,silver,Gold,,160.84866,2026-02-23T19:34:13.118867Z,a69ae4a8-8e1d-47c1-bbd0-de2bb4a33fca
Locomotion,5320.0,9.0,7,Essential Operation,2026-02-23T19:34:50.689755Z,1136547,36.046,#C C kicks the pedal with his left foot.,"Body movement through kicking, involves high body acceleration.",r001,Mechanical Repair,silver,Bad,,248.73712,2026-02-23T19:34:50.689789Z,a69ae4a8-8e1d-47c1-bbd0-de2bb4a33fca
Object Transfer,5321.0,9.0,7,,2026-02-23T19:34:58.717986Z,1136548,6.317,#C C transfers the lame from his left hand to his right hand.,"The action involves moving an object between hands, which is a logistics step.",r001,Mechanical Repair,silver,Gold,,286.83986,2026-02-23T19:34:58.718020Z,a69ae4a8-8e1d-47c1-bbd0-de2bb4a33fca
Object Transfer,5322.0,9.0,7,,2026-02-23T19:35:17.457480Z,1136549,16.083,#C C moves the first bicycle with both hands.,"Moving an object (bicycle) with both hands, logistics step.",r001,Mechanical Repair,silver,Gold,,397.56149,2026-02-23T19:35:17.457502Z,a69ae4a8-8e1d-47c1-bbd0-de2bb4a33fca
Object Transfer,5323.0,9.0,7,,2026-02-23T19:35:44.455144Z,1136550,22.071,#C C puts the cloth in his left hand inside the shopping bag in his right hand.,Logistics step involving the movement of an object from one hand to another.,r001,Cleaning,silver,Gold,,27.948809600000004,2026-02-23T19:35:44.455175Z,aaa740da-6986-45aa-8445-0280ee36cded
Locomotion,5324.0,9.0,7,,2026-02-23T19:35:51.124769Z,1136551,4.947,#C C walks toward the living room,Body moving through space (walking).,r001,Cleaning,silver,Gold,,259.5832896,2026-02-23T19:35:51.124783Z,aaa740da-6986-45aa-8445-0280ee36cded
Object Transfer,5325.0,9.0,7,,2026-02-23T19:35:58.899884Z,1136552,6.125,#C C picks a trash bag on the floor with his left hand.,Logistics step of picking up an object.,r001,Cleaning,silver,Gold,,302.6303509546634,2026-02-23T19:35:58.899917Z,aaa740da-6986-45aa-8445-0280ee36cded
Object Transfer,5326.0,9.0,7,,2026-02-23T19:36:06.201628Z,1136553,5.712,#C C opens a door with his left hand.,"The action involves opening a door, which is a logistics step.",r001,Cleaning,silver,Gold,,342.90590095466337,2026-02-23T19:36:06.201663Z,aaa740da-6986-45aa-8445-0280ee36cded
Object Transfer,5327.0,9.0,7,,2026-02-23T19:36:12.568419Z,1136554,4.985,#C C covers the box with a lid with both hands.,Logistics action involving the placement of one object onto another.,r001,Cleaning,silver,Gold,,441.2035609546634,2026-02-23T19:36:12.568433Z,aaa740da-6986-45aa-8445-0280ee36cded
Stationary,5328.0,9.0,7,,2026-02-23T19:36:19.596630Z,1136555,5.722,#C C raises his left hand towards his face. #Unsure,"Low body/hand motion, possibly adjusting personal items.",r001,Cleaning,silver,Gold,,449.4516809546634,2026-02-23T19:36:19.596643Z,aaa740da-6986-45aa-8445-0280ee36cded
Object Transfer,5329.0,9.0,7,,2026-02-23T19:36:33.134990Z,1136556,12.207,#C C picks a tissue box on the table with his left hand.,Logistics step involving picking up an object.,r001,Cleaning,silver,Gold,,485.55742095466337,2026-02-23T19:36:33.135003Z,aaa740da-6986-45aa-8445-0280ee36cded
Stationary,5330.0,9.0,7,,2026-02-23T19:36:39.717351Z,1136557,4.979,#C C holds a tray with the left hand,"Low body/hand motion, maintaining a steady position.",r001,Cooking,silver,Gold,,7.4634986,2026-02-23T19:36:39.717386Z,ae9cb412-7b93-49ae-bb46-306dc74d5fe3
Object Transfer,5331.0,9.0,7,,2026-02-23T19:36:49.719067Z,1136558,5.783,#C C picks a chopping board with the right hand,Logistics/Setup step involving picking up an object.,r001,Cooking,silver,Gold,,9.0114486,2026-02-23T19:36:49.719082Z,ae9cb412-7b93-49ae-bb46-306dc74d5fe3
Stationary,5332.0,9.0,7,,2026-02-23T19:37:00.270002Z,1136559,8.611,#C C rubs hands in the room,"Low body/hand motion, likely idle or preparatory action.",r001,Cooking,silver,Gold,,14.1661586,2026-02-23T19:37:00.270036Z,ae9cb412-7b93-49ae-bb46-306dc74d5fe3
Object Transfer,5333.0,9.0,7,,2026-02-23T19:37:07.540205Z,1136560,5.746,#C C opens a cupboard with the left hand,Logistics action involving opening a cupboard.,r001,Cooking,silver,Gold,,103.4965086,2026-02-23T19:37:07.540243Z,ae9cb412-7b93-49ae-bb46-306dc74d5fe3
Search,5334.0,9.0,7,,2026-02-23T19:37:25.907816Z,1136561,17.019,#C C touches #Unsure in the cupboard,Indicates a visual search or exploration with hands.,r001,Cooking,silver,Gold,,111.3480186,2026-02-23T19:37:25.907836Z,ae9cb412-7b93-49ae-bb46-306dc74d5fe3
Object Transfer,5335.0,9.0,7,,2026-02-23T19:37:39.430252Z,1136562,11.959,#C C picks a piece of bread with the right hand,Logistics step involving picking up an object.,r001,Cooking,silver,Gold,,179.16208859999998,2026-02-23T19:37:39.430266Z,ae9cb412-7b93-49ae-bb46-306dc74d5fe3
Essential Operation,5336.0,9.0,7,,2026-02-23T19:37:50.718236Z,1136563,9.162,#C C slices a piece of bread on the chopping board,Core task involving high hand activity.,r001,Cooking,silver,Gold,,183.2970286,2026-02-23T19:37:50.718250Z,ae9cb412-7b93-49ae-bb46-306dc74d5fe3
Object Transfer,5337.0,9.0,7,,2026-02-23T19:38:01.153335Z,1136564,7.219,#C C picks a can on the kitchen top,Logistics step involving picking up an object.,r001,Cooking,silver,Gold,,327.8739186,2026-02-23T19:38:01.153369Z,ae9cb412-7b93-49ae-bb46-306dc74d5fe3
Essential Operation,5338.0,9.0,7,,2026-02-23T19:38:10.133047Z,1136565,7.346,#C C rinses a tray in the sink with both hands,Core task involving high hand activity.,r001,Cooking,silver,Gold,,333.9435886,2026-02-23T19:38:10.133061Z,ae9cb412-7b93-49ae-bb46-306dc74d5fe3
Object Transfer,5339.0,9.0,7,,2026-02-23T19:38:21.757993Z,1136566,6.042,#C C places a tray on the kitchen top,Logistics step involving placing an object.,r001,Cooking,silver,,,340.6862386,2026-02-23T19:38:21.758025Z,ae9cb412-7b93-49ae-bb46-306dc74d5fe3
Essential Operation,5340.0,9.0,7,,2026-02-23T19:39:05.236003Z,1136567,21.154,#C C presses a glass on the piece of bread,Core task involving high hand activity.,r001,Cooking,silver,Gold,,490.98156860000006,2026-02-23T19:39:05.236017Z,ae9cb412-7b93-49ae-bb46-306dc74d5fe3
Essential Operation,5341.0,9.0,7,,2026-02-23T19:39:19.223566Z,1136568,12.171,#C C moves pieces of bread in the frying pan,Core task involving high hand activity.,r001,Cooking,silver,Gold,,504.7736586,2026-02-23T19:39:19.223583Z,ae9cb412-7b93-49ae-bb46-306dc74d5fe3
Stationary,5342.0,9.0,7,,2026-02-23T19:39:27.070872Z,1136569,6.409,#C C holds a glass with both hands,"Low body/hand motion, holding an object.",r001,Cooking,silver,Gold,,522.8782386,2026-02-23T19:39:27.070889Z,ae9cb412-7b93-49ae-bb46-306dc74d5fe3
Stationary,5343.0,9.0,7,Essential Operation,2026-02-23T19:39:41.019281Z,1136570,19.927,#C C turns the bread on the pan.,"Low body/hand motion, primarily involves minor hand movement without significant acceleration.",r001,Cooking,silver,Gold,,720.8059893600199,2026-02-23T19:39:54.867994Z,ae9cb412-7b93-49ae-bb46-306dc74d5fe3
Essential Operation,5344.0,9.0,7,,2026-02-23T19:40:03.303558Z,1136571,6.565,#C C cooks the bread.,"Core task, high hand activity.",r001,Cooking,silver,Gold,,774.0178093600199,2026-02-23T19:40:03.303591Z,ae9cb412-7b93-49ae-bb46-306dc74d5fe3
Stationary,5345.0,9.0,7,,2026-02-23T19:40:11.405454Z,1136572,6.686,#C C turns the bread on the table.,The action involves a minor movement that does not significantly change the position of the body or hands.,r001,Cooking,silver,Gold,,823.8820976136719,2026-02-23T19:40:11.405468Z,ae9cb412-7b93-49ae-bb46-306dc74d5fe3
Essential Operation,5367.0,9.0,7,,2026-02-23T19:44:41.573510Z,1136573,8.502,#C C cooks the bread on the pan.,Core task involving active use of hands.,r001,Cooking,silver,Gold,,855.1729876136719,2026-02-23T19:44:41.573542Z,ae9cb412-7b93-49ae-bb46-306dc74d5fe3
Object Transfer,5368.0,9.0,7,,2026-02-23T19:44:47.685322Z,1136574,4.372,#C C picks up the egg.,Logistics step involving picking up an object.,r001,Cooking,silver,Gold,,918.961717613672,2026-02-23T19:44:47.685355Z,ae9cb412-7b93-49ae-bb46-306dc74d5fe3
Essential Operation,5369.0,9.0,7,,2026-02-23T19:44:58.756987Z,1136575,9.418,#c c presses the doughnut,"Core task involving hands, high hand activity.",r001,Cooking,silver,Gold,,1084.290437613672,2026-02-23T19:44:58.757021Z,ae9cb412-7b93-49ae-bb46-306dc74d5fe3
Stationary,5370.0,9.0,7,,2026-02-23T19:45:11.658796Z,1136576,11.472,#c c moves hands towards the doughnut,"The action describes a preparatory movement towards an object, likely with minimal net movement.",r001,Cooking,silver,Gold,,1103.324987613672,2026-02-23T19:45:11.658835Z,ae9cb412-7b93-49ae-bb46-306dc74d5fe3
Stationary,5372.0,9.0,7,,2026-02-23T19:45:17.439764Z,1136577,4.33,#c c rubs both hands,"Low body/hand motion, rubbing hands is a stationary activity.",r001,Cooking,silver,Gold,,1161.743257613672,2026-02-23T19:45:17.439797Z,ae9cb412-7b93-49ae-bb46-306dc74d5fe3
Stationary,5374.0,9.0,7,,2026-02-23T19:45:28.579328Z,1136578,9.812,#c c holds a sieve,Holding an object with minimal motion.,r001,Cooking,silver,Gold,,1164.542867613672,2026-02-23T19:45:28.579354Z,ae9cb412-7b93-49ae-bb46-306dc74d5fe3
Object Transfer,5378.0,9.0,7,Locomotion,2026-02-23T19:46:21.823093Z,1136579,51.663,#c c lifts up the sieve with right hand,Logistics step involving picking up an object.,r001,Cooking,silver,Gold,,1177.945377613672,2026-02-23T19:46:21.823109Z,ae9cb412-7b93-49ae-bb46-306dc74d5fe3
Essential Operation,5381.0,9.0,7,,2026-02-23T19:46:33.692860Z,1136580,5.165,#C C turns a dough with a spatula,Core task involving high hand activity.,r001,Cooking,silver,Gold,,1551.7543882985397,2026-02-23T19:46:33.692875Z,ae9cb412-7b93-49ae-bb46-306dc74d5fe3
Object Transfer,5383.0,9.0,7,,2026-02-23T19:46:40.931223Z,1136581,5.528,#C C places a spatula on the counter,Logistics step involving placing an object.,r001,Cooking,silver,Gold,,1562.8880782985398,2026-02-23T19:46:40.931263Z,ae9cb412-7b93-49ae-bb46-306dc74d5fe3
Essential Operation,5384.0,9.0,7,,2026-02-23T19:46:49.209680Z,1136582,6.899,#C C hits the cooking pan with a cooking stick,"[CtxFixed] The action of hitting the cooking pan with a cooking stick is likely part of the cooking process, such as breaking up food or ensuring even cooking.",r001,Cooking,silver,Gold,,1628.2811082985395,2026-02-23T19:46:49.209697Z,ae9cb412-7b93-49ae-bb46-306dc74d5fe3
Object Transfer,5386.0,9.0,7,,2026-02-23T19:46:58.222683Z,1136583,7.022,#C C places a sachet in the fridge,Logistics step involving picking up and placing an object.,r001,Cooking,silver,Gold,,1635.2681582985397,2026-02-23T19:46:58.222720Z,ae9cb412-7b93-49ae-bb46-306dc74d5fe3
Object Transfer,5387.0,9.0,7,,2026-02-23T19:47:03.918355Z,1136584,4.233,#C C puts the butter on the plate.,Logistics step involving picking up and placing down an object.,r001,Cooking,silver,Gold,,1709.5045086,2026-02-23T19:47:03.918389Z,ae9cb412-7b93-49ae-bb46-306dc74d5fe3
Essential Operation,5388.0,9.0,7,,2026-02-23T19:47:14.447521Z,1136585,8.858,#C C Pulls a cable with hands,Core manual task involving high hand activity.,r001,Cleaning,silver,Gold,,16.87328,2026-02-23T19:47:14.447539Z,af16d9ef-f726-49dc-bf2e-73553dd417fd
Stationary,5389.0,9.0,7,,2026-02-23T19:47:24.471976Z,1136586,8.639,#C C Puts a hand on a car seat,"Low body/hand motion, indicative of a stable position.",r001,Cleaning,silver,Gold,,57.37356,2026-02-23T19:47:24.472010Z,af16d9ef-f726-49dc-bf2e-73553dd417fd
Essential Operation,5390.0,9.0,7,,2026-02-23T19:47:31.098860Z,1136587,5.251,#C C Unfolds a car mat with hands,"Core manual task involving hands, likely with repetitive and focused hand movements.",r001,Cleaning,silver,Gold,,74.57958,2026-02-23T19:47:31.098883Z,af16d9ef-f726-49dc-bf2e-73553dd417fd
Locomotion,5391.0,9.0,7,,2026-02-23T19:47:41.486694Z,1136588,6.393,#C C Moves part of a vacuum cleaner,Body moving through space to manipulate a tool.,r001,Cleaning,silver,Gold,,129.49299,2026-02-23T19:47:41.486727Z,af16d9ef-f726-49dc-bf2e-73553dd417fd
Essential Operation,5394.0,9.0,7,,2026-02-23T19:47:52.356869Z,1136589,8.726,#C C Cleans a car door with a vacuum cleaner,Core manual task involving high hand activity.,r001,Cleaning,silver,Gold,,326.60324,2026-02-23T19:47:52.356883Z,af16d9ef-f726-49dc-bf2e-73553dd417fd
Stationary,5396.0,9.0,7,,2026-02-23T19:47:59.032128Z,1136590,5.074,#C C Holds a vacuum cleaner with hands,"Low body/hand motion, holding an object without moving.",r001,Cleaning,silver,Gold,,402.48671,2026-02-23T19:47:59.032143Z,af16d9ef-f726-49dc-bf2e-73553dd417fd
Object Transfer,5398.0,9.0,7,,2026-02-23T19:48:05.050637Z,1136591,4.547,#C C Drops a car mat on the floor,Refined via regex fallback,r001,Cleaning,silver,Gold,,460.45287,2026-02-23T19:48:05.050671Z,af16d9ef-f726-49dc-bf2e-73553dd417fd
Essential Operation,5400.0,9.0,7,,2026-02-23T19:48:13.629687Z,1136592,6.81,#C C Hits a car mat on a wall,Core task involving high hand activity.,r001,Cleaning,silver,Gold,,468.16105,2026-02-23T19:48:13.629702Z,af16d9ef-f726-49dc-bf2e-73553dd417fd
Essential Operation,5402.0,9.0,7,,2026-02-23T19:48:20.500904Z,1136593,5.348,#C C Cleans a car with a vacuum cleaner,Core manual task involving high hand activity.,r001,Cleaning,silver,Gold,,558.7937566666667,2026-02-23T19:48:20.500918Z,af16d9ef-f726-49dc-bf2e-73553dd417fd
Essential Operation,5405.0,9.0,7,,2026-02-23T19:48:33.934698Z,1136594,12.155,#C C Shakes a car mat,High hand activity involved in the shaking motion.,r001,Cleaning,silver,Gold,,725.8077266666667,2026-02-23T19:48:33.934713Z,af16d9ef-f726-49dc-bf2e-73553dd417fd
Essential Operation,5406.0,9.0,7,,2026-02-23T19:48:40.896252Z,1136595,5.444,#C C cleans the tire with the vacuum cleaner,Core task involving high hand activity with a tool.,r001,Cleaning,silver,Gold,,1014.01715,2026-02-23T19:48:40.896273Z,af16d9ef-f726-49dc-bf2e-73553dd417fd
Essential Operation,5346.0,9.0,7,,2026-02-23T19:40:18.599926Z,1136596,5.798,#C C removes dirt from the vacuum cleaner,Core manual task involving high hand activity.,r001,Cleaning,silver,Gold,,1064.76648,2026-02-23T19:40:18.599958Z,af16d9ef-f726-49dc-bf2e-73553dd417fd
Essential Operation,5347.0,9.0,7,,2026-02-23T19:40:29.680382Z,1136597,6.21,#C C removes dirt from the car,Core manual task involving high hand activity.,r001,Cleaning,silver,Gold,,1072.1257,2026-02-23T19:40:29.680396Z,af16d9ef-f726-49dc-bf2e-73553dd417fd
Essential Operation,5348.0,9.0,7,Locomotion,2026-02-23T19:40:48.459668Z,1136598,16.952,#C C lifts the seat buckle,Core manual task involving fine motor skills.,r001,Cleaning,silver,Bad,,1180.01898,2026-02-23T19:40:48.459701Z,af16d9ef-f726-49dc-bf2e-73553dd417fd
Locomotion,5349.0,9.0,7,,2026-02-23T19:41:08.691183Z,1136599,5.168,#C C Walks beside the car,Body moving through space (walking).,r001,Cleaning,silver,Gold,,1250.64425,2026-02-23T19:41:08.691216Z,af16d9ef-f726-49dc-bf2e-73553dd417fd
Essential Operation,5350.0,9.0,7,,2026-02-23T19:41:21.290780Z,1136600,11.176,#C C Hits the mat on wall,"High hand activity, likely involves hitting or tapping the mat.",r001,Cleaning,silver,Gold,,1261.43129,2026-02-23T19:41:21.290812Z,af16d9ef-f726-49dc-bf2e-73553dd417fd
Stationary,5351.0,9.0,7,,2026-02-23T19:41:34.305331Z,1136601,11.296,#C C Looks at the hands,"Low body/hand motion, focused observation.",r001,Cleaning,silver,Gold,,1280.0884946666663,2026-02-23T19:41:34.305344Z,af16d9ef-f726-49dc-bf2e-73553dd417fd
Locomotion,5352.0,9.0,7,,2026-02-23T19:41:41.521293Z,1136602,5.859,#C C Moves the seat,"Body movement through space, likely involves moving an object or oneself.",r001,Cleaning,silver,Gold,,1297.318714666667,2026-02-23T19:41:41.521328Z,af16d9ef-f726-49dc-bf2e-73553dd417fd
Stationary,5353.0,9.0,7,,2026-02-23T19:41:49.697102Z,1136603,6.676,#C C Holds the vacuum pipe with hands,"Low body/hand motion, holding position.",r001,Cleaning,silver,Gold,,1447.1219646666666,2026-02-23T19:41:49.697116Z,af16d9ef-f726-49dc-bf2e-73553dd417fd
Essential Operation,5354.0,9.0,7,,2026-02-23T19:41:55.688782Z,1136604,4.457,#C C Cleans the seat,"Core task involving manual cleaning activity, high hand acceleration.",r001,Cleaning,silver,Gold,,1494.8528946666663,2026-02-23T19:41:55.688797Z,af16d9ef-f726-49dc-bf2e-73553dd417fd
Essential Operation,5355.0,9.0,7,,2026-02-23T19:42:07.070860Z,1136605,6.947,#C C Cleans the seats of the car with a vacuum car cleaner,Core manual task involving high hand activity.,r001,Cleaning,silver,Gold,,1800.5158933333332,2026-02-23T19:42:07.070892Z,af16d9ef-f726-49dc-bf2e-73553dd417fd
Essential Operation,5356.0,9.0,7,,2026-02-23T19:42:13.936794Z,1136606,5.459,#C C Cleans the steering wheel with a car vacuum cleaner,Core manual task involving high hand activity.,r001,Cleaning,silver,Gold,,1828.516743333333,2026-02-23T19:42:13.936807Z,af16d9ef-f726-49dc-bf2e-73553dd417fd
Essential Operation,5357.0,9.0,7,,2026-02-23T19:43:05.786409Z,1136607,50.176,#C C Cleans the mats of the car with a vacuum car cleaner,Core manual task involving high hand activity.,r001,Cleaning,silver,Gold,,1840.8432233333333,2026-02-23T19:43:05.786424Z,af16d9ef-f726-49dc-bf2e-73553dd417fd
Essential Operation,5358.0,9.0,7,,2026-02-23T19:43:13.367264Z,1136608,5.981,#C C Cleans the glass holder of the car with a car vacuum cleaner,Core task involving high hand activity and focused movement.,r001,Cleaning,silver,Gold,,1941.9544833333327,2026-02-23T19:43:13.367277Z,af16d9ef-f726-49dc-bf2e-73553dd417fd
Essential Operation,5359.0,9.0,7,,2026-02-23T19:43:21.140622Z,1136609,6.298,#C C Sprays the car door,Core task involving high hand activity with the spray bottle.,r001,Cleaning,silver,Gold,,2511.23628,2026-02-23T19:43:21.140640Z,af16d9ef-f726-49dc-bf2e-73553dd417fd
Essential Operation,5360.0,9.0,7,,2026-02-23T19:43:31.434555Z,1136610,8.364,#C C Wipes a glove compartment with a towel,"Core cleaning task, high hand activity.",r001,Cleaning,silver,Gold,,2580.2902546666664,2026-02-23T19:43:31.434572Z,af16d9ef-f726-49dc-bf2e-73553dd417fd
Object Transfer,5361.0,9.0,7,,2026-02-23T19:43:37.831943Z,1136611,4.77,#C C Picks a bottle of spray,"Logistics step, picking up an object.",r001,Cleaning,silver,Gold,,2954.2604466666667,2026-02-23T19:43:37.831975Z,af16d9ef-f726-49dc-bf2e-73553dd417fd
Essential Operation,5362.0,9.0,7,,2026-02-23T19:43:46.135889Z,1136612,6.662,#C C Dips the paper towel in the water,Core manual task involving hand activity.,r001,Cleaning,silver,Gold,,3220.177693333333,2026-02-23T19:43:46.135922Z,af16d9ef-f726-49dc-bf2e-73553dd417fd
Essential Operation,5364.0,9.0,7,,2026-02-23T19:44:00.675218Z,1136613,7.328,#C C Wipes the door with towel,"Core manual task, high hand activity.",r001,Cleaning,silver,Gold,,3293.918393333333,2026-02-23T19:44:00.675252Z,af16d9ef-f726-49dc-bf2e-73553dd417fd
Search,5433.0,9.0,7,,2026-02-23T20:11:43.285194Z,1136614,10.128,#C C Looks at the towel,"Head movement (visual inspection), hands mostly still.",r001,Cleaning,silver,Gold,,3443.518233333333,2026-02-23T20:11:43.285219Z,af16d9ef-f726-49dc-bf2e-73553dd417fd
Stationary,5436.0,9.0,7,,2026-02-23T20:12:14.102492Z,1136615,27.301,#C C plays with the dog,"Low body/hand motion, interaction but not involving significant movement.",r001,Playing Instrument,silver,Gold,,11.5412686,2026-02-23T20:12:14.102507Z,b0d3a6de-6520-414d-8161-3ae0ea34feb3
Object Transfer,5440.0,9.0,7,,2026-02-23T20:12:26.092075Z,1136616,9.436,#C C puts the toy in the hand,"The action involves picking up an object (toy), which is a logistics step.",r001,Playing Instrument,silver,Gold,,49.5736786,2026-02-23T20:12:26.092115Z,b0d3a6de-6520-414d-8161-3ae0ea34feb3
Stationary,5443.0,9.0,7,,2026-02-23T20:12:36.644397Z,1136617,8.749,#C C touches the camera with the left hand,"Low body/hand motion, likely a brief interaction with an object.",r001,Cooking,silver,Gold,,85.99160859999999,2026-02-23T20:12:36.644414Z,b148c2bd-349a-4c3d-af5c-6791c300bea9
Object Transfer,5445.0,9.0,7,,2026-02-23T20:12:46.151774Z,1136618,7.761,#C C puts meat on a table,"Logistics step, moving an object to a location.",r001,Cooking,silver,Gold,,553.7698232666667,2026-02-23T20:12:46.151805Z,b148c2bd-349a-4c3d-af5c-6791c300bea9
Object Transfer,5447.0,9.0,7,,2026-02-23T20:12:53.949685Z,1136619,6.351,#C C puts #unsure in the plate,"Logistics step, placing an item on the plate.",r001,Cooking,silver,Gold,,712.8485976213301,2026-02-23T20:12:53.949710Z,b148c2bd-349a-4c3d-af5c-6791c300bea9
Object Transfer,5449.0,9.0,7,,2026-02-23T20:13:02.190129Z,1136620,6.061,#C C takes a clothe,Logistics/Setup step.,r001,Cooking,silver,Gold,,735.5605876213301,2026-02-23T20:13:02.190164Z,b148c2bd-349a-4c3d-af5c-6791c300bea9
Object Transfer,5451.0,9.0,7,,2026-02-23T20:13:10.471534Z,1136621,4.051,#C C takes polythene paper,Logistics/Setup step involving picking up or taking an object.,r001,Cooking,silver,Gold,,774.5778976213301,2026-02-23T20:13:10.471550Z,b148c2bd-349a-4c3d-af5c-6791c300bea9
Object Transfer,5454.0,9.0,7,,2026-02-23T20:13:20.674150Z,1136622,8.527,#C C takes meat,Logistics step involving picking up or moving an object.,r001,Cooking,silver,Gold,,824.4047876213301,2026-02-23T20:13:20.674174Z,b148c2bd-349a-4c3d-af5c-6791c300bea9
Object Transfer,5455.0,9.0,7,,2026-02-23T20:13:27.008024Z,1136623,4.843,#C C opens the cabinetry,Logistics step involving opening a cabinet.,r001,Cooking,silver,Gold,,867.5176276213301,2026-02-23T20:13:27.008057Z,b148c2bd-349a-4c3d-af5c-6791c300bea9
Essential Operation,5458.0,9.0,7,,2026-02-23T20:13:34.219517Z,1136624,5.826,#C C cooks meat,"Core task, high hand activity.",r001,Cooking,silver,Gold,,871.20781762133,2026-02-23T20:13:34.219532Z,b148c2bd-349a-4c3d-af5c-6791c300bea9
Object Transfer,5460.0,9.0,7,,2026-02-23T20:13:40.914224Z,1136625,5.189,#C C closes the cap,Logistics step involving closing an object.,r001,Cooking,silver,Gold,,1137.64478762133,2026-02-23T20:13:40.914259Z,b148c2bd-349a-4c3d-af5c-6791c300bea9
Essential Operation,5462.0,9.0,7,,2026-02-23T20:13:46.455383Z,1136626,4.247,#C C pours water in the cup,Core task involving high hand activity.,r001,Cooking,silver,Gold,,1188.88779762133,2026-02-23T20:13:46.455417Z,b148c2bd-349a-4c3d-af5c-6791c300bea9
Stationary,5464.0,9.0,7,,2026-02-23T20:13:53.819581Z,1136627,6.063,#C C adjusts his camera with his right hand. #Unsure,"Low body/hand motion, primarily hand adjustment.",r001,Carpentry,silver,Gold,,2.3189996,2026-02-23T20:13:53.819595Z,b311fad7-8292-41d5-ad41-3693b4120bc8
Stationary,5467.0,9.0,7,,2026-02-23T20:14:02.756677Z,1136628,7.568,#C C holds the second wire in the switch with his left hand.,"Low body/hand motion, holding position.",r001,Carpentry,silver,Gold,,37.5301096,2026-02-23T20:14:02.756714Z,b311fad7-8292-41d5-ad41-3693b4120bc8
Essential Operation,5470.0,9.0,7,,2026-02-23T20:14:17.580565Z,1136629,9.62,#C C screws the second wire into the switch with the screwdriver in his right hand.,Core manual task involving high hand activity.,r001,Carpentry,silver,Gold,,38.4166296,2026-02-23T20:14:17.580597Z,b311fad7-8292-41d5-ad41-3693b4120bc8
Object Transfer,5472.0,9.0,7,,2026-02-23T20:14:25.464641Z,1136630,6.489,#C C picks another wire from the wall socket with his right hand.,"The action involves picking up an object, which is a logistics step.",r001,Carpentry,silver,Gold,,43.087289600000005,2026-02-23T20:14:25.464675Z,b311fad7-8292-41d5-ad41-3693b4120bc8
Essential Operation,5474.0,9.0,7,,2026-02-23T20:14:32.535616Z,1136631,5.36,#C C screws the third wire into the switch with the screwdriver in his right hand.,Core manual task involving high hand activity.,r001,Carpentry,silver,Gold,,46.4704296,2026-02-23T20:14:32.535629Z,b311fad7-8292-41d5-ad41-3693b4120bc8
Object Transfer,5475.0,9.0,7,,2026-02-23T20:14:42.136389Z,1136632,7.908,#C C Opens the laptop,"Logistics step, short burst of hand activity.",r001,Desk Work,silver,Gold,,2.375855266666667,2026-02-23T20:14:42.136421Z,b45099b9-a5af-4e72-bb58-0d9333aa751c
Object Transfer,5477.0,9.0,7,,2026-02-23T20:14:48.770009Z,1136633,4.942,#C C Puts the paper on the file,Logistics step involving picking up and placing an object.,r001,Desk Work,silver,Gold,,41.87263526666667,2026-02-23T20:14:48.770023Z,b45099b9-a5af-4e72-bb58-0d9333aa751c
Stationary,5479.0,9.0,7,,2026-02-23T20:14:54.695999Z,1136634,4.346,#C C Holds the pen,"Low body/hand motion, holding object without movement.",r001,Desk Work,silver,Gold,,122.39357526666666,2026-02-23T20:14:54.696017Z,b45099b9-a5af-4e72-bb58-0d9333aa751c
Object Transfer,5480.0,9.0,7,,2026-02-23T20:15:02.890173Z,1136635,6.908,#C C Moves the papers,"Logistics step involving moving papers, short bursts of hand acceleration.",r001,Desk Work,silver,Gold,,122.82435526666666,2026-02-23T20:15:02.890209Z,b45099b9-a5af-4e72-bb58-0d9333aa751c
Object Transfer,5481.0,9.0,7,,2026-02-23T20:15:09.204081Z,1136636,4.914,#C C Picks the pen in the box,Logistics step involving picking up an object.,r001,Desk Work,silver,Gold,,271.56320526666667,2026-02-23T20:15:09.204116Z,b45099b9-a5af-4e72-bb58-0d9333aa751c
Locomotion,5482.0,9.0,7,,2026-02-23T20:15:18.850503Z,1136637,4.836,#C C walks on the driveway,"Body moving through space, high body acceleration.",r001,Walking Outdoors,silver,Gold,,16.45525,2026-02-23T20:15:18.850535Z,b45e4207-b0ff-4894-94d7-50622a0466db
Search,5483.0,9.0,7,,2026-02-23T20:15:24.853485Z,1136638,4.529,#C C looks around the garden,"Head movement (visual search), hands mostly still.",r001,Walking Outdoors,silver,Gold,,31.72164,2026-02-23T20:15:24.853517Z,b45e4207-b0ff-4894-94d7-50622a0466db
Locomotion,5484.0,9.0,7,,2026-02-23T20:15:30.616553Z,1136639,4.183,#C C walks on the cabro blocks,"Body moving through space, indicative of walking.",r001,Walking Outdoors,silver,Gold,,54.22185,2026-02-23T20:15:30.616577Z,b45e4207-b0ff-4894-94d7-50622a0466db
Locomotion,5485.0,9.0,7,,2026-02-23T20:15:36.150592Z,1136640,4.159,#C C walks on the tarmac road,"Body moving through space, indicative of walking.",r001,Walking Outdoors,silver,Gold,,73.49036,2026-02-23T20:15:36.150626Z,b45e4207-b0ff-4894-94d7-50622a0466db
Essential Operation,5486.0,9.0,7,,2026-02-23T20:15:43.499714Z,1136641,6.145,#C C sprays the camera with the spray gun regulator,Core task involving high hand activity.,r001,Cleaning,silver,Gold,,126.3194996,2026-02-23T20:15:43.499747Z,b4707bc6-3579-4992-93ec-0eff21ba8922
Object Transfer,5487.0,9.0,7,,2026-02-23T20:15:51.669098Z,1136642,6.797,#C C drops the spray gun regulator in his right hand on the table,Refined via regex fallback,r001,Cleaning,silver,Gold,,157.75246959999998,2026-02-23T20:15:51.669111Z,b4707bc6-3579-4992-93ec-0eff21ba8922
Search,5489.0,9.0,7,,2026-02-23T20:17:10.839977Z,1136643,76.919,#C C moves the camera towards his face,"Head movement towards the face (visual focus), hands mostly still.",r001,Cleaning,silver,Gold,Skip,193.5346996,2026-02-23T20:17:10.839991Z,b4707bc6-3579-4992-93ec-0eff21ba8922
Stationary,5558.0,9.0,7,,2026-02-23T20:43:23.190880Z,1136644,12.594,#C C moves the camera farther from his face,"Low body/hand motion, likely involves minimal movement to adjust the camera position.",r001,Cleaning,silver,Gold,,200.7474096,2026-02-23T20:43:23.190898Z,b4707bc6-3579-4992-93ec-0eff21ba8922
Stationary,5559.0,9.0,7,,2026-02-23T20:43:35.656107Z,1136645,6.543,#C C turns the camera with his right hand,"Low body/hand motion, focused hand movement does not imply significant motion signature.",r001,Cleaning,silver,Gold,,244.1596796,2026-02-23T20:43:35.656121Z,b4707bc6-3579-4992-93ec-0eff21ba8922
Object Transfer,5560.0,9.0,7,Essential Operation,2026-02-23T20:44:12.059878Z,1136646,21.44,#C C handles the cartridge in the lower part of the camera with his right hand,Logistics step involving handling an object.,r001,Cleaning,silver,Bad,,246.2162396,2026-02-23T20:44:12.059897Z,b4707bc6-3579-4992-93ec-0eff21ba8922
Stationary,5561.0,9.0,7,,2026-02-23T20:44:22.296028Z,1136647,8.072,#C C closes the polaroid camera,"Low body/hand motion, likely involves minimal movement.",r001,Cleaning,silver,Gold,,317.9733809546634,2026-02-23T20:44:22.296053Z,b4707bc6-3579-4992-93ec-0eff21ba8922
Essential Operation,5562.0,9.0,7,,2026-02-23T20:44:30.689566Z,1136648,6.833,#C C cleans the polaroid camera with the wipe,"Core manual task involving cleaning, high hand activity.",r001,Cleaning,silver,Gold,,338.5666609546634,2026-02-23T20:44:30.689601Z,b4707bc6-3579-4992-93ec-0eff21ba8922
Search,5563.0,9.0,7,,2026-02-23T20:44:37.121727Z,1136649,5.037,#C C looks at the wipe,"Head movement (visual inspection), hands mostly still.",r001,Cleaning,silver,Gold,,342.4789109546634,2026-02-23T20:44:37.121760Z,b4707bc6-3579-4992-93ec-0eff21ba8922
Essential Operation,5564.0,9.0,7,,2026-02-23T20:44:44.598981Z,1136650,6.039,#C C cleans the handle of the polaroid camera,"Core manual task involving cleaning, high hand activity.",r001,Cleaning,silver,Gold,,421.7888209546634,2026-02-23T20:44:44.598994Z,b4707bc6-3579-4992-93ec-0eff21ba8922
Stationary,5565.0,9.0,7,,2026-02-23T20:44:50.885420Z,1136651,4.893,#C C raises the polaroid camera,The action of raising a camera is likely a preparatory or setup motion with minimal body movement.,r001,Cleaning,silver,Gold,,485.46660095466336,2026-02-23T20:44:50.885435Z,b4707bc6-3579-4992-93ec-0eff21ba8922
Essential Operation,5566.0,9.0,7,,2026-02-23T20:44:57.352817Z,1136652,4.8,#C C cleans the polaroid camera,Core task involving manual cleaning activity.,r001,Cleaning,silver,Gold,,497.3062609546634,2026-02-23T20:44:57.352849Z,b4707bc6-3579-4992-93ec-0eff21ba8922
Stationary,5567.0,9.0,7,,2026-02-23T20:45:03.377769Z,1136653,4.425,#C C touches the camera with his right hand.,"Low body/hand motion, likely a momentary touch.",r001,Cleaning,silver,Gold,,623.17895762133,2026-02-23T20:45:03.377793Z,b4707bc6-3579-4992-93ec-0eff21ba8922
Search,5568.0,9.0,7,Essential Operation,2026-02-23T20:46:06.299984Z,1136654,61.315,#C C turns the camera to the previous position.,"Head movement (turning camera), hands mostly still.",r001,Cleaning,silver,Bad,,626.9715876213301,2026-02-23T20:46:06.300008Z,b4707bc6-3579-4992-93ec-0eff21ba8922
Stationary,5569.0,9.0,7,,2026-02-23T20:46:23.379712Z,1136655,15.54,#C C tilts the camera in his hands sideways to the right.,"Low body/hand motion, primarily hand movement which is not indicative of a core task or transfer.",r001,Cleaning,silver,Gold,,632.13288762133,2026-02-23T20:46:23.379726Z,b4707bc6-3579-4992-93ec-0eff21ba8922
Search,5570.0,9.0,7,Object Transfer,2026-02-23T20:46:40.180423Z,1136656,28.922,#C C moves the camera around with both hands.,Movement of hands to visually inspect or monitor the area.,r001,Cleaning,silver,Gold,,636.3844376213301,2026-02-23T20:47:23.336962Z,b4707bc6-3579-4992-93ec-0eff21ba8922
Search,5571.0,9.0,7,Object Transfer,2026-02-23T20:47:02.298416Z,1136657,19.559,#C C turns the camera towards him.,"Head movement (turning towards), passive hands.",r001,Cleaning,silver,,,666.0518576213301,2026-02-23T20:47:02.298439Z,b4707bc6-3579-4992-93ec-0eff21ba8922
Object Transfer,5572.0,9.0,7,,2026-02-23T20:47:33.272712Z,1136658,8.101,#C C grabs a bottle of liquid with his left hand.,Logistics step involving picking up an object.,r001,Cleaning,silver,Gold,,679.1848676213301,2026-02-23T20:47:33.272745Z,b4707bc6-3579-4992-93ec-0eff21ba8922
Stationary,5573.0,9.0,7,,2026-02-23T20:47:46.633010Z,1136659,11.668,#C C holds the cotton bud.,"Low body/hand motion, holding an object.",r001,Cleaning,silver,Gold,,688.3540976213301,2026-02-23T20:47:46.633024Z,b4707bc6-3579-4992-93ec-0eff21ba8922
Essential Operation,5574.0,9.0,7,,2026-02-23T20:47:57.479932Z,1136660,9.113,#C C cleans the viewfinder window with the cotton bud.,Core manual task with high hand activity.,r001,Cleaning,silver,Gold,,694.7991576213301,2026-02-23T20:47:57.479963Z,b4707bc6-3579-4992-93ec-0eff21ba8922
Object Transfer,5575.0,9.0,7,,2026-02-23T20:48:09.561152Z,1136661,10.613,#C C removes the cotton bud from the viewfinder window.,Logistics step involving picking up and moving an object.,r001,Cleaning,silver,Gold,,709.22559762133,2026-02-23T20:48:09.561185Z,b4707bc6-3579-4992-93ec-0eff21ba8922
Stationary,5576.0,9.0,7,,2026-02-23T20:48:24.116726Z,1136662,13.045,#C C dips his right hand into the film eject slot.,The action involves a hand movement but does not involve significant body movement or sustained hand activity.,r001,Cleaning,silver,Gold,,742.74397762133,2026-02-23T20:48:24.116748Z,b4707bc6-3579-4992-93ec-0eff21ba8922
Essential Operation,5577.0,9.0,7,,2026-02-23T20:49:31.158404Z,1136663,65.431,#C C touches the tip of the bottle with the cotton wool in his left hand.,"Core cleaning task, high hand activity.",r001,Cleaning,silver,Gold,,863.6381476213301,2026-02-23T20:49:31.158417Z,b4707bc6-3579-4992-93ec-0eff21ba8922
Essential Operation,5578.0,9.0,7,,2026-02-23T20:49:38.725302Z,1136664,6.204,#C C pours the liquid on the cotton wool.,Core task involving manual dexterity and control.,r001,Cleaning,silver,Gold,,864.05777762133,2026-02-23T20:49:38.725335Z,b4707bc6-3579-4992-93ec-0eff21ba8922
Object Transfer,5579.0,9.0,7,,2026-02-23T20:49:51.534573Z,1136665,11.308,#C C drops the cotton bud in his right hand on the table.,Refined via regex fallback,r001,Cleaning,silver,Gold,,981.35167762133,2026-02-23T20:49:51.534597Z,b4707bc6-3579-4992-93ec-0eff21ba8922
Essential Operation,5580.0,9.0,7,,2026-02-23T20:50:04.348082Z,1136666,11.304,#C C cleans the Polaroid camera with the cotton wool in his right hand.,Core task involving manual cleaning activity with high hand acceleration.,r001,Cleaning,silver,Gold,,998.03456762133,2026-02-23T20:50:04.348105Z,b4707bc6-3579-4992-93ec-0eff21ba8922
Stationary,5581.0,9.0,7,Essential Operation,2026-02-23T20:50:28.716928Z,1136667,36.662,#C C tilts the Polaroid camera with his left hand.,"The action involves tilting an object with one hand, which suggests minimal movement and a stationary position.",r001,Cleaning,silver,Bad,,1000.75817762133,2026-02-23T20:53:02.108649Z,b4707bc6-3579-4992-93ec-0eff21ba8922
Stationary,5582.0,9.0,7,,2026-02-23T20:51:30.534432Z,1136668,11.854,#C C holds the Polaroid camera with his left hand.,"Low body/hand motion, holding an object without movement.",r001,Cleaning,silver,Gold,,1013.44338762133,2026-02-23T20:51:30.534445Z,b4707bc6-3579-4992-93ec-0eff21ba8922
Object Transfer,5583.0,9.0,7,,2026-02-23T20:51:40.457279Z,1136669,8.431,#C C moves the Polaroid camera box with his left hand.,Logistics step involving moving an object.,r001,Cleaning,silver,Gold,,1040.0534476213302,2026-02-23T20:51:40.457311Z,b4707bc6-3579-4992-93ec-0eff21ba8922
Stationary,5584.0,9.0,7,Essential Operation,2026-02-23T20:52:43.219475Z,1136670,61.17,#C C flips through the pages of the Polaroid camera manual in his hands.,"Low body/hand motion, primarily involving hand flipping through pages.",r001,Cleaning,silver,Bad,,1064.3866622879966,2026-02-23T20:52:43.219489Z,b4707bc6-3579-4992-93ec-0eff21ba8922
Stationary,5585.0,9.0,7,,2026-02-23T20:53:46.200176Z,1136671,6.865,#C C points his right finger at an image in the book,Pointing action with minimal body movement.,r001,Cleaning,silver,Gold,,1100.585304287997,2026-02-23T20:53:46.200201Z,b4707bc6-3579-4992-93ec-0eff21ba8922
Object Transfer,5586.0,9.0,7,Stationary,2026-02-23T20:54:13.362047Z,1136672,18.448,#C C removes his right finger from the book,"The action involves a small, precise movement related to logistics or setup.",r001,Cleaning,silver,Bad,,1103.1588342879966,2026-02-23T20:54:13.362079Z,b4707bc6-3579-4992-93ec-0eff21ba8922
Search,5587.0,9.0,7,Stationary,2026-02-23T20:54:51.032277Z,1136673,35.749,#C C flips through the pages of the book with his left hand,"Head and hand movement (visual search/inspection), likely low body motion.",r001,Cleaning,silver,Bad,,1225.5043042879963,2026-02-23T20:54:51.032291Z,b4707bc6-3579-4992-93ec-0eff21ba8922
Search,5588.0,9.0,7,,2026-02-23T20:55:53.997492Z,1136674,60.788,#C C turns the item #unsure,"Head movement (turning), hands mostly still.",r001,Cleaning,silver,,Skip,1262.5244442879966,2026-02-23T20:55:53.997525Z,b4707bc6-3579-4992-93ec-0eff21ba8922
Stationary,5589.0,9.0,7,,2026-02-23T20:56:05.443531Z,1136675,9.656,#C C leans backward,"Low body/hand motion, indicative of a pause or idle state.",r001,Cleaning,silver,Gold,,1331.590084287997,2026-02-23T20:56:05.443545Z,b4707bc6-3579-4992-93ec-0eff21ba8922
Object Transfer,5597.0,9.0,7,,2026-02-23T20:57:38.020638Z,1136676,7.973,#C C drops the camera on the table,Refined via regex fallback,r001,Cleaning,silver,Gold,,1533.607824287997,2026-02-23T20:57:38.020661Z,b4707bc6-3579-4992-93ec-0eff21ba8922
Object Transfer,5598.0,9.0,7,,2026-02-23T20:57:46.609308Z,1136677,6.932,#C C turns the box to the side.,Logistics action involving the manipulation of an object.,r001,Cleaning,silver,Gold,,1655.9066609546633,2026-02-23T20:57:46.609341Z,b4707bc6-3579-4992-93ec-0eff21ba8922
Essential Operation,5599.0,9.0,7,,2026-02-23T20:57:58.698004Z,1136678,10.428,#C C cleans the box with the cotton wool in his right hand.,Core task involving high hand activity.,r001,Cleaning,silver,Gold,,1837.3977809546632,2026-02-23T20:57:58.698018Z,b4707bc6-3579-4992-93ec-0eff21ba8922
Object Transfer,5600.0,9.0,7,,2026-02-23T20:58:06.862640Z,1136679,6.609,#C C places the cello tape on the table,Logistics step involving the placement of an object.,r001,Cleaning,silver,Gold,,1910.9572809546632,2026-02-23T20:58:06.862655Z,b4707bc6-3579-4992-93ec-0eff21ba8922
Essential Operation,5601.0,9.0,7,,2026-02-23T20:58:17.080009Z,1136680,8.414,#C C wipes the top part of the box,Core task involving high hand activity.,r001,Cleaning,silver,Gold,,1939.4239909546632,2026-02-23T20:58:17.080031Z,b4707bc6-3579-4992-93ec-0eff21ba8922
Essential Operation,5602.0,9.0,7,,2026-02-23T20:58:23.801075Z,1136681,5.377,#C C cleans the side part of the box,"Core manual task involving cleaning, high hand activity.",r001,Cleaning,silver,Gold,,1998.8632309546635,2026-02-23T20:58:23.801088Z,b4707bc6-3579-4992-93ec-0eff21ba8922
Object Transfer,5603.0,9.0,7,,2026-02-23T20:58:31.167471Z,1136682,5.847,#C C closes the box with her left hand,Logistics action involving the manipulation and closure of an object.,r001,Cleaning,silver,Gold,,2033.561170954664,2026-02-23T20:58:31.167485Z,b4707bc6-3579-4992-93ec-0eff21ba8922
Object Transfer,5604.0,9.0,7,,2026-02-23T20:58:38.212741Z,1136683,5.592,#C C picks up a screw driver with her left hand,Logistics step of picking up an object.,r001,Cleaning,silver,Gold,,2037.204980954664,2026-02-23T20:58:38.212755Z,b4707bc6-3579-4992-93ec-0eff21ba8922
Stationary,5605.0,9.0,7,,2026-02-23T20:58:55.826966Z,1136684,65.773,#C C stops the cleaning of the camera,"Indicates a pause or stop in action, likely with minimal movement.",r001,Cleaning,silver,Gold,,2065.953400954664,2026-02-23T20:59:45.701479Z,b4707bc6-3579-4992-93ec-0eff21ba8922
Object Transfer,5606.0,9.0,7,,2026-02-23T20:59:54.539673Z,1136685,7.113,#C C lifts the camera up,"The action involves picking up an object, which is a logistics step.",r001,Cleaning,silver,Gold,,2098.009870954664,2026-02-23T20:59:54.539687Z,b4707bc6-3579-4992-93ec-0eff21ba8922
Object Transfer,5607.0,9.0,7,,2026-02-23T21:00:06.370630Z,1136686,5.755,#C C Picks the knife sanding pads,Logistics step involving picking up an item.,r001,Mechanical Repair,silver,Gold,,14.4680986,2026-02-23T21:00:06.370653Z,b4f8496d-dc4a-483c-94e5-b0dabce47fc8
Object Transfer,5608.0,9.0,7,,2026-02-23T21:00:12.967869Z,1136687,4.912,#C C Places the knife sanding pads on the table,Logistics step involving placing objects.,r001,Mechanical Repair,silver,Gold,,19.0137786,2026-02-23T21:00:12.967902Z,b4f8496d-dc4a-483c-94e5-b0dabce47fc8
Essential Operation,5609.0,9.0,7,,2026-02-23T21:00:23.931281Z,1136688,9.28,#C C Sands the knife with a knife sanding machine,Core task involving high hand activity.,r001,Mechanical Repair,silver,Gold,,55.6485986,2026-02-23T21:00:23.931295Z,b4f8496d-dc4a-483c-94e5-b0dabce47fc8
Essential Operation,5610.0,9.0,7,,2026-02-23T21:00:30.750025Z,1136689,5.029,#C C Wipes the knife with a towel,Core manual task involving high hand activity.,r001,Mechanical Repair,silver,Gold,,422.01696928529327,2026-02-23T21:00:30.750057Z,b4f8496d-dc4a-483c-94e5-b0dabce47fc8
Stationary,5611.0,9.0,7,Object Transfer,2026-02-23T21:00:47.871192Z,1136690,15.499,#C C Turns off the knife sharpening machine,"Low body/hand motion, action involves a switch or button press.",r001,Mechanical Repair,silver,Bad,,437.7938592852933,2026-02-23T21:00:47.871205Z,b4f8496d-dc4a-483c-94e5-b0dabce47fc8
Search,5612.0,9.0,7,,2026-02-23T21:00:54.206276Z,1136691,4.483,#C C Looks around the workshop,"Head movement (visual search), hands mostly still.",r001,Mechanical Repair,silver,Gold,,451.6575092852933,2026-02-23T21:00:54.206310Z,b4f8496d-dc4a-483c-94e5-b0dabce47fc8
Object Transfer,5613.0,9.0,7,,2026-02-23T21:01:01.158656Z,1136692,5.561,#C C Picks another knife sharpening pad,"Logistics/Setup step, picking up an object.",r001,Mechanical Repair,silver,Gold,,462.48478928529335,2026-02-23T21:01:01.158670Z,b4f8496d-dc4a-483c-94e5-b0dabce47fc8
Search,5614.0,9.0,7,,2026-02-23T21:01:07.059786Z,1136693,4.516,#C C Looks at the knife sharpening pad,"Head movement (visual inspection), passive hands.",r001,Mechanical Repair,silver,Gold,,477.24287928529327,2026-02-23T21:01:07.059799Z,b4f8496d-dc4a-483c-94e5-b0dabce47fc8
Essential Operation,5615.0,9.0,7,,2026-02-23T21:01:16.225812Z,1136694,7.621,#C C Sharpens the knife with a knife sharpening machine,Core manual task involving high hand activity.,r001,Mechanical Repair,silver,Gold,,509.1171092852933,2026-02-23T21:01:16.225849Z,b4f8496d-dc4a-483c-94e5-b0dabce47fc8
Essential Operation,5616.0,9.0,7,,2026-02-23T21:01:32.091996Z,1136695,14.351,#C C Sharpens the knife with a knife sanding machine,Core manual task involving high hand activity.,r001,Mechanical Repair,silver,Gold,,587.8176176136719,2026-02-23T21:01:32.092010Z,b4f8496d-dc4a-483c-94e5-b0dabce47fc8
Essential Operation,5617.0,9.0,7,,2026-02-23T21:01:44.021099Z,1136696,9.701,#C C Applies the polish on the knife sharpening machine machine,Core task involving high hand activity.,r001,Mechanical Repair,silver,Gold,,937.0298282374988,2026-02-23T21:01:44.021114Z,b4f8496d-dc4a-483c-94e5-b0dabce47fc8
Stationary,5590.0,9.0,7,,2026-02-23T20:56:26.537393Z,1136697,19.581,#C C Wipes the trouser with hand,"Low body/hand motion, likely wiping a small area.",r001,Mechanical Repair,silver,Gold,,1028.5614282374988,2026-02-23T20:56:26.537407Z,b4f8496d-dc4a-483c-94e5-b0dabce47fc8
Object Transfer,5591.0,9.0,7,,2026-02-23T20:56:37.615848Z,1136698,9.532,#C C Places the small box of #unsure inside a big box,Logistics step involving picking up and placing an object.,r001,Mechanical Repair,silver,Gold,,1137.658607144922,2026-02-23T20:56:37.615879Z,b4f8496d-dc4a-483c-94e5-b0dabce47fc8
Object Transfer,5592.0,9.0,7,,2026-02-23T20:56:44.177051Z,1136699,4.813,#C C Picks a knife sharpener pad,Logistics step involving picking up an object.,r001,Mechanical Repair,silver,Gold,,1151.7207271449215,2026-02-23T20:56:44.177066Z,b4f8496d-dc4a-483c-94e5-b0dabce47fc8
Object Transfer,5593.0,9.0,7,,2026-02-23T20:56:50.844069Z,1136700,5.082,#C C Puts the knife sharpener pad in the box,"Logistics/Setup step, moving an object.",r001,Mechanical Repair,silver,Gold,,1170.496217144922,2026-02-23T20:56:50.844083Z,b4f8496d-dc4a-483c-94e5-b0dabce47fc8
Essential Operation,5594.0,9.0,7,,2026-02-23T20:56:57.834011Z,1136701,5.718,#C C Sprays the sharpening stone with water,Core manual task involving high hand activity.,r001,Mechanical Repair,silver,Gold,,1420.3621624964844,2026-02-23T20:56:57.834025Z,b4f8496d-dc4a-483c-94e5-b0dabce47fc8
Essential Operation,5595.0,9.0,7,,2026-02-23T20:57:06.419315Z,1136702,7.083,#C C operates a computer with both hands.,Core task involving high hand activity.,r001,Desk Work,silver,Gold,,1.8199296,2026-02-23T20:57:06.419337Z,b99c164c-dae8-4009-bb1f-56f550aa4fd5
Essential Operation,5596.0,9.0,7,,2026-02-23T20:57:13.780711Z,1136703,5.52,#C C operates the computer with his right hand.,Core manual task involving high hand activity.,r001,Desk Work,silver,Gold,,73.80620959999999,2026-02-23T20:57:13.780745Z,b99c164c-dae8-4009-bb1f-56f550aa4fd5
Object Transfer,5618.0,9.0,7,,2026-02-23T21:01:54.234186Z,1136704,4.972,#C C drops the phone on the table.,Refined via regex fallback,r001,Desk Work,silver,Gold,,129.0666796,2026-02-23T21:01:54.234224Z,b99c164c-dae8-4009-bb1f-56f550aa4fd5
Essential Operation,5619.0,9.0,7,,2026-02-23T21:02:08.550252Z,1136705,12.202,#C C types on the keyboard of the computer with both hands.,Core manual task involving high hand activity.,r001,Desk Work,silver,Gold,,622.7389976213301,2026-02-23T21:02:08.550266Z,b99c164c-dae8-4009-bb1f-56f550aa4fd5
Stationary,5620.0,9.0,7,,2026-02-23T21:02:15.726510Z,1136706,5.33,#C C moves his right hand to his face.,"Low body/hand motion, likely a minor gesture or touch.",r001,Desk Work,silver,Gold,,676.0722876213301,2026-02-23T21:02:15.726545Z,b99c164c-dae8-4009-bb1f-56f550aa4fd5
Search,5621.0,9.0,7,,2026-02-23T21:02:24.373075Z,1136707,6.706,#C C watches the screen.,"Head movement (visual monitoring), hands mostly still.",r001,Desk Work,silver,Gold,,700.84051762133,2026-02-23T21:02:24.373089Z,b99c164c-dae8-4009-bb1f-56f550aa4fd5
Essential Operation,5622.0,9.0,7,,2026-02-23T21:02:31.611020Z,1136708,5.532,#C C operates the mouse with his right hand.,Core manual task involving high hand activity.,r001,Desk Work,silver,Gold,,800.6315576213301,2026-02-23T21:02:31.611055Z,b99c164c-dae8-4009-bb1f-56f550aa4fd5
Stationary,5623.0,9.0,7,Essential Operation,2026-02-23T21:02:48.986507Z,1136709,15.735,#C C operates the monitor with the mouse,"Low body/hand motion, primarily hand movement on a stationary object.",r001,Desk Work,silver,Bad,,1140.5755742879967,2026-02-23T21:02:48.986525Z,b99c164c-dae8-4009-bb1f-56f550aa4fd5
Essential Operation,5624.0,9.0,7,,2026-02-23T21:02:59.178633Z,1136710,8.498,#C C operates a mouse on the computer desk with his right hand.,Core task involving high hand activity.,r001,Desk Work,silver,Gold,,1389.2951742879966,2026-02-23T21:02:59.178652Z,b99c164c-dae8-4009-bb1f-56f550aa4fd5
Essential Operation,5625.0,9.0,7,Stationary,2026-02-23T21:03:16.561735Z,1136711,15.801,#C C places his left hand on the keyboard on the computer.,"Core task involving high hand activity, such as typing or operating a keyboard.",r001,Desk Work,silver,Bad,,1507.937254287997,2026-02-23T21:03:16.561775Z,b99c164c-dae8-4009-bb1f-56f550aa4fd5
Stationary,5626.0,9.0,7,Search,2026-02-23T21:03:36.145181Z,1136712,18.091,#C C stares at the cup board,"Low body/hand motion, likely visual observation.",r001,Mechanical Repair,silver,Bad,,91.24337,2026-02-23T21:03:36.145203Z,bc215572-bd4c-4457-bbc1-58cdd6398cc7
Locomotion,5629.0,9.0,7,,2026-02-23T21:04:42.249308Z,1136713,7.634,#C C walks toward the door,"Movement through space, high body acceleration.",r001,Mechanical Repair,silver,Gold,,253.28853,2026-02-23T21:04:42.249335Z,bc215572-bd4c-4457-bbc1-58cdd6398cc7
Locomotion,5630.0,9.0,7,,2026-02-23T21:04:48.553426Z,1136714,4.108,#C C walks in the living room,"Movement through space, indicative of walking.",r001,Mechanical Repair,silver,Gold,,265.79399,2026-02-23T21:04:48.553463Z,bc215572-bd4c-4457-bbc1-58cdd6398cc7
Locomotion,5631.0,9.0,7,,2026-02-23T21:05:01.190273Z,1136715,10.754,#C C climbs on the bicycle,"Body moving through space, climbing action.",r001,Mechanical Repair,silver,Gold,,326.7525,2026-02-23T21:05:01.190308Z,bc215572-bd4c-4457-bbc1-58cdd6398cc7
Object Transfer,5632.0,9.0,7,,2026-02-23T21:06:01.600111Z,1136716,8.877,#C C throws fish food in the water.,"[CtxFixed] The action of throwing fish food into the water is a deliberate placement of an object, which fits the definition of 'Object Transfer'.",r001,Mechanical Repair,silver,Gold,,1891.1377766666665,2026-02-23T21:06:01.600143Z,bc215572-bd4c-4457-bbc1-58cdd6398cc7
Object Transfer,5633.0,9.0,7,,2026-02-23T21:06:10.274726Z,1136717,6.889,#C C puts aside a bicycle.,Logistics step of putting an object aside.,r001,Mechanical Repair,silver,Gold,,2092.4214366666665,2026-02-23T21:06:10.274756Z,bc215572-bd4c-4457-bbc1-58cdd6398cc7
Locomotion,5634.0,9.0,7,,2026-02-23T22:12:04.005292Z,1136718,7.725,#C C moves a bicycle.,Body moving through space to move the bicycle.,r001,Mechanical Repair,silver,Gold,,2099.3418066666663,2026-02-23T22:12:04.005307Z,bc215572-bd4c-4457-bbc1-58cdd6398cc7
Stationary,5635.0,9.0,7,,2026-02-23T22:12:12.166603Z,1136719,6.562,#C C moves his foot.,"Low body/hand motion, foot movement does not imply significant locomotion or activity.",r001,Mechanical Repair,silver,Gold,,2227.3872366666665,2026-02-23T22:12:12.166637Z,bc215572-bd4c-4457-bbc1-58cdd6398cc7
Stationary,5636.0,9.0,7,,2026-02-23T22:13:45.394086Z,1136720,9.514,#C C puts down his hand.,"The action indicates a pause or end to motion, suggesting a low-energy state.",r001,Mechanical Repair,silver,Gold,,2893.9270366666665,2026-02-23T22:13:45.394100Z,bc215572-bd4c-4457-bbc1-58cdd6398cc7
Stationary,5637.0,9.0,7,,2026-02-23T22:13:53.122756Z,1136721,5.781,#C C holds his phone with both hands.,"Low body/hand motion, holding an object without moving.",r001,Mechanical Repair,silver,Gold,,2913.0077166666665,2026-02-23T22:13:53.122781Z,bc215572-bd4c-4457-bbc1-58cdd6398cc7
Stationary,5638.0,9.0,7,Essential Operation,2026-02-23T22:14:07.031539Z,1136722,12.16,#C C makes curtain,The action 'makes curtain' does not specify any specific movement that would classify it under the other categories. It is likely a stationary task involving manual adjustments.,r001,Cleaning,silver,Bad,,64.2480896,2026-02-23T22:14:07.031567Z,bdf00ef0-4616-40ab-ab2e-4437cb93f39e
Object Transfer,5639.0,9.0,7,,2026-02-23T22:14:15.357665Z,1136723,6.6,#C C picks picks pillow case,Logistics step involving picking up an object.,r001,Cleaning,silver,Gold,,233.5859296,2026-02-23T22:14:15.357680Z,bdf00ef0-4616-40ab-ab2e-4437cb93f39e
Object Transfer,5640.0,9.0,7,,2026-02-23T22:14:21.605403Z,1136724,4.611,#C C drops bed duvet case on bed,"[CtxFixed] The action involves moving the bed duvet case onto the bed, which is a deliberate placement.",r001,Cleaning,silver,Gold,,350.4021109546634,2026-02-23T22:14:21.605419Z,bdf00ef0-4616-40ab-ab2e-4437cb93f39e
Object Transfer,5641.0,9.0,7,,2026-02-23T22:14:28.613027Z,1136725,5.073,#C C puts the pieces of bread in the bowl,"Logistics step, moving objects from one place to another.",r001,Cooking,silver,Gold,,68.6392586,2026-02-23T22:14:28.613046Z,bf6e4f01-7891-42fe-9b52-1b5033379b44
Essential Operation,5642.0,9.0,7,,2026-02-23T22:14:37.979026Z,1136726,7.3,#C C washes the hands with tap water,Core manual task involving high hand activity.,r001,Cooking,silver,Gold,,124.1700386,2026-02-23T22:14:37.979042Z,bf6e4f01-7891-42fe-9b52-1b5033379b44
Object Transfer,5643.0,9.0,7,,2026-02-23T22:14:48.778594Z,1136727,8.817,#C C puts the paper in the bin,Logistics step involving moving an object (paper) to a destination (bin).,r001,Cooking,silver,Gold,,259.9795886,2026-02-23T22:14:48.778610Z,bf6e4f01-7891-42fe-9b52-1b5033379b44
Object Transfer,5644.0,9.0,7,,2026-02-23T22:14:58.893741Z,1136728,8.562,#C C puts the opener on the chopping board,Logistics step involving placing the opener on the chopping board.,r001,Cooking,silver,Gold,,326.05775707826206,2026-02-23T22:14:58.893764Z,bf6e4f01-7891-42fe-9b52-1b5033379b44
Object Transfer,5645.0,9.0,7,,2026-02-23T22:15:11.461888Z,1136729,10.559,#C C opens the cabinet drawer,Logistics/Setup step involving opening a drawer.,r001,Cooking,silver,Gold,,380.39051707826206,2026-02-23T22:15:11.461908Z,bf6e4f01-7891-42fe-9b52-1b5033379b44
Object Transfer,5646.0,9.0,7,,2026-02-23T22:15:24.730162Z,1136730,4.632,#C C puts the milk in the fridge,Logistics step involving picking up and putting down the milk.,r001,Cooking,silver,Gold,,429.19666707826207,2026-02-23T22:15:24.730190Z,bf6e4f01-7891-42fe-9b52-1b5033379b44
Object Transfer,5647.0,9.0,7,,2026-02-23T22:15:31.352133Z,1136731,5.008,#C C puts the bottle of oil into the box,Logistics/Setup step involving picking up and putting down the bottle.,r001,Cooking,silver,Gold,,749.7998876136719,2026-02-23T22:15:31.352147Z,bf6e4f01-7891-42fe-9b52-1b5033379b44
Object Transfer,5648.0,9.0,7,,2026-02-23T22:15:38.115680Z,1136732,5.243,#C c removes #unsure from the box,Logistics step involving picking up or removing an object.,r001,Cooking,silver,Gold,,849.843338365625,2026-02-23T22:15:38.115709Z,bf6e4f01-7891-42fe-9b52-1b5033379b44
Object Transfer,5649.0,9.0,7,Essential Operation,2026-02-23T22:15:54.637574Z,1136733,19.979,#C c breaks a piece of #unsure,"[CtxFixed] The action involves breaking a piece of an object, which can be considered a form of object manipulation and transfer.",r001,Cooking,silver,Bad,,854.734808365625,2026-02-23T22:16:03.612844Z,bf6e4f01-7891-42fe-9b52-1b5033379b44
Object Transfer,5627.0,9.0,7,,2026-02-23T21:03:48.401287Z,1136734,10.225,#C c puts #unsure on top of the minced meat inside the bowl,Logistics step involving placing an item.,r001,Cooking,silver,Gold,,863.568908365625,2026-02-23T21:03:48.401312Z,bf6e4f01-7891-42fe-9b52-1b5033379b44
Object Transfer,5628.0,9.0,7,,2026-02-23T21:03:56.420951Z,1136735,6.348,#C c picks #unsure from the counter top,"Action involves picking up an object, which is a logistics step.",r001,Cooking,silver,Gold,,982.530568365625,2026-02-23T21:03:56.420977Z,bf6e4f01-7891-42fe-9b52-1b5033379b44
Essential Operation,5650.0,9.0,7,,2026-02-23T22:16:28.958708Z,1136736,9.287,#C C drills the wall.,Core manual task involving high hand activity.,r001,Carpentry,silver,Gold,,0.0,2026-02-23T22:16:28.958731Z,c20cf0c7-8c75-47cb-b069-46c2a2058519
Search,5651.0,9.0,7,,2026-02-23T22:16:36.971038Z,1136737,6.181,#C C looks at holes on the wall,"Head movement (visual search), hands mostly still.",r001,Carpentry,silver,Gold,,136.86757,2026-02-23T22:16:36.971057Z,c20cf0c7-8c75-47cb-b069-46c2a2058519
Essential Operation,5652.0,9.0,7,,2026-02-23T22:16:44.174786Z,1136738,5.342,#C C puts the screws in the wall.,Core manual task involving high hand activity.,r001,Carpentry,silver,Gold,,140.23573,2026-02-23T22:16:44.174802Z,c20cf0c7-8c75-47cb-b069-46c2a2058519
Essential Operation,5653.0,9.0,7,,2026-02-23T22:16:50.933424Z,1136739,5.004,#C C hits the screw with the hammer.,Core manual task involving high hand activity.,r001,Carpentry,silver,Gold,,161.54821,2026-02-23T22:16:50.933444Z,c20cf0c7-8c75-47cb-b069-46c2a2058519
Essential Operation,5654.0,9.0,7,,2026-02-23T22:16:56.346509Z,1136740,3.947,#C C fixes the metal on the wall.,"Core task involving manual work, likely with high hand activity.",r001,Carpentry,silver,Gold,,188.03761,2026-02-23T22:16:56.346543Z,c20cf0c7-8c75-47cb-b069-46c2a2058519
Essential Operation,5655.0,9.0,7,,2026-02-23T22:17:04.693111Z,1136741,6.792,#C C tightens the nut with the machine.,Core task involving high hand activity.,r001,Carpentry,silver,Gold,,298.55747,2026-02-23T22:17:04.693127Z,c20cf0c7-8c75-47cb-b069-46c2a2058519
Essential Operation,5656.0,9.0,7,,2026-02-23T22:17:13.718665Z,1136742,7.737,#C C cuts the tape on the foam wrap on the bicycle,Core task involving manual dexterity and fine motor skills.,r001,Mechanical Repair,silver,Gold,,8.4061396,2026-02-23T22:17:13.718681Z,c3361017-8999-4dfb-88cd-90f1f13d58b2
Object Transfer,5657.0,9.0,7,,2026-02-23T22:17:25.386285Z,1136743,9.996,#C C drops bicycle wheel padding,"[CtxFixed] The action of dropping the bicycle wheel padding is a deliberate placement onto a surface, which fits the criteria for 'Object Transfer'.",r001,Mechanical Repair,silver,Gold,,31.5580896,2026-02-23T22:17:25.386299Z,c3361017-8999-4dfb-88cd-90f1f13d58b2
Object Transfer,5658.0,9.0,7,,2026-02-23T22:17:33.809418Z,1136744,7.001,#C C removes wrapping from bicycle steering,Logistics step involving the removal of an object (wrapping).,r001,Mechanical Repair,silver,Gold,,46.8854696,2026-02-23T22:17:33.809441Z,c3361017-8999-4dfb-88cd-90f1f13d58b2
Locomotion,5659.0,9.0,7,,2026-02-23T22:17:48.089751Z,1136745,12.833,#C C turns bicycle's back tire,"Rotation of the tire involves continuous circular motion, indicative of a locomotive action.",r001,Mechanical Repair,silver,Gold,,142.9339096,2026-02-23T22:17:48.089771Z,c3361017-8999-4dfb-88cd-90f1f13d58b2
Stationary,5660.0,9.0,7,Essential Operation,2026-02-23T22:18:18.156419Z,1136746,19.078,#C C dusts off bicycle gear,"Low body/hand motion, focused activity.",r001,Mechanical Repair,silver,Bad,,148.8572596,2026-02-23T22:18:18.156466Z,c3361017-8999-4dfb-88cd-90f1f13d58b2
Locomotion,5661.0,9.0,7,Essential Operation,2026-02-23T22:19:15.501400Z,1136747,55.58,#C C unmounts bicycle from the wall,Body moving through space to unmount the bicycle.,r001,Mechanical Repair,silver,Bad,,151.9397196,2026-02-23T22:19:15.501415Z,c3361017-8999-4dfb-88cd-90f1f13d58b2
Object Transfer,5662.0,9.0,7,,2026-02-23T22:19:24.233414Z,1136748,7.274,#C C picks a stand,"Logistics/Setup step, picking up an object.",r001,Mechanical Repair,silver,Gold,,161.1150496,2026-02-23T22:19:24.233430Z,c3361017-8999-4dfb-88cd-90f1f13d58b2
Locomotion,5663.0,9.0,7,,2026-02-23T22:19:45.871630Z,1136749,19.893,#C C turns the back tire,"Body moving through space to rotate the tire, involves high body acceleration.",r001,Mechanical Repair,silver,,Skip,175.5753896,2026-02-23T22:19:45.871655Z,c3361017-8999-4dfb-88cd-90f1f13d58b2
Object Transfer,5664.0,9.0,7,,2026-02-23T22:19:52.627139Z,1136750,5.035,#C C closes the drawer in the mini tool cabinet,"Logistics action involving the drawer, short bursts of hand acceleration.",r001,Mechanical Repair,silver,Gold,,323.1140009546634,2026-02-23T22:19:52.627167Z,c3361017-8999-4dfb-88cd-90f1f13d58b2
Essential Operation,5665.0,9.0,7,,2026-02-23T22:20:01.515524Z,1136751,7.261,#C C cuts some tape from the masking tape with his hand,Core manual task involving high hand activity.,r001,Mechanical Repair,silver,Gold,,329.5318309546634,2026-02-23T22:20:01.515546Z,c3361017-8999-4dfb-88cd-90f1f13d58b2
Object Transfer,5666.0,9.0,7,,2026-02-23T22:20:11.422129Z,1136752,8.366,#C C drops the electric soldering iron on the floor,Refined via regex fallback,r001,Mechanical Repair,silver,Gold,,372.7120409546634,2026-02-23T22:20:11.422146Z,c3361017-8999-4dfb-88cd-90f1f13d58b2
Object Transfer,5667.0,9.0,7,,2026-02-23T22:20:54.445558Z,1136753,41.233,#C C lets go of the camera,"[CtxFixed] Releasing the camera is a deliberate action of placing the object down, which fits the criteria for Object Transfer.",r001,Cleaning,silver,Gold,,0.0,2026-02-23T22:20:54.445582Z,c3b19085-f7eb-4217-8eec-b8cc056f92a1
Locomotion,5668.0,9.0,7,Essential Operation,2026-02-23T22:21:36.888138Z,1136754,40.623,#C C alights from the car,"The action describes a movement from one place to another, indicating a change in position.",r001,Cleaning,silver,Bad,,39.752,2026-02-23T22:21:36.888154Z,c3b19085-f7eb-4217-8eec-b8cc056f92a1
Locomotion,5669.0,9.0,7,,2026-02-23T22:21:45.156196Z,1136755,6.709,#C C moves towards his left,Body movement through space.,r001,Cleaning,silver,Gold,,160.088,2026-02-23T22:21:45.156211Z,c3b19085-f7eb-4217-8eec-b8cc056f92a1
Object Transfer,5670.0,9.0,7,,2026-02-23T22:21:53.555296Z,1136756,6.784,#C C places the tissue in his right hand,"The action involves picking up or putting down an object, which is a logistics step.",r001,Cleaning,silver,Gold,,173.445,2026-02-23T22:21:53.555319Z,c3b19085-f7eb-4217-8eec-b8cc056f92a1
Essential Operation,5671.0,9.0,7,,2026-02-23T22:22:03.910170Z,1136757,5.786,#C C sprays disinfectant on the boot,Core task involving high hand activity for applying disinfectant.,r001,Cleaning,silver,Gold,,308.914,2026-02-23T22:22:03.910198Z,c3b19085-f7eb-4217-8eec-b8cc056f92a1
Essential Operation,5672.0,9.0,7,,2026-02-23T22:22:11.163039Z,1136758,5.3,#C C wipes the boot with the tissue,"Core manual task, high hand activity.",r001,Cleaning,silver,Gold,,342.31809,2026-02-23T22:22:11.163063Z,c3b19085-f7eb-4217-8eec-b8cc056f92a1
Essential Operation,5673.0,9.0,7,,2026-02-23T22:22:17.972022Z,1136759,4.945,#C C sprays disinfectant on the tissue,Core manual task involving high hand activity.,r001,Cleaning,silver,Gold,,508.904,2026-02-23T22:22:17.972043Z,c3b19085-f7eb-4217-8eec-b8cc056f92a1
Object Transfer,5674.0,9.0,7,,2026-02-23T22:22:25.218082Z,1136760,5.798,#C C opens the mirror,"Opening an object, involves a short burst of hand activity.",r001,Cleaning,silver,Gold,,518.149,2026-02-23T22:22:25.218108Z,c3b19085-f7eb-4217-8eec-b8cc056f92a1
Search,5675.0,9.0,7,,2026-02-23T22:22:32.333127Z,1136761,5.322,#C C inspects the card,Visual inspection involves head movement and passive hands.,r001,Cleaning,silver,Gold,,529.8697500000001,2026-02-23T22:22:32.333163Z,c3b19085-f7eb-4217-8eec-b8cc056f92a1
Stationary,5676.0,9.0,7,Search,2026-02-23T22:22:48.390025Z,1136762,14.678,#C C stares at the wind screen,"Low body/hand motion, focused gaze.",r001,Cleaning,silver,Bad,,640.1412566666667,2026-02-23T22:22:48.390040Z,c3b19085-f7eb-4217-8eec-b8cc056f92a1
Object Transfer,5677.0,9.0,7,,2026-02-23T22:22:57.005628Z,1136763,6.559,#C C carries cut piece of paper to kitchen cabinet,Logistics step involving carrying an object.,r001,Cleaning,silver,Gold,,86.8914386,2026-02-23T22:22:57.005653Z,c431062e-857c-4e9f-ad5c-94f925acc822
Essential Operation,5678.0,9.0,7,,2026-02-23T22:23:02.651557Z,1136764,4.166,#C C washes sponge in sink,Core manual task involving high hand activity.,r001,Cleaning,silver,Gold,,133.23598859999998,2026-02-23T22:23:02.651574Z,c431062e-857c-4e9f-ad5c-94f925acc822
Object Transfer,5679.0,9.0,7,,2026-02-23T22:23:08.985445Z,1136765,5.027,#C C picks bottle lid on countertop,Logistics step involving picking up an object.,r001,Cleaning,silver,Gold,,133.55421859999998,2026-02-23T22:23:08.985460Z,c431062e-857c-4e9f-ad5c-94f925acc822
Stationary,5682.0,9.0,7,,2026-02-23T22:23:54.872175Z,1136766,12.041,#C C holds sponge on countertop,"Low body/hand motion, holding position.",r001,Cleaning,silver,Gold,,175.8510786,2026-02-23T22:23:54.872203Z,c431062e-857c-4e9f-ad5c-94f925acc822
Essential Operation,5683.0,9.0,7,,2026-02-23T22:24:01.728449Z,1136767,4.871,#C C rinses bowl with sink water,Core task involving high hand activity.,r001,Cleaning,silver,Gold,,246.0147086,2026-02-23T22:24:01.728475Z,c431062e-857c-4e9f-ad5c-94f925acc822
Essential Operation,5684.0,9.0,7,,2026-02-23T22:24:09.142739Z,1136768,4.605,#C C applies liquid on washing sponge,Core manual task involving high hand activity.,r001,Cleaning,silver,Gold,,289.3346786,2026-02-23T22:24:09.142756Z,c431062e-857c-4e9f-ad5c-94f925acc822
Object Transfer,5685.0,9.0,7,,2026-02-23T22:24:14.714444Z,1136769,4.111,#C C picks plate in sink,Logistics step involving picking up an object.,r001,Cleaning,silver,Gold,,292.25712860000004,2026-02-23T22:24:14.714462Z,c431062e-857c-4e9f-ad5c-94f925acc822
Object Transfer,5686.0,9.0,7,,2026-02-23T22:24:22.674220Z,1136770,6.469,#C C picks dishwashing liquid bottle on countertop,Logistics step involving picking up an object.,r001,Cleaning,silver,Gold,,343.3111486,2026-02-23T22:24:22.674244Z,c431062e-857c-4e9f-ad5c-94f925acc822
Essential Operation,5687.0,9.0,7,,2026-02-23T22:24:32.600393Z,1136771,8.361,#C C wipes a point on board with hand,"Core cleaning task, high hand activity.",r001,Cleaning,silver,Gold,,400.3675786,2026-02-23T22:24:32.600417Z,c431062e-857c-4e9f-ad5c-94f925acc822
Stationary,5688.0,9.0,7,,2026-02-23T22:24:46.494235Z,1136772,11.966,#C C turns board,Turning a board likely involves minimal body movement and could be a static action.,r001,Cleaning,silver,Gold,,401.9995386000001,2026-02-23T22:24:46.494259Z,c431062e-857c-4e9f-ad5c-94f925acc822
Essential Operation,5689.0,9.0,7,,2026-02-23T22:24:52.207648Z,1136773,4.059,#C C rinses board with sink water,Core task involving high hand activity and interaction with an object.,r001,Cleaning,silver,Gold,,405.4175786,2026-02-23T22:24:52.207663Z,c431062e-857c-4e9f-ad5c-94f925acc822
Essential Operation,5690.0,9.0,7,,2026-02-23T22:25:02.515772Z,1136774,6.543,#C C washes lids in sink,"Core task involving manual washing, high hand activity.",r001,Cleaning,silver,Gold,,487.7050086,2026-02-23T22:25:02.515806Z,c431062e-857c-4e9f-ad5c-94f925acc822
Essential Operation,5691.0,9.0,7,,2026-02-23T22:25:08.545515Z,1136775,4.142,#C C pours sink water in bottle,"Core task involving manual pouring, high hand activity.",r001,Cleaning,silver,Gold,,517.9254286,2026-02-23T22:25:08.545535Z,c431062e-857c-4e9f-ad5c-94f925acc822
Essential Operation,5692.0,9.0,7,,2026-02-23T22:25:17.545495Z,1136776,4.222,#C C rinses bottle,Core manual task involving hand activity.,r001,Cleaning,silver,Gold,,519.3730786,2026-02-23T22:25:17.545509Z,c431062e-857c-4e9f-ad5c-94f925acc822
Object Transfer,5693.0,9.0,7,,2026-02-23T22:25:25.407444Z,1136777,6.213,#C C picks the other bottle in sink,Logistics step involving picking up an object.,r001,Cleaning,silver,Gold,,521.0095086,2026-02-23T22:25:25.407460Z,c431062e-857c-4e9f-ad5c-94f925acc822
Essential Operation,5694.0,9.0,7,,2026-02-23T22:25:33.988909Z,1136778,6.649,#C C rinses strainer in sink,Core task involving high hand activity.,r001,Cleaning,silver,Gold,,555.9160786,2026-02-23T22:25:33.988936Z,c431062e-857c-4e9f-ad5c-94f925acc822
Essential Operation,5695.0,9.0,7,,2026-02-23T22:25:42.226449Z,1136779,6.479,#C C washes lid with sponge,Core manual task involving high hand activity.,r001,Cleaning,silver,Gold,,577.4985986,2026-02-23T22:25:42.226482Z,c431062e-857c-4e9f-ad5c-94f925acc822
Essential Operation,5696.0,9.0,7,,2026-02-23T22:25:48.880616Z,1136780,5.054,#C C washes hand in sink,Core manual task involving high hand activity.,r001,Cleaning,silver,Gold,,639.1502786,2026-02-23T22:25:48.880634Z,c431062e-857c-4e9f-ad5c-94f925acc822
Object Transfer,5697.0,9.0,7,,2026-02-23T22:25:56.155410Z,1136781,5.788,#C C shifts lid to left hand,Logistics step involving moving an object from one hand to another.,r001,Cleaning,silver,Gold,,650.8148186,2026-02-23T22:25:56.155425Z,c431062e-857c-4e9f-ad5c-94f925acc822
Object Transfer,5698.0,9.0,7,,2026-02-23T22:26:02.509857Z,1136782,4.719,#C C picks washing sponge on countertop,Logistics step involving picking up an object.,r001,Cleaning,silver,Gold,,702.1675786,2026-02-23T22:26:02.509884Z,c431062e-857c-4e9f-ad5c-94f925acc822
Object Transfer,5699.0,9.0,7,,2026-02-23T22:26:08.072283Z,1136783,3.855,#C C takes skillet in sink,Logistics step involving picking up an object.,r001,Cleaning,silver,Gold,,783.9449856000001,2026-02-23T22:26:08.072300Z,c431062e-857c-4e9f-ad5c-94f925acc822
Stationary,5700.0,9.0,7,,2026-02-23T22:26:17.646243Z,1136784,8.038,#C C holds washing sponge on sink countertop,"Low body/hand motion, holding position.",r001,Cleaning,silver,Gold,,792.4329256000001,2026-02-23T22:26:17.646258Z,c431062e-857c-4e9f-ad5c-94f925acc822
Object Transfer,5701.0,9.0,7,,2026-02-23T22:26:28.165778Z,1136785,9.174,#C C drops bottle in paper bin,"[CtxFixed] The action of dropping the bottle into the paper bin is a deliberate placement, which fits the definition of an Object Transfer.",r001,Cleaning,silver,Gold,,827.7023286000001,2026-02-23T22:26:28.165793Z,c431062e-857c-4e9f-ad5c-94f925acc822
Locomotion,5702.0,9.0,7,,2026-02-23T22:26:34.888937Z,1136786,4.982,#C C walks back to sink,Body moving through space (walking).,r001,Cleaning,silver,Gold,,830.9812386000001,2026-02-23T22:26:34.888952Z,c431062e-857c-4e9f-ad5c-94f925acc822
Object Transfer,5680.0,9.0,7,,2026-02-23T22:23:18.146334Z,1136787,7.762,#C C positions paper inside bin,"Logistics step, placing an object in a specific location.",r001,Cleaning,silver,Gold,,858.6765886000001,2026-02-23T22:23:18.146359Z,c431062e-857c-4e9f-ad5c-94f925acc822
Essential Operation,5681.0,9.0,7,,2026-02-23T22:23:27.453481Z,1136788,7.375,#C C shakes hand in sink,Core task involving high hand activity.,r001,Cleaning,silver,Gold,,877.2963386000001,2026-02-23T22:23:27.453500Z,c431062e-857c-4e9f-ad5c-94f925acc822
Essential Operation,5703.0,9.0,7,Object Transfer,2026-02-23T22:26:54.066546Z,1136789,14.07,#C C turns on sink water,"Core task involving manual operation to turn on water, high hand activity.",r001,Cleaning,silver,Bad,,880.0489986,2026-02-23T22:26:54.066570Z,c431062e-857c-4e9f-ad5c-94f925acc822
Object Transfer,5704.0,9.0,7,,2026-02-23T22:27:04.136397Z,1136790,8.336,#C C returns skillet to countertop,Logistics step of placing an object down.,r001,Cleaning,silver,Gold,,894.2146686000001,2026-02-23T22:27:04.136413Z,c431062e-857c-4e9f-ad5c-94f925acc822
Object Transfer,5705.0,9.0,7,,2026-02-23T22:27:10.664975Z,1136791,4.597,#C C puts a pillow on the chair,Action involves placing an object (pillow) onto another object (chair).,r001,Mechanical Repair,silver,Gold,,15.5234886,2026-02-23T22:27:10.664992Z,c6a3921a-1cf8-4d8e-94be-7c1b94641c65
Locomotion,5706.0,9.0,7,,2026-02-23T22:27:32.110326Z,1136792,19.639,#C C lifts the bed cover,"Body movement, likely involves lifting which implies high body acceleration.",r001,Mechanical Repair,silver,Gold,,68.1720286,2026-02-23T22:27:32.110350Z,c6a3921a-1cf8-4d8e-94be-7c1b94641c65
Stationary,5707.0,9.0,7,Essential Operation,2026-02-23T22:27:45.725560Z,1136793,11.896,#C C stretches the bed cover,"The action of stretching a bed cover does not involve continuous movement or high acceleration, but rather a static positioning and adjustment.",r001,Mechanical Repair,silver,Bad,,72.5318486,2026-02-23T22:27:45.725584Z,c6a3921a-1cf8-4d8e-94be-7c1b94641c65
Stationary,5708.0,9.0,7,Essential Operation,2026-02-23T22:27:58.088962Z,1136794,10.869,#C C covers the mattress,Covering an object typically involves minimal movement and is not characterized by high acceleration or rotation.,r001,Mechanical Repair,silver,Bad,,84.4758686,2026-02-23T22:27:58.088975Z,c6a3921a-1cf8-4d8e-94be-7c1b94641c65
Object Transfer,5709.0,9.0,7,,2026-02-23T22:28:08.373449Z,1136795,8.716,#C C moves the pillow cover to the left hand,Logistics step involving moving an object from one hand to another.,r001,Mechanical Repair,silver,Gold,,154.9831286,2026-02-23T22:28:08.373482Z,c6a3921a-1cf8-4d8e-94be-7c1b94641c65
Object Transfer,5710.0,9.0,7,,2026-02-23T22:28:18.156944Z,1136796,8.512,#C C puts the pillows in the pillow cover,Logistics step involving placing objects into covers.,r001,Mechanical Repair,silver,Gold,,174.61222859999998,2026-02-23T22:28:18.156958Z,c6a3921a-1cf8-4d8e-94be-7c1b94641c65
Object Transfer,5711.0,9.0,7,,2026-02-23T22:28:27.587409Z,1136797,5.378,#C C puts the pillows on the bed,Logistics step involving placing objects.,r001,Mechanical Repair,silver,Gold,,202.0279286,2026-02-23T22:28:27.587444Z,c6a3921a-1cf8-4d8e-94be-7c1b94641c65
Stationary,5714.0,9.0,7,Essential Operation,2026-02-23T22:29:27.152366Z,1136798,11.487,#C C stretches the duvet cover,"The action of stretching a duvet cover does not correspond to the high energy movements associated with locomotion, essential operations, object transfer, search, or errors/corrections. It involves a more relaxed, stationary activity.",r001,Mechanical Repair,silver,Bad,,354.47098249648445,2026-02-23T22:29:27.152381Z,c6a3921a-1cf8-4d8e-94be-7c1b94641c65
Locomotion,5715.0,9.0,7,,2026-02-23T22:29:35.812356Z,1136799,6.921,#C C lifts the duvet,"Body moving through space (lifting), high body acceleration.",r001,Mechanical Repair,silver,Gold,,412.6504024964844,2026-02-23T22:29:35.812381Z,c6a3921a-1cf8-4d8e-94be-7c1b94641c65
Locomotion,5716.0,9.0,7,,2026-02-23T22:29:42.455628Z,1136800,4.856,#C C walks beside the bed,Body moving through space (walking).,r001,Mechanical Repair,silver,Gold,,415.2156124964844,2026-02-23T22:29:42.455663Z,c6a3921a-1cf8-4d8e-94be-7c1b94641c65
Object Transfer,5717.0,9.0,7,,2026-02-23T22:30:29.523295Z,1136801,45.703,#C C lowers the duvet,"The action involves lowering an object, which is a logistics step.",r001,Mechanical Repair,silver,Gold,,419.1159624964844,2026-02-23T22:30:29.523309Z,c6a3921a-1cf8-4d8e-94be-7c1b94641c65
Object Transfer,5718.0,9.0,7,,2026-02-23T22:30:38.747733Z,1136802,7.526,#C C places the pliers on the wall,Logistics action of placing an object.,r001,Carpentry,silver,Gold,,17.80205,2026-02-23T22:30:38.747767Z,c6f952ea-b060-42a7-8441-3cde54e9c1d1
Stationary,5719.0,9.0,7,Essential Operation,2026-02-23T22:30:55.699812Z,1136803,30.005000000000003,#C C pulls on the tape,Pulling on a tape measure typically involves minimal body movement and is a static action.,r001,Carpentry,silver,Gold,,43.29523,2026-02-23T22:31:23.237793Z,c6f952ea-b060-42a7-8441-3cde54e9c1d1
Essential Operation,5720.0,9.0,7,,2026-02-23T22:31:06.122395Z,1136804,8.846,#C C sticks the strip lights on the wall,Core task involving manual dexterity and precision.,r001,Carpentry,silver,Gold,,79.24,2026-02-23T22:31:06.122409Z,c6f952ea-b060-42a7-8441-3cde54e9c1d1
Stationary,5721.0,9.0,7,Essential Operation,2026-02-23T22:31:53.468756Z,1136805,12.098,#C C sticks the strip lights on the wall,"The action involves a stationary activity such as applying adhesive or positioning objects on a wall, which typically does not involve significant body or hand movement.",r001,Carpentry,silver,Bad,,126.844,2026-02-23T22:31:53.468778Z,c6f952ea-b060-42a7-8441-3cde54e9c1d1
Object Transfer,5722.0,9.0,7,,2026-02-23T22:32:01.026755Z,1136806,6.111,#C C places one of the pliers on the wall,Logistics step of placing an object.,r001,Carpentry,silver,Gold,,222.299,2026-02-23T22:32:01.026788Z,c6f952ea-b060-42a7-8441-3cde54e9c1d1
Search,5723.0,9.0,7,,2026-02-23T22:32:21.171022Z,1136807,9.809,#C C compares the wall and the strip lights,"Visual inspection and comparison, likely involves head movement and minimal hand activity.",r001,Carpentry,silver,Gold,,226.99922,2026-02-23T22:32:21.171055Z,c6f952ea-b060-42a7-8441-3cde54e9c1d1
Locomotion,5724.0,9.0,7,,2026-02-23T22:32:31.471192Z,1136808,5.327,#C C walks towards the gate,Body moving through space (walking).,r001,Carpentry,silver,Gold,,285.57435,2026-02-23T22:32:31.471229Z,c6f952ea-b060-42a7-8441-3cde54e9c1d1
Essential Operation,5725.0,9.0,7,,2026-02-23T22:32:38.802054Z,1136809,5.726,#C C fixes the emitter with the soldering iron,Core manual task involving high hand activity.,r001,Carpentry,silver,Gold,,346.33304,2026-02-23T22:32:38.802086Z,c6f952ea-b060-42a7-8441-3cde54e9c1d1
Stationary,5726.0,9.0,7,Essential Operation,2026-02-23T22:33:07.362932Z,1136810,27.113,#C C removes the wire from the emitter,Removing a wire is a precise action that likely involves minimal movement.,r001,Carpentry,silver,Bad,,347.59154,2026-02-23T22:33:07.362947Z,c6f952ea-b060-42a7-8441-3cde54e9c1d1
Stationary,5727.0,9.0,7,Search,2026-02-23T22:33:17.937116Z,1136811,8.673,#C C stares at the wall,"Low body/hand motion, visual focus without movement.",r001,Carpentry,silver,Bad,,375.51001,2026-02-23T22:33:17.937151Z,c6f952ea-b060-42a7-8441-3cde54e9c1d1
Locomotion,5728.0,9.0,7,,2026-02-23T22:33:24.905780Z,1136812,5.353,#C C drags the rack,"Body movement through space, likely involves dragging which is a form of locomotion with the rack.",r001,Cleaning,silver,Gold,,340.90043526666665,2026-02-23T22:33:24.905812Z,c7344db5-fc90-42b9-9dad-346dd3c5e4f0
Essential Operation,5729.0,9.0,7,,2026-02-23T22:33:32.115375Z,1136813,5.927,#C C cleans the lid,Core manual task involving high hand activity.,r001,Cleaning,silver,Gold,,364.55253526666667,2026-02-23T22:33:32.115398Z,c7344db5-fc90-42b9-9dad-346dd3c5e4f0
Essential Operation,5730.0,9.0,7,,2026-02-23T22:33:38.453865Z,1136814,4.931,#C C cleans the cooking spoon,"Core task involving manual cleaning activity, high hand acceleration.",r001,Cleaning,silver,Gold,,375.0772452666667,2026-02-23T22:33:38.453898Z,c7344db5-fc90-42b9-9dad-346dd3c5e4f0
Object Transfer,5731.0,9.0,7,,2026-02-23T22:33:44.984347Z,1136815,4.95,#C C places the trash in the bin,Logistics step involving picking up and placing an object.,r001,Cleaning,silver,Gold,,495.35092526666665,2026-02-23T22:33:44.984379Z,c7344db5-fc90-42b9-9dad-346dd3c5e4f0
Essential Operation,5732.0,9.0,7,,2026-02-23T22:33:51.682917Z,1136816,5.236,#C C cleans the cooking pot,Core task involving high hand activity.,r001,Cleaning,silver,Gold,,503.5002952666667,2026-02-23T22:33:51.682941Z,c7344db5-fc90-42b9-9dad-346dd3c5e4f0
Essential Operation,5733.0,9.0,7,,2026-02-23T22:33:57.857191Z,1136817,4.839,#C C pours the water from the cooking pot,"Core task involving manual pouring action, high hand activity.",r001,Cleaning,silver,Gold,,551.3858652666667,2026-02-23T22:33:57.857221Z,c7344db5-fc90-42b9-9dad-346dd3c5e4f0
Essential Operation,5734.0,9.0,7,,2026-02-23T22:34:03.726219Z,1136818,4.095,#C C scrubs the cooking pot,Core manual task involving high hand activity.,r001,Cleaning,silver,Gold,,555.9429352666667,2026-02-23T22:34:03.726253Z,c7344db5-fc90-42b9-9dad-346dd3c5e4f0
Object Transfer,5712.0,9.0,7,,2026-02-23T22:28:35.197853Z,1136819,5.07,#C C puts down electric jug,Logistics step involving placing an object.,r001,Cleaning,silver,Gold,,588.2488952666668,2026-02-23T22:28:35.197875Z,c7344db5-fc90-42b9-9dad-346dd3c5e4f0
Object Transfer,5713.0,9.0,7,,2026-02-23T22:28:40.533317Z,1136820,3.904,#C C takes glass,Logistics/Setup step involving picking up or moving an object.,r001,Cleaning,silver,Gold,,648.0060152666667,2026-02-23T22:28:40.533350Z,c7344db5-fc90-42b9-9dad-346dd3c5e4f0
Object Transfer,5735.0,9.0,7,,2026-02-23T22:34:30.678039Z,1136821,5.12,#C C puts bowl in the drawer,Logistics step involving moving an object.,r001,Cleaning,silver,Gold,,794.0318652666667,2026-02-23T22:34:30.678062Z,c7344db5-fc90-42b9-9dad-346dd3c5e4f0
Essential Operation,5736.0,9.0,7,,2026-02-23T22:34:36.519723Z,1136822,4.21,#C C wipes the table with a washing sponge,Core task involving high hand activity.,r001,Cleaning,silver,Gold,,988.7746752666668,2026-02-23T22:34:36.519755Z,c7344db5-fc90-42b9-9dad-346dd3c5e4f0
Object Transfer,5737.0,9.0,7,,2026-02-23T22:34:47.239680Z,1136823,8.72,#C C picks a lid from kitchen counter wit right hand,Logistics step involving picking up an object.,r001,Cleaning,silver,Gold,,1119.5776719333332,2026-02-23T22:34:47.239694Z,c7344db5-fc90-42b9-9dad-346dd3c5e4f0
Locomotion,5738.0,9.0,7,,2026-02-23T22:34:53.588214Z,1136824,4.938,#C C walks around the kitchen room,"Body moving through space, indicative of walking.",r001,Cleaning,silver,Gold,,1193.6023519333332,2026-02-23T22:34:53.588245Z,c7344db5-fc90-42b9-9dad-346dd3c5e4f0
Object Transfer,5739.0,9.0,7,,2026-02-23T22:34:59.870781Z,1136825,5.003,#C C exchanges scrub sponge to his left hand,Logistics of picking up and moving the scrub sponge to the other hand.,r001,Cleaning,silver,Gold,,1200.0107119333334,2026-02-23T22:34:59.870798Z,c7344db5-fc90-42b9-9dad-346dd3c5e4f0
Essential Operation,5740.0,9.0,7,,2026-02-23T22:35:08.731973Z,1136826,7.377,#C C rinses scrub sponge on the sink with left hand,Core manual task involving high hand activity.,r001,Cleaning,silver,Gold,,1256.1605419333332,2026-02-23T22:35:08.731996Z,c7344db5-fc90-42b9-9dad-346dd3c5e4f0
Object Transfer,5741.0,9.0,7,,2026-02-23T22:35:21.889464Z,1136827,11.821,#C C places scrub sponge on sink surface,"Logistics step, placing an object.",r001,Cleaning,silver,Gold,,1257.2741719333333,2026-02-23T22:35:21.889498Z,c7344db5-fc90-42b9-9dad-346dd3c5e4f0
Essential Operation,5742.0,9.0,7,,2026-02-23T22:35:31.849698Z,1136828,8.461,#C C unrolls tissue paper with left hand,Core task involving manual dexterity and fine motor skills.,r001,Cleaning,silver,Gold,,1262.9295719333334,2026-02-23T22:35:31.849721Z,c7344db5-fc90-42b9-9dad-346dd3c5e4f0
Stationary,5743.0,9.0,7,Essential Operation,2026-02-23T22:35:44.610628Z,1136829,11.364,#C C folds tissue paper on his left hands,"Low body/hand motion, focused activity.",r001,Cleaning,silver,Bad,,1265.2883519333334,2026-02-23T22:35:44.610661Z,c7344db5-fc90-42b9-9dad-346dd3c5e4f0
Essential Operation,5744.0,9.0,7,,2026-02-23T22:35:51.173822Z,1136830,5.221,#C C cuts tissue paper with left hand,Core task involving manual operation with high hand activity.,r001,Cleaning,silver,Gold,,1287.7108119333334,2026-02-23T22:35:51.173836Z,c7344db5-fc90-42b9-9dad-346dd3c5e4f0
Locomotion,5745.0,9.0,7,,2026-02-23T22:36:18.537592Z,1136831,24.889,#C C moves nylon paper dust on floor,Movement through space while performing a cleaning task.,r001,Cleaning,silver,Gold,,1340.3325519333332,2026-02-23T22:36:18.537624Z,c7344db5-fc90-42b9-9dad-346dd3c5e4f0
Object Transfer,5746.0,9.0,7,,2026-02-23T22:36:24.378443Z,1136832,4.3,#C C picks dust pan with right hand,Logistics action of picking up an object.,r001,Cleaning,silver,Gold,,1342.2402919333333,2026-02-23T22:36:24.378477Z,c7344db5-fc90-42b9-9dad-346dd3c5e4f0
Locomotion,5747.0,9.0,7,,2026-02-23T22:36:30.725438Z,1136833,5.011,#C C sweeps kitchen floor with broom,Body moving through space while performing a sweeping action.,r001,Cleaning,silver,Gold,,1343.3889519333334,2026-02-23T22:36:30.725451Z,c7344db5-fc90-42b9-9dad-346dd3c5e4f0
Locomotion,5748.0,9.0,7,Object Transfer,2026-02-23T22:36:55.778078Z,1136834,22.724,#C C moves the paper towel on the table,Body moving through space to move the paper towel.,r001,Cleaning,silver,Bad,,1510.4346619333332,2026-02-23T22:36:55.778110Z,c7344db5-fc90-42b9-9dad-346dd3c5e4f0
Search,5749.0,9.0,7,,2026-02-23T22:37:07.078591Z,1136835,6.562,#C C looks at his watch,"Head movement (looking), hands mostly still.",r001,Cleaning,silver,Gold,,1534.8308619333334,2026-02-23T22:37:07.078604Z,c7344db5-fc90-42b9-9dad-346dd3c5e4f0
Object Transfer,5750.0,9.0,7,,2026-02-23T22:37:14.342858Z,1136836,5.526,#C C disposes trash,Logistics step involving picking up and disposing of trash.,r001,Cleaning,silver,Gold,,1645.8421386,2026-02-23T22:37:14.342890Z,c7344db5-fc90-42b9-9dad-346dd3c5e4f0
Object Transfer,5751.0,9.0,7,,2026-02-23T22:37:20.953131Z,1136837,4.71,#C C drops paper bag,"[CtxFixed] The action of dropping the paper bag can be interpreted as a deliberate placement of the object onto a surface, which fits the criteria for 'Object Transfer'.",r001,Cleaning,silver,Gold,,1679.3588386,2026-02-23T22:37:20.953164Z,c7344db5-fc90-42b9-9dad-346dd3c5e4f0
Locomotion,5752.0,9.0,7,,2026-02-23T22:38:33.527477Z,1136838,71.172,#C C hangs rapture shower,"Body moving through space to hang an object, likely involves walking or reaching.",r001,Cleaning,silver,Gold,,1824.4631386,2026-02-23T22:38:33.527499Z,c7344db5-fc90-42b9-9dad-346dd3c5e4f0
Object Transfer,5753.0,9.0,7,,2026-02-23T22:38:45.337963Z,1136839,10.328,#C C places toilet hand bidet on hanger with left hand,Logistics step involving placing an object.,r001,Cleaning,silver,Gold,,2012.8960486,2026-02-23T22:38:45.337983Z,c7344db5-fc90-42b9-9dad-346dd3c5e4f0
Object Transfer,5754.0,9.0,7,,2026-02-23T22:38:56.096045Z,1136840,9.267,#C C hangs scouring cloth on door handle with right hand,Logistics action involving the placement of an object.,r001,Cleaning,silver,Gold,,2022.3240686,2026-02-23T22:38:56.096069Z,c7344db5-fc90-42b9-9dad-346dd3c5e4f0
Object Transfer,5755.0,9.0,7,,2026-02-23T22:39:08.139131Z,1136841,10.689,#C C sticks the peg on the hanging line,Logistics step involving picking up and placing an object.,r001,Cleaning,silver,Gold,,33.442838599999995,2026-02-23T22:39:08.139154Z,c80acd5c-5989-4d6b-82a3-8140b5da0d6c
Object Transfer,5756.0,9.0,7,,2026-02-23T22:39:14.682224Z,1136842,4.432,#C C picks up a peg,Logistics step involving picking up an object.,r001,Cleaning,silver,Gold,,59.0679086,2026-02-23T22:39:14.682238Z,c80acd5c-5989-4d6b-82a3-8140b5da0d6c
Locomotion,5757.0,9.0,7,,2026-02-23T22:39:28.860369Z,1136843,10.274,#C C hangs the bedsheet on the potable hanging line,Body moving through space to hang the bedsheet.,r001,Cleaning,silver,Gold,,279.1021986,2026-02-23T22:39:28.860383Z,c80acd5c-5989-4d6b-82a3-8140b5da0d6c
Object Transfer,5758.0,9.0,7,,2026-02-23T22:39:35.377321Z,1136844,4.933,#C C lifts the bedsheet,"The action involves picking up an object (bedsheet), which is a logistics step.",r001,Cleaning,silver,Gold,,316.93928982070315,2026-02-23T22:39:35.377354Z,c80acd5c-5989-4d6b-82a3-8140b5da0d6c
Object Transfer,5759.0,9.0,7,,2026-02-23T22:39:41.958130Z,1136845,5.022,#C C removes clothes from the basket,Logistics/Setup step involving picking up and removing objects.,r001,Cleaning,silver,Gold,,407.5774298207032,2026-02-23T22:39:41.958163Z,c80acd5c-5989-4d6b-82a3-8140b5da0d6c
Object Transfer,5760.0,9.0,7,,2026-02-23T22:39:52.546506Z,1136846,6.047,#C C picks clothes from the chair,"Logistics step, picking up an object.",r001,Cleaning,silver,Gold,,438.8766098207032,2026-02-23T22:39:52.546526Z,c80acd5c-5989-4d6b-82a3-8140b5da0d6c
Object Transfer,5761.0,9.0,7,,2026-02-23T22:41:52.929263Z,1136847,13.701,#C C puts the clothes basket on the floor,Logistics step involving moving an object (clothes basket).,r001,Cleaning,silver,Gold,,445.5076798207032,2026-02-23T22:41:52.929285Z,c80acd5c-5989-4d6b-82a3-8140b5da0d6c
Stationary,5762.0,9.0,7,Search,2026-02-23T22:42:05.244087Z,1136848,10.956,#C C Stares at the roof,"Low body/hand motion, focused gaze.",r001,Desk Work,silver,Bad,,111.39741,2026-02-23T22:42:05.244120Z,c87e11bc-9038-4fd2-9ec1-f86998634e2e
Stationary,5763.0,9.0,7,,2026-02-23T22:42:14.098927Z,1136849,7.007,#C C Points a finger,Pointing involves minimal body movement and is generally a stationary action.,r001,Desk Work,silver,Gold,,349.83224,2026-02-23T22:42:14.098951Z,c87e11bc-9038-4fd2-9ec1-f86998634e2e
Stationary,5764.0,9.0,7,,2026-02-23T22:42:20.924988Z,1136850,4.684,#C C Clicks a laptop,"Low body/hand motion, mostly finger movement which does not register in IMU.",r001,Desk Work,silver,Gold,,1505.1025366666668,2026-02-23T22:42:20.925022Z,c87e11bc-9038-4fd2-9ec1-f86998634e2e
Stationary,5765.0,9.0,7,,2026-02-23T22:42:27.121607Z,1136851,4.575,#C C Plays chess on a laptop,"Low body/hand motion, focused activity on a stationary object.",r001,Desk Work,silver,Gold,,1534.9893866666666,2026-02-23T22:42:27.121640Z,c87e11bc-9038-4fd2-9ec1-f86998634e2e
Object Transfer,5766.0,9.0,7,,2026-02-23T22:43:00.523861Z,1136852,31.914,#C C drops a cord on a couch with his left hand.,"[CtxFixed] The action of dropping a cord onto a couch is a deliberate placement of the object onto a surface, which fits the definition of 'Object Transfer'.",r001,Cooking,silver,Gold,,22.6128786,2026-02-23T22:43:00.523876Z,c8f8ebf1-5613-4f4a-802c-ada5e4c4b651
Object Transfer,5767.0,9.0,7,,2026-02-23T22:43:14.527369Z,1136853,12.484,#C C drops the camera on a chair with his right hand.,"[CtxFixed] The action of dropping the camera onto a chair is a deliberate placement, which fits the definition of 'Object Transfer'.",r001,Cooking,silver,Gold,,33.0605386,2026-02-23T22:43:14.527383Z,c8f8ebf1-5613-4f4a-802c-ada5e4c4b651
Object Transfer,5768.0,9.0,7,,2026-02-23T22:43:26.706035Z,1136854,10.375,#C C picks another piece of meat with his left hand.,Logistics action involving picking up an object.,r001,Cooking,silver,Gold,,178.5470586,2026-02-23T22:43:26.706068Z,c8f8ebf1-5613-4f4a-802c-ada5e4c4b651
Essential Operation,5769.0,9.0,7,,2026-02-23T22:44:43.176521Z,1136855,56.769,#C C cuts the piece of meat with the knife in his right hand.,Core task involving high hand activity.,r001,Cooking,silver,Gold,,325.0356886,2026-02-23T22:44:43.176535Z,c8f8ebf1-5613-4f4a-802c-ada5e4c4b651
Essential Operation,5770.0,9.0,7,,2026-02-23T22:44:53.580022Z,1136856,8.9,#C C cuts the pieces of meat together with the knife in his right hand.,Core task involving high hand activity.,r001,Cooking,silver,Gold,,332.2991486,2026-02-23T22:44:53.580046Z,c8f8ebf1-5613-4f4a-802c-ada5e4c4b651
Stationary,5771.0,9.0,7,Essential Operation,2026-02-23T22:45:15.093846Z,1136857,17.901,#C C arranges the pieces of meat together with his left hand.,"Low body/hand motion, arranging items.",r001,Cooking,silver,Bad,,339.82228860000004,2026-02-23T22:45:15.093861Z,c8f8ebf1-5613-4f4a-802c-ada5e4c4b651
Essential Operation,5772.0,9.0,7,,2026-02-23T22:45:38.759237Z,1136858,16.697,#C C operates a phone on a tissue roll with his right hand.,Core manual task involving precise hand movements.,r001,Cooking,silver,Gold,,423.9118086,2026-02-23T22:45:38.759252Z,c8f8ebf1-5613-4f4a-802c-ada5e4c4b651
Essential Operation,5773.0,9.0,7,,2026-02-23T22:45:47.204979Z,1136859,6.995,#C C inserts the blade into the base with his right hand.,Core task involving precise hand movements.,r001,Cooking,silver,Gold,,454.7067886,2026-02-23T22:45:47.205011Z,c8f8ebf1-5613-4f4a-802c-ada5e4c4b651
Object Transfer,5774.0,9.0,7,Essential Operation,2026-02-23T22:46:15.592160Z,1136860,23.118,#C C puts the phone on a cloth with his right hand.,Logistics step involving placing an object.,r001,Cooking,silver,Bad,,493.8346886000001,2026-02-23T22:46:15.592173Z,c8f8ebf1-5613-4f4a-802c-ada5e4c4b651
Object Transfer,5775.0,9.0,7,,2026-02-23T22:46:33.624315Z,1136861,16.319,#C C closes the keg of oil with his right hand.,"Closing an object, a logistics step involving short bursts of hand activity.",r001,Cooking,silver,Gold,,530.4878886,2026-02-23T22:46:33.624354Z,c8f8ebf1-5613-4f4a-802c-ada5e4c4b651
Stationary,5776.0,9.0,7,,2026-02-23T22:46:44.662746Z,1136862,9.358,#C C scrolls the laptop mouse,"Low body/hand motion, focused on visual interaction.",r001,Desk Work,silver,Gold,,216.5391196,2026-02-23T22:46:44.662787Z,c9dcb3bf-0dfe-4b07-8bca-0582ac7a81c0
Object Transfer,5777.0,9.0,7,,2026-02-23T22:46:50.905869Z,1136863,4.668,#C C picks up the screw driver,Logistics step of picking up an object.,r001,Carpentry,silver,Gold,,60.3470286,2026-02-23T22:46:50.905902Z,cd4a46ba-548f-41bc-910b-4b0bc7fe5d9f
Object Transfer,5778.0,9.0,7,Essential Operation,2026-02-23T22:47:20.159363Z,1136864,27.786,#C C unfolds the measuring tape,Action involves picking up and unfolding an object.,r001,Carpentry,silver,Bad,,94.6130286,2026-02-23T22:47:20.159407Z,cd4a46ba-548f-41bc-910b-4b0bc7fe5d9f
Essential Operation,5779.0,9.0,7,,2026-02-23T22:47:37.147827Z,1136865,12.403,#C C makes a marking on the wall,Core task involving precise hand movements.,r001,Carpentry,silver,Gold,,103.8710286,2026-02-23T22:47:37.147846Z,cd4a46ba-548f-41bc-910b-4b0bc7fe5d9f
Essential Operation,5780.0,9.0,7,,2026-02-23T22:47:44.894970Z,1136866,6.146,#C C wipes the socket box with the hand,Core manual task involving high hand activity.,r001,Carpentry,silver,Gold,,231.5200286,2026-02-23T22:47:44.895005Z,cd4a46ba-548f-41bc-910b-4b0bc7fe5d9f
Object Transfer,5781.0,9.0,7,,2026-02-23T22:47:58.280508Z,1136867,10.614,#C C puts the spirit level between the legs,Logistics step involving placing an object.,r001,Carpentry,silver,Gold,,330.1080286,2026-02-23T22:47:58.280531Z,cd4a46ba-548f-41bc-910b-4b0bc7fe5d9f
Locomotion,5782.0,9.0,7,,2026-02-23T22:48:07.376395Z,1136868,5.081,#C C walks out of the room,"Movement through space, indicative of walking.",r001,Carpentry,silver,Gold,,416.7940286000001,2026-02-23T22:48:07.376430Z,cd4a46ba-548f-41bc-910b-4b0bc7fe5d9f
Search,5783.0,9.0,7,,2026-02-23T22:48:13.753642Z,1136869,4.778,#CC stares at the phone,"Head movement (visual focus), hands mostly still.",r001,Carpentry,silver,Gold,,476.1920286,2026-02-23T22:48:13.753675Z,cd4a46ba-548f-41bc-910b-4b0bc7fe5d9f
Essential Operation,5784.0,9.0,7,,2026-02-23T22:48:20.161977Z,1136870,4.955,#C C fixes the drill bit on the nail gun,Core manual task involving high hand activity.,r001,Carpentry,silver,Gold,,629.23663762133,2026-02-23T22:48:20.162011Z,cd4a46ba-548f-41bc-910b-4b0bc7fe5d9f
Object Transfer,5785.0,9.0,7,,2026-02-23T22:48:25.651692Z,1136871,3.985,#C C picks the nut from the box,Logistics step involving picking an object.,r001,Carpentry,silver,Gold,,842.1886376213301,2026-02-23T22:48:25.651725Z,cd4a46ba-548f-41bc-910b-4b0bc7fe5d9f
Essential Operation,5786.0,9.0,7,,2026-02-23T22:48:31.172958Z,1136872,3.982,#C C fixes the nut on the drill bit,Core manual task involving high hand activity.,r001,Carpentry,silver,Gold,,876.54063762133,2026-02-23T22:48:31.172992Z,cd4a46ba-548f-41bc-910b-4b0bc7fe5d9f
Essential Operation,5787.0,9.0,7,,2026-02-23T22:48:46.356180Z,1136873,13.631,#C C drills the nut on the socket box,Core manual task involving high hand activity.,r001,Carpentry,silver,Gold,,878.3826376213301,2026-02-23T22:48:46.356195Z,cd4a46ba-548f-41bc-910b-4b0bc7fe5d9f
Stationary,5788.0,9.0,7,,2026-02-23T22:48:52.405384Z,1136874,4.486,#C C raises his legs up.,"Low body/hand motion, indicative of a relaxed, stationary position.",r001,Desk Work,silver,Gold,,19.319499600000004,2026-02-23T22:48:52.405418Z,cf90f24b-32de-452a-b154-03ca5e47099a
Stationary,5789.0,9.0,7,,2026-02-23T22:48:57.949457Z,1136875,4.073,#C C lowers his legs.,"Low body/hand motion, indicates a change to a stationary position.",r001,Desk Work,silver,Gold,,32.6119196,2026-02-23T22:48:57.949481Z,cf90f24b-32de-452a-b154-03ca5e47099a
Stationary,5790.0,9.0,7,,2026-02-23T22:49:02.997843Z,1136876,3.755,#C C pauses.,"Low body/hand motion, indicates a pause.",r001,Desk Work,silver,Gold,,112.9227896,2026-02-23T22:49:02.997876Z,cf90f24b-32de-452a-b154-03ca5e47099a
Stationary,5803.0,9.0,7,,2026-02-23T22:53:10.624577Z,1136877,6.752,#C C moves his legs to the left.,"Low body/hand motion, slight movement does not qualify as locomotion.",r001,Desk Work,silver,Gold,,161.1235596,2026-02-23T22:53:10.624610Z,cf90f24b-32de-452a-b154-03ca5e47099a
Essential Operation,5804.0,9.0,7,Stationary,2026-02-23T22:53:29.507836Z,1136878,15.87,#C C pinches his left leg with his right hand.,"[CtxFixed] The action of pinching one's leg is likely an essential operation, such as checking for injuries or applying pressure.",r001,Desk Work,silver,Bad,,275.7600696,2026-02-23T22:53:29.507850Z,cf90f24b-32de-452a-b154-03ca5e47099a
Stationary,5805.0,9.0,7,,2026-02-23T22:54:38.642243Z,1136879,7.64,#C C puts his hands on his legs,"Low body/hand motion, indicating a pause or rest.",r001,Desk Work,silver,Gold,,344.3202509546634,2026-02-23T22:54:38.642277Z,cf90f24b-32de-452a-b154-03ca5e47099a
Search,5806.0,9.0,7,,2026-02-23T22:54:53.065128Z,1136880,9.092,#C C looks toward a round table,"Head movement (visual search), hands mostly still.",r001,Desk Work,silver,Gold,,424.6495709546634,2026-02-23T22:54:53.065162Z,cf90f24b-32de-452a-b154-03ca5e47099a
Object Transfer,5807.0,9.0,7,,2026-02-23T22:55:03.734703Z,1136881,8.484,#C C Opens the door with left hand,Logistics action involving picking up and putting down an object (opening the door).,r001,Walking Outdoors,silver,Gold,,49.9059,2026-02-23T22:55:03.734727Z,cfac3358-8f12-4f02-9899-f130e449e2c6
Search,5808.0,9.0,7,Object Transfer,2026-02-23T22:55:55.485470Z,1136882,50.292,#C C Tilts the camera,"Head movement (tilting the camera), hands mostly still.",r001,Walking Outdoors,silver,Bad,,306.18383,2026-02-23T22:55:55.485484Z,cfac3358-8f12-4f02-9899-f130e449e2c6
Object Transfer,5809.0,9.0,7,,2026-02-23T22:56:04.534299Z,1136883,7.358,#C C Places the water bottle on the refilling station,Logistics step of placing an object.,r001,Walking Outdoors,silver,Gold,,376.9599,2026-02-23T22:56:04.534323Z,cfac3358-8f12-4f02-9899-f130e449e2c6
Essential Operation,5810.0,9.0,7,,2026-02-23T22:56:31.498720Z,1136884,25.065,#C C Fills the water bottle,"Core manual task (filling), high hand activity.",r001,Walking Outdoors,silver,Gold,,380.18586,2026-02-23T22:56:31.498744Z,cfac3358-8f12-4f02-9899-f130e449e2c6
Search,5811.0,9.0,7,,2026-02-23T22:56:39.070967Z,1136885,6.07,#C C Looks both sides of the road,"Head movement (visual search), hands mostly still.",r001,Walking Outdoors,silver,Gold,,506.09831,2026-02-23T22:56:39.070998Z,cfac3358-8f12-4f02-9899-f130e449e2c6
Search,5812.0,9.0,7,,2026-02-23T22:56:45.499582Z,1136886,4.926,#C C Looks side of the road,"Head movement (visual search), hands mostly still.",r001,Walking Outdoors,silver,Gold,,920.7250833333331,2026-02-23T22:56:45.499606Z,cfac3358-8f12-4f02-9899-f130e449e2c6
Object Transfer,5813.0,9.0,7,,2026-02-23T22:57:21.029082Z,1136887,34.185,#C C moves the hand in the fridge,Logistics step involving moving the hand to retrieve or place an object.,r001,Cooking,silver,Bad,Skip,29.4289686,2026-02-23T22:57:21.029117Z,d1d1b6da-e7f8-48e7-9ee4-d8382582695a
Object Transfer,5814.0,9.0,7,,2026-02-23T22:57:32.448292Z,1136888,7.306,#C C unpacks the carrot,"Logistics/Setup step, picking up and placing the carrot.",r001,Cooking,silver,Gold,,50.9297586,2026-02-23T22:57:32.448316Z,d1d1b6da-e7f8-48e7-9ee4-d8382582695a
Object Transfer,5815.0,9.0,7,,2026-02-23T22:57:39.648589Z,1136889,5.566,#C C puts the packet aside,"Logistics/Setup step, moving the packet to a different location.",r001,Cooking,silver,Gold,,52.2651186,2026-02-23T22:57:39.648603Z,d1d1b6da-e7f8-48e7-9ee4-d8382582695a
Stationary,5816.0,9.0,7,,2026-02-23T22:57:51.939270Z,1136890,10.67,#C C dries the hands on the towel,"Low energy activity, hands are moving but in a controlled manner without significant acceleration.",r001,Cooking,silver,Gold,,86.5718586,2026-02-23T22:57:51.939303Z,d1d1b6da-e7f8-48e7-9ee4-d8382582695a
Essential Operation,5817.0,9.0,7,Object Transfer,2026-02-23T22:58:46.370720Z,1136891,49.903,#C C moves the carrot,"Core task, high hand activity.",r001,Cooking,silver,Bad,,221.8475386,2026-02-23T22:58:46.370734Z,d1d1b6da-e7f8-48e7-9ee4-d8382582695a
Object Transfer,5818.0,9.0,7,,2026-02-23T22:58:54.095199Z,1136892,5.339,#C C opens the gas,"Opening an object, a logistics step.",r001,Cooking,silver,Gold,,234.8219686,2026-02-23T22:58:54.095232Z,d1d1b6da-e7f8-48e7-9ee4-d8382582695a
Essential Operation,5819.0,9.0,7,,2026-02-23T22:59:03.084250Z,1136893,7.567,#C C pours the carrot in the cooking pot,Core task involving high hand activity.,r001,Cooking,silver,Gold,,256.7162586,2026-02-23T22:59:03.084282Z,d1d1b6da-e7f8-48e7-9ee4-d8382582695a
Stationary,5820.0,9.0,7,,2026-02-23T22:59:11.243375Z,1136894,6.534,#C C reads from the phone,"Low body/hand motion, focused activity.",r001,Cooking,silver,Gold,,294.5537286458333,2026-02-23T22:59:11.243407Z,d1d1b6da-e7f8-48e7-9ee4-d8382582695a
Search,5821.0,9.0,7,,2026-02-23T22:59:18.383106Z,1136895,5.862,#C C searches inside the fridge,"Visual search inside the fridge, likely involves head movement.",r001,Cooking,silver,Gold,,309.17141864583334,2026-02-23T22:59:18.383140Z,d1d1b6da-e7f8-48e7-9ee4-d8382582695a
Object Transfer,5822.0,9.0,7,,2026-02-23T22:59:25.670642Z,1136896,4.639,#C C picks #unsure from the container,Logistics step of picking an item from a container.,r001,Cooking,silver,Gold,,392.1567286458333,2026-02-23T22:59:25.670664Z,d1d1b6da-e7f8-48e7-9ee4-d8382582695a
Search,5823.0,9.0,7,,2026-02-23T22:59:31.265447Z,1136897,4.2,#C C searches in the container,"Head movement (visual search), hands mostly still.",r001,Cooking,silver,Gold,,424.2561186458333,2026-02-23T22:59:31.265482Z,d1d1b6da-e7f8-48e7-9ee4-d8382582695a
Object Transfer,5791.0,9.0,7,,2026-02-23T22:49:09.043090Z,1136898,4.638,#C C puts #unsure in the container,"Logistics step, putting an item into a container.",r001,Cooking,silver,Gold,,447.0976886458333,2026-02-23T22:49:09.043104Z,d1d1b6da-e7f8-48e7-9ee4-d8382582695a
Stationary,5792.0,9.0,7,Essential Operation,2026-02-23T22:49:22.129874Z,1136899,8.663,#C C folds #unsure,"Low body/hand motion, likely involves fine motor skills with minimal acceleration.",r001,Cooking,silver,Bad,,450.0295186458333,2026-02-23T22:49:22.129897Z,d1d1b6da-e7f8-48e7-9ee4-d8382582695a
Object Transfer,5793.0,9.0,7,,2026-02-23T22:49:30.676991Z,1136900,6.833,#C C moves a cup in the cabinet,Logistics/moving an object within a space.,r001,Cooking,silver,Gold,,544.4709986458333,2026-02-23T22:49:30.677025Z,d1d1b6da-e7f8-48e7-9ee4-d8382582695a
Essential Operation,5794.0,9.0,7,,2026-02-23T22:49:37.764598Z,1136901,5.493,#C C clips a package with a peg.,Core task involving manual operation with hands.,r001,Cooking,silver,Gold,,618.594357613672,2026-02-23T22:49:37.764612Z,d1d1b6da-e7f8-48e7-9ee4-d8382582695a
Essential Operation,5795.0,9.0,7,,2026-02-23T22:49:44.770625Z,1136902,5.342,#C C stirs legumes with the hand.,Core task involving high hand activity.,r001,Cooking,silver,Gold,,779.092267613672,2026-02-23T22:49:44.770659Z,d1d1b6da-e7f8-48e7-9ee4-d8382582695a
Stationary,5796.0,9.0,7,,2026-02-23T22:49:51.301385Z,1136903,4.897,#C C moves the hand to the face,"Low body/hand motion, likely a minor gesture or touch.",r001,Cooking,silver,Gold,,822.6025210414064,2026-02-23T22:49:51.301418Z,d1d1b6da-e7f8-48e7-9ee4-d8382582695a
Essential Operation,5797.0,9.0,7,,2026-02-23T22:50:03.733504Z,1136904,42.02,#C C takes the jag of water,"Core task, high hand activity.",r001,Cooking,silver,,Skip,946.6307810414064,2026-02-23T22:50:44.852759Z,d1d1b6da-e7f8-48e7-9ee4-d8382582695a
Object Transfer,5798.0,9.0,7,,2026-02-23T22:50:12.696559Z,1136905,6.829,#C C takes the chopboard,Logistics/Setup step.,r001,Cooking,silver,Gold,,1046.7438910414062,2026-02-23T22:50:12.696592Z,d1d1b6da-e7f8-48e7-9ee4-d8382582695a
Essential Operation,5799.0,9.0,7,,2026-02-23T22:52:13.080017Z,1136906,85.372,#C C presses the pard,"Core task, high hand activity.",r001,Playing Instrument,silver,,Skip,61.2253986,2026-02-23T22:52:13.080031Z,d7cbf914-f1c9-4160-afd7-0e3c1d2a3d11
Search,5800.0,9.0,7,,2026-02-23T22:52:22.081376Z,1136907,7.361,#C C looks the TV,"Head movement (visual search), passive hands.",r001,Playing Instrument,silver,Gold,,76.5451286,2026-02-23T22:52:22.081399Z,d7cbf914-f1c9-4160-afd7-0e3c1d2a3d11
Stationary,5801.0,9.0,7,,2026-02-23T22:52:30.470599Z,1136908,6.804,#C C plays the video game,Playing a video game typically involves minimal body movement and can be considered a low-energy activity.,r001,Playing Instrument,silver,Gold,,131.7476686,2026-02-23T22:52:30.470630Z,d7cbf914-f1c9-4160-afd7-0e3c1d2a3d11
Stationary,5802.0,9.0,7,,2026-02-23T22:52:36.911021Z,1136909,5.106,#C C holds the pard,"Low body/hand motion, likely preparing to play.",r001,Playing Instrument,silver,Gold,,275.9620186,2026-02-23T22:52:36.911035Z,d7cbf914-f1c9-4160-afd7-0e3c1d2a3d11
Stationary,5824.0,9.0,7,Essential Operation,2026-02-23T22:59:47.240434Z,1136910,14.612,#C C gets screen on to start playing game,The action describes a setup step that involves minimal body or hand movement.,r001,Playing Instrument,silver,Bad,,942.5301916517578,2026-02-23T22:59:47.240449Z,d7cbf914-f1c9-4160-afd7-0e3c1d2a3d11
Object Transfer,5825.0,9.0,7,,2026-02-23T22:59:55.314748Z,1136911,6.388,#c c puts the bottle on the utensils rack,Logistics step involving moving an object from one location to another.,r001,Cleaning,silver,Gold,,35.3529286,2026-02-23T22:59:55.314781Z,dbd50964-e448-4129-8c00-1e1bc0d6e892
Object Transfer,5826.0,9.0,7,,2026-02-23T23:00:09.110160Z,1136912,12.305,#C C wears the glove on her right hand.,"The action involves picking up and putting on a glove, which is a logistics step.",r001,Cleaning,silver,,Skip,3.63886,2026-02-23T23:00:09.110184Z,e0c4d2c7-fd50-4c50-b40e-e1eda4a5708b
Object Transfer,5827.0,9.0,7,,2026-02-23T23:00:16.836010Z,1136913,6.098,#C C picks a cover from the tray with her right hand.,Logistics step involving picking up an object.,r001,Cleaning,silver,Gold,,32.49586,2026-02-23T23:00:16.836024Z,e0c4d2c7-fd50-4c50-b40e-e1eda4a5708b
Stationary,5828.0,9.0,7,Object Transfer,2026-02-23T23:00:36.385974Z,1136914,14.23,#C C positions the jar vertically with her left hand,The action involves stabilizing an object with minimal movement.,r001,Cleaning,silver,Bad,,179.07294,2026-02-23T23:00:36.385998Z,e0c4d2c7-fd50-4c50-b40e-e1eda4a5708b
Object Transfer,5829.0,9.0,7,,2026-02-23T23:00:44.322504Z,1136915,6.267,#C C picks a glass cup with her left hand,Logistics step involving picking up an object.,r001,Cleaning,silver,Gold,,180.90695,2026-02-23T23:00:44.322528Z,e0c4d2c7-fd50-4c50-b40e-e1eda4a5708b
Essential Operation,5830.0,9.0,7,,2026-02-23T23:00:50.996579Z,1136916,5.351,#C C rinses the glass cup,Core task involving hand activity for cleaning.,r001,Cleaning,silver,Gold,,184.31321,2026-02-23T23:00:50.996618Z,e0c4d2c7-fd50-4c50-b40e-e1eda4a5708b
Essential Operation,5831.0,9.0,7,,2026-02-23T23:01:00.230043Z,1136917,7.805,#C C washes the grater with both hands,Core task involving high hand activity.,r001,Cleaning,silver,Gold,,267.66691,2026-02-23T23:01:00.230076Z,e0c4d2c7-fd50-4c50-b40e-e1eda4a5708b
Essential Operation,5832.0,9.0,7,,2026-02-23T23:01:06.361252Z,1136918,4.554,#C C washes the jar,Core task involving manual activity with high hand acceleration.,r001,Cleaning,silver,Gold,,308.03742,2026-02-23T23:01:06.361266Z,e0c4d2c7-fd50-4c50-b40e-e1eda4a5708b
Object Transfer,5833.0,9.0,7,,2026-02-23T23:02:55.621135Z,1136919,42.076,#C C drops the cup on the plate rack.,Refined via regex fallback,r001,Cleaning,silver,Gold,,347.75244,2026-02-23T23:02:55.621151Z,e0c4d2c7-fd50-4c50-b40e-e1eda4a5708b
Object Transfer,5834.0,9.0,7,,2026-02-23T23:03:06.762324Z,1136920,9.299,#C C picks up a cup from the plate rack.,Logistics step involving picking up an object.,r001,Cleaning,silver,Gold,,348.39398,2026-02-23T23:03:06.762357Z,e0c4d2c7-fd50-4c50-b40e-e1eda4a5708b
Object Transfer,5835.0,9.0,7,,2026-02-23T23:03:16.565721Z,1136921,8.244,#C C adjusts a plate on the plate rack with her left hand,Logistics step involving the placement of an object.,r001,Cleaning,silver,Gold,,354.91469,2026-02-23T23:03:16.565746Z,e0c4d2c7-fd50-4c50-b40e-e1eda4a5708b
Essential Operation,5836.0,9.0,7,,2026-02-23T23:03:27.810473Z,1136922,9.479,#C C wipes the kitchen sink with the cloth in his right hand,"Core cleaning task, high hand activity.",r001,Cleaning,silver,Gold,,631.0838866666667,2026-02-23T23:03:27.810507Z,e0c4d2c7-fd50-4c50-b40e-e1eda4a5708b
Object Transfer,5837.0,9.0,7,,2026-02-23T23:03:36.218430Z,1136923,7.134,#C C passes the dirt to his left hand,Transfer of an object from one hand to another.,r001,Cleaning,silver,Gold,,644.6139066666667,2026-02-23T23:03:36.218449Z,e0c4d2c7-fd50-4c50-b40e-e1eda4a5708b
Object Transfer,5838.0,9.0,7,,2026-02-23T23:03:42.091453Z,1136924,4.303,#C C passes the cloth to the left hand,Passing an object from one hand to another involves logistics and short bursts of hand acceleration.,r001,Cleaning,silver,Gold,,689.4196166666667,2026-02-23T23:03:42.091486Z,e0c4d2c7-fd50-4c50-b40e-e1eda4a5708b
Essential Operation,5839.0,9.0,7,,2026-02-23T23:03:48.400211Z,1136925,5.024,#C C squeezes the cloth with his hands,Core manual task involving high hand activity.,r001,Cleaning,silver,Gold,,697.7218866666667,2026-02-23T23:03:48.400245Z,e0c4d2c7-fd50-4c50-b40e-e1eda4a5708b
Essential Operation,5840.0,9.0,7,,2026-02-23T23:03:54.427879Z,1136926,4.619,#C C rinses inside the kitchen sink,Core manual task involving hand activity with water.,r001,Cleaning,silver,Gold,,788.7779066666667,2026-02-23T23:03:54.427902Z,e0c4d2c7-fd50-4c50-b40e-e1eda4a5708b
Essential Operation,5841.0,9.0,7,,2026-02-23T23:04:02.165785Z,1136927,6.422,#C C pours water inside the kitchen sink with his left hand,Core task involving high hand activity.,r001,Cleaning,silver,Gold,,809.5703466666666,2026-02-23T23:04:02.165818Z,e0c4d2c7-fd50-4c50-b40e-e1eda4a5708b
Essential Operation,5842.0,9.0,7,,2026-02-23T23:04:11.339886Z,1136928,7.618,#C C scrubs the inside of the kitchen sink with the brush,Core task involving high hand activity.,r001,Cleaning,silver,Gold,,825.1450166666666,2026-02-23T23:04:11.339898Z,e0c4d2c7-fd50-4c50-b40e-e1eda4a5708b
Object Transfer,5843.0,9.0,7,,2026-02-23T23:04:40.302958Z,1136929,11.626,#C C picks a small pan support for gas stove on the gas cooker.,Logistics step involving picking up an object.,r001,Cleaning,silver,Gold,,875.4521766666667,2026-02-23T23:04:40.302980Z,e0c4d2c7-fd50-4c50-b40e-e1eda4a5708b
Object Transfer,5844.0,9.0,7,,2026-02-23T23:04:46.846031Z,1136930,4.959,#C C switches the sponge from her left hand to her right hand.,Logistics step involving the transfer of an object between hands.,r001,Cleaning,silver,Gold,,907.4242866666666,2026-02-23T23:04:46.846064Z,e0c4d2c7-fd50-4c50-b40e-e1eda4a5708b
Essential Operation,5845.0,9.0,7,,2026-02-23T23:04:54.549631Z,1136931,5.856,#C C wipes the gas cooker top with the sponge.,"Core cleaning task, high hand activity.",r001,Cleaning,silver,Gold,,908.4138866666668,2026-02-23T23:04:54.549654Z,e0c4d2c7-fd50-4c50-b40e-e1eda4a5708b
Stationary,5846.0,9.0,7,Essential Operation,2026-02-23T23:05:30.334237Z,1136932,31.817,#C C stops wiping the gas cooker top.,"The action indicates a pause in activity, suggesting low body/hand motion.",r001,Cleaning,silver,Bad,,959.8564066666668,2026-02-23T23:05:30.334272Z,e0c4d2c7-fd50-4c50-b40e-e1eda4a5708b
Stationary,5847.0,9.0,7,,2026-02-23T23:05:57.677376Z,1136933,79.42,#C C adjusts the other pan support for gas stove in the sick.,"Adjusting involves fine motor movements, likely with one hand, and minimal body movement.",r001,Cleaning,silver,,Skip,989.9702766666668,2026-02-23T23:05:57.677390Z,e0c4d2c7-fd50-4c50-b40e-e1eda4a5708b
Essential Operation,5848.0,9.0,7,,2026-02-23T23:06:12.397967Z,1136934,13.189,#C C wipes the gas cooker top with the napkin.,"Core cleaning task, high hand activity.",r001,Cleaning,silver,Gold,,1062.7038766666667,2026-02-23T23:06:12.398000Z,e0c4d2c7-fd50-4c50-b40e-e1eda4a5708b
Essential Operation,5849.0,9.0,7,,2026-02-23T23:06:19.495009Z,1136935,5.453,#C wipes the controls of the cooker with the cloth,Core task involving high hand activity.,r001,Cleaning,silver,Gold,,1122.8587633333334,2026-02-23T23:06:19.495038Z,e0c4d2c7-fd50-4c50-b40e-e1eda4a5708b
Essential Operation,5850.0,9.0,7,,2026-02-23T23:06:29.338819Z,1136936,8.167,#C C loosens the bolt with the spanner #unsure,Core manual task involving high hand activity.,r001,Mechanical Repair,silver,Gold,,8.90328,2026-02-23T23:06:29.338850Z,e739f98c-a5f6-454f-a0b9-8f2fd024c1cf
Essential Operation,5851.0,9.0,7,,2026-02-23T23:06:36.998752Z,1136937,5.651,#C C connects the wheel spanner to the bolt,Core manual task involving high hand activity.,r001,Mechanical Repair,silver,Gold,,26.12393,2026-02-23T23:06:36.998776Z,e739f98c-a5f6-454f-a0b9-8f2fd024c1cf
Stationary,5852.0,9.0,7,,2026-02-23T23:06:46.074946Z,1136938,7.357,#C C holds the wheel spanner with his left hand,"Low body/hand motion, holding the tool.",r001,Mechanical Repair,silver,Gold,,131.74671,2026-02-23T23:06:46.074980Z,e739f98c-a5f6-454f-a0b9-8f2fd024c1cf
Object Transfer,5853.0,9.0,7,,2026-02-23T23:06:54.421887Z,1136939,6.715,#C C passes the bolt to his left hand,Logistics step involving the transfer of an object.,r001,Mechanical Repair,silver,Gold,,147.00337,2026-02-23T23:06:54.421921Z,e739f98c-a5f6-454f-a0b9-8f2fd024c1cf
Stationary,5854.0,9.0,7,,2026-02-23T23:07:03.434684Z,1136940,7.614,#C C holds a stick attached to a plastic bottle tied to a rope hanging from the ceiling with his right hand. #Unsure,The action describes a setup or holding position which involves minimal movement.,r001,Playing Instrument,silver,Gold,,63.7360896,2026-02-23T23:07:03.434718Z,e7eead9a-5f4e-47af-8f54-2dd3fd453a2d
Stationary,5855.0,9.0,7,,2026-02-23T23:07:14.977131Z,1136941,10.044,#C The kitten X plays with the stick C is holding in his left hand.,"The action describes a playful, stationary interaction without significant body or hand movement.",r001,Playing Instrument,silver,Gold,,251.3735796,2026-02-23T23:07:14.977165Z,e7eead9a-5f4e-47af-8f54-2dd3fd453a2d
Stationary,5856.0,9.0,7,,2026-02-23T23:07:21.313172Z,1136942,4.784,#C C places hand on a counter,"Low body/hand motion, likely holding a position.",r001,Desk Work,silver,Gold,,92.5059786,2026-02-23T23:07:21.313207Z,e826857f-8b94-4168-bc5a-7aaff9cdc7c0
Object Transfer,5857.0,9.0,7,,2026-02-23T23:07:31.397287Z,1136943,5.269,#C C drops glass,"[CtxFixed] The action of dropping the glass is a deliberate placement of the object onto a surface, which fits the criteria for 'Object Transfer'.",r001,Desk Work,silver,Gold,,250.9770686,2026-02-23T23:07:31.397320Z,e826857f-8b94-4168-bc5a-7aaff9cdc7c0
Object Transfer,5858.0,9.0,7,,2026-02-23T23:07:37.877795Z,1136944,4.865,#C C picks water glass,Logistics step involving picking up an object.,r001,Desk Work,silver,Gold,,299.6376459631039,2026-02-23T23:07:37.877818Z,e826857f-8b94-4168-bc5a-7aaff9cdc7c0
Stationary,5859.0,9.0,7,,2026-02-23T23:07:45.737944Z,1136945,6.356,#C C places hand on a counter top,"Low body/hand motion, indicating a pause or resting position.",r001,Desk Work,silver,Gold,,317.1008059631039,2026-02-23T23:07:45.737978Z,e826857f-8b94-4168-bc5a-7aaff9cdc7c0
Object Transfer,5860.0,9.0,7,,2026-02-23T23:07:52.045810Z,1136946,4.645,#C C drops bag,"[CtxFixed] The action of dropping a bag is a deliberate placement of the object onto a surface, which fits the criteria for 'Object Transfer'.",r001,Desk Work,silver,Gold,,366.0271059631039,2026-02-23T23:07:52.045844Z,e826857f-8b94-4168-bc5a-7aaff9cdc7c0
Locomotion,5861.0,9.0,7,,2026-02-23T23:07:58.981226Z,1136947,5.412,#C C climbs counter top,Body moving through space (climbing). High body acceleration.,r001,Desk Work,silver,Gold,,409.895405963104,2026-02-23T23:07:58.981240Z,e826857f-8b94-4168-bc5a-7aaff9cdc7c0
Locomotion,5862.0,9.0,7,,2026-02-23T23:08:08.592689Z,1136948,8.159,#C C pulls rope side ways,"[CtxFixed] The action of pulling the rope sideways is still related to movement and locomotion, even though the direction has changed.",r001,Desk Work,silver,Gold,,724.1573504310547,2026-02-23T23:08:08.592721Z,e826857f-8b94-4168-bc5a-7aaff9cdc7c0
Essential Operation,5863.0,9.0,7,,2026-02-23T23:08:17.420209Z,1136949,7.098,#C C stirs the food in the cooking pan,"Core task involving manual manipulation, high hand activity.",r001,Cooking,silver,Gold,,2.2415486,2026-02-23T23:08:17.420233Z,e8c52c5d-4d8f-4d9f-befd-29f661f80f27
Object Transfer,5864.0,9.0,7,,2026-02-23T23:08:25.486849Z,1136950,6.721,#C C closes the kitchen door with her right hand,"Action involves logistics (closing a door), short burst of hand activity.",r001,Cooking,silver,Gold,,102.9209186,2026-02-23T23:08:25.486883Z,e8c52c5d-4d8f-4d9f-befd-29f661f80f27
Object Transfer,5865.0,9.0,7,,2026-02-23T23:08:35.382187Z,1136951,8.109,#C C puts the spoon in the black food container on the countertop,Logistics step involving the placement of an object.,r001,Cooking,silver,Gold,,258.6543886,2026-02-23T23:08:35.382221Z,e8c52c5d-4d8f-4d9f-befd-29f661f80f27
Object Transfer,5866.0,9.0,7,,2026-02-23T23:08:43.041943Z,1136952,6.116,#C C puts #unsure on the fridge,Logistics step involving placing an object.,r001,Cooking,silver,Gold,,281.4828086,2026-02-23T23:08:43.041976Z,e8c52c5d-4d8f-4d9f-befd-29f661f80f27
Object Transfer,5867.0,9.0,7,,2026-02-23T23:08:54.106477Z,1136953,9.513,#C C switches on the electric kettle on the countertop,"The action involves turning on an appliance, which is a logistics step.",r001,Cooking,silver,Gold,,681.4034845966002,2026-02-23T23:08:54.106512Z,e8c52c5d-4d8f-4d9f-befd-29f661f80f27
Object Transfer,5868.0,9.0,7,,2026-02-23T23:09:28.669928Z,1136954,5.969,#C C puts a tray on the countertop,Logistics step involving placing an object.,r001,Cooking,silver,Gold,,757.6898745966001,2026-02-23T23:09:28.669962Z,e8c52c5d-4d8f-4d9f-befd-29f661f80f27
Essential Operation,5869.0,9.0,7,,2026-02-23T23:09:35.157010Z,1136955,4.545,#C C stirs the food with a serving spoon,Core task involving repetitive hand movements.,r001,Cooking,silver,Gold,,872.5180312757811,2026-02-23T23:09:35.157044Z,e8c52c5d-4d8f-4d9f-befd-29f661f80f27
Stationary,5870.0,9.0,7,,2026-02-23T23:09:41.010127Z,1136956,4.177,#C C taste the food with a steel spoon,"Low body/hand motion, tasting involves minimal movement.",r001,Cooking,silver,Gold,,881.5987012757812,2026-02-23T23:09:41.010161Z,e8c52c5d-4d8f-4d9f-befd-29f661f80f27
Object Transfer,5871.0,9.0,7,,2026-02-23T23:09:51.480558Z,1136957,8.989,#C C picks a steel spoon on the countertop,Logistics step involving picking up an object.,r001,Cooking,silver,Gold,,972.0020512757812,2026-02-23T23:09:51.480591Z,e8c52c5d-4d8f-4d9f-befd-29f661f80f27
Essential Operation,5872.0,9.0,7,,2026-02-23T23:10:47.420926Z,1136958,29.811,#C C plays video game with the mouse using his right hand.,Core manual task involving high hand activity.,r001,Playing Instrument,silver,Gold,,15.5330596,2026-02-23T23:10:47.420964Z,e959b283-5bd6-4d23-a21d-4e73b3997468
Essential Operation,5873.0,9.0,7,,2026-02-23T23:10:58.257029Z,1136959,9.342,#C C plays video game with the mouse.,Core manual task involving high hand activity with the mouse.,r001,Playing Instrument,silver,Gold,,1338.055230954663,2026-02-23T23:10:58.257061Z,e959b283-5bd6-4d23-a21d-4e73b3997468
Stationary,5874.0,9.0,7,,2026-02-23T23:11:08.770260Z,1136960,8.904,#C C holds glass with the other hand,"Low body/hand motion, holding an object without moving.",r001,Cleaning,silver,Gold,,16.2850986,2026-02-23T23:11:08.770295Z,e9c385b9-ab98-4120-8073-9129fff2dfbe
Object Transfer,5875.0,9.0,7,,2026-02-23T23:11:16.672034Z,1136961,6.389,#C C puts plate in dishwasher,Logistics action involving picking up and placing an object.,r001,Cleaning,silver,Gold,,115.7879186,2026-02-23T23:11:16.672057Z,e9c385b9-ab98-4120-8073-9129fff2dfbe
Object Transfer,5876.0,9.0,7,,2026-02-23T23:11:23.511979Z,1136962,5.474,#C C drops cooking pot in the sink,Refined via regex fallback,r001,Cleaning,silver,Gold,,223.3089586,2026-02-23T23:11:23.512018Z,e9c385b9-ab98-4120-8073-9129fff2dfbe
Object Transfer,5877.0,9.0,7,,2026-02-23T23:19:07.967416Z,1136963,215.577,#C C picks pan,Logistics step involving picking up an object.,r001,Cleaning,silver,Gold,,271.6092186,2026-02-23T23:19:07.967430Z,e9c385b9-ab98-4120-8073-9129fff2dfbe
Essential Operation,5878.0,9.0,7,,2026-02-23T23:19:26.694446Z,1136964,16.226,#C C washes the plastic spoon in the basin in the sink,Core manual task involving hand activity.,r001,Cleaning,silver,Gold,,371.7130983906636,2026-02-23T23:19:26.694468Z,e9c385b9-ab98-4120-8073-9129fff2dfbe
Object Transfer,5879.0,9.0,7,,2026-02-23T23:19:33.981167Z,1136965,5.621,#C C removes the trash in the sink strainer,Logistics step involving picking up and moving an object.,r001,Cleaning,silver,Gold,,434.43835839066367,2026-02-23T23:19:33.981200Z,e9c385b9-ab98-4120-8073-9129fff2dfbe
Essential Operation,5880.0,9.0,7,,2026-02-23T23:24:11.893043Z,1136966,6.903,#C C wipes the gas stove with a sponge,Core task involving high hand activity.,r001,Cleaning,silver,Gold,,537.1228217239969,2026-02-23T23:24:11.893065Z,e9c385b9-ab98-4120-8073-9129fff2dfbe
Object Transfer,5881.0,9.0,7,,2026-02-23T23:24:22.834662Z,1136967,8.946,#C C puts the trash in the dustbin,Logistics step involving picking up and placing an object.,r001,Cleaning,silver,Gold,,613.7082786472006,2026-02-23T23:24:22.834678Z,e9c385b9-ab98-4120-8073-9129fff2dfbe
Search,5882.0,9.0,7,,2026-02-23T23:24:32.610872Z,1136968,6.736,#C C searches the left pocket,Implication of head and hand movement to search the pocket.,r001,Carpentry,silver,Gold,,83.532,2026-02-23T23:24:32.610895Z,ebae32c1-6ad1-4b96-851c-166e1784d50a
Object Transfer,5883.0,9.0,7,,2026-02-23T23:24:48.106094Z,1136969,13.788,#C C puts the label away,Logistics step of putting an object away.,r001,Carpentry,silver,Gold,,292.543,2026-02-23T23:24:48.106121Z,ebae32c1-6ad1-4b96-851c-166e1784d50a
Stationary,5884.0,9.0,7,Essential Operation,2026-02-23T23:25:07.261273Z,1136970,17.508,#C C counts the labels,"Low body/hand motion, likely involves visual inspection.",r001,Carpentry,silver,Bad,,338.149,2026-02-23T23:25:07.261291Z,ebae32c1-6ad1-4b96-851c-166e1784d50a
Stationary,5885.0,9.0,7,Essential Operation,2026-02-23T23:25:19.579923Z,1136971,10.56,#C C writes on the label,"Low body/hand motion, writing involves fine motor skills but is generally stationary.",r001,Carpentry,silver,Bad,,369.451,2026-02-23T23:25:19.579950Z,ebae32c1-6ad1-4b96-851c-166e1784d50a
Stationary,5886.0,9.0,7,,2026-02-23T23:25:54.717454Z,1136972,10.886,#C C moves the glove aside,"Minimal motion involved, likely a preparatory action.",r001,Carpentry,silver,Gold,,408.723,2026-02-23T23:25:54.717473Z,ebae32c1-6ad1-4b96-851c-166e1784d50a
Stationary,5887.0,9.0,7,Essential Operation,2026-02-23T23:26:12.169716Z,1136973,11.508,#C C sprays the plant,"The action of spraying a plant is likely to involve holding the spray bottle and spraying, which is a low energy activity.",r001,Carpentry,silver,,,482.078,2026-02-23T23:26:12.169747Z,ebae32c1-6ad1-4b96-851c-166e1784d50a
Object Transfer,5888.0,9.0,7,,2026-02-23T23:26:20.883299Z,1136974,5.56,#C C picks up the plant,Logistics step involving picking up an object.,r001,Carpentry,silver,Gold,,575.5333333333333,2026-02-23T23:26:20.883315Z,ebae32c1-6ad1-4b96-851c-166e1784d50a
Stationary,5889.0,9.0,7,,2026-02-23T23:26:30.470798Z,1136975,7.795,#C C holds up the tent fabric,"The action involves holding up an object, which indicates a static posture with minimal movement.",r001,Carpentry,silver,Gold,,615.6693333333333,2026-02-23T23:26:30.470813Z,ebae32c1-6ad1-4b96-851c-166e1784d50a
Object Transfer,5890.0,9.0,7,,2026-02-23T23:26:49.024527Z,1136976,16.721,#C C picks up the spray,Logistics action involving picking up an object.,r001,Carpentry,silver,Gold,,684.2493333333333,2026-02-23T23:26:49.024542Z,ebae32c1-6ad1-4b96-851c-166e1784d50a
Object Transfer,5891.0,9.0,7,,2026-02-23T23:27:12.478631Z,1136977,21.653,#C C puts the plant in the container,Logistics step involving moving an object from one place to another.,r001,Carpentry,silver,Gold,,705.8273333333334,2026-02-23T23:27:12.478654Z,ebae32c1-6ad1-4b96-851c-166e1784d50a
Object Transfer,5892.0,9.0,7,,2026-02-23T23:27:19.601180Z,1136978,5.1,#C C picks up the tissue paper,"Logistics step, picking up an object.",r001,Carpentry,silver,Gold,,710.4863333333333,2026-02-23T23:27:19.601207Z,ebae32c1-6ad1-4b96-851c-166e1784d50a
Object Transfer,5893.0,9.0,7,,2026-02-23T23:27:26.502991Z,1136979,5.088,#C C picks up the label,Logistics step of picking up an object.,r001,Carpentry,silver,Gold,,788.3533333333334,2026-02-23T23:27:26.503006Z,ebae32c1-6ad1-4b96-851c-166e1784d50a
Object Transfer,5894.0,9.0,7,,2026-02-23T23:27:33.347981Z,1136980,5.07,#C C picks up a small container,Logistics step involving picking up an object.,r001,Carpentry,silver,Gold,,977.3293333333334,2026-02-23T23:27:33.348006Z,ebae32c1-6ad1-4b96-851c-166e1784d50a
Stationary,5895.0,9.0,7,Essential Operation,2026-02-23T23:27:47.366944Z,1136981,12.343,#C C sprays the #unsure on the plant,"Low body/hand motion, likely involves holding the spray bottle and applying spray.",r001,Carpentry,silver,Bad,,987.0473333333332,2026-02-23T23:27:47.366959Z,ebae32c1-6ad1-4b96-851c-166e1784d50a
Object Transfer,5896.0,9.0,7,,2026-02-23T23:27:59.625403Z,1136982,7.128,#C C throws the plant in the bin,"[CtxFixed] The action involves moving the plant from one location to another (the bin), which fits the definition of Object Transfer.",r001,Carpentry,silver,Gold,,1172.7666666666669,2026-02-23T23:27:59.625426Z,ebae32c1-6ad1-4b96-851c-166e1784d50a
Object Transfer,5897.0,9.0,7,,2026-02-23T23:28:06.366541Z,1136983,5.013,#C C picks up the blade,Logistics step of picking up an object.,r001,Carpentry,silver,Gold,,1200.4706666666666,2026-02-23T23:28:06.366572Z,ebae32c1-6ad1-4b96-851c-166e1784d50a
Object Transfer,5898.0,9.0,7,,2026-02-23T23:28:11.820959Z,1136984,3.678,#C C picks up the pen,Logistics action of picking up an object.,r001,Carpentry,silver,Gold,,1560.669666666667,2026-02-23T23:28:11.820975Z,ebae32c1-6ad1-4b96-851c-166e1784d50a
Object Transfer,5899.0,9.0,7,,2026-02-23T23:28:17.734027Z,1136985,4.309,#C C picks up a small pipe,Logistics step involving picking up an object.,r001,Carpentry,silver,Gold,,1629.382016,2026-02-23T23:28:17.734074Z,ebae32c1-6ad1-4b96-851c-166e1784d50a
Object Transfer,5900.0,9.0,7,,2026-02-23T23:28:22.927188Z,1136986,3.568,#C C picks up the basin,Logistics step of picking up an object.,r001,Carpentry,silver,Gold,,1797.722,2026-02-23T23:28:22.927210Z,ebae32c1-6ad1-4b96-851c-166e1784d50a
Essential Operation,5901.0,9.0,7,Object Transfer,2026-02-23T23:28:40.180914Z,1136987,15.503,#C C puts the blade on the board,Core manual task involving high hand activity.,r001,Carpentry,silver,Bad,,1845.07,2026-02-23T23:28:40.180939Z,ebae32c1-6ad1-4b96-851c-166e1784d50a
Search,5902.0,9.0,7,Essential Operation,2026-02-23T23:29:01.186033Z,1136988,19.014,#C C counts plants in the tray,"Visual search or monitoring, likely involves head movement.",r001,Carpentry,silver,Bad,,1999.24549,2026-02-23T23:29:01.186056Z,ebae32c1-6ad1-4b96-851c-166e1784d50a
Locomotion,5903.0,9.0,7,,2026-02-23T23:29:08.926793Z,1136989,6.23,#C C walks in the lab with trays in hand,"Body moving through space (walking), high body acceleration.",r001,Carpentry,silver,Gold,,2010.94142,2026-02-23T23:29:08.926811Z,ebae32c1-6ad1-4b96-851c-166e1784d50a
Object Transfer,5904.0,9.0,7,,2026-02-23T23:29:16.340554Z,1136990,5.784,#C C picks trash on the floor,Logistics action of picking up an object.,r001,Carpentry,silver,Gold,,2044.36322,2026-02-23T23:29:16.340578Z,ebae32c1-6ad1-4b96-851c-166e1784d50a
Object Transfer,5905.0,9.0,7,,2026-02-23T23:29:31.845092Z,1136991,7.969,#O Woman X puts plant in the nursery,Logistics step involving moving the plant to a new location.,r001,Carpentry,silver,Gold,,2068.51499,2026-02-23T23:29:31.845114Z,ebae32c1-6ad1-4b96-851c-166e1784d50a
Essential Operation,5906.0,9.0,7,,2026-02-23T23:29:39.624470Z,1136992,6.329,#C C sprays the sink with #unsure,Core task involving manual activity with the hand.,r001,Cleaning,silver,Gold,,1.7321786,2026-02-23T23:29:39.624486Z,ed11ed4a-fc40-443b-919f-3c4ec2001250
Object Transfer,5907.0,9.0,7,,2026-02-23T23:29:54.905095Z,1136993,8.891,#C C opens the dust bin,Logistics/Setup step involving opening an object.,r001,Cleaning,silver,Gold,,26.6775486,2026-02-23T23:29:54.905112Z,ed11ed4a-fc40-443b-919f-3c4ec2001250
Essential Operation,5908.0,9.0,7,,2026-02-23T23:30:56.843200Z,1136994,60.158,#C C folds the tissue paper in her hands,Core manual task involving high hand activity.,r001,Cleaning,silver,Gold,,47.6547586,2026-02-23T23:30:56.843220Z,ed11ed4a-fc40-443b-919f-3c4ec2001250
Stationary,5909.0,9.0,7,Search,2026-02-23T23:31:08.995512Z,1136995,10.374,#C C stares the staffs in the kitchen,"Low body/hand motion, likely observing or thinking.",r001,Cleaning,silver,Bad,,115.7425486,2026-02-23T23:31:08.995538Z,ed11ed4a-fc40-443b-919f-3c4ec2001250
Stationary,5910.0,9.0,7,Search,2026-02-23T23:31:25.164590Z,1136996,14.458,#C C stares water in the tray,"Low body/hand motion, likely observing.",r001,Cleaning,silver,Bad,,133.0775086,2026-02-23T23:31:25.164614Z,ed11ed4a-fc40-443b-919f-3c4ec2001250
Essential Operation,5911.0,9.0,7,,2026-02-23T23:31:31.830239Z,1136997,5.152,#C C wipes the sink with her hand,"Core manual task, high hand activity.",r001,Cleaning,silver,Gold,,134.16443859999998,2026-02-23T23:31:31.830266Z,ed11ed4a-fc40-443b-919f-3c4ec2001250
Essential Operation,5912.0,9.0,7,,2026-02-23T23:31:41.653064Z,1136998,7.949,#C C stirs water with her hand in the tray,Core task involving repetitive hand movement.,r001,Cleaning,silver,Gold,,135.46042859999997,2026-02-23T23:31:41.653082Z,ed11ed4a-fc40-443b-919f-3c4ec2001250
Object Transfer,5913.0,9.0,7,,2026-02-23T23:31:53.537311Z,1136999,10.223,#C C picks up the serving spoon from the sink,Logistics step involving picking up an object.,r001,Cleaning,silver,Gold,,151.98048859999997,2026-02-23T23:31:53.537340Z,ed11ed4a-fc40-443b-919f-3c4ec2001250
Essential Operation,5914.0,9.0,7,,2026-02-23T23:32:02.215185Z,1137000,7.014,#C C cleans the serving spoon with a sponge in a tray,Core manual task involving high hand activity.,r001,Cleaning,silver,Gold,,154.37853859999998,2026-02-23T23:32:02.215210Z,ed11ed4a-fc40-443b-919f-3c4ec2001250
Object Transfer,5915.0,9.0,7,,2026-02-23T23:32:08.972721Z,1137001,5.183,#C C picks up the chopping sticks from the sink,Logistics step involving picking up an object.,r001,Cleaning,silver,Gold,,163.3357586,2026-02-23T23:32:08.972749Z,ed11ed4a-fc40-443b-919f-3c4ec2001250
Essential Operation,5946.0,9.0,7,,2026-02-23T23:39:28.734542Z,1137002,24.448,#C C dips the chopping sticks in the soap water,"Core task involving manipulation, high hand activity.",r001,Cleaning,silver,Gold,,165.48946859999998,2026-02-23T23:39:28.734556Z,ed11ed4a-fc40-443b-919f-3c4ec2001250
Object Transfer,5947.0,9.0,7,,2026-02-23T23:39:51.852368Z,1137003,20.105,#C C picks up the bottle lid from the sink,Logistics step involving picking up an object.,r001,Cleaning,silver,Gold,,254.7958786,2026-02-23T23:39:51.852391Z,ed11ed4a-fc40-443b-919f-3c4ec2001250
Essential Operation,5948.0,9.0,7,,2026-02-23T23:40:01.315524Z,1137004,7.074,#C C cleans the bottle top with a sponge inside the sink,Core manual task involving high hand activity.,r001,Cleaning,silver,Gold,,286.4694486373196,2026-02-23T23:40:01.315558Z,ed11ed4a-fc40-443b-919f-3c4ec2001250
Essential Operation,5949.0,9.0,7,,2026-02-23T23:40:08.101838Z,1137005,5.302,#C C wipes the sink with tissue paper,"Core manual task, high hand activity.",r001,Cleaning,silver,Gold,,360.7499686373196,2026-02-23T23:40:08.101860Z,ed11ed4a-fc40-443b-919f-3c4ec2001250
Essential Operation,5950.0,9.0,7,,2026-02-23T23:40:14.766406Z,1137006,5.025,#C C cleans the sink with a piece of cloth,Core manual task involving high hand activity.,r001,Cleaning,silver,Gold,,452.8241586373196,2026-02-23T23:40:14.766439Z,ed11ed4a-fc40-443b-919f-3c4ec2001250
Object Transfer,5951.0,9.0,7,,2026-02-23T23:40:35.443051Z,1137007,19.031,#C C puts the piece of cloth on the top of the dust bin,Logistics step involving placing an object.,r001,Cleaning,silver,Gold,,539.922561970653,2026-02-23T23:40:35.443065Z,ed11ed4a-fc40-443b-919f-3c4ec2001250
Essential Operation,5952.0,9.0,7,,2026-02-23T23:40:43.003209Z,1137008,5.948,#C C removes dirt from the sink,"Core cleaning task, high hand activity.",r001,Cleaning,silver,Gold,,605.0421707126303,2026-02-23T23:40:43.003242Z,ed11ed4a-fc40-443b-919f-3c4ec2001250
Stationary,5953.0,9.0,7,Search,2026-02-23T23:40:55.587430Z,1137009,11.06,#C C stares the tissue paper in her hand,"Low body/hand motion, likely holding the tissue with minimal movement.",r001,Cleaning,silver,Bad,,684.2048207126303,2026-02-23T23:40:55.587463Z,ed11ed4a-fc40-443b-919f-3c4ec2001250
Essential Operation,5954.0,9.0,7,,2026-02-23T23:41:01.877050Z,1137010,4.754,#C C wipes the mirror with tissue paper,Core task involving manual effort with high hand activity.,r001,Cleaning,silver,Gold,,702.4509707126302,2026-02-23T23:41:01.877084Z,ed11ed4a-fc40-443b-919f-3c4ec2001250
Essential Operation,5955.0,9.0,7,,2026-02-23T23:41:09.143855Z,1137011,5.562,#C C adjust the camera,"Adjusting the camera involves fine manual adjustments, indicating high hand activity.",r001,Mechanical Repair,silver,Gold,,2.99941,2026-02-23T23:41:09.143878Z,ee1eea29-aaad-41a4-b299-c72ed26c9da5
Stationary,5956.0,9.0,7,,2026-02-23T23:41:23.552672Z,1137012,9.232,#C C wears hid helmet,"Low body/hand motion, likely involves putting on a helmet which is a static action.",r001,Mechanical Repair,silver,Gold,,23.4575,2026-02-23T23:41:23.552705Z,ee1eea29-aaad-41a4-b299-c72ed26c9da5
Object Transfer,5957.0,9.0,7,,2026-02-23T23:41:44.250842Z,1137013,19.128,#O Person A carries his helmet,Logistics step involving the movement of an object (helmet).,r001,Mechanical Repair,silver,Gold,,880.6386033333333,2026-02-23T23:41:44.250864Z,ee1eea29-aaad-41a4-b299-c72ed26c9da5
Object Transfer,5958.0,9.0,7,,2026-02-23T23:41:58.019917Z,1137014,11.945,#C C picks a doll on speaker,"Picking up an object, which involves a short burst of hand acceleration.",r001,Playing Instrument,silver,Gold,,4.1268386,2026-02-23T23:41:58.019950Z,efd052ce-4af1-48f4-8546-c13428ee92ec
Essential Operation,5959.0,9.0,7,,2026-02-23T23:42:04.581908Z,1137015,5.086,#C C fixes cable in turntable,"Core task involving precise manual adjustments, high hand activity.",r001,Playing Instrument,silver,Gold,,31.2670686,2026-02-23T23:42:04.581922Z,efd052ce-4af1-48f4-8546-c13428ee92ec
Essential Operation,5960.0,9.0,7,,2026-02-23T23:42:13.420434Z,1137016,7.499,#C C rotates turntable knob,"Core task involving manipulation, high hand activity.",r001,Playing Instrument,silver,Gold,,71.9999286,2026-02-23T23:42:13.420465Z,efd052ce-4af1-48f4-8546-c13428ee92ec
Locomotion,5961.0,9.0,7,,2026-02-23T23:42:22.766749Z,1137017,7.875,#C C spins turntable wheel,"Body moving through space, likely involves hand movement to spin the turntable wheel.",r001,Playing Instrument,silver,Gold,,270.3504286,2026-02-23T23:42:22.766783Z,efd052ce-4af1-48f4-8546-c13428ee92ec
Stationary,5962.0,9.0,7,Search,2026-02-23T23:42:35.068377Z,1137018,9.454,#C C stares at turntable,"Low body/hand motion, focusing visually.",r001,Playing Instrument,silver,Bad,,812.5723093601797,2026-02-23T23:42:35.068410Z,efd052ce-4af1-48f4-8546-c13428ee92ec
Stationary,5963.0,9.0,7,,2026-02-23T23:42:44.196678Z,1137019,7.52,#C C touches turntable monitor,"Low body/hand motion, likely involves fine motor skills with minimal movement.",r001,Playing Instrument,silver,Gold,,851.6438576136719,2026-02-23T23:42:44.196710Z,efd052ce-4af1-48f4-8546-c13428ee92ec
Essential Operation,5964.0,9.0,7,,2026-02-23T23:42:51.547264Z,1137020,6.134,#C C plays turntable,Core manual task involving precise hand movements.,r001,Playing Instrument,silver,Gold,,907.680607613672,2026-02-23T23:42:51.547298Z,efd052ce-4af1-48f4-8546-c13428ee92ec
Stationary,5965.0,9.0,7,,2026-02-23T23:42:57.924233Z,1137021,4.854,#C C holds face,"The action 'holds face' indicates a pause or a moment of stillness, with minimal movement.",r001,Playing Instrument,silver,Gold,,1176.171967613672,2026-02-23T23:42:57.924248Z,efd052ce-4af1-48f4-8546-c13428ee92ec
Search,5966.0,9.0,7,,2026-02-23T23:43:05.668590Z,1137022,5.536,#C C looks at turntable,"Head movement (visual inspection), passive hands.",r001,Playing Instrument,silver,Gold,,1390.178438345763,2026-02-23T23:43:05.668603Z,efd052ce-4af1-48f4-8546-c13428ee92ec
Essential Operation,5916.0,9.0,7,,2026-02-23T23:32:16.467781Z,1137023,6.018,#C C taps turntable monitor,Core task involving manual operation on the turntable monitor.,r001,Playing Instrument,silver,Gold,,1421.8263983457628,2026-02-23T23:32:16.467797Z,efd052ce-4af1-48f4-8546-c13428ee92ec
Stationary,5917.0,9.0,7,,2026-02-23T23:32:34.103094Z,1137024,16.008,#C C adjusts the button,Adjusting a button is a fine motor task that typically involves minimal body movement.,r001,Playing Instrument,silver,Gold,,1855.6746171449213,2026-02-23T23:32:34.103111Z,efd052ce-4af1-48f4-8546-c13428ee92ec
Essential Operation,5918.0,9.0,7,,2026-02-23T23:32:42.478666Z,1137025,4.777,#C C rinses the towel in tap water,Core manual task involving high hand activity.,r001,Cleaning,silver,Gold,,284.97371358539056,2026-02-23T23:32:42.478682Z,efe942ae-6339-4646-b644-dbe76db177ca
Essential Operation,5919.0,9.0,7,,2026-02-23T23:32:48.818639Z,1137026,4.544,#C C wipes the mirror with a towel,"Core manual task, high hand activity.",r001,Cleaning,silver,Gold,,305.15212358539054,2026-02-23T23:32:48.818655Z,efe942ae-6339-4646-b644-dbe76db177ca
Object Transfer,5920.0,9.0,7,,2026-02-23T23:32:57.666511Z,1137027,6.767,#C C puts the liquid container on the floor,Logistics step involving placing an object.,r001,Cleaning,silver,Gold,,463.4535135853905,2026-02-23T23:32:57.666526Z,efe942ae-6339-4646-b644-dbe76db177ca
Object Transfer,5921.0,9.0,7,,2026-02-23T23:33:04.987535Z,1137028,5.818,#C C takes the toilet brush,Logistics/Setup step involving picking up an object.,r001,Cleaning,silver,Gold,,732.1437521677084,2026-02-23T23:33:04.987550Z,efe942ae-6339-4646-b644-dbe76db177ca
Essential Operation,5922.0,9.0,7,,2026-02-23T23:33:13.199671Z,1137029,6.61,#C C puts the detergent on the hand,Core task involving manual activity with the hands.,r001,Cleaning,silver,Gold,,871.7513018666737,2026-02-23T23:33:13.199687Z,efe942ae-6339-4646-b644-dbe76db177ca
Essential Operation,5923.0,9.0,7,,2026-02-23T23:33:48.568812Z,1137030,33.932,#C C fetches water from the tap,Core task involving a manual action with the hands.,r001,Cleaning,silver,Gold,,945.1511118666735,2026-02-23T23:33:48.568828Z,efe942ae-6339-4646-b644-dbe76db177ca
Essential Operation,5924.0,9.0,7,,2026-02-23T23:33:56.469662Z,1137031,5.835,#C C scrubs the bath tab with a scourer,Core manual task involving high hand activity.,r001,Cleaning,silver,Gold,,1231.7975916989585,2026-02-23T23:33:56.469691Z,efe942ae-6339-4646-b644-dbe76db177ca
Essential Operation,5925.0,9.0,7,,2026-02-23T23:34:03.827719Z,1137032,5.642,#C C scrubs the bath tab with a brush,Core manual task involving high hand activity.,r001,Cleaning,silver,Gold,,1294.5837616989584,2026-02-23T23:34:03.827736Z,efe942ae-6339-4646-b644-dbe76db177ca
Essential Operation,5926.0,9.0,7,,2026-02-23T23:34:09.766558Z,1137033,4.493,#C C sprays the detergent on the wall,Core task involving high hand activity.,r001,Cleaning,silver,Gold,,1360.0496116989584,2026-02-23T23:34:09.766574Z,efe942ae-6339-4646-b644-dbe76db177ca
Essential Operation,5927.0,9.0,7,,2026-02-23T23:34:16.534539Z,1137034,5.101,#C C scrubs the bath tab nozzle with a scourer,Core manual task involving high hand activity.,r001,Cleaning,silver,Gold,,1577.927082706539,2026-02-23T23:34:16.534554Z,efe942ae-6339-4646-b644-dbe76db177ca
Stationary,5928.0,9.0,7,Essential Operation,2026-02-23T23:34:30.775816Z,1137035,12.641,#C C wears socks,Putting on socks is a low-energy activity.,r001,Cleaning,silver,Bad,,5.0526286,2026-02-23T23:34:30.775844Z,eff9a4e2-a2ab-45d4-a142-64a9aa4fc6e9
Object Transfer,5929.0,9.0,7,,2026-02-23T23:34:56.589576Z,1137036,4.516,#C C puts dust in the bin,Logistics step involving picking up and disposing of dust.,r001,Cleaning,silver,Gold,,101.3828786,2026-02-23T23:34:56.589601Z,eff9a4e2-a2ab-45d4-a142-64a9aa4fc6e9
Essential Operation,5930.0,9.0,7,,2026-02-23T23:35:03.046473Z,1137037,4.98,#C C applies soap on hands,Core manual task involving high hand activity.,r001,Cleaning,silver,Gold,,415.3305561585938,2026-02-23T23:35:03.046507Z,eff9a4e2-a2ab-45d4-a142-64a9aa4fc6e9
Object Transfer,5931.0,9.0,7,,2026-02-23T23:35:09.628825Z,1137038,4.987,#C C drops a plate,"[CtxFixed] The action of dropping a plate is a deliberate placement onto a surface, which fits the criteria for 'Object Transfer'.",r001,Cleaning,silver,Gold,,634.0175691778774,2026-02-23T23:35:09.628839Z,eff9a4e2-a2ab-45d4-a142-64a9aa4fc6e9
Essential Operation,5932.0,9.0,7,Object Transfer,2026-02-23T23:35:23.892890Z,1137039,12.835,#C C drops a spoon,"[CtxFixed] The current action involves dropping a spoon, which is part of the cleaning process and can be considered an essential operation in the context of cleaning utensils.",r001,Cleaning,silver,Bad,,648.8351791778774,2026-02-23T23:35:23.892924Z,eff9a4e2-a2ab-45d4-a142-64a9aa4fc6e9
Object Transfer,5933.0,9.0,7,,2026-02-23T23:35:30.487950Z,1137040,5.115,#C C drops a cup,"[CtxFixed] The action of dropping a cup is a deliberate placement of the object onto a surface, which fits the criteria for 'Object Transfer'.",r001,Cleaning,silver,Gold,,734.0168491778774,2026-02-23T23:35:30.487964Z,eff9a4e2-a2ab-45d4-a142-64a9aa4fc6e9
Object Transfer,5934.0,9.0,7,,2026-02-23T23:35:37.409314Z,1137041,5.266,#C C turns off a tap,Turning off a tap is a logistics step involving a specific action with the hand.,r001,Cleaning,silver,Gold,,756.6532691778774,2026-02-23T23:35:37.409347Z,eff9a4e2-a2ab-45d4-a142-64a9aa4fc6e9
Object Transfer,5935.0,9.0,7,,2026-02-23T23:35:46.663088Z,1137042,7.811,#C C pulls kitchen drawer,Logistics action involving drawer movement.,r001,Cleaning,silver,Gold,,939.674717613672,2026-02-23T23:35:46.663104Z,eff9a4e2-a2ab-45d4-a142-64a9aa4fc6e9
Stationary,5936.0,9.0,7,,2026-02-23T23:35:56.584748Z,1137043,8.193,#C C folds a pillow cover,The action involves minimal movement and is likely performed while standing or sitting still.,r001,Cleaning,silver,Gold,,1118.7346276136718,2026-02-23T23:35:56.584783Z,eff9a4e2-a2ab-45d4-a142-64a9aa4fc6e9
Locomotion,5937.0,9.0,7,,2026-02-23T23:36:52.835993Z,1137044,54.904,#C C hits another sack with left leg,"Body moving through space, likely involves leg movement.",r001,Mechanical Repair,silver,Gold,,344.94503684388707,2026-02-23T23:36:52.836017Z,f522ce65-50a9-4119-9d49-57c32dea58f7
Object Transfer,5938.0,9.0,7,,2026-02-23T23:37:00.880924Z,1137045,6.578,#C C hangs the saw,"Logistics step, moving the saw to hang it.",r001,Mechanical Repair,silver,Gold,,351.00303684388706,2026-02-23T23:37:00.880956Z,f522ce65-50a9-4119-9d49-57c32dea58f7
Object Transfer,5939.0,9.0,7,,2026-02-23T23:37:09.674067Z,1137046,7.185,#C C picks a metal,Logistics step of picking up an object.,r001,Mechanical Repair,silver,Gold,,362.0080368438871,2026-02-23T23:37:09.674091Z,f522ce65-50a9-4119-9d49-57c32dea58f7
Search,5940.0,9.0,7,,2026-02-23T23:37:22.233398Z,1137047,5.587,#C C looks at the metal,"Head movement (visual inspection), hands mostly still.",r001,Mechanical Repair,silver,Gold,,363.72307684388704,2026-02-23T23:37:22.233430Z,f522ce65-50a9-4119-9d49-57c32dea58f7
Object Transfer,5941.0,9.0,7,,2026-02-23T23:37:31.757940Z,1137048,7.798,#C C puts clothing in a basket,"Logistics of moving objects, short bursts of hand activity.",r001,Mechanical Repair,silver,Gold,,385.9950368438871,2026-02-23T23:37:31.757963Z,f522ce65-50a9-4119-9d49-57c32dea58f7
Object Transfer,5942.0,9.0,7,,2026-02-23T23:37:38.157286Z,1137049,4.844,#C C puts the bag on the floor,Logistics step of placing an object.,r001,Mechanical Repair,silver,Gold,,452.1570368438871,2026-02-23T23:37:38.157300Z,f522ce65-50a9-4119-9d49-57c32dea58f7
Object Transfer,5943.0,9.0,7,,2026-02-23T23:37:44.545858Z,1137050,4.804,#C C puts a cloth in a container,Logistics step involving picking up and placing the cloth.,r001,Mechanical Repair,silver,Gold,,458.1950368438871,2026-02-23T23:37:44.545891Z,f522ce65-50a9-4119-9d49-57c32dea58f7
Object Transfer,5944.0,9.0,7,,2026-02-23T23:37:53.508889Z,1137051,7.467,#C C puts the utensils in the crate,Logistics step involving picking up and putting down objects.,r001,Mechanical Repair,silver,Gold,,542.9740368438871,2026-02-23T23:37:53.508903Z,f522ce65-50a9-4119-9d49-57c32dea58f7
Search,5945.0,9.0,7,,2026-02-23T23:38:02.304986Z,1137052,6.933,#C C looks at handles,"Head movement (visual inspection), hands mostly still.",r001,Mechanical Repair,silver,Gold,,568.859427613672,2026-02-23T23:38:02.305019Z,f522ce65-50a9-4119-9d49-57c32dea58f7
Search,5967.0,9.0,7,,2026-02-23T23:43:32.442843Z,1137053,6.104,#C C looks in the box,"Head movement (visual search), hands mostly still.",r001,Mechanical Repair,silver,Gold,,574.332507613672,2026-02-23T23:43:32.442867Z,f522ce65-50a9-4119-9d49-57c32dea58f7
Search,5968.0,9.0,7,,2026-02-23T23:43:42.537528Z,1137054,7.289,#C C searches in the box,"Head movement (visual search), hands mostly still.",r001,Mechanical Repair,silver,Gold,,580.495057613672,2026-02-23T23:43:42.537561Z,f522ce65-50a9-4119-9d49-57c32dea58f7
Object Transfer,5969.0,9.0,7,,2026-02-23T23:43:52.656452Z,1137055,8.376,#C C removes a nail from the paper,"The action involves picking up and removing an object, which is a logistics step.",r001,Mechanical Repair,silver,Gold,,1034.3122529100915,2026-02-23T23:43:52.656476Z,f522ce65-50a9-4119-9d49-57c32dea58f7
Object Transfer,5970.0,9.0,7,,2026-02-23T23:44:04.827791Z,1137056,10.39,#C C places the metal on the floor,"Logistics step, placing an object.",r001,Mechanical Repair,silver,Gold,,1060.7730829100915,2026-02-23T23:44:04.827822Z,f522ce65-50a9-4119-9d49-57c32dea58f7
Object Transfer,5971.0,9.0,7,,2026-02-23T23:44:16.130694Z,1137057,9.671,#C C puts metal clips in plastic bag,Logistics step involving picking up and placing clips into a bag.,r001,Mechanical Repair,silver,Gold,,1155.5805571449218,2026-02-23T23:44:16.130710Z,f522ce65-50a9-4119-9d49-57c32dea58f7
Object Transfer,5972.0,9.0,7,,2026-02-23T23:44:24.148041Z,1137058,6.406,#C C moves plastic bottle lid aside,Logistics/moving an object out of the way.,r001,Mechanical Repair,silver,Gold,,1205.086107144922,2026-02-23T23:44:24.148072Z,f522ce65-50a9-4119-9d49-57c32dea58f7
Object Transfer,5973.0,9.0,7,,2026-02-23T23:44:34.599937Z,1137059,8.754,#C C moves electric cable aside,Logistics step involving moving an object (electric cable).,r001,Mechanical Repair,silver,Gold,,1209.233007144922,2026-02-23T23:44:34.599961Z,f522ce65-50a9-4119-9d49-57c32dea58f7
Locomotion,5974.0,9.0,7,,2026-02-23T23:44:42.746849Z,1137060,6.675,#C C puts up a ladder,"Movement of the body to place the ladder, involving significant body acceleration.",r001,Mechanical Repair,silver,Gold,,1355.3526471449218,2026-02-23T23:44:42.746882Z,f522ce65-50a9-4119-9d49-57c32dea58f7
Object Transfer,5975.0,9.0,7,,2026-02-23T23:45:10.710360Z,1137061,26.286,#C C throws the nylon,[CtxFixed] The action of throwing the nylon is a continuation of the previous actions involving the transfer of objects. It appears to be a deliberate action rather than an error or correction.,r001,Mechanical Repair,silver,Gold,,1398.7371859242187,2026-02-23T23:45:10.710383Z,f522ce65-50a9-4119-9d49-57c32dea58f7
Search,5976.0,9.0,7,,2026-02-23T23:45:20.298226Z,1137062,7.747,#C C checks the nuts,Head and hand movements likely involved in inspecting the nuts.,r001,Mechanical Repair,silver,Gold,,1421.8763959242187,2026-02-23T23:45:20.298260Z,f522ce65-50a9-4119-9d49-57c32dea58f7
Object Transfer,5977.0,9.0,7,,2026-02-23T23:45:45.374201Z,1137063,21.361,#C C takes #unsure from the nylon,"[CtxFixed] The current action involves taking something from the nylon, which implies a transfer of an object.",r001,Mechanical Repair,silver,Gold,,1461.1917659242183,2026-02-23T23:45:45.374214Z,f522ce65-50a9-4119-9d49-57c32dea58f7
Stationary,5978.0,9.0,7,,2026-02-23T23:46:01.387343Z,1137064,5.678,#C C holds the rope,"Low body/hand motion, holding an object without moving.",r001,Mechanical Repair,silver,Gold,,1496.7141259242187,2026-02-23T23:46:01.387377Z,f522ce65-50a9-4119-9d49-57c32dea58f7
Search,5979.0,9.0,7,,2026-02-23T23:46:15.290341Z,1137065,4.877,#C C checks the nails,"Head movement (visual search), hands mostly still.",r001,Mechanical Repair,silver,Gold,,1558.343915924219,2026-02-23T23:46:15.290373Z,f522ce65-50a9-4119-9d49-57c32dea58f7
