"action","annotation_id","annotator","batch","corrected_action","created_at","id","lead_time","narration_text","reasoning","round","scenario","status","status_main","status_secondary","timestamp_sec","updated_at","video_uid"
"Stationary",1,"1",11,"","2026-02-22T03:21:50.308203Z",1,260.308,"#O man A claps his hands","Clapping hands can be considered a stationary action if it is not part of a larger movement or locomotion.","r001","Playing Instrument","silver","Gold","",7.299668599999999,"2026-02-23T00:28:31.304351Z","07884569-3860-4a20-8c85-278eefbd678e"
"Stationary",2,"1",11,"","2026-02-22T03:42:43.067989Z",2,18.235,"#C C divides the cards","The action of dividing cards is a low-energy, stationary activity.","r001","Playing Instrument","silver","","Skip",16.587258600000002,"2026-02-22T03:42:43.068002Z","07884569-3860-4a20-8c85-278eefbd678e"
"Object Transfer",3,"1",11,"Stationary","2026-02-22T03:43:31.898474Z",3,46.991,"#O man A puts hand on top of the hand of C","Logistics step involving a physical interaction.","r001","Playing Instrument","silver","Bad","",122.2879386,"2026-02-22T03:43:31.898491Z","07884569-3860-4a20-8c85-278eefbd678e"
"Stationary",4,"1",11,"","2026-02-22T03:43:47.414320Z",4,13.063,"#C C pulls up the sweater","The action of pulling up a sweater is a brief, low-energy motion.","r001","Playing Instrument","silver","Gold","",182.7122886,"2026-02-22T03:43:47.414332Z","07884569-3860-4a20-8c85-278eefbd678e"
"Stationary",5,"1",11,"","2026-02-22T03:47:59.870446Z",5,12.894,"#O man A picks the cards","The action described seems unrelated to playing an instrument and does not involve significant body or hand motion.","r001","Playing Instrument","silver","","Skip",219.2124486,"2026-02-22T03:47:59.870466Z","07884569-3860-4a20-8c85-278eefbd678e"
"Object Transfer",14,"1",11,"Stationary","2026-02-22T04:03:52.031937Z",6,29.721,"#C C puts hand up","Logistics/Setup step (putting hand up to likely hold an instrument).","r001","Playing Instrument","silver","Bad","",297.6517961585938,"2026-02-22T04:03:52.031949Z","07884569-3860-4a20-8c85-278eefbd678e"
"Stationary",6,"1",11,"","2026-02-22T03:56:50.775072Z",7,13.582,"#O man A points at the cards","The action describes a pointing gesture which involves minimal body movement.","r001","Playing Instrument","silver","Gold","",675.3943343045785,"2026-02-22T03:56:50.775094Z","07884569-3860-4a20-8c85-278eefbd678e"
"Stationary",7,"1",11,"","2026-02-22T03:56:59.638167Z",8,5.496,"#C C pulls up his sweater","The action of pulling up a sweater is a brief, low-energy motion.","r001","Playing Instrument","silver","Gold","",814.2123843045784,"2026-02-22T03:56:59.638181Z","07884569-3860-4a20-8c85-278eefbd678e"
"Stationary",8,"1",11,"","2026-02-22T03:58:59.036974Z",9,10.703,"#C C swipes on the phone","Low body/hand motion, likely focused on the phone.","r001","Playing Instrument","silver","Gold","",937.053897144922,"2026-02-22T03:58:59.036989Z","07884569-3860-4a20-8c85-278eefbd678e"
"Stationary",9,"1",11,"","2026-02-22T04:01:24.545087Z",10,8.446,"#C C puts hands up","The action describes a preparatory movement without active engagement with the instrument, indicating low energy and no significant motion.","r001","Playing Instrument","silver","Gold","",1160.6129573792969,"2026-02-22T04:01:24.545102Z","07884569-3860-4a20-8c85-278eefbd678e"
"Locomotion",10,"1",11,"","2026-02-22T04:01:53.480246Z",11,24.689,"#C C catches up with a man H","[CtxFixed] The current action describes the continuation of movement, specifically catching up with another person, which falls under the category of Locomotion.","r001","Cleaning","silver","","Skip",102.0612,"2026-02-22T04:01:53.480260Z","09c98c4f-dc2a-429b-8afa-624211cd4bfd"
"Object Transfer",11,"1",11,"","2026-02-22T04:02:09.585995Z",12,19.689,"#C C puts a packet of # #unsure inside the container","Logistics step involving picking up and placing an item.","r001","Cleaning","silver","Gold","",27.679625266666665,"2026-02-23T00:32:37.867523Z","0cf71e76-0ed9-4fb9-875f-be49528105b7"
"Locomotion",12,"1",11,"Object Transfer","2026-02-22T04:03:07.766906Z",13,55.387,"#C C carries a packet of wipes up","Body moving through space with an object, high body acceleration.","r001","Cleaning","silver","Bad","",33.33901526666667,"2026-02-22T04:03:07.766921Z","0cf71e76-0ed9-4fb9-875f-be49528105b7"
"Locomotion",13,"1",11,"Object Transfer","2026-02-22T04:03:30.932025Z",14,12.538,"#C C carries up a plastic container","Body moving through space with an object.","r001","Cleaning","silver","Bad","",33.80511526666667,"2026-02-22T04:03:30.932039Z","0cf71e76-0ed9-4fb9-875f-be49528105b7"
"Object Transfer",15,"1",11,"","2026-02-22T04:19:16.779932Z",15,922.113,"#C C picks the suitcase","Logistics step involving picking up an object.","r001","Cleaning","silver","Gold","",37.396665266666666,"2026-02-22T04:19:16.779944Z","0cf71e76-0ed9-4fb9-875f-be49528105b7"
"Object Transfer",16,"1",11,"","2026-02-22T19:16:41.027507Z",16,27.596,"#C C opens the suitcase","Opening an object, which involves a short burst of hand activity.","r001","Cleaning","silver","Gold","",48.96405526666667,"2026-02-22T21:53:59.712460Z","0cf71e76-0ed9-4fb9-875f-be49528105b7"
"Object Transfer",17,"1",11,"","2026-02-22T19:16:52.068440Z",17,9.475,"#C C puts the monitor on the coach","Logistics/Setup step involving moving an object.","r001","Cleaning","silver","Gold","",160.92219526666668,"2026-02-22T19:16:52.068455Z","0cf71e76-0ed9-4fb9-875f-be49528105b7"
"Locomotion",18,"1",11,"","2026-02-22T19:17:03.212396Z",18,8.08,"#C C walks back to the room","Body moving through space (walking).","r001","Cleaning","silver","Gold","",166.67951526666667,"2026-02-22T19:17:03.212420Z","0cf71e76-0ed9-4fb9-875f-be49528105b7"
"Stationary",19,"1",11,"","2026-02-22T19:17:13.472830Z",19,9.177,"#C C holds the chair with the hand","Low body/hand motion, holding an object without movement.","r001","Cleaning","silver","Gold","",183.2158552666667,"2026-02-22T19:17:13.472862Z","0cf71e76-0ed9-4fb9-875f-be49528105b7"
"Essential Operation",20,"1",11,"","2026-02-22T19:17:21.040683Z",20,6.564,"#C C folds the electrical cable","Core manual task involving hand manipulation.","r001","Cleaning","silver","Gold","",192.92611526666667,"2026-02-22T19:17:21.040696Z","0cf71e76-0ed9-4fb9-875f-be49528105b7"
"Object Transfer",21,"1",11,"","2026-02-22T19:18:10.988287Z",21,8.564,"#C C puts the electrical cable down on the table","Logistics step involving moving an object (cable).","r001","Cleaning","silver","Gold","",208.87299526666663,"2026-02-22T19:18:10.988302Z","0cf71e76-0ed9-4fb9-875f-be49528105b7"
"Essential Operation",22,"1",11,"","2026-02-22T19:18:23.148471Z",22,6.979,"#C C zip the inner part of the suitcase","Core manual task involving fine motor skills.","r001","Cleaning","silver","Gold","",242.05771526666663,"2026-02-22T19:18:23.148490Z","0cf71e76-0ed9-4fb9-875f-be49528105b7"
"Object Transfer",23,"1",11,"","2026-02-22T19:18:31.062354Z",23,4.921,"#C C drops the cables in suit case.","[CtxFixed] The action of dropping the cables into the suitcase is a deliberate placement, which fits the criteria for Object Transfer.","r001","Cleaning","silver","Gold","",291.71412526666666,"2026-02-22T19:18:31.062367Z","0cf71e76-0ed9-4fb9-875f-be49528105b7"
"Object Transfer",24,"1",11,"","2026-02-22T19:18:37.060192Z",24,4.808,"#C C puts the computer in the vehicle.","Logistics step involving moving an object from one location to another.","r001","Cleaning","silver","Gold","",461.5052852666667,"2026-02-22T19:18:37.060216Z","0cf71e76-0ed9-4fb9-875f-be49528105b7"
"Object Transfer",25,"1",11,"","2026-02-22T19:18:45.769869Z",25,7.729,"#C C grabs a polythene bag","Logistics step involving picking up an object.","r001","Cleaning","silver","Gold","",576.5108852666667,"2026-02-22T19:18:45.769881Z","0cf71e76-0ed9-4fb9-875f-be49528105b7"
"Object Transfer",26,"1",11,"Essential Operation","2026-02-22T19:28:20.693535Z",26,574.147,"#C C closes the suitcase","Closing an object, which involves a short burst of hand activity.","r001","Cleaning","silver","Bad","",713.5412652666668,"2026-02-22T19:28:20.693556Z","0cf71e76-0ed9-4fb9-875f-be49528105b7"
"Essential Operation",27,"1",11,"","2026-02-22T19:29:18.702204Z",27,52.506,"#C C loosens the second tripod","Core manual task, likely involves manipulation and force.","r001","Cleaning","silver","Gold","",1180.3724219333333,"2026-02-22T19:29:18.702218Z","0cf71e76-0ed9-4fb9-875f-be49528105b7"
"Locomotion",28,"1",11,"Object Transfer","2026-02-22T19:43:15.779323Z",28,836.293,"#C C carries the suitcase from the ground","Body moving through space to carry an object.","r001","Cleaning","silver","Bad","",1480.0884919333332,"2026-02-22T19:43:15.779344Z","0cf71e76-0ed9-4fb9-875f-be49528105b7"
"Object Transfer",29,"1",11,"","2026-02-22T19:43:29.701041Z",29,9.082,"#C C places the suitcase on the ground","Logistics step involving the placement of an object.","r001","Cleaning","silver","Gold","",1481.7704219333334,"2026-02-22T19:43:29.701059Z","0cf71e76-0ed9-4fb9-875f-be49528105b7"
"Stationary",30,"1",11,"","2026-02-22T19:43:40.601540Z",30,10.445,"#C C joins two eye glasses together","Low body/hand motion, fine manipulation.","r001","Cleaning","silver","Gold","",1534.1206519333334,"2026-02-22T19:43:40.601560Z","0cf71e76-0ed9-4fb9-875f-be49528105b7"
"Locomotion",31,"1",11,"","2026-02-22T19:43:57.552448Z",31,16.464,"# C C walks around the area","Movement through space, indicative of walking.","r001","Cleaning","silver","Gold","",1835.4090886,"2026-02-22T19:43:57.552467Z","0cf71e76-0ed9-4fb9-875f-be49528105b7"
"Locomotion",32,"1",11,"","2026-02-22T19:44:44.885950Z",32,46.874,"# C C walks towards the door","Body moving through space (walking).","r001","Cleaning","silver","Gold","",1848.3264686,"2026-02-22T19:44:44.885963Z","0cf71e76-0ed9-4fb9-875f-be49528105b7"
"Stationary",33,"1",11,"Essential Operation","2026-02-22T19:49:01.607258Z",33,256.174,"#C C switches off the socket","Low body/hand motion, likely involves pressing a button or flipping a switch.","r001","Cleaning","silver","Bad","",4.5215786,"2026-02-22T19:49:01.607271Z","0dbabadf-c3d5-4e98-bb20-ce9d930c2474"
"Object Transfer",34,"1",11,"Essential Operation","2026-02-22T19:49:16.009344Z",34,7.987,"#C C pulls brush out of the cord","Logistics action involving picking up or moving an object.","r001","Cleaning","silver","Bad","",108.4462586,"2026-02-22T19:49:16.009362Z","0dbabadf-c3d5-4e98-bb20-ce9d930c2474"
"Object Transfer",35,"1",11,"","2026-02-22T19:49:29.680057Z",35,13.023,"#C C puts pipe in a bag compartment","Logistics step, placing an object into a bag.","r001","Cleaning","silver","Gold","",911.4225159242188,"2026-02-22T19:49:29.680075Z","0dbabadf-c3d5-4e98-bb20-ce9d930c2474"
"Search",36,"1",11,"","2026-02-22T19:50:11.672304Z",36,12.113,"#C C looks at wrist","Head movement (looking), hands mostly still.","r001","Walking Outdoors","silver","Gold","",3.25427,"2026-02-22T19:50:11.672318Z","0e417ecf-8900-484b-bfb3-ccafef9a185b"
"Stationary",37,"1",11,"Object Transfer","2026-02-22T19:50:18.634223Z",37,6.27,"#C C puts pen down","The action involves a static gesture (putting pen down) with low body and hand motion.","r001","Walking Outdoors","silver","Bad","",78.96478,"2026-02-22T19:50:18.634241Z","0e417ecf-8900-484b-bfb3-ccafef9a185b"
"Essential Operation",38,"1",11,"","2026-02-22T19:50:23.122362Z",38,4.062,"#C C sanitizes hands","Core manual task involving hand activity.","r001","Walking Outdoors","silver","Gold","",129.31068,"2026-02-22T19:50:23.122377Z","0e417ecf-8900-484b-bfb3-ccafef9a185b"
"Object Transfer",39,"1",11,"","2026-02-22T19:50:31.192440Z",39,7.608,"#C C takes bottle from cabinet","Logistics action of picking up an object.","r001","Walking Outdoors","silver","Gold","",208.1547,"2026-02-22T19:50:31.192458Z","0e417ecf-8900-484b-bfb3-ccafef9a185b"
"Search",40,"1",11,"","2026-02-22T19:50:37.899219Z",40,6.297,"#C C looks at bottle from cabinet","Head movement (visual inspection), hands mostly still.","r001","Walking Outdoors","silver","Gold","",220.32043,"2026-02-22T19:50:37.899232Z","0e417ecf-8900-484b-bfb3-ccafef9a185b"
"Search",41,"1",11,"","2026-02-22T19:50:46.175498Z",41,7.753,"#C C looks at tubes","Head movement (looking), hands mostly still.","r001","Walking Outdoors","silver","Gold","",293.38904,"2026-02-22T19:50:46.175516Z","0e417ecf-8900-484b-bfb3-ccafef9a185b"
"Object Transfer",42,"1",11,"","2026-02-22T19:50:52.009336Z",42,5.443,"#C C puts tubes down","Action involves placing objects, short bursts of hand acceleration.","r001","Walking Outdoors","silver","Gold","",295.38891,"2026-02-22T19:50:52.009356Z","0e417ecf-8900-484b-bfb3-ccafef9a185b"
"Search",43,"1",11,"","2026-02-22T19:50:55.539730Z",43,3.187,"#C C looks at glass","Head movement (visual search), hands mostly still.","r001","Walking Outdoors","silver","Gold","",323.63478,"2026-02-22T19:50:55.539746Z","0e417ecf-8900-484b-bfb3-ccafef9a185b"
"Object Transfer",44,"1",11,"","2026-02-22T19:59:22.737710Z",44,506.82,"#C C puts glass down","Logistics step of placing an object.","r001","Walking Outdoors","silver","Gold","",368.04683,"2026-02-22T19:59:22.737726Z","0e417ecf-8900-484b-bfb3-ccafef9a185b"
"Essential Operation",45,"1",11,"","2026-02-22T19:59:30.844891Z",45,7.186,"#C C writes on the glove","Core manual task involving high hand activity.","r001","Walking Outdoors","silver","Gold","",498.224,"2026-02-22T19:59:30.844908Z","0e417ecf-8900-484b-bfb3-ccafef9a185b"
"Object Transfer",46,"1",11,"","2026-02-22T19:59:34.651917Z",46,3.123,"#C C puts plastic in bin","Logistics action of putting an item into a bin.","r001","Walking Outdoors","silver","Gold","",564.3646833333333,"2026-02-22T19:59:34.651936Z","0e417ecf-8900-484b-bfb3-ccafef9a185b"
"Essential Operation",47,"1",11,"","2026-02-22T19:59:38.761100Z",47,3.619,"#C C writes on the glass with a mark pen","Core manual task involving high hand activity.","r001","Walking Outdoors","silver","Gold","",656.6899433333333,"2026-02-22T19:59:38.761117Z","0e417ecf-8900-484b-bfb3-ccafef9a185b"
"Stationary",48,"1",11,"Object Transfer","2026-02-22T19:59:50.976714Z",48,11.798,"#C C puts calculator down","The action describes a static action (putting something down) rather than movement through space.","r001","Walking Outdoors","silver","Bad","",676.4629333333334,"2026-02-22T19:59:50.976729Z","0e417ecf-8900-484b-bfb3-ccafef9a185b"
"Stationary",49,"1",11,"Locomotion","2026-02-22T20:00:15.380137Z",49,23.759,"#C C swings with chair","[CtxFixed] The action of swinging with a chair does not involve movement from one location to another, nor does it involve transferring an object or searching for something. It is a stationary action where the person is engaged in a repetitive motion with the chair.","r001","Walking Outdoors","silver","Bad","",678.6663133333334,"2026-02-22T20:00:15.380154Z","0e417ecf-8900-484b-bfb3-ccafef9a185b"
"Object Transfer",50,"1",11,"Essential Operation","2026-02-22T20:00:26.404802Z",50,10.536,"#C C opens tube","Logistics step involving opening an object.","r001","Walking Outdoors","silver","Bad","",755.4278433333334,"2026-02-22T20:00:26.404823Z","0e417ecf-8900-484b-bfb3-ccafef9a185b"
"Essential Operation",51,"1",11,"Object Transfer","2026-02-22T20:07:48.740769Z",51,454.53000000000003,"#C C puts liquid in test tube","Core manual task involving precise hand movements.","r001","Walking Outdoors","silver","Gold","",788.0796433333334,"2026-02-22T21:13:03.371411Z","0e417ecf-8900-484b-bfb3-ccafef9a185b"
"Essential Operation",52,"1",11,"","2026-02-22T20:07:52.216355Z",52,2.72,"#C C closes bottle","Closing a bottle involves a specific manual task with high hand activity.","r001","Walking Outdoors","silver","Gold","",795.2402933333333,"2026-02-22T20:07:52.216372Z","0e417ecf-8900-484b-bfb3-ccafef9a185b"
"Essential Operation",53,"1",11,"","2026-02-22T20:07:56.853338Z",53,4.256,"#C C takes liquid from bottle using measuring tube","Core task involving manual manipulation with high hand activity.","r001","Walking Outdoors","silver","Gold","",831.3745533333333,"2026-02-22T20:07:56.853353Z","0e417ecf-8900-484b-bfb3-ccafef9a185b"
"Stationary",54,"1",11,"Essential Operation","2026-02-22T20:43:59.785363Z",54,9.642,"#C C sanitizes pack","The action describes a static activity (sanitizing), not involving movement through space.","r001","Walking Outdoors","silver","Bad","",988.7324733333334,"2026-02-22T20:43:59.785380Z","0e417ecf-8900-484b-bfb3-ccafef9a185b"
"Essential Operation",55,"1",11,"","2026-02-22T20:44:09.635597Z",55,8.756,"#C C sanitizes bottle","Core manual task involving high hand activity.","r001","Walking Outdoors","silver","Gold","",1038.2711833333333,"2026-02-22T20:44:09.635621Z","0e417ecf-8900-484b-bfb3-ccafef9a185b"
"Essential Operation",56,"1",11,"","2026-02-22T20:44:13.733874Z",56,3.226,"#C C sanitizes measuring tube","Core task involving high hand activity.","r001","Walking Outdoors","silver","Gold","",1078.3534926666666,"2026-02-22T20:44:13.733888Z","0e417ecf-8900-484b-bfb3-ccafef9a185b"
"Stationary",57,"1",11,"Essential Operation","2026-02-22T20:44:22.688280Z",57,8.352,"#C C closes cabinet","The action of closing a cabinet is a discrete movement that does not involve continuous locomotion or high body acceleration.","r001","Walking Outdoors","silver","Bad","",1129.0622166666667,"2026-02-22T20:44:22.688297Z","0e417ecf-8900-484b-bfb3-ccafef9a185b"
"Object Transfer",58,"1",11,"","2026-02-22T20:44:34.841233Z",58,11.322,"#C C puts plastic box down","The action involves placing an object (putting down a plastic box), which is a logistics step.","r001","Walking Outdoors","silver","Gold","",1139.7559766666666,"2026-02-22T20:44:34.841254Z","0e417ecf-8900-484b-bfb3-ccafef9a185b"
"Object Transfer",59,"1",11,"","2026-02-22T20:44:44.712225Z",59,9.421,"#C C puts water gun aside","The action involves setting aside an object, which is a logistics step.","r001","Walking Outdoors","silver","","Skip",1180.9150066666666,"2026-02-22T20:44:44.712239Z","0e417ecf-8900-484b-bfb3-ccafef9a185b"
"Stationary",60,"1",11,"","2026-02-22T20:44:54.583696Z",60,9.394,"#C C puts water gun down","Putting an object down indicates a pause in movement, low energy state.","r001","Walking Outdoors","silver","","Skip",1187.3902666666668,"2026-02-22T20:44:54.583709Z","0e417ecf-8900-484b-bfb3-ccafef9a185b"
"Object Transfer",61,"1",11,"Essential Operation","2026-02-22T20:45:01.378706Z",61,6.335,"#C C opens machine","Action involves opening a machine, which is a logistics step.","r001","Walking Outdoors","silver","Bad","",1287.7900166666666,"2026-02-22T20:45:01.378719Z","0e417ecf-8900-484b-bfb3-ccafef9a185b"
"Object Transfer",62,"1",11,"","2026-02-22T20:45:06.290535Z",62,4.536,"#C C puts tube in drawer","Logistics step involving placing an object in a drawer.","r001","Walking Outdoors","silver","Gold","",1292.9428266666666,"2026-02-22T20:45:06.290547Z","0e417ecf-8900-484b-bfb3-ccafef9a185b"
"Stationary",63,"1",11,"","2026-02-22T20:45:16.139674Z",63,9.486,"#C C holds test tube","The action describes holding a test tube which involves minimal movement.","r001","Walking Outdoors","silver","Gold","",1328.619146666667,"2026-02-22T20:45:16.139685Z","0e417ecf-8900-484b-bfb3-ccafef9a185b"
"Essential Operation",64,"1",11,"Object Transfer","2026-02-22T20:45:20.989659Z",64,7.836,"#C C puts liquid in tube","Core manual task involving precise hand movements.","r001","Walking Outdoors","silver","Gold","",1385.2490466666668,"2026-02-22T21:14:54.644532Z","0e417ecf-8900-484b-bfb3-ccafef9a185b"
"Essential Operation",65,"1",11,"Object Transfer","2026-02-22T20:45:24.472087Z",65,6.742,"#C C takes liquid from bottle","Core manual task involving the hands with high activity.","r001","Walking Outdoors","silver","Gold","",1456.5240166666667,"2026-02-22T21:15:00.587194Z","0e417ecf-8900-484b-bfb3-ccafef9a185b"
"Stationary",66,"1",11,"Essential Operation","2026-02-22T20:45:30.393662Z",66,5.516,"#C C closes tube","Closing a tube is a brief action that does not involve significant movement.","r001","Walking Outdoors","silver","Bad","",1524.9868566666669,"2026-02-22T20:45:30.393687Z","0e417ecf-8900-484b-bfb3-ccafef9a185b"
"Essential Operation",67,"1",11,"Object Transfer","2026-02-22T20:45:33.821319Z",67,6.689,"#C C puts liquid in glass","Core manual task involving pouring liquid, high hand activity.","r001","Walking Outdoors","silver","Gold","",1571.0786566666666,"2026-02-22T21:15:06.388920Z","0e417ecf-8900-484b-bfb3-ccafef9a185b"
"Stationary",68,"1",11,"Object Transfer","2026-02-22T20:45:40.178671Z",68,11.594,"#C C puts #unsure down","The action indicates a pause or uncertainty, suggesting low body and hand motion.","r001","Walking Outdoors","silver","Bad","",1652.81564,"2026-02-23T00:32:31.765232Z","0e417ecf-8900-484b-bfb3-ccafef9a185b"
"Stationary",69,"1",11,"","2026-02-22T20:45:43.593183Z",69,10.269,"#C C opens #unsure","The action is unclear, but it seems like a brief, stationary interaction.","r001","Walking Outdoors","silver","","Skip",1661.09651,"2026-02-23T00:32:24.445964Z","0e417ecf-8900-484b-bfb3-ccafef9a185b"
"Object Transfer",70,"1",11,"","2026-02-22T20:45:53.126329Z",70,9.144,"#C C picks tube from container","Logistics step of picking up an object.","r001","Walking Outdoors","silver","Gold","",1687.45432,"2026-02-22T20:45:53.126342Z","0e417ecf-8900-484b-bfb3-ccafef9a185b"
"Object Transfer",71,"1",11,"","2026-02-22T20:45:58.006568Z",71,3.951,"#C C picks tube","Logistics step involving picking up an object.","r001","Walking Outdoors","silver","Gold","",1720.15038,"2026-02-22T20:45:58.006583Z","0e417ecf-8900-484b-bfb3-ccafef9a185b"
"Essential Operation",72,"1",11,"Object Transfer","2026-02-22T20:46:08.939276Z",72,13.482000000000001,"#C C takes liquid from test tube","Core task involving manipulation with hands, likely requiring fine motor skills.","r001","Walking Outdoors","silver","Gold","",1723.31006,"2026-02-22T21:15:14.229706Z","0e417ecf-8900-484b-bfb3-ccafef9a185b"
"Stationary",73,"1",11,"","2026-02-22T20:46:15.752496Z",73,5.284,"#C C closes fridge","Action is performed while stationary, not involving locomotion.","r001","Walking Outdoors","silver","Gold","",1793.60987,"2026-02-22T20:46:15.752514Z","0e417ecf-8900-484b-bfb3-ccafef9a185b"
"Essential Operation",74,"1",11,"","2026-02-22T20:46:20.203737Z",74,3.306,"#C C cleans the camera with the cotton wool.","Core manual task involving high hand activity.","r001","Cleaning","silver","Gold","",52.7252906,"2026-02-22T20:46:20.203758Z","111ee12a-6af2-4bfc-8586-e706568fd078"
"Object Transfer",75,"1",11,"","2026-02-22T20:46:28.704266Z",75,7.241,"#C C moves the brush from his left to his right hand.","Logistics of moving an object between hands.","r001","Cleaning","silver","Gold","",129.18756059999998,"2026-02-22T20:46:28.704284Z","111ee12a-6af2-4bfc-8586-e706568fd078"
"Stationary",76,"1",11,"","2026-02-22T20:46:32.188313Z",76,3.138,"#C C holds the camera with his right hand.","Holding an object with minimal movement.","r001","Cleaning","silver","Gold","",146.41820059999998,"2026-02-22T20:46:32.188331Z","111ee12a-6af2-4bfc-8586-e706568fd078"
"Object Transfer",77,"1",11,"","2026-02-22T20:46:36.736834Z",77,4.223,"#C C drops the cotton wool on the table.","Refined via regex fallback","r001","Cleaning","silver","Gold","",172.73921059999998,"2026-02-22T20:46:36.736854Z","111ee12a-6af2-4bfc-8586-e706568fd078"
"Essential Operation",78,"1",11,"","2026-02-22T20:46:43.217932Z",78,6.138,"#C C sprays the camera in his left hand with the air blow gun in his right hand. #Unsure","Core cleaning task involving high hand activity with both hands.","r001","Cleaning","silver","Gold","",659.369181432255,"2026-02-22T20:46:43.217949Z","111ee12a-6af2-4bfc-8586-e706568fd078"
"Stationary",79,"1",11,"","2026-02-22T20:46:46.646748Z",79,3.026,"#C C holds the camera with both hands.","Low body/hand motion, holding an object without movement.","r001","Cleaning","silver","Gold","",678.1100114322551,"2026-02-22T20:46:46.646822Z","111ee12a-6af2-4bfc-8586-e706568fd078"
"Essential Operation",80,"1",11,"","2026-02-22T20:46:51.040975Z",80,4.093,"#C C cleans the camera with the cleaning brush in his right hand.","Core task involving manual operation with the cleaning brush.","r001","Cleaning","silver","Gold","",875.7875954322551,"2026-02-22T20:46:51.040988Z","111ee12a-6af2-4bfc-8586-e706568fd078"
"Object Transfer",81,"1",11,"","2026-02-22T20:59:06.761455Z",81,34.261,"#C C grabs the camera carton with both hands.","Logistics step involving picking up an object.","r001","Cleaning","silver","Gold","",934.79437762133,"2026-02-22T20:59:06.761480Z","111ee12a-6af2-4bfc-8586-e706568fd078"
"Object Transfer",82,"1",11,"","2026-02-22T20:59:13.974150Z",82,4.886,"#C C picks a cleaning wipe from the table with his right hand","Logistics step involving picking up an object.","r001","Cleaning","silver","Gold","",939.89069762133,"2026-02-22T20:59:13.974163Z","111ee12a-6af2-4bfc-8586-e706568fd078"
"Essential Operation",83,"1",11,"","2026-02-22T20:59:22.237941Z",83,7.413,"#C C cuts a piece of the packing tape in his left hand with his right hand.","Core manual task involving precise hand movements.","r001","Cleaning","silver","Gold","",1032.25981762133,"2026-02-22T20:59:22.237956Z","111ee12a-6af2-4bfc-8586-e706568fd078"
"Stationary",84,"1",11,"","2026-02-22T20:59:28.053858Z",84,5.203,"#C C holds the piece of packing tape with both hands","Low body/hand motion, holding an object without moving.","r001","Cleaning","silver","Gold","",1074.88565762133,"2026-02-22T20:59:28.053877Z","111ee12a-6af2-4bfc-8586-e706568fd078"
"Object Transfer",85,"1",11,"","2026-02-22T20:59:32.710336Z",85,4.321,"#C C places the cloth in his hands on the chair.","Logistics step involving placing an object (cloth) on a surface (chair).","r001","Cleaning","silver","Gold","",55.0690796,"2026-02-22T20:59:32.710357Z","162c1bc4-89df-4475-a549-3faa7ef27c1e"
"Object Transfer",86,"1",11,"","2026-02-22T20:59:37.353077Z",86,4.264,"#C C hangs the towel on the clothes hanger in the bathroom.","Logistics step involving picking up and placing the towel.","r001","Cleaning","silver","Gold","",156.83546959999998,"2026-02-22T20:59:37.353093Z","162c1bc4-89df-4475-a549-3faa7ef27c1e"
"Essential Operation",87,"1",11,"","2026-02-22T20:59:40.781221Z",87,3.097,"#C C folds the cloth with his hands.","Core manual task involving high hand activity.","r001","Cleaning","silver","Gold","",164.2619296,"2026-02-22T20:59:40.781238Z","162c1bc4-89df-4475-a549-3faa7ef27c1e"
"Object Transfer",88,"1",11,"","2026-02-22T21:00:08.595612Z",88,34.447,"#C C opens a wardrobe door with his left hand.","Logistics step involving opening a wardrobe door.","r001","Cleaning","silver","Gold","",233.9994796,"2026-02-22T21:54:22.997804Z","162c1bc4-89df-4475-a549-3faa7ef27c1e"
"Object Transfer",89,"1",11,"","2026-02-22T21:00:15.284467Z",89,6.164,"#C C passes the napkin in his left hand to his right hand.","Transferring an object from one hand to the other, involves logistics.","r001","Cleaning","silver","Gold","",371.4080909546634,"2026-02-22T21:00:15.284486Z","162c1bc4-89df-4475-a549-3faa7ef27c1e"
"Locomotion",90,"1",11,"Essential Operation","2026-02-22T21:00:40.073313Z",90,6.841,"#C C cleans with the vacuum cleaner.","Movement through space while performing a task, likely involves walking or moving the body.","r001","Cleaning","silver","Bad","",1094.3100509546634,"2026-02-22T21:00:40.073328Z","162c1bc4-89df-4475-a549-3faa7ef27c1e"
"Object Transfer",91,"1",11,"","2026-02-22T21:00:48.070461Z",91,7.436,"#C C moves the curtain with his hands.","Logistics action involving moving an object (curtain).","r001","Cleaning","silver","Gold","",1201.7616509546633,"2026-02-22T21:00:48.070474Z","162c1bc4-89df-4475-a549-3faa7ef27c1e"
"Locomotion",92,"1",11,"Object Transfer","2026-02-22T21:01:00.186466Z",92,11.683,"#C C moves the table with his hands.","Body moving through space by pushing an object (table), indicating movement and likely high body acceleration.","r001","Cleaning","silver","Bad","",1240.2383609546632,"2026-02-22T21:01:00.186485Z","162c1bc4-89df-4475-a549-3faa7ef27c1e"
"Object Transfer",93,"1",11,"","2026-02-22T21:01:05.101328Z",93,4.578,"#C C hangs the painting on a curtain rod.","The action involves moving and placing an object (hanging a painting), which is a logistics step.","r001","Cleaning","silver","Gold","",1458.9984609546632,"2026-02-22T21:01:05.101350Z","162c1bc4-89df-4475-a549-3faa7ef27c1e"
"Object Transfer",94,"1",11,"","2026-02-22T21:01:19.030447Z",94,13.321,"#C C passes the power adapter in his left hand to his right hand.","Transferring the power adapter from one hand to another, short bursts of hand activity.","r001","Cleaning","silver","Gold","",1518.6530709546632,"2026-02-22T21:01:19.030460Z","162c1bc4-89df-4475-a549-3faa7ef27c1e"
"Object Transfer",95,"1",11,"","2026-02-22T21:01:24.247425Z",95,4.851,"#C C picks a can of electronic contact cleaner spray with his left hand.","Logistics action involving picking up an object.","r001","Cleaning","silver","Gold","",1549.2677309546634,"2026-02-22T21:01:24.247443Z","162c1bc4-89df-4475-a549-3faa7ef27c1e"
"Essential Operation",96,"1",11,"","2026-02-22T21:01:29.311833Z",96,4.714,"#C C cleans the game console with the napkin in his left hand.","Core task involving manual cleaning activity, high hand activity.","r001","Cleaning","silver","Gold","",1602.7209109546634,"2026-02-22T21:01:29.311850Z","162c1bc4-89df-4475-a549-3faa7ef27c1e"
"Object Transfer",97,"1",11,"","2026-02-22T21:01:34.442321Z",97,4.755,"#C C passes the wire in his right hand to his left hand.","Transfer of an object from one hand to another.","r001","Cleaning","silver","Gold","",1668.648640954663,"2026-02-22T21:01:34.442337Z","162c1bc4-89df-4475-a549-3faa7ef27c1e"
"Essential Operation",98,"1",11,"","2026-02-22T21:01:38.473807Z",98,3.629,"#C C closes the tap with his left hand.","Closing the tap is a core manual task with focused hand activity.","r001","Cleaning","silver","Gold","",1832.629660954663,"2026-02-22T21:01:38.473820Z","162c1bc4-89df-4475-a549-3faa7ef27c1e"
"Stationary",99,"1",11,"","2026-02-22T21:02:22.191244Z",99,42.567,"#C C adjusts the watch on his left wrist with his right hand.","Low body/hand motion, minor hand activity that doesn't involve significant movement.","r001","Cleaning","silver","","Skip",1910.536790954663,"2026-02-22T21:02:22.191262Z","162c1bc4-89df-4475-a549-3faa7ef27c1e"
"Object Transfer",100,"1",11,"","2026-02-22T21:02:28.607114Z",100,5.899,"#C C disposes the papers in his hands in a bin in the toilet.","Logistics step involving picking up and disposing of items.","r001","Cleaning","silver","Gold","",2167.1113509546635,"2026-02-22T21:02:28.607134Z","162c1bc4-89df-4475-a549-3faa7ef27c1e"
"Object Transfer",101,"1",11,"","2026-02-22T21:02:34.110788Z",101,4.976,"#C C picks a soap from a wash hand basin with his right hand.","Logistics action of picking up an object.","r001","Cleaning","silver","Gold","",2168.5366509546634,"2026-02-22T21:02:34.110802Z","162c1bc4-89df-4475-a549-3faa7ef27c1e"
"Object Transfer",102,"1",11,"","2026-02-22T21:02:38.104119Z",102,3.513,"#C C picks a can of gaming gear cleaner from the shelf with his left hand.","Logistics step involving picking up an object.","r001","Cleaning","silver","Gold","",2196.755350954664,"2026-02-22T21:02:38.104131Z","162c1bc4-89df-4475-a549-3faa7ef27c1e"
"Essential Operation",103,"1",11,"","2026-02-22T21:02:42.004938Z",103,3.564,"#C C inserts the USB cord into the game controller in his right hand.","Core manual task involving precise hand movement.","r001","Cleaning","silver","Gold","",2301.9812609546634,"2026-02-22T21:02:42.004955Z","162c1bc4-89df-4475-a549-3faa7ef27c1e"
"Essential Operation",104,"1",11,"Object Transfer","2026-02-22T21:02:55.161548Z",104,17.285,"#C C pulls a wire with both hands.","Core task involving high hand activity.","r001","Cleaning","silver","Gold","",2360.297650954664,"2026-02-22T21:16:00.676160Z","162c1bc4-89df-4475-a549-3faa7ef27c1e"
"Stationary",105,"1",11,"","2026-02-22T21:03:26.476456Z",105,10.052,"# C C holds the multi plug outlet on the cabinet with his left hand.","Holding an object with minimal movement.","r001","Cleaning","silver","Gold","",2368.047440954663,"2026-02-22T21:03:26.476474Z","162c1bc4-89df-4475-a549-3faa7ef27c1e"
"Stationary",106,"1",11,"","2026-02-22T21:03:33.169862Z",106,5.051,"#C C holds a footboard","The action involves holding an object, which implies minimal movement.","r001","Cleaning","silver","Gold","",2589.086660954664,"2026-02-22T21:03:33.169885Z","162c1bc4-89df-4475-a549-3faa7ef27c1e"
"Essential Operation",107,"1",11,"","2026-02-22T21:03:38.691955Z",107,5.118,"#O The Man Z shuffles cards with both hands.","Core manual task involving high hand activity.","r001","Playing Instrument","silver","Gold","",7.5843396,"2026-02-22T21:03:38.691968Z","16ed2ae4-e1ed-4752-a8f6-a47f1544d84a"
"Object Transfer",108,"1",11,"","2026-02-22T21:03:44.142975Z",108,4.926,"#O The Man Y places a card on the table with his right hand.","Logistics step, placing an object on a surface.","r001","Playing Instrument","silver","Gold","",125.3741396,"2026-02-22T21:03:44.142991Z","16ed2ae4-e1ed-4752-a8f6-a47f1544d84a"
"Essential Operation",109,"1",11,"","2026-02-22T21:03:47.338187Z",109,2.775,"#O The Man Y shuffles cards with both hands.","Core manual task involving high hand activity.","r001","Playing Instrument","silver","Gold","",140.3842096,"2026-02-22T21:03:47.338203Z","16ed2ae4-e1ed-4752-a8f6-a47f1544d84a"
"Stationary",110,"1",11,"","2026-02-22T21:03:54.422427Z",110,6.697,"#O The Man Z scratches his head with his right hand.","Low body/hand motion, likely in a stationary position.","r001","Playing Instrument","silver","Gold","",248.0954796,"2026-02-22T21:03:54.422440Z","16ed2ae4-e1ed-4752-a8f6-a47f1544d84a"
"Stationary",111,"1",11,"","2026-02-22T21:04:03.348627Z",111,8.5,"#O The Man X adjusts his glasses with his left hand.","Low body/hand motion, primarily hand movement which is not part of playing the instrument.","r001","Playing Instrument","silver","Gold","",281.1038196,"2026-02-22T21:04:03.348649Z","16ed2ae4-e1ed-4752-a8f6-a47f1544d84a"
"Essential Operation",112,"1",11,"","2026-02-22T21:04:22.913263Z",112,19.164,"#O The Man Y adjusts cards on the table with his right hand.","Core manual task involving high hand activity.","r001","Playing Instrument","silver","","Skip",396.7712309546634,"2026-02-22T21:04:22.913279Z","16ed2ae4-e1ed-4752-a8f6-a47f1544d84a"
"Object Transfer",113,"1",11,"","2026-02-22T21:04:26.274380Z",113,2.999,"#O The Man Y adjusts the card on the table with his left hand.","The action involves moving an object (card), which is a logistics step.","r001","Playing Instrument","silver","","Skip",502.7068009546634,"2026-02-22T21:04:26.274395Z","16ed2ae4-e1ed-4752-a8f6-a47f1544d84a"
"Essential Operation",114,"1",11,"","2026-02-22T21:04:31.438158Z",114,14.527,"#O The Man Y adjusts the card on the table with his right hand.","Core manual task involving precise hand movements.","r001","Playing Instrument","silver","Gold","",527.7814109546633,"2026-02-22T21:16:22.278864Z","16ed2ae4-e1ed-4752-a8f6-a47f1544d84a"
"Object Transfer",115,"1",11,"","2026-02-22T21:04:38.270258Z",115,6.25,"#O The Man X collects a card from the Man W with his right hand.","The action involves picking up an object (collecting a card), which is a logistics step.","r001","Playing Instrument","silver","Gold","",585.4983409546634,"2026-02-22T21:04:38.270273Z","16ed2ae4-e1ed-4752-a8f6-a47f1544d84a"
"Essential Operation",116,"1",11,"","2026-02-22T21:04:45.089005Z",116,6.047,"#O The Man X shuffles cards with both hands.","Core task involving high hand activity.","r001","Playing Instrument","silver","Gold","",695.9239906213302,"2026-02-22T21:04:45.089027Z","16ed2ae4-e1ed-4752-a8f6-a47f1544d84a"
"Essential Operation",117,"1",11,"","2026-02-22T21:04:57.848501Z",117,12.171,"#O The Man W taps on a card on the table with his right hand.","Core manual task involving repetitive hand movement.","r001","Playing Instrument","silver","","Skip",765.6844806213302,"2026-02-22T21:04:57.848522Z","16ed2ae4-e1ed-4752-a8f6-a47f1544d84a"
"Essential Operation",118,"1",11,"","2026-02-22T21:05:05.090180Z",118,6.798,"#O The Man Z taps the table with the cards in his righthand.","Core manual task involving rhythmic hand movements.","r001","Playing Instrument","silver","","Skip",929.54127762133,"2026-02-22T21:05:05.090199Z","16ed2ae4-e1ed-4752-a8f6-a47f1544d84a"
"Object Transfer",119,"1",11,"","2026-02-22T21:05:08.838497Z",119,3.346,"#O The Man Z places a card on the table with his right hand.","Logistics action of placing an object.","r001","Playing Instrument","silver","Gold","",1030.50676762133,"2026-02-22T21:05:08.838511Z","16ed2ae4-e1ed-4752-a8f6-a47f1544d84a"
"Object Transfer",120,"1",11,"","2026-02-22T21:05:12.663772Z",120,3.297,"#O The Man X places a card on the table with his right hand.","The action involves placing an object (card) on a surface, which is a logistics step.","r001","Playing Instrument","silver","Gold","",1033.91010762133,"2026-02-22T21:05:12.663789Z","16ed2ae4-e1ed-4752-a8f6-a47f1544d84a"
"Object Transfer",121,"1",11,"","2026-02-22T21:05:17.232535Z",121,4.111,"#O The Man Y passes a card to the Man Z with his left hand.","Passing an object, short bursts of hand activity.","r001","Playing Instrument","silver","Gold","",1157.895824287997,"2026-02-22T21:05:17.232553Z","16ed2ae4-e1ed-4752-a8f6-a47f1544d84a"
"Object Transfer",122,"1",11,"","2026-02-22T21:05:22.111809Z",122,4.423,"#O The Man W raises the card in his right hand.","The action describes a logistics step of picking up or raising an object, which corresponds to short bursts of hand acceleration.","r001","Playing Instrument","silver","Gold","",1207.2293142879969,"2026-02-22T21:05:22.111831Z","16ed2ae4-e1ed-4752-a8f6-a47f1544d84a"
"Essential Operation",123,"1",11,"","2026-02-22T21:05:28.777582Z",123,6.278,"#O The Man Y shuffles the cards on the table with his hands.","Core manual task involving high hand activity.","r001","Playing Instrument","silver","Gold","",1313.6872442879967,"2026-02-22T21:05:28.777600Z","16ed2ae4-e1ed-4752-a8f6-a47f1544d84a"
"Essential Operation",124,"1",11,"","2026-02-22T21:05:36.991938Z",124,7.789,"#O The Man X adjusts cards on the table with his right hand.","Core manual task involving high hand activity.","r001","Playing Instrument","silver","","Skip",1358.1057842879968,"2026-02-22T21:05:36.991957Z","16ed2ae4-e1ed-4752-a8f6-a47f1544d84a"
"Object Transfer",125,"1",11,"","2026-02-22T21:05:41.091095Z",125,3.752,"#O The man D drops card on the table with his right hand.","Refined via regex fallback","r001","Playing Instrument","silver","Gold","",1375.1280342879968,"2026-02-22T21:05:41.091112Z","16ed2ae4-e1ed-4752-a8f6-a47f1544d84a"
"Object Transfer",126,"1",11,"","2026-02-22T21:05:44.667535Z",126,3.129,"#O The man D passes a card to the man E.","Passing an object, involves logistics and short bursts of hand acceleration.","r001","Playing Instrument","silver","Gold","",1526.6017042879969,"2026-02-22T21:05:44.667549Z","16ed2ae4-e1ed-4752-a8f6-a47f1544d84a"
"Stationary",127,"1",11,"","2026-02-22T21:05:49.950546Z",127,4.876,"#O The man D adjusts his t-shirt.","Low body/hand motion, adjusting clothing is a minor action.","r001","Playing Instrument","silver","Gold","",1551.3306642879966,"2026-02-22T21:05:49.950562Z","16ed2ae4-e1ed-4752-a8f6-a47f1544d84a"
"Object Transfer",128,"1",11,"","2026-02-22T21:05:53.604091Z",128,3.29,"#O The man A picks a card from the table with his right hand.","The action involves picking up an object (card), which is a logistics step.","r001","Playing Instrument","silver","Gold","",1619.3169442879966,"2026-02-22T21:05:53.604113Z","16ed2ae4-e1ed-4752-a8f6-a47f1544d84a"
"Object Transfer",129,"1",11,"","2026-02-22T21:05:56.943818Z",129,3.02,"#O The man E drops a card on the table.","Refined via regex fallback","r001","Playing Instrument","silver","Gold","",1661.6550042879967,"2026-02-22T21:05:56.943829Z","16ed2ae4-e1ed-4752-a8f6-a47f1544d84a"
"Stationary",130,"1",11,"","2026-02-22T21:06:02.367952Z",130,5.009,"#O The man D puts his right hand on the table.","Low body/hand motion, indicating a static position.","r001","Playing Instrument","silver","Gold","",1708.9463042879966,"2026-02-22T21:06:02.367982Z","16ed2ae4-e1ed-4752-a8f6-a47f1544d84a"
"Stationary",131,"1",11,"","2026-02-22T21:06:05.755962Z",131,2.946,"#O The man A puts his right hand on the table.","The action described is a static gesture with low energy and no significant movement.","r001","Playing Instrument","silver","Gold","",1746.8130242879963,"2026-02-22T21:06:05.755979Z","16ed2ae4-e1ed-4752-a8f6-a47f1544d84a"
"Object Transfer",132,"1",11,"","2026-02-22T21:06:09.359199Z",132,3.279,"#O The man B drops another card on the table with his right hand.","Refined via regex fallback","r001","Playing Instrument","silver","Gold","",1749.603764287997,"2026-02-22T21:06:09.359217Z","16ed2ae4-e1ed-4752-a8f6-a47f1544d84a"
"Stationary",133,"1",11,"","2026-02-22T21:06:39.030435Z",133,29.335,"#O The man B sits.","The action describes a sitting position with no movement.","r001","Playing Instrument","silver","Gold","",1769.2193542879968,"2026-02-22T21:06:39.030453Z","16ed2ae4-e1ed-4752-a8f6-a47f1544d84a"
"Stationary",134,"1",11,"","2026-02-22T21:06:45.947098Z",134,5.801,"#O The man D points his right finger towards the man B.","The action described is a pointing gesture which involves minimal body movement.","r001","Playing Instrument","silver","Gold","",1773.215894287997,"2026-02-22T21:06:45.947116Z","16ed2ae4-e1ed-4752-a8f6-a47f1544d84a"
"Essential Operation",135,"1",11,"","2026-02-22T21:07:02.286233Z",135,14.278,"#C C wears a glove on his right hand with his left hand.","Core manual task involving high hand activity.","r001","Mechanical Repair","silver","Gold","",1.8770496,"2026-02-22T21:07:02.286245Z","18be74c1-9b20-41ca-8a89-7d0a1832ff55"
"Essential Operation",136,"1",11,"","2026-02-22T21:07:09.840274Z",136,6.941,"#C C drains the paint on the paintbrush in his gloved right hand at the edge of the paint bucket on the floor.","Core task involving high hand activity.","r001","Mechanical Repair","silver","Gold","",24.9934396,"2026-02-22T21:07:09.840288Z","18be74c1-9b20-41ca-8a89-7d0a1832ff55"
"Essential Operation",137,"1",11,"","2026-02-22T21:07:14.099145Z",137,3.764,"#C C paints the wooden top rail with the paint brush his gloved right hand.","Core task involving high hand activity.","r001","Mechanical Repair","silver","Gold","",325.2433309546634,"2026-02-22T21:07:14.099172Z","18be74c1-9b20-41ca-8a89-7d0a1832ff55"
"Essential Operation",138,"1",11,"Object Transfer","2026-02-22T21:07:20.301772Z",138,8.966999999999999,"#C C dips the brush in his gloved right hand into the paint in a paint bucket on the floor.","Core manual task involving high hand activity.","r001","Mechanical Repair","silver","Gold","",355.1830709546634,"2026-02-22T21:16:58.808639Z","18be74c1-9b20-41ca-8a89-7d0a1832ff55"
"Locomotion",139,"1",11,"","2026-02-22T21:07:28.665835Z",139,7.194,"#C C walks towards the wooden rail.","Body moving through space, indicative of walking.","r001","Mechanical Repair","silver","Gold","",356.9789709546634,"2026-02-22T21:07:28.665853Z","18be74c1-9b20-41ca-8a89-7d0a1832ff55"
"Locomotion",140,"1",11,"","2026-02-22T21:07:32.080335Z",140,2.926,"#C C walks towards the paint bucket on the floor.","Body moving through space (walking).","r001","Mechanical Repair","silver","Gold","",381.3454809546634,"2026-02-22T21:07:32.080356Z","18be74c1-9b20-41ca-8a89-7d0a1832ff55"
"Stationary",141,"1",11,"","2026-02-22T21:08:06.516317Z",141,34.039,"#C C places his gloved left hand on the polythene sheet on the ground.","The action describes a static position with minimal motion.","r001","Mechanical Repair","silver","Gold","",733.4399852666667,"2026-02-22T21:08:06.516334Z","18be74c1-9b20-41ca-8a89-7d0a1832ff55"
"Object Transfer",142,"1",11,"","2026-02-22T21:08:23.135285Z",142,16.263,"#C C dips the brush in his gloved right hand into the paint in the paint bucket on the floor.","The action involves picking up and transferring paint to a brush, which is a logistics step.","r001","Mechanical Repair","silver","","Skip",1021.9817152666668,"2026-02-22T21:08:23.135307Z","18be74c1-9b20-41ca-8a89-7d0a1832ff55"
"Locomotion",143,"1",11,"","2026-02-22T21:08:27.303782Z",143,3.832,"#C C walks to his right towards the wooden rail.","Movement through space, high body acceleration.","r001","Mechanical Repair","silver","Gold","",1027.4785952666666,"2026-02-22T21:08:27.303802Z","18be74c1-9b20-41ca-8a89-7d0a1832ff55"
"Essential Operation",144,"1",11,"","2026-02-22T21:08:33.001897Z",144,5.301,"#C C drains the paint on the brush in his gloved right hand at the edge of the paint bucket on the floor.","Core task involving high hand activity.","r001","Mechanical Repair","silver","Gold","",1103.7133099333332,"2026-02-22T21:08:33.001914Z","18be74c1-9b20-41ca-8a89-7d0a1832ff55"
"Stationary",145,"1",11,"","2026-02-22T21:08:38.370030Z",145,4.917,"#C C wipes his right arm on his forehead. #Unsure","[CtxFixed] The action of wiping his right arm on his forehead does not involve movement to a new location, nor does it involve the transfer or search for objects. It is a stationary action involving personal grooming or cleaning.","r001","Mechanical Repair","silver","Gold","",1271.1825242879966,"2026-02-22T21:08:38.370045Z","18be74c1-9b20-41ca-8a89-7d0a1832ff55"
"Stationary",146,"1",11,"","2026-02-22T21:08:46.703538Z",146,7.913,"#C C places his gloved left hand on the wooden rail baluster.","The action involves placing a hand on an object, which indicates a low-energy, stationary position.","r001","Mechanical Repair","silver","","Skip",1318.1536242879963,"2026-02-22T21:08:46.703557Z","18be74c1-9b20-41ca-8a89-7d0a1832ff55"
"Stationary",147,"1",11,"","2026-02-22T21:09:03.778844Z",147,16.627,"#C C holds the railing with her left hand","Holding the railing does not involve significant movement or acceleration.","r001","Mechanical Repair","silver","Gold","",1410.5656942879966,"2026-02-22T21:09:03.778866Z","18be74c1-9b20-41ca-8a89-7d0a1832ff55"
"Stationary",148,"1",11,"","2026-02-22T21:09:10.152833Z",148,5.798,"#C C removes her left hand from the railing","The action describes a hand being removed from a railing, which is a low-energy movement.","r001","Mechanical Repair","silver","Gold","",1413.2021842879967,"2026-02-22T21:09:10.152856Z","18be74c1-9b20-41ca-8a89-7d0a1832ff55"
"Essential Operation",149,"1",11,"","2026-02-22T21:09:30.835360Z",149,3.642,"#C C paints the railing with the paintbrush","Core task involving high hand activity.","r001","Mechanical Repair","silver","Gold","",1432.5719842879969,"2026-02-22T21:09:30.835374Z","18be74c1-9b20-41ca-8a89-7d0a1832ff55"
"Essential Operation",150,"1",11,"","2026-02-22T21:09:42.251136Z",150,10.958,"#C C operates a phone in his right hand.","Core manual task involving high hand activity.","r001","Desk Work","silver","Gold","",2124.133333333333,"2026-02-22T21:09:42.251160Z","1cc9c902-adfc-47c0-bf90-76619deedaad"
"Object Transfer",151,"1",11,"","2026-02-22T21:10:04.184025Z",151,9.749,"#C C picks a pair of shoes","Logistics step involving picking up objects.","r001","Cleaning","silver","Gold","",68.2150686,"2026-02-22T21:10:04.184052Z","1d7cd66c-4924-4044-af0a-1ce0130c0b60"
"Object Transfer",152,"1",11,"Essential Operation","2026-02-22T21:21:14.062506Z",152,242.574,"#C C arranges the shoes","Logistics of moving and arranging objects.","r001","Cleaning","silver","Gold","",70.7148086,"2026-02-22T21:21:14.062515Z","1d7cd66c-4924-4044-af0a-1ce0130c0b60"
"Essential Operation",153,"1",11,"","2026-02-22T21:21:18.642639Z",153,4.064,"#C C tightens the door knob","Core manual task involving high hand activity.","r001","Cleaning","silver","Gold","",162.32721859999998,"2026-02-22T21:21:18.642655Z","1d7cd66c-4924-4044-af0a-1ce0130c0b60"
"Object Transfer",154,"1",11,"Essential Operation","2026-02-22T21:21:28.838726Z",154,9.612,"#C C puts the piece of paper down.","Logistics step, short burst of hand activity.","r001","Cooking","silver","Gold","",252.2094486,"2026-02-22T21:21:28.838738Z","206cef4f-5301-4a9e-8f87-1fa3905bf9bd"
"Object Transfer",155,"1",11,"","2026-02-22T21:26:32.926411Z",155,4.716,"#C C picks up the cooking pan.","Logistics action involving picking up an object.","r001","Cooking","silver","Gold","",255.9941386,"2026-02-22T21:26:32.926431Z","206cef4f-5301-4a9e-8f87-1fa3905bf9bd"
"Essential Operation",156,"1",11,"","2026-02-22T21:26:37.625871Z",156,3.867,"#C C tears the paper.","Core task involving manual dexterity with the hands.","r001","Cooking","silver","Gold","",282.5305096889062,"2026-02-22T21:26:37.625893Z","206cef4f-5301-4a9e-8f87-1fa3905bf9bd"
"Object Transfer",157,"1",11,"Essential Operation","2026-02-22T21:26:44.574487Z",157,6.376,"#C C puts the onion on the chopping board.","Logistics step involving picking up and putting down the onion.","r001","Cooking","silver","Gold","",345.1864496889062,"2026-02-22T21:26:44.574502Z","206cef4f-5301-4a9e-8f87-1fa3905bf9bd"
"Object Transfer",158,"1",11,"Essential Operation","2026-02-22T21:26:53.617312Z",158,8.671,"#C C puts the lid on the bottle.","Logistics step involving picking up and placing the lid.","r001","Cooking","silver","Gold","",443.5752296889062,"2026-02-22T21:26:53.617332Z","206cef4f-5301-4a9e-8f87-1fa3905bf9bd"
"Object Transfer",159,"1",11,"Essential Operation","2026-02-22T21:26:59.446402Z",159,5.239,"#C C puts the pan on the cooker.","Logistics step involving picking up and placing the pan.","r001","Cooking","silver","Gold","",479.06701968890616,"2026-02-22T21:26:59.446415Z","206cef4f-5301-4a9e-8f87-1fa3905bf9bd"
"Essential Operation",160,"1",11,"","2026-02-22T21:27:05.214838Z",160,5.239,"#C C separates the onion pieces.","Core task involving manual dexterity and high hand activity.","r001","Cooking","silver","Gold","",505.6174796889062,"2026-02-22T21:27:05.214857Z","206cef4f-5301-4a9e-8f87-1fa3905bf9bd"
"Object Transfer",161,"1",11,"Essential Operation","2026-02-22T21:27:10.231740Z",161,4.459,"#C C puts the spice on the chopping board","Logistics/Setup step involving moving an object.","r001","Cooking","silver","Gold","",806.6672521677084,"2026-02-22T21:27:10.231757Z","206cef4f-5301-4a9e-8f87-1fa3905bf9bd"
"Search",162,"1",11,"","2026-02-22T21:27:15.479796Z",162,4.853,"#O man D looks at the oven.","Head movement (visual inspection), passive hands.","r001","Cooking","silver","Gold","",817.3485221677083,"2026-02-22T21:27:15.479810Z","206cef4f-5301-4a9e-8f87-1fa3905bf9bd"
"Object Transfer",163,"1",11,"Essential Operation","2026-02-22T21:27:25.145282Z",163,13.357,"#C C opens the other cooking pan.","Logistics step involving opening an object.","r001","Cooking","silver","Gold","",933.8750437342526,"2026-02-22T21:54:30.147655Z","206cef4f-5301-4a9e-8f87-1fa3905bf9bd"
"Essential Operation",164,"1",11,"","2026-02-22T21:27:30.733085Z",164,3.929,"#C C stirs the onion in the pan.","Core manual task involving high hand activity.","r001","Cooking","silver","Gold","",946.0916137342526,"2026-02-22T21:27:30.733101Z","206cef4f-5301-4a9e-8f87-1fa3905bf9bd"
"Stationary",165,"1",11,"","2026-02-22T21:27:44.460066Z",165,13.167,"#O man D converses with C","Low body/hand motion, likely involves speaking.","r001","Cooking","silver","Gold","",1063.4442737342524,"2026-02-22T21:27:44.460088Z","206cef4f-5301-4a9e-8f87-1fa3905bf9bd"
"Stationary",166,"1",11,"","2026-02-22T21:27:48.383658Z",166,3.319,"#O ma D converses with C","Low body/hand motion, likely involves speaking.","r001","Cooking","silver","Gold","",1073.8838437342524,"2026-02-22T21:27:48.383676Z","206cef4f-5301-4a9e-8f87-1fa3905bf9bd"
"Essential Operation",167,"1",11,"","2026-02-22T21:27:55.828031Z",167,7.029,"#C C turns the sausages on the tray.","Core task involving manipulation and movement of hands.","r001","Cooking","silver","Gold","",1129.142075219466,"2026-02-22T21:27:55.828045Z","206cef4f-5301-4a9e-8f87-1fa3905bf9bd"
"Essential Operation",168,"1",11,"","2026-02-22T21:28:05.846819Z",168,4.968,"#C C washes the scissors","Core manual task involving high hand activity.","r001","Cooking","silver","Gold","",1177.356135219466,"2026-02-22T21:28:05.846834Z","206cef4f-5301-4a9e-8f87-1fa3905bf9bd"
"Search",169,"1",11,"","2026-02-22T21:28:11.706677Z",169,23.017000000000003,"#C C looks at man D","Head movement (visual observation), passive hands.","r001","Cooking","silver","","Skip",1183.4211052194662,"2026-02-22T21:53:35.738588Z","206cef4f-5301-4a9e-8f87-1fa3905bf9bd"
"Essential Operation",170,"1",11,"","2026-02-22T21:28:15.164669Z",170,2.912,"#C C stirs the onions on the pan","Core manual task involving high hand activity.","r001","Cooking","silver","Gold","",1195.190265219466,"2026-02-22T21:28:15.164685Z","206cef4f-5301-4a9e-8f87-1fa3905bf9bd"
"Search",171,"1",11,"","2026-02-22T21:28:19.072934Z",171,3.36,"#O man D looks at the piece of paper.","Head movement (visual search), hands mostly still.","r001","Cooking","silver","Gold","",1286.2418152194662,"2026-02-22T21:28:19.072959Z","206cef4f-5301-4a9e-8f87-1fa3905bf9bd"
"Stationary",172,"1",11,"","2026-02-22T21:28:23.929400Z",172,4.383,"#C C uses her phone.","Low body/hand motion, likely holding the phone.","r001","Cooking","silver","Gold","",1318.302535219466,"2026-02-22T21:28:23.929416Z","206cef4f-5301-4a9e-8f87-1fa3905bf9bd"
"Object Transfer",173,"1",11,"","2026-02-22T21:28:32.291360Z",173,7.933,"#C C picks remote from the countertop","Logistics step involving picking up an object.","r001","Cooking","silver","Gold","",153.82463959999998,"2026-02-22T21:28:32.291372Z","223a838a-385b-46c8-b750-b590580e6cab"
"Object Transfer",174,"1",11,"","2026-02-22T21:28:41.250919Z",174,14.458,"#C C transfers fruit #unsure on the bowl","Logistics/Setup step, involves picking up and placing the fruit.","r001","Cooking","silver","Gold","",238.2462396,"2026-02-23T00:32:11.918457Z","223a838a-385b-46c8-b750-b590580e6cab"
"Essential Operation",175,"1",11,"","2026-02-22T21:28:44.684118Z",175,2.471,"#C C chops the apple","Core task, high hand activity.","r001","Cooking","silver","Gold","",300.7723809546634,"2026-02-22T21:28:44.684135Z","223a838a-385b-46c8-b750-b590580e6cab"
"Object Transfer",176,"1",11,"Essential Operation","2026-02-22T21:29:01.484955Z",176,16.414,"#C C scoops an ingredient with a spoon","Logistics step involving picking up and transferring an ingredient.","r001","Cooking","silver","Gold","",458.2811809546634,"2026-02-22T21:29:01.484971Z","223a838a-385b-46c8-b750-b590580e6cab"
"Search",177,"1",11,"","2026-02-22T21:29:15.166971Z",177,13.034,"#C C inspects the cabinet","Head movement (visual inspection), hands mostly still.","r001","Cooking","silver","Gold","",485.15955095466336,"2026-02-22T21:29:15.167003Z","223a838a-385b-46c8-b750-b590580e6cab"
"Object Transfer",178,"1",11,"Essential Operation","2026-02-22T21:29:19.322915Z",178,3.764,"#C C picks a jar","Logistics step involving picking up an object.","r001","Cooking","silver","Gold","",487.6906609546634,"2026-02-22T21:29:19.322929Z","223a838a-385b-46c8-b750-b590580e6cab"
"Object Transfer",179,"1",11,"Essential Operation","2026-02-22T21:29:23.517179Z",179,3.724,"#C C places bowl on the countertop","Logistics step involving the placement of an object.","r001","Cooking","silver","Gold","",648.3781809546634,"2026-02-22T21:29:23.517203Z","223a838a-385b-46c8-b750-b590580e6cab"
"Object Transfer",180,"1",11,"Essential Operation","2026-02-22T21:29:30.220201Z",180,6.289,"#C C places mat on the tray","Logistics step involving placement of an object.","r001","Cooking","silver","Gold","",773.4965609546634,"2026-02-22T21:29:30.220215Z","223a838a-385b-46c8-b750-b590580e6cab"
"Object Transfer",181,"1",11,"Essential Operation","2026-02-22T21:29:52.558643Z",181,21.974,"#C C picks the tray","Logistics/Setup step involving picking up an object.","r001","Cooking","silver","Gold","",774.8896509546635,"2026-02-22T21:29:52.558658Z","223a838a-385b-46c8-b750-b590580e6cab"
"Object Transfer",182,"1",11,"Essential Operation","2026-02-22T21:29:59.346916Z",182,6.212,"#C C places paper on the countertop","Logistics step involving placing an object.","r001","Cooking","silver","Gold","",823.8383609546634,"2026-02-22T21:29:59.346936Z","223a838a-385b-46c8-b750-b590580e6cab"
"Essential Operation",183,"1",11,"","2026-02-22T21:30:05.242527Z",183,5.466,"#C C spreads the paper","Core task involving high hand activity.","r001","Cooking","silver","Gold","",947.4063109546634,"2026-02-22T21:30:05.242542Z","223a838a-385b-46c8-b750-b590580e6cab"
"Object Transfer",184,"1",11,"Essential Operation","2026-02-22T21:30:09.711227Z",184,4.01,"#C C puts food on the paper","Logistics step, moving an object to a location.","r001","Cooking","silver","Gold","",1011.6318209546636,"2026-02-22T21:30:09.711244Z","223a838a-385b-46c8-b750-b590580e6cab"
"Essential Operation",185,"1",11,"","2026-02-22T21:30:13.185216Z",185,3.108,"#C C spreads oil on a paper","Core task involving high hand activity.","r001","Cooking","silver","Gold","",1219.213280954663,"2026-02-22T21:30:13.185230Z","223a838a-385b-46c8-b750-b590580e6cab"
"Stationary",186,"1",11,"","2026-02-22T21:30:22.738083Z",186,7.8,"#C C stares at the countertop","Low body/hand motion, focused gaze.","r001","Cooking","silver","Gold","",1357.8501209546632,"2026-02-22T21:30:22.738108Z","223a838a-385b-46c8-b750-b590580e6cab"
"Object Transfer",187,"1",11,"Essential Operation","2026-02-22T21:30:30.411782Z",187,7.282,"#C C picks a teapot","Logistics step, picking up an object.","r001","Cooking","silver","Gold","",1481.5030409546632,"2026-02-22T21:30:30.411794Z","223a838a-385b-46c8-b750-b590580e6cab"
"Stationary",188,"1",11,"","2026-02-22T21:30:37.931472Z",188,7.136,"#C C stares at a container","Low body/hand motion, focused gaze.","r001","Cooking","silver","Gold","",1501.4987409546634,"2026-02-22T21:30:37.931486Z","223a838a-385b-46c8-b750-b590580e6cab"
"Essential Operation",189,"1",11,"","2026-02-22T21:30:42.500259Z",189,4.159,"#C C squeezes soap on a container","Core task involving manual activity with the hands.","r001","Cooking","silver","Gold","",1545.2591409546633,"2026-02-22T21:30:42.500270Z","223a838a-385b-46c8-b750-b590580e6cab"
"Object Transfer",190,"1",11,"Essential Operation","2026-02-22T21:30:48.030768Z",190,4.971,"#C C puts container in a dish rack","Logistics step involving picking up and placing the container.","r001","Cooking","silver","Gold","",1568.505160954663,"2026-02-22T21:30:48.030782Z","223a838a-385b-46c8-b750-b590580e6cab"
"Stationary",191,"1",11,"Essential Operation","2026-02-22T21:31:22.636574Z",191,34.199,"#C C holds a container","Low body/hand motion, holding a container.","r001","Cooking","silver","Bad","",1612.9534409546632,"2026-02-22T21:31:22.636589Z","223a838a-385b-46c8-b750-b590580e6cab"
"Essential Operation",192,"1",11,"","2026-02-22T21:31:26.716188Z",192,3.356,"#C C knits a cloth","Core manual task involving fine hand movements.","r001","Cooking","silver","Gold","",1873.652320954663,"2026-02-22T21:31:26.716208Z","223a838a-385b-46c8-b750-b590580e6cab"
"Search",193,"1",11,"","2026-02-22T21:31:32.127534Z",193,4.538,"#C C inspects the cloth","Head movement (inspection), hands mostly still.","r001","Cooking","silver","Gold","",1885.747880954663,"2026-02-22T21:31:32.127549Z","223a838a-385b-46c8-b750-b590580e6cab"
"Essential Operation",194,"1",11,"Object Transfer","2026-02-22T21:31:42.020731Z",194,9.513,"#C C pulls the yarn","Core manual task involving hands, likely with high hand acceleration.","r001","Cooking","silver","Gold","",1891.494660954663,"2026-02-22T21:31:42.020747Z","223a838a-385b-46c8-b750-b590580e6cab"
"Search",195,"1",11,"","2026-02-22T21:31:55.529779Z",195,13.021,"#C C inspects the knit needle","Visual inspection, likely involves head movement and passive hands.","r001","Cooking","silver","Gold","",1903.540690954663,"2026-02-22T21:31:55.529800Z","223a838a-385b-46c8-b750-b590580e6cab"
"Essential Operation",196,"1",11,"","2026-02-22T21:32:07.555313Z",196,5.619,"#C C straightens a yarn","Core manual task involving hands, likely with high hand acceleration.","r001","Cooking","silver","Gold","",2115.462940954664,"2026-02-22T21:32:07.555338Z","223a838a-385b-46c8-b750-b590580e6cab"
"Stationary",197,"1",11,"Essential Operation","2026-02-22T21:32:21.056059Z",197,13.094,"#C C holds the fabric with her left hand","Low body/hand motion, holding an object without moving.","r001","Cooking","silver","Bad","",2304.174540954664,"2026-02-22T21:32:21.056094Z","223a838a-385b-46c8-b750-b590580e6cab"
"Object Transfer",198,"1",11,"Essential Operation","2026-02-22T21:32:39.565696Z",198,17.444,"#C C removes the switch holder of the motorbike with his left hand. #Unsure","The action involves picking up or removing an object, which corresponds to logistics or setup steps.","r001","Mechanical Repair","silver","Gold","",52.20666,"2026-02-22T21:32:39.565712Z","225a1ffe-3e7e-4ff8-a47e-2e80989077fe"
"Essential Operation",199,"1",11,"","2026-02-22T21:32:50.427148Z",199,10.333,"#C C unscrews the switch holder of the motorbike with the screwdriver in both hands. #Unsure","Core manual task involving high hand activity.","r001","Mechanical Repair","silver","Gold","",110.18043,"2026-02-22T21:32:50.427173Z","225a1ffe-3e7e-4ff8-a47e-2e80989077fe"
"Essential Operation",200,"1",11,"Object Transfer","2026-02-22T21:32:58.503103Z",200,7.499,"#C C detaches the switch of the motorbike with his left hand.","Core manual task involving high hand activity.","r001","Mechanical Repair","silver","Gold","",188.52122,"2026-02-22T21:32:58.503126Z","225a1ffe-3e7e-4ff8-a47e-2e80989077fe"
"Locomotion",201,"1",11,"","2026-02-22T21:33:02.045845Z",201,3.014,"#C C walks to the other side of the bike.","Body moving through space, indicative of walking.","r001","Mechanical Repair","silver","Gold","",214.41096,"2026-02-22T21:33:02.045862Z","225a1ffe-3e7e-4ff8-a47e-2e80989077fe"
"Stationary",202,"1",11,"","2026-02-22T21:33:17.073835Z",202,14.598,"#C C holds the throttle grip with his left hand.","Holding an object with minimal movement.","r001","Mechanical Repair","silver","","Skip",218.3714,"2026-02-22T21:33:17.073851Z","225a1ffe-3e7e-4ff8-a47e-2e80989077fe"
"Essential Operation",203,"1",11,"Object Transfer","2026-02-22T21:33:29.614557Z",203,9.394,"#C C removes the bolt of the mirror holder of the motorbike with his right hand. #Unsure","The action involves a core manual task (removing a bolt), which is characterized by high hand activity.","r001","Mechanical Repair","silver","Gold","",242.32505,"2026-02-22T21:33:29.614584Z","225a1ffe-3e7e-4ff8-a47e-2e80989077fe"
"Object Transfer",204,"1",11,"","2026-02-22T21:33:37.657067Z",204,7.618,"#C C moves the bolt in his right hand to his left hand.","Movement of the bolt from one hand to the other, indicating a logistics step.","r001","Mechanical Repair","silver","Gold","",243.57819,"2026-02-22T21:33:37.657094Z","225a1ffe-3e7e-4ff8-a47e-2e80989077fe"
"Essential Operation",205,"1",11,"","2026-02-22T21:33:45.081863Z",205,6.951,"#C C unscrews the switch holder of the motorbike with the screwdriver in his right hand. #Unsure","Core manual task involving high hand activity.","r001","Mechanical Repair","silver","Gold","",264.00524,"2026-02-22T21:33:45.081877Z","225a1ffe-3e7e-4ff8-a47e-2e80989077fe"
"Object Transfer",206,"1",11,"","2026-02-22T21:33:57.576795Z",206,11.711,"#C C drops the screwdriver in his right hand on the tool table. #Unsure","[CtxFixed] The action of dropping the screwdriver onto the tool table appears to be a deliberate placement, which fits the definition of 'Object Transfer'.","r001","Mechanical Repair","silver","Gold","",303.85485,"2026-02-22T21:33:57.576813Z","225a1ffe-3e7e-4ff8-a47e-2e80989077fe"
"Essential Operation",207,"1",11,"","2026-02-22T21:34:04.595904Z",207,6.591,"#C C loosens a bolt in the handle bar clamp with the t-spanner in his left hand.","Core manual task involving high hand activity.","r001","Mechanical Repair","silver","Gold","",314.45191,"2026-02-22T21:34:04.595919Z","225a1ffe-3e7e-4ff8-a47e-2e80989077fe"
"Stationary",208,"1",11,"","2026-02-22T21:34:21.573171Z",208,16.548,"#C C holds the handle bar with his right hand.","The action describes holding an object, which implies a static position with minimal movement.","r001","Mechanical Repair","silver","","Skip",337.46497,"2026-02-22T21:34:21.573185Z","225a1ffe-3e7e-4ff8-a47e-2e80989077fe"
"Stationary",209,"1",11,"","2026-02-22T21:34:24.467115Z",209,2.315,"#C C holds the handle bar with both hands.","Low body/hand motion, holding position.","r001","Mechanical Repair","silver","","Skip",359.92267,"2026-02-22T21:34:24.467133Z","225a1ffe-3e7e-4ff8-a47e-2e80989077fe"
"Stationary",210,"1",11,"","2026-02-22T21:34:27.887443Z",210,3.016,"#C C holds a throttle grip with his right hand.","Low body/hand motion, holding an object.","r001","Mechanical Repair","silver","","Skip",360.86056,"2026-02-22T21:34:27.887458Z","225a1ffe-3e7e-4ff8-a47e-2e80989077fe"
"Object Transfer",211,"1",11,"Essential Operation","2026-02-22T21:34:36.037613Z",211,7.704,"#C C removes a clamp from the motorbike with his left hand.","Logistics step involving the removal of an object.","r001","Mechanical Repair","silver","Gold","",379.7681,"2026-02-22T21:34:36.037625Z","225a1ffe-3e7e-4ff8-a47e-2e80989077fe"
"Essential Operation",212,"1",11,"Object Transfer","2026-02-22T21:34:59.989638Z",212,23.531,"#C C drops the brush stick in his right hand into the oil on the tool table. #Unsure","[CtxFixed] The action of dropping the brush stick into the oil appears to be a continuation of the previous actions, which were labeled as 'Essential Operation'. This suggests that the action is part of a deliberate process, such as cleaning or maintaining the brush, rather than a mistake or an unknown action.","r001","Mechanical Repair","silver","Gold","",414.58189,"2026-02-22T21:34:59.989661Z","225a1ffe-3e7e-4ff8-a47e-2e80989077fe"
"Object Transfer",213,"1",11,"Essential Operation","2026-02-22T21:35:09.016713Z",213,8.592,"#C C puts the handle bar in his left hand into the throttle grip in his right hand.","Logistics step involving the transfer of an object between hands.","r001","Mechanical Repair","silver","Gold","",417.28829,"2026-02-22T21:35:09.016730Z","225a1ffe-3e7e-4ff8-a47e-2e80989077fe"
"Locomotion",214,"1",11,"","2026-02-22T21:35:12.181803Z",214,2.813,"#C C walks towards a tool wall. #Unsure","Body moving through space, involves walking.","r001","Mechanical Repair","silver","Gold","",468.28483,"2026-02-22T21:35:12.181817Z","225a1ffe-3e7e-4ff8-a47e-2e80989077fe"
"Object Transfer",215,"1",11,"Essential Operation","2026-02-22T21:35:20.404519Z",215,7.697,"#C C picks the handle bar clamp from the tool table with his right hand.","The action involves picking up an object, which is a logistics step.","r001","Mechanical Repair","silver","Gold","",497.93541,"2026-02-22T21:35:20.404534Z","225a1ffe-3e7e-4ff8-a47e-2e80989077fe"
"Stationary",216,"1",11,"","2026-02-22T21:35:27.082798Z",216,6.273,"#C C holds the handle bar with his left hand.","Holding an object with minimal movement.","r001","Mechanical Repair","silver","","Skip",522.8697500000001,"2026-02-22T21:35:27.082812Z","225a1ffe-3e7e-4ff8-a47e-2e80989077fe"
"Essential Operation",217,"1",11,"","2026-02-22T21:35:31.920235Z",217,4.453,"#C C twists the throttle grip with both hands.","Core manual task involving high hand activity.","r001","Mechanical Repair","silver","Gold","",527.20939,"2026-02-22T21:35:31.920250Z","225a1ffe-3e7e-4ff8-a47e-2e80989077fe"
"Stationary",218,"1",11,"","2026-02-22T21:35:39.169184Z",218,6.848,"#C C holds the clutch lever with his right hand.","Low body/hand motion, holding an object.","r001","Mechanical Repair","silver","","Skip",616.1064266666667,"2026-02-22T21:35:39.169213Z","225a1ffe-3e7e-4ff8-a47e-2e80989077fe"
"Object Transfer",219,"1",11,"Essential Operation","2026-02-22T21:35:48.541659Z",219,8.956,"#C C picks the mirror holder on the tool table with his right hand. #Unsure","The action involves picking up an object, which is a logistics step.","r001","Mechanical Repair","silver","Gold","",739.0352366666666,"2026-02-22T21:35:48.541669Z","225a1ffe-3e7e-4ff8-a47e-2e80989077fe"
"Essential Operation",220,"1",11,"","2026-02-22T21:35:55.030238Z",220,5.999,"#C C tightens a bolt on the motorbike with a t-spanner in both hands.","Core manual task involving high hand activity.","r001","Mechanical Repair","silver","Gold","",771.9507266666667,"2026-02-22T21:35:55.030253Z","225a1ffe-3e7e-4ff8-a47e-2e80989077fe"
"Essential Operation",221,"1",11,"","2026-02-22T21:35:58.438731Z",221,2.93,"#C C adjusts the handle bar with both hands.","Core manual task involving high hand activity.","r001","Mechanical Repair","silver","Gold","",773.4087266666667,"2026-02-22T21:35:58.438748Z","225a1ffe-3e7e-4ff8-a47e-2e80989077fe"
"Object Transfer",222,"1",11,"Essential Operation","2026-02-22T21:36:08.398448Z",222,9.53,"#C C moves the combination spanner from his right hand to his left hand.","The action involves moving an object between hands, which is a logistical step.","r001","Mechanical Repair","silver","Gold","",804.1098266666667,"2026-02-22T21:36:08.398471Z","225a1ffe-3e7e-4ff8-a47e-2e80989077fe"
"Object Transfer",223,"1",11,"","2026-02-22T21:36:20.376682Z",223,11.583,"#C C takes the screw driver in his left hand with his right hand.","Logistics/Setup step involving picking up the screwdriver.","r001","Mechanical Repair","silver","Gold","",903.4139566666666,"2026-02-22T21:36:20.376699Z","225a1ffe-3e7e-4ff8-a47e-2e80989077fe"
"Stationary",224,"1",11,"","2026-02-22T21:36:27.575490Z",224,6.79,"#C C places his left hand on the motorbike switch.","The action involves placing a hand, which is a low-energy, stationary movement.","r001","Mechanical Repair","silver","","Skip",929.8760566666668,"2026-02-22T21:36:27.575511Z","225a1ffe-3e7e-4ff8-a47e-2e80989077fe"
"Object Transfer",225,"1",11,"Essential Operation","2026-02-22T21:36:36.978797Z",225,8.871,"#C C puts the mushroom in the siever.","Logistics step involving picking up and placing the mushroom.","r001","Cooking","silver","Gold","",17.051858600000003,"2026-02-22T21:36:36.978813Z","228eb02a-6c89-4aa0-9cd4-0cdab1550c83"
"Essential Operation",226,"1",11,"","2026-02-22T21:36:43.372781Z",226,6.019,"#C C cleans the mushrooms.","Core task involving manual work with hands.","r001","Cooking","silver","Gold","",33.469568599999995,"2026-02-22T21:36:43.372799Z","228eb02a-6c89-4aa0-9cd4-0cdab1550c83"
"Essential Operation",227,"1",11,"","2026-02-22T21:36:51.338072Z",227,7.577,"#C C touches the tap.","Core manual task involving hand activity.","r001","Cooking","silver","","Skip",50.3234586,"2026-02-22T21:36:51.338086Z","228eb02a-6c89-4aa0-9cd4-0cdab1550c83"
"Object Transfer",228,"1",11,"","2026-02-22T21:36:58.656782Z",228,6.896,"#C C passes the cabinet door to the left hand.","Logistics step involving the transfer of an object from one hand to another.","r001","Cooking","silver","Gold","",127.0533986,"2026-02-22T21:36:58.656800Z","228eb02a-6c89-4aa0-9cd4-0cdab1550c83"
"Object Transfer",229,"1",11,"Essential Operation","2026-02-22T21:37:07.295021Z",229,8.181,"#C C picks the dirt.","Logistics step, picking up an object.","r001","Cooking","silver","Gold","",140.8963686,"2026-02-22T21:37:07.295035Z","228eb02a-6c89-4aa0-9cd4-0cdab1550c83"
"Object Transfer",230,"1",11,"Essential Operation","2026-02-22T21:37:15.365681Z",230,7.688,"#C C puts the peel on the container.","Logistics step of placing the peel into a container.","r001","Cooking","silver","Gold","",196.0562386,"2026-02-22T21:37:15.365695Z","228eb02a-6c89-4aa0-9cd4-0cdab1550c83"
"Object Transfer",231,"1",11,"","2026-02-22T21:55:11.177683Z",231,13.405,"#C C puts the onions on the counter.","Logistics step, picking up and placing objects.","r001","Cooking","silver","Gold","",346.7896367646215,"2026-02-22T21:55:11.177709Z","228eb02a-6c89-4aa0-9cd4-0cdab1550c83"
"Object Transfer",232,"1",11,"","2026-02-22T21:55:15.408554Z",232,3.536,"#C C moves the container.","Moving an object from one place to another.","r001","Cooking","silver","Gold","",375.0791367646215,"2026-02-22T21:55:15.408569Z","228eb02a-6c89-4aa0-9cd4-0cdab1550c83"
"Object Transfer",233,"1",11,"","2026-02-22T21:55:18.981952Z",233,3.255,"#C C takes the wooden spoon.","Logistics/Setup step.","r001","Cooking","silver","Gold","",381.2843267646215,"2026-02-22T21:55:18.981965Z","228eb02a-6c89-4aa0-9cd4-0cdab1550c83"
"Object Transfer",234,"1",11,"","2026-02-22T21:55:21.235808Z",234,1.734,"#C C moves the cloth.","Logistics/moving an object (the cloth).","r001","Cooking","silver","Gold","",426.4056267646215,"2026-02-22T21:55:21.235826Z","228eb02a-6c89-4aa0-9cd4-0cdab1550c83"
"Essential Operation",235,"1",11,"","2026-02-22T21:55:24.248838Z",235,2.663,"#C C chops the mushroom.","Core task involving repetitive hand movements.","r001","Cooking","silver","Gold","",451.0546767646215,"2026-02-22T21:55:24.248854Z","228eb02a-6c89-4aa0-9cd4-0cdab1550c83"
"Object Transfer",236,"1",11,"","2026-02-22T21:55:26.301780Z",236,1.739,"#C C moves the mushroom.","Logistics step of moving an object.","r001","Cooking","silver","Gold","",454.8915467646215,"2026-02-22T21:55:26.301797Z","228eb02a-6c89-4aa0-9cd4-0cdab1550c83"
"Object Transfer",237,"1",11,"","2026-02-22T21:55:29.035017Z",237,2.144,"#C C puts the stem in the container.","Logistics step of placing an item.","r001","Cooking","silver","Gold","",457.8051167646215,"2026-02-22T21:55:29.035028Z","228eb02a-6c89-4aa0-9cd4-0cdab1550c83"
"Object Transfer",238,"1",11,"","2026-02-22T21:55:35.781466Z",238,6.422,"#C C puts the mushroom on the chopping board.","Logistics/Setup step, moving the mushroom to the chopping board.","r001","Cooking","silver","Gold","",500.6224967646215,"2026-02-22T21:55:35.781480Z","228eb02a-6c89-4aa0-9cd4-0cdab1550c83"
"Object Transfer",239,"1",11,"","2026-02-22T21:55:38.893414Z",239,2.741,"#C C puts the bell pepper on the chopping board.","Logistics step involving picking up and placing the bell pepper.","r001","Cooking","silver","Gold","",572.674277613672,"2026-02-22T21:55:38.893427Z","228eb02a-6c89-4aa0-9cd4-0cdab1550c83"
"Essential Operation",240,"1",11,"","2026-02-22T21:55:42.129549Z",240,2.886,"#C C cuts the bell pepper.","Core task, high hand activity.","r001","Cooking","silver","Gold","",584.9007376136719,"2026-02-22T21:55:42.129574Z","228eb02a-6c89-4aa0-9cd4-0cdab1550c83"
"Essential Operation",241,"1",11,"Object Transfer","2026-02-22T21:55:51.970947Z",241,9.418,"#C C moves the bell pepper.","Core task, high hand activity.","r001","Cooking","silver","Bad","",607.603077613672,"2026-02-22T21:55:51.970961Z","228eb02a-6c89-4aa0-9cd4-0cdab1550c83"
"Object Transfer",242,"1",11,"","2026-02-22T21:55:56.012617Z",242,3.569,"#C C puts the tissue down.","Logistics step of placing an object.","r001","Cooking","silver","Gold","",640.5736576136719,"2026-02-22T21:55:56.012640Z","228eb02a-6c89-4aa0-9cd4-0cdab1550c83"
"Stationary",243,"1",11,"","2026-02-22T21:56:01.363857Z",243,5.017,"#C C touches the spoon.","Low body/hand motion, likely a minor interaction.","r001","Cooking","silver","Gold","",654.9832276136719,"2026-02-22T21:56:01.363872Z","228eb02a-6c89-4aa0-9cd4-0cdab1550c83"
"Essential Operation",244,"1",11,"Object Transfer","2026-02-22T21:56:36.157299Z",244,34.395,"#C C pours the mushrooms on the pan.","Core task involving high hand activity.","r001","Cooking","silver","Gold","",769.1642676136719,"2026-02-22T21:56:36.157312Z","228eb02a-6c89-4aa0-9cd4-0cdab1550c83"
"Object Transfer",245,"1",11,"","2026-02-22T21:56:41.492579Z",245,4.86,"#C C puts the jug on the table.","Logistics step involving picking up and putting down the jug.","r001","Cooking","silver","Gold","",852.2328827532799,"2026-02-22T21:56:41.492590Z","228eb02a-6c89-4aa0-9cd4-0cdab1550c83"
"Object Transfer",246,"1",11,"","2026-02-22T21:56:44.670971Z",246,2.791,"#C C puts the lid on the pan.","Logistics step involving placing an object.","r001","Cooking","silver","Gold","",904.22822275328,"2026-02-22T21:56:44.670992Z","228eb02a-6c89-4aa0-9cd4-0cdab1550c83"
"Stationary",247,"1",11,"Essential Operation","2026-02-22T21:56:52.618219Z",247,7.63,"#C C straightens the cloth.","Low body/hand motion, likely involves minor adjustments.","r001","Cooking","silver","Bad","",946.29146275328,"2026-02-22T21:56:52.618231Z","228eb02a-6c89-4aa0-9cd4-0cdab1550c83"
"Object Transfer",248,"1",11,"","2026-02-22T21:56:55.937664Z",248,2.943,"#C C puts the spoon on the pan.","Logistics step involving placing an object.","r001","Cooking","silver","Gold","",990.94528275328,"2026-02-22T21:56:55.937681Z","228eb02a-6c89-4aa0-9cd4-0cdab1550c83"
"Object Transfer",249,"1",11,"","2026-02-22T21:57:00.973719Z",249,4.126,"#C C puts the lemon on the chopping board.","Logistics step involving picking up and placing the lemon.","r001","Cooking","silver","Gold","",1073.32790275328,"2026-02-22T21:57:00.973737Z","228eb02a-6c89-4aa0-9cd4-0cdab1550c83"
"Essential Operation",250,"1",11,"","2026-02-22T21:57:04.144947Z",250,2.822,"#C C stirs the mushrooms.","Core task involving high hand activity.","r001","Cooking","silver","Gold","",1115.8499381091176,"2026-02-22T21:57:04.144966Z","228eb02a-6c89-4aa0-9cd4-0cdab1550c83"
"Stationary",251,"1",11,"Essential Operation","2026-02-22T21:57:19.311129Z",251,14.818,"#C C smells the container.","Low body/hand motion, focus on sensory input.","r001","Cooking","silver","Bad","",1287.2404681091175,"2026-02-22T21:57:19.311141Z","228eb02a-6c89-4aa0-9cd4-0cdab1550c83"
"Stationary",252,"1",11,"Essential Operation","2026-02-22T21:57:25.333815Z",252,5.55,"#C C switches off the cooker.","Low body/hand motion, likely involves a single action to switch off the cooker.","r001","Cooking","silver","Bad","",1374.1500879989574,"2026-02-22T21:57:25.333829Z","228eb02a-6c89-4aa0-9cd4-0cdab1550c83"
"Essential Operation",253,"1",11,"","2026-02-22T21:57:28.134451Z",253,2.396,"#C C stirs the rice.","Core task involving repetitive hand movements.","r001","Cooking","silver","Gold","",1523.8960979989574,"2026-02-22T21:57:28.134462Z","228eb02a-6c89-4aa0-9cd4-0cdab1550c83"
"Stationary",254,"1",11,"Essential Operation","2026-02-22T21:57:35.157838Z",254,6.683,"#C C blows air to the rice.","Low body/hand motion, primarily blowing air.","r001","Cooking","silver","Bad","",1547.4844679989574,"2026-02-22T21:57:35.157854Z","228eb02a-6c89-4aa0-9cd4-0cdab1550c83"
"Stationary",255,"1",11,"Essential Operation","2026-02-22T21:57:41.513300Z",255,6.011,"#C C eats the rice .","Low body/hand motion, eating involves minimal movement.","r001","Cooking","silver","Bad","",1549.8979779989577,"2026-02-22T21:57:41.513313Z","228eb02a-6c89-4aa0-9cd4-0cdab1550c83"
"Stationary",256,"1",11,"","2026-02-22T21:57:48.880933Z",256,7.029,"#C C puts the hands on the sink area.","Low body/hand motion, indicating a pause or preparation.","r001","Cooking","silver","Gold","",1594.2468879989574,"2026-02-22T21:57:48.880949Z","228eb02a-6c89-4aa0-9cd4-0cdab1550c83"
"Object Transfer",257,"1",11,"","2026-02-22T21:57:52.883107Z",257,3.61,"#C C passes the spoon to the right hand.","Movement involved in transferring the spoon, short burst of hand activity.","r001","Cooking","silver","Gold","",1862.3277158035708,"2026-02-22T21:57:52.883120Z","228eb02a-6c89-4aa0-9cd4-0cdab1550c83"
"Essential Operation",258,"1",11,"","2026-02-22T21:58:02.053376Z",258,12.386,"#O A man D stirs the mushroom with the spoon.","Core task involving high hand activity.","r001","Cooking","silver","Gold","",1868.1625058035704,"2026-02-22T21:58:05.769187Z","228eb02a-6c89-4aa0-9cd4-0cdab1550c83"
"Object Transfer",259,"1",11,"","2026-02-22T21:58:15.160225Z",259,8.135,"#O a person Y puts the cards down","The action involves placing objects (cards), which is a logistics step.","r001","Playing Instrument","silver","Gold","",460.9967286,"2026-02-22T21:58:15.160241Z","23e0af07-6932-4ccf-8551-3a720d141b89"
"Object Transfer",260,"1",11,"Essential Operation","2026-02-22T21:58:37.712111Z",260,22.165,"#O a person X throws dice in the box","The action involves moving an object (throwing dice), which falls under logistics.","r001","Playing Instrument","silver","Gold","",803.687849242928,"2026-02-22T21:58:37.712123Z","23e0af07-6932-4ccf-8551-3a720d141b89"
"Essential Operation",261,"1",11,"","2026-02-22T21:58:42.920511Z",261,4.679,"#O a person X plays Catan","Playing an instrument involves repetitive and focused hand movements.","r001","Playing Instrument","silver","Gold","",876.4000882320805,"2026-02-22T21:58:42.920524Z","23e0af07-6932-4ccf-8551-3a720d141b89"
"Object Transfer",262,"1",11,"","2026-02-22T21:58:46.384161Z",262,3.087,"#O a person X picks up a dice","The action involves picking up an object, which is a logistics step.","r001","Playing Instrument","silver","Gold","",897.1119782320806,"2026-02-22T21:58:46.384195Z","23e0af07-6932-4ccf-8551-3a720d141b89"
"Object Transfer",263,"1",11,"Essential Operation","2026-02-22T21:58:52.317366Z",263,5.628,"#O a person X throws dices in the box","[CtxFixed] The action involves moving the dice from person X's possession back into the box, which is a deliberate placement.","r001","Playing Instrument","silver","Gold","",1243.4501072848957,"2026-02-22T21:58:52.317380Z","23e0af07-6932-4ccf-8551-3a720d141b89"
"Object Transfer",264,"1",11,"Essential Operation","2026-02-22T21:58:58.764094Z",264,6.119,"#O a person Y picks up a dice from the box","Logistics action of picking up an object.","r001","Playing Instrument","silver","Gold","",1270.5290972848957,"2026-02-22T21:58:58.764109Z","23e0af07-6932-4ccf-8551-3a720d141b89"
"Object Transfer",265,"1",11,"","2026-02-22T21:59:03.674817Z",265,4.559,"#O a person Y puts the card down","The action involves putting down an object, which is a logistics step.","r001","Playing Instrument","silver","Gold","",1748.405172899799,"2026-02-22T21:59:03.674833Z","23e0af07-6932-4ccf-8551-3a720d141b89"
"Essential Operation",266,"1",11,"","2026-02-22T21:59:06.386773Z",266,3.59,"#C C plays Catan","Core task involving hands, likely high hand activity.","r001","Playing Instrument","silver","Gold","",2039.9939568161456,"2026-02-22T21:59:07.781249Z","23e0af07-6932-4ccf-8551-3a720d141b89"
"Object Transfer",267,"1",11,"","2026-02-22T22:32:57.344809Z",267,2029.15,"#O a person Y picks up dice","Logistics step involving picking up an object.","r001","Playing Instrument","silver","Gold","",2052.332286816146,"2026-02-22T22:32:57.344821Z","23e0af07-6932-4ccf-8551-3a720d141b89"
"Object Transfer",268,"1",11,"","2026-02-22T22:33:01.985037Z",268,3.559,"#C C throws dices in the box","Logistics step involving picking up and putting down the dice.","r001","Playing Instrument","silver","Gold","",2304.0589131540364,"2026-02-22T22:33:01.985050Z","23e0af07-6932-4ccf-8551-3a720d141b89"
"Object Transfer",269,"1",11,"","2026-02-22T22:33:06.032702Z",269,3.66,"#O a person Y picks up cards","The action involves picking up objects (cards), which is a logistics step.","r001","Playing Instrument","silver","Gold","",2309.3157331540365,"2026-02-22T22:33:06.032717Z","23e0af07-6932-4ccf-8551-3a720d141b89"
"Object Transfer",270,"1",11,"","2026-02-22T22:33:10.057460Z",270,3.129,"#O woman X picks up the wine","Logistics step of picking up an object.","r001","Playing Instrument","silver","Gold","",2556.9913471517125,"2026-02-22T22:33:10.057482Z","23e0af07-6932-4ccf-8551-3a720d141b89"
"Stationary",271,"1",11,"","2026-02-22T22:33:25.116414Z",271,14.614,"#C C stares at the building","Low body/hand motion, visual focus.","r001","Carpentry","silver","Bad","",362.63523,"2026-02-22T22:33:25.116433Z","26dc2fae-b3b5-4c4a-ba51-efc6bc740f52"
"Stationary",272,"1",11,"","2026-02-22T22:33:30.494802Z",272,4.396,"#C C looks at the road","Looking at the road involves minimal body movement.","r001","Carpentry","silver","Bad","",364.33315,"2026-02-22T22:33:30.494814Z","26dc2fae-b3b5-4c4a-ba51-efc6bc740f52"
"Stationary",273,"1",11,"","2026-02-22T22:33:33.545468Z",273,2.53,"#C C stares at the road","Low body/hand motion, indicating a stationary activity like staring.","r001","Carpentry","silver","Bad","",873.94781,"2026-02-22T22:33:33.545482Z","26dc2fae-b3b5-4c4a-ba51-efc6bc740f52"
"Locomotion",274,"1",11,"","2026-02-22T22:33:36.877371Z",274,2.968,"#C C walks into the compound","Movement through space, involves high body acceleration.","r001","Carpentry","silver","Gold","",975.0696,"2026-02-22T22:33:36.877385Z","26dc2fae-b3b5-4c4a-ba51-efc6bc740f52"
"Object Transfer",275,"1",11,"","2026-02-22T22:33:42.167773Z",275,4.972,"#C C puts cable on the floor","Logistics step involving moving an object (cable) to a specific location (floor).","r001","Cleaning","silver","Gold","",9.7180386,"2026-02-22T22:33:42.167788Z","2aadf66e-5721-41d3-8eca-1b286e1c3cee"
"Object Transfer",276,"1",11,"","2026-02-22T22:33:45.142522Z",276,2.533,"#C C puts the screwdriver on the scooter","Logistics/Setup step, placing an object.","r001","Mechanical Repair","silver","Gold","",30.39994,"2026-02-22T22:33:45.142534Z","2f749634-a362-4288-aad3-f27bfd34dd66"
"Essential Operation",277,"1",11,"","2026-02-22T22:33:49.079298Z",277,3.599,"#C C unscrews a screw on the scooter","Core manual task involving fine motor skills and high hand acceleration.","r001","Mechanical Repair","silver","Gold","",31.29058,"2026-02-22T22:33:49.079316Z","2f749634-a362-4288-aad3-f27bfd34dd66"
"Stationary",278,"1",11,"","2026-02-22T22:34:00.404963Z",278,10.948,"#C C holds the screwdriver with his hands","Holding an object with hands, low body/hand motion.","r001","Mechanical Repair","silver","Gold","",34.76992,"2026-02-22T22:34:00.404978Z","2f749634-a362-4288-aad3-f27bfd34dd66"
"Object Transfer",279,"1",11,"Stationary","2026-02-22T22:34:14.828933Z",279,13.969,"#C C puts his left hand on the bar handle of the scooter","Logistics step involving picking up or putting a hand on an object.","r001","Mechanical Repair","silver","Bad","",59.85549,"2026-02-22T22:34:14.828949Z","2f749634-a362-4288-aad3-f27bfd34dd66"
"Object Transfer",280,"1",11,"Essential Operation","2026-02-22T22:34:25.329221Z",280,8.395,"#C C pulls the light housing of the scooter with his hands","Logistics step involving moving an object with hands.","r001","Mechanical Repair","silver","Gold","",74.39786,"2026-02-22T22:34:25.329235Z","2f749634-a362-4288-aad3-f27bfd34dd66"
"Object Transfer",281,"1",11,"","2026-02-22T22:34:32.728049Z",281,6.882,"#C C drops the light casing of the scooter on the floor","Refined via regex fallback","r001","Mechanical Repair","silver","Gold","",84.46818,"2026-02-22T22:34:32.728062Z","2f749634-a362-4288-aad3-f27bfd34dd66"
"Essential Operation",282,"1",11,"Object Transfer","2026-02-22T22:34:47.573705Z",282,14.328,"#C C draws plate with her left hand","Core manual task involving high hand activity.","r001","Walking Outdoors","silver","Gold","",68.45943526666666,"2026-02-22T22:34:47.573720Z","30b9ff64-51c8-4481-ba6a-733ea2060aef"
"Essential Operation",283,"1",11,"","2026-02-22T22:34:53.042770Z",283,4.982,"#C C knocks on the plate","[CtxFixed] Knocking on a plate is an action that can be considered an essential operation, such as a test or a signal, rather than a form of locomotion, search, or object transfer.","r001","Walking Outdoors","silver","Gold","",323.05183526666667,"2026-02-22T22:34:53.042784Z","30b9ff64-51c8-4481-ba6a-733ea2060aef"
"Essential Operation",284,"1",11,"","2026-02-22T22:35:00.096312Z",284,6.594,"#C C Scoops food from the plate","Core manual task involving hand activity.","r001","Walking Outdoors","silver","Gold","",378.5306852666667,"2026-02-22T22:35:00.096328Z","30b9ff64-51c8-4481-ba6a-733ea2060aef"
"Object Transfer",285,"1",11,"Essential Operation","2026-02-22T22:39:16.868717Z",285,256.407,"#C C arranges cups in the kitchen cabinets","Logistics step involving arranging objects.","r001","Walking Outdoors","silver","Gold","",1005.4887919333332,"2026-02-22T22:39:16.868739Z","30b9ff64-51c8-4481-ba6a-733ea2060aef"
"Stationary",286,"1",11,"Object Transfer","2026-02-22T22:39:56.280334Z",286,10.265,"#C C arranges the cups","The action describes arranging cups, which is a static task with minimal body movement.","r001","Walking Outdoors","silver","Bad","",1096.3104486,"2026-02-22T22:39:56.280350Z","30b9ff64-51c8-4481-ba6a-733ea2060aef"
"Locomotion",287,"1",11,"","2026-02-22T22:40:01.109943Z",287,3.557,"#C C walks towards the countertop","Body moving through space, indicative of walking.","r001","Walking Outdoors","silver","Gold","",1105.3638286,"2026-02-22T22:40:01.109958Z","30b9ff64-51c8-4481-ba6a-733ea2060aef"
"Essential Operation",288,"1",11,"","2026-02-22T22:40:05.422030Z",288,3.852,"#C C washes the pan","Core manual task, high hand activity.","r001","Walking Outdoors","silver","Gold","",1165.4101786,"2026-02-22T22:40:05.422049Z","30b9ff64-51c8-4481-ba6a-733ea2060aef"
"Locomotion",289,"1",11,"","2026-02-22T22:40:10.162339Z",289,12.012,"#C C closes the #unsure","Body moving through space (closing action while walking).","r001","Walking Outdoors","silver","","Skip",1190.3042786,"2026-02-23T00:31:57.705035Z","30b9ff64-51c8-4481-ba6a-733ea2060aef"
"Locomotion",290,"1",11,"","2026-02-22T22:40:13.043759Z",290,2.214,"#C C walks towards the cooker","Body moving through space (walking).","r001","Walking Outdoors","silver","Gold","",1193.0018086,"2026-02-22T22:40:13.043775Z","30b9ff64-51c8-4481-ba6a-733ea2060aef"
"Stationary",291,"1",11,"Object Transfer","2026-02-22T22:40:23.915598Z",291,10.412,"#C C puts clothes in a laundry washing machine","The action involves placing clothes in a washing machine, which is a static task with minimal body movement.","r001","Walking Outdoors","silver","Bad","",1379.5925586,"2026-02-22T22:40:23.915621Z","30b9ff64-51c8-4481-ba6a-733ea2060aef"
"Stationary",292,"1",11,"Essential Operation","2026-02-22T22:40:32.892220Z",292,8.573,"#C C folds clothes","The action of folding clothes is a stationary task that involves minimal body movement.","r001","Walking Outdoors","silver","Bad","",1425.8174786,"2026-02-22T22:40:32.892233Z","30b9ff64-51c8-4481-ba6a-733ea2060aef"
"Object Transfer",293,"1",11,"","2026-02-22T22:40:39.432105Z",293,6.105,"#C C closes the detergent","Closing an object involves a short burst of hand activity.","r001","Walking Outdoors","silver","Gold","",1597.8642685999998,"2026-02-22T22:40:39.432118Z","30b9ff64-51c8-4481-ba6a-733ea2060aef"
"Locomotion",294,"1",11,"","2026-02-22T22:40:42.517109Z",294,2.639,"#C C walks again in the room","Body moving through space, indicative of walking.","r001","Walking Outdoors","silver","Gold","",1620.6254385999998,"2026-02-22T22:40:42.517129Z","30b9ff64-51c8-4481-ba6a-733ea2060aef"
"Stationary",295,"1",11,"","2026-02-22T22:40:46.983884Z",295,4.064,"#C C stands at the sink.","Low body/hand motion, indicating a stationary action.","r001","Walking Outdoors","silver","Gold","",1638.4511586,"2026-02-22T22:40:46.983899Z","30b9ff64-51c8-4481-ba6a-733ea2060aef"
"Locomotion",296,"1",11,"","2026-02-22T22:40:49.952775Z",296,2.605,"#C C walks past man J.","Body moving through space, involves walking.","r001","Walking Outdoors","silver","Gold","",1669.1397885999995,"2026-02-22T22:40:49.952789Z","30b9ff64-51c8-4481-ba6a-733ea2060aef"
"Search",297,"1",11,"","2026-02-22T22:40:56.139801Z",297,5.768,"#C C stares a round the ridged gourd plant","Visual search/monitoring around the plant.","r001","Gardening","silver","Gold","",181.4390896,"2026-02-22T22:40:56.139812Z","343ff902-f0c0-4931-bca6-872ff9066fec"
"Stationary",298,"1",11,"Object Transfer","2026-02-22T22:41:08.751323Z",298,12.188,"#C C leans a pair of scissors on a white an ice cooler box","The action involves placing an object, which is a low-energy activity.","r001","Gardening","silver","Bad","",262.41292960000004,"2026-02-22T22:41:08.751335Z","343ff902-f0c0-4931-bca6-872ff9066fec"
"Locomotion",299,"1",11,"","2026-02-22T22:41:13.749206Z",299,4.583,"#C C walks a round on the corridor","Body moving through space (walking).","r001","Gardening","silver","Gold","",274.5573996,"2026-02-22T22:41:13.749227Z","343ff902-f0c0-4931-bca6-872ff9066fec"
"Stationary",300,"1",11,"","2026-02-22T22:42:14.177677Z",300,60.007,"#C C sneezes over","[CtxFixed] Sneezing is an involuntary action that does not involve movement or manipulation of objects, and it typically occurs while the person is in a stationary position.","r001","Gardening","silver","","Delete Row",439.7622409546634,"2026-02-22T22:42:14.177690Z","343ff902-f0c0-4931-bca6-872ff9066fec"
"Object Transfer",301,"1",11,"Essential Operation","2026-02-22T22:42:53.647968Z",301,38.804,"#C C parks a melon plant flower in a transparency polythene bag","Logistics step involving placing the flower in a bag.","r001","Gardening","silver","Gold","",500.6244209546634,"2026-02-22T22:42:53.647983Z","343ff902-f0c0-4931-bca6-872ff9066fec"
"Object Transfer",302,"1",11,"","2026-02-22T22:42:58.553811Z",302,4.416,"#C C drops a transparency polythene bags on a floor","Refined via regex fallback","r001","Gardening","silver","Gold","",583.4880642879967,"2026-02-22T22:42:58.553826Z","343ff902-f0c0-4931-bca6-872ff9066fec"
"Search",303,"1",11,"","2026-02-22T22:43:01.601200Z",303,2.656,"#C C stares a round on a melon plant","Visual search or monitoring, likely involves head movement.","r001","Gardening","silver","Gold","",647.1377342879968,"2026-02-22T22:43:01.601225Z","343ff902-f0c0-4931-bca6-872ff9066fec"
"Search",304,"1",11,"","2026-02-22T22:43:03.822182Z",304,1.867,"#C C stares on a small melon fruit","Visual focus (staring), minimal hand activity.","r001","Gardening","silver","Gold","",710.1187542879968,"2026-02-22T22:43:03.822201Z","343ff902-f0c0-4931-bca6-872ff9066fec"
"Object Transfer",305,"1",11,"","2026-02-22T22:43:11.148589Z",305,6.985,"#C C grabs melon fruit in a transparency polythene bag","Logistics step involving picking up and handling an object.","r001","Gardening","silver","Gold","",1081.36478762133,"2026-02-22T22:43:11.148603Z","343ff902-f0c0-4931-bca6-872ff9066fec"
"Stationary",306,"1",11,"Essential Operation","2026-02-22T22:43:27.331089Z",306,15.832,"#C C clutches the melon plant stem with hands","The action describes a holding motion which is likely to be low in energy and mostly static.","r001","Gardening","silver","Bad","",1090.6367176213298,"2026-02-22T22:43:27.331105Z","343ff902-f0c0-4931-bca6-872ff9066fec"
"Object Transfer",307,"1",11,"","2026-02-22T22:43:33.637020Z",307,5.937,"#c c move the stone","Logistics step involving moving an object (stone).","r001","Gardening","silver","Gold","",1156.55360762133,"2026-02-22T22:43:33.637042Z","343ff902-f0c0-4931-bca6-872ff9066fec"
"Essential Operation",308,"1",11,"","2026-02-22T22:43:39.284653Z",308,5.28,"#c c pull the thread","Core task involving manual manipulation, high hand activity.","r001","Gardening","silver","Gold","",1211.32008762133,"2026-02-22T22:43:39.284665Z","343ff902-f0c0-4931-bca6-872ff9066fec"
"Stationary",309,"1",11,"","2026-02-22T22:43:48.174148Z",309,8.535,"#c c touch the nylon","Low body/hand motion, likely involves light touch or inspection.","r001","Gardening","silver","","Skip",1231.88044762133,"2026-02-22T22:43:48.174161Z","343ff902-f0c0-4931-bca6-872ff9066fec"
"Object Transfer",310,"1",11,"","2026-02-22T22:43:53.745950Z",310,5.165,"#c c move the plant","Moving the plant involves logistics and transfer of an object.","r001","Gardening","silver","Gold","",1243.56130762133,"2026-02-22T22:43:53.745962Z","343ff902-f0c0-4931-bca6-872ff9066fec"
"Search",311,"1",11,"","2026-02-22T22:44:21.059087Z",311,26.893,"#c c touch plant branch","The action involves touching or feeling an object, which typically involves visual or tactile search.","r001","Gardening","silver","","Skip",1247.19684762133,"2026-02-22T22:44:21.059101Z","343ff902-f0c0-4931-bca6-872ff9066fec"
"Locomotion",312,"1",11,"Object Transfer","2026-02-22T22:44:49.147373Z",312,27.083,"#c c move the leaves side to side","Body moving through space to move leaves, likely involves walking or sweeping motions.","r001","Gardening","silver","Bad","",1309.08979762133,"2026-02-22T22:44:49.147389Z","343ff902-f0c0-4931-bca6-872ff9066fec"
"Search",313,"1",11,"","2026-02-22T22:44:58.057462Z",313,8.334,"#c c touch plant leaves","This action involves touching plant leaves, which suggests a form of inspection or visual search.","r001","Gardening","silver","","Skip",1383.92808762133,"2026-02-22T22:44:58.057476Z","343ff902-f0c0-4931-bca6-872ff9066fec"
"Object Transfer",314,"1",11,"","2026-02-22T22:45:10.190063Z",314,8.657,"#c c bend down","Logistics step involving bending down to pick up or put down an object.","r001","Gardening","silver","","Skip",1401.63946762133,"2026-02-22T22:45:10.190074Z","343ff902-f0c0-4931-bca6-872ff9066fec"
"Stationary",315,"1",11,"","2026-02-22T22:45:21.736581Z",315,17.222,"#c c hold the fruit","Holding an object involves minimal movement.","r001","Gardening","silver","Gold","",1419.02912762133,"2026-02-22T22:46:36.314768Z","343ff902-f0c0-4931-bca6-872ff9066fec"
"Object Transfer",316,"1",11,"","2026-02-22T22:45:26.030944Z",316,3.216,"#c c pick the scissor","Logistics/Setup step, picking up an object.","r001","Gardening","silver","Gold","",1700.8097009546634,"2026-02-22T22:45:26.030971Z","343ff902-f0c0-4931-bca6-872ff9066fec"
"Essential Operation",317,"1",11,"","2026-02-22T22:45:29.888579Z",317,3.448,"#c c pour the fertilizer to the plant","Core task involving high hand activity and manipulation.","r001","Gardening","silver","Gold","",2316.787774287997,"2026-02-22T22:45:29.888595Z","343ff902-f0c0-4931-bca6-872ff9066fec"
"Object Transfer",318,"1",11,"Essential Operation","2026-02-22T22:45:50.200156Z",318,19.891,"#c c close the tap","The action involves closing a tap, which is a logistics step involving an object interaction.","r001","Gardening","silver","Bad","",2369.898754287997,"2026-02-22T22:45:50.200175Z","343ff902-f0c0-4931-bca6-872ff9066fec"
"Stationary",319,"1",11,"","2026-02-22T22:46:48.821611Z",319,5.554,"#C C stares on the laptop","Low body/hand motion, focused gaze.","r001","Desk Work","silver","Gold","",35.59618,"2026-02-22T22:46:48.821626Z","3b47e163-76ea-4eb5-9a99-afacf6fb41ec"
"Stationary",320,"1",11,"","2026-02-22T22:57:33.231179Z",320,9.949,"#C C touches the tablet screen","Low body/hand motion, focused interaction with a stationary object.","r001","Desk Work","silver","","Skip",67.3203996,"2026-02-22T22:57:33.231196Z","3b7d314b-9c2c-466e-8b73-495a61e4d059"
"Stationary",321,"1",11,"","2026-02-22T22:57:41.229498Z",321,5.2,"#C C raise the left hand","Low body/hand motion, likely a minor gesture.","r001","Desk Work","silver","Gold","",69.23986959999999,"2026-02-22T22:57:41.229511Z","3b7d314b-9c2c-466e-8b73-495a61e4d059"
"Search",322,"1",11,"","2026-02-22T22:57:45.428504Z",322,2.632,"#C C looks at the tablet screen","Head movement (visual search), hands mostly still.","r001","Desk Work","silver","Gold","",71.2996496,"2026-02-22T22:57:45.428522Z","3b7d314b-9c2c-466e-8b73-495a61e4d059"
"Search",323,"1",11,"","2026-02-22T22:57:48.094426Z",323,2.263,"#C C looks at the monitor screen","Head movement (visual search), hands mostly still.","r001","Desk Work","silver","Gold","",280.3264596,"2026-02-22T22:57:48.094460Z","3b7d314b-9c2c-466e-8b73-495a61e4d059"
"Search",324,"1",11,"","2026-02-22T22:57:53.480077Z",324,4.932,"#C C looks at the lego piece","Visual inspection, head movement focused on the lego piece.","r001","Carpentry","silver","Gold","",111.6156586,"2026-02-22T22:57:53.480091Z","3b8a77f0-153c-4e93-82f9-ae2aa84596ed"
"Object Transfer",325,"1",11,"","2026-02-22T22:57:57.751956Z",325,3.845,"#C C picks lego piece","Logistics step of picking up an object.","r001","Carpentry","silver","Gold","",167.89795859999998,"2026-02-22T22:57:57.751970Z","3b8a77f0-153c-4e93-82f9-ae2aa84596ed"
"Essential Operation",326,"1",11,"","2026-02-22T22:58:03.529677Z",326,5.354,"#C C fixes the lego pieces","Core manual task involving precise hand movements.","r001","Carpentry","silver","Gold","",205.6548786,"2026-02-22T22:58:03.529688Z","3b8a77f0-153c-4e93-82f9-ae2aa84596ed"
"Essential Operation",327,"1",11,"","2026-02-22T22:58:06.316910Z",327,2.374,"#C C fixes a robot","Core manual task involving hands, likely with high hand acceleration.","r001","Carpentry","silver","Gold","",610.9363693600199,"2026-02-22T22:58:06.316927Z","3b8a77f0-153c-4e93-82f9-ae2aa84596ed"
"Search",328,"1",11,"","2026-02-22T22:58:10.362874Z",328,3.633,"#C C searches a robot part","Head movement (searching), passive hands.","r001","Carpentry","silver","Gold","",690.1187693600198,"2026-02-22T22:58:10.362891Z","3b8a77f0-153c-4e93-82f9-ae2aa84596ed"
"Object Transfer",329,"1",11,"","2026-02-22T22:58:14.187578Z",329,3.374,"#C C moves lego pieces","Movement of small objects, likely involves picking up and putting down pieces.","r001","Carpentry","silver","Gold","",872.4932476136719,"2026-02-22T22:58:14.187604Z","3b8a77f0-153c-4e93-82f9-ae2aa84596ed"
"Object Transfer",330,"1",11,"Essential Operation","2026-02-22T23:28:21.632885Z",330,1807.099,"#C C fixes the lego piece","[CtxFixed] The action of 'fixing the lego piece' can be interpreted as a deliberate placement or adjustment of the lego piece, which falls under the category of Object Transfer.","r001","Carpentry","silver","Bad","",910.707937613672,"2026-02-22T23:28:21.632899Z","3b8a77f0-153c-4e93-82f9-ae2aa84596ed"
"Object Transfer",331,"1",11,"","2026-02-22T23:28:26.229246Z",331,2.796,"#C C puts down the lego piece","Logistics step involving placing an object down.","r001","Carpentry","silver","Gold","",978.057687613672,"2026-02-22T23:28:26.229259Z","3b8a77f0-153c-4e93-82f9-ae2aa84596ed"
"Stationary",332,"1",11,"","2026-02-22T23:28:30.337906Z",332,3.774,"#C C holds the robot","Low body/hand motion, holding the robot indicates a static position.","r001","Carpentry","silver","Gold","",1092.994497613672,"2026-02-22T23:28:30.337917Z","3b8a77f0-153c-4e93-82f9-ae2aa84596ed"
"Object Transfer",333,"1",11,"","2026-02-22T23:28:33.549738Z",333,2.846,"#C C lifts the book","Action involves picking up an object, indicating a logistics step.","r001","Carpentry","silver","Gold","",1109.301937613672,"2026-02-22T23:28:33.549754Z","3b8a77f0-153c-4e93-82f9-ae2aa84596ed"
"Locomotion",334,"1",11,"Object Transfer","2026-02-22T23:28:41.774477Z",334,7.68,"#C C lifts the part of the robot","Body moving through space to lift an object, high body acceleration.","r001","Carpentry","silver","Bad","",1114.887927613672,"2026-02-22T23:28:41.774492Z","3b8a77f0-153c-4e93-82f9-ae2aa84596ed"
"Locomotion",335,"1",11,"Object Transfer","2026-02-22T23:28:46.325763Z",335,4.158,"#C C lifts the robot","Body moving through space (lifting), high body acceleration.","r001","Carpentry","silver","Bad","",1131.728297613672,"2026-02-22T23:28:46.325784Z","3b8a77f0-153c-4e93-82f9-ae2aa84596ed"
"Stationary",336,"1",11,"","2026-02-22T23:28:50.855576Z",336,4.128,"#C C touches the parts of the robot","Low body/hand motion, likely involves fine tactile inspection.","r001","Carpentry","silver","Gold","",1253.459567613672,"2026-02-22T23:28:50.855594Z","3b8a77f0-153c-4e93-82f9-ae2aa84596ed"
"Object Transfer",337,"1",11,"","2026-02-22T23:28:55.800454Z",337,4.553,"#C C picks the parts of the robot","Logistics step involving picking up objects.","r001","Carpentry","silver","Gold","",1378.206448307169,"2026-02-22T23:28:55.800469Z","3b8a77f0-153c-4e93-82f9-ae2aa84596ed"
"Object Transfer",338,"1",11,"","2026-02-22T23:28:59.317077Z",338,3.193,"#C C places the robot in the dish box","Logistics step involving placing an object.","r001","Carpentry","silver","Gold","",1404.5770283071688,"2026-02-22T23:28:59.317088Z","3b8a77f0-153c-4e93-82f9-ae2aa84596ed"
"Object Transfer",339,"1",11,"","2026-02-22T23:29:01.977780Z",339,2.355,"#C C places the book on the dish box","Logistics step involving placing an object.","r001","Carpentry","silver","Gold","",1411.8052283071688,"2026-02-22T23:29:01.977792Z","3b8a77f0-153c-4e93-82f9-ae2aa84596ed"
"Search",340,"1",11,"Stationary","2026-02-22T23:29:20.657577Z",340,9.147,"#C C touches on a leaf","Implies a visual or tactile search, hands and possibly head involved in examining the leaf.","r001","Gardening","silver","Bad","",14.9688786,"2026-02-22T23:29:20.657592Z","3ebd870a-d4bd-488d-bd5c-5a606747ad84"
"Essential Operation",341,"1",11,"Object Transfer","2026-02-22T23:29:33.060662Z",341,11.889,"#C C plucks leaf from the flower","Core task involving high hand activity.","r001","Gardening","silver","Gold","",27.9155486,"2026-02-22T23:29:33.060676Z","3ebd870a-d4bd-488d-bd5c-5a606747ad84"
"Object Transfer",342,"1",11,"Essential Operation","2026-02-22T23:29:46.043436Z",342,12.371,"#C C puts flower pot on the stand","Logistics step involving moving an object (flower pot) to a specific location (stand).","r001","Gardening","silver","Gold","",50.4302886,"2026-02-22T23:29:46.043449Z","3ebd870a-d4bd-488d-bd5c-5a606747ad84"
"Object Transfer",343,"1",11,"","2026-02-22T23:29:50.221671Z",343,3.627,"#C C puts hand sprinkler on the table","Logistics step involving picking up and placing an object.","r001","Gardening","silver","Gold","",126.7726986,"2026-02-22T23:29:50.221684Z","3ebd870a-d4bd-488d-bd5c-5a606747ad84"
"Object Transfer",344,"1",11,"","2026-02-22T23:29:52.636195Z",344,1.989,"#C C moves matt","Logistics/Setup step (moving an object).","r001","Desk Work","silver","Gold","",19.2258886,"2026-02-22T23:29:52.636217Z","3efbad19-b258-443a-8f71-d4f7e4f8aef1"
"Search",345,"1",11,"Essential Operation","2026-02-22T23:30:23.391858Z",345,30.383,"#C C adjusts wrist watch","Head and hand movement to check the time, low overall body motion.","r001","Desk Work","silver","Bad","",33.4517586,"2026-02-22T23:30:23.391880Z","3efbad19-b258-443a-8f71-d4f7e4f8aef1"
"Essential Operation",346,"1",11,"","2026-02-22T23:30:39.473482Z",346,15.536,"#C C tightens wrist watch","Core manual task involving fine motor skills, high hand activity.","r001","Desk Work","silver","Gold","",36.5322286,"2026-02-22T23:30:39.473494Z","3efbad19-b258-443a-8f71-d4f7e4f8aef1"
"Stationary",347,"1",11,"","2026-02-22T23:30:44.641713Z",347,4.749,"#C C holds on the waist","Low body/hand motion, holding position.","r001","Desk Work","silver","Gold","",295.1631386,"2026-02-22T23:30:44.641728Z","3efbad19-b258-443a-8f71-d4f7e4f8aef1"
"Stationary",348,"1",11,"","2026-02-22T23:30:48.688653Z",348,3.639,"#CC touches the yoga mat","Low body/hand motion, likely a touch or adjustment.","r001","Desk Work","silver","Gold","",559.3935593320908,"2026-02-22T23:30:48.688665Z","3efbad19-b258-443a-8f71-d4f7e4f8aef1"
"Stationary",349,"1",11,"","2026-02-22T23:30:53.079904Z",349,3.921,"#C C gestures with her hands","Gesturing typically involves minimal movement and can be considered a low-energy activity.","r001","Desk Work","silver","Gold","",587.3142193320908,"2026-02-22T23:30:53.079928Z","3efbad19-b258-443a-8f71-d4f7e4f8aef1"
"Locomotion",350,"1",11,"","2026-02-22T23:30:58.251714Z",350,4.808,"#C C jumps sideways","Body movement through space, likely involves significant body acceleration.","r001","Desk Work","silver","Gold","",723.9512593320908,"2026-02-22T23:30:58.251727Z","3efbad19-b258-443a-8f71-d4f7e4f8aef1"
"Stationary",351,"1",11,"","2026-02-22T23:31:33.205373Z",351,34.566,"#C C carriers her hands up","Low body/hand motion, likely indicating a pause or idle state.","r001","Desk Work","silver","","Delete Row",737.8211793320909,"2026-02-22T23:31:33.205389Z","3efbad19-b258-443a-8f71-d4f7e4f8aef1"
"Stationary",352,"1",11,"Essential Operation","2026-02-22T23:31:40.196217Z",352,6.417,"#C C adjusts the camera with both hands","Adjusting the camera involves fine motor movements but does not involve significant body movement.","r001","Desk Work","silver","Bad","",756.6319493320908,"2026-02-22T23:31:40.196232Z","3efbad19-b258-443a-8f71-d4f7e4f8aef1"
"Object Transfer",353,"1",11,"Stationary","2026-02-22T23:31:48.669313Z",353,7.933,"#C C touches the floor with her right hand","The action involves a specific interaction with an object (touching the floor), which is a logistics step.","r001","Desk Work","silver","Bad","",774.4453293320908,"2026-02-22T23:31:48.669328Z","3efbad19-b258-443a-8f71-d4f7e4f8aef1"
"Stationary",354,"1",11,"","2026-02-22T23:31:54.686113Z",354,3.658,"#C C touches her nose","Low body/hand motion, likely a minor, non-task related movement.","r001","Desk Work","silver","Gold","",814.4235793320909,"2026-02-22T23:31:54.686125Z","3efbad19-b258-443a-8f71-d4f7e4f8aef1"
"Locomotion",355,"1",11,"","2026-02-22T23:31:58.199169Z",355,2.945,"#C C jumps up","Body moving through space (jumping). High Body Accel.","r001","Desk Work","silver","Gold","",899.1944376136719,"2026-02-22T23:31:58.199192Z","3efbad19-b258-443a-8f71-d4f7e4f8aef1"
"Object Transfer",356,"1",11,"Stationary","2026-02-22T23:32:05.141609Z",356,6.113,"#C C touches the yoga mat with her hands","Logistics step involving interaction with an object.","r001","Desk Work","silver","Bad","",931.331987613672,"2026-02-22T23:32:05.141622Z","3efbad19-b258-443a-8f71-d4f7e4f8aef1"
"Locomotion",357,"1",11,"","2026-02-22T23:32:14.422052Z",357,3.621,"#C C jumps to the right side on the floor","Body moving through space with a sudden movement.","r001","Desk Work","silver","Gold","",1001.059587613672,"2026-02-22T23:32:14.422067Z","3efbad19-b258-443a-8f71-d4f7e4f8aef1"
"Stationary",358,"1",11,"","2026-02-22T23:32:23.262085Z",358,8.293,"#C C turns back again","Indicates a change in orientation but no significant movement.","r001","Desk Work","silver","Gold","",1023.292357613672,"2026-02-22T23:32:23.262098Z","3efbad19-b258-443a-8f71-d4f7e4f8aef1"
"Search",359,"1",11,"","2026-02-22T23:32:27.049396Z",359,3.358,"#C C looks at the watch in her left hand","Head movement (visual search), hands mostly still.","r001","Desk Work","silver","Gold","",1050.233087613672,"2026-02-22T23:32:27.049416Z","3efbad19-b258-443a-8f71-d4f7e4f8aef1"
"Locomotion",360,"1",11,"","2026-02-22T23:32:30.481556Z",360,3.043,"#C C walks on the yoga mat","Body moving through space, involves walking.","r001","Desk Work","silver","Gold","",1075.952937613672,"2026-02-22T23:32:30.481578Z","3efbad19-b258-443a-8f71-d4f7e4f8aef1"
"Stationary",361,"1",11,"","2026-02-22T23:32:33.666234Z",361,2.804,"#C C touches the yoga mat with her right hand","Low body/hand motion, brief touch.","r001","Desk Work","silver","Gold","",1135.1867273792968,"2026-02-22T23:32:33.666247Z","3efbad19-b258-443a-8f71-d4f7e4f8aef1"
"Locomotion",362,"1",11,"","2026-02-22T23:32:36.926634Z",362,2.881,"#C C jumps on the yoga mat","Body moving through space (jumping). High body acceleration.","r001","Desk Work","silver","Gold","",1263.0306573792968,"2026-02-22T23:32:36.926646Z","3efbad19-b258-443a-8f71-d4f7e4f8aef1"
"Stationary",363,"1",11,"","2026-02-22T23:32:40.915209Z",363,3.633,"#C C on the yoga mat","The action suggests sitting or lying still on a yoga mat, indicating low body and hand motion.","r001","Desk Work","silver","Gold","",1402.7046274875638,"2026-02-22T23:32:40.915223Z","3efbad19-b258-443a-8f71-d4f7e4f8aef1"
"Stationary",364,"1",11,"Essential Operation","2026-02-22T23:32:50.864308Z",364,9.56,"#C C adjusts the camera with her hands","Adjusting the camera is a fine motor task with minimal body movement.","r001","Desk Work","silver","Bad","",1414.905297487564,"2026-02-22T23:32:50.864323Z","3efbad19-b258-443a-8f71-d4f7e4f8aef1"
"Stationary",365,"1",11,"","2026-02-22T23:32:54.755925Z",365,3.499,"#C C touches the camera with her hands","Low body/hand motion, likely minor adjustment or inspection.","r001","Desk Work","silver","Gold","",1435.199467487564,"2026-02-22T23:32:54.755939Z","3efbad19-b258-443a-8f71-d4f7e4f8aef1"
"Locomotion",366,"1",11,"","2026-02-22T23:32:58.065181Z",366,2.882,"#C C jumps backwards","Movement through space, involves body acceleration.","r001","Desk Work","silver","Gold","",1506.1409474875638,"2026-02-22T23:32:58.065196Z","3efbad19-b258-443a-8f71-d4f7e4f8aef1"
"Locomotion",367,"1",11,"Stationary","2026-02-22T23:33:12.038790Z",367,13.533,"#C C puts her left leg in her front","Body movement through space, likely involves moving a limb to a new position.","r001","Desk Work","silver","Bad","",1617.875067487564,"2026-02-22T23:33:12.038828Z","3efbad19-b258-443a-8f71-d4f7e4f8aef1"
"Locomotion",368,"1",11,"","2026-02-22T23:33:21.079177Z",368,8.681,"#C C jumps to the left","Body moving through space with sudden movement.","r001","Desk Work","silver","Gold","",1619.750417487564,"2026-02-22T23:33:21.079188Z","3efbad19-b258-443a-8f71-d4f7e4f8aef1"
"Stationary",369,"1",11,"","2026-02-22T23:33:25.555040Z",369,3.721,"#C C kneels on the yoga mat","The action involves a stationary position (kneeling), with low body motion.","r001","Desk Work","silver","Gold","",1709.5379459242188,"2026-02-22T23:33:25.555054Z","3efbad19-b258-443a-8f71-d4f7e4f8aef1"
"Stationary",370,"1",11,"","2026-02-22T23:33:33.417970Z",370,7.417,"#C C carries her legs up","The action describes a movement that is likely to be a static pose or a change in position while sitting, indicating low body and hand motion.","r001","Desk Work","silver","Gold","",1759.2885359242186,"2026-02-22T23:33:33.417982Z","3efbad19-b258-443a-8f71-d4f7e4f8aef1"
"Search",371,"1",11,"","2026-02-22T23:33:38.010122Z",371,4.168,"#C C examines the wood with her hands","Visual and tactile search with hands, likely minimal head movement but focused on hands.","r001","Mechanical Repair","silver","Gold","",50.6760796,"2026-02-22T23:33:38.010147Z","3f6e7d56-6bf0-43d6-81cf-2bd11827455e"
"Object Transfer",372,"1",11,"","2026-02-22T23:33:44.187568Z",372,5.735,"#C C puts sand paper back together. #unsure","Logistics step involving placing an object back.","r001","Mechanical Repair","silver","Gold","",75.5677796,"2026-02-22T23:33:44.187581Z","3f6e7d56-6bf0-43d6-81cf-2bd11827455e"
"Essential Operation",373,"1",11,"","2026-02-22T23:33:48.652733Z",373,4.071,"#C C scrubs the wood with a sand paper","Core manual task involving high hand activity.","r001","Mechanical Repair","silver","Gold","",486.2940709546634,"2026-02-22T23:33:48.652756Z","3f6e7d56-6bf0-43d6-81cf-2bd11827455e"
"Essential Operation",374,"1",11,"","2026-02-22T23:34:02.839642Z",374,13.793,"#C C rolls the foam. #unsure","Core task involving manual dexterity and repetitive motion.","r001","Mechanical Repair","silver","Gold","",945.00775762133,"2026-02-22T23:34:02.839676Z","3f6e7d56-6bf0-43d6-81cf-2bd11827455e"
"Object Transfer",375,"1",11,"Essential Operation","2026-02-22T23:34:15.759633Z",375,12.118,"#C C removes his right hand from the screw driver.","The action involves the removal of a hand from a tool, which is part of the logistics or setup step.","r001","Mechanical Repair","silver","Bad","",25.50583,"2026-02-22T23:34:15.759644Z","3fa54ca6-3988-4a7f-9295-41236f4ee925"
"Object Transfer",376,"1",11,"Essential Operation","2026-02-22T23:34:26.784177Z",376,10.445,"#C C touches the screw driver with his right hand.","Logistics action of picking up the tool.","r001","Mechanical Repair","silver","Bad","",59.26316,"2026-02-22T23:34:26.784189Z","3fa54ca6-3988-4a7f-9295-41236f4ee925"
"Stationary",377,"1",11,"Essential Operation","2026-02-22T23:34:40.523320Z",377,13.339,"#C C removes both hands from the scooter bike gear box.","The action indicates a pause in motion, likely as C stops manipulating the object.","r001","Mechanical Repair","silver","Bad","",87.24675,"2026-02-22T23:34:40.523338Z","3fa54ca6-3988-4a7f-9295-41236f4ee925"
"Locomotion",378,"1",11,"","2026-02-22T23:34:45.554913Z",378,3.893,"#C C moves towards the scooter bike.","Body moving through space, likely involves walking or moving towards an object.","r001","Mechanical Repair","silver","Gold","",96.27084,"2026-02-22T23:34:45.554925Z","3fa54ca6-3988-4a7f-9295-41236f4ee925"
"Essential Operation",379,"1",11,"","2026-02-22T23:35:00.482995Z",379,14.448,"#C C turns the scooter bike key with his left hand.","Core manual task involving high hand activity.","r001","Mechanical Repair","silver","Gold","",101.06595,"2026-02-22T23:35:00.483012Z","3fa54ca6-3988-4a7f-9295-41236f4ee925"
"Stationary",380,"1",11,"Essential Operation","2026-02-22T23:35:09.082951Z",380,8.008,"#C C removes his right hand from the scooter bike.","The action indicates a pause or removal of a hand, suggesting low energy activity.","r001","Mechanical Repair","silver","Bad","",128.9803,"2026-02-22T23:35:09.082964Z","3fa54ca6-3988-4a7f-9295-41236f4ee925"
"Search",381,"1",11,"","2026-02-22T23:35:13.180444Z",381,3.173,"#C C searches for a bolt in the bolt box with his right hand.","Focused hand movement (searching), head may also be involved in visual inspection.","r001","Mechanical Repair","silver","Gold","",166.08793,"2026-02-22T23:35:13.180461Z","3fa54ca6-3988-4a7f-9295-41236f4ee925"
"Object Transfer",382,"1",11,"","2026-02-22T23:35:16.350604Z",382,2.767,"#C C drops the bolt box with his right hand.","[CtxFixed] The action involves deliberately placing the bolt box on a surface, which fits the criteria for Object Transfer.","r001","Mechanical Repair","silver","Gold","",182.7291,"2026-02-22T23:35:16.350616Z","3fa54ca6-3988-4a7f-9295-41236f4ee925"
"Object Transfer",383,"1",11,"Essential Operation","2026-02-22T23:35:23.857012Z",383,7.104,"#C C removes the screw driver from the bolt with both hands.","The action involves removing a tool (screwdriver) from an object (bolt), which is a logistics step.","r001","Mechanical Repair","silver","Gold","",192.23474,"2026-02-22T23:35:23.857024Z","3fa54ca6-3988-4a7f-9295-41236f4ee925"
"Essential Operation",384,"1",11,"Object Transfer","2026-02-22T23:35:32.052606Z",384,7.782,"#C C screws the bolt into the scooter bike with both hands.","Core manual task involving high hand activity.","r001","Mechanical Repair","silver","Gold","",196.2693,"2026-02-22T23:35:32.052617Z","3fa54ca6-3988-4a7f-9295-41236f4ee925"
"Locomotion",385,"1",11,"","2026-02-22T23:35:35.277249Z",385,2.86,"#C C moves towards a tool trolley.","Body moving through space to reach a destination.","r001","Mechanical Repair","silver","Gold","",243.26015,"2026-02-22T23:35:35.277263Z","3fa54ca6-3988-4a7f-9295-41236f4ee925"
"Object Transfer",386,"1",11,"","2026-02-22T23:35:40.085184Z",386,4.418,"#C C drops the scissors in his right hand on the table.","Refined via regex fallback","r001","Mechanical Repair","silver","Gold","",254.87209,"2026-02-22T23:35:40.085202Z","3fa54ca6-3988-4a7f-9295-41236f4ee925"
"Essential Operation",387,"1",11,"","2026-02-22T23:35:43.694609Z",387,3.226,"#C C adjusts the camera with his left hand. #Unsure","Adjusting the camera involves fine motor skills and precise hand movements.","r001","Mechanical Repair","silver","Gold","",259.62938,"2026-02-22T23:35:43.694623Z","3fa54ca6-3988-4a7f-9295-41236f4ee925"
"Essential Operation",388,"1",11,"Object Transfer","2026-02-22T23:35:57.188676Z",388,13.116,"#C C dips the flatbread in the stew","Core manual task involving interaction with food, high hand activity.","r001","Playing Instrument","silver","Gold","",88.4548896,"2026-02-22T23:35:57.188691Z","411879b5-9776-4ffd-9af5-66897a078bed"
"Stationary",389,"1",11,"Essential Operation","2026-02-22T23:57:02.934090Z",389,1265.318,"#C C adjusts the flatbread","The action described does not fit into the other categories as it is an adjustment and likely involves minimal movement.","r001","Playing Instrument","silver","Bad","",190.4839996,"2026-02-22T23:57:02.934111Z","411879b5-9776-4ffd-9af5-66897a078bed"
"Stationary",390,"1",11,"Essential Operation","2026-02-22T23:57:26.794570Z",390,19.114,"#C C eats the flatbread","Low body/hand motion, eating is a relatively calm activity.","r001","Playing Instrument","silver","Bad","",243.3663596,"2026-02-22T23:57:26.794583Z","411879b5-9776-4ffd-9af5-66897a078bed"
"Essential Operation",391,"1",11,"","2026-02-22T23:57:31.049981Z",391,3.356,"#C C cuts the flatbread","Core task, high hand activity.","r001","Playing Instrument","silver","Gold","",411.4534609546634,"2026-02-22T23:57:31.049995Z","411879b5-9776-4ffd-9af5-66897a078bed"
"Object Transfer",392,"1",11,"","2026-02-22T23:57:35.785205Z",392,4.181,"#C C picks up the flatbread","Logistics/Setup step (picking up the flatbread).","r001","Playing Instrument","silver","Gold","",490.8994109546634,"2026-02-22T23:57:35.785219Z","411879b5-9776-4ffd-9af5-66897a078bed"
"Stationary",393,"1",11,"Search","2026-02-22T23:57:41.238240Z",393,5.008,"#C C stares at the drawers","Low body/hand motion, focused gaze.","r001","Playing Instrument","silver","Bad","",731.9983542879968,"2026-02-22T23:57:41.238253Z","411879b5-9776-4ffd-9af5-66897a078bed"
"Object Transfer",394,"1",11,"","2026-02-22T23:57:58.342642Z",394,16.702,"#C C moves the toothpick to the foil","The action involves moving an object (toothpick), which is a logistics step.","r001","Playing Instrument","silver","Gold","",737.5886242879967,"2026-02-22T23:57:58.342662Z","411879b5-9776-4ffd-9af5-66897a078bed"
"Stationary",395,"1",11,"","2026-02-22T23:58:06.845077Z",395,8.046,"#C C wipes his hand with the serviette","Low body/hand motion, likely a brief pause or cleanup action.","r001","Playing Instrument","silver","Gold","",740.6316242879967,"2026-02-22T23:58:06.845095Z","411879b5-9776-4ffd-9af5-66897a078bed"
"Locomotion",396,"1",11,"","2026-02-22T23:58:09.737629Z",396,2.478,"#C C moves to his right","Body moving through space (side movement).","r001","Playing Instrument","silver","Gold","",783.5649542879968,"2026-02-22T23:58:09.737641Z","411879b5-9776-4ffd-9af5-66897a078bed"
"Object Transfer",397,"1",11,"","2026-02-22T23:58:13.304100Z",397,3.203,"#C C moves the glass of water","Logistics step (moving an object).","r001","Playing Instrument","silver","Gold","",784.8390542879968,"2026-02-22T23:58:13.304113Z","411879b5-9776-4ffd-9af5-66897a078bed"
"Essential Operation",398,"1",11,"Object Transfer","2026-02-22T23:58:22.665126Z",398,8.942,"#C C pours detergent on the wet sponge","Core task involving high hand activity.","r001","Cleaning","silver","Gold","",75.89015859999999,"2026-02-22T23:58:22.665140Z","432cb803-6be5-47bc-8443-6bb5b9051667"
"Essential Operation",399,"1",11,"","2026-02-22T23:58:27.205740Z",399,4.111,"#C C cleans the bathtub","Core task involving manual cleaning activity.","r001","Cleaning","silver","Gold","",1092.8575552666666,"2026-02-22T23:58:27.205755Z","432cb803-6be5-47bc-8443-6bb5b9051667"
"Locomotion",400,"1",11,"","2026-02-22T23:58:31.194452Z",400,3.604,"#C C moves around the bathroom","Body moving through space, indicative of walking or moving around.","r001","Cleaning","silver","Gold","",1257.4425252666665,"2026-02-22T23:58:31.194468Z","432cb803-6be5-47bc-8443-6bb5b9051667"
"Essential Operation",401,"1",11,"","2026-02-22T23:58:36.245765Z",401,4.646,"#C C dries the mop on the cleaning bucket","Core task involving high hand activity.","r001","Cleaning","silver","Gold","",1456.7881697309567,"2026-02-22T23:58:36.245782Z","432cb803-6be5-47bc-8443-6bb5b9051667"
"Locomotion",402,"1",11,"","2026-02-23T00:10:48.644289Z",402,736.455,"#C C mop on the washroom","Body moving through space during cleaning activity.","r001","Cleaning","silver","Gold","",1460.798819730957,"2026-02-23T00:10:53.379219Z","432cb803-6be5-47bc-8443-6bb5b9051667"
"Object Transfer",403,"1",11,"","2026-02-23T00:10:57.041489Z",403,3.144,"#C C picks shower gel","Logistics step involving picking up an object.","r001","Cleaning","silver","Gold","",1656.712474327539,"2026-02-23T00:10:57.041502Z","432cb803-6be5-47bc-8443-6bb5b9051667"
"Locomotion",404,"1",11,"","2026-02-23T00:11:00.236436Z",404,2.796,"#C C walks down the house stairs","Body moving through space (walking), high body acceleration.","r001","Cleaning","silver","Gold","",1732.004074327539,"2026-02-23T00:11:00.236449Z","432cb803-6be5-47bc-8443-6bb5b9051667"
"Stationary",405,"1",11,"Essential Operation","2026-02-23T00:11:10.589329Z",405,9.945,"#C C draws the design of the cut out on the wood.","The action involves marking a design, which typically requires holding a pencil or marker steady on the wood, with minimal body movement.","r001","Carpentry","silver","Bad","",56.2492296,"2026-02-23T00:11:10.589342Z","465282ac-5fea-4571-8328-665a693b97cd"
"Essential Operation",406,"1",11,"","2026-02-23T00:11:17.118257Z",406,6.093,"#C C cuts the plank with the circular saw.","Core task involving high hand activity with a tool.","r001","Carpentry","silver","Gold","",330.6649709546634,"2026-02-23T00:11:17.118270Z","465282ac-5fea-4571-8328-665a693b97cd"
"Locomotion",407,"1",11,"","2026-02-23T00:11:21.950361Z",407,4.157,"#C C walks towards the plank on the platform.","Body moving through space (walking).","r001","Carpentry","silver","Gold","",367.5821109546634,"2026-02-23T00:11:21.950375Z","465282ac-5fea-4571-8328-665a693b97cd"
"Locomotion",408,"1",11,"Stationary","2026-02-23T00:11:34.504373Z",408,12.193,"#C C carries the planks with the other hands.","Body moving through space while carrying objects.","r001","Carpentry","silver","Bad","",374.9719309546634,"2026-02-23T00:11:34.504386Z","465282ac-5fea-4571-8328-665a693b97cd"
"Object Transfer",409,"1",11,"","2026-02-23T00:15:48.442846Z",409,253.47,"#C C places the plank with the other planks at the wall.","Logistics step, moving an object to a specific location.","r001","Carpentry","silver","Gold","",377.4070909546634,"2026-02-23T00:15:48.442859Z","465282ac-5fea-4571-8328-665a693b97cd"
"Essential Operation",410,"1",11,"","2026-02-23T00:16:00.599749Z",410,7.355,"#C C powers jigsaw. #unsure","Core task involving high hand activity with a tool.","r001","Carpentry","silver","Gold","",403.7879409546634,"2026-02-23T00:16:00.599772Z","465282ac-5fea-4571-8328-665a693b97cd"
"Object Transfer",411,"1",11,"Essential Operation","2026-02-23T00:16:13.589475Z",411,12.525,"#C C lifts up the paint brush from the paint bucket.","Logistics step involving picking up the paint brush.","r001","Mechanical Repair","silver","Gold","",142.8617296,"2026-02-23T00:16:13.589493Z","4aeb7f3c-855a-4c66-b3d9-02b0eb963883"
"Object Transfer",412,"1",11,"","2026-02-23T00:16:20.873766Z",412,6.879,"#C C moves the paint brush from the patio.","The action involves moving an object (the paint brush), which corresponds to logistics or setup steps.","r001","Mechanical Repair","silver","Gold","",150.6138296,"2026-02-23T00:16:20.873782Z","4aeb7f3c-855a-4c66-b3d9-02b0eb963883"
"Object Transfer",413,"1",11,"","2026-02-23T00:16:23.754741Z",413,2.517,"#C C lifts up the paint brush.","The action involves picking up an object, which is a logistics step.","r001","Mechanical Repair","silver","Gold","",153.6803096,"2026-02-23T00:16:23.754757Z","4aeb7f3c-855a-4c66-b3d9-02b0eb963883"
"Essential Operation",414,"1",11,"","2026-02-23T00:16:27.996418Z",414,3.627,"#C C paints the patio with the paint brush.","Core manual task involving repetitive hand movement.","r001","Mechanical Repair","silver","Gold","",155.2721896,"2026-02-23T00:16:27.996436Z","4aeb7f3c-855a-4c66-b3d9-02b0eb963883"
"Object Transfer",415,"1",11,"Essential Operation","2026-02-23T00:16:49.775112Z",415,21.125,"#C C brushes the paint brush against the mouth of the paint bucket.","The action involves transferring the brush to the paint bucket, which is a logistics step.","r001","Mechanical Repair","silver","Gold","",239.9563296,"2026-02-23T00:16:49.775137Z","4aeb7f3c-855a-4c66-b3d9-02b0eb963883"
"Essential Operation",416,"1",11,"","2026-02-23T00:16:57.340935Z",416,7.038,"#C C brushes the paint brush against the mouth of the paint bucket.","Core task involving high hand activity for the repair process.","r001","Mechanical Repair","silver","Gold","",275.5299996,"2026-02-23T00:16:57.340950Z","4aeb7f3c-855a-4c66-b3d9-02b0eb963883"
"Essential Operation",417,"1",11,"","2026-02-23T00:17:01.602240Z",417,3.772,"#C C wraps the paint brush with a nylon.","Core manual task involving high hand activity.","r001","Mechanical Repair","silver","Gold","",303.3649709546634,"2026-02-23T00:17:01.602251Z","4aeb7f3c-855a-4c66-b3d9-02b0eb963883"
"Locomotion",418,"1",11,"Object Transfer","2026-02-23T00:17:20.203865Z",418,18.193,"#C C moves the nylon with her right foot.","Body movement through space, involving foot motion.","r001","Mechanical Repair","silver","Bad","",420.16288095466336,"2026-02-23T00:17:20.203878Z","4aeb7f3c-855a-4c66-b3d9-02b0eb963883"
"Locomotion",419,"1",11,"","2026-02-23T00:17:23.664994Z",419,2.503,"#C C walk on the floor","Body moving through space, high body acceleration.","r001","Walking Outdoors","silver","Gold","",247.34242,"2026-02-23T00:17:23.665008Z","4bd37cff-a43b-4843-b0ff-06ecfe00017e"
"Search",420,"1",11,"","2026-02-23T00:17:27.822633Z",420,3.595,"#C C stares at the price board","Head movement (visual search), hands mostly still.","r001","Walking Outdoors","silver","Gold","",250.38853,"2026-02-23T00:17:27.822644Z","4bd37cff-a43b-4843-b0ff-06ecfe00017e"
"Search",421,"1",11,"","2026-02-23T00:17:32.150031Z",421,3.916,"#C C stares at the food in the display chiller","Visual inspection/focused gaze, minimal body movement.","r001","Walking Outdoors","silver","Gold","",284.40362,"2026-02-23T00:17:32.150043Z","4bd37cff-a43b-4843-b0ff-06ecfe00017e"
"Stationary",422,"1",11,"","2026-02-23T00:17:41.295721Z",422,8.769,"#O cashier Y does #unsure","The action '#unsure' suggests a pause or hesitation, indicating low body/hand motion.","r001","Walking Outdoors","silver","","Delete Row",298.4897,"2026-02-23T00:17:41.295733Z","4bd37cff-a43b-4843-b0ff-06ecfe00017e"
"Locomotion",423,"1",11,"","2026-02-23T00:17:51.435383Z",423,9.256,"#O cashier X does #unsure","Body moving through space, indicative of walking.","r001","Walking Outdoors","silver","","Delete Row",309.44713,"2026-02-23T00:17:51.435400Z","4bd37cff-a43b-4843-b0ff-06ecfe00017e"
"Search",424,"1",11,"","2026-02-23T00:26:11.717515Z",424,498.997,"#C C looks at the watch on his left hand","Head movement (visual search), passive hands.","r001","Walking Outdoors","silver","Gold","",939.8060333333332,"2026-02-23T00:26:11.717529Z","4c6f009a-f0ca-4557-8723-4111761e0a9a"
"Stationary",425,"1",11,"","2026-02-23T00:27:44.723331Z",425,92.215,"#C C talks with a lady Z","Low body/hand motion, likely involves standing or walking with minimal arm movement.","r001","Walking Outdoors","silver","","Skip",941.9443733333331,"2026-02-23T00:27:44.723345Z","4c6f009a-f0ca-4557-8723-4111761e0a9a"
"Object Transfer",426,"1",11,"","2026-02-23T00:27:49.909970Z",426,11.363,"#C C puts #unsure in the gift bag","Refined via regex fallback","r001","Mechanical Repair","silver","Gold","",373.0388586,"2026-02-23T00:31:32.370596Z","50a395ca-e434-46f3-a2f8-67fc4ca3874b"
"Object Transfer",427,"1",11,"","2026-02-23T00:27:55.379916Z",427,4.783,"#C C throws the plastics bag on the bed","[CtxFixed] The action of throwing the plastic bag onto the bed can be interpreted as a deliberate placement of the object onto a surface, which aligns with the definition of 'Object Transfer'.","r001","Mechanical Repair","silver","Gold","",418.0059786000001,"2026-02-23T00:27:55.379929Z","50a395ca-e434-46f3-a2f8-67fc4ca3874b"
"Stationary",428,"1",11,"Essential Operation","2026-02-23T00:28:03.589929Z",428,16.671,"#C C ties #unsure with a rubber band","The action of tying a rubber band is likely to involve fine motor skills and may not involve significant body movement.","r001","Mechanical Repair","silver","","",446.9258886,"2026-02-23T00:31:24.353189Z","50a395ca-e434-46f3-a2f8-67fc4ca3874b"
"Object Transfer",429,"1",11,"","2026-02-23T00:28:07.618572Z",429,3.31,"#C C throws the books on the bed","Action involves picking up and placing down objects.","r001","Mechanical Repair","silver","Gold","",714.1468793320909,"2026-02-23T00:28:07.618586Z","50a395ca-e434-46f3-a2f8-67fc4ca3874b"
"Object Transfer",430,"1",11,"","2026-02-23T00:28:12.617375Z",430,3.781,"#C C moves the pens and the sellotapes aside","Logistics/Setup step, moving items aside.","r001","Mechanical Repair","silver","Gold","",874.1801576136719,"2026-02-23T00:28:12.617389Z","50a395ca-e434-46f3-a2f8-67fc4ca3874b"
"Object Transfer",431,"1",11,"","2026-02-23T00:28:16.699462Z",431,7.2490000000000006,"#C C puts #unsure in the box","Refined via regex fallback","r001","Mechanical Repair","silver","Gold","",878.4243676136718,"2026-02-23T00:31:14.127662Z","50a395ca-e434-46f3-a2f8-67fc4ca3874b"
"Object Transfer",432,"1",11,"","2026-02-23T00:28:39.210656Z",432,4.576,"#C C puts the brush aside","Logistics step of putting an object aside.","r001","Mechanical Repair","silver","Gold","",984.423337613672,"2026-02-23T00:28:39.210669Z","50a395ca-e434-46f3-a2f8-67fc4ca3874b"
"Object Transfer",433,"1",11,"","2026-02-23T00:28:45.090600Z",433,5.472,"#C C throws the reflector on the floor","[CtxFixed] The action of throwing the reflector onto the floor can be considered a form of deliberate placement, even if it is not a typical or gentle placement method.","r001","Mechanical Repair","silver","Gold","",1005.550807613672,"2026-02-23T00:28:45.090615Z","50a395ca-e434-46f3-a2f8-67fc4ca3874b"
"Object Transfer",434,"1",11,"","2026-02-23T00:28:48.914760Z",434,3.326,"#C C puts the metal container aside","Logistics step of moving an object.","r001","Mechanical Repair","silver","Gold","",1078.965837613672,"2026-02-23T00:28:48.914773Z","50a395ca-e434-46f3-a2f8-67fc4ca3874b"
"Object Transfer",435,"1",11,"","2026-02-23T00:28:51.712902Z",435,2.41,"#C C moves the paint pallet","Moving an object from one place to another.","r001","Mechanical Repair","silver","Gold","",1082.436737613672,"2026-02-23T00:28:51.712916Z","50a395ca-e434-46f3-a2f8-67fc4ca3874b"
"Object Transfer",436,"1",11,"","2026-02-23T00:28:54.654607Z",436,2.529,"#C C puts the ribbon in the container","Logistics step involving picking up and placing an object.","r001","Mechanical Repair","silver","Gold","",1130.6804076136718,"2026-02-23T00:28:54.654622Z","50a395ca-e434-46f3-a2f8-67fc4ca3874b"
"Object Transfer",437,"1",11,"","2026-02-23T00:28:58.123065Z",437,3.092,"#C C moves the polythene bag","The action involves moving an object, which is a logistics step.","r001","Mechanical Repair","silver","Gold","",1455.7612782448605,"2026-02-23T00:28:58.123091Z","50a395ca-e434-46f3-a2f8-67fc4ca3874b"
"Object Transfer",438,"1",11,"","2026-02-23T00:29:01.501384Z",438,2.915,"#C C picks some papers","Logistics step, picking up papers.","r001","Mechanical Repair","silver","Gold","",1623.3050882448606,"2026-02-23T00:29:01.501428Z","50a395ca-e434-46f3-a2f8-67fc4ca3874b"
"Stationary",439,"1",11,"","2026-02-23T00:29:11.335784Z",439,9.43,"#C C spreads the papers on the floor","Low body/hand motion, setting up materials.","r001","Mechanical Repair","silver","","Skip",1639.7533553138671,"2026-02-23T00:29:11.335797Z","50a395ca-e434-46f3-a2f8-67fc4ca3874b"
"Object Transfer",440,"1",11,"","2026-02-23T00:29:14.730738Z",440,2.953,"#C C pick a Dymo letratag","Logistics step of picking up an object.","r001","Mechanical Repair","silver","Gold","",1793.746805313867,"2026-02-23T00:29:14.730764Z","50a395ca-e434-46f3-a2f8-67fc4ca3874b"
"Object Transfer",441,"1",11,"","2026-02-23T00:29:29.637368Z",441,14.525,"#C C opens the Dymo letratag","Logistics step involving opening an object.","r001","Mechanical Repair","silver","Gold","",1799.9493753138672,"2026-02-23T00:29:29.637379Z","50a395ca-e434-46f3-a2f8-67fc4ca3874b"
"Object Transfer",442,"1",11,"","2026-02-23T00:29:35.322637Z",442,9.458,"#C C removes #unsure from the Dymo letratag","Logistics step involving picking up or removing an object.","r001","Mechanical Repair","silver","Gold","",1803.603065313867,"2026-02-23T00:31:09.119321Z","50a395ca-e434-46f3-a2f8-67fc4ca3874b"
"Object Transfer",443,"1",11,"","2026-02-23T00:29:39.332160Z",443,3.604,"#C C picks the Dymo letratag","Logistics step involving picking up an object.","r001","Mechanical Repair","silver","Gold","",1808.317165313867,"2026-02-23T00:29:39.332172Z","50a395ca-e434-46f3-a2f8-67fc4ca3874b"
"Object Transfer",444,"1",11,"","2026-02-23T00:29:45.066876Z",444,5.053,"#C C puts the Dymo letratag in the cupboard","Logistics step involving picking up and putting down an object.","r001","Mechanical Repair","silver","Gold","",1819.157465313867,"2026-02-23T00:29:45.066890Z","50a395ca-e434-46f3-a2f8-67fc4ca3874b"
"Search",445,"1",11,"","2026-02-23T00:29:48.075182Z",445,2.585,"#C C looks around the pavement","Head movement (visual search), hands mostly still.","r001","Walking Outdoors","gold","Gold","",406.64423,"2026-02-23T00:29:48.075197Z","50e55c8f-b939-4b5c-86b5-e0b53d199d27"
"Search",446,"1",11,"","2026-02-23T00:29:51.201245Z",446,2.722,"#C C looks around the shop","Head movement (visual search), hands mostly still.","r001","Walking Outdoors","silver","Gold","",661.0175333333334,"2026-02-23T00:29:51.201259Z","50e55c8f-b939-4b5c-86b5-e0b53d199d27"
"Locomotion",447,"1",11,"","2026-02-23T00:29:54.533105Z",447,2.965,"#C C moves around the restaurant","Body moving through space, likely involves walking.","r001","Walking Outdoors","silver","Gold","",825.4358533333334,"2026-02-23T00:29:54.533125Z","50e55c8f-b939-4b5c-86b5-e0b53d199d27"
"Stationary",448,"1",11,"","2026-02-23T00:33:34.111531Z",448,36.972,"#C C talks to a man D","Low body/hand motion, talking.","r001","Walking Outdoors","silver","Gold","",886.6441533333334,"2026-02-23T00:33:34.111544Z","50e55c8f-b939-4b5c-86b5-e0b53d199d27"
"Locomotion",449,"1",11,"","2026-02-23T00:33:40.378084Z",449,5.83,"#C C holds #Unsure","The action implies movement through space, likely walking.","r001","Walking Outdoors","silver","","Skip",1127.6020666666666,"2026-02-23T00:33:40.378099Z","50e55c8f-b939-4b5c-86b5-e0b53d199d27"
"Object Transfer",450,"1",11,"Stationary","2026-02-23T00:33:47.255247Z",450,6.422,"#C C holds a bag","Logistics step of holding an object, short burst of hand activity.","r001","Walking Outdoors","silver","Bad","",2377.704583333333,"2026-02-23T00:33:47.255259Z","50e55c8f-b939-4b5c-86b5-e0b53d199d27"
"Object Transfer",451,"1",11,"","2026-02-23T00:33:59.294350Z",451,11.629,"#C C closes the bag","The action involves closing a bag, which is a logistics step involving short bursts of hand activity.","r001","Walking Outdoors","silver","Gold","",2481.061313333333,"2026-02-23T00:33:59.294360Z","50e55c8f-b939-4b5c-86b5-e0b53d199d27"
"Stationary",452,"1",11,"","2026-02-23T00:34:04.162780Z",452,3.482,"#C C holds the paper with the left hand","The action involves holding a paper, which indicates a low-energy, stationary activity.","r001","Walking Outdoors","silver","Gold","",2770.7345633333334,"2026-02-23T00:34:04.162795Z","50e55c8f-b939-4b5c-86b5-e0b53d199d27"
"Object Transfer",453,"1",11,"","2026-02-23T00:34:07.242259Z",453,2.522,"#C C puts the pen in the bag","Logistics/Setup step (putting the pen in the bag).","r001","Walking Outdoors","silver","Gold","",2908.807283333333,"2026-02-23T00:34:07.242290Z","50e55c8f-b939-4b5c-86b5-e0b53d199d27"
"Stationary",454,"1",11,"","2026-02-23T00:34:10.659073Z",454,3.066,"#C C uses the mobile phone+","Using a mobile phone typically involves minimal body movement and is a stationary activity.","r001","Walking Outdoors","silver","Gold","",2947.143703333333,"2026-02-23T00:34:10.659094Z","50e55c8f-b939-4b5c-86b5-e0b53d199d27"
"Object Transfer",455,"1",11,"Essential Operation","2026-02-23T00:34:16.564912Z",455,10.431999999999999,"#C C inserts the clothe inside the washing machine","Logistics step involving the placement of an object.","r001","Cleaning","silver","Gold","",6.288315548242199,"2026-02-23T00:34:30.041333Z","590ec18e-a6c7-4457-bef6-75b034a4938c"
"Essential Operation",456,"1",11,"Object Transfer","2026-02-23T00:34:22.959061Z",456,5.755,"#C C inserts the clothe inside the washing machine","Core task involving manual operation with the cloth, high hand activity.","r001","Cleaning","silver","Gold","",11.0669755482422,"2026-02-23T00:34:22.959072Z","590ec18e-a6c7-4457-bef6-75b034a4938c"
"Stationary",457,"1",11,"Essential Operation","2026-02-23T00:34:46.966824Z",457,15.135,"#C C stretches the clothe","Low body/hand motion, likely involves minimal movement.","r001","Cleaning","silver","Bad","",14.415445548242198,"2026-02-23T00:34:46.966837Z","590ec18e-a6c7-4457-bef6-75b034a4938c"
"Essential Operation",458,"1",11,"","2026-02-23T00:34:50.363762Z",458,2.901,"#C C folds the clothe","Core task involving manual dexterity and hand activity.","r001","Cleaning","silver","Gold","",35.408565548242194,"2026-02-23T00:34:50.363790Z","590ec18e-a6c7-4457-bef6-75b034a4938c"
"Essential Operation",459,"1",11,"Object Transfer","2026-02-23T00:34:56.443670Z",459,5.575,"#C C lifts the clothe","Core task, high hand activity.","r001","Cleaning","silver","Gold","",36.8603555482422,"2026-02-23T00:34:56.443683Z","590ec18e-a6c7-4457-bef6-75b034a4938c"
"Stationary",460,"1",11,"Object Transfer","2026-02-23T00:35:08.517055Z",460,11.676,"#C C closes the washing machine","Low body/hand motion, mostly a static action.","r001","Cleaning","silver","Bad","",66.2978555482422,"2026-02-23T00:35:08.517073Z","590ec18e-a6c7-4457-bef6-75b034a4938c"
"Object Transfer",461,"1",11,"","2026-02-23T00:35:14.835060Z",461,5.606,"#C C places the bottle of detergent on the table","Logistics step involving picking up and placing an object.","r001","Cleaning","silver","Gold","",75.4928055482422,"2026-02-23T00:35:14.835079Z","590ec18e-a6c7-4457-bef6-75b034a4938c"
"Object Transfer",462,"1",11,"","2026-02-23T00:35:18.355323Z",462,3.133,"#C C lifts the bottle of the detergent","Action involves picking up an object, indicating a logistics step.","r001","Cleaning","silver","Gold","",89.9726955482422,"2026-02-23T00:35:18.355338Z","590ec18e-a6c7-4457-bef6-75b034a4938c"
"Essential Operation",463,"1",11,"Object Transfer","2026-02-23T00:35:24.220408Z",463,5.339,"#C C pours the detergent on the lid","Core task involving manual operation with hands.","r001","Cleaning","silver","Gold","",90.7454555482422,"2026-02-23T00:35:24.220422Z","590ec18e-a6c7-4457-bef6-75b034a4938c"
"Object Transfer",464,"1",11,"","2026-02-23T00:37:34.103591Z",464,129.467,"#C C pulls a bottle of detergent","Logistics step involving picking up an object.","r001","Cleaning","silver","Gold","",103.6748855482422,"2026-02-23T00:37:34.103608Z","590ec18e-a6c7-4457-bef6-75b034a4938c"
"Essential Operation",465,"1",11,"","2026-02-23T00:37:39.603694Z",465,5.026,"#C C operates the washing machine","Core task involving manual operation of an appliance.","r001","Cleaning","silver","Gold","",134.87377554824218,"2026-02-23T00:37:39.603708Z","590ec18e-a6c7-4457-bef6-75b034a4938c"
"Object Transfer",466,"1",11,"","2026-02-23T00:37:44.133106Z",466,4.131,"#C C open the washing machine","Logistics step, opening a machine.","r001","Cleaning","silver","Gold","",42.5878686,"2026-02-23T00:37:44.133123Z","5afe1e42-d44f-4c1d-bfd1-84de861b4492"
"Object Transfer",467,"1",11,"","2026-02-23T00:37:46.986719Z",467,2.048,"#C C hangs the towel","Logistics step, moving the towel to a hanging position.","r001","Cleaning","silver","Gold","",150.5269286,"2026-02-23T00:37:46.986735Z","5afe1e42-d44f-4c1d-bfd1-84de861b4492"
"Search",468,"1",11,"","2026-02-23T00:37:50.425329Z",468,3.065,"#C C looks around the cards","Head movement (looking around), hands mostly still.","r001","Playing Instrument","silver","Gold","",471.9019265817708,"2026-02-23T00:37:50.425343Z","5c0cd8bd-21ae-4e5b-91ed-b3142af3c50f"
"Stationary",469,"1",11,"Essential Operation","2026-02-23T00:37:58.371631Z",469,7.568,"#C C play cards","Playing cards typically involves minimal body movement and is a relatively stationary activity.","r001","Playing Instrument","silver","Bad","",579.7018927612378,"2026-02-23T00:37:58.371647Z","5c0cd8bd-21ae-4e5b-91ed-b3142af3c50f"
"Object Transfer",470,"1",11,"","2026-02-23T00:38:01.807505Z",470,3.02,"#C C puts card on the carpet","Logistics/Setup step involving placing an object.","r001","Playing Instrument","silver","Gold","",1134.4932341403646,"2026-02-23T00:38:01.807522Z","5c0cd8bd-21ae-4e5b-91ed-b3142af3c50f"
"Stationary",471,"1",11,"Object Transfer","2026-02-23T00:38:13.799276Z",471,11.525,"#C C turns card on the carpet","The action described does not involve significant body or hand movement, suggesting a low-energy state.","r001","Playing Instrument","silver","Bad","",1245.4771541403643,"2026-02-23T00:38:13.799291Z","5c0cd8bd-21ae-4e5b-91ed-b3142af3c50f"
"Object Transfer",472,"1",11,"","2026-02-23T00:38:19.021118Z",472,4.388,"#C C picks cards with the other hand","Logistics step involving picking up objects.","r001","Playing Instrument","silver","Gold","",1305.625504140365,"2026-02-23T00:38:19.021131Z","5c0cd8bd-21ae-4e5b-91ed-b3142af3c50f"
"Object Transfer",473,"1",11,"","2026-02-23T00:38:22.365257Z",473,2.785,"#C C picks cards on the carpet","Logistics/Setup step, picking up objects.","r001","Playing Instrument","silver","Gold","",1327.7190941403646,"2026-02-23T00:38:22.365271Z","5c0cd8bd-21ae-4e5b-91ed-b3142af3c50f"
"Stationary",474,"1",11,"Object Transfer","2026-02-23T00:38:29.535359Z",474,6.788,"#C C pulls the playing card","The action of pulling a playing card is likely a quick motion with minimal continuous movement.","r001","Playing Instrument","silver","Bad","",1384.5558046091146,"2026-02-23T00:38:29.535386Z","5c0cd8bd-21ae-4e5b-91ed-b3142af3c50f"
"Stationary",475,"1",11,"","2026-02-23T00:38:35.119594Z",475,5.21,"#C C touches the playing card","Low body/hand motion, likely involves minimal movement.","r001","Playing Instrument","silver","Gold","",1398.8363346091146,"2026-02-23T00:38:35.119608Z","5c0cd8bd-21ae-4e5b-91ed-b3142af3c50f"
"Object Transfer",476,"1",11,"","2026-02-23T00:38:38.227643Z",476,2.752,"#C C places the playing card down","Logistics step, placing an object down.","r001","Playing Instrument","silver","Gold","",1452.3852746091147,"2026-02-23T00:38:38.227656Z","5c0cd8bd-21ae-4e5b-91ed-b3142af3c50f"
"Object Transfer",477,"1",11,"","2026-02-23T00:38:40.988138Z",477,2.413,"#C C lifts the playing cards","The action involves picking up an object, which is a logistics step.","r001","Playing Instrument","silver","Gold","",1520.3304646091146,"2026-02-23T00:38:40.988160Z","5c0cd8bd-21ae-4e5b-91ed-b3142af3c50f"
"Stationary",478,"1",11,"","2026-02-23T00:54:12.630250Z",478,931.264,"#C C turns back","Turning back likely indicates a pause or change in direction, with minimal motion.","r001","Cleaning","silver","","Skip",1165.0245552666663,"2026-02-23T00:54:12.630265Z","5ed33a0e-3786-471b-9642-0a386c6fd8f3"
"Locomotion",479,"1",11,"","2026-02-23T00:54:16.582176Z",479,2.959,"#C C moves to the sink","Body moving through space (walking).","r001","Cleaning","silver","Gold","",1210.1436552666669,"2026-02-23T00:54:16.582193Z","5ed33a0e-3786-471b-9642-0a386c6fd8f3"
"Search",480,"1",11,"","2026-02-23T00:54:20.880160Z",480,3.753,"#C C looks at the toys on the shelf","Head movement (visual inspection), passive hands.","r001","Cleaning","silver","Gold","",1444.1271452666665,"2026-02-23T00:54:20.880179Z","5ed33a0e-3786-471b-9642-0a386c6fd8f3"
"Stationary",481,"1",11,"","2026-02-23T00:54:27.794189Z",481,6.46,"#C C touches the cable on the laptop","Low body/hand motion, likely involves fine motor skills with minimal movement.","r001","Cleaning","silver","Gold","",1563.4856352666666,"2026-02-23T00:54:27.794205Z","5ed33a0e-3786-471b-9642-0a386c6fd8f3"
"Stationary",482,"1",11,"","2026-02-23T00:54:32.016523Z",482,3.673,"#C C touches the cat's fur with his right hand","Low body/hand motion, focused touch.","r001","Playing Instrument","silver","Gold","",54.6240986,"2026-02-23T00:54:32.016548Z","5eed1db0-2136-4c61-8122-06cfbba28c96"
"Locomotion",483,"1",11,"","2026-02-23T00:54:34.495027Z",483,2.068,"#C C walks into the bedroom","Body moving through space (walking).","r001","Playing Instrument","silver","Gold","",129.04516859999998,"2026-02-23T00:54:34.495049Z","5eed1db0-2136-4c61-8122-06cfbba28c96"
"Stationary",484,"1",11,"","2026-02-23T00:54:39.487566Z",484,4.663,"#C C holds the stair rail with his left hand","The action describes holding onto a rail, which indicates a stable and stationary position with minimal movement.","r001","Playing Instrument","silver","Gold","",172.8665786,"2026-02-23T00:54:39.487587Z","5eed1db0-2136-4c61-8122-06cfbba28c96"
"Essential Operation",485,"1",11,"","2026-02-23T00:54:43.587469Z",485,3.732,"#C C plays the video game on the computer with the mouse.","Core manual task involving high hand activity with the mouse.","r001","Playing Instrument","silver","Gold","",499.7959809546634,"2026-02-23T00:54:43.587480Z","674ff45c-1a6b-40c1-a915-df844132144d"
"Stationary",486,"1",11,"","2026-02-23T00:54:48.120901Z",486,4.2,"#C C holds the keyboard on the table with his left hand.","Low body/hand motion, holding position.","r001","Playing Instrument","silver","Gold","",509.0887909546634,"2026-02-23T00:54:48.120915Z","674ff45c-1a6b-40c1-a915-df844132144d"
"Search",487,"1",11,"","2026-02-23T00:54:50.927839Z",487,2.456,"#C C checks the phone","Head movement (visual inspection), hands mostly still.","r001","Gardening","silver","Gold","",17.3610596,"2026-02-23T00:54:50.927853Z","6caf467a-a949-4b5c-b88b-b2ac6cbd9f36"
"Essential Operation",488,"1",11,"","2026-02-23T00:54:54.407540Z",488,3.141,"#C C cuts the plants with the scissors","Core task involving manual dexterity and repetitive hand movements.","r001","Gardening","silver","Gold","",170.3943996,"2026-02-23T00:54:54.407553Z","6caf467a-a949-4b5c-b88b-b2ac6cbd9f36"
"Essential Operation",489,"1",11,"","2026-02-23T00:54:59.123166Z",489,4.394,"#C C removes the plants","Core task involving manual effort to remove plants, high hand activity.","r001","Gardening","silver","Gold","",434.7798309546634,"2026-02-23T00:54:59.123181Z","6caf467a-a949-4b5c-b88b-b2ac6cbd9f36"
"Essential Operation",490,"1",11,"Object Transfer","2026-02-23T00:55:07.003881Z",490,7.546,"#C C removes dirt from the broom","Core task involving manual cleaning, high hand activity.","r001","Gardening","silver","Gold","",471.3191509546634,"2026-02-23T00:55:07.003896Z","6caf467a-a949-4b5c-b88b-b2ac6cbd9f36"
"Object Transfer",491,"1",11,"","2026-02-23T00:55:11.631972Z",491,4.263,"#C C puts the dust in the bucket","Logistics/Setup step, transferring an object.","r001","Gardening","silver","Gold","",531.9652709546634,"2026-02-23T00:55:11.631995Z","6caf467a-a949-4b5c-b88b-b2ac6cbd9f36"
"Object Transfer",492,"1",11,"","2026-02-23T00:55:14.907854Z",492,2.89,"#C C picks the dustpan from the floor","Logistics/Setup step, picking up an object.","r001","Gardening","silver","Gold","",585.2753809546634,"2026-02-23T00:55:14.907868Z","6caf467a-a949-4b5c-b88b-b2ac6cbd9f36"
"Essential Operation",493,"1",11,"Object Transfer","2026-02-23T00:55:24.841462Z",493,9.531,"#C C pulls the pipe","Core task involving high hand activity.","r001","Gardening","silver","Gold","",610.7792109546634,"2026-02-23T00:55:24.841483Z","6caf467a-a949-4b5c-b88b-b2ac6cbd9f36"
"Object Transfer",494,"1",11,"","2026-02-23T00:55:30.448116Z",494,5.183,"#C C puts the dustpan next to the wall","Logistics step, placing an object.","r001","Gardening","silver","Gold","",642.5861809546634,"2026-02-23T00:55:30.448136Z","6caf467a-a949-4b5c-b88b-b2ac6cbd9f36"
"Object Transfer",495,"1",11,"","2026-02-23T00:55:33.247862Z",495,2.475,"#C C picks the bucket from the floor","Logistics step involving picking up an object.","r001","Gardening","silver","Gold","",771.6949909546634,"2026-02-23T00:55:33.247877Z","6caf467a-a949-4b5c-b88b-b2ac6cbd9f36"
"Stationary",496,"1",11,"Essential Operation","2026-02-23T00:55:43.148374Z",496,9.57,"#C C sprays water on the plants","The action involves holding and operating a spray, which is a low-energy, stationary activity.","r001","Gardening","silver","Bad","",1030.6597809546631,"2026-02-23T00:55:43.148389Z","6caf467a-a949-4b5c-b88b-b2ac6cbd9f36"
"Object Transfer",497,"1",11,"","2026-02-23T00:55:45.853604Z",497,2.345,"#C C puts the pipe on the ground","Logistics step of placing an object.","r001","Gardening","silver","Gold","",1146.5530609546634,"2026-02-23T00:55:45.853620Z","6caf467a-a949-4b5c-b88b-b2ac6cbd9f36"
"Stationary",498,"1",11,"Essential Operation","2026-02-23T00:55:52.853916Z",498,6.679,"#C C turns on the vacuum cleaner","Turning on a device is typically a quick action with minimal body movement.","r001","Gardening","silver","Bad","",1287.243360954663,"2026-02-23T00:55:52.853931Z","6caf467a-a949-4b5c-b88b-b2ac6cbd9f36"
"Essential Operation",499,"1",11,"","2026-02-23T00:55:56.209440Z",499,3.01,"#C C wipes the carper","Core task involving manual activity with hands.","r001","Gardening","silver","Gold","",1424.1880409546634,"2026-02-23T00:55:56.209457Z","6caf467a-a949-4b5c-b88b-b2ac6cbd9f36"
"Object Transfer",500,"1",11,"","2026-02-23T00:55:59.065861Z",500,2.541,"#C C puts the toy in the toy pan","Logistics step involving picking up and placing an object.","r001","Gardening","silver","Gold","",1701.910700954663,"2026-02-23T00:55:59.065882Z","6caf467a-a949-4b5c-b88b-b2ac6cbd9f36"
"Object Transfer",501,"1",11,"","2026-02-23T00:56:02.174781Z",501,2.762,"#C C removes the toy from the carpet","The action involves picking up and moving an object, which is a logistics step.","r001","Gardening","silver","Gold","",1703.546790954663,"2026-02-23T00:56:02.174802Z","6caf467a-a949-4b5c-b88b-b2ac6cbd9f36"
"Object Transfer",502,"1",11,"","2026-02-23T00:56:08.799309Z",502,6.261,"#C C throws the dust in the toilet","Moving an object (dust) to a specific location (toilet).","r001","Gardening","silver","Gold","",1943.449810954663,"2026-02-23T00:56:08.799323Z","6caf467a-a949-4b5c-b88b-b2ac6cbd9f36"
"Stationary",503,"1",11,"","2026-02-23T00:56:17.512130Z",503,8.395,"#C C talks to lady Y","Low body/hand motion during conversation.","r001","Gardening","silver","","Skip",2334.3475309546634,"2026-02-23T00:56:17.512143Z","6caf467a-a949-4b5c-b88b-b2ac6cbd9f36"
"Stationary",504,"1",11,"Essential Operation","2026-02-23T00:56:28.400500Z",504,10.557,"#C C uses the tablet","Low body/hand motion, likely engaged in interaction with the tablet.","r001","Gardening","silver","Bad","",2589.868090954664,"2026-02-23T00:56:28.400522Z","6caf467a-a949-4b5c-b88b-b2ac6cbd9f36"
"Essential Operation",505,"1",11,"","2026-02-23T00:56:32.541150Z",505,3.692,"#C C applies paint to the edge of the wood rail with a paint brush.","Core task involving high hand activity with a tool.","r001","Mechanical Repair","silver","Gold","",147.7670996,"2026-02-23T00:56:32.541162Z","6fe206a1-2a72-4fc2-8f7b-f54c942e0c30"
"Object Transfer",506,"1",11,"","2026-02-23T00:56:41.564198Z",506,8.674,"#C C dips the paint brush into the paint can on the ground.","Logistics step involving picking up and placing the brush into the paint can.","r001","Mechanical Repair","silver","Gold","",542.03855562133,"2026-02-23T00:56:41.564210Z","6fe206a1-2a72-4fc2-8f7b-f54c942e0c30"
"Essential Operation",507,"1",11,"","2026-02-23T00:56:56.526816Z",507,14.605,"#C C swirls paint in the paint can on the ground with the paint brush.","Core task involving high hand activity and manipulation.","r001","Mechanical Repair","silver","Gold","",542.6738856213301,"2026-02-23T00:56:56.526829Z","6fe206a1-2a72-4fc2-8f7b-f54c942e0c30"
"Essential Operation",508,"1",11,"","2026-02-23T00:57:04.029788Z",508,7.097,"#C C swirls the paint in the paint can with the paint brush.","Core task involving manual manipulation with the hands.","r001","Mechanical Repair","silver","Gold","",806.8136252666667,"2026-02-23T00:57:04.029802Z","6fe206a1-2a72-4fc2-8f7b-f54c942e0c30"
"Essential Operation",509,"1",11,"","2026-02-23T00:57:13.530967Z",509,9.117,"#C C polishes the wood with the brush.","Core manual task involving high hand activity.","r001","Mechanical Repair","silver","Gold","",21.8745696,"2026-02-23T00:57:13.530981Z","70b1eb5c-49a6-4249-88bb-53606589a6ea"
"Essential Operation",510,"1",11,"Object Transfer","2026-02-23T00:57:25.196122Z",510,6.869,"#C C dips brush into the can of wood polish.","Core manual task involving fine hand movements.","r001","Mechanical Repair","silver","Gold","",171.0683196,"2026-02-23T00:57:25.196134Z","70b1eb5c-49a6-4249-88bb-53606589a6ea"
"Object Transfer",511,"1",11,"","2026-02-23T00:57:42.338823Z",511,16.695,"#C C removes brush with some polish on it.","The action involves picking up or putting down an object, which is a logistics step.","r001","Mechanical Repair","silver","Gold","",172.0331596,"2026-02-23T00:57:42.338858Z","70b1eb5c-49a6-4249-88bb-53606589a6ea"
"Object Transfer",512,"1",11,"","2026-02-23T00:57:45.677509Z",512,2.999,"#C C puts vase down","Action involves placing an object (vase) down, which is a logistics step.","r001","Walking Outdoors","silver","Gold","",195.11743,"2026-02-23T00:57:45.677525Z","7156f0b1-8a17-4dd2-860f-9de4aceb4646"
"Object Transfer",513,"1",11,"","2026-02-23T00:57:49.073667Z",513,3.035,"#C C picks a scoop","Logistics step of picking up an object.","r001","Walking Outdoors","silver","Gold","",263.30538,"2026-02-23T00:57:49.073682Z","7156f0b1-8a17-4dd2-860f-9de4aceb4646"
"Object Transfer",514,"1",11,"","2026-02-23T00:57:51.622179Z",514,2.193,"#C C puts vase on tray","The action involves placing an object (vase) onto another surface (tray), which is a logistics step.","r001","Walking Outdoors","silver","Gold","",275.5423,"2026-02-23T00:57:51.622195Z","7156f0b1-8a17-4dd2-860f-9de4aceb4646"
"Object Transfer",515,"1",11,"","2026-02-23T00:58:04.840614Z",515,12.843,"#C C puts soil in a cup","Logistics step of placing soil into a cup.","r001","Walking Outdoors","silver","Gold","",296.19588,"2026-02-23T00:58:04.840626Z","7156f0b1-8a17-4dd2-860f-9de4aceb4646"
"Stationary",516,"1",11,"Object Transfer","2026-02-23T00:58:11.467206Z",516,6.208,"#C C puts tape on table","The action involves a static activity (putting tape on a table) rather than movement through space.","r001","Walking Outdoors","silver","Bad","",410.92113,"2026-02-23T00:58:11.467226Z","7156f0b1-8a17-4dd2-860f-9de4aceb4646"
"Essential Operation",517,"1",11,"","2026-02-23T00:58:14.627167Z",517,2.798,"#C C cuts tape","Core manual task involving hand activity.","r001","Walking Outdoors","silver","Gold","",418.38206,"2026-02-23T00:58:14.627189Z","7156f0b1-8a17-4dd2-860f-9de4aceb4646"
"Object Transfer",518,"1",11,"Essential Operation","2026-02-23T00:58:20.387286Z",518,5.194,"#C C wipes trolley","Logistics action involving picking up and putting down an object.","r001","Walking Outdoors","silver","Bad","",551.35989,"2026-02-23T00:58:20.387302Z","7156f0b1-8a17-4dd2-860f-9de4aceb4646"
"Locomotion",519,"1",11,"","2026-02-23T00:58:25.610957Z",519,4.813,"#O Woman S walks","Body moving through space, indicative of walking.","r001","Walking Outdoors","silver","Gold","",596.21708,"2026-02-23T00:58:25.610968Z","7156f0b1-8a17-4dd2-860f-9de4aceb4646"
"Search",520,"1",11,"","2026-02-23T00:58:32.184400Z",520,6.159,"#C C looks at Woman S","Head movement (visual search), hands mostly still.","r001","Walking Outdoors","silver","","Skip",608.45037,"2026-02-23T00:58:32.184423Z","7156f0b1-8a17-4dd2-860f-9de4aceb4646"
"Locomotion",521,"1",11,"Object Transfer","2026-02-23T00:58:36.929925Z",521,4.354,"#C C lifts case","The action involves lifting a case while walking, which implies movement through space.","r001","Walking Outdoors","silver","Bad","",620.62494,"2026-02-23T00:58:36.929939Z","7156f0b1-8a17-4dd2-860f-9de4aceb4646"
"Object Transfer",522,"1",11,"","2026-02-23T00:58:39.645269Z",522,2.329,"#C C picks case","The action involves picking up an object, which corresponds to logistics or setup steps.","r001","Walking Outdoors","silver","Gold","",700.3726,"2026-02-23T00:58:39.645290Z","7156f0b1-8a17-4dd2-860f-9de4aceb4646"
"Stationary",523,"1",11,"Object Transfer","2026-02-23T00:58:46.056627Z",523,6.022,"#C C puts case down","The action of putting something down indicates a pause in movement, suggesting low energy and a stationary state.","r001","Walking Outdoors","silver","Bad","",907.09137,"2026-02-23T00:58:46.056926Z","7156f0b1-8a17-4dd2-860f-9de4aceb4646"
"Object Transfer",524,"1",11,"","2026-02-23T00:58:53.325803Z",524,6.23,"#C C puts case down","The action involves placing an object (case) down, which is a logistics step.","r001","Walking Outdoors","silver","Gold","",913.71431,"2026-02-23T00:58:53.325815Z","7156f0b1-8a17-4dd2-860f-9de4aceb4646"
"Locomotion",525,"1",11,"Object Transfer","2026-02-23T00:59:00.345770Z",525,6.621,"#C C moves case","Movement through space, likely involves carrying an object while walking.","r001","Walking Outdoors","silver","Bad","",934.56097,"2026-02-23T00:59:00.345785Z","7156f0b1-8a17-4dd2-860f-9de4aceb4646"
"Object Transfer",526,"1",11,"Essential Operation","2026-02-23T00:59:08.130956Z",526,7.318,"#C C sticks paper on vase","Action involves placing an object (paper) on another object (vase), which is a logistics step.","r001","Walking Outdoors","silver","Gold","",1038.92111,"2026-02-23T00:59:08.130973Z","7156f0b1-8a17-4dd2-860f-9de4aceb4646"
"Locomotion",527,"1",11,"Object Transfer","2026-02-23T00:59:14.498125Z",527,5.989,"#C C moves tray","Body moving through space while carrying an object (tray).","r001","Walking Outdoors","silver","","",1085.66014,"2026-02-23T00:59:14.498137Z","7156f0b1-8a17-4dd2-860f-9de4aceb4646"
"Essential Operation",528,"1",11,"Object Transfer","2026-02-23T00:59:20.764282Z",528,5.886,"#C C puts seedling into soil","Core manual task involving high hand activity.","r001","Walking Outdoors","silver","Gold","",1434.3107,"2026-02-23T00:59:20.764294Z","7156f0b1-8a17-4dd2-860f-9de4aceb4646"
"Essential Operation",529,"1",11,"Object Transfer","2026-02-23T00:59:28.573088Z",529,7.45,"#C C puts seedling in soil","Core manual task involving high hand activity.","r001","Walking Outdoors","silver","Gold","",1496.84802,"2026-02-23T00:59:28.573100Z","7156f0b1-8a17-4dd2-860f-9de4aceb4646"
"Stationary",530,"1",11,"Essential Operation","2026-02-23T00:59:43.398752Z",530,14.406,"#C C covers seedling","The action of covering a seedling is a localized task and does not involve significant body movement.","r001","Walking Outdoors","silver","Bad","",1515.23863,"2026-02-23T00:59:43.398765Z","7156f0b1-8a17-4dd2-860f-9de4aceb4646"
"Search",531,"1",11,"","2026-02-23T00:59:48.292748Z",531,4.472,"#C C looks at case","Head movement (visual inspection), hands mostly still.","r001","Walking Outdoors","silver","Gold","",1832.90697,"2026-02-23T00:59:48.292768Z","7156f0b1-8a17-4dd2-860f-9de4aceb4646"
"Essential Operation",532,"1",11,"","2026-02-23T01:01:50.582398Z",532,4.94,"#C C digs into soil","Core manual task involving high hand activity.","r001","Walking Outdoors","silver","Gold","",1943.38017,"2026-02-23T01:01:50.582417Z","7156f0b1-8a17-4dd2-860f-9de4aceb4646"
"Locomotion",533,"1",11,"Object Transfer","2026-02-23T01:01:59.938166Z",533,8.807,"#C C put seeding into soil","The action implies movement through space while performing a task (putting seeds into soil).","r001","Walking Outdoors","silver","Bad","",2033.58392,"2026-02-23T01:01:59.938179Z","7156f0b1-8a17-4dd2-860f-9de4aceb4646"
"Object Transfer",535,"1",11,"","2026-02-23T01:02:15.760065Z",534,4.713,"#C C puts cases on trolley","The action involves placing objects (cases) onto a trolley, which is a logistics step.","r001","Walking Outdoors","silver","Gold","",2082.0434,"2026-02-23T01:02:15.760081Z","7156f0b1-8a17-4dd2-860f-9de4aceb4646"
"Stationary",534,"1",11,"Essential Operation","2026-02-23T01:02:08.658780Z",535,8.08,"#C C dusts off the dirt from the brush bristles with the hand","Low body/hand motion, primarily involves gentle hand movement without significant acceleration.","r001","Mechanical Repair","silver","Bad","",174.51078859999998,"2026-02-23T01:02:08.658796Z","722811b1-93f9-4790-b3ae-b9ae8142a718"
"Object Transfer",536,"1",11,"","2026-02-23T01:02:21.044170Z",536,3.769,"#C C puts the lid on the floor","Logistics step involving the movement of an object.","r001","Mechanical Repair","silver","Gold","",220.2859486,"2026-02-23T01:02:21.044195Z","722811b1-93f9-4790-b3ae-b9ae8142a718"
"Essential Operation",537,"1",11,"Object Transfer","2026-02-23T01:46:31.154742Z",537,2649.73,"#C C dips a paint brush in the paint can","Core manual task involving high hand activity.","r001","Mechanical Repair","silver","Gold","",562.2749016889063,"2026-02-23T01:46:31.154761Z","722811b1-93f9-4790-b3ae-b9ae8142a718"
"Object Transfer",538,"1",11,"","2026-02-23T01:46:40.742674Z",538,6.614,"#C C places down a brush.","The action involves placing down an object, which is a logistics step.","r001","Mechanical Repair","silver","Gold","",1077.9675916889064,"2026-02-23T01:46:40.742690Z","722811b1-93f9-4790-b3ae-b9ae8142a718"
"Object Transfer",539,"1",11,"","2026-02-23T01:46:44.810386Z",539,3.477,"#C C picks up paintbrush.","Logistics step of picking up an object.","r001","Mechanical Repair","silver","Gold","",1089.0581316889063,"2026-02-23T01:46:44.810402Z","722811b1-93f9-4790-b3ae-b9ae8142a718"
"Essential Operation",540,"1",11,"","2026-02-23T01:46:49.747369Z",540,4.4,"#C C paints a wall with a paintbrush.","Core manual task involving repetitive hand movements.","r001","Mechanical Repair","silver","Gold","",1215.598919247249,"2026-02-23T01:46:49.747381Z","722811b1-93f9-4790-b3ae-b9ae8142a718"
"Object Transfer",541,"1",11,"","2026-02-23T01:46:56.470756Z",541,5.744,"#C C picks up paint from a tin with a paintbrush.","The action involves picking up an object (paint) with a tool (paintbrush), which is a logistics step.","r001","Mechanical Repair","silver","Gold","",1256.055542580582,"2026-02-23T01:46:56.470776Z","722811b1-93f9-4790-b3ae-b9ae8142a718"
"Object Transfer",542,"1",11,"","2026-02-23T01:47:00.358260Z",542,3.331,"#C C closes the lid","Closing an object, a logistics action.","r001","Cleaning","silver","Gold","",5.98614,"2026-02-23T01:47:00.358290Z","73005180-4af4-48a3-8c9a-f4afe2b99c58"
"Object Transfer",543,"1",11,"","2026-02-23T01:47:16.229907Z",543,15.382,"#C C picks camera film","Logistics action involving picking up an object.","r001","Cleaning","silver","Gold","",14.42775,"2026-02-23T01:47:16.229926Z","73005180-4af4-48a3-8c9a-f4afe2b99c58"
"Search",544,"1",11,"","2026-02-23T01:47:31.857736Z",544,15.1,"#C C turns the picture","Head and hand movement (visual search or adjustment), low body motion.","r001","Cleaning","silver","","Skip",23.78529,"2026-02-23T01:47:31.857749Z","73005180-4af4-48a3-8c9a-f4afe2b99c58"
"Essential Operation",545,"1",11,"","2026-02-23T03:07:31.756245Z",545,6.547,"#C C cuts the picture","Core task, high hand activity.","r001","Cleaning","silver","Gold","",35.015,"2026-02-23T03:07:31.756259Z","73005180-4af4-48a3-8c9a-f4afe2b99c58"
"Essential Operation",546,"1",11,"","2026-02-23T03:07:40.270994Z",546,4.107,"#C C wipes with the cotton","Core manual task, high hand activity.","r001","Cleaning","silver","Gold","",590.8193166666666,"2026-02-23T03:07:40.271009Z","73005180-4af4-48a3-8c9a-f4afe2b99c58"
"Object Transfer",547,"1",11,"","2026-02-23T03:07:43.378315Z",547,2.624,"#C C picks remover","Logistics step of picking up an item.","r001","Cleaning","silver","Gold","",738.2760266666667,"2026-02-23T03:07:43.378332Z","73005180-4af4-48a3-8c9a-f4afe2b99c58"
"Essential Operation",548,"1",11,"","2026-02-23T03:07:48.731468Z",548,4.85,"#C C wipes hart knife on cotton wool","Core cleaning task, high hand activity.","r001","Cleaning","silver","Gold","",877.1940766666667,"2026-02-23T03:07:48.731478Z","73005180-4af4-48a3-8c9a-f4afe2b99c58"
"Essential Operation",549,"1",11,"","2026-02-23T03:07:52.708909Z",549,3.614,"#C C wipes hart knife","Core task involving high hand activity.","r001","Cleaning","silver","Gold","",887.0183466666667,"2026-02-23T03:07:52.708923Z","73005180-4af4-48a3-8c9a-f4afe2b99c58"
"Essential Operation",550,"1",11,"","2026-02-23T03:07:56.545246Z",550,3.466,"#C C scrapes photo with a hart knife","Core manual task involving high hand activity.","r001","Cleaning","silver","Gold","",902.8753066666668,"2026-02-23T03:07:56.545260Z","73005180-4af4-48a3-8c9a-f4afe2b99c58"
"Object Transfer",551,"1",11,"","2026-02-23T03:08:01.274516Z",551,4.368,"#C C picks up cotton wool","Logistics step involving picking up an object.","r001","Cleaning","silver","Gold","",952.1457466666668,"2026-02-23T03:08:01.274541Z","73005180-4af4-48a3-8c9a-f4afe2b99c58"
"Stationary",552,"1",11,"","2026-02-23T03:08:08.803214Z",552,7.177,"#C C stares at the photo","Low body/hand motion, focused attention.","r001","Cleaning","silver","Gold","",970.4080866666668,"2026-02-23T03:08:08.803228Z","73005180-4af4-48a3-8c9a-f4afe2b99c58"
"Essential Operation",553,"1",11,"","2026-02-23T03:08:11.781062Z",553,2.572,"#C C wipes a photo with a cotton wool","Core manual task involving high hand activity.","r001","Cleaning","silver","Gold","",973.8351066666668,"2026-02-23T03:08:11.781087Z","73005180-4af4-48a3-8c9a-f4afe2b99c58"
"Object Transfer",554,"1",11,"","2026-02-23T03:08:14.633322Z",554,2.511,"#C C places the crate on the chair.","Logistics step involving picking up and placing an object.","r001","Cleaning","silver","Gold","",54.3540586,"2026-02-23T03:08:14.633341Z","74dbf8d0-b10d-4993-831e-7618801d2d95"
"Object Transfer",555,"1",11,"","2026-02-23T03:08:19.452807Z",555,3.586,"#C C hangs the cloth on the clothes rack.","Logistics action involving moving an object to a specific location.","r001","Cleaning","silver","Gold","",71.6752386,"2026-02-23T03:08:19.452833Z","74dbf8d0-b10d-4993-831e-7618801d2d95"
"Search",556,"1",11,"","2026-02-23T03:08:25.089581Z",556,5.24,"#C C looks in the crate","Head movement (visual search), hands mostly still.","r001","Cleaning","silver","Gold","",264.3808886,"2026-02-23T03:08:25.089597Z","74dbf8d0-b10d-4993-831e-7618801d2d95"
"Locomotion",557,"1",11,"Object Transfer","2026-02-23T03:08:33.263589Z",557,7.834,"#C C hangs clothes on the clothes rack.","Body movement through space while performing the task.","r001","Cleaning","silver","Bad","",314.267778365625,"2026-02-23T03:08:33.263602Z","74dbf8d0-b10d-4993-831e-7618801d2d95"
"Essential Operation",558,"1",11,"","2026-02-23T03:10:49.631459Z",558,135.087,"#C C plays the video game on the screen with the keyboard and mouse","Core manual task involving high hand activity.","r001","Playing Instrument","silver","Gold","",1009.20908762133,"2026-02-23T03:10:49.631474Z","773d793d-f39d-4fe6-86fa-2c939164ae13"
"Stationary",559,"1",11,"","2026-02-23T03:10:59.256020Z",559,8.749,"#C C adjusts a screwdriver in his pocket #unsure","The action involves minor hand movements and does not indicate significant motion or activity.","r001","Mechanical Repair","silver","Gold","",22.95508,"2026-02-23T03:10:59.256033Z","7bb47140-606f-4775-b5a1-fc8cb5ed118c"
"Object Transfer",560,"1",11,"","2026-02-23T03:11:03.568955Z",560,3.828,"#C C puts the impact wrench in the toolbox","Logistics step involving placing an object.","r001","Mechanical Repair","silver","Gold","",47.37487,"2026-02-23T03:11:03.568970Z","7bb47140-606f-4775-b5a1-fc8cb5ed118c"
"Object Transfer",561,"1",11,"","2026-02-23T03:11:06.204110Z",561,2.097,"#C C picks up the impact wrench from the workbench","Logistics step involving picking up an object.","r001","Mechanical Repair","silver","Gold","",60.90689,"2026-02-23T03:11:06.204134Z","7bb47140-606f-4775-b5a1-fc8cb5ed118c"
"Essential Operation",562,"1",11,"","2026-02-23T03:11:11.114769Z",562,4.466,"#C C unscrews a bolt on the bike with the impact wrench","Core manual task involving high hand activity.","r001","Mechanical Repair","silver","Gold","",100.08057,"2026-02-23T03:11:11.114790Z","7bb47140-606f-4775-b5a1-fc8cb5ed118c"
"Stationary",563,"1",11,"","2026-02-23T03:11:14.689614Z",563,3.039,"#C C puts his right hand in his pocket","The action involves a minor, non-motile movement (putting hand in pocket).","r001","Mechanical Repair","silver","Gold","",122.51833,"2026-02-23T03:11:14.689631Z","7bb47140-606f-4775-b5a1-fc8cb5ed118c"
"Essential Operation",564,"1",11,"","2026-02-23T03:11:18.572823Z",564,3.461,"#C C loosens a bolt with the screwdriver #unsure","Core manual task involving high hand activity.","r001","Mechanical Repair","silver","Gold","",165.95302,"2026-02-23T03:11:18.572838Z","7bb47140-606f-4775-b5a1-fc8cb5ed118c"
"Object Transfer",565,"1",11,"","2026-02-23T03:11:21.811751Z",565,2.821,"#C C passes the screwdriver to his left hand","Transfer of an object (screwdriver) from one hand to another.","r001","Mechanical Repair","silver","Gold","",202.91395,"2026-02-23T03:11:21.811763Z","7bb47140-606f-4775-b5a1-fc8cb5ed118c"
"Essential Operation",566,"1",11,"","2026-02-23T03:11:27.665368Z",566,5.459,"#C C cleans his hand with the wipe","Core task involving manual cleaning, high hand activity.","r001","Cooking","silver","Gold","",4.0384596,"2026-02-23T03:11:27.665385Z","7ea94f18-3b89-4c8e-aa91-685a76fc4e01"
"Object Transfer",567,"1",11,"","2026-02-23T03:25:10.005979Z",567,821.954,"#C C throws the can into the thrash bin.","Action involves moving an object (throwing the can), short burst of hand acceleration.","r001","Cooking","silver","Gold","",11.8878496,"2026-02-23T03:25:10.005998Z","7ea94f18-3b89-4c8e-aa91-685a76fc4e01"
"Object Transfer",568,"1",11,"","2026-02-23T03:25:13.651574Z",568,2.906,"#C C closes the smaller refrigerator.","Closing an object (refrigerator) involves a specific action rather than a continuous motion or search.","r001","Cooking","silver","Gold","",66.9860696,"2026-02-23T03:25:13.651587Z","7ea94f18-3b89-4c8e-aa91-685a76fc4e01"
"Essential Operation",569,"1",11,"","2026-02-23T03:25:17.827841Z",569,3.172,"#C C cuts the bag with the knife.","Core task, high hand activity.","r001","Cooking","silver","Gold","",104.4904796,"2026-02-23T03:25:17.827855Z","7ea94f18-3b89-4c8e-aa91-685a76fc4e01"
"Stationary",570,"1",11,"Essential Operation","2026-02-23T03:25:26.830148Z",570,7.472,"#C C turns on the switch of the cooker.","Low body/hand motion, primarily an action involving a switch.","r001","Cooking","silver","Bad","",272.1567896,"2026-02-23T03:25:26.830161Z","7ea94f18-3b89-4c8e-aa91-685a76fc4e01"
"Stationary",571,"1",11,"Essential Operation","2026-02-23T03:25:32.217396Z",571,4.804,"#C C presses buttons in the cooker.","Low body/hand motion, primarily involves pressing buttons.","r001","Cooking","silver","Bad","",274.74568960000005,"2026-02-23T03:25:32.217418Z","7ea94f18-3b89-4c8e-aa91-685a76fc4e01"
"Locomotion",572,"1",11,"Object Transfer","2026-02-23T03:37:36.342904Z",572,721.805,"#C C moves the plate rack forward.","Body moving through space to move an object.","r001","Cooking","silver","Bad","",322.2322509546634,"2026-02-23T03:37:36.342916Z","7ea94f18-3b89-4c8e-aa91-685a76fc4e01"
"Object Transfer",573,"1",11,"Essential Operation","2026-02-23T03:37:43.809357Z",573,6.897,"#C C opens the tap with his left hand.","Logistics action of opening the tap.","r001","Cooking","silver","Bad","",343.0258809546634,"2026-02-23T03:37:43.809376Z","7ea94f18-3b89-4c8e-aa91-685a76fc4e01"
"Essential Operation",574,"1",11,"","2026-02-23T03:37:51.495465Z",574,6.864,"#C C washes the vegetable under the tap with both hands.","Core task involving high hand activity.","r001","Cooking","silver","Gold","",348.9193609546634,"2026-02-23T03:37:51.495479Z","7ea94f18-3b89-4c8e-aa91-685a76fc4e01"
"Object Transfer",575,"1",11,"","2026-02-23T03:38:00.200309Z",575,8.337,"#C C brings out vegetables from the container with his left hand.","Logistics step involving picking up and transferring objects.","r001","Cooking","silver","Gold","",374.9270709546634,"2026-02-23T03:38:00.200325Z","7ea94f18-3b89-4c8e-aa91-685a76fc4e01"
"Essential Operation",576,"1",11,"","2026-02-23T03:38:07.003591Z",576,6.336,"#C C washes the vegetables under the tap with both hands.","Core task involving high hand activity.","r001","Cooking","silver","Gold","",391.01978095466336,"2026-02-23T03:38:07.003603Z","7ea94f18-3b89-4c8e-aa91-685a76fc4e01"
"Locomotion",577,"1",11,"","2026-02-23T03:45:53.781162Z",577,466.131,"#C C walks towards the hot plate.","Body moving through space (walking).","r001","Cooking","silver","Gold","",450.5507409546634,"2026-02-23T03:45:53.781177Z","7ea94f18-3b89-4c8e-aa91-685a76fc4e01"
"Object Transfer",578,"1",11,"","2026-02-23T03:45:59.010179Z",578,4.388,"#C C picks up a cutting board on the kitchen slab with his right hand.","The action involves picking up an object, which is a logistics step.","r001","Cooking","silver","Gold","",459.2282709546634,"2026-02-23T03:45:59.010195Z","7ea94f18-3b89-4c8e-aa91-685a76fc4e01"
"Object Transfer",579,"1",11,"","2026-02-23T03:46:05.851161Z",579,6.23,"#C C brings out pot from the cabinet with both hands. #Unsure","Logistics step involving bringing out an object with both hands.","r001","Cooking","silver","Gold","",617.6099876213301,"2026-02-23T03:46:05.851174Z","7ea94f18-3b89-4c8e-aa91-685a76fc4e01"
"Object Transfer",580,"1",11,"","2026-02-23T03:46:10.503678Z",580,3.952,"#C C picks up the knife on the cutting board with his left hand.","Logistics step involving picking up an object.","r001","Cooking","silver","Gold","",656.26424762133,"2026-02-23T03:46:10.503694Z","7ea94f18-3b89-4c8e-aa91-685a76fc4e01"
"Object Transfer",581,"1",11,"","2026-02-23T03:46:14.735497Z",581,3.567,"#C C drops the meat in his right hand on the cutting board.","The action involves moving an object to a specific location, which is a logistics step.","r001","Cooking","silver","Gold","",656.4805376213301,"2026-02-23T03:46:14.735513Z","7ea94f18-3b89-4c8e-aa91-685a76fc4e01"
"Essential Operation",582,"1",11,"","2026-02-23T03:46:17.543642Z",582,2.341,"#C C drops the meat in his right hand on the cutting board.","The action involves placing the meat on the cutting board, which is a core task in cooking.","r001","Cooking","silver","Gold","",703.25130762133,"2026-02-23T03:46:17.543654Z","7ea94f18-3b89-4c8e-aa91-685a76fc4e01"
"Stationary",583,"1",11,"","2026-02-23T03:46:22.725040Z",583,4.78,"#C C places his right hand on the meat on the cutting board.","The action involves a static gesture with minimal movement.","r001","Cooking","silver","Gold","",743.70517762133,"2026-02-23T03:46:22.725065Z","7ea94f18-3b89-4c8e-aa91-685a76fc4e01"
"Essential Operation",584,"1",11,"","2026-02-23T03:46:26.410843Z",584,3.161,"#C C washes the cutting board with the sponge in his left hand.","Core manual task involving high hand activity.","r001","Cooking","silver","Gold","",791.2447276213301,"2026-02-23T03:46:26.410858Z","7ea94f18-3b89-4c8e-aa91-685a76fc4e01"
"Object Transfer",585,"1",11,"","2026-02-23T03:53:15.238518Z",585,405.417,"#C C drops the ceramic bowl and spoon in both hands on the kitchen slab.","[CtxFixed] The action of dropping the ceramic bowl and spoon on the kitchen slab indicates a deliberate placement of objects onto a surface, which fits the definition of 'Object Transfer'.","r001","Cooking","silver","Gold","",900.47182762133,"2026-02-23T03:53:15.238530Z","7ea94f18-3b89-4c8e-aa91-685a76fc4e01"
"Object Transfer",586,"1",11,"","2026-02-23T03:53:18.807836Z",586,2.874,"#C C picks up a cutting board from the kitchen slab with his right hand.","Logistics step involving picking up an object.","r001","Cooking","silver","Gold","",928.32079762133,"2026-02-23T03:53:18.807852Z","7ea94f18-3b89-4c8e-aa91-685a76fc4e01"
"Essential Operation",587,"1",11,"Object Transfer","2026-02-23T03:53:31.905390Z",587,12.698,"#C C pours the green paper on the knife into the stainless bowl.","Core task involving manual operation with high hand activity.","r001","Cooking","silver","Gold","",1040.45644762133,"2026-02-23T03:53:31.905410Z","7ea94f18-3b89-4c8e-aa91-685a76fc4e01"
"Object Transfer",588,"1",11,"","2026-02-23T03:53:38.909009Z",588,5.356,"#C C picks up cucumber from the container on the slab with his right hand.","Logistics step involving picking up an object.","r001","Cooking","silver","Gold","",1055.10120762133,"2026-02-23T03:53:38.909031Z","7ea94f18-3b89-4c8e-aa91-685a76fc4e01"
"Essential Operation",589,"1",11,"Object Transfer","2026-02-23T03:53:52.338553Z",589,12.772,"#C C pours the cucumber on the knife into the stainless plate.","Core task involving manual dexterity with short bursts of hand acceleration.","r001","Cooking","silver","Gold","",1132.6987642879967,"2026-02-23T03:53:52.338568Z","7ea94f18-3b89-4c8e-aa91-685a76fc4e01"
"Object Transfer",590,"1",11,"","2026-02-23T03:54:02.962080Z",590,4.141,"#C C picks the cucumber from the board.","Logistics step involving picking an object.","r001","Cooking","silver","Gold","",1133.6457042879963,"2026-02-23T03:54:02.962097Z","7ea94f18-3b89-4c8e-aa91-685a76fc4e01"
"Essential Operation",591,"1",11,"","2026-02-23T03:54:12.020215Z",591,8.561,"#C C packs the tomato on the board on the knife with his right hand.","Core task involving high hand activity.","r001","Cooking","silver","Gold","",1159.4095542879966,"2026-02-23T03:54:12.020229Z","7ea94f18-3b89-4c8e-aa91-685a76fc4e01"
"Essential Operation",592,"1",11,"Object Transfer","2026-02-23T03:54:17.681106Z",592,5.247,"#C C pours the tomato on the knife into the stainless plate.","Core task involving high hand activity.","r001","Cooking","silver","Gold","",1160.6732642879963,"2026-02-23T03:54:17.681119Z","7ea94f18-3b89-4c8e-aa91-685a76fc4e01"
"Essential Operation",593,"1",11,"","2026-02-23T04:02:20.640635Z",593,482.492,"#C C slices the tomato on the board with the knife in his left hand.","Core manual task involving precise hand movements.","r001","Cooking","silver","Gold","",1173.5861042879967,"2026-02-23T04:02:20.640649Z","7ea94f18-3b89-4c8e-aa91-685a76fc4e01"
"Stationary",594,"1",11,"","2026-02-23T04:02:24.999537Z",594,3.404,"#C C holds the vegetable in the sink with his left hand.","Low body/hand motion, holding the vegetable in place.","r001","Cooking","silver","Gold","",1226.683024287997,"2026-02-23T04:02:24.999552Z","7ea94f18-3b89-4c8e-aa91-685a76fc4e01"
"Locomotion",595,"1",11,"","2026-02-23T04:02:28.310013Z",595,2.709,"#C C walks towards the electric cooker.","Body moving through space (walking), high body acceleration.","r001","Cooking","silver","Gold","",1248.4483642879966,"2026-02-23T04:02:28.310029Z","7ea94f18-3b89-4c8e-aa91-685a76fc4e01"
"Essential Operation",596,"1",11,"","2026-02-23T04:02:33.436009Z",596,4.72,"#C C scoops meat stock from the pot with the spoon in his right hand.","Core task involving high hand activity.","r001","Cooking","silver","Gold","",1261.062974287997,"2026-02-23T04:02:33.436028Z","7ea94f18-3b89-4c8e-aa91-685a76fc4e01"
"Essential Operation",597,"1",11,"","2026-02-23T04:02:42.668492Z",597,8.707,"#C C turns the meat stock in the pot with the spoon in his right hand.","Core task involving active hand movement.","r001","Cooking","silver","Gold","",1268.2034842879966,"2026-02-23T04:02:42.668509Z","7ea94f18-3b89-4c8e-aa91-685a76fc4e01"
"Object Transfer",598,"1",11,"","2026-02-23T04:07:12.466239Z",598,269.412,"#C C picks up the vegetable in the sink with his right hand.","Logistics step involving picking up an object.","r001","Cooking","silver","Gold","",1289.3796342879966,"2026-02-23T04:07:12.466250Z","7ea94f18-3b89-4c8e-aa91-685a76fc4e01"
"Object Transfer",614,"1",11,"Essential Operation","2026-02-23T04:10:29.141140Z",599,11.697,"#C C puts his left hand into the bay leaf container.","Logistics step involving picking up or handling an object.","r001","Cooking","silver","Bad","",1356.0836742879967,"2026-02-23T04:10:29.141156Z","7ea94f18-3b89-4c8e-aa91-685a76fc4e01"
"Object Transfer",599,"1",11,"","2026-02-23T04:07:17.040705Z",600,3.271,"#C C drops the container on the table.","Refined via regex fallback","r001","Cooking","silver","Gold","",1369.1421842879963,"2026-02-23T04:07:17.040725Z","7ea94f18-3b89-4c8e-aa91-685a76fc4e01"
"Object Transfer",600,"1",11,"","2026-02-23T04:07:28.106716Z",601,10.538,"#C C adjusts two containers on the table.","Logistics step involving the placement of objects.","r001","Cooking","silver","Gold","",1417.0192342879966,"2026-02-23T04:07:28.106730Z","7ea94f18-3b89-4c8e-aa91-685a76fc4e01"
"Object Transfer",601,"1",11,"","2026-02-23T04:07:34.099124Z",602,5.505,"#C C picks a wooden spoon from the top of a pan o a cooker.","Logistics step involving picking up an object.","r001","Cooking","silver","Gold","",1435.2503942879966,"2026-02-23T04:07:34.099140Z","7ea94f18-3b89-4c8e-aa91-685a76fc4e01"
"Essential Operation",602,"1",11,"Object Transfer","2026-02-23T04:07:42.249371Z",603,7.463,"#C C removes a leaf in the sink hole.","Core task involving manual manipulation, likely with hands.","r001","Cooking","silver","Gold","",1531.6022142879965,"2026-02-23T04:07:42.249386Z","7ea94f18-3b89-4c8e-aa91-685a76fc4e01"
"Object Transfer",603,"1",11,"","2026-02-23T04:07:47.993824Z",604,5.287,"#C C places the stem on the cutting board.","Logistics step of placing an object.","r001","Cooking","silver","Gold","",1553.3453542879963,"2026-02-23T04:07:47.993839Z","7ea94f18-3b89-4c8e-aa91-685a76fc4e01"
"Essential Operation",604,"1",11,"","2026-02-23T04:07:53.436650Z",605,5.044,"#C C rinses the stem.","Core task involving manual activity with the hands.","r001","Cooking","silver","Gold","",1601.3164689546632,"2026-02-23T04:07:53.436663Z","7ea94f18-3b89-4c8e-aa91-685a76fc4e01"
"Object Transfer",605,"1",11,"","2026-02-23T04:07:57.883093Z",606,3.933,"#C C takes a sponge with his left hand.","Logistics/Setup step involving picking up an object.","r001","Cooking","silver","Gold","",1714.9117109546632,"2026-02-23T04:07:57.883107Z","7ea94f18-3b89-4c8e-aa91-685a76fc4e01"
"Object Transfer",606,"1",11,"","2026-02-23T04:08:02.446584Z",607,4.081,"#C C takes a bowl on the kitchen cabinet with his left hand.","Logistics step involving picking up and moving an object.","r001","Cooking","silver","Gold","",1747.3900309546634,"2026-02-23T04:08:02.446606Z","7ea94f18-3b89-4c8e-aa91-685a76fc4e01"
"Object Transfer",607,"1",11,"","2026-02-23T04:08:05.805696Z",608,2.841,"#C C drops the sponge in his left hand on the kitchen cabinet.","[CtxFixed] The action involves deliberately placing the sponge onto the kitchen cabinet, which fits the definition of a deliberate placement.","r001","Cooking","silver","Gold","",1774.1040709546633,"2026-02-23T04:08:05.805716Z","7ea94f18-3b89-4c8e-aa91-685a76fc4e01"
"Object Transfer",608,"1",11,"","2026-02-23T04:08:08.764639Z",609,2.527,"#C C opens the refrigerator with his left hand.","Logistics action involving opening a drawer/refrigerator.","r001","Cooking","silver","Gold","",1857.414620954664,"2026-02-23T04:08:08.764666Z","7ea94f18-3b89-4c8e-aa91-685a76fc4e01"
"Locomotion",609,"1",11,"","2026-02-23T04:08:11.973375Z",610,2.753,"#C C walks towards the pan on the kitchen cabinet.","Movement through space to reach an object.","r001","Cooking","silver","Gold","",1872.0969609546632,"2026-02-23T04:08:11.973387Z","7ea94f18-3b89-4c8e-aa91-685a76fc4e01"
"Stationary",610,"1",11,"","2026-02-23T04:08:15.362498Z",611,2.974,"#C C holds the pan handle with his left hand.","Low body/hand motion, holding an object without movement.","r001","Cooking","silver","Gold","",1889.5649709546635,"2026-02-23T04:08:15.362512Z","7ea94f18-3b89-4c8e-aa91-685a76fc4e01"
"Essential Operation",611,"1",11,"","2026-02-23T04:08:19.408837Z",612,3.643,"#C C rinses the sponge in his right hand under the kitchen tap.","Core task involving high hand activity.","r001","Cooking","silver","Gold","",1896.6753209546632,"2026-02-23T04:08:19.408851Z","7ea94f18-3b89-4c8e-aa91-685a76fc4e01"
"Stationary",612,"1",11,"","2026-02-23T04:08:22.606698Z",613,2.76,"#C C holds the pan in his left hand under the kitchen tap.","The action involves holding an object, which implies low body and hand motion.","r001","Cooking","silver","Gold","",1903.992630954664,"2026-02-23T04:08:22.606712Z","7ea94f18-3b89-4c8e-aa91-685a76fc4e01"
"Locomotion",613,"1",11,"Object Transfer","2026-02-23T04:08:30.581679Z",614,7.622,"# C C pushes the tray in the dishwasher with his right hand.","Movement of the body through space to push the tray.","r001","Cooking","silver","Bad","",2019.6421609546635,"2026-02-23T04:08:30.581694Z","7ea94f18-3b89-4c8e-aa91-685a76fc4e01"
"Essential Operation",615,"1",11,"","2026-02-23T04:10:35.501004Z",615,3.698,"#C C dips the chopsticks in the jar of baked beans. #UNSURE","The action involves a core manual task with high hand activity.","r001","Cooking","silver","Gold","",2023.0291409546635,"2026-02-23T04:10:35.501019Z","7ea94f18-3b89-4c8e-aa91-685a76fc4e01"
"Essential Operation",616,"1",11,"","2026-02-23T04:10:47.211016Z",616,7.04,"#C C stirs the soup with the spatula.","Core manual task involving high hand activity.","r001","Cooking","silver","Gold","",2040.963330954664,"2026-02-23T04:10:47.211031Z","7ea94f18-3b89-4c8e-aa91-685a76fc4e01"
"Essential Operation",617,"1",11,"","2026-02-23T04:10:53.356497Z",617,5.498,"#C C pours the soup in the pot with the spoon.","Core task involving high hand activity.","r001","Cooking","silver","Gold","",2095.2081309546634,"2026-02-23T04:10:53.356509Z","7ea94f18-3b89-4c8e-aa91-685a76fc4e01"
"Object Transfer",618,"1",11,"","2026-02-23T04:10:58.114427Z",618,4.246,"#C C picks the spatula with his right hand.","Logistics step involving picking up an object.","r001","Cooking","silver","Gold","",2138.76923562133,"2026-02-23T04:10:58.114440Z","7ea94f18-3b89-4c8e-aa91-685a76fc4e01"
"Object Transfer",619,"1",11,"","2026-02-23T04:11:01.707487Z",619,3.048,"#C C picks another cardboard paper with his left hand.","Logistics step involving picking up an object.","r001","Cooking","silver","Gold","",2160.3199456213306,"2026-02-23T04:11:01.707507Z","7ea94f18-3b89-4c8e-aa91-685a76fc4e01"
"Object Transfer",620,"1",11,"","2026-02-23T04:15:48.826360Z",620,286.691,"#C C fits the black box in his right hand into the white back.","The action involves placing an object into another, which is a logistics step.","r001","Cooking","silver","Gold","",2185.03163762133,"2026-02-23T04:15:48.826377Z","7ea94f18-3b89-4c8e-aa91-685a76fc4e01"
"Object Transfer",621,"1",11,"","2026-02-23T04:15:58.766316Z",621,9.273,"#C C takes a pan on the electric cooker with his left hand.","Logistics step involving picking up and moving an object.","r001","Cooking","silver","Gold","",2269.62880762133,"2026-02-23T04:15:58.766328Z","7ea94f18-3b89-4c8e-aa91-685a76fc4e01"
"Essential Operation",622,"1",11,"","2026-02-23T04:16:02.958699Z",622,3.548,"#C C rinses the wooden spatula under the tap with his right hand.","Core task involving high hand activity.","r001","Cooking","silver","Gold","",2273.08163762133,"2026-02-23T04:16:02.958721Z","7ea94f18-3b89-4c8e-aa91-685a76fc4e01"
"Stationary",623,"1",11,"","2026-02-23T04:16:06.958957Z",623,3.538,"#C C holds the pan with his left hands.","The action involves holding the pan, which indicates a low level of motion.","r001","Cooking","silver","Gold","",2273.8724076213302,"2026-02-23T04:16:06.958973Z","7ea94f18-3b89-4c8e-aa91-685a76fc4e01"
"Locomotion",624,"1",11,"","2026-02-23T04:16:10.960273Z",624,3.382,"#C C walks towards the table with the pan of food.","Movement through space with an object (pan of food).","r001","Cooking","silver","Gold","",2311.53112762133,"2026-02-23T04:16:10.960292Z","7ea94f18-3b89-4c8e-aa91-685a76fc4e01"
"Essential Operation",625,"1",11,"","2026-02-23T04:16:14.337275Z",625,2.791,"#C C washes the pan with the sponge in his right hand.","Core task involving high hand activity.","r001","Cooking","silver","Gold","",2326.1957576213304,"2026-02-23T04:16:14.337288Z","7ea94f18-3b89-4c8e-aa91-685a76fc4e01"
"Object Transfer",626,"1",11,"Essential Operation","2026-02-23T04:16:33.010693Z",626,18.068,"#C C turns the water in the pan into the kitchen sink with his left hand.","The action involves moving the pan and pouring water, which is a logistics step.","r001","Cooking","silver","Bad","",2347.18788762133,"2026-02-23T04:16:33.010704Z","7ea94f18-3b89-4c8e-aa91-685a76fc4e01"
"Locomotion",627,"1",11,"","2026-02-23T04:16:36.463432Z",627,2.991,"#C C walks towards the pan on the electric cooker.","Body moving through space towards the pan.","r001","Cooking","silver","Gold","",2359.91485762133,"2026-02-23T04:16:36.463445Z","7ea94f18-3b89-4c8e-aa91-685a76fc4e01"
"Stationary",628,"1",11,"","2026-02-23T04:16:40.040222Z",628,3.035,"#C C touches the bowl with his left hand.","Low body/hand motion, indicative of a paused action or interaction.","r001","Cooking","silver","Gold","",2440.1928076213303,"2026-02-23T04:16:40.040235Z","7ea94f18-3b89-4c8e-aa91-685a76fc4e01"
"Stationary",629,"1",11,"","2026-02-23T04:16:43.885533Z",629,3.44,"#C C holds the handle of a pot with his right hand.","Low body/hand motion, holding an object without movement.","r001","Cooking","silver","Gold","",2476.7536876213303,"2026-02-23T04:16:43.885552Z","7ea94f18-3b89-4c8e-aa91-685a76fc4e01"
"Stationary",630,"1",11,"","2026-02-23T04:16:49.239975Z",630,4.96,"#C C touches the vegetables with his hands.","Low body/hand motion, touching without movement.","r001","Cooking","silver","Gold","",2486.35149762133,"2026-02-23T04:16:49.239991Z","7ea94f18-3b89-4c8e-aa91-685a76fc4e01"
"Object Transfer",631,"1",11,"","2026-02-23T04:16:52.639711Z",631,2.994,"#C C drops the roll of tissue paper on the table with his right hand.","Refined via regex fallback","r001","Cooking","silver","Gold","",2526.66097762133,"2026-02-23T04:16:52.639726Z","7ea94f18-3b89-4c8e-aa91-685a76fc4e01"
"Essential Operation",632,"1",11,"","2026-02-23T04:16:55.860451Z",632,2.676,"#C C spreads the oil in the pan with his right hand.","Core task involving high hand activity.","r001","Cooking","silver","Gold","",2533.45602762133,"2026-02-23T04:16:55.860472Z","7ea94f18-3b89-4c8e-aa91-685a76fc4e01"
"Object Transfer",633,"1",11,"","2026-02-23T04:17:54.062331Z",633,57.641,"#C C lifts the pot with his right hand.","Logistics step, picking up an object.","r001","Cooking","silver","Gold","",2534.3887476213304,"2026-02-23T04:17:54.062344Z","7ea94f18-3b89-4c8e-aa91-685a76fc4e01"
"Object Transfer",634,"1",11,"","2026-02-23T04:18:01.642892Z",634,6.901,"#C C picks the bottle of oil with his right hand.","Logistics/Setup step (picking up an object).","r001","Cooking","silver","Gold","",2590.88056762133,"2026-02-23T04:18:01.642909Z","7ea94f18-3b89-4c8e-aa91-685a76fc4e01"
"Object Transfer",635,"1",11,"","2026-02-23T04:19:26.585480Z",635,83.987,"#C C drops the plate in the sink with his left hand.","Refined via regex fallback","r001","Cooking","silver","Gold","",2654.4977676213302,"2026-02-23T04:19:26.585495Z","7ea94f18-3b89-4c8e-aa91-685a76fc4e01"
"Object Transfer",636,"1",11,"","2026-02-23T04:19:35.383531Z",636,3.127,"#C C drops the chopsticks on the pot with his right hand.","Refined via regex fallback","r001","Cooking","silver","Gold","",2740.3120342879965,"2026-02-23T04:19:35.383543Z","7ea94f18-3b89-4c8e-aa91-685a76fc4e01"
"Essential Operation",637,"1",11,"","2026-02-23T04:19:37.932785Z",637,2.018,"#C C stirs vegetables in the pot with the spatula.","Core manual task involving high hand activity.","r001","Cooking","silver","Gold","",2936.947374287997,"2026-02-23T04:19:37.932799Z","7ea94f18-3b89-4c8e-aa91-685a76fc4e01"
"Object Transfer",638,"1",11,"Stationary","2026-02-23T04:19:48.855060Z",638,10.434,"#C C takes the wooden spatula in the food with his right hand.","Logistics/Setup step, picking up the spatula.","r001","Cooking","silver","Bad","",3033.2790542879966,"2026-02-23T04:19:48.855075Z","7ea94f18-3b89-4c8e-aa91-685a76fc4e01"
"Object Transfer",639,"1",11,"","2026-02-23T04:19:56.994854Z",639,7.659,"#C C covers the pot with the lid in his left hand.","Logistics step involving picking up and placing the lid on the pot.","r001","Cooking","silver","Gold","",3111.4804142879966,"2026-02-23T04:19:56.994880Z","7ea94f18-3b89-4c8e-aa91-685a76fc4e01"
"Essential Operation",640,"1",11,"","2026-02-23T04:20:12.165641Z",640,14.703,"#C C hits the spoon in his right hand on the pot.","Core task involving high hand activity.","r001","Cooking","silver","","Skip",3193.137178954664,"2026-02-23T04:20:12.165658Z","7ea94f18-3b89-4c8e-aa91-685a76fc4e01"
"Locomotion",641,"1",11,"","2026-02-23T04:20:19.375559Z",641,6.578,"#C C walks towards the food.","Body moving through space, high body acceleration.","r001","Cooking","silver","Gold","",3234.456238954663,"2026-02-23T04:20:19.375571Z","7ea94f18-3b89-4c8e-aa91-685a76fc4e01"
"Object Transfer",642,"1",11,"","2026-02-23T04:21:23.225928Z",642,63.126,"#C C takes food with the chopstick in his right hand.","Logistics step involving picking up or transferring an object.","r001","Cooking","silver","Gold","",3252.010278954663,"2026-02-23T04:21:23.225940Z","7ea94f18-3b89-4c8e-aa91-685a76fc4e01"
"Stationary",643,"1",11,"","2026-02-23T04:21:32.032847Z",643,8.059,"#C C folds the tissue in his left hand on the table.","Low body/hand motion, focused fine motor task.","r001","Cooking","silver","Gold","",3317.025000954663,"2026-02-23T04:21:32.032860Z","7ea94f18-3b89-4c8e-aa91-685a76fc4e01"
"Object Transfer",644,"1",11,"","2026-02-23T04:21:36.049595Z",644,3.392,"#C C opens the dish washer with his left hand.","Logistics/Setup step involving opening a drawer or similar action.","r001","Cooking","silver","Gold","",3357.002610954663,"2026-02-23T04:21:36.049612Z","7ea94f18-3b89-4c8e-aa91-685a76fc4e01"
"Object Transfer",645,"1",11,"","2026-02-23T04:21:42.995392Z",645,6.419,"#C C takes the glass of juice on the table with his right hand.","Logistics step involving picking up and transferring an object.","r001","Cooking","silver","Gold","",3417.484480954663,"2026-02-23T04:21:42.995407Z","7ea94f18-3b89-4c8e-aa91-685a76fc4e01"
"Object Transfer",646,"1",11,"","2026-02-23T04:21:46.194865Z",646,2.644,"#C C covers the food with the lid in his left hand.","The action involves picking up and placing the lid, which is a logistics step.","r001","Cooking","silver","Gold","",3514.757950954663,"2026-02-23T04:21:46.194882Z","7ea94f18-3b89-4c8e-aa91-685a76fc4e01"
"Stationary",647,"1",11,"","2026-02-23T04:21:52.968030Z",647,6.332,"#C C touches dog fur","Low body/hand motion, likely involves gentle touch with minimal movement.","r001","Playing Instrument","silver","Gold","",63.8000786,"2026-02-23T04:21:52.968043Z","7f8f8daa-7be0-4226-b47e-e5155e5f62f0"
"Essential Operation",648,"1",11,"","2026-02-23T04:21:59.814445Z",648,6.213,"#C C combs dog fur","Core task involving manual activity with hands.","r001","Playing Instrument","silver","Gold","",119.0007286,"2026-02-23T04:21:59.814461Z","7f8f8daa-7be0-4226-b47e-e5155e5f62f0"
"Object Transfer",649,"1",11,"","2026-02-23T04:22:04.105597Z",649,3.728,"#C C takes comb from the mat","Logistics/Setup step (taking an object).","r001","Playing Instrument","silver","Gold","",220.8234886,"2026-02-23T04:22:04.105614Z","7f8f8daa-7be0-4226-b47e-e5155e5f62f0"
"Stationary",650,"1",11,"","2026-02-23T04:22:08.049885Z",650,3.427,"#C C adjusts dog leg","Adjusting an instrument is typically a low-energy, fine-tuning action.","r001","Playing Instrument","silver","Gold","",294.0804047035157,"2026-02-23T04:22:08.049900Z","7f8f8daa-7be0-4226-b47e-e5155e5f62f0"
"Object Transfer",651,"1",11,"","2026-02-23T04:22:15.230581Z",651,6.727,"#C C lifts a plate from a rack with her left hand.","Logistics action of picking up an object.","r001","Cooking","silver","Gold","",52.7093196,"2026-02-23T04:22:15.230595Z","8383791d-2df9-4bac-89b6-4cc01df5f4d1"
"Object Transfer",652,"1",11,"","2026-02-23T04:22:18.624261Z",652,2.965,"#C C puts the plate in her right hand into the rack.","Logistics step involving picking up and placing an object.","r001","Cooking","silver","Gold","",53.6578396,"2026-02-23T04:22:18.624275Z","8383791d-2df9-4bac-89b6-4cc01df5f4d1"
"Object Transfer",653,"1",11,"","2026-02-23T04:22:28.988837Z",653,9.925,"#C C scoops some caffeine from the tin with the spoon in her right hand.","Logistics step involving picking up and transferring an object.","r001","Cooking","silver","Gold","",77.38688959999999,"2026-02-23T04:22:28.988858Z","8383791d-2df9-4bac-89b6-4cc01df5f4d1"
"Object Transfer",654,"1",11,"","2026-02-23T04:22:35.172567Z",654,5.411,"#C C pours the caffeine from the spoon into the bowl on the slab.","The action involves transferring the caffeine from the spoon to the bowl, which is a logistics step.","r001","Cooking","silver","Gold","",85.29031959999999,"2026-02-23T04:22:35.172581Z","8383791d-2df9-4bac-89b6-4cc01df5f4d1"
"Object Transfer",655,"1",11,"","2026-02-23T04:22:39.373618Z",655,3.651,"#C C picks the lid from the slab with her right hand.","Logistics step involving picking up an object.","r001","Cooking","silver","Gold","",93.8938796,"2026-02-23T04:22:39.373634Z","8383791d-2df9-4bac-89b6-4cc01df5f4d1"
"Essential Operation",656,"1",11,"","2026-02-23T04:23:03.502385Z",656,23.671,"#C C stirs the bowl of watered caffeine on the slab with the spoon. #Unsure","Core task involving high hand activity.","r001","Cooking","silver","Gold","",174.1774396,"2026-02-23T04:23:03.502399Z","8383791d-2df9-4bac-89b6-4cc01df5f4d1"
"Essential Operation",657,"1",11,"","2026-02-23T04:23:22.371247Z",657,17.348,"#C C squeezes some dishwasher into the pan in the sink.","Core task involving manual manipulation, high hand activity.","r001","Cooking","silver","","Skip",217.3250796,"2026-02-23T04:23:22.371262Z","8383791d-2df9-4bac-89b6-4cc01df5f4d1"
"Object Transfer",658,"1",11,"","2026-02-23T04:23:29.559793Z",658,6.424,"#C C drops the plastic container on the kitchen slab.","[CtxFixed] The action of dropping the plastic container onto the kitchen slab appears to be a deliberate placement after its use, rather than a mistake.","r001","Cooking","silver","Gold","",302.9531709546634,"2026-02-23T04:23:29.559807Z","8383791d-2df9-4bac-89b6-4cc01df5f4d1"
"Search",659,"1",11,"Object Transfer","2026-02-23T04:23:46.149092Z",659,16.101,"#C C moves a piece of tissue paper close to the two eggs on the kitchen slab.","Indicates a visual search or monitoring action with minimal body movement.","r001","Cooking","silver","Bad","",337.3246909546634,"2026-02-23T04:23:46.149150Z","8383791d-2df9-4bac-89b6-4cc01df5f4d1"
"Essential Operation",660,"1",11,"Object Transfer","2026-02-23T04:23:55.817296Z",660,9.108,"#C C drops the yolk of the egg in the white bowl.","[CtxFixed] The action of dropping the yolk into the white bowl is part of the process of separating the egg components, which is an essential operation in cooking.","r001","Cooking","silver","Gold","",373.9777609546634,"2026-02-23T04:23:55.817315Z","8383791d-2df9-4bac-89b6-4cc01df5f4d1"
"Essential Operation",661,"1",11,"Object Transfer","2026-02-23T04:24:03.069899Z",661,6.549,"#C C pours the albumen of the second egg in the small china plate.","Core task involving precise hand movements.","r001","Cooking","silver","Gold","",382.8315109546634,"2026-02-23T04:24:03.069914Z","8383791d-2df9-4bac-89b6-4cc01df5f4d1"
"Object Transfer",662,"1",11,"","2026-02-23T04:24:08.091156Z",662,4.529,"#C C drops the yolk of the second egg in the white bowl.","[CtxFixed] The action of dropping the yolk into the white bowl is a deliberate placement of the yolk onto a surface, which fits the criteria for 'Object Transfer'.","r001","Cooking","silver","Gold","",396.7229009546634,"2026-02-23T04:24:08.091169Z","8383791d-2df9-4bac-89b6-4cc01df5f4d1"
"Essential Operation",663,"1",11,"Object Transfer","2026-02-23T04:24:24.134977Z",663,15.424,"#C C splits the shell of the fourth egg in two with both hands.","Core task involving high hand activity.","r001","Cooking","silver","Gold","",426.7185009546634,"2026-02-23T04:24:24.134987Z","8383791d-2df9-4bac-89b6-4cc01df5f4d1"
"Essential Operation",664,"1",11,"Object Transfer","2026-02-23T04:24:41.360331Z",664,16.718,"#C C pours the albumen of the fourth egg in the small china plate.","Core task involving precise hand movements.","r001","Cooking","silver","Gold","",429.1693009546634,"2026-02-23T04:24:41.360348Z","8383791d-2df9-4bac-89b6-4cc01df5f4d1"
"Object Transfer",665,"1",11,"","2026-02-23T04:25:15.445171Z",665,33.472,"#C C drops the shells of the fourth broken egg in the bin.","[CtxFixed] The action of dropping the shells into the bin is a deliberate placement, indicating that the subject is disposing of the shells in a specific location.","r001","Cooking","silver","Gold","",452.44733095466336,"2026-02-23T04:25:15.445183Z","8383791d-2df9-4bac-89b6-4cc01df5f4d1"
"Object Transfer",666,"1",11,"","2026-02-23T04:25:46.380338Z",666,20.536,"#C C carries the white bowl of yolks.","Logistics action of carrying an object.","r001","Cooking","silver","","Skip",463.1868309546634,"2026-02-23T04:25:46.380363Z","8383791d-2df9-4bac-89b6-4cc01df5f4d1"
"Stationary",667,"1",11,"","2026-02-23T04:25:51.136466Z",667,4.038,"#C C touches the plate of ingredient inside the oven.","The action described involves a touch, which typically does not involve significant body or hand motion.","r001","Cooking","silver","Gold","",509.5094909546634,"2026-02-23T04:25:51.136478Z","8383791d-2df9-4bac-89b6-4cc01df5f4d1"
"Object Transfer",668,"1",11,"Stationary","2026-02-23T04:26:02.098113Z",668,10.469,"#C C moves his left hand towards a part of the oven. #Unsure","The action involves moving the hand towards an object, which is a logistics step.","r001","Cooking","silver","Bad","",513.7193309546634,"2026-02-23T04:26:02.098136Z","8383791d-2df9-4bac-89b6-4cc01df5f4d1"
"Object Transfer",669,"1",11,"","2026-02-23T04:27:06.859150Z",669,64.136,"#C C scoops sugar from the tin with the spoon.","Logistics step involving picking up and transferring sugar.","r001","Cooking","silver","Gold","",534.34520562133,"2026-02-23T04:27:06.859163Z","8383791d-2df9-4bac-89b6-4cc01df5f4d1"
"Object Transfer",670,"1",11,"","2026-02-23T04:27:13.193582Z",670,5.467,"#C C drops the tin of sugar on the kitchen slab.","[CtxFixed] The action of dropping the tin of sugar onto the kitchen slab can be considered a deliberate placement of the object onto a surface, which fits the criteria for 'Object Transfer'.","r001","Cooking","silver","Gold","",546.6557756213301,"2026-02-23T04:27:13.193611Z","8383791d-2df9-4bac-89b6-4cc01df5f4d1"
"Essential Operation",671,"1",11,"","2026-02-23T04:27:18.354880Z",671,4.509,"#C C stirs the black ingredient in the china plate.","Core task involving high hand activity.","r001","Cooking","silver","Gold","",568.1755076213301,"2026-02-23T04:27:18.354896Z","8383791d-2df9-4bac-89b6-4cc01df5f4d1"
"Stationary",672,"1",11,"Essential Operation","2026-02-23T04:27:32.590564Z",672,13.637,"#C C slides the screen of a phone.","Low body/hand motion, mostly finger movement which does not translate to IMU/Motion signature.","r001","Cooking","silver","Bad","",600.5636176213301,"2026-02-23T04:27:32.590580Z","8383791d-2df9-4bac-89b6-4cc01df5f4d1"
"Essential Operation",673,"1",11,"","2026-02-23T04:27:42.270245Z",673,9.007,"#C C wipes the kitchen slab close to the white bowl of ingredient with the piece of tissue paper.","Core cleaning task, high hand activity.","r001","Cooking","silver","Gold","",700.4633176213301,"2026-02-23T04:27:42.270257Z","8383791d-2df9-4bac-89b6-4cc01df5f4d1"
"Essential Operation",674,"1",11,"","2026-02-23T04:27:57.464398Z",674,14.452,"#C C stirs the ingredient in the white bowl","Core task involving repetitive hand movements.","r001","Cooking","silver","Gold","",722.36322762133,"2026-02-23T04:27:57.464409Z","8383791d-2df9-4bac-89b6-4cc01df5f4d1"
"Object Transfer",675,"1",11,"","2026-02-23T04:28:12.708773Z",675,14.537,"#C C opens a machine. #Unsure","The action involves opening a machine, which is a logistics step.","r001","Cooking","silver","Gold","",819.8187776213301,"2026-02-23T04:28:12.708789Z","8383791d-2df9-4bac-89b6-4cc01df5f4d1"
"Object Transfer",676,"1",11,"","2026-02-23T04:28:20.443184Z",676,6.307,"#C C lifts a bowl from the slab with her left hand.","Logistics action of picking up an object.","r001","Cooking","silver","Gold","",1235.4970242879967,"2026-02-23T04:28:20.443197Z","8383791d-2df9-4bac-89b6-4cc01df5f4d1"
"Object Transfer",677,"1",11,"","2026-02-23T04:29:44.943399Z",677,83.593,"#C C picks the ladle from the plate on the slab.","Logistics step involving picking up an object.","r001","Cooking","silver","Gold","",1293.0486842879966,"2026-02-23T04:29:44.943412Z","8383791d-2df9-4bac-89b6-4cc01df5f4d1"
"Essential Operation",678,"1",11,"","2026-02-23T04:29:54.631492Z",678,7.751,"#C C washes her right hand with water from the tap.","Core task involving high hand activity.","r001","Cooking","silver","Gold","",1397.9505942879966,"2026-02-23T04:29:54.631505Z","8383791d-2df9-4bac-89b6-4cc01df5f4d1"
"Object Transfer",679,"1",11,"","2026-02-23T04:29:59.545540Z",679,4.297,"#C C puts the plate in the rack with her right hand.","Logistics step involving placing an object.","r001","Cooking","silver","Gold","",1419.9827142879967,"2026-02-23T04:29:59.545562Z","8383791d-2df9-4bac-89b6-4cc01df5f4d1"
"Object Transfer",680,"1",11,"","2026-02-23T04:30:04.321887Z",680,4.232,"#C C places the bowl of cereal into the stainless bowl of water.","Logistics step involving placing an object.","r001","Cooking","silver","Gold","",1498.871694287997,"2026-02-23T04:30:04.321904Z","8383791d-2df9-4bac-89b6-4cc01df5f4d1"
"Object Transfer",681,"1",11,"","2026-02-23T04:30:11.299607Z",681,6.293,"#C C takes the stainless bowl of water and bowl of cereal from the slab with both hands.","Logistics step involving picking up and transferring objects.","r001","Cooking","silver","Gold","",1504.4713542879967,"2026-02-23T04:30:11.299625Z","8383791d-2df9-4bac-89b6-4cc01df5f4d1"
"Essential Operation",682,"1",11,"","2026-02-23T04:30:47.487842Z",682,25.392,"#C C wipes the bowl with her right finger.","Core task involving high hand activity.","r001","Cooking","silver","Gold","",1550.3923642879968,"2026-02-23T04:30:47.487855Z","8383791d-2df9-4bac-89b6-4cc01df5f4d1"
"Object Transfer",683,"1",11,"","2026-02-23T04:31:00.585836Z",683,12.322,"#C C drops the electric egg beater on the kitchen slab.","[CtxFixed] The action of dropping the electric egg beater onto the kitchen slab is a deliberate placement, which fits the criteria for 'Object Transfer'.","r001","Cooking","silver","Gold","",1677.3621009546632,"2026-02-23T04:31:00.585863Z","8383791d-2df9-4bac-89b6-4cc01df5f4d1"
"Stationary",684,"1",11,"","2026-02-23T04:31:44.547028Z",684,43.38,"#C C adjusts the extension box.","Adjusting an object typically involves minimal movement and can be considered a stationary action.","r001","Cooking","silver","","Skip",1756.340080954663,"2026-02-23T04:31:44.547042Z","8383791d-2df9-4bac-89b6-4cc01df5f4d1"
"Object Transfer",685,"1",11,"","2026-02-23T04:31:50.502042Z",685,5.347,"#C C picks up a tablet from the kitchen slab.","Logistics step involving picking up an object.","r001","Cooking","silver","Gold","",2059.0147409546635,"2026-02-23T04:31:50.502053Z","8383791d-2df9-4bac-89b6-4cc01df5f4d1"
"Stationary",686,"1",11,"","2026-02-23T04:31:57.355143Z",686,6.354,"#C C holds the bowl of ingredient in place with his left hand.","Low body/hand motion, holding in place.","r001","Cooking","silver","Gold","",2066.103050954664,"2026-02-23T04:31:57.355153Z","8383791d-2df9-4bac-89b6-4cc01df5f4d1"
"Essential Operation",687,"1",11,"","2026-02-23T04:32:02.183305Z",687,4.268,"#C C stirs the ingredient in the bowl with the whisk.","Core manual task involving high hand activity.","r001","Cooking","silver","Gold","",2183.93991762133,"2026-02-23T04:32:02.183318Z","8383791d-2df9-4bac-89b6-4cc01df5f4d1"
"Object Transfer",688,"1",11,"","2026-02-23T04:32:07.546927Z",688,4.887,"#C C passes the whisk to his right hand.","Logistics step involving the transfer of an object.","r001","Cooking","silver","Gold","",2397.14606762133,"2026-02-23T04:32:07.546943Z","8383791d-2df9-4bac-89b6-4cc01df5f4d1"
"Object Transfer",689,"1",11,"","2026-02-23T04:32:15.423363Z",689,7.442,"#C C scoops butter from the plastic plate.","The action involves picking up and transferring an object, which is a logistics step.","r001","Cooking","silver","Gold","",2570.3212976213304,"2026-02-23T04:32:15.423375Z","8383791d-2df9-4bac-89b6-4cc01df5f4d1"
"Object Transfer",690,"1",11,"","2026-02-23T04:32:19.884053Z",690,4.076,"#C C drops the plastic plate on a yellow-cover container on the kitchen slab.","[CtxFixed] The action involves deliberately placing the plastic plate onto a container, which fits the definition of a deliberate placement.","r001","Cooking","silver","Gold","",2631.41635762133,"2026-02-23T04:32:19.884067Z","8383791d-2df9-4bac-89b6-4cc01df5f4d1"
"Essential Operation",691,"1",11,"","2026-02-23T04:32:24.444260Z",691,4.14,"#C C scrapes the butter from the spoon with the whisk.","Core task involving high hand activity.","r001","Cooking","silver","Gold","",2633.76786762133,"2026-02-23T04:32:24.444275Z","8383791d-2df9-4bac-89b6-4cc01df5f4d1"
"Object Transfer",692,"1",11,"","2026-02-23T04:44:12.467672Z",692,707.595,"#C C moves the bowl of ingredient closer to the electric hand mixer.","Moving an object from one location to another.","r001","Cooking","silver","Gold","",2678.353712287997,"2026-02-23T04:44:12.467687Z","8383791d-2df9-4bac-89b6-4cc01df5f4d1"
"Essential Operation",693,"1",11,"","2026-02-23T04:44:36.887468Z",693,23.754,"#C C hits the whisk on the edge of the bowl.","Core task involving high hand activity.","r001","Cooking","silver","Gold","",2886.409014287997,"2026-02-23T04:44:36.887495Z","8383791d-2df9-4bac-89b6-4cc01df5f4d1"
"Object Transfer",694,"1",11,"","2026-02-23T04:44:46.143711Z",694,8.486,"#C C carries a white bowl of paste with white spoon with both hands.","Logistics of moving an object from one place to another.","r001","Cooking","silver","","Skip",2922.788524287997,"2026-02-23T04:44:46.143725Z","8383791d-2df9-4bac-89b6-4cc01df5f4d1"
"Object Transfer",695,"1",11,"","2026-02-23T04:44:48.886660Z",695,2.082,"#C C carries the white bowl of paste and white spoon.","Logistics of moving objects from one place to another.","r001","Cooking","silver","","Skip",2970.9488642879965,"2026-02-23T04:44:48.886685Z","8383791d-2df9-4bac-89b6-4cc01df5f4d1"
"Stationary",696,"1",11,"","2026-02-23T04:44:55.966321Z",696,6.45,"#C C holds hands together","Low body/hand motion, likely in a seated position.","r001","Desk Work","silver","Gold","",304.1077572425247,"2026-02-23T04:44:55.966336Z","878b7d2a-ed21-409c-b523-8fd8c014076b"
"Stationary",697,"1",11,"","2026-02-23T04:48:34.004945Z",697,217.333,"#C C raises the left leg","Low body/hand motion, slight leg movement does not constitute significant locomotion.","r001","Desk Work","silver","Gold","",371.5825072425247,"2026-02-23T04:48:34.004959Z","878b7d2a-ed21-409c-b523-8fd8c014076b"
"Locomotion",698,"1",11,"","2026-02-23T04:48:52.201773Z",698,17.354,"#C C bends on the carpet","Body movement through space, in this case bending.","r001","Desk Work","silver","","Skip",1025.8936527899505,"2026-02-23T04:48:52.201798Z","878b7d2a-ed21-409c-b523-8fd8c014076b"
"Stationary",699,"1",11,"","2026-02-23T04:48:58.466820Z",699,4.665,"#C C touches thighs","Low body/hand motion, likely idle or seated.","r001","Desk Work","silver","Gold","",1204.2861532484371,"2026-02-23T04:48:58.466843Z","878b7d2a-ed21-409c-b523-8fd8c014076b"
"Locomotion",700,"1",11,"Stationary","2026-02-23T04:49:12.764814Z",700,13.746,"#C C stretches the right leg","Body movement through space (stretching a leg), indicative of locomotion.","r001","Desk Work","silver","Bad","",1262.4745732484373,"2026-02-23T04:49:12.764826Z","878b7d2a-ed21-409c-b523-8fd8c014076b"
"Stationary",701,"1",11,"","2026-02-23T15:19:54.204446Z",701,12.253,"#C C sits on the carpet","Sitting is an idle activity with low body and hand motion.","r001","Desk Work","silver","Gold","",1303.2696132484373,"2026-02-23T15:19:54.204461Z","878b7d2a-ed21-409c-b523-8fd8c014076b"
"Stationary",702,"1",11,"","2026-02-23T15:19:56.656189Z",702,1.943,"#C C touches the carpet","Low body/hand motion, incidental touch.","r001","Desk Work","silver","Gold","",1326.4599832484373,"2026-02-23T15:19:56.656202Z","878b7d2a-ed21-409c-b523-8fd8c014076b"
"Stationary",703,"1",11,"","2026-02-23T15:20:03.667560Z",703,5.08,"#C C holds the two legs","Holding an object with hands, minimal body movement.","r001","Desk Work","silver","Gold","",1473.962521275781,"2026-02-23T15:20:03.667571Z","878b7d2a-ed21-409c-b523-8fd8c014076b"
"Stationary",704,"1",11,"","2026-02-23T15:20:08.824935Z",704,4.681,"#C C drinks beverage","Low body/hand motion, drinking is a relatively static action.","r001","Desk Work","silver","Gold","",27.5149396,"2026-02-23T15:20:08.824952Z","87ae2263-5355-4aae-8ca4-98ad80e9f1b4"
"Stationary",705,"1",11,"","2026-02-23T15:20:11.230679Z",705,2.04,"#C C touches tissue","Low body/hand motion, likely inspecting or preparing without movement.","r001","Mechanical Repair","silver","Gold","",49.3052086,"2026-02-23T15:20:11.230701Z","8996ece6-f2c1-49c4-aab7-fee6c30f2ca2"
"Essential Operation",706,"1",11,"Object Transfer","2026-02-23T15:20:17.845266Z",706,6.277,"#C C attaches the two #unsure together","Core task involving manual assembly, high hand activity.","r001","Mechanical Repair","silver","Gold","",587.730337613672,"2026-02-23T15:20:17.845282Z","8996ece6-f2c1-49c4-aab7-fee6c30f2ca2"
"Search",707,"1",11,"Essential Operation","2026-02-23T15:20:29.242271Z",707,11.026,"#C C measures #unsure","Head movement (measuring), hands mostly still.","r001","Mechanical Repair","silver","Bad","",747.9358176136719,"2026-02-23T15:20:29.242288Z","8996ece6-f2c1-49c4-aab7-fee6c30f2ca2"
"Object Transfer",708,"1",11,"","2026-02-23T15:20:32.621017Z",708,2.984,"#C C removes clothe","Logistics step of removing an object (the cloth).","r001","Mechanical Repair","silver","Gold","",1208.729477144922,"2026-02-23T15:20:32.621032Z","8996ece6-f2c1-49c4-aab7-fee6c30f2ca2"
"Object Transfer",709,"1",11,"","2026-02-23T15:20:35.796274Z",709,2.837,"#c c puts the chain lube in a tool box","Logistics/Setup step involving placing an object.","r001","Mechanical Repair","silver","Gold","",1950.577670125879,"2026-02-23T15:20:35.796300Z","8996ece6-f2c1-49c4-aab7-fee6c30f2ca2"
"Object Transfer",710,"1",11,"","2026-02-23T15:22:53.177130Z",710,137.023,"#C C takes the noodles from the drawer","Logistics/Setup step.","r001","Cooking","silver","Gold","",54.0699096,"2026-02-23T15:22:53.177150Z","8d27f903-5c76-4a63-9d0b-2ff2d29ae9a9"
"Stationary",711,"1",11,"Essential Operation","2026-02-23T15:23:03.962658Z",711,10.361,"#C C shakes #unsure","[CtxFixed] Shaking an object is a stationary action as it involves holding and moving the object in place without changing location.","r001","Cooking","silver","Bad","",205.8990796,"2026-02-23T15:23:03.962674Z","8d27f903-5c76-4a63-9d0b-2ff2d29ae9a9"
"Essential Operation",712,"1",11,"Object Transfer","2026-02-23T15:33:15.572699Z",712,611.235,"#C C pours water in the noodles","Core task, high hand activity.","r001","Cooking","silver","Gold","",253.2613696,"2026-02-23T15:33:15.572715Z","8d27f903-5c76-4a63-9d0b-2ff2d29ae9a9"
"Object Transfer",713,"1",11,"","2026-02-23T15:33:19.923954Z",713,3.767,"#C C puts the polythene on the table","Logistics step involving moving an object to a location.","r001","Cooking","silver","Gold","",286.6948609546634,"2026-02-23T15:33:19.923975Z","8d27f903-5c76-4a63-9d0b-2ff2d29ae9a9"
"Object Transfer",714,"1",11,"","2026-02-23T15:33:22.928734Z",714,2.607,"#C C takes the fork from the glass","Logistics/Setup step.","r001","Cooking","silver","Gold","",411.1284409546634,"2026-02-23T15:33:22.928749Z","8d27f903-5c76-4a63-9d0b-2ff2d29ae9a9"
"Object Transfer",715,"1",11,"","2026-02-23T15:33:27.295050Z",715,3.995,"#C C takes the glass with the drink from the table","Logistics step, moving an object from one place to another.","r001","Cooking","silver","Gold","",946.2631142879968,"2026-02-23T15:33:27.295072Z","8d27f903-5c76-4a63-9d0b-2ff2d29ae9a9"
"Essential Operation",716,"1",11,"","2026-02-23T15:33:31.572214Z",716,3.916,"#C C mixes food with the fork","Core manual task involving high hand activity.","r001","Cooking","silver","Gold","",957.7955742879968,"2026-02-23T15:33:31.572234Z","8d27f903-5c76-4a63-9d0b-2ff2d29ae9a9"
"Essential Operation",717,"1",11,"Object Transfer","2026-02-23T15:33:37.535129Z",717,5.64,"#C C pours the drink in the glass","Core task involving hand activity, pouring the drink.","r001","Cooking","silver","Gold","",1155.4858942879969,"2026-02-23T15:33:37.535144Z","8d27f903-5c76-4a63-9d0b-2ff2d29ae9a9"
"Stationary",718,"1",11,"","2026-02-23T15:44:57.718756Z",718,679.841,"#C C eats the noodle with the spoon","Eating involves minimal movement, primarily hand and mouth activity with little to no body motion.","r001","Cooking","silver","Gold","",1213.341244287997,"2026-02-23T15:44:57.718769Z","8d27f903-5c76-4a63-9d0b-2ff2d29ae9a9"
"Stationary",719,"1",11,"","2026-02-23T15:45:00.638111Z",719,2.447,"#C C drinks the soda from the glass","Drinking is a low-energy activity with minimal body or hand motion.","r001","Cooking","silver","Gold","",1485.7497242879967,"2026-02-23T15:45:00.638127Z","8d27f903-5c76-4a63-9d0b-2ff2d29ae9a9"
"Stationary",720,"1",11,"","2026-02-23T15:45:04.518189Z",720,3.378,"#C C watches movie on the phone","Low body/hand motion, focused attention.","r001","Cooking","silver","Gold","",1692.7532242879968,"2026-02-23T15:45:04.518203Z","8d27f903-5c76-4a63-9d0b-2ff2d29ae9a9"
"Object Transfer",721,"1",11,"","2026-02-23T15:45:07.407772Z",721,2.524,"#C C takes the phone from the table","Logistics/Setup step involving picking up an object.","r001","Cooking","silver","Gold","",1869.966964287997,"2026-02-23T15:45:07.407788Z","8d27f903-5c76-4a63-9d0b-2ff2d29ae9a9"
"Stationary",722,"1",11,"Object Transfer","2026-02-23T15:45:14.235246Z",722,6.496,"#C C takes a drink","Low body/hand motion, mostly drinking.","r001","Cooking","silver","Bad","",2197.471614287997,"2026-02-23T15:45:14.235260Z","8d27f903-5c76-4a63-9d0b-2ff2d29ae9a9"
"Object Transfer",723,"1",11,"","2026-02-23T15:45:17.211225Z",723,2.628,"#C C picks a can from the table","Logistics step involving picking up an object.","r001","Cooking","silver","Gold","",2244.809854287997,"2026-02-23T15:45:17.211247Z","8d27f903-5c76-4a63-9d0b-2ff2d29ae9a9"
"Stationary",724,"1",11,"Object Transfer","2026-02-23T15:45:23.225553Z",724,5.674,"#C C puts the button down","The action describes a static interaction with the instrument, indicating low energy and motion.","r001","Playing Instrument","silver","Bad","",6.2079186,"2026-02-23T15:45:23.225570Z","92075d1b-c78b-483a-9a7f-e03fec7f5129"
"Essential Operation",725,"1",11,"","2026-02-23T15:45:43.589064Z",725,20.006,"#O Woman S picks a button","Core task involving fine hand movements.","r001","Playing Instrument","silver","","Skip",8.8189986,"2026-02-23T15:45:43.589090Z","92075d1b-c78b-483a-9a7f-e03fec7f5129"
"Stationary",726,"1",11,"Object Transfer","2026-02-23T15:45:53.116963Z",726,4.713,"#C C moves a button","Moving a button is a small, localized action that does not involve significant body or hand motion.","r001","Playing Instrument","silver","Bad","",11.7386086,"2026-02-23T15:45:53.116976Z","92075d1b-c78b-483a-9a7f-e03fec7f5129"
"Stationary",727,"1",11,"","2026-02-23T15:45:57.935392Z",727,4.499,"#O Woman S picks a button","Picking a button is a minor action that likely involves minimal movement.","r001","Playing Instrument","silver","","Skip",18.6721186,"2026-02-23T15:45:57.935409Z","92075d1b-c78b-483a-9a7f-e03fec7f5129"
"Stationary",728,"1",11,"Object Transfer","2026-02-23T15:46:02.140802Z",728,3.784,"#O Woman S moves a button","The action 'moves a button' is likely a minor adjustment and does not involve significant body or hand movement.","r001","Playing Instrument","silver","Bad","",49.3306386,"2026-02-23T15:46:02.140823Z","92075d1b-c78b-483a-9a7f-e03fec7f5129"
"Object Transfer",729,"1",11,"","2026-02-23T15:46:04.878165Z",729,2.385,"#C C lifts a button","Action involves picking up or pressing a button, which is a logistics step.","r001","Playing Instrument","silver","Gold","",274.4011986,"2026-02-23T15:46:04.878186Z","92075d1b-c78b-483a-9a7f-e03fec7f5129"
"Search",730,"1",11,"","2026-02-23T15:46:07.579074Z",730,2.37,"#C C looks at the board","Head movement (visual inspection), hands mostly still.","r001","Playing Instrument","silver","Gold","",611.6668231247533,"2026-02-23T15:46:07.579091Z","92075d1b-c78b-483a-9a7f-e03fec7f5129"
"Essential Operation",890,"1",11,"","2026-02-24T06:23:26.793767Z",731,5.789,"#O Woman S moves hand","Core task involving high hand activity, likely playing the instrument.","r001","Playing Instrument","silver","","Skip",766.4428031247533,"2026-02-24T06:23:26.793781Z","92075d1b-c78b-483a-9a7f-e03fec7f5129"
"Object Transfer",891,"1",11,"","2026-02-24T06:23:30.501287Z",732,3.218,"#O Woman S puts the button down","Logistics/Setup step, putting the button down.","r001","Playing Instrument","silver","Gold","",775.0422931247532,"2026-02-24T06:23:30.501304Z","92075d1b-c78b-483a-9a7f-e03fec7f5129"
"Object Transfer",892,"1",11,"","2026-02-24T06:23:36.031972Z",733,5.208,"#C C puts the piece on top of another piece","Logistics step involving picking up and placing an object.","r001","Playing Instrument","silver","Gold","",870.7588661585938,"2026-02-24T06:23:36.031989Z","92075d1b-c78b-483a-9a7f-e03fec7f5129"
"Stationary",893,"1",11,"Object Transfer","2026-02-24T06:23:49.692506Z",734,13.282,"#C C moves the pieces","The action 'moves the pieces' is not specific enough to determine if it involves high body acceleration, high hand acceleration, or any other distinct motion signature. It could imply a gentle movement which is more aligned with a stationary action.","r001","Playing Instrument","silver","Bad","",877.3681361585939,"2026-02-24T06:23:49.692527Z","92075d1b-c78b-483a-9a7f-e03fec7f5129"
"Essential Operation",894,"1",11,"","2026-02-24T06:23:55.923028Z",735,5.882,"#O woman X plays the draught","Core task involving manual dexterity and hand movements.","r001","Playing Instrument","silver","Gold","",914.4892761585938,"2026-02-24T06:23:55.923060Z","92075d1b-c78b-483a-9a7f-e03fec7f5129"
"Essential Operation",895,"1",11,"","2026-02-24T06:23:58.856406Z",736,2.435,"#C C plays the draught","Core task involving fine hand movements.","r001","Playing Instrument","silver","Gold","",939.8166561585938,"2026-02-24T06:23:58.856435Z","92075d1b-c78b-483a-9a7f-e03fec7f5129"
"Stationary",896,"1",11,"Essential Operation","2026-02-24T06:24:06.719665Z",737,7.404,"#C C turns on the laundry machine","Turning on a machine is a low-energy action, typically performed while standing still.","r001","Cleaning","silver","Bad","",216.6290286,"2026-02-24T06:24:06.719681Z","9277371e-6930-4016-80d3-13b1c0c08683"
"Object Transfer",897,"1",11,"","2026-02-24T06:24:11.670205Z",738,4.599,"#C C puts the basket on the table","Logistics step involving moving the basket to the table.","r001","Cleaning","silver","Gold","",240.5943386,"2026-02-24T06:24:11.670222Z","9277371e-6930-4016-80d3-13b1c0c08683"
"Object Transfer",898,"1",11,"","2026-02-24T06:24:14.329325Z",739,2.319,"#C C puts the clothe in the basket","Logistics step involving moving the cloth to the basket.","r001","Cleaning","silver","Gold","",272.41002860000003,"2026-02-24T06:24:14.329350Z","9277371e-6930-4016-80d3-13b1c0c08683"
"Locomotion",899,"1",11,"","2026-02-24T06:24:18.245440Z",740,3.281,"#C C runs on the sidewalk of the street road","Body moving through space with high body acceleration.","r001","Walking Outdoors","silver","Gold","",353.11547,"2026-02-24T06:24:18.245456Z","938e5a85-89e5-4179-bd9c-925a1aed45a9"
"Stationary",900,"1",11,"Search","2026-02-24T06:24:24.774715Z",741,6.228,"#C C stares on the big desktop","Low body/hand motion, focused gaze.","r001","Desk Work","silver","Bad","",429.4064152666666,"2026-02-24T06:24:24.774731Z","94f3b349-00ff-4fb9-8b37-af09ea545457"
"Stationary",901,"1",11,"Search","2026-02-24T06:24:30.065127Z",742,4.956,"#C C stares at the small desktop","Low body/hand motion, focused gaze.","r001","Desk Work","silver","Bad","",519.2432452666667,"2026-02-24T06:24:30.065139Z","94f3b349-00ff-4fb9-8b37-af09ea545457"
"Search",902,"1",11,"","2026-02-24T06:24:34.561604Z",743,4.15,"#C C looks at the other laptop","Head movement (visual inspection), passive hands.","r001","Desk Work","silver","Gold","",566.1133319333333,"2026-02-24T06:24:34.561615Z","94f3b349-00ff-4fb9-8b37-af09ea545457"
"Search",903,"1",11,"","2026-02-24T06:24:40.899287Z",744,4.915,"#C C reads from a desktop screen","Head movement (visual search), hands mostly still.","r001","Desk Work","silver","Gold","",2190.559375266667,"2026-02-24T06:24:40.899313Z","94f3b349-00ff-4fb9-8b37-af09ea545457"
"Stationary",904,"1",11,"","2026-02-24T06:24:43.792298Z",745,2.592,"#C C holds phone in the right hand","Low body/hand motion, holding an object without movement.","r001","Desk Work","silver","Gold","",2509.533515266667,"2026-02-24T06:24:43.792313Z","94f3b349-00ff-4fb9-8b37-af09ea545457"
"Stationary",905,"1",11,"Essential Operation","2026-02-24T06:24:51.670335Z",746,9.424999999999999,"#C C operates desktop computer","Low body/hand motion, primarily focused activity.","r001","Desk Work","silver","Bad","",2561.5063652666668,"2026-02-24T06:24:53.709845Z","94f3b349-00ff-4fb9-8b37-af09ea545457"
"Essential Operation",906,"1",11,"","2026-02-24T12:19:33.185884Z",747,6.66,"#C C types in a room","Core manual task involving high hand activity.","r001","Desk Work","silver","Gold","",3345.1039486000004,"2026-02-24T12:19:33.185915Z","94f3b349-00ff-4fb9-8b37-af09ea545457"
"Essential Operation",907,"1",11,"","2026-02-24T12:19:38.620621Z",748,4.29,"#C C uses the keyboard","Core task involving high hand activity.","r001","Desk Work","silver","Gold","",3724.5686786,"2026-02-24T12:19:38.620635Z","94f3b349-00ff-4fb9-8b37-af09ea545457"
"Object Transfer",908,"1",11,"","2026-02-24T12:19:42.114406Z",749,2.837,"#c c picks up the shuttlecock","Logistics/Setup step involving picking up an object.","r001","Playing Instrument","silver","Gold","",668.3748333333333,"2026-02-24T12:19:42.114422Z","9632b0a9-cf21-4773-b95b-83aae9a23d0a"
"Stationary",909,"1",11,"Essential Operation","2026-02-24T12:19:52.946235Z",750,10.329,"#c c plays the badminton","The action description seems incorrect or unrelated to playing an instrument. Assuming it means playing a stationary instrument, there would be low body/hand motion.","r001","Playing Instrument","silver","Bad","",1160.0507766666667,"2026-02-24T12:19:52.946258Z","9632b0a9-cf21-4773-b95b-83aae9a23d0a"
"Locomotion",910,"1",11,"Essential Operation","2026-02-24T12:20:03.853549Z",751,10.084,"#c c plays badminton","Body moving through space (playing badminton involves movement).","r001","Playing Instrument","silver","Gold","",1381.5134466666666,"2026-02-24T12:20:03.853564Z","9632b0a9-cf21-4773-b95b-83aae9a23d0a"
"Object Transfer",911,"1",11,"","2026-02-24T12:20:08.719454Z",752,4.366,"#c c picks up the shuttle cock on floor","Logistics step involving picking up an object.","r001","Playing Instrument","silver","Gold","",2455.151213333333,"2026-02-24T12:20:08.719479Z","9632b0a9-cf21-4773-b95b-83aae9a23d0a"
"Object Transfer",912,"1",11,"","2026-02-24T12:20:11.930790Z",753,2.583,"#OO picks shuttle","The action involves picking up an object, which is a logistics step.","r001","Playing Instrument","silver","Gold","",3529.3135800000005,"2026-02-24T12:20:11.930811Z","9632b0a9-cf21-4773-b95b-83aae9a23d0a"
"Essential Operation",913,"1",11,"Stationary","2026-02-24T12:20:20.299274Z",754,7.958,"#C C holds the screwdriver with his right hand.","Core manual task involving high hand activity.","r001","Mechanical Repair","silver","Bad","",5.93237,"2026-02-24T12:20:20.299293Z","96ab5d66-36b6-4d07-a3d5-c935d40ba2e1"
"Essential Operation",731,"1",11,"","2026-02-23T15:46:14.241905Z",755,6.313,"#C C hits the screw on the motorcycle with his left hand.","Core task involving high hand activity.","r001","Mechanical Repair","silver","Gold","",10.65019,"2026-02-23T15:46:14.241917Z","96ab5d66-36b6-4d07-a3d5-c935d40ba2e1"
"Object Transfer",732,"1",11,"","2026-02-23T15:46:22.946742Z",756,8.301,"#C C picks the screw from an auto lift with his left hand.","Logistics step involving picking up an object.","r001","Mechanical Repair","silver","Gold","",24.53632,"2026-02-23T15:46:22.946755Z","96ab5d66-36b6-4d07-a3d5-c935d40ba2e1"
"Essential Operation",733,"1",11,"","2026-02-23T15:46:28.152252Z",757,4.87,"#C C screws the screw unto the motorcycle with the screwdriver in his right hand.","Core manual task involving high hand activity.","r001","Mechanical Repair","silver","Gold","",30.24589,"2026-02-23T15:46:28.152270Z","96ab5d66-36b6-4d07-a3d5-c935d40ba2e1"
"Object Transfer",734,"1",11,"","2026-02-23T15:46:32.702349Z",758,4.227,"#C C places the screw on the screwdriver with his left hand.","Placing the screw on the screwdriver involves logistics and setup.","r001","Mechanical Repair","silver","Gold","",43.96758,"2026-02-23T15:46:32.702363Z","96ab5d66-36b6-4d07-a3d5-c935d40ba2e1"
"Object Transfer",735,"1",11,"","2026-02-23T15:46:38.993109Z",759,5.989,"#C C picks another screw from the auto lift with his left hand.","Logistics step involving picking up an object.","r001","Mechanical Repair","silver","Gold","",71.55511,"2026-02-23T15:46:38.993126Z","96ab5d66-36b6-4d07-a3d5-c935d40ba2e1"
"Essential Operation",736,"1",11,"","2026-02-23T15:46:45.529342Z",760,6.231,"#C C screws the screw unto the motorcycle with the screwdriver in both hands.","Core manual task involving high hand activity.","r001","Mechanical Repair","silver","Gold","",154.50411,"2026-02-23T15:46:45.529354Z","96ab5d66-36b6-4d07-a3d5-c935d40ba2e1"
"Essential Operation",737,"1",11,"","2026-02-23T15:46:52.061358Z",761,6.229,"#C C fits the plastic piece of the motorcycle on the motorcycle with his right hand.","Core manual task, high hand activity.","r001","Mechanical Repair","silver","Gold","",187.86908,"2026-02-23T15:46:52.061377Z","96ab5d66-36b6-4d07-a3d5-c935d40ba2e1"
"Essential Operation",738,"1",11,"Stationary","2026-02-23T15:46:57.874723Z",762,5.422,"#C C holds the screw with his left hand.","Core task, high hand activity.","r001","Mechanical Repair","silver","Bad","",196.00529,"2026-02-23T15:46:57.874740Z","96ab5d66-36b6-4d07-a3d5-c935d40ba2e1"
"Object Transfer",739,"1",11,"","2026-02-23T15:47:09.297606Z",763,11.068,"#C C picks the first screwdriver from the auto lift with his right hand.","Logistics step, picking up an object.","r001","Mechanical Repair","silver","Gold","",227.91187,"2026-02-23T15:47:09.297635Z","96ab5d66-36b6-4d07-a3d5-c935d40ba2e1"
"Essential Operation",740,"1",11,"","2026-02-23T15:47:18.599682Z",764,9.005,"#C C removes the screw from the motorcycle with his left hand","Core manual task involving high hand activity.","r001","Mechanical Repair","silver","Gold","",312.22772,"2026-02-23T15:47:18.599695Z","96ab5d66-36b6-4d07-a3d5-c935d40ba2e1"
"Object Transfer",741,"1",11,"","2026-02-23T15:47:23.692122Z",765,4.803,"#C C puts the screwdriver on another screw in the motorcycle with his right hand","The action involves moving an object (screwdriver) to another location, which is a logistics step.","r001","Mechanical Repair","silver","Gold","",331.34013,"2026-02-23T15:47:23.692135Z","96ab5d66-36b6-4d07-a3d5-c935d40ba2e1"
"Object Transfer",742,"1",11,"Essential Operation","2026-02-23T15:47:52.697229Z",766,28.694,"#C C removes an engine cover of the motorcycle with his hands","Logistics step involving the removal of an object.","r001","Mechanical Repair","silver","Gold","",346.99427000000003,"2026-02-23T15:47:52.697243Z","96ab5d66-36b6-4d07-a3d5-c935d40ba2e1"
"Stationary",743,"1",11,"","2026-02-23T15:47:58.731259Z",767,5.48,"#C C puts his right hand on a steel vice","The action involves a static interaction with an object, indicating low energy and motion.","r001","Mechanical Repair","silver","Gold","",356.60915,"2026-02-23T15:47:58.731275Z","96ab5d66-36b6-4d07-a3d5-c935d40ba2e1"
"Object Transfer",744,"1",11,"","2026-02-23T15:48:03.354181Z",768,4.307,"#C C picks a socket drive with his left hand","Logistics step involving picking up an object.","r001","Mechanical Repair","silver","Gold","",356.92535,"2026-02-23T15:48:03.354199Z","96ab5d66-36b6-4d07-a3d5-c935d40ba2e1"
"Essential Operation",745,"1",11,"","2026-02-23T15:48:07.099637Z",769,3.391,"#C C shakes the can of lubricant in his right hand.","[CtxFixed] Shaking the can of lubricant is a preparatory step before using the lubricant, which is part of the essential operation of repairing the bicycle wheel.","r001","Mechanical Repair","silver","Gold","",25.23933,"2026-02-23T15:48:07.099650Z","98dc31a1-edbb-42d6-8d1c-0b43fe6f9c28"
"Object Transfer",746,"1",11,"","2026-02-23T15:48:14.654220Z",770,7.196,"#C C picks a bottle of oil stain remover from the work bench with his left hand. #Unsure","The action involves picking up an object, which is a logistics step.","r001","Mechanical Repair","silver","Gold","",89.47338,"2026-02-23T15:48:14.654237Z","98dc31a1-edbb-42d6-8d1c-0b43fe6f9c28"
"Object Transfer",747,"1",11,"","2026-02-23T15:48:19.262293Z",771,3.565,"#C C returns the screwdriver to the rack with his right hand.","Logistics step, putting down an object.","r001","Mechanical Repair","silver","Gold","",112.56532,"2026-02-23T15:48:19.262307Z","98dc31a1-edbb-42d6-8d1c-0b43fe6f9c28"
"Essential Operation",748,"1",11,"","2026-02-23T15:49:48.407938Z",772,88.819,"#C C inserts the bolt into the bicycle head tube with his right hand.","Core manual task involving precise hand movements.","r001","Mechanical Repair","silver","Gold","",152.06101,"2026-02-23T15:49:48.407951Z","98dc31a1-edbb-42d6-8d1c-0b43fe6f9c28"
"Essential Operation",749,"1",11,"","2026-02-23T15:49:56.013609Z",773,3.833,"#O man X repairs the bicycle wheel on the work bench.","Core manual task involving hands, likely high hand acceleration.","r001","Mechanical Repair","silver","Gold","",166.56777,"2026-02-23T15:49:56.013622Z","98dc31a1-edbb-42d6-8d1c-0b43fe6f9c28"
"Essential Operation",750,"1",11,"","2026-02-23T15:50:00.352485Z",774,3.97,"#C C pokes the bicycle head tube with the screw in his right hand.","Core manual task involving high hand activity.","r001","Mechanical Repair","silver","Gold","",173.0651,"2026-02-23T15:50:00.352501Z","98dc31a1-edbb-42d6-8d1c-0b43fe6f9c28"
"Object Transfer",751,"1",11,"","2026-02-23T15:50:04.283791Z",775,3.578,"#C C passes the phone in his left hand to his right hand.","Passing an object, involves short bursts of hand acceleration.","r001","Mechanical Repair","silver","Gold","",265.67903,"2026-02-23T15:50:04.283812Z","98dc31a1-edbb-42d6-8d1c-0b43fe6f9c28"
"Essential Operation",752,"1",11,"","2026-02-23T15:50:10.422825Z",776,5.048,"#C C turns the spanner with his left hand.","Core manual task involving high hand activity.","r001","Mechanical Repair","silver","Gold","",305.91896,"2026-02-23T15:50:10.422841Z","98dc31a1-edbb-42d6-8d1c-0b43fe6f9c28"
"Essential Operation",753,"1",11,"","2026-02-23T15:50:14.784658Z",777,4.003,"#C C hits the steel bar with the hammer in his right hand.","Core task involving high hand activity and forceful motion.","r001","Mechanical Repair","silver","Gold","",314.80126,"2026-02-23T15:50:14.784677Z","98dc31a1-edbb-42d6-8d1c-0b43fe6f9c28"
"Object Transfer",754,"1",11,"","2026-02-23T15:50:18.839943Z",778,3.746,"#C C puts the steel bar on the workshop table with the spanner in his left hand.","The action involves moving an object to a specific location, which is a logistics step.","r001","Mechanical Repair","silver","Gold","",318.29678,"2026-02-23T15:50:18.839960Z","98dc31a1-edbb-42d6-8d1c-0b43fe6f9c28"
"Essential Operation",755,"1",11,"","2026-02-23T15:59:47.862834Z",779,567.13,"#C C welds the brake on the clamp with the welding saw in both hands.","Core manual task involving high hand activity.","r001","Mechanical Repair","silver","Gold","",474.59268,"2026-02-23T15:59:47.862846Z","98dc31a1-edbb-42d6-8d1c-0b43fe6f9c28"
"Object Transfer",756,"1",11,"","2026-02-23T15:59:53.278723Z",780,5.035,"#C C places the welding saw on the workshop table with his right hand.","Logistics step involving placing an object.","r001","Mechanical Repair","silver","Gold","",491.08176,"2026-02-23T15:59:53.278753Z","98dc31a1-edbb-42d6-8d1c-0b43fe6f9c28"
"Essential Operation",757,"1",11,"","2026-02-23T15:59:56.622511Z",781,2.981,"#C C wipes the brake with his right hand.","Core task involving high hand activity.","r001","Mechanical Repair","silver","Gold","",497.50609,"2026-02-23T15:59:56.622528Z","98dc31a1-edbb-42d6-8d1c-0b43fe6f9c28"
"Object Transfer",758,"1",11,"","2026-02-23T15:59:59.708284Z",782,2.76,"#C C picks a brake from the floor with his right hand.","Logistics step, picking up an object.","r001","Mechanical Repair","silver","Gold","",532.0576546666667,"2026-02-23T15:59:59.708302Z","98dc31a1-edbb-42d6-8d1c-0b43fe6f9c28"
"Object Transfer",759,"1",11,"","2026-02-23T16:00:02.835225Z",783,2.638,"#C C picks the angle grinder from the work bench with his left hand.","Logistics action of picking up an object.","r001","Mechanical Repair","silver","Gold","",593.0241166666667,"2026-02-23T16:00:02.835253Z","98dc31a1-edbb-42d6-8d1c-0b43fe6f9c28"
"Object Transfer",760,"1",11,"","2026-02-23T16:00:07.741584Z",784,4.597,"#C C places the bolt in his right hand beside the bolt in his left hand.","Movement of the bolt from one hand to another, logistics step.","r001","Mechanical Repair","silver","Gold","",722.9824666666667,"2026-02-23T16:00:07.741603Z","98dc31a1-edbb-42d6-8d1c-0b43fe6f9c28"
"Stationary",914,"1",11,"","2026-02-24T12:20:27.700545Z",785,6.92,"#C C hold the bolt with both hands.","Low body/hand motion, holding an object.","r001","Mechanical Repair","silver","Gold","",798.1424266666667,"2026-02-24T12:20:27.700562Z","98dc31a1-edbb-42d6-8d1c-0b43fe6f9c28"
"Object Transfer",915,"1",11,"","2026-02-24T12:20:34.709247Z",786,6.466,"#C C drops the bolt in his right hand on the work bench.","[CtxFixed] The action of dropping the bolt on the workbench is a deliberate placement, indicating that the bolt is being transferred to a specific location on the workbench.","r001","Mechanical Repair","silver","Gold","",824.0627066666666,"2026-02-24T12:20:34.709262Z","98dc31a1-edbb-42d6-8d1c-0b43fe6f9c28"
"Object Transfer",916,"1",11,"Essential Operation","2026-02-24T12:20:47.688092Z",787,12.372,"#c c opens jug","Logistics/Setup step involving picking up or opening an object.","r001","Desk Work","silver","Bad","",24.016599600000003,"2026-02-24T12:20:47.688109Z","9a4ed30a-1535-4eaa-b9dc-40437b77f852"
"Essential Operation",917,"1",11,"","2026-02-24T12:20:51.805533Z",788,3.079,"#c c shakes jug","[CtxFixed] Shaking a jug is typically part of a cleaning or preparation process, which falls under essential operations.","r001","Desk Work","silver","Gold","",142.7021896,"2026-02-24T12:20:51.805550Z","9a4ed30a-1535-4eaa-b9dc-40437b77f852"
"Essential Operation",918,"1",11,"","2026-02-24T12:20:58.260652Z",789,5.832,"#c c presses sieve","Core manual task, high hand activity.","r001","Desk Work","silver","Gold","",212.4160796,"2026-02-24T12:20:58.260679Z","9a4ed30a-1535-4eaa-b9dc-40437b77f852"
"Essential Operation",919,"1",11,"","2026-02-24T12:21:03.903190Z",790,5.019,"#c c hangs sieve","Core task involving manipulation, high hand activity.","r001","Desk Work","silver","Gold","",220.1471696,"2026-02-24T12:21:03.903203Z","9a4ed30a-1535-4eaa-b9dc-40437b77f852"
"Stationary",920,"1",11,"","2026-02-24T12:21:08.849908Z",791,4.472,"#c c touches weighing scale button","Low body/hand motion, likely involves pressing a button which is a minor action.","r001","Desk Work","silver","Gold","",287.6593409546634,"2026-02-24T12:21:08.849922Z","9a4ed30a-1535-4eaa-b9dc-40437b77f852"
"Object Transfer",921,"1",11,"","2026-02-24T12:21:13.440270Z",792,4.014,"#c c closes bucket","Closing an object is a logistics step involving a short burst of hand activity.","r001","Desk Work","silver","Gold","",298.2422009546634,"2026-02-24T12:21:13.440286Z","9a4ed30a-1535-4eaa-b9dc-40437b77f852"
"Essential Operation",922,"1",11,"","2026-02-24T12:21:15.939580Z",793,1.98,"#c c folds packet","Core manual task involving high hand activity.","r001","Desk Work","silver","Gold","",320.4688909546634,"2026-02-24T12:21:15.939607Z","9a4ed30a-1535-4eaa-b9dc-40437b77f852"
"Object Transfer",923,"1",11,"","2026-02-24T12:21:20.618815Z",794,4.099,"#c c moves cup","Logistics step involving moving an object (cup).","r001","Desk Work","silver","Gold","",488.4193509546634,"2026-02-24T12:21:20.618832Z","9a4ed30a-1535-4eaa-b9dc-40437b77f852"
"Object Transfer",924,"1",11,"","2026-02-24T12:21:25.780466Z",795,4.639,"#c c puts brush on the sink","Logistics/Setup step involving placing an object.","r001","Desk Work","silver","Gold","",560.6200809546634,"2026-02-24T12:21:25.780485Z","9a4ed30a-1535-4eaa-b9dc-40437b77f852"
"Object Transfer",925,"1",11,"","2026-02-24T12:21:29.592432Z",796,3.322,"#c c takes washing sponge","Logistics/Setup step.","r001","Desk Work","silver","Gold","",586.3467809546634,"2026-02-24T12:21:29.592448Z","9a4ed30a-1535-4eaa-b9dc-40437b77f852"
"Essential Operation",926,"1",11,"","2026-02-24T12:21:33.301921Z",797,3.192,"#c c presses soap","Core manual task involving pressing soap, high hand activity.","r001","Desk Work","silver","Gold","",662.9617509546634,"2026-02-24T12:21:33.301940Z","9a4ed30a-1535-4eaa-b9dc-40437b77f852"
"Essential Operation",927,"1",11,"","2026-02-24T12:21:39.663407Z",798,5.791,"#c c presses washing sponge","Core manual task involving hand activity.","r001","Desk Work","silver","Gold","",744.3280256213301,"2026-02-24T12:21:39.663422Z","9a4ed30a-1535-4eaa-b9dc-40437b77f852"
"Object Transfer",928,"1",11,"","2026-02-24T12:21:55.791666Z",799,15.458,"#c c puts washing sponge on the sink","Logistics/Setup step involving picking up and placing an object.","r001","Desk Work","silver","Gold","",745.2769256213301,"2026-02-24T12:21:55.791682Z","9a4ed30a-1535-4eaa-b9dc-40437b77f852"
"Object Transfer",929,"1",11,"Stationary","2026-02-24T12:22:03.423162Z",800,7.169,"#c c touches jug lid","Logistics step involving interaction with an object.","r001","Desk Work","silver","Bad","",836.8209576213301,"2026-02-24T12:22:03.423175Z","9a4ed30a-1535-4eaa-b9dc-40437b77f852"
"Essential Operation",930,"1",11,"","2026-02-24T12:22:13.838685Z",801,5.441,"#c c presses weighing scale","Core task involving high hand activity.","r001","Desk Work","silver","Gold","",848.54630762133,"2026-02-24T12:22:13.838698Z","9a4ed30a-1535-4eaa-b9dc-40437b77f852"
"Object Transfer",931,"1",11,"Stationary","2026-02-24T12:22:22.778284Z",802,8.496,"#c c touches thermos bucket tap","Logistics step involving interaction with an object.","r001","Desk Work","silver","Bad","",1355.47701762133,"2026-02-24T12:22:22.778309Z","9a4ed30a-1535-4eaa-b9dc-40437b77f852"
"Object Transfer",932,"1",11,"Essential Operation","2026-02-24T12:22:49.054419Z",803,25.846,"#c c closes brush","Logistics step involving putting away an object.","r001","Desk Work","silver","Bad","",1365.26941762133,"2026-02-24T12:22:49.054435Z","9a4ed30a-1535-4eaa-b9dc-40437b77f852"
"Essential Operation",933,"1",11,"","2026-02-24T12:55:48.121902Z",804,1978.501,"#c c scoops cream","Core manual task involving high hand activity.","r001","Desk Work","silver","Gold","",1487.805772287997,"2026-02-24T12:55:48.121914Z","9a4ed30a-1535-4eaa-b9dc-40437b77f852"
"Essential Operation",934,"1",11,"","2026-02-24T12:55:52.383502Z",805,3.559,"#c c wipes table with towel","Core manual task involving high hand activity.","r001","Desk Work","silver","Gold","",1552.457872287997,"2026-02-24T12:55:52.383513Z","9a4ed30a-1535-4eaa-b9dc-40437b77f852"
"Object Transfer",935,"1",11,"","2026-02-24T12:55:55.841601Z",806,2.773,"#c c takes jug lid","Logistics/Setup step involving picking up an object.","r001","Desk Work","silver","Gold","",1628.2781022879967,"2026-02-24T12:55:55.841621Z","9a4ed30a-1535-4eaa-b9dc-40437b77f852"
"Stationary",936,"1",11,"","2026-02-24T12:56:00.449290Z",807,4.1,"#C C holds the papers in his hands","The action describes holding papers, which involves low body and hand motion.","r001","Walking Outdoors","silver","Gold","",1129.8164933333333,"2026-02-24T12:56:00.449307Z","9a5734df-04c0-467c-8e8c-8e1247653964"
"Essential Operation",761,"1",11,"","2026-02-23T16:00:12.826974Z",808,4.726,"#C C staples the papers together","Core manual task, high hand activity.","r001","Walking Outdoors","silver","Gold","",1200.146973333333,"2026-02-23T16:00:12.826989Z","9a5734df-04c0-467c-8e8c-8e1247653964"
"Essential Operation",762,"1",11,"","2026-02-23T16:00:22.725376Z",809,9.044,"#C C flips the papers","[CtxFixed] The action of flipping papers is a repetitive and deliberate action that is likely part of a larger task such as organizing documents or reading through papers. It does not fit into the categories of locomotion, object transfer, search, or stationary, and it is not an error or correction.","r001","Walking Outdoors","silver","Gold","",1250.0270433333333,"2026-02-23T16:00:22.725392Z","9a5734df-04c0-467c-8e8c-8e1247653964"
"Stationary",763,"1",11,"Essential Operation","2026-02-23T16:00:33.567390Z",810,12.923,"#C C dials his phone","The action involves a hand movement but is likely performed while standing or paused, indicating low overall body motion.","r001","Walking Outdoors","silver","Bad","",1568.4078333333332,"2026-02-23T16:00:42.793444Z","9a5734df-04c0-467c-8e8c-8e1247653964"
"Essential Operation",764,"1",11,"Object Transfer","2026-02-23T16:01:04.139228Z",811,20.286,"#C C pulls the wood saw machine cable.","Core task involving manual operation with high hand activity.","r001","Carpentry","silver","Gold","",129.1718296,"2026-02-23T16:01:04.139242Z","9fd1b645-da67-4fb1-8615-952a37bc7728"
"Stationary",765,"1",11,"","2026-02-23T16:01:17.288567Z",812,12.812,"#C C places both hands on the wood.","Low body/hand motion, indicating a preparatory or holding position.","r001","Carpentry","silver","Gold","",151.2900896,"2026-02-23T16:01:17.288580Z","9fd1b645-da67-4fb1-8615-952a37bc7728"
"Stationary",766,"1",11,"","2026-02-23T16:01:20.037217Z",813,2.391,"#C C places his left hand on the wood.","The action describes a stable, non-moving position with the hand on the wood.","r001","Carpentry","silver","Gold","",169.4116496,"2026-02-23T16:01:20.037243Z","9fd1b645-da67-4fb1-8615-952a37bc7728"
"Stationary",767,"1",11,"","2026-02-23T16:01:22.632715Z",814,2.26,"#C C adjusts his body","Adjusting body position typically involves minimal movement and is more about positioning rather than active motion.","r001","Carpentry","silver","Gold","",258.4492396,"2026-02-23T16:01:22.632732Z","9fd1b645-da67-4fb1-8615-952a37bc7728"
"Object Transfer",768,"1",11,"","2026-02-23T16:01:29.743330Z",815,6.818,"#C C places the plank in his right hand on the floor","Logistics of moving an object from hand to the floor.","r001","Carpentry","silver","Gold","",351.9384809546634,"2026-02-23T16:01:29.743347Z","9fd1b645-da67-4fb1-8615-952a37bc7728"
"Object Transfer",769,"1",11,"","2026-02-23T16:01:38.791711Z",816,8.681,"#C C picks up the saw with his right hand","Logistics step involving picking up an object.","r001","Carpentry","silver","Gold","",381.4791309546634,"2026-02-23T16:01:38.791746Z","9fd1b645-da67-4fb1-8615-952a37bc7728"
"Search",770,"1",11,"","2026-02-23T16:02:02.953003Z",817,23.821,"#C C moves his left hand along the plank","Movement along the plank suggests a visual or tactile search.","r001","Carpentry","silver","","Skip",406.5525709546634,"2026-02-23T16:02:02.953052Z","9fd1b645-da67-4fb1-8615-952a37bc7728"
"Stationary",771,"1",11,"","2026-02-23T16:02:07.702173Z",818,4.248,"#C C holds the plank with his left hand","Low body/hand motion, holding an object without movement.","r001","Carpentry","silver","Gold","",501.9661609546634,"2026-02-23T16:02:07.702189Z","9fd1b645-da67-4fb1-8615-952a37bc7728"
"Essential Operation",772,"1",11,"","2026-02-23T16:02:10.577012Z",819,2.523,"#C C cuts along the plank with the saw","Core task involving high hand activity with a tool.","r001","Carpentry","silver","Gold","",502.70935095466336,"2026-02-23T16:02:10.577026Z","9fd1b645-da67-4fb1-8615-952a37bc7728"
"Essential Operation",773,"1",11,"","2026-02-23T16:02:13.117872Z",820,2.223,"#C C cuts the plank with the saw","Core task involving high hand activity.","r001","Carpentry","silver","Gold","",509.8510809546634,"2026-02-23T16:02:13.117886Z","9fd1b645-da67-4fb1-8615-952a37bc7728"
"Object Transfer",774,"1",11,"","2026-02-23T16:02:18.093972Z",821,4.57,"#C C places the jigsaw on the wood","Placing an object, involves logistics and setup.","r001","Carpentry","silver","Gold","",565.9615809546634,"2026-02-23T16:02:18.093991Z","9fd1b645-da67-4fb1-8615-952a37bc7728"
"Stationary",775,"1",11,"","2026-02-23T16:02:20.853285Z",822,2.409,"# C c breathes","Breathing does not involve significant body or hand movement.","r001","Desk Work","silver","Gold","",66.9555186,"2026-02-23T16:02:20.853300Z","a1cc6952-7ffe-45e3-9c40-6fdfa331b857"
"Stationary",776,"1",11,"","2026-02-23T16:02:24.931324Z",823,3.659,"# X x talks","Low body/hand motion.","r001","Desk Work","silver","Gold","",269.8424586,"2026-02-23T16:02:24.931335Z","a1cc6952-7ffe-45e3-9c40-6fdfa331b857"
"Locomotion",777,"1",11,"","2026-02-23T16:02:45.348187Z",824,20.076,"#C C does some squatting with the dumbbell","Body movement through space, involving physical activity like squatting.","r001","Desk Work","silver","Gold","",317.3747992543504,"2026-02-23T16:02:45.348197Z","a1cc6952-7ffe-45e3-9c40-6fdfa331b857"
"Search",778,"1",11,"","2026-02-23T16:02:48.243782Z",825,2.512,"#C C inspects the dumbbell","Visual inspection, likely involves head movement and passive hands.","r001","Desk Work","silver","Gold","",454.7786592543504,"2026-02-23T16:02:48.243794Z","a1cc6952-7ffe-45e3-9c40-6fdfa331b857"
"Object Transfer",779,"1",11,"","2026-02-23T16:02:50.491418Z",826,1.963,"#C C puts the dumbbell down","Logistics/Setup step, putting an object down.","r001","Desk Work","silver","Gold","",534.6749792543504,"2026-02-23T16:02:50.491433Z","a1cc6952-7ffe-45e3-9c40-6fdfa331b857"
"Essential Operation",780,"1",11,"","2026-02-23T16:02:53.827010Z",827,3.05,"#c c does exercise with a dumbbells","Core manual task involving high hand activity with the dumbbells.","r001","Desk Work","silver","Gold","",552.8747576136719,"2026-02-23T16:02:53.827029Z","a1cc6952-7ffe-45e3-9c40-6fdfa331b857"
"Object Transfer",781,"1",11,"Essential Operation","2026-02-23T16:02:59.347412Z",828,20.008000000000003,"# C c opens water bottle","Opening a water bottle involves a specific action to manipulate the object.","r001","Desk Work","silver","Gold","",592.7624676136719,"2026-02-23T16:03:14.327209Z","a1cc6952-7ffe-45e3-9c40-6fdfa331b857"
"Locomotion",782,"1",11,"","2026-02-23T16:03:17.240165Z",829,2.452,"# C c walks around","Body moving through space, indicative of walking.","r001","Desk Work","silver","Gold","",606.3781376136719,"2026-02-23T16:03:17.240178Z","a1cc6952-7ffe-45e3-9c40-6fdfa331b857"
"Stationary",783,"1",11,"","2026-02-23T16:03:22.929847Z",830,5.362,"# C c scratches chest","Low body/hand motion, likely idle or seated.","r001","Desk Work","silver","Gold","",809.2824076136719,"2026-02-23T16:03:22.929863Z","a1cc6952-7ffe-45e3-9c40-6fdfa331b857"
"Essential Operation",784,"1",11,"","2026-02-23T16:03:36.700770Z",831,13.427,"#C C touches keyboard","Core manual task involving the keyboard, high hand activity.","r001","Desk Work","silver","","Skip",483.55063,"2026-02-23T16:03:36.700785Z","a44630e0-cc98-438b-8143-2760afe80340"
"Object Transfer",785,"1",11,"","2026-02-23T16:03:40.227956Z",832,3.178,"#C C takes #unsure from the fridge","Logistics step of taking an item from a location.","r001","Desk Work","silver","Gold","",713.3823533333333,"2026-02-23T16:03:40.227971Z","a44630e0-cc98-438b-8143-2760afe80340"
"Locomotion",786,"1",11,"Essential Operation","2026-02-23T16:03:54.690594Z",833,14.072,"#C C parks the car","The action involves moving the body through space to park the car, indicating high body acceleration.","r001","Mechanical Repair","silver","Gold","",436.01528,"2026-02-23T16:03:54.690606Z","a892882a-1bdb-4843-a965-291408dcdf1a"
"Search",787,"1",11,"","2026-02-23T16:03:57.845633Z",834,2.723,"#C C reads on the screen","Head movement (visual search), hands mostly still.","r001","Desk Work","silver","Gold","",309.54634,"2026-02-23T16:03:57.845649Z","aa2cbed5-ae1f-44e3-9043-6e90826f387b"
"Search",788,"1",11,"","2026-02-23T16:04:08.690386Z",835,4.067,"#C C examines the plastic conduit","Visual inspection, likely involves head movement and minimal hand activity.","r001","Carpentry","silver","Gold","",33.385059600000005,"2026-02-23T16:04:08.690412Z","aa746a74-9e1b-49c6-9e27-f0c8d2f58642"
"Object Transfer",789,"1",11,"","2026-02-23T16:04:12.481426Z",836,3.465,"#C C puts down #Unsure and the knife","Logistics/Setup step involving placing objects.","r001","Cleaning","silver","Gold","",116.91451864583334,"2026-02-23T16:04:12.481438Z","ab22264a-91ce-4c3f-96b0-e6405a46f92f"
"Essential Operation",790,"1",11,"","2026-02-23T16:04:16.439449Z",837,3.132,"#C C washes the bottle","Core manual task involving high hand activity.","r001","Cleaning","silver","Gold","",582.6352576136719,"2026-02-23T16:04:16.439470Z","ab22264a-91ce-4c3f-96b0-e6405a46f92f"
"Stationary",937,"1",11,"Essential Operation","2026-02-24T12:56:14.670367Z",838,13.757,"#C C wipes her hands with a hand towel","Low energy activity, mostly hand motion with minimal body movement.","r001","Cleaning","silver","Bad","",588.812837613672,"2026-02-24T12:56:14.670385Z","ab22264a-91ce-4c3f-96b0-e6405a46f92f"
"Essential Operation",938,"1",11,"","2026-02-24T12:56:22.228522Z",839,7.034,"#C C washes the bottle lid","Core task involving manual activity with the hands.","r001","Cleaning","silver","Gold","",630.033367613672,"2026-02-24T12:56:22.228535Z","ab22264a-91ce-4c3f-96b0-e6405a46f92f"
"Object Transfer",939,"1",11,"","2026-02-24T12:56:29.466146Z",840,6.684,"#C C puts the spatula and the spoon in the drawer","Logistics step involving placing objects.","r001","Cleaning","silver","Gold","",665.9727576136719,"2026-02-24T12:56:29.466164Z","ab22264a-91ce-4c3f-96b0-e6405a46f92f"
"Object Transfer",940,"1",11,"","2026-02-24T12:57:04.389791Z",841,34.416,"#C C hangs the kitchen towel","Logistics step involving picking up and hanging an object.","r001","Cleaning","silver","Gold","",882.8065533299707,"2026-02-24T12:57:04.389802Z","ab22264a-91ce-4c3f-96b0-e6405a46f92f"
"Essential Operation",941,"1",11,"","2026-02-24T12:59:25.673467Z",842,46.55,"#C C wipes the hands with kitchen towel","Core task involving high hand activity.","r001","Cleaning","silver","Gold","",914.1452633299708,"2026-02-24T12:59:25.673481Z","ab22264a-91ce-4c3f-96b0-e6405a46f92f"
"Stationary",942,"1",11,"","2026-02-24T12:59:43.043050Z",843,16.833,"#C C sighs the sponge","Low body/hand motion, likely an idle or waiting action.","r001","Cleaning","silver","","Skip",1199.5574016989583,"2026-02-24T12:59:43.043063Z","ab22264a-91ce-4c3f-96b0-e6405a46f92f"
"Essential Operation",943,"1",11,"","2026-02-24T12:59:48.337127Z",844,4.758,"#O the man D cuts potato with a knife on a chopping board.","Core task involving cutting, high hand activity.","r001","Cooking","silver","Gold","",12.8983496,"2026-02-24T12:59:48.337139Z","ac582760-09b1-4a6e-be08-f19f9bf5dfcb"
"Essential Operation",944,"1",11,"","2026-02-24T13:00:01.713859Z",845,12.85,"#O the man D turns the potato on the chopping board with his right hand.","Core task involving high hand activity.","r001","Cooking","silver","Gold","",32.8451796,"2026-02-24T13:00:01.713871Z","ac582760-09b1-4a6e-be08-f19f9bf5dfcb"
"Essential Operation",945,"1",11,"","2026-02-24T13:00:16.609057Z",846,6.349,"#O the man D cuts the chopped potato with a knife on a chopping board.","Core task involving high hand activity.","r001","Cooking","silver","Gold","",68.1706596,"2026-02-24T13:00:16.609069Z","ac582760-09b1-4a6e-be08-f19f9bf5dfcb"
"Object Transfer",946,"1",11,"","2026-02-24T13:00:48.262202Z",847,31.159,"#O the man D puts the chopped potatoes on the knife in his left hand.","Logistics step involving picking up and placing chopped potatoes.","r001","Cooking","silver","Gold","",74.8646296,"2026-02-24T13:00:48.262213Z","ac582760-09b1-4a6e-be08-f19f9bf5dfcb"
"Essential Operation",947,"1",11,"","2026-02-24T13:00:54.317574Z",848,5.473,"#O the man D cuts the lump of fried lotus with the knife .","Core task involving cutting, which requires high hand activity.","r001","Cooking","silver","Gold","",86.3261696,"2026-02-24T13:00:54.317587Z","ac582760-09b1-4a6e-be08-f19f9bf5dfcb"
"Stationary",948,"1",11,"Essential Operation","2026-02-24T13:01:06.432591Z",849,11.636,"#O the woman B adjusts her camera with both hands.","Adjusting the camera with both hands indicates low body motion.","r001","Cooking","silver","Bad","",111.4908696,"2026-02-24T13:01:06.432609Z","ac582760-09b1-4a6e-be08-f19f9bf5dfcb"
"Object Transfer",949,"1",11,"","2026-02-24T13:01:11.574395Z",850,4.636,"#O the woman G takes a pack of sausage from the table.","Logistics/Setup step (taking an object).","r001","Cooking","silver","Gold","",233.9418496,"2026-02-24T13:01:11.574406Z","ac582760-09b1-4a6e-be08-f19f9bf5dfcb"
"Object Transfer",950,"1",11,"","2026-02-24T13:01:26.603997Z",851,14.578,"#O the man D takes some peels on the chopping board with the knife","Logistics step involving picking up and moving peels.","r001","Cooking","silver","Gold","",238.1452796,"2026-02-24T13:01:26.604008Z","ac582760-09b1-4a6e-be08-f19f9bf5dfcb"
"Object Transfer",791,"1",11,"","2026-02-23T16:04:24.712941Z",852,7.914,"#O the man D throws the peels in a bin.","Action involves moving an object (throwing peels), which is a logistics step.","r001","Cooking","silver","Gold","",239.2553496,"2026-02-23T16:04:24.713100Z","ac582760-09b1-4a6e-be08-f19f9bf5dfcb"
"Essential Operation",792,"1",11,"","2026-02-23T16:04:36.644576Z",853,10.818,"#O the man D shakes the kettle with his left hand.","[CtxFixed] Shaking the kettle is an action that could be considered an essential operation, such as checking the temperature or contents of the kettle.","r001","Cooking","silver","Gold","",254.6472996,"2026-02-23T16:04:36.644590Z","ac582760-09b1-4a6e-be08-f19f9bf5dfcb"
"Essential Operation",793,"1",11,"Object Transfer","2026-02-23T16:14:47.148839Z",854,610.17,"#O the woman E pours food from the pack in the boiling soup.","Core task involving manual pouring, high hand activity.","r001","Cooking","silver","Gold","",256.28112960000004,"2026-02-23T16:14:47.148855Z","ac582760-09b1-4a6e-be08-f19f9bf5dfcb"
"Object Transfer",794,"1",11,"","2026-02-23T16:14:53.683420Z",855,5.995,"#C C takes a pack from woman X.","Logistics/transfer of an object from one person to another.","r001","Cooking","silver","Gold","",300.3724209546634,"2026-02-23T16:14:53.683435Z","ac582760-09b1-4a6e-be08-f19f9bf5dfcb"
"Object Transfer",795,"1",11,"","2026-02-23T16:15:56.809418Z",856,62.57,"#O the woman X take chopsticks from man D.","The action involves picking up and transferring chopsticks, which is a logistics step.","r001","Cooking","silver","Gold","",381.7858709546634,"2026-02-23T16:15:56.809434Z","ac582760-09b1-4a6e-be08-f19f9bf5dfcb"
"Object Transfer",796,"1",11,"","2026-02-23T16:15:59.154256Z",857,1.994,"#C C takes chopstick from woman X.","Logistics step involving picking up an object.","r001","Cooking","silver","Gold","",396.4595209546634,"2026-02-23T16:15:59.154271Z","ac582760-09b1-4a6e-be08-f19f9bf5dfcb"
"Object Transfer",797,"1",11,"","2026-02-23T16:16:01.620543Z",858,2.082,"#O the man E takes chopstick from woman X.","The action involves taking an object (chopsticks), which is a logistics step.","r001","Cooking","silver","Gold","",398.6129409546634,"2026-02-23T16:16:01.620564Z","ac582760-09b1-4a6e-be08-f19f9bf5dfcb"
"Object Transfer",798,"1",11,"","2026-02-23T16:16:04.419633Z",859,2.428,"#O the woman X puts the fried lotus in the boiling soup.","The action involves logistics (putting an item into the soup), which is characterized by short bursts of hand acceleration.","r001","Cooking","silver","Gold","",419.9437609546634,"2026-02-23T16:16:04.419646Z","ac582760-09b1-4a6e-be08-f19f9bf5dfcb"
"Object Transfer",799,"1",11,"","2026-02-23T16:16:06.896056Z",860,2.181,"#C C puts the fried lotus into the boiling soup.","Logistics step involving picking up and placing an object.","r001","Cooking","silver","Gold","",423.8751709546634,"2026-02-23T16:16:06.896075Z","ac582760-09b1-4a6e-be08-f19f9bf5dfcb"
"Object Transfer",800,"1",11,"","2026-02-23T16:16:09.803951Z",861,2.535,"#C C takes fried lotus with the chopstick.","Logistics step involving picking up an object.","r001","Cooking","silver","Gold","",430.2000409546634,"2026-02-23T16:16:09.803965Z","ac582760-09b1-4a6e-be08-f19f9bf5dfcb"
"Essential Operation",801,"1",11,"Object Transfer","2026-02-23T16:16:23.490088Z",862,13.392,"#O the man Y puts meat in the boiling soup with his chopstick.","Core task involving precise hand movements.","r001","Cooking","silver","Gold","",432.83043095466337,"2026-02-23T16:16:23.490106Z","ac582760-09b1-4a6e-be08-f19f9bf5dfcb"
"Object Transfer",802,"1",11,"","2026-02-23T17:32:35.335950Z",863,4571.491,"#O the woman X takes chopped sausage from the bowl.","Logistics step involving picking up or transferring an object.","r001","Cooking","silver","Gold","",432.8743009546634,"2026-02-23T17:32:35.335962Z","ac582760-09b1-4a6e-be08-f19f9bf5dfcb"
"Object Transfer",803,"1",11,"","2026-02-23T17:32:39.876447Z",864,4.128,"#C C puts the meat in the boiling soup.","Logistics step, moving the meat to the pot.","r001","Cooking","silver","Gold","",448.3542209546634,"2026-02-23T17:32:39.876460Z","ac582760-09b1-4a6e-be08-f19f9bf5dfcb"
"Essential Operation",804,"1",11,"","2026-02-23T17:32:44.842717Z",865,4.567,"#O the woman Y stirs the boiling soup with the chopstick in his right hand.","Core manual task involving high hand activity.","r001","Cooking","silver","Gold","",449.7042009546634,"2026-02-23T17:32:44.842732Z","ac582760-09b1-4a6e-be08-f19f9bf5dfcb"
"Stationary",805,"1",11,"","2026-02-23T17:32:53.499715Z",866,8.26,"#O the woman B touches the chopstick with her right hand.","Low body/hand motion, likely inspecting the chopstick.","r001","Cooking","silver","Gold","",453.18364095466336,"2026-02-23T17:32:53.499733Z","ac582760-09b1-4a6e-be08-f19f9bf5dfcb"
"Essential Operation",806,"1",11,"","2026-02-23T17:32:56.428983Z",867,2.539,"#C C stirs the boiling soup with his chopstick.","Core task involving repetitive hand movements.","r001","Cooking","silver","Gold","",455.82188095466336,"2026-02-23T17:32:56.429001Z","ac582760-09b1-4a6e-be08-f19f9bf5dfcb"
"Object Transfer",807,"1",11,"","2026-02-23T17:33:03.232905Z",868,6.352,"#O the woman X carries a bowl of meat from a carton with both hands.","Logistics step, moving an object from one place to another.","r001","Cooking","silver","Gold","",483.3001609546634,"2026-02-23T17:33:03.232924Z","ac582760-09b1-4a6e-be08-f19f9bf5dfcb"
"Object Transfer",808,"1",11,"","2026-02-23T17:33:06.144341Z",869,2.435,"#O the man A drops his bowl on the table.","Refined via regex fallback","r001","Cooking","silver","Gold","",491.90613095466335,"2026-02-23T17:33:06.144361Z","ac582760-09b1-4a6e-be08-f19f9bf5dfcb"
"Object Transfer",809,"1",11,"","2026-02-23T18:26:13.414498Z",870,3186.891,"#O the woman B removes a serviette from its pack.","Logistics step involving picking up and removing an object.","r001","Cooking","silver","Gold","",528.9586209546634,"2026-02-23T18:26:13.414515Z","ac582760-09b1-4a6e-be08-f19f9bf5dfcb"
"Object Transfer",810,"1",11,"","2026-02-23T18:26:22.103317Z",871,3.656,"#O the woman B takes a chopstick from man D.","Logistics step, picking up an object.","r001","Cooking","silver","Gold","",551.6947709546633,"2026-02-23T18:26:22.103340Z","ac582760-09b1-4a6e-be08-f19f9bf5dfcb"
"Stationary",811,"1",11,"Object Transfer","2026-02-23T18:26:33.760232Z",872,11.176,"#O Woman D puts her chopsticks in her right hand into her mouth.","The action involves putting chopsticks in the mouth, which is a stationary activity with minimal body or hand movement.","r001","Cooking","silver","Bad","",594.7810309546634,"2026-02-23T18:26:33.760252Z","ac582760-09b1-4a6e-be08-f19f9bf5dfcb"
"Object Transfer",812,"1",11,"","2026-02-23T18:26:37.931882Z",873,3.638,"#O Man A picks a meat from the bowl of soup on the table with the chopsticks in his right hand.","Logistics step involving picking up an object.","r001","Cooking","silver","Gold","",600.8658609546634,"2026-02-23T18:26:37.931903Z","ac582760-09b1-4a6e-be08-f19f9bf5dfcb"
"Stationary",813,"1",11,"","2026-02-23T18:27:00.335700Z",874,22.013,"#O Woman F eats the meat in her plate with the chopsticks in her right hand.","Eating involves minimal movement, primarily hand activity without significant acceleration bursts.","r001","Cooking","silver","","Skip",618.8491409546634,"2026-02-23T18:27:00.335715Z","ac582760-09b1-4a6e-be08-f19f9bf5dfcb"
"Object Transfer",814,"1",11,"","2026-02-23T18:27:08.562067Z",875,7.668,"#C C places his plate on the table with his left hand.","Placing an object (plate) on a surface (table).","r001","Cooking","silver","Gold","",620.2939509546634,"2026-02-23T18:27:08.562083Z","ac582760-09b1-4a6e-be08-f19f9bf5dfcb"
"Stationary",815,"1",11,"Essential Operation","2026-02-23T18:27:22.565201Z",876,13.59,"#O Man H eats the meat in his plate with the chopsticks in his right hand.","Low body/hand motion, eating is a relatively stationary activity.","r001","Cooking","silver","Bad","",620.6070009546634,"2026-02-23T18:27:22.565220Z","ac582760-09b1-4a6e-be08-f19f9bf5dfcb"
"Object Transfer",816,"1",11,"","2026-02-23T18:27:27.758936Z",877,4.446,"#O Woman F drops the mushroom into her plate in her left hand with the chopstick in her right hand. #Unsure","[CtxFixed] The action of dropping the mushroom into the plate is a deliberate placement, which fits the criteria for 'Object Transfer'.","r001","Cooking","silver","Gold","",639.6598709546633,"2026-02-23T18:27:27.758952Z","ac582760-09b1-4a6e-be08-f19f9bf5dfcb"
"Stationary",817,"1",11,"Essential Operation","2026-02-23T18:27:33.881331Z",878,5.572,"#O Man A eats the meat in his plate with the chopsticks in his right hand.","Low body/hand motion, eating is a stationary activity.","r001","Cooking","silver","Bad","",687.3317609546634,"2026-02-23T18:27:33.881353Z","ac582760-09b1-4a6e-be08-f19f9bf5dfcb"
"Stationary",818,"1",11,"","2026-02-23T18:27:38.215283Z",879,3.479,"#O Man B touches a pack of prawns on the table with his left hand.","Low body/hand motion, touch action.","r001","Cooking","silver","Gold","",700.8380909546634,"2026-02-23T18:27:38.215310Z","ac582760-09b1-4a6e-be08-f19f9bf5dfcb"
"Stationary",819,"1",11,"","2026-02-23T18:27:50.736472Z",880,12.139,"#O Man B touches the face up playing cards on the table with his right finger.","Low body/hand motion, likely involves minimal movement.","r001","Cooking","silver","Gold","",855.33079762133,"2026-02-23T18:27:50.736485Z","ac582760-09b1-4a6e-be08-f19f9bf5dfcb"
"Essential Operation",820,"1",11,"","2026-02-23T18:42:32.812594Z",881,881.452,"#O Man G flips the tissue covered card from the table with his right hand.","The action involves a specific task (flipping the card), indicating high hand activity.","r001","Cooking","silver","","Skip",866.1021876213301,"2026-02-23T18:42:32.812607Z","ac582760-09b1-4a6e-be08-f19f9bf5dfcb"
"Object Transfer",951,"1",11,"","2026-02-24T13:01:35.704925Z",882,8.6,"#O Man B picks the face up playing card from the tissue un-covered card on the table with his right hand.","The action involves picking up an object, which is a logistics step.","r001","Cooking","silver","Gold","",899.2306576213301,"2026-02-24T13:01:35.704939Z","ac582760-09b1-4a6e-be08-f19f9bf5dfcb"
"Object Transfer",952,"1",11,"","2026-02-24T13:07:31.053377Z",883,354.92,"#O Man B places the face up playing card on the deck of face up playing cards in his left hand.","Placing an object, which involves picking up and putting down items.","r001","Cooking","silver","","Skip",899.9170076213301,"2026-02-24T13:07:31.053389Z","ac582760-09b1-4a6e-be08-f19f9bf5dfcb"
"Object Transfer",953,"1",11,"Essential Operation","2026-02-24T13:07:45.436209Z",884,13.535,"#O Man B opens the pack of butter on the chopping board on the table with both hands.","Opening an object, involves logistics and setup.","r001","Cooking","silver","Bad","",931.3217376213302,"2026-02-24T13:07:45.436221Z","ac582760-09b1-4a6e-be08-f19f9bf5dfcb"
"Object Transfer",954,"1",11,"","2026-02-24T13:07:51.765915Z",885,5.759,"#O Man A drops the kettle in his right hand on the other table.","[CtxFixed] The action of dropping the kettle onto the table indicates a deliberate placement of the object, which fits the criteria for 'Object Transfer'.","r001","Cooking","silver","Gold","",941.96963762133,"2026-02-24T13:07:51.765927Z","ac582760-09b1-4a6e-be08-f19f9bf5dfcb"
"Essential Operation",955,"1",11,"","2026-02-24T13:08:02.732214Z",886,10.49,"#C C tears the foil sachet in his hands with his right hand.","Core task involving manual dexterity and high hand activity.","r001","Cooking","silver","Gold","",980.1353176213302,"2026-02-24T13:08:02.732224Z","ac582760-09b1-4a6e-be08-f19f9bf5dfcb"
"Object Transfer",956,"1",11,"","2026-02-24T13:08:40.232801Z",887,36.988,"#O Woman F removes her right hand from the cleaver knife on the chopping board on the table.","The action involves removing her hand from an object, which is a logistics step.","r001","Cooking","silver","","Skip",1000.57201762133,"2026-02-24T13:08:40.232812Z","ac582760-09b1-4a6e-be08-f19f9bf5dfcb"
"Object Transfer",957,"1",11,"","2026-02-24T13:08:45.694418Z",888,4.672,"#O Woman F takes the pack of potatoes from the table with her right hand. #Unsure","Logistics step of picking up an object.","r001","Cooking","silver","Gold","",1040.71055762133,"2026-02-24T13:08:45.694432Z","ac582760-09b1-4a6e-be08-f19f9bf5dfcb"
"Object Transfer",958,"1",11,"","2026-02-24T13:08:52.585609Z",889,6.22,"#O Man H pours the sauce from the sauce nylon into the water in the pot on the pot burner on the table with both hands.","Logistics step involving pouring, which is a transfer action.","r001","Cooking","silver","Gold","",1045.15553762133,"2026-02-24T13:08:52.585623Z","ac582760-09b1-4a6e-be08-f19f9bf5dfcb"
"Stationary",959,"1",11,"","2026-02-24T13:15:10.723725Z",890,377.422,"#O Woman E holds the potato from the bowl of potatoes on the table with both hands.","Holding an object with both hands indicates a stationary action with low body and hand motion.","r001","Cooking","silver","","Skip",1061.21587762133,"2026-02-24T13:15:10.723738Z","ac582760-09b1-4a6e-be08-f19f9bf5dfcb"
"Stationary",960,"1",11,"","2026-02-24T13:15:15.753107Z",891,3.992,"#O Man A holds the sachet of peppers with both hands. #Unsure","Holding an object with both hands indicates low body and hand motion.","r001","Cooking","silver","Gold","",1063.8024376213302,"2026-02-24T13:15:15.753123Z","ac582760-09b1-4a6e-be08-f19f9bf5dfcb"
"Object Transfer",961,"1",11,"","2026-02-24T13:15:22.243599Z",892,5.931,"#O Man B puts the mushroom slices in his left hand into the bowl of potatoes on the table.","Logistics step involving picking up and placing the mushroom slices.","r001","Cooking","silver","Gold","",1082.3056776213302,"2026-02-24T13:15:22.243613Z","ac582760-09b1-4a6e-be08-f19f9bf5dfcb"
"Object Transfer",962,"1",11,"","2026-02-24T13:15:30.228906Z",893,7.52,"#O Man H picks the other part of the empty sauce sachet from the table with his left hand.","Logistics step involving picking up an object.","r001","Cooking","silver","Gold","",1093.3591776213302,"2026-02-24T13:15:30.228925Z","ac582760-09b1-4a6e-be08-f19f9bf5dfcb"
"Stationary",963,"1",11,"","2026-02-24T13:15:34.894205Z",894,4.221,"#O Man H holds the sachet of sauce with his left hand.","Holding an object with minimal movement.","r001","Cooking","silver","Gold","",1095.77437762133,"2026-02-24T13:15:34.894220Z","ac582760-09b1-4a6e-be08-f19f9bf5dfcb"
"Object Transfer",964,"1",11,"","2026-02-24T13:15:43.614274Z",895,8.209,"#O Woman E picks the cleaver on the chopping board on the table with her right hand.","Picking up an object, which is a logistics step.","r001","Cooking","silver","Gold","",1099.37996762133,"2026-02-24T13:15:43.614284Z","ac582760-09b1-4a6e-be08-f19f9bf5dfcb"
"Object Transfer",965,"1",11,"","2026-02-24T13:15:50.249937Z",896,6.083,"#C C moves a bowl of lettuce on the table with her left hand.","Moving an object from one location to another.","r001","Cooking","silver","Gold","",1100.35097762133,"2026-02-24T13:15:50.249954Z","ac582760-09b1-4a6e-be08-f19f9bf5dfcb"
"Object Transfer",966,"1",11,"","2026-02-24T13:16:01.620642Z",897,10.863,"#O Woman E removes the cleaver in her right hand from the chopping board.","Logistics step involving picking up an object.","r001","Cooking","silver","Gold","",1107.70971762133,"2026-02-24T13:16:01.620655Z","ac582760-09b1-4a6e-be08-f19f9bf5dfcb"
"Object Transfer",967,"1",11,"Essential Operation","2026-02-24T13:16:14.283671Z",898,12.069,"#O Woman D plugs the attached wire plug into a socket with both hands.","Logistics step, involves picking up and placing the plug into a socket.","r001","Cooking","silver","Gold","",1111.64325762133,"2026-02-24T13:16:14.283686Z","ac582760-09b1-4a6e-be08-f19f9bf5dfcb"
"Object Transfer",968,"1",11,"","2026-02-24T13:16:19.554912Z",899,4.518,"#C C moves a plate on the table with her left hand.","Logistics step involving moving an object.","r001","Cooking","silver","Gold","",1111.7749876213302,"2026-02-24T13:16:19.554933Z","ac582760-09b1-4a6e-be08-f19f9bf5dfcb"
"Object Transfer",969,"1",11,"","2026-02-24T13:16:32.277114Z",900,12.202,"#O Woman F takes the cleaver in C's hands with her left hand.","Logistics step involving picking up an object.","r001","Cooking","silver","Gold","",1113.61953762133,"2026-02-24T13:16:32.277127Z","ac582760-09b1-4a6e-be08-f19f9bf5dfcb"
"Stationary",970,"1",11,"","2026-02-24T13:16:37.336540Z",901,4.465,"#O Man A holds the pack of sausages in his left hand.","Holding an object with minimal movement.","r001","Cooking","silver","Gold","",1120.41860762133,"2026-02-24T13:16:37.336558Z","ac582760-09b1-4a6e-be08-f19f9bf5dfcb"
"Stationary",971,"1",11,"","2026-02-24T13:16:41.886333Z",902,4.138,"#O Man A holds the pack of sausages with both hands.","Holding an object with both hands indicates a low-energy, stationary action.","r001","Cooking","silver","Gold","",1158.31333762133,"2026-02-24T13:16:41.886346Z","ac582760-09b1-4a6e-be08-f19f9bf5dfcb"
"Object Transfer",972,"1",11,"","2026-02-24T13:16:57.018592Z",903,14.68,"#O Woman D picks the plate from the chopping board on the table with her right hand.","Logistics step involving picking up an object.","r001","Cooking","silver","Gold","",1160.93715762133,"2026-02-24T13:16:57.018605Z","ac582760-09b1-4a6e-be08-f19f9bf5dfcb"
"Stationary",973,"1",11,"","2026-02-24T13:17:05.544206Z",904,8.033,"#C C touches the jar on the table with her left hand.","Low body/hand motion, touching the jar without moving it.","r001","Cooking","silver","Gold","",1172.9738476213302,"2026-02-24T13:17:05.544223Z","ac582760-09b1-4a6e-be08-f19f9bf5dfcb"
"Stationary",974,"1",11,"","2026-02-24T13:17:09.579742Z",905,3.528,"#O Woman E holds her plate with her right hand.","The action describes holding a plate, which involves minimal movement.","r001","Cooking","silver","Gold","",1174.91184762133,"2026-02-24T13:17:09.579756Z","ac582760-09b1-4a6e-be08-f19f9bf5dfcb"
"Stationary",975,"1",11,"","2026-02-24T13:17:16.015082Z",906,5.948,"#O Man A holds the pack of prawns in both hands.","Holding an object without movement.","r001","Cooking","silver","Gold","",1224.34152762133,"2026-02-24T13:17:16.015095Z","ac582760-09b1-4a6e-be08-f19f9bf5dfcb"
"Object Transfer",976,"1",11,"","2026-02-24T13:17:21.227999Z",907,4.727,"#O Man B drops the tissue in his hands on the table with his right hand.","Refined via regex fallback","r001","Cooking","silver","Gold","",1230.4571576213302,"2026-02-24T13:17:21.228011Z","ac582760-09b1-4a6e-be08-f19f9bf5dfcb"
"Object Transfer",977,"1",11,"","2026-02-24T13:17:28.744186Z",908,6.924,"#O Woman F picks a potato from the bowl of potato slices on the table with her right hand.","Logistics step involving picking up an object.","r001","Cooking","silver","Gold","",1245.16333762133,"2026-02-24T13:17:28.744200Z","ac582760-09b1-4a6e-be08-f19f9bf5dfcb"
"Stationary",978,"1",11,"","2026-02-24T13:18:30.435406Z",909,54.433,"#O Man B holds the potato on the chopping board on the table with his left hand.","Holding the potato in place involves minimal movement.","r001","Cooking","silver","Gold","",1247.83684762133,"2026-02-24T13:20:47.908390Z","ac582760-09b1-4a6e-be08-f19f9bf5dfcb"
"Stationary",979,"1",11,"","2026-02-24T13:18:35.074534Z",910,3.868,"#O Woman D holds a plate in her right hand.","The action describes holding a plate, which involves minimal movement.","r001","Cooking","silver","Gold","",1248.92972762133,"2026-02-24T13:18:35.074547Z","ac582760-09b1-4a6e-be08-f19f9bf5dfcb"
"Object Transfer",980,"1",11,"","2026-02-24T13:18:42.353402Z",911,6.727,"#O Woman E passes the bowl of potato slices in her left hand to Man B","Passing an object involves logistics and physical transfer.","r001","Cooking","silver","Gold","",1249.5910676213302,"2026-02-24T13:18:42.353417Z","ac582760-09b1-4a6e-be08-f19f9bf5dfcb"
"Essential Operation",981,"1",11,"","2026-02-24T13:18:46.805324Z",912,3.985,"#O Woman F tears the sachet of peppers in her hands with her right hand. #Unsure","Core task involving high hand activity.","r001","Cooking","silver","Gold","",1272.69330762133,"2026-02-24T13:18:46.805335Z","ac582760-09b1-4a6e-be08-f19f9bf5dfcb"
"Object Transfer",982,"1",11,"","2026-02-24T13:18:55.900994Z",913,8.583,"#O Woman F drops the potato in her right hand on the chopping board on the table.","Refined via regex fallback","r001","Cooking","silver","Gold","",1286.65039762133,"2026-02-24T13:18:55.901008Z","ac582760-09b1-4a6e-be08-f19f9bf5dfcb"
"Object Transfer",983,"1",11,"","2026-02-24T13:19:02.734743Z",914,6.29,"#O Man B moves the potato on the chopping board on the table with his left hand.","Logistics step involving the movement of an object.","r001","Cooking","silver","Gold","",1294.64723762133,"2026-02-24T13:19:02.734756Z","ac582760-09b1-4a6e-be08-f19f9bf5dfcb"
"Object Transfer",984,"1",11,"","2026-02-24T13:19:23.519494Z",915,20.178,"#O Man B takes a nylon covered tray of raw meat from the table with his right hand.","Logistics step involving picking up an object.","r001","Cooking","silver","Gold","",1303.5567576213302,"2026-02-24T13:19:23.519507Z","ac582760-09b1-4a6e-be08-f19f9bf5dfcb"
"Object Transfer",985,"1",11,"","2026-02-24T13:19:27.794775Z",916,3.741,"#C C removes the nylon cover off the nylon-covered tray of raw meat with her right hand.","The action involves removing a cover, which is a logistics step.","r001","Cooking","silver","Gold","",1327.2959376213305,"2026-02-24T13:19:27.794793Z","ac582760-09b1-4a6e-be08-f19f9bf5dfcb"
"Stationary",986,"1",11,"","2026-02-24T13:19:32.621193Z",917,4.413,"#O Woman D holds the nylon cover with both hands.","The action involves holding an object with both hands, indicating a static position with minimal movement.","r001","Cooking","silver","Gold","",1352.6708876213302,"2026-02-24T13:19:32.621205Z","ac582760-09b1-4a6e-be08-f19f9bf5dfcb"
"Stationary",987,"1",11,"","2026-02-24T13:19:40.986154Z",918,7.875,"#O Woman E removes both hands from the tray of raw meat on the table.","The action describes a pause or cessation of activity, indicating low energy and no significant movement.","r001","Cooking","silver","Gold","",1382.56327762133,"2026-02-24T13:19:40.986166Z","ac582760-09b1-4a6e-be08-f19f9bf5dfcb"
"Object Transfer",988,"1",11,"","2026-02-24T13:19:46.353792Z",919,4.834,"#O Man A lifts his plate on the table with his left hand.","Logistics action of picking up and placing an object.","r001","Cooking","silver","Gold","",1437.5323152879969,"2026-02-24T13:19:46.353805Z","ac582760-09b1-4a6e-be08-f19f9bf5dfcb"
"Object Transfer",989,"1",11,"","2026-02-24T13:19:49.906699Z",920,2.98,"#O Woman F picks a biscuit from the bowl of soup on the table with the pair of chopsticks in her right hand.","Logistics step involving picking up an object.","r001","Cooking","silver","Gold","",1529.408375287997,"2026-02-24T13:19:49.906711Z","ac582760-09b1-4a6e-be08-f19f9bf5dfcb"
"Object Transfer",990,"1",11,"","2026-02-24T13:20:12.367410Z",921,21.974,"#C C puts the biscuit from the bowl of soup on the table in her plate in her left hand with the pair of chopsticks in her right hand.","Logistics step involving picking up and placing down objects.","r001","Cooking","silver","Gold","",1577.824075287997,"2026-02-24T13:20:12.367422Z","ac582760-09b1-4a6e-be08-f19f9bf5dfcb"
"Object Transfer",991,"1",11,"","2026-02-24T13:20:59.341712Z",922,6.912,"#O Man B passes the chopstick in her right hand to Woman F's right hand.","Passing an object between two people involves logistics and short bursts of hand acceleration.","r001","Cooking","silver","Gold","",1598.9978452879968,"2026-02-24T13:20:59.341725Z","ac582760-09b1-4a6e-be08-f19f9bf5dfcb"
"Essential Operation",992,"1",11,"","2026-02-24T13:21:05.226206Z",923,5.118,"#O Woman F eats the biscuit in her plate in her left hand with the pair of chopsticks in her right hand.","Core task involving manual manipulation with chopsticks.","r001","Cooking","silver","Gold","",1608.3405952879966,"2026-02-24T13:21:05.226224Z","ac582760-09b1-4a6e-be08-f19f9bf5dfcb"
"Object Transfer",993,"1",11,"","2026-02-24T13:21:12.116577Z",924,6.192,"#O Woman E picks a piece of meat from the big soup bowl on the table with her pair of chopsticks in her right hand.","Logistics step involving picking up an object.","r001","Cooking","silver","Gold","",1693.6409042879968,"2026-02-24T13:21:12.116590Z","ac582760-09b1-4a6e-be08-f19f9bf5dfcb"
"Object Transfer",994,"1",11,"","2026-02-24T13:21:16.472593Z",925,3.632,"#O Woman A drops the piece of bread into her plate on the table with her pair of chopsticks in her right hand.","Refined via regex fallback","r001","Cooking","silver","Gold","",1719.9032442879966,"2026-02-24T13:21:16.472607Z","ac582760-09b1-4a6e-be08-f19f9bf5dfcb"
"Essential Operation",995,"1",11,"","2026-02-24T13:21:21.674928Z",926,4.583,"#O Man G stirs the lettuces in the big soup bowl with the pair of chopsticks in his right hand.","Core task involving manual manipulation, high hand activity.","r001","Cooking","silver","Gold","",1724.2647742879967,"2026-02-24T13:21:21.674941Z","ac582760-09b1-4a6e-be08-f19f9bf5dfcb"
"Search",996,"1",11,"Stationary","2026-02-24T13:21:35.770453Z",927,13.465,"#O Woman D adjusts a pair of glasses on her face with her right hand.","Head movement (visual adjustment), hands mostly still.","r001","Cooking","silver","Bad","",1724.5668542879966,"2026-02-24T13:21:35.770469Z","ac582760-09b1-4a6e-be08-f19f9bf5dfcb"
"Object Transfer",997,"1",11,"","2026-02-24T13:21:47.542752Z",928,11.114,"#O Woman A picks another piece of bread from the bowl on the table with the pair of chopsticks in her right hand.","Logistics step involving picking up an object.","r001","Cooking","silver","Gold","",1726.8612342879967,"2026-02-24T13:21:47.542765Z","ac582760-09b1-4a6e-be08-f19f9bf5dfcb"
"Locomotion",821,"1",11,"","2026-02-23T18:42:45.222650Z",929,11.577,"#O Woman A carries her plate from the table with her left hand.","Body moving through space (walking), carrying object with one hand.","r001","Cooking","silver","","Skip",1734.9094342879966,"2026-02-23T18:42:45.222663Z","ac582760-09b1-4a6e-be08-f19f9bf5dfcb"
"Essential Operation",822,"1",11,"","2026-02-23T18:42:56.463545Z",930,10.716,"#O Man B eats the piece of meat in his plate with the pair of chopsticks in his right hand.","Core manual task involving eating, which involves high hand activity.","r001","Cooking","silver","Gold","",1745.3924342879968,"2026-02-23T18:42:56.463566Z","ac582760-09b1-4a6e-be08-f19f9bf5dfcb"
"Stationary",823,"1",11,"","2026-02-23T18:43:14.086249Z",931,16.854,"#C C drinks from the cup with his left hand.","Drinking from a cup is a low-energy activity with minimal body or hand motion.","r001","Gardening","silver","Gold","",776.5214209546634,"2026-02-23T18:43:14.086272Z","b1ac8c7e-6b29-4196-a28b-e4e21b872ede"
"Stationary",824,"1",11,"","2026-02-23T18:43:23.922587Z",932,8.599,"#C C drops his right hand.","[CtxFixed] The action of dropping the right hand does not involve any significant movement or interaction with the environment, and it can be considered a minor change in posture that does not affect the overall state of the person or the environment.","r001","Gardening","silver","Gold","",911.0911909546634,"2026-02-23T18:43:23.922605Z","b1ac8c7e-6b29-4196-a28b-e4e21b872ede"
"Stationary",825,"1",11,"","2026-02-23T18:43:32.419501Z",933,6.506,"#C C lifts up his right hand.","The action describes a single hand movement which is not part of a continuous task or locomotion, indicating a brief, low-energy action.","r001","Gardening","silver","Gold","",1037.6506609546634,"2026-02-23T18:43:32.419514Z","b1ac8c7e-6b29-4196-a28b-e4e21b872ede"
"Stationary",826,"1",11,"","2026-02-23T18:43:45.550896Z",934,12.268,"#C C holds the game console with both hands","Low body/hand motion, holding an object without moving.","r001","Gardening","silver","Gold","",1043.8845209546637,"2026-02-23T18:43:45.550909Z","b1ac8c7e-6b29-4196-a28b-e4e21b872ede"
"Stationary",827,"1",11,"","2026-02-23T18:44:00.585835Z",935,13.869,"#C C rubs his palms together.","Low body/hand motion, no significant movement.","r001","Gardening","silver","Gold","",1262.2619209546633,"2026-02-23T18:44:00.585861Z","b1ac8c7e-6b29-4196-a28b-e4e21b872ede"
"Object Transfer",828,"1",11,"","2026-02-23T18:44:13.795300Z",936,12.132,"#C C drops his mobile phone on the table with his right hand","Refined via regex fallback","r001","Gardening","silver","Gold","",1996.312360954663,"2026-02-23T18:44:13.795319Z","b1ac8c7e-6b29-4196-a28b-e4e21b872ede"
"Stationary",829,"1",11,"","2026-02-23T19:08:53.431008Z",937,1478.979,"#C C lifts up his left hand","The action describes a single hand movement which is not indicative of any high-energy activity and does not fit into the other categories.","r001","Gardening","silver","Gold","",2154.668530954664,"2026-02-23T19:08:53.431023Z","b1ac8c7e-6b29-4196-a28b-e4e21b872ede"
"Object Transfer",830,"1",11,"","2026-02-23T19:09:03.453506Z",938,8.229,"#C C carries the cup from the table with his left hand","Logistics of moving an object from one place to another.","r001","Gardening","silver","Gold","",2402.724950954664,"2026-02-23T19:09:03.453520Z","b1ac8c7e-6b29-4196-a28b-e4e21b872ede"
"Stationary",831,"1",11,"","2026-02-23T19:09:12.339744Z",939,7.77,"#C C stretches out his right hand","The action describes a stretching motion which is generally low in energy and does not involve significant movement or task execution.","r001","Gardening","silver","Gold","",2434.0545209546635,"2026-02-23T19:09:12.339760Z","b1ac8c7e-6b29-4196-a28b-e4e21b872ede"
"Stationary",832,"1",11,"Essential Operation","2026-02-23T19:10:21.251060Z",940,67.396,"#C C adjusts the mouse on the table.","Low body/hand motion, likely involves minor adjustments.","r001","Gardening","silver","Bad","",3341.948790954664,"2026-02-23T19:10:21.251075Z","b1ac8c7e-6b29-4196-a28b-e4e21b872ede"
"Object Transfer",833,"1",11,"","2026-02-23T19:10:36.614975Z",941,11.962,"#C C removes the paint brush from the paint container.","Logistics step involving picking up or transferring an object.","r001","Mechanical Repair","silver","Gold","",24.772009600000004,"2026-02-23T19:10:36.614989Z","b65f4313-9e42-422e-87fe-b7bdb91cd56c"
"Essential Operation",834,"1",11,"","2026-02-24T02:30:52.002359Z",942,26413.455,"#C C paints the wooden barricade.","Core task involving manual activity with high hand acceleration.","r001","Mechanical Repair","silver","Gold","",135.7281396,"2026-02-24T02:30:52.002373Z","b65f4313-9e42-422e-87fe-b7bdb91cd56c"
"Stationary",835,"1",11,"","2026-02-24T02:30:59.818380Z",943,4.154,"#C C holds the paint brush with both hands.","Low body/hand motion, holding position.","r001","Mechanical Repair","silver","Gold","",177.6175196,"2026-02-24T02:30:59.818432Z","b65f4313-9e42-422e-87fe-b7bdb91cd56c"
"Object Transfer",836,"1",11,"","2026-02-24T02:31:03.443269Z",944,3.159,"#C C removes the paint brush from the paint","Logistics/Setup step, picking up the paint brush.","r001","Mechanical Repair","silver","Gold","",357.8547909546634,"2026-02-24T02:31:03.443283Z","b65f4313-9e42-422e-87fe-b7bdb91cd56c"
"Essential Operation",837,"1",11,"","2026-02-24T02:31:05.690078Z",945,1.921,"#C C paints the wood barricade with a brush","Core task involving repetitive hand movements.","r001","Mechanical Repair","silver","Gold","",548.2090976213301,"2026-02-24T02:31:05.690102Z","b65f4313-9e42-422e-87fe-b7bdb91cd56c"
"Stationary",838,"1",11,"","2026-02-24T02:31:09.392705Z",946,3.382,"#C C removes his left hand from the wood barricade","The action describes a hand removal which implies a low-energy, static movement.","r001","Mechanical Repair","silver","Gold","",590.3442376213301,"2026-02-24T02:31:09.392721Z","b65f4313-9e42-422e-87fe-b7bdb91cd56c"
"Stationary",839,"1",11,"","2026-02-24T02:31:11.932522Z",947,2.206,"#C C touches the wood barricade with his left hand","Low body/hand motion, indicative of a pause or inspection.","r001","Mechanical Repair","silver","Gold","",608.9293376213301,"2026-02-24T02:31:11.932541Z","b65f4313-9e42-422e-87fe-b7bdb91cd56c"
"Object Transfer",840,"1",11,"","2026-02-24T02:31:15.339181Z",948,2.996,"#C C dips the brush in the paint can","Logistics step involving the transfer of the brush into the paint can.","r001","Mechanical Repair","silver","Gold","",690.8034876213301,"2026-02-24T02:31:15.339198Z","b65f4313-9e42-422e-87fe-b7bdb91cd56c"
"Object Transfer",841,"1",11,"","2026-02-24T02:31:18.168201Z",949,2.56,"#C C takes the brush away from the tin","Logistics step, moving the brush from the tin.","r001","Mechanical Repair","silver","Gold","",901.64383762133,"2026-02-24T02:31:18.168221Z","b65f4313-9e42-422e-87fe-b7bdb91cd56c"
"Stationary",842,"1",11,"","2026-02-24T02:31:21.221119Z",950,2.74,"#C C stretches his right fingers","Low body/hand motion, likely preparatory or idle action.","r001","Mechanical Repair","silver","Gold","",944.46492762133,"2026-02-24T02:31:21.221133Z","b65f4313-9e42-422e-87fe-b7bdb91cd56c"
"Stationary",843,"1",11,"Essential Operation","2026-02-24T02:31:29.107336Z",951,7.591,"#C C paints the side of the front yard fence","Painting typically involves holding a brush or spray can and moving it in a steady, controlled manner, which does not involve significant body acceleration or irregular hand movements.","r001","Mechanical Repair","silver","Bad","",946.60423762133,"2026-02-24T02:31:29.107354Z","b65f4313-9e42-422e-87fe-b7bdb91cd56c"
"Object Transfer",844,"1",11,"","2026-02-24T02:31:32.168968Z",952,2.682,"#C C picks a frying pan","Logistics step involving picking up an object.","r001","Cleaning","silver","Gold","",9.6160686,"2026-02-24T02:31:32.168987Z","b8952ddf-dd75-4d30-99f2-4e93a286abda"
"Object Transfer",845,"1",11,"","2026-02-24T02:31:35.854673Z",953,3.352,"#C C puts the bowls on a kitchen drawer","Logistics step involving picking up and placing objects.","r001","Cleaning","silver","Gold","",118.9896186,"2026-02-24T02:31:35.854690Z","b8952ddf-dd75-4d30-99f2-4e93a286abda"
"Object Transfer",846,"1",11,"","2026-02-24T02:31:39.093877Z",954,2.925,"#C C puts a soldering iron on a glass","Logistics step involving the placement of an object.","r001","Cleaning","silver","Gold","",283.073988702702,"2026-02-24T02:31:39.093894Z","b8952ddf-dd75-4d30-99f2-4e93a286abda"
"Essential Operation",847,"1",11,"","2026-02-24T02:34:54.934510Z",955,194.856,"#C C drains water on the scouring pad","Core manual task involving high hand activity.","r001","Cleaning","silver","Gold","",300.02829870270205,"2026-02-24T02:34:54.934522Z","b8952ddf-dd75-4d30-99f2-4e93a286abda"
"Object Transfer",848,"1",11,"","2026-02-24T02:35:21.434447Z",956,26.067,"#C C puts the scouring pad on a surface","Logistics step involving placing an object on a surface.","r001","Cleaning","silver","Gold","",301.622798702702,"2026-02-24T02:35:21.434486Z","b8952ddf-dd75-4d30-99f2-4e93a286abda"
"Essential Operation",849,"1",11,"","2026-02-24T02:35:23.435703Z",957,1.601,"#C C cleans a glass","Core task involving manual cleaning activity.","r001","Cleaning","silver","Gold","",338.09230870270204,"2026-02-24T02:35:23.435717Z","b8952ddf-dd75-4d30-99f2-4e93a286abda"
"Object Transfer",850,"1",11,"","2026-02-24T02:35:26.619642Z",958,2.857,"#C C puts a toaster on a surface","Logistics step involving picking up and placing an object.","r001","Cleaning","silver","Gold","",468.881528702702,"2026-02-24T02:35:26.619657Z","b8952ddf-dd75-4d30-99f2-4e93a286abda"
"Essential Operation",998,"1",11,"","2026-02-24T13:24:50.015088Z",959,181.842,"#C C drains water on a towel","Core manual task involving hand activity.","r001","Cleaning","silver","Gold","",501.228728702702,"2026-02-24T13:24:50.015100Z","b8952ddf-dd75-4d30-99f2-4e93a286abda"
"Object Transfer",999,"1",11,"","2026-02-24T13:24:53.735309Z",960,2.98,"#C C puts a bottle on a surface","Logistics/Setup step (placing object on a surface).","r001","Cleaning","silver","Gold","",514.375358702702,"2026-02-24T13:24:53.735322Z","b8952ddf-dd75-4d30-99f2-4e93a286abda"
"Essential Operation",1000,"1",11,"","2026-02-24T13:24:57.313472Z",961,3.094,"#C C drains water on the sink","Core task involving high hand activity.","r001","Cleaning","silver","Gold","",517.643448702702,"2026-02-24T13:24:57.313485Z","b8952ddf-dd75-4d30-99f2-4e93a286abda"
"Object Transfer",1001,"1",11,"","2026-02-24T13:25:00.808873Z",962,2.912,"#C C picks a kettle","Logistics step involving picking up an object.","r001","Cleaning","silver","Gold","",579.1386821677083,"2026-02-24T13:25:00.808889Z","b8952ddf-dd75-4d30-99f2-4e93a286abda"
"Object Transfer",1002,"1",11,"","2026-02-24T13:25:05.617295Z",963,4.251,"#C C puts the scouring pad on a sink","Logistics/Setup step involving the placement of an object.","r001","Cleaning","silver","Gold","",634.0521321677084,"2026-02-24T13:25:05.617309Z","b8952ddf-dd75-4d30-99f2-4e93a286abda"
"Essential Operation",1003,"1",11,"","2026-02-24T13:25:11.781661Z",964,5.675,"#C C cleans the water bottle","Core task involving manual cleaning activity, high hand activity.","r001","Cleaning","silver","Gold","",1155.1646916989582,"2026-02-24T13:25:11.781673Z","b8952ddf-dd75-4d30-99f2-4e93a286abda"
"Object Transfer",1004,"1",11,"","2026-02-24T13:25:17.285513Z",965,4.921,"#C C puts water inside a bottle","Logistics step involving picking up and placing water into a bottle.","r001","Cleaning","silver","Gold","",1159.3172016989583,"2026-02-24T13:25:17.285527Z","b8952ddf-dd75-4d30-99f2-4e93a286abda"
"Object Transfer",1005,"1",11,"","2026-02-24T13:25:21.562389Z",966,3.704,"#C C picks a toaster","Logistics/Setup step involving picking up an object.","r001","Cleaning","silver","Gold","",1301.3494416989583,"2026-02-24T13:25:21.562401Z","b8952ddf-dd75-4d30-99f2-4e93a286abda"
"Stationary",1006,"1",11,"","2026-02-24T13:25:29.562580Z",967,7.508,"#C C closes #Unsure","Closing an object typically involves minimal movement and can be considered a stationary action.","r001","Cleaning","silver","","Delete Row",1320.6132716989582,"2026-02-24T13:25:29.562596Z","b8952ddf-dd75-4d30-99f2-4e93a286abda"
"Object Transfer",1007,"1",11,"","2026-02-24T13:25:55.205003Z",968,25.113,"#C C picks saviets","Logistics step involving picking up an object.","r001","Cleaning","silver","","Skip",1336.2082716989582,"2026-02-24T13:25:55.205017Z","b8952ddf-dd75-4d30-99f2-4e93a286abda"
"Essential Operation",1024,"1",11,"","2026-02-24T13:29:11.697741Z",969,4.206,"#C C Cleans a blender","Core manual task involving cleaning, high hand activity.","r001","Cleaning","silver","Gold","",1540.8265218017546,"2026-02-24T13:29:11.697756Z","b8952ddf-dd75-4d30-99f2-4e93a286abda"
"Essential Operation",1025,"1",11,"","2026-02-24T13:29:14.906621Z",970,2.407,"#C C drains the scouring pad","Core task involving manual activity with the hands.","r001","Cleaning","silver","Gold","",1556.9040418017544,"2026-02-24T13:29:14.906637Z","b8952ddf-dd75-4d30-99f2-4e93a286abda"
"Essential Operation",1026,"1",11,"","2026-02-24T13:29:17.489199Z",971,2.125,"#C C drains water on a sponge","Core task involving active hand movements.","r001","Cleaning","silver","Gold","",1681.3251907126305,"2026-02-24T13:29:17.489214Z","b8952ddf-dd75-4d30-99f2-4e93a286abda"
"Essential Operation",1027,"1",11,"","2026-02-24T13:29:20.028286Z",972,2.023,"#C C cleans the kitchen walls","Core manual task involving high hand activity.","r001","Cleaning","silver","Gold","",1738.69493071263,"2026-02-24T13:29:20.028298Z","b8952ddf-dd75-4d30-99f2-4e93a286abda"
"Essential Operation",1028,"1",11,"","2026-02-24T13:29:23.114182Z",973,2.645,"#C C cleans the kitchen drawer","Core manual task involving cleaning, high hand activity.","r001","Cleaning","silver","Gold","",1798.18340071263,"2026-02-24T13:29:23.114195Z","b8952ddf-dd75-4d30-99f2-4e93a286abda"
"Object Transfer",1029,"1",11,"","2026-02-24T13:29:26.284370Z",974,2.757,"#C C puts a jug on a surface","Logistics step involving picking up and placing an object.","r001","Cleaning","silver","Gold","",1871.9740007126304,"2026-02-24T13:29:26.284383Z","b8952ddf-dd75-4d30-99f2-4e93a286abda"
"Object Transfer",1030,"1",11,"","2026-02-24T13:29:30.321416Z",975,3.619,"#C C picks the phone on the countertop","Logistics step involving picking up an object.","r001","Cleaning","silver","Gold","",1895.170524036393,"2026-02-24T13:29:30.321429Z","b8952ddf-dd75-4d30-99f2-4e93a286abda"
"Essential Operation",1031,"1",11,"","2026-02-24T13:29:38.251948Z",976,7.484,"#C C shakes the paper towel","High hand activity, core manual task.","r001","Cleaning","silver","Gold","",1899.8957640363933,"2026-02-24T13:29:38.251959Z","b8952ddf-dd75-4d30-99f2-4e93a286abda"
"Object Transfer",1032,"1",11,"","2026-02-24T13:33:36.588508Z",977,237.025,"#C C places the bottle of greaser on the countertop","Logistics step involving picking up and placing an object.","r001","Cleaning","silver","Gold","",1924.7950340363936,"2026-02-24T13:33:36.588522Z","b8952ddf-dd75-4d30-99f2-4e93a286abda"
"Essential Operation",1033,"1",11,"","2026-02-24T13:33:43.175942Z",978,4.488,"#C C rinses her hand with water","Core task involving high hand activity.","r001","Cleaning","silver","Gold","",1930.485634036393,"2026-02-24T13:33:43.175953Z","b8952ddf-dd75-4d30-99f2-4e93a286abda"
"Essential Operation",1034,"1",11,"","2026-02-24T13:33:52.163066Z",979,6.976,"#C C squeezes the sponge on the tap water","Core manual task involving high hand activity.","r001","Cleaning","silver","Gold","",1931.327674036393,"2026-02-24T13:33:52.163076Z","b8952ddf-dd75-4d30-99f2-4e93a286abda"
"Object Transfer",1035,"1",11,"","2026-02-24T13:34:00.109391Z",980,6.301,"#C C picks the tray in the oven rack","Logistics step involving picking up an object.","r001","Cleaning","silver","Gold","",1947.6922540363937,"2026-02-24T13:34:00.109403Z","b8952ddf-dd75-4d30-99f2-4e93a286abda"
"Essential Operation",1008,"1",11,"","2026-02-24T13:26:02.638270Z",981,6.758,"#C C washes the tray with the sponge","Core manual task involving high hand activity.","r001","Cleaning","silver","Gold","",1969.3890240363933,"2026-02-24T13:26:02.638284Z","b8952ddf-dd75-4d30-99f2-4e93a286abda"
"Stationary",1009,"1",11,"Essential Operation","2026-02-24T13:26:12.572083Z",982,9.395,"#C C shakes the tray","Low body/hand motion, shaking is a small, localized motion.","r001","Cleaning","silver","Bad","",2016.4037640363936,"2026-02-24T13:26:12.572096Z","b8952ddf-dd75-4d30-99f2-4e93a286abda"
"Locomotion",1010,"1",11,"","2026-02-24T13:26:22.616981Z",983,9.519,"#O A man X walks around the kitchen","The action involves movement through space, which is characteristic of locomotion.","r001","Cleaning","silver","Gold","",2019.0996740363937,"2026-02-24T13:26:22.616996Z","b8952ddf-dd75-4d30-99f2-4e93a286abda"
"Object Transfer",851,"1",11,"","2026-02-24T02:35:29.766711Z",984,2.825,"#C C places the kitchen towel on the towel holder","Logistics step involving placing an object.","r001","Cleaning","silver","Gold","",2039.2636640363933,"2026-02-24T02:35:29.766727Z","b8952ddf-dd75-4d30-99f2-4e93a286abda"
"Essential Operation",852,"1",11,"","2026-02-24T02:35:34.827538Z",985,4.651,"#C C wipes inside the oven with the paper towel","Core cleaning task, high hand activity.","r001","Cleaning","silver","Gold","",2055.949074036393,"2026-02-24T02:35:34.827554Z","b8952ddf-dd75-4d30-99f2-4e93a286abda"
"Essential Operation",853,"1",11,"","2026-02-24T02:35:49.827736Z",986,14.646,"#C C squeezes the water out of the paper towel","Core task involving high hand activity.","r001","Cleaning","silver","Gold","",2082.196214036393,"2026-02-24T02:35:49.827755Z","b8952ddf-dd75-4d30-99f2-4e93a286abda"
"Locomotion",854,"1",11,"","2026-02-24T02:35:52.076058Z",987,1.908,"#C C walks to the oven","Body moving through space (walking).","r001","Cleaning","silver","Gold","",2094.105094036394,"2026-02-24T02:35:52.076072Z","b8952ddf-dd75-4d30-99f2-4e93a286abda"
"Stationary",855,"1",11,"","2026-02-24T04:47:47.238954Z",988,4.362,"#C C holds the broom with both hands","Low body/hand motion, holding an object without moving.","r001","Cleaning","silver","Gold","",2798.0652165817705,"2026-02-24T04:47:47.238968Z","b8952ddf-dd75-4d30-99f2-4e93a286abda"
"Object Transfer",856,"1",11,"","2026-02-24T04:47:51.236811Z",989,3.056,"#C C pushes the cabinet door with her left hand","Logistics action involving interaction with an object (pushing a cabinet door).","r001","Cleaning","silver","Gold","",3028.171456000431,"2026-02-24T04:47:51.236825Z","b8952ddf-dd75-4d30-99f2-4e93a286abda"
"Essential Operation",857,"1",11,"","2026-02-24T04:48:14.535512Z",990,22.907,"#C C pours the beach in the bucket","Core task involving high hand activity.","r001","Cleaning","silver","","Skip",3029.2233760004315,"2026-02-24T04:48:14.535527Z","b8952ddf-dd75-4d30-99f2-4e93a286abda"
"Stationary",858,"1",11,"","2026-02-24T04:48:18.038182Z",991,2.589,"#C C holds the mop with both hands","Low body/hand motion, holding position.","r001","Cleaning","silver","Gold","",3155.693596000431,"2026-02-24T04:48:18.038196Z","b8952ddf-dd75-4d30-99f2-4e93a286abda"
"Essential Operation",859,"1",11,"Object Transfer","2026-02-24T04:48:23.297405Z",992,4.872,"#C C pours the water in the toilet","Core task involving manual pouring action, high hand activity.","r001","Cleaning","silver","Gold","",3218.066556000432,"2026-02-24T04:48:23.297423Z","b8952ddf-dd75-4d30-99f2-4e93a286abda"
"Object Transfer",860,"1",11,"","2026-02-24T04:48:26.860009Z",993,3.199,"#C C hangs the mop on the door","Logistics step involving the placement of an object.","r001","Cleaning","silver","Gold","",3257.7312104074545,"2026-02-24T04:48:26.860028Z","b8952ddf-dd75-4d30-99f2-4e93a286abda"
"Locomotion",861,"1",11,"","2026-02-24T04:48:31.847110Z",994,4.599,"#C C moves to the front of the motorcycle.","Body moving through space, indicative of movement to a specific location.","r001","Mechanical Repair","silver","Gold","",13.13758,"2026-02-24T04:48:31.847128Z","bc864bb2-d346-4b99-a11a-bb320a563277"
"Stationary",862,"1",11,"Essential Operation","2026-02-24T04:48:49.727949Z",995,17.537,"#C C turns the front fairing. #unsure","The action involves turning a part, which may not involve significant movement and could be considered a stationary task if it involves minimal body movement.","r001","Mechanical Repair","silver","Bad","",19.52084,"2026-02-24T04:48:49.727964Z","bc864bb2-d346-4b99-a11a-bb320a563277"
"Stationary",863,"1",11,"","2026-02-24T04:48:53.257126Z",996,3.132,"#C C touches the screw with his left hand.","Low body/hand motion, focused touch.","r001","Mechanical Repair","silver","Gold","",38.73008,"2026-02-24T04:48:53.257145Z","bc864bb2-d346-4b99-a11a-bb320a563277"
"Object Transfer",864,"1",11,"","2026-02-24T04:48:59.579267Z",997,5.981,"#C C drops the screw in his left hand inside the small box.","[CtxFixed] The action involves deliberately placing the screw inside a small box, which indicates a purposeful movement and placement of the object.","r001","Mechanical Repair","silver","Gold","",41.50834,"2026-02-24T04:48:59.579280Z","bc864bb2-d346-4b99-a11a-bb320a563277"
"Object Transfer",865,"1",11,"","2026-02-24T04:49:02.741801Z",998,2.461,"#C C drops the second screwdriver.","[CtxFixed] The action of dropping the second screwdriver is a deliberate placement of the object onto a surface, which fits the criteria for 'Object Transfer'.","r001","Mechanical Repair","silver","Gold","",76.66476,"2026-02-24T04:49:02.741814Z","bc864bb2-d346-4b99-a11a-bb320a563277"
"Stationary",866,"1",11,"","2026-02-24T04:49:09.200109Z",999,6.072,"#O A man G appears.","The action describes an appearance, which is likely a static event with low energy.","r001","Playing Instrument","silver","","Skip",101.70937,"2026-02-24T04:49:09.200122Z","bff1d1da-957f-42ea-8c98-61eaca98b5f1"
"Locomotion",867,"1",11,"","2026-02-24T04:57:28.578213Z",1000,498.148,"#C C rises up","Body movement through space, likely standing up.","r001","Playing Instrument","silver","","Skip",293.22646,"2026-02-24T04:57:28.578225Z","bff1d1da-957f-42ea-8c98-61eaca98b5f1"
"Locomotion",868,"1",11,"","2026-02-24T04:57:32.244830Z",1001,3.09,"#O H walks away with a mat","Body moving through space (walking).","r001","Playing Instrument","silver","Gold","",455.8556,"2026-02-24T04:57:32.244843Z","bff1d1da-957f-42ea-8c98-61eaca98b5f1"
"Object Transfer",869,"1",11,"","2026-02-24T04:57:35.603920Z",1002,2.977,"#O K picks a mat from the floor","Logistics/Setup step (picking up an object).","r001","Playing Instrument","silver","Gold","",462.02402,"2026-02-24T04:57:35.603933Z","bff1d1da-957f-42ea-8c98-61eaca98b5f1"
"Stationary",870,"1",11,"","2026-02-24T04:57:38.721504Z",1003,2.819,"#C C bends on the mat","The action describes a static pose without significant movement.","r001","Playing Instrument","silver","Gold","",473.31815,"2026-02-24T04:57:38.721521Z","bff1d1da-957f-42ea-8c98-61eaca98b5f1"
"Locomotion",871,"1",11,"","2026-02-24T04:57:42.844001Z",1004,3.358,"#O Y raises up","Body movement through space (standing up).","r001","Playing Instrument","silver","","Skip",502.69032,"2026-02-24T04:57:42.844012Z","bff1d1da-957f-42ea-8c98-61eaca98b5f1"
"Stationary",872,"1",11,"","2026-02-24T04:57:45.734180Z",1005,2.526,"#O P kneels on the mat","The action involves a change in posture to a stationary position (kneeling), with minimal body motion.","r001","Playing Instrument","silver","Gold","",519.98467,"2026-02-24T04:57:45.734194Z","bff1d1da-957f-42ea-8c98-61eaca98b5f1"
"Stationary",873,"1",11,"","2026-02-24T04:57:48.777680Z",1006,10.866,"#O Y bends towards the mat","The action describes a bending motion which is typically associated with a static position and does not involve significant movement.","r001","Playing Instrument","silver","","Skip",558.24867,"2026-02-24T04:58:15.190870Z","bff1d1da-957f-42ea-8c98-61eaca98b5f1"
"Stationary",874,"1",11,"Essential Operation","2026-02-24T04:58:27.004194Z",1007,10.181,"#O U folds a mat","The action of folding a mat does not involve significant body or hand motion that would classify it under other categories.","r001","Playing Instrument","silver","Bad","",568.96943,"2026-02-24T04:58:27.004206Z","bff1d1da-957f-42ea-8c98-61eaca98b5f1"
"Stationary",875,"1",11,"Essential Operation","2026-02-24T04:58:31.924867Z",1008,4.178,"#O L folds a mat","The action of folding a mat does not involve significant movement, indicating a low energy state.","r001","Playing Instrument","silver","Bad","",624.295,"2026-02-24T04:58:31.924891Z","bff1d1da-957f-42ea-8c98-61eaca98b5f1"
"Stationary",876,"1",11,"","2026-02-24T04:58:36.697925Z",1009,4.239,"#O K kneels on the mat","The action describes a change in position to a stationary state (kneeling).","r001","Playing Instrument","silver","","Skip",806.73512,"2026-02-24T04:58:36.697940Z","bff1d1da-957f-42ea-8c98-61eaca98b5f1"
"Search",877,"1",11,"","2026-02-24T04:58:41.434476Z",1010,3.184,"#C C looks around the mosque","Head movement (visual search), hands mostly still.","r001","Playing Instrument","silver","Gold","",847.53616,"2026-02-24T04:58:41.434493Z","bff1d1da-957f-42ea-8c98-61eaca98b5f1"
"Locomotion",878,"1",11,"","2026-02-24T04:58:43.889780Z",1011,2.053,"#C C walks in the mosque","Body moving through space (walking).","r001","Playing Instrument","silver","Gold","",905.03255,"2026-02-24T04:58:43.889795Z","bff1d1da-957f-42ea-8c98-61eaca98b5f1"
"Locomotion",879,"1",11,"","2026-02-24T04:58:48.872234Z",1012,4.118,"#O woman R walks towards C","Body moving through space towards another person, high body acceleration.","r001","Playing Instrument","silver","Gold","",1052.33182,"2026-02-24T04:58:48.872255Z","bff1d1da-957f-42ea-8c98-61eaca98b5f1"
"Essential Operation",880,"1",11,"","2026-02-24T04:58:57.198053Z",1013,7.901,"#C C interacts to woman R","[CtxFixed] The current action involves C interacting with the woman, which is a direct engagement and not related to movement, searching, or object transfer.","r001","Playing Instrument","silver","","Skip",1055.36097,"2026-02-24T04:58:57.198074Z","bff1d1da-957f-42ea-8c98-61eaca98b5f1"
"Stationary",1011,"1",11,"","2026-02-24T13:26:31.377135Z",1014,7.925,"#O woman R converses to C","Low body/hand motion, implies talking.","r001","Playing Instrument","silver","","Skip",1061.90466,"2026-02-24T13:26:31.377149Z","bff1d1da-957f-42ea-8c98-61eaca98b5f1"
"Stationary",1012,"1",11,"","2026-02-24T13:26:36.323674Z",1015,4.453,"#C C adjusts the cap","Low body/hand motion, adjusting an item while likely standing still.","r001","Walking Outdoors","silver","Gold","",93.69979,"2026-02-24T13:26:36.323684Z","c13a54ee-5354-414c-8cbc-18879e22d258"
"Stationary",1013,"1",11,"","2026-02-24T13:26:41.644104Z",1016,4.743,"#C C holds knife in his right hand on the table.","The action involves holding an object without any significant movement.","r001","Cooking","silver","Gold","",-3.999999999976245e-07,"2026-02-24T13:26:41.644119Z","ca1773b8-ec8e-4f61-8e8f-7e4211830793"
"Search",1014,"1",11,"Essential Operation","2026-02-24T13:26:51.551248Z",1017,9.415,"#O The woman B adjusts her camera. #unsure","Head movement (adjusting/viewing), hands mostly still.","r001","Cooking","silver","Bad","",107.8158596,"2026-02-24T13:26:51.551264Z","ca1773b8-ec8e-4f61-8e8f-7e4211830793"
"Stationary",1015,"1",11,"","2026-02-24T13:26:55.694755Z",1018,3.63,"#O The woman B drops her hands.","The action indicates a pause or end of movement, suggesting a low energy state.","r001","Cooking","silver","Gold","",111.1397796,"2026-02-24T13:26:55.694767Z","ca1773b8-ec8e-4f61-8e8f-7e4211830793"
"Stationary",1016,"1",11,"","2026-02-24T13:27:04.141732Z",1019,7.939,"#O The man G touches the potatoes in the stock pot with his right hand.","The action involves touching the potatoes, which implies a stationary or low-energy hand movement.","r001","Cooking","silver","Gold","",152.2568196,"2026-02-24T13:27:04.141745Z","ca1773b8-ec8e-4f61-8e8f-7e4211830793"
"Object Transfer",1017,"1",11,"","2026-02-24T13:27:08.482397Z",1020,3.655,"#O The man G picks the jug from the table with his right hand.","The action involves picking up an object, which is a logistics step.","r001","Cooking","silver","Gold","",248.4313496,"2026-02-24T13:27:08.482410Z","ca1773b8-ec8e-4f61-8e8f-7e4211830793"
"Object Transfer",1018,"1",11,"","2026-02-24T13:27:28.027811Z",1021,18.957,"#O The woman E puts the cheese in the plate into the pot of soup on the cooker on the table.","The action involves moving an object (cheese in a plate) to a specific location (pot of soup), which is a logistics step.","r001","Cooking","silver","Gold","",316.8826609546634,"2026-02-24T13:27:28.027824Z","ca1773b8-ec8e-4f61-8e8f-7e4211830793"
"Object Transfer",1019,"1",11,"","2026-02-24T13:27:35.971635Z",1022,3.704,"#O A woman D lifts a jar from the table.","Logistics step involving picking up an object.","r001","Cooking","silver","Gold","",318.0344609546634,"2026-02-24T13:27:35.971647Z","ca1773b8-ec8e-4f61-8e8f-7e4211830793"
"Stationary",1020,"1",11,"","2026-02-24T13:27:45.610616Z",1023,9.094,"#C C interacts with a man H.","Interacting with another person typically involves low body and hand motion.","r001","Cooking","silver","","Skip",333.8020509546634,"2026-02-24T13:27:45.610627Z","ca1773b8-ec8e-4f61-8e8f-7e4211830793"
"Stationary",1021,"1",11,"","2026-02-24T13:27:50.723648Z",1024,4.362,"#O The man H touches a camera on C's head. #Unsure","The action involves touching a camera, which is a low-energy interaction.","r001","Cooking","silver","Gold","",336.3626109546634,"2026-02-24T13:27:50.723665Z","ca1773b8-ec8e-4f61-8e8f-7e4211830793"
"Object Transfer",1022,"1",11,"Essential Operation","2026-02-24T13:27:59.647218Z",1025,8.466,"#O The woman E collects the chop sticks from C.","Logistics step involving picking up and transferring chopsticks.","r001","Cooking","silver","Gold","",378.3246009546634,"2026-02-24T13:27:59.647234Z","ca1773b8-ec8e-4f61-8e8f-7e4211830793"
"Object Transfer",1023,"1",11,"","2026-02-24T13:28:04.834820Z",1026,4.73,"#O The man F gives the chop sticks to a man G.","Logistics/Setup step involving the transfer of an object.","r001","Cooking","silver","Gold","",383.4849509546634,"2026-02-24T13:28:04.834833Z","ca1773b8-ec8e-4f61-8e8f-7e4211830793"
"Object Transfer",1036,"1",11,"","2026-02-24T13:34:13.108662Z",1027,11.217,"#O The woman E puts the potato into the pot of soup on the cooker on the table.","Logistics step involving picking up and placing the potato into the pot.","r001","Cooking","silver","Gold","",414.2250809546634,"2026-02-24T13:34:13.108673Z","ca1773b8-ec8e-4f61-8e8f-7e4211830793"
"Locomotion",1037,"1",11,"","2026-02-24T13:34:26.227451Z",1028,10.843,"#O The man Y stands up.","Body movement through space, in this case standing up.","r001","Cooking","silver","","Skip",579.9881109546634,"2026-02-24T13:34:26.227462Z","ca1773b8-ec8e-4f61-8e8f-7e4211830793"
"Essential Operation",1038,"1",11,"Object Transfer","2026-02-24T13:34:41.174168Z",1029,18.986,"#O The woman D serves food inside the plate in her left hand and the chopstick in her right hand.","Core manual task involving high hand activity.","r001","Cooking","silver","Gold","",617.5593409546634,"2026-02-24T13:35:42.094200Z","ca1773b8-ec8e-4f61-8e8f-7e4211830793"
"Object Transfer",1039,"1",11,"Essential Operation","2026-02-24T13:34:54.860002Z",1030,11.752,"#O The man Y serves food inside the plate on the table with the chopstick in his right hand.","The action involves picking up and placing food on a plate, which is a logistics step.","r001","Cooking","silver","Bad","",779.41872662133,"2026-02-24T13:34:54.860012Z","ca1773b8-ec8e-4f61-8e8f-7e4211830793"
"Locomotion",1040,"1",11,"","2026-02-24T13:35:06.801520Z",1031,9.584,"#C C walks to the dinning table.","Movement through space, high body acceleration.","r001","Cooking","silver","Gold","",806.39546662133,"2026-02-24T13:35:06.801531Z","ca1773b8-ec8e-4f61-8e8f-7e4211830793"
"Object Transfer",1041,"1",11,"Essential Operation","2026-02-24T13:35:32.004840Z",1032,23.604,"#O The woman Z serves food inside the plate in her hand with the chopstick in her right hand.","Logistics step of placing food on a plate.","r001","Cooking","silver","Gold","",810.00719662133,"2026-02-24T13:35:32.004851Z","ca1773b8-ec8e-4f61-8e8f-7e4211830793"
"Essential Operation",1042,"1",11,"","2026-02-24T13:35:49.679082Z",1033,6.014,"#O The woman A eats the food from the plate with the chopstick.","Core task involving fine hand movements.","r001","Cooking","silver","Gold","",885.0256976213301,"2026-02-24T13:35:49.679093Z","ca1773b8-ec8e-4f61-8e8f-7e4211830793"
"Essential Operation",1043,"1",11,"","2026-02-24T13:37:55.844191Z",1034,123.725,"#O The man G stirs the pot of soup on the table with the chopsticks.","Core manual task involving high hand activity.","r001","Cooking","silver","Gold","",902.55724762133,"2026-02-24T13:37:55.844203Z","ca1773b8-ec8e-4f61-8e8f-7e4211830793"
"Stationary",1044,"1",11,"Essential Operation","2026-02-24T13:38:05.519830Z",1035,8.204,"#O The man F eats the food from the plate with the chopstick.","Eating typically involves minimal movement beyond hand use, which is not characterized by high acceleration or irregular motion.","r001","Cooking","silver","Bad","",929.31304762133,"2026-02-24T13:38:05.519843Z","ca1773b8-ec8e-4f61-8e8f-7e4211830793"
"Essential Operation",1045,"1",11,"","2026-02-24T13:38:17.243219Z",1036,9.668,"#O The woman D eats the food from the plate with the chopstick.","Core task involving high hand activity (using chopsticks to eat).","r001","Cooking","silver","Gold","",961.33529762133,"2026-02-24T13:38:17.243235Z","ca1773b8-ec8e-4f61-8e8f-7e4211830793"
"Object Transfer",1046,"1",11,"Essential Operation","2026-02-24T13:38:34.632497Z",1037,16.03,"#O The woman E takes some food from the pot of soup on the table with the chopsticks.","The action involves picking up and transferring food, which is a logistics step.","r001","Cooking","silver","Gold","",1020.2090776213302,"2026-02-24T13:38:34.632508Z","ca1773b8-ec8e-4f61-8e8f-7e4211830793"
"Object Transfer",1047,"1",11,"","2026-02-24T13:47:29.188360Z",1038,8.878,"#O The man C takes some food from the pot of soup on the table with the chopsticks.","Logistics step, picking up and transferring food.","r001","Cooking","silver","Gold","",1026.12785762133,"2026-02-24T13:47:29.188378Z","ca1773b8-ec8e-4f61-8e8f-7e4211830793"
"Object Transfer",1048,"1",11,"","2026-02-24T13:47:40.312056Z",1039,10.301,"#O The woman E takes a slice of potato from the bowl on the table with the chopsticks.","Logistics step involving picking up and transferring an object.","r001","Cooking","silver","Gold","",1029.62021762133,"2026-02-24T13:47:40.312070Z","ca1773b8-ec8e-4f61-8e8f-7e4211830793"
"Locomotion",1049,"1",11,"","2026-02-24T13:48:12.151167Z",1040,31.274,"#O The man F stands up.","Standing up involves body movement through space.","r001","Cooking","silver","","Skip",1104.05604762133,"2026-02-24T13:48:12.151181Z","ca1773b8-ec8e-4f61-8e8f-7e4211830793"
"Locomotion",1050,"1",11,"","2026-02-24T13:48:17.064964Z",1041,4.268,"#O The man H walks inside the room.","Movement through space (walking).","r001","Cooking","silver","Gold","",1127.91715762133,"2026-02-24T13:48:17.064976Z","ca1773b8-ec8e-4f61-8e8f-7e4211830793"
"Object Transfer",1051,"1",11,"","2026-02-24T13:48:21.011149Z",1042,3.364,"#C C drops cards on the table with his left hand.","Refined via regex fallback","r001","Cooking","silver","Gold","",1162.65195762133,"2026-02-24T13:48:21.011160Z","ca1773b8-ec8e-4f61-8e8f-7e4211830793"
"Object Transfer",1052,"1",11,"","2026-02-24T13:48:27.766218Z",1043,6.221,"#O The woman D picks a card from the table with her right hand.","The action involves picking up an object, which falls under logistics or setup steps.","r001","Cooking","silver","Gold","",1173.02032762133,"2026-02-24T13:48:27.766235Z","ca1773b8-ec8e-4f61-8e8f-7e4211830793"
"Stationary",1053,"1",11,"","2026-02-24T13:48:30.887162Z",1044,2.618,"#O The man F speaks.","Low body/hand motion, speaking while stationary.","r001","Cooking","silver","Gold","",1224.81350762133,"2026-02-24T13:48:30.887174Z","ca1773b8-ec8e-4f61-8e8f-7e4211830793"
"Stationary",1054,"1",11,"","2026-02-24T13:48:34.036810Z",1045,2.751,"#O The woman B claps his hands.","Low body/hand motion, likely ceremonial or for timing purposes.","r001","Cooking","silver","Gold","",1243.21509762133,"2026-02-24T13:48:34.036823Z","ca1773b8-ec8e-4f61-8e8f-7e4211830793"
"Stationary",1055,"1",11,"","2026-02-24T13:48:44.082432Z",1046,9.67,"#C The woman B holds C with her right hand.","The action described does not involve any significant movement, suggesting a static posture.","r001","Cooking","silver","Gold","",1369.58409762133,"2026-02-24T13:48:44.082443Z","ca1773b8-ec8e-4f61-8e8f-7e4211830793"
"Object Transfer",1056,"1",11,"","2026-02-24T13:49:16.376507Z",1047,31.098,"#O The woman B picks a sachet of seasoning on the table with her right hand. #unsure","The action involves picking up an object, which is a logistics step.","r001","Cooking","silver","Gold","",1406.70104762133,"2026-02-24T13:49:16.376518Z","ca1773b8-ec8e-4f61-8e8f-7e4211830793"
"Search",1057,"1",11,"Essential Operation","2026-02-24T13:49:22.905010Z",1048,5.927,"#O The woman E adjusts camera. #Unsure","Head movement (visual adjustment), hands mostly still.","r001","Cooking","silver","Bad","",1418.89959762133,"2026-02-24T13:49:22.905020Z","ca1773b8-ec8e-4f61-8e8f-7e4211830793"
"Stationary",1058,"1",11,"","2026-02-24T13:49:27.106626Z",1049,3.771,"#O The woman E puts her hands down.","Low body/hand motion, indicating a pause or rest.","r001","Cooking","silver","Gold","",1419.24799762133,"2026-02-24T13:49:27.106642Z","ca1773b8-ec8e-4f61-8e8f-7e4211830793"
"Stationary",1059,"1",11,"Essential Operation","2026-02-24T13:49:44.634573Z",1050,16.924,"#O The man A stretches the sachet of seasoning with his left hand on the table. #unsure","Low body/hand motion, the action involves stretching an object which does not involve significant movement.","r001","Cooking","silver","Bad","",1429.55892762133,"2026-02-24T13:49:44.634587Z","ca1773b8-ec8e-4f61-8e8f-7e4211830793"
"Object Transfer",1060,"1",11,"","2026-02-24T13:50:08.328967Z",1051,18.464,"#O The man A moves the stock pot on the table with his right hand.","Logistics of moving an object from one place to another.","r001","Cooking","silver","Gold","",1464.53377762133,"2026-02-24T13:50:08.328982Z","ca1773b8-ec8e-4f61-8e8f-7e4211830793"
"Object Transfer",1061,"1",11,"","2026-02-24T13:56:27.922338Z",1052,379.167,"#O The man G moves plates on the table with his hands.","Logistics step involving moving objects (plates).","r001","Cooking","silver","Gold","",1467.42865762133,"2026-02-24T13:56:27.922350Z","ca1773b8-ec8e-4f61-8e8f-7e4211830793"
"Object Transfer",1062,"1",11,"","2026-02-24T13:56:34.952149Z",1053,6.494,"#O The man A shifts a pack of hot dog on the table with his right hand.","Logistics step involving the movement of an object.","r001","Cooking","silver","Gold","",1545.20280762133,"2026-02-24T13:56:34.952161Z","ca1773b8-ec8e-4f61-8e8f-7e4211830793"
"Object Transfer",881,"1",11,"","2026-02-24T04:59:01.066428Z",1054,3.431,"#O The woman F drops the pack of seasoning inside the bowl on the table with her hands.","Refined via regex fallback","r001","Cooking","silver","Gold","",1565.45495762133,"2026-02-24T04:59:01.066444Z","ca1773b8-ec8e-4f61-8e8f-7e4211830793"
"Object Transfer",882,"1",11,"","2026-02-24T04:59:04.306482Z",1055,2.551,"#O The woman F drops the potato inside the plate on the table with her hands.","Refined via regex fallback","r001","Cooking","silver","Gold","",1581.77546762133,"2026-02-24T04:59:04.306498Z","ca1773b8-ec8e-4f61-8e8f-7e4211830793"
"Object Transfer",883,"1",11,"","2026-02-24T05:02:59.592332Z",1056,234.758,"#O The woman F lifts the pack of seasoning on the table with her hands.","The action involves picking up an object, which is a logistics step.","r001","Cooking","silver","Gold","",1586.91008762133,"2026-02-24T05:02:59.592348Z","ca1773b8-ec8e-4f61-8e8f-7e4211830793"
"Object Transfer",884,"1",11,"Essential Operation","2026-02-24T05:03:11.117170Z",1057,10.869,"#O The woman D unwraps the pack of meat.","Logistics step involving the handling and unwrapping of an object.","r001","Cooking","silver","Bad","",1698.40880762133,"2026-02-24T05:03:11.117189Z","ca1773b8-ec8e-4f61-8e8f-7e4211830793"
"Stationary",885,"1",11,"","2026-02-24T05:03:17.046415Z",1058,5.45,"#O The man F holds the wrap of the pack of meat.","The action describes holding an object, which involves minimal movement.","r001","Cooking","silver","Gold","",1700.5718276213302,"2026-02-24T05:03:17.046439Z","ca1773b8-ec8e-4f61-8e8f-7e4211830793"
"Essential Operation",886,"1",11,"","2026-02-24T05:03:19.559273Z",1059,2.141,"#C C unwraps the jar of condiment.","Core task involving manual dexterity with hands.","r001","Cooking","silver","Gold","",1717.05268762133,"2026-02-24T05:03:19.559288Z","ca1773b8-ec8e-4f61-8e8f-7e4211830793"
"Essential Operation",887,"1",11,"","2026-02-24T05:03:22.777497Z",1060,2.879,"#C C peels the potato on the chopping board with the knife.","Core manual task involving high hand activity.","r001","Cooking","silver","Gold","",1740.01874762133,"2026-02-24T05:03:22.777522Z","ca1773b8-ec8e-4f61-8e8f-7e4211830793"
"Locomotion",888,"1",11,"","2026-02-24T05:03:25.714464Z",1061,2.073,"#C C walks towards the pot","Body moving through space, indicative of walking.","r001","Cooking","silver","Gold","",8.5056386,"2026-02-24T05:03:25.714478Z","d2606d87-2a9b-48df-96b2-5df1a4457215"
"Essential Operation",889,"1",11,"","2026-02-24T05:03:31.423912Z",1062,4.183,"#C C stirs the stew with the spatula","Core manual task involving high hand activity.","r001","Cooking","silver","Gold","",37.1837386,"2026-02-24T05:03:31.423925Z","d2606d87-2a9b-48df-96b2-5df1a4457215"
"Object Transfer",1063,"1",11,"","2026-02-24T13:56:49.148715Z",1063,13.273,"#C C returns the excess food from the bowl back in the pot","Logistics of moving food from one container to another.","r001","Cooking","silver","Gold","",67.3580286,"2026-02-24T13:56:49.148732Z","d2606d87-2a9b-48df-96b2-5df1a4457215"
"Object Transfer",1064,"1",11,"","2026-02-24T13:56:52.345203Z",1064,2.738,"#C C places the bowl in the sink","Logistics step, placing an object.","r001","Cooking","silver","Gold","",92.6080286,"2026-02-24T13:56:52.345217Z","d2606d87-2a9b-48df-96b2-5df1a4457215"
"Stationary",1065,"1",11,"","2026-02-24T13:57:01.099481Z",1065,13.201,"#C C places the spatula in her right hand","Preparation step, low body/hand motion.","r001","Cooking","silver","","Skip",130.73898859999997,"2026-02-24T13:57:10.329967Z","d2606d87-2a9b-48df-96b2-5df1a4457215"
"Locomotion",1066,"1",11,"","2026-02-24T13:57:14.741276Z",1066,3.949,"#O a woman X walks past C","Movement through space (walking).","r001","Cooking","silver","Gold","",135.9900286,"2026-02-24T13:57:14.741291Z","d2606d87-2a9b-48df-96b2-5df1a4457215"
"Essential Operation",1067,"1",11,"","2026-02-24T13:57:19.761457Z",1067,4.593,"#C C hits the spatula on the blender","Core task involving high hand activity, likely related to preparing or mixing ingredients.","r001","Cooking","silver","Gold","",138.25702859999998,"2026-02-24T13:57:19.761470Z","d2606d87-2a9b-48df-96b2-5df1a4457215"
"Object Transfer",1068,"1",11,"","2026-02-24T13:57:25.140543Z",1068,4.925,"#C C places the bowl in the dishwasher","Logistics action of placing an object.","r001","Cooking","silver","Gold","",217.7480286,"2026-02-24T13:57:25.140555Z","d2606d87-2a9b-48df-96b2-5df1a4457215"
"Object Transfer",1069,"1",11,"","2026-02-24T13:57:28.614039Z",1069,3.064,"#C C picks the countiner","Logistics step involving picking up an object.","r001","Cooking","silver","Gold","",237.1130286,"2026-02-24T13:57:28.614052Z","d2606d87-2a9b-48df-96b2-5df1a4457215"
"Stationary",1070,"1",11,"Essential Operation","2026-02-24T13:57:36.711288Z",1070,7.621,"#C C operates her phone","Low body/hand motion, likely involves minor hand movements.","r001","Cooking","silver","Bad","",280.99381684102946,"2026-02-24T13:57:36.711301Z","d2606d87-2a9b-48df-96b2-5df1a4457215"
"Essential Operation",1071,"1",11,"","2026-02-24T13:58:04.589262Z",1071,27.299,"#C C scrubs the rice","Core task involving manual effort with hands.","r001","Cooking","silver","Gold","",410.8713868410295,"2026-02-24T13:58:04.589271Z","d2606d87-2a9b-48df-96b2-5df1a4457215"
"Essential Operation",1072,"1",11,"Object Transfer","2026-02-24T14:32:07.038088Z",1072,2041.796,"#C C pours water to the pot","Core task involving high hand activity.","r001","Cooking","silver","Gold","",443.2667268410295,"2026-02-24T14:32:07.038098Z","d2606d87-2a9b-48df-96b2-5df1a4457215"
"Object Transfer",1073,"1",11,"","2026-02-24T14:32:11.029570Z",1073,3.008,"#C C picks the bottle lid","Logistics step involving picking up an object.","r001","Cooking","silver","Gold","",466.7447068410295,"2026-02-24T14:32:11.029584Z","d2606d87-2a9b-48df-96b2-5df1a4457215"
"Essential Operation",1074,"1",11,"Object Transfer","2026-02-24T14:37:56.355921Z",1074,344.766,"#C C pours #unsure to the pot","Core task involving a manual action with high hand activity.","r001","Cooking","silver","Gold","",505.5794768410295,"2026-02-24T14:37:56.355935Z","d2606d87-2a9b-48df-96b2-5df1a4457215"
"Stationary",1075,"1",11,"Essential Operation","2026-02-24T14:38:04.406887Z",1075,7.303,"#C C uses the computer mouse","Low body/hand motion, primarily hand movement which is not considered high acceleration or irregular.","r001","Desk Work","silver","Bad","",154.6885896,"2026-02-24T14:38:04.406901Z","d85356d4-2561-425d-9a29-bc363cd97155"
"Object Transfer",1076,"1",11,"","2026-02-24T14:38:10.355617Z",1076,5.406,"#C C puts rubber in the tin","Logistics/Setup step (putting an object into another).","r001","Desk Work","silver","Gold","",67.37475959999999,"2026-02-24T14:38:10.355635Z","d9b4c3ac-7b2c-4454-a84f-c216a9129909"
"Essential Operation",1091,"1",11,"Object Transfer","2026-02-24T14:49:53.439304Z",1077,9.132,"#C C picks the white wash","Core manual task, high hand activity.","r001","Desk Work","silver","Bad","",228.8073096,"2026-02-24T14:49:53.439329Z","d9b4c3ac-7b2c-4454-a84f-c216a9129909"
"Search",1092,"1",11,"","2026-02-24T14:49:57.590500Z",1078,3.133,"#C C looks in the closet","Head movement (visual search), hands mostly still.","r001","Desk Work","silver","Gold","",262.46648960000005,"2026-02-24T14:49:57.590515Z","d9b4c3ac-7b2c-4454-a84f-c216a9129909"
"Locomotion",1093,"1",11,"","2026-02-24T14:50:01.048913Z",1079,3.016,"#O Person A walks around","Body moving through space (walking), high body acceleration.","r001","Desk Work","silver","Gold","",485.4701209546634,"2026-02-24T14:50:01.048925Z","d9b4c3ac-7b2c-4454-a84f-c216a9129909"
"Search",1094,"1",11,"","2026-02-24T15:30:55.791766Z",1080,2454.268,"#O Person A looks around","Head movement (visual search), hands mostly still.","r001","Desk Work","silver","Gold","",590.3084709546634,"2026-02-24T15:30:55.791778Z","d9b4c3ac-7b2c-4454-a84f-c216a9129909"
"Essential Operation",1095,"1",11,"","2026-02-24T15:31:03.129513Z",1081,3.457,"#C C spreads the towel","Core manual task involving high hand activity.","r001","Cleaning","silver","Gold","",28.7183086,"2026-02-24T15:31:03.129547Z","dfa06e1b-6823-4fa0-b7f8-194bac7bc7f3"
"Object Transfer",1096,"1",11,"","2026-02-24T15:31:07.609421Z",1082,3.68,"#C C places the towel down","Logistics step of placing an object down.","r001","Cleaning","silver","Gold","",47.6645886,"2026-02-24T15:31:07.609436Z","dfa06e1b-6823-4fa0-b7f8-194bac7bc7f3"
"Object Transfer",1097,"1",11,"","2026-02-24T15:31:13.465646Z",1083,5.154,"#C C picks the candle","Logistics step involving picking up an object.","r001","Cleaning","silver","Gold","",61.8959786,"2026-02-24T15:31:13.465659Z","dfa06e1b-6823-4fa0-b7f8-194bac7bc7f3"
"Object Transfer",1098,"1",11,"","2026-02-24T15:31:16.400588Z",1084,2.348,"#C C picks a small tin","Logistics step involving picking up an object.","r001","Cleaning","silver","Gold","",70.8363686,"2026-02-24T15:31:16.400607Z","dfa06e1b-6823-4fa0-b7f8-194bac7bc7f3"
"Essential Operation",1099,"1",11,"","2026-02-24T15:31:19.022397Z",1085,2.106,"#C C wipes a container","Core task involving high hand activity.","r001","Cleaning","silver","Gold","",112.7963686,"2026-02-24T15:31:19.022413Z","dfa06e1b-6823-4fa0-b7f8-194bac7bc7f3"
"Stationary",1100,"1",11,"","2026-02-24T15:31:24.522779Z",1086,4.974,"#C C holds a container with right hand","Low body/hand motion, holding an object without movement.","r001","Cleaning","silver","Gold","",113.8053686,"2026-02-24T15:31:24.522794Z","dfa06e1b-6823-4fa0-b7f8-194bac7bc7f3"
"Essential Operation",1101,"1",11,"","2026-02-24T15:31:27.018927Z",1087,2.033,"#C C wipes the window","Core task involving manual effort and repetitive hand movements.","r001","Cleaning","silver","Gold","",117.0352186,"2026-02-24T15:31:27.018952Z","dfa06e1b-6823-4fa0-b7f8-194bac7bc7f3"
"Essential Operation",1102,"1",11,"","2026-02-24T15:31:30.001094Z",1088,2.592,"#C C wipes the stairs handle","Core task involving high hand activity.","r001","Cleaning","silver","Gold","",200.3287886,"2026-02-24T15:31:30.001108Z","dfa06e1b-6823-4fa0-b7f8-194bac7bc7f3"
"Object Transfer",1077,"1",11,"","2026-02-24T14:38:29.780114Z",1089,18.971,"#C C places the stand on bed","Logistics step, placing an object.","r001","Cleaning","silver","Gold","",241.3911186,"2026-02-24T14:38:29.780133Z","dfa06e1b-6823-4fa0-b7f8-194bac7bc7f3"
"Object Transfer",1078,"1",11,"","2026-02-24T14:38:35.088777Z",1090,4.36,"#C C places the stand on stool","Logistics step involving picking up and placing an object.","r001","Cleaning","silver","Gold","",257.8421586,"2026-02-24T14:38:35.088792Z","dfa06e1b-6823-4fa0-b7f8-194bac7bc7f3"
"Object Transfer",1079,"1",11,"","2026-02-24T14:38:39.363598Z",1091,3.67,"#C C picks the artificial trees","Logistics step involving picking up objects.","r001","Cleaning","silver","Gold","",277.9863586,"2026-02-24T14:38:39.363619Z","dfa06e1b-6823-4fa0-b7f8-194bac7bc7f3"
"Object Transfer",1080,"1",11,"","2026-02-24T14:38:43.630475Z",1092,3.742,"#C C places the vase of flower down","Logistics step involving placing an object down.","r001","Cleaning","silver","Gold","",356.5919113465821,"2026-02-24T14:38:43.630493Z","dfa06e1b-6823-4fa0-b7f8-194bac7bc7f3"
"Essential Operation",1081,"1",11,"","2026-02-24T14:38:48.063157Z",1093,3.923,"#C C folds the trouser","Core manual task involving hand manipulation.","r001","Cleaning","silver","Gold","",249.6693586,"2026-02-24T14:38:48.063172Z","e187d152-8068-4446-9c60-e40682e9fe5e"
"Object Transfer",1082,"1",11,"","2026-02-24T14:38:52.937213Z",1094,4.336,"#C C puts the trouser on the floor","Moving an object (trouser) from one location to another (floor).","r001","Cleaning","silver","Gold","",494.3432786,"2026-02-24T14:38:52.937225Z","e187d152-8068-4446-9c60-e40682e9fe5e"
"Stationary",1083,"1",11,"","2026-02-24T14:38:57.078106Z",1095,3.631,"#C C holds the vest","Low body/hand motion, holding an object without movement.","r001","Cleaning","silver","Gold","",538.8826686,"2026-02-24T14:38:57.078122Z","e187d152-8068-4446-9c60-e40682e9fe5e"
"Stationary",1084,"1",11,"","2026-02-24T14:39:01.446485Z",1096,3.928,"#C C holds the sheet","Low body/hand motion, holding an object without movement.","r001","Cleaning","silver","Gold","",775.4432770466904,"2026-02-24T14:39:01.446503Z","e187d152-8068-4446-9c60-e40682e9fe5e"
"Object Transfer",1085,"1",11,"","2026-02-24T14:39:07.588667Z",1097,5.559,"#C C pulls the other drawer","Logistics action involving drawer movement.","r001","Cleaning","silver","Gold","",932.8445334828124,"2026-02-24T14:39:07.588682Z","e187d152-8068-4446-9c60-e40682e9fe5e"
"Locomotion",1086,"1",11,"","2026-02-24T14:39:10.738057Z",1098,2.699,"#C C walks in the washroom","Body moving through space, indicative of walking.","r001","Cleaning","silver","Gold","",978.3975234828124,"2026-02-24T14:39:10.738074Z","e187d152-8068-4446-9c60-e40682e9fe5e"
"Object Transfer",1087,"1",11,"","2026-02-24T14:39:17.437567Z",1099,6.289,"#C C picks the hand gloves","Logistics step involving picking up an object.","r001","Cleaning","silver","Gold","",9.5143486,"2026-02-24T14:39:17.437584Z","e58a1cd6-cf82-4477-b8a3-8f749ebceffe"
"Object Transfer",1088,"1",11,"","2026-02-24T14:39:22.439483Z",1100,4.621,"#C C picks the cooking pot and bowl cover","Logistics/Setup step involving picking up objects.","r001","Cleaning","silver","Gold","",28.2065286,"2026-02-24T14:39:22.439496Z","e58a1cd6-cf82-4477-b8a3-8f749ebceffe"
"Essential Operation",1089,"1",11,"","2026-02-24T14:39:25.497447Z",1101,2.564,"#C C washes the sink surface","Core task involving high hand activity.","r001","Cleaning","silver","Gold","",228.4332086,"2026-02-24T14:39:25.497462Z","e58a1cd6-cf82-4477-b8a3-8f749ebceffe"
"Object Transfer",1090,"1",11,"","2026-02-24T14:39:32.926373Z",1102,6.842,"#C C picks the sponge from the sink","Logistics step involving picking up an object.","r001","Cleaning","silver","Gold","",409.2392745718724,"2026-02-24T14:39:32.926395Z","e58a1cd6-cf82-4477-b8a3-8f749ebceffe"
"Object Transfer",1103,"1",11,"","2026-02-24T15:31:34.776614Z",1103,3.784,"#C C puts the bottle of soap aside","Logistics step, moving the soap bottle.","r001","Cleaning","silver","Gold","",541.4074079052058,"2026-02-24T15:31:34.776647Z","e58a1cd6-cf82-4477-b8a3-8f749ebceffe"
"Object Transfer",1104,"1",11,"","2026-02-24T15:31:43.019622Z",1104,7.796,"#C C places the cooking pot on the rack","Logistics step involving picking up and placing an object.","r001","Cleaning","silver","Gold","",742.0622321677083,"2026-02-24T15:31:43.019649Z","e58a1cd6-cf82-4477-b8a3-8f749ebceffe"
"Object Transfer",1105,"1",11,"","2026-02-24T15:32:24.234140Z",1105,40.854,"#C C places the sponge on the countertop","Logistics step involving placing an object.","r001","Cleaning","silver","Gold","",807.3853021677085,"2026-02-24T15:32:24.234153Z","e58a1cd6-cf82-4477-b8a3-8f749ebceffe"
"Object Transfer",1106,"1",11,"","2026-02-24T15:32:27.510235Z",1106,2.884,"#C C places soap on the countertop","Logistics step involving placing an object.","r001","Cleaning","silver","Gold","",907.051272788142,"2026-02-24T15:32:27.510249Z","e58a1cd6-cf82-4477-b8a3-8f749ebceffe"
"Object Transfer",1107,"1",11,"","2026-02-24T15:32:30.902149Z",1107,3.022,"#C C places the detergent bottle on the countertop","Logistics step involving moving an object to a specific location.","r001","Cleaning","silver","Gold","",1058.4874827881415,"2026-02-24T15:32:30.902162Z","e58a1cd6-cf82-4477-b8a3-8f749ebceffe"
"Essential Operation",1108,"1",11,"","2026-02-24T15:32:34.394876Z",1108,3.143,"#C C scrubs the sink","Core task, high hand activity.","r001","Cleaning","silver","Gold","",1137.723810383854,"2026-02-24T15:32:34.394895Z","e58a1cd6-cf82-4477-b8a3-8f749ebceffe"
"Object Transfer",1109,"1",11,"","2026-02-24T15:32:37.426645Z",1109,2.665,"#C C places the utensil brush on the sink top","Logistics step involving placing an object.","r001","Cleaning","silver","Gold","",1139.031270383854,"2026-02-24T15:32:37.426661Z","e58a1cd6-cf82-4477-b8a3-8f749ebceffe"
"Essential Operation",1110,"1",11,"Object Transfer","2026-02-24T15:32:59.026813Z",1110,21.259,"#C C pours the detergent in the sink","Core task involving high hand activity.","r001","Cleaning","silver","Gold","",1272.928740383854,"2026-02-24T15:32:59.026826Z","e58a1cd6-cf82-4477-b8a3-8f749ebceffe"
"Essential Operation",1111,"1",11,"","2026-02-24T15:33:09.009234Z",1111,9.487,"#C C dries the bottle with the napkin","Core task involving manual activity with the hands.","r001","Cleaning","silver","Gold","",1295.0682903838542,"2026-02-24T15:33:09.009249Z","e58a1cd6-cf82-4477-b8a3-8f749ebceffe"
"Stationary",1112,"1",11,"","2026-02-24T15:33:12.533697Z",1112,2.901,"#C C holds the utensil brush","Low body/hand motion, holding an object without moving.","r001","Cleaning","silver","Gold","",1327.024310383854,"2026-02-24T15:33:12.533711Z","e58a1cd6-cf82-4477-b8a3-8f749ebceffe"
"Object Transfer",1113,"1",11,"","2026-02-24T15:33:16.027736Z",1113,3.096,"#C C closes the dust bin","Logistics step involving closing an object.","r001","Cleaning","silver","Gold","",1456.9411985283512,"2026-02-24T15:33:16.027747Z","e58a1cd6-cf82-4477-b8a3-8f749ebceffe"
"Essential Operation",1114,"1",11,"","2026-02-24T15:33:21.544025Z",1114,5.081,"#C C wipes the cooking gas with the tissue paper","Core task involving manual cleaning activity.","r001","Cleaning","silver","Gold","",1806.705263717188,"2026-02-24T15:33:21.544044Z","e58a1cd6-cf82-4477-b8a3-8f749ebceffe"
"Stationary",1115,"1",11,"Object Transfer","2026-02-24T15:33:29.100708Z",1115,7.135,"#C C arranges the tin of #unsure","Low body/hand motion, likely involves minor hand movements without significant acceleration.","r001","Cleaning","silver","Bad","",1843.612403717188,"2026-02-24T15:33:29.100720Z","e58a1cd6-cf82-4477-b8a3-8f749ebceffe"
"Essential Operation",1116,"1",11,"","2026-02-24T15:33:33.495833Z",1116,3.929,"#C C wipes the cooking gas with the hand towel","Core manual task involving high hand activity.","r001","Cleaning","silver","Gold","",1864.7037037171872,"2026-02-24T15:33:33.495849Z","e58a1cd6-cf82-4477-b8a3-8f749ebceffe"
"Stationary",1117,"1",11,"","2026-02-24T15:33:41.008416Z",1117,7.16,"#C C points the chopboard","Pointing typically involves minimal body movement and is often a static gesture.","r001","Cleaning","silver","Gold","",1878.522883717188,"2026-02-24T15:33:41.008429Z","e58a1cd6-cf82-4477-b8a3-8f749ebceffe"
"Stationary",1118,"1",11,"","2026-02-24T15:33:44.426924Z",1118,3.056,"#C C points at the sink","Low body/hand motion, pointing involves minimal movement.","r001","Cleaning","silver","Gold","",1899.1670037171875,"2026-02-24T15:33:44.426936Z","e58a1cd6-cf82-4477-b8a3-8f749ebceffe"
"Locomotion",1119,"1",11,"","2026-02-24T15:33:47.963220Z",1119,3.09,"#O A woman X walks out of the house","Body moving through space, indicative of walking.","r001","Walking Outdoors","silver","Gold","",18.61964,"2026-02-24T15:33:47.963238Z","e750d46b-2c3a-468e-88db-4169a9d65a9a"
"Stationary",1120,"1",11,"","2026-02-24T15:33:53.176494Z",1120,4.79,"#O A woman X gestures with her hand","The action involves hand gestures while the main body is likely stationary or not moving enough to classify as locomotion.","r001","Walking Outdoors","silver","Gold","",627.6975133333333,"2026-02-24T15:33:53.176507Z","e750d46b-2c3a-468e-88db-4169a9d65a9a"
"Stationary",1121,"1",11,"","2026-02-24T15:33:57.728435Z",1121,4.204,"#O A lady Y gestures out","The action describes a gesture which involves minimal movement and can be considered as a stationary activity.","r001","Walking Outdoors","silver","Gold","",906.5685933333332,"2026-02-24T15:33:57.728449Z","e750d46b-2c3a-468e-88db-4169a9d65a9a"
"Locomotion",1122,"1",11,"","2026-02-24T15:34:00.660213Z",1122,2.557,"#O A lady X walks on the road","Body moving through space (walking), high body acceleration.","r001","Walking Outdoors","silver","Gold","",941.4181933333332,"2026-02-24T15:34:00.660226Z","e750d46b-2c3a-468e-88db-4169a9d65a9a"
"Search",1123,"1",11,"","2026-02-24T15:34:04.972889Z",1123,3.939,"#C C looks around the cabro blocks","Head movement (visual search), hands mostly still.","r001","Walking Outdoors","silver","Gold","",1129.626076666667,"2026-02-24T15:34:04.972907Z","e750d46b-2c3a-468e-88db-4169a9d65a9a"
"Object Transfer",1124,"1",11,"","2026-02-24T15:34:08.579217Z",1124,3.266,"#O A woman X puts the plastic bag on the surface","The action involves placing an object (putting the plastic bag on a surface), which corresponds to logistics/setup step.","r001","Walking Outdoors","silver","Gold","",1136.1074266666667,"2026-02-24T15:34:08.579229Z","e750d46b-2c3a-468e-88db-4169a9d65a9a"
"Locomotion",1125,"1",11,"Stationary","2026-02-24T15:34:25.840823Z",1125,16.649,"#C C stands on the cabro blocks","Body moving through space, standing involves a transition in location.","r001","Walking Outdoors","silver","Bad","",1319.6031666666668,"2026-02-24T15:34:25.840836Z","e750d46b-2c3a-468e-88db-4169a9d65a9a"
"Object Transfer",1126,"1",11,"","2026-02-24T15:34:30.378758Z",1126,4.143,"#O A lady X puts down the can","The action involves placing an object (the can) down, which is a logistics step.","r001","Walking Outdoors","silver","Gold","",1579.9152066666666,"2026-02-24T15:34:30.378769Z","e750d46b-2c3a-468e-88db-4169a9d65a9a"
"Stationary",1127,"1",11,"","2026-02-24T15:34:35.093871Z",1127,4.394,"#O A woman X holds the crisp","The action describes holding an object, which is a low-energy, stationary activity.","r001","Walking Outdoors","silver","Gold","",1643.11855,"2026-02-24T15:34:35.093885Z","e750d46b-2c3a-468e-88db-4169a9d65a9a"
"Stationary",1128,"1",11,"","2026-02-24T15:34:38.059254Z",1128,2.598,"#C C gestures with his hand","The action described involves hand movement but does not indicate significant body movement or locomotion.","r001","Walking Outdoors","silver","Gold","",1643.94877,"2026-02-24T15:34:38.059268Z","e750d46b-2c3a-468e-88db-4169a9d65a9a"
"Search",1129,"1",11,"","2026-02-24T15:34:42.783204Z",1129,3.928,"#C C looks at woman X","Head movement (visual search), hands mostly still.","r001","Walking Outdoors","silver","","Skip",1679.71856,"2026-02-24T15:34:42.783216Z","e750d46b-2c3a-468e-88db-4169a9d65a9a"
"Stationary",1130,"1",11,"","2026-02-24T15:34:50.532620Z",1130,7.353,"#C C moves his hand","The action describes a hand movement which is likely a minor gesture or adjustment rather than a core task, logistics step, search, or error/correction while the overall context is walking which implies locomotion. However, the specific action of moving his hand is classified as stationary due to low energy motion.","r001","Walking Outdoors","silver","Gold","",1870.62189,"2026-02-24T15:34:50.532633Z","e750d46b-2c3a-468e-88db-4169a9d65a9a"
"Object Transfer",1131,"1",11,"","2026-02-24T15:34:55.553921Z",1131,3.997,"#C C lifts the can","The action involves picking up an object, which is a logistics step.","r001","Walking Outdoors","silver","Gold","",1884.41398,"2026-02-24T15:34:55.553935Z","e750d46b-2c3a-468e-88db-4169a9d65a9a"
"Essential Operation",1132,"1",11,"","2026-02-24T15:34:59.341475Z",1132,3.383,"#O A lady X eats #unsure","The action involves a core manual task (eating), which typically involves high hand activity.","r001","Walking Outdoors","silver","Gold","",1996.63103,"2026-02-24T15:34:59.341490Z","e750d46b-2c3a-468e-88db-4169a9d65a9a"
"Search",1133,"1",11,"","2026-02-24T15:35:05.613219Z",1133,5.865,"#C C points on the cat","Head movement (pointing), hands mostly still.","r001","Walking Outdoors","silver","","Skip",2042.77551,"2026-02-24T15:35:05.613267Z","e750d46b-2c3a-468e-88db-4169a9d65a9a"
"Locomotion",1134,"1",11,"","2026-02-24T15:35:10.798502Z",1134,4.771,"#O A lady X makes some steps","Body moving through space (walking).","r001","Walking Outdoors","silver","Gold","",2368.900513333333,"2026-02-24T15:35:10.798515Z","e750d46b-2c3a-468e-88db-4169a9d65a9a"
"Essential Operation",1135,"1",11,"","2026-02-24T15:35:16.709115Z",1135,5.536,"#C C sprays the cleaner on the sharpening stone","Core task involving manual application, high hand activity.","r001","Mechanical Repair","silver","Gold","",98.1206086,"2026-02-24T15:35:16.709129Z","e8283c8f-ecc0-448a-84d2-9f16160d7a4b"
"Essential Operation",1136,"1",11,"","2026-02-24T15:35:24.121573Z",1136,5.088,"#C C wipes the knife's blade with the cloth","Core task involving manual activity with the hands.","r001","Mechanical Repair","silver","Gold","",114.1146286,"2026-02-24T15:35:24.121587Z","e8283c8f-ecc0-448a-84d2-9f16160d7a4b"
"Essential Operation",1137,"1",11,"","2026-02-24T15:42:23.253665Z",1137,418.786,"#C C removes the dirt from the stone with the left hand","Core manual task involving high hand activity.","r001","Mechanical Repair","silver","Gold","",121.6570186,"2026-02-24T15:42:23.253678Z","e8283c8f-ecc0-448a-84d2-9f16160d7a4b"
"Essential Operation",1138,"1",11,"","2026-02-24T15:42:38.589845Z",1138,14.239,"#C C turns the holder with stone on the table","Core manual task involving manipulation, high hand activity.","r001","Mechanical Repair","silver","Gold","",124.0587486,"2026-02-24T15:42:38.589859Z","e8283c8f-ecc0-448a-84d2-9f16160d7a4b"
"Object Transfer",1139,"1",11,"","2026-02-24T15:43:03.175281Z",1139,15.486,"#C C takes the cloth from the table","Logistics/Setup step.","r001","Mechanical Repair","silver","Gold","",127.2950986,"2026-02-24T15:43:03.175297Z","e8283c8f-ecc0-448a-84d2-9f16160d7a4b"
"Essential Operation",1140,"1",11,"","2026-02-24T15:43:24.872138Z",1140,21.135,"#C C wipes the sharpening stone with the cloth","Core manual task involving hand activity.","r001","Mechanical Repair","silver","Gold","",127.9263486,"2026-02-24T15:43:24.872154Z","e8283c8f-ecc0-448a-84d2-9f16160d7a4b"
"Essential Operation",1141,"1",11,"","2026-02-24T15:43:29.206279Z",1141,3.659,"#C C loosens the bolts of the holder","Core manual task involving high hand activity.","r001","Mechanical Repair","silver","Gold","",146.6308186,"2026-02-24T15:43:29.206294Z","e8283c8f-ecc0-448a-84d2-9f16160d7a4b"
"Essential Operation",1142,"1",11,"","2026-02-24T15:43:34.149902Z",1142,4.195,"#C C tightens the bolts of the holder","Core manual task involving high hand activity.","r001","Mechanical Repair","silver","Gold","",149.6512286,"2026-02-24T15:43:34.149917Z","e8283c8f-ecc0-448a-84d2-9f16160d7a4b"
"Essential Operation",1143,"1",11,"","2026-02-24T15:43:39.391294Z",1143,4.762,"#C C adjusts the sharpening stone","Core manual task involving high hand activity.","r001","Mechanical Repair","silver","Gold","",152.3423886,"2026-02-24T15:43:39.391322Z","e8283c8f-ecc0-448a-84d2-9f16160d7a4b"
"Search",1144,"1",11,"","2026-02-24T15:43:44.877795Z",1144,5.04,"#C C examines the knife's blade","Visual inspection, head movement likely involved.","r001","Mechanical Repair","silver","Gold","",195.0944186,"2026-02-24T15:43:44.877806Z","e8283c8f-ecc0-448a-84d2-9f16160d7a4b"
"Object Transfer",1145,"1",11,"","2026-02-24T15:43:57.139356Z",1145,11.85,"#C C takes the tissue roll","Logistics/Setup step, picking up an object.","r001","Mechanical Repair","silver","Gold","",239.8969686,"2026-02-24T15:43:57.139368Z","e8283c8f-ecc0-448a-84d2-9f16160d7a4b"
"Stationary",1146,"1",11,"Essential Operation","2026-02-24T15:44:04.378217Z",1146,6.685,"#C C rolls the tissue","Rolling a tissue is a minor, low-energy action typically done while stationary.","r001","Mechanical Repair","silver","Bad","",240.5451686,"2026-02-24T15:44:04.378230Z","e8283c8f-ecc0-448a-84d2-9f16160d7a4b"
"Essential Operation",1147,"1",11,"","2026-02-24T15:44:09.862212Z",1147,4.968,"#C C wipes the blade with the tissue","Core manual task involving high hand activity.","r001","Mechanical Repair","silver","Gold","",243.3404086,"2026-02-24T15:44:09.862223Z","e8283c8f-ecc0-448a-84d2-9f16160d7a4b"
"Essential Operation",1148,"1",11,"","2026-02-24T15:44:14.386899Z",1148,4.059,"#C C sharpens the knife on the sharpening stone","Core task involving high hand activity.","r001","Mechanical Repair","silver","Gold","",293.49720582564885,"2026-02-24T15:44:14.386911Z","e8283c8f-ecc0-448a-84d2-9f16160d7a4b"
"Essential Operation",1149,"1",11,"","2026-02-24T15:44:18.935908Z",1149,4.068,"#C C turns the sharpening stone","Core task involving manual operation with hands.","r001","Mechanical Repair","silver","Gold","",358.10187582564885,"2026-02-24T15:44:18.935922Z","e8283c8f-ecc0-448a-84d2-9f16160d7a4b"
"Search",1150,"1",11,"","2026-02-24T15:44:24.259107Z",1150,4.823,"#C C looks at the knife under the desk lamp","Head movement (visual inspection), hands mostly still.","r001","Mechanical Repair","silver","Gold","",444.6891458256489,"2026-02-24T15:44:24.259124Z","e8283c8f-ecc0-448a-84d2-9f16160d7a4b"
"Search",1204,"1",11,"","2026-02-24T22:46:08.828111Z",1151,10.738,"#C C examines the knife under the desk lamp","Visual inspection, likely involves head movement and focus.","r001","Mechanical Repair","silver","Gold","",537.6261558256489,"2026-02-24T22:46:08.828127Z","e8283c8f-ecc0-448a-84d2-9f16160d7a4b"
"Object Transfer",1205,"1",11,"","2026-02-24T22:46:10.771342Z",1152,1.456,"#C C drops the tissue on the table","Refined via regex fallback","r001","Mechanical Repair","silver","Gold","",612.206367613672,"2026-02-24T22:46:10.771354Z","e8283c8f-ecc0-448a-84d2-9f16160d7a4b"
"Search",1206,"1",11,"","2026-02-24T22:46:13.236755Z",1153,2.195,"#C C examines the knife's blade under the desk lamp","Visual inspection with minimal hand activity, focusing on head movement.","r001","Mechanical Repair","silver","Gold","",634.8918676136719,"2026-02-24T22:46:13.236776Z","e8283c8f-ecc0-448a-84d2-9f16160d7a4b"
"Essential Operation",1207,"1",11,"Stationary","2026-02-24T22:46:22.649134Z",1154,9.142,"#C C moves fingers on the blade","Core task involving fine hand movements.","r001","Mechanical Repair","silver","Bad","",678.4543376136719,"2026-02-24T22:46:22.649148Z","e8283c8f-ecc0-448a-84d2-9f16160d7a4b"
"Stationary",1208,"1",11,"","2026-02-24T22:46:26.258482Z",1155,3.296,"#C C holds a knife with his hands","Low body/hand motion, holding an object.","r001","Mechanical Repair","silver","Gold","",839.1270634828124,"2026-02-24T22:46:26.258498Z","e8283c8f-ecc0-448a-84d2-9f16160d7a4b"
"Essential Operation",1209,"1",11,"","2026-02-24T22:46:29.760195Z",1156,3.229,"#C C sharpens a knife with a sharpening stone","Core manual task involving high hand activity.","r001","Mechanical Repair","silver","Gold","",843.5665334828125,"2026-02-24T22:46:29.760207Z","e8283c8f-ecc0-448a-84d2-9f16160d7a4b"
"Essential Operation",1210,"1",11,"Object Transfer","2026-02-24T22:46:38.490414Z",1157,8.343,"#C C dips the sharpening stone in the plastic container","Core task involving manual manipulation, high hand activity.","r001","Mechanical Repair","silver","Gold","",889.9601134828125,"2026-02-24T22:46:38.490426Z","e8283c8f-ecc0-448a-84d2-9f16160d7a4b"
"Essential Operation",1211,"1",11,"","2026-02-24T22:46:41.701634Z",1158,2.865,"#C C wipes #unsure with a piece of cloth","Core manual task involving hand activity.","r001","Mechanical Repair","silver","Gold","",896.8567134828126,"2026-02-24T22:46:41.701648Z","e8283c8f-ecc0-448a-84d2-9f16160d7a4b"
"Object Transfer",1212,"1",11,"","2026-02-24T22:46:45.844764Z",1159,3.881,"#C C picks the paper towel on the table","Logistics step involving picking up an object.","r001","Mechanical Repair","silver","Gold","",903.8933934828126,"2026-02-24T22:46:45.844778Z","e8283c8f-ecc0-448a-84d2-9f16160d7a4b"
"Stationary",1213,"1",11,"","2026-02-24T22:46:52.486715Z",1160,6.256,"#C C holds the gloves with his hands","Holding an object without movement.","r001","Mechanical Repair","silver","Gold","",949.5510434828124,"2026-02-24T22:46:52.486736Z","e8283c8f-ecc0-448a-84d2-9f16160d7a4b"
"Object Transfer",1214,"1",11,"","2026-02-24T22:46:59.206553Z",1161,6.431,"#C C removes the shoe on his foot","The action involves picking up and removing an object (shoe), which is a logistics step.","r001","Walking Outdoors","silver","Gold","",73.64039,"2026-02-24T22:46:59.206575Z","e8b1837a-def3-490c-ab5e-4ac64cdce434"
"Locomotion",1215,"1",11,"Object Transfer","2026-02-24T22:47:09.683228Z",1162,10.191,"#C C turns baby stroller to the left","Turning a baby stroller involves movement through space.","r001","Walking Outdoors","silver","Gold","",9.52532,"2026-02-24T22:47:09.683241Z","ec02ed27-b697-44b0-ae18-a9275205bfee"
"Locomotion",1216,"1",11,"Stationary","2026-02-24T22:47:18.206389Z",1163,7.822,"#C C lowers hand","The action is likely part of the walking motion, which involves body movement through space.","r001","Walking Outdoors","silver","Bad","",78.52118,"2026-02-24T22:47:18.206402Z","ec02ed27-b697-44b0-ae18-a9275205bfee"
"Object Transfer",1217,"1",11,"","2026-02-24T22:47:22.037636Z",1164,3.496,"#C C picks #unsure from the pathway","The action involves picking up an object from the pathway, which is a logistics step.","r001","Walking Outdoors","silver","Gold","",759.9609293333333,"2026-02-24T22:47:22.037674Z","ec02ed27-b697-44b0-ae18-a9275205bfee"
"Locomotion",1218,"1",11,"","2026-02-24T22:47:26.370399Z",1165,4.042,"#C C takes a left turn","Body movement through space (turning while walking).","r001","Walking Outdoors","silver","Gold","",844.1787033333333,"2026-02-24T22:47:26.370413Z","ec02ed27-b697-44b0-ae18-a9275205bfee"
"Stationary",1219,"1",11,"","2026-02-24T22:47:30.080239Z",1166,3.373,"#C C points to the right","Pointing involves minimal body movement and is a static action.","r001","Walking Outdoors","silver","Gold","",967.7990433333332,"2026-02-24T22:47:30.080254Z","ec02ed27-b697-44b0-ae18-a9275205bfee"
"Object Transfer",1220,"1",11,"","2026-02-24T23:03:52.252638Z",1167,3.737,"#C C drops the onion peel in her right hand in a plate on a counter.","The action involves placing an object (onion peel) into a location (plate), which is a logistics step.","r001","Cooking","silver","Gold","",10.70072,"2026-02-24T23:03:52.252653Z","edc1869c-8a97-44fd-ab47-63fda4a54df9"
"Essential Operation",1221,"1",11,"","2026-02-24T23:03:55.546998Z",1168,2.863,"#C C washes the onion with both hands.","Core task involving high hand activity.","r001","Cooking","silver","Gold","",50.81743,"2026-02-24T23:03:55.547019Z","edc1869c-8a97-44fd-ab47-63fda4a54df9"
"Essential Operation",1222,"1",11,"","2026-02-24T23:03:58.294778Z",1169,2.38,"#C C washes both hands with water from the tap.","Core task involving high hand activity.","r001","Cooking","silver","Gold","",198.11839,"2026-02-24T23:03:58.294794Z","edc1869c-8a97-44fd-ab47-63fda4a54df9"
"Locomotion",1223,"1",11,"Stationary","2026-02-24T23:04:10.854085Z",1170,12.246,"#C C carries a pot of egg on the cooker with her left hand.","Body moving through space while carrying an object.","r001","Cooking","silver","Bad","",227.51643,"2026-02-24T23:04:10.854100Z","edc1869c-8a97-44fd-ab47-63fda4a54df9"
"Object Transfer",1224,"1",11,"","2026-02-24T23:04:17.905896Z",1171,5.511,"#C C moves the onion on the chopping board with her left hand.","Logistics step of moving an object.","r001","Cooking","silver","Gold","",276.58429,"2026-02-24T23:04:17.905911Z","edc1869c-8a97-44fd-ab47-63fda4a54df9"
"Object Transfer",1225,"1",11,"","2026-02-24T23:04:21.778879Z",1172,3.53,"#C C picks a foam on the counter with his right hand.","Logistics step involving picking up an object.","r001","Cooking","silver","Gold","",363.24391,"2026-02-24T23:04:21.778891Z","edc1869c-8a97-44fd-ab47-63fda4a54df9"
"Object Transfer",1226,"1",11,"","2026-02-24T23:04:24.346400Z",1173,2.254,"#C C picks the holder","Logistics step involving picking up an object.","r001","Carpentry","silver","Gold","",356.73003,"2026-02-24T23:04:24.346414Z","f00332a6-d29f-4bf5-89a2-0284965b3f23"
"Essential Operation",1227,"1",11,"","2026-02-24T23:04:28.935186Z",1174,3.727,"#C C adjusts the holder with screw driver","Core manual task involving fine motor skills and hand activity.","r001","Carpentry","silver","Gold","",428.58747,"2026-02-24T23:04:28.935203Z","f00332a6-d29f-4bf5-89a2-0284965b3f23"
"Object Transfer",1228,"1",11,"","2026-02-24T23:04:31.037414Z",1175,1.782,"#C C drops the screw driver","[CtxFixed] The action of dropping the screwdriver is a deliberate placement of the object onto a surface, which fits the criteria for 'Object Transfer'.","r001","Carpentry","silver","Gold","",472.01348,"2026-02-24T23:04:31.037428Z","f00332a6-d29f-4bf5-89a2-0284965b3f23"
"Essential Operation",1229,"1",11,"","2026-02-24T23:04:35.090824Z",1176,3.722,"#C C removes the weeds.","Core manual task involving high hand activity.","r001","Gardening","silver","Gold","",65.91585859999999,"2026-02-24T23:04:35.090840Z","f3a9685f-0238-45a8-b7f5-30660e4d3acf"
"Essential Operation",1230,"1",11,"","2026-02-24T23:20:59.626357Z",1177,10.363,"#C C plucks weeds in the garden.","Core manual task, high hand activity.","r001","Gardening","silver","Gold","",114.0762786,"2026-02-24T23:20:59.626374Z","f3a9685f-0238-45a8-b7f5-30660e4d3acf"
"Object Transfer",1231,"1",11,"Essential Operation","2026-02-24T23:21:55.332893Z",1178,55.228,"#C C takes out weed in the garden.","Logistics step, taking out an object (weed).","r001","Gardening","silver","Gold","",166.1054386,"2026-02-24T23:21:55.332907Z","f3a9685f-0238-45a8-b7f5-30660e4d3acf"
"Stationary",1232,"1",11,"","2026-02-24T23:22:00.336793Z",1179,4.623,"#C C squats to the ground.","Change in body posture, but low overall motion.","r001","Gardening","silver","","Skip",173.34583859999998,"2026-02-24T23:22:00.336808Z","f3a9685f-0238-45a8-b7f5-30660e4d3acf"
"Essential Operation",1233,"1",11,"","2026-02-24T23:22:03.320414Z",1180,2.675,"#C C roots out weed.","Core manual task involving high hand activity.","r001","Gardening","silver","Gold","",186.6817586,"2026-02-24T23:22:03.320432Z","f3a9685f-0238-45a8-b7f5-30660e4d3acf"
"Essential Operation",1234,"1",11,"","2026-02-24T23:22:05.521385Z",1181,1.909,"#C C plucks weeds.","Core task involving manual work, high hand activity.","r001","Gardening","silver","Gold","",210.7670186,"2026-02-24T23:22:05.521400Z","f3a9685f-0238-45a8-b7f5-30660e4d3acf"
"Locomotion",1235,"1",11,"","2026-02-24T23:22:08.922661Z",1182,3.133,"#C C gets up from the ground.","Movement of the body to change position from sitting/lying to standing.","r001","Gardening","silver","","Skip",226.3368786,"2026-02-24T23:22:08.922675Z","f3a9685f-0238-45a8-b7f5-30660e4d3acf"
"Object Transfer",1236,"1",11,"","2026-02-24T23:22:11.756047Z",1183,2.507,"#C C drops the potatoes.","[CtxFixed] The action of dropping the potatoes appears to be a deliberate placement rather than a mistake, as it follows a sequence of actions involving the handling of objects.","r001","Gardening","silver","Gold","",256.6201586,"2026-02-24T23:22:11.756065Z","f3a9685f-0238-45a8-b7f5-30660e4d3acf"
"Object Transfer",1237,"1",11,"Essential Operation","2026-02-24T23:22:17.779042Z",1184,7.511,"#C C picks weed from the pot","Logistics step involving picking up and removing an object.","r001","Gardening","silver","Gold","",297.23109707826205,"2026-02-24T23:22:22.225439Z","f3a9685f-0238-45a8-b7f5-30660e4d3acf"
"Essential Operation",1238,"1",11,"","2026-02-24T23:22:25.851075Z",1185,2.249,"#C C digs with a trowel","Core task involving repetitive and focused hand activity.","r001","Gardening","silver","Gold","",298.37780707826204,"2026-02-24T23:22:25.851087Z","f3a9685f-0238-45a8-b7f5-30660e4d3acf"
"Object Transfer",1239,"1",11,"","2026-02-24T23:22:28.789871Z",1186,2.664,"#C C places leaf on other hand","Logistics step involving the placement of an object.","r001","Gardening","silver","Gold","",468.7957270782621,"2026-02-24T23:22:28.789886Z","f3a9685f-0238-45a8-b7f5-30660e4d3acf"
"Object Transfer",1240,"1",11,"","2026-02-24T23:22:31.133579Z",1187,2.064,"#C C picks leaf from the ground","Logistics step of picking up an object.","r001","Gardening","silver","Gold","",471.234597078262,"2026-02-24T23:22:31.133598Z","f3a9685f-0238-45a8-b7f5-30660e4d3acf"
"Stationary",1241,"1",11,"","2026-02-24T23:24:46.439180Z",1188,135.024,"#C C holds trowel with both hands","The action describes holding an object without any significant movement.","r001","Gardening","silver","Gold","",501.6795470782621,"2026-02-24T23:24:46.439192Z","f3a9685f-0238-45a8-b7f5-30660e4d3acf"
"Essential Operation",1242,"1",11,"Object Transfer","2026-02-24T23:25:43.418301Z",1189,56.042,"#C C removes plant from garden","Core task involving manual effort to remove a plant.","r001","Gardening","silver","Gold","",570.4700576136719,"2026-02-24T23:25:43.418315Z","f3a9685f-0238-45a8-b7f5-30660e4d3acf"
"Object Transfer",1243,"1",11,"","2026-02-24T23:33:17.472259Z",1190,451.104,"#C C picks plant cutter scissors","Logistics/Setup step, picking up an object.","r001","Gardening","silver","Gold","",636.1076076136719,"2026-02-24T23:33:17.472270Z","f3a9685f-0238-45a8-b7f5-30660e4d3acf"
"Object Transfer",1244,"1",11,"","2026-02-24T23:33:25.233783Z",1191,3.412,"#C C picks leaves off the ground","The action involves picking up objects (leaves), which is a logistics step.","r001","Gardening","silver","Gold","",1142.811190431055,"2026-02-24T23:33:25.233806Z","f3a9685f-0238-45a8-b7f5-30660e4d3acf"
"Stationary",1245,"1",11,"","2026-02-24T23:33:27.721832Z",1192,2.112,"#C C puts hands on the table","Low body/hand motion, indicating a pause or setup before action.","r001","Cleaning","silver","Gold","",24.2151686,"2026-02-24T23:33:27.721854Z","f4251612-a623-40a0-9fc4-2016c4aa607d"
"Object Transfer",1246,"1",11,"","2026-02-24T23:33:30.203051Z",1193,2.14,"#C C picks the linen towel","Logistics step involving picking up an object.","r001","Cleaning","silver","Gold","",26.465888600000003,"2026-02-24T23:33:30.203073Z","f4251612-a623-40a0-9fc4-2016c4aa607d"
"Stationary",1247,"1",11,"","2026-02-24T23:33:33.564267Z",1194,3.021,"#C C holds speaker","Holding an object with minimal movement.","r001","Cleaning","silver","Gold","",74.8178786,"2026-02-24T23:33:33.564281Z","f4251612-a623-40a0-9fc4-2016c4aa607d"
"Locomotion",1248,"1",11,"","2026-02-24T23:33:43.731037Z",1195,9.346,"#C C pushes a toy using his leg","Body moving through space using leg motion.","r001","Cleaning","silver","","Skip",83.7004286,"2026-02-24T23:33:43.731051Z","f4251612-a623-40a0-9fc4-2016c4aa607d"
"Essential Operation",1249,"1",11,"","2026-02-24T23:33:48.124043Z",1196,2.927,"#C C cleans knife","Core task involving high hand activity.","r001","Cleaning","silver","Gold","",121.2203586,"2026-02-24T23:33:48.124055Z","f4251612-a623-40a0-9fc4-2016c4aa607d"
"Essential Operation",1250,"1",11,"","2026-02-24T23:33:50.294670Z",1197,1.839,"#C C wipes the bottle","Core task involving high hand activity.","r001","Cleaning","silver","Gold","",215.3263786,"2026-02-24T23:33:50.294691Z","f4251612-a623-40a0-9fc4-2016c4aa607d"
"Stationary",1151,"1",11,"","2026-02-24T15:44:27.932042Z",1198,3.238,"#C C holds the toy","Low body/hand motion, holding an object without movement.","r001","Cleaning","silver","Gold","",267.1050586,"2026-02-24T15:44:27.932055Z","f4251612-a623-40a0-9fc4-2016c4aa607d"
"Object Transfer",1152,"1",11,"","2026-02-24T15:44:31.615007Z",1199,3.157,"#C C puts toy on countertop","Logistics step involving moving an object from one location to another.","r001","Cleaning","silver","Gold","",268.3394786,"2026-02-24T15:44:31.615020Z","f4251612-a623-40a0-9fc4-2016c4aa607d"
"Object Transfer",1153,"1",11,"","2026-02-24T15:44:36.729228Z",1200,4.584,"#C C puts toy on the bath tab","Logistics step, moving an object from one place to another.","r001","Cleaning","silver","Gold","",292.83654459381944,"2026-02-24T15:44:36.729239Z","f4251612-a623-40a0-9fc4-2016c4aa607d"
"Essential Operation",1154,"1",11,"","2026-02-24T16:04:36.730996Z",1201,1199.57,"#C C shakes toy book","Core task involving high hand activity.","r001","Cleaning","silver","Gold","",299.58757459381945,"2026-02-24T16:04:36.731010Z","f4251612-a623-40a0-9fc4-2016c4aa607d"
"Object Transfer",1155,"1",11,"","2026-02-24T16:04:40.441062Z",1202,3.088,"#C C puts toy in the container","Logistics step involving picking up and placing an object.","r001","Cleaning","silver","Gold","",301.36319459381946,"2026-02-24T16:04:40.441080Z","f4251612-a623-40a0-9fc4-2016c4aa607d"
"Essential Operation",1156,"1",11,"","2026-02-24T16:04:44.637911Z",1203,3.695,"#C C dries the sink board using the linen towel","Core manual task involving high hand activity.","r001","Cleaning","silver","Gold","",373.2110145938194,"2026-02-24T16:04:44.637926Z","f4251612-a623-40a0-9fc4-2016c4aa607d"
"Essential Operation",1157,"1",11,"","2026-02-24T16:04:47.701220Z",1204,2.622,"#C C dries the clothe","Core task involving high hand activity.","r001","Cleaning","silver","Gold","",389.9069445938194,"2026-02-24T16:04:47.701239Z","f4251612-a623-40a0-9fc4-2016c4aa607d"
"Essential Operation",1158,"1",11,"","2026-02-24T16:04:53.198482Z",1205,5.108,"#C C wipes the baby's sitting top","Core manual task involving high hand activity.","r001","Cleaning","silver","Gold","",430.4139545938194,"2026-02-24T16:04:53.198500Z","f4251612-a623-40a0-9fc4-2016c4aa607d"
"Essential Operation",1159,"1",11,"","2026-02-24T16:04:57.242969Z",1206,3.602,"#C C washes the polythene paper","Core task involving manual work with hands, high hand activity.","r001","Cleaning","silver","Gold","",479.73968459381945,"2026-02-24T16:04:57.242984Z","f4251612-a623-40a0-9fc4-2016c4aa607d"
"Essential Operation",1160,"1",11,"","2026-02-24T16:05:00.108618Z",1207,2.401,"#C C washes the clothe","Core manual task involving high hand activity.","r001","Cleaning","silver","Gold","",515.5598745938195,"2026-02-24T16:05:00.108640Z","f4251612-a623-40a0-9fc4-2016c4aa607d"
"Object Transfer",1161,"1",11,"","2026-02-24T16:05:05.346167Z",1208,4.749,"#C C drops the box of polythene on the floor","Refined via regex fallback","r001","Cleaning","silver","Gold","",649.069037613672,"2026-02-24T16:05:05.346182Z","f4251612-a623-40a0-9fc4-2016c4aa607d"
"Stationary",1162,"1",11,"Essential Operation","2026-02-24T16:05:15.833937Z",1209,10.039,"#C C unlocks the door","Unlocking a door is typically a quick action with minimal body movement.","r001","Cleaning","silver","Bad","",702.243477613672,"2026-02-24T16:05:15.833950Z","f4251612-a623-40a0-9fc4-2016c4aa607d"
"Object Transfer",1163,"1",11,"Essential Operation","2026-02-24T16:05:23.298167Z",1210,7.097,"#C C empties the bin","Logistics step involving moving the bin, short bursts of hand activity.","r001","Cleaning","silver","Gold","",716.4802176136719,"2026-02-24T16:05:23.298180Z","f4251612-a623-40a0-9fc4-2016c4aa607d"
"Essential Operation",1164,"1",11,"","2026-02-24T16:05:29.809546Z",1211,5.927,"#C C ties the linen bag","Core manual task involving hands, high hand activity.","r001","Cleaning","silver","Gold","",781.6589376136719,"2026-02-24T16:05:29.809561Z","f4251612-a623-40a0-9fc4-2016c4aa607d"
"Object Transfer",1165,"1",11,"Essential Operation","2026-02-24T16:05:40.933471Z",1212,10.591,"#C C collects toys","Logistics step involving picking up and organizing toys.","r001","Cleaning","silver","Gold","",833.0893679896484,"2026-02-24T16:05:40.933485Z","f4251612-a623-40a0-9fc4-2016c4aa607d"
"Object Transfer",1166,"1",11,"","2026-02-24T16:05:49.741808Z",1213,8.285,"#C C puts the bin container in the dustbin","Logistics step involving picking up and placing an object.","r001","Cleaning","silver","Gold","",874.5816079896484,"2026-02-24T16:05:49.741820Z","f4251612-a623-40a0-9fc4-2016c4aa607d"
"Essential Operation",1167,"1",11,"","2026-02-24T16:05:57.506300Z",1214,7.109,"#C C folds the foil","Core manual task involving hands, high hand acceleration.","r001","Cleaning","silver","Gold","",904.3439079896484,"2026-02-24T16:05:57.506317Z","f4251612-a623-40a0-9fc4-2016c4aa607d"
"Object Transfer",1168,"1",11,"","2026-02-24T16:06:07.953229Z",1215,9.297,"#O man X opens a wardrobe","Opening a wardrobe involves logistics and setup.","r001","Cooking","silver","Gold","",15.5640886,"2026-02-24T16:06:07.953244Z","f42ae9c2-d43e-45af-8adb-02d0b16b2ef7"
"Stationary",1169,"1",11,"Object Transfer","2026-02-24T22:24:06.664725Z",1216,22677.612,"#O man X closes a wardrobe","Closing a wardrobe is a brief action that does not involve significant body or hand movement.","r001","Cooking","silver","Bad","",29.1220186,"2026-02-24T22:24:06.664737Z","f42ae9c2-d43e-45af-8adb-02d0b16b2ef7"
"Object Transfer",1170,"1",11,"","2026-02-24T22:24:19.480864Z",1217,12.334,"#C C picks a paper bag from the fridge","Logistics/Setup step, picking up an object.","r001","Cooking","silver","Gold","",39.0764286,"2026-02-24T22:24:19.480875Z","f42ae9c2-d43e-45af-8adb-02d0b16b2ef7"
"Essential Operation",1171,"1",11,"","2026-02-24T22:26:22.192131Z",1218,117.935,"#O man X chops the onions","Core task, high hand activity.","r001","Cooking","silver","Gold","",220.3785186,"2026-02-24T22:26:22.192144Z","f42ae9c2-d43e-45af-8adb-02d0b16b2ef7"
"Object Transfer",1172,"1",11,"","2026-02-24T22:26:25.829971Z",1219,3.139,"#O man K puts #unsure back","Logistics step, putting something back.","r001","Cooking","silver","Gold","",296.0377786,"2026-02-24T22:26:25.829989Z","f42ae9c2-d43e-45af-8adb-02d0b16b2ef7"
"Object Transfer",1173,"1",11,"","2026-02-24T22:26:37.038554Z",1220,8.373,"#O man K puts container aside","Logistics step involving putting an object down.","r001","Cooking","silver","Gold","",315.0401186,"2026-02-24T22:26:37.038566Z","f42ae9c2-d43e-45af-8adb-02d0b16b2ef7"
"Essential Operation",1174,"1",11,"","2026-02-24T22:26:50.636337Z",1221,3.851,"#O man K peels carrot","Core manual task (peeling), high hand activity.","r001","Cooking","silver","Gold","",359.4557586,"2026-02-24T22:26:50.636351Z","f42ae9c2-d43e-45af-8adb-02d0b16b2ef7"
"Object Transfer",1175,"1",11,"","2026-02-24T22:26:53.103998Z",1222,2.032,"#O man K puts peeler down","Logistics step of putting the peeler down.","r001","Cooking","silver","Gold","",360.8424386,"2026-02-24T22:26:53.104013Z","f42ae9c2-d43e-45af-8adb-02d0b16b2ef7"
"Essential Operation",1176,"1",11,"","2026-02-24T22:26:55.354217Z",1223,1.928,"#O man K cuts carrot","Core task, high hand activity.","r001","Cooking","silver","Gold","",390.0744386,"2026-02-24T22:26:55.354240Z","f42ae9c2-d43e-45af-8adb-02d0b16b2ef7"
"Locomotion",1177,"1",11,"","2026-02-24T22:26:57.587510Z",1224,1.855,"#O man K walks away","Body moving through space (walking).","r001","Cooking","silver","Gold","",409.8370986,"2026-02-24T22:26:57.587525Z","f42ae9c2-d43e-45af-8adb-02d0b16b2ef7"
"Object Transfer",1178,"1",11,"","2026-02-24T22:27:07.091136Z",1225,9.179,"#O man X puts the chopped leek into the frying pan","Logistics step involving picking up and placing the chopped leek.","r001","Cooking","silver","Gold","",712.5441093601797,"2026-02-24T22:27:07.091148Z","f42ae9c2-d43e-45af-8adb-02d0b16b2ef7"
"Essential Operation",1179,"1",11,"","2026-02-24T22:27:10.574537Z",1226,2.053,"#C C shakes the carrot","Core task involving high hand activity.","r001","Cooking","silver","Gold","",771.6611593601797,"2026-02-24T22:27:10.574552Z","f42ae9c2-d43e-45af-8adb-02d0b16b2ef7"
"Essential Operation",1180,"1",11,"","2026-02-24T22:27:14.593056Z",1227,3.705,"#O man X crushes the garlic using the knife","Core task involving manual dexterity and high hand activity.","r001","Cooking","silver","Gold","",865.871147613672,"2026-02-24T22:27:14.593071Z","f42ae9c2-d43e-45af-8adb-02d0b16b2ef7"
"Essential Operation",1251,"1",11,"Object Transfer","2026-02-24T23:34:40.861088Z",1228,50.265,"#O man X removes the garlic cover","Core task involving manual dexterity with the hands.","r001","Cooking","silver","Gold","",869.8117276136719,"2026-02-24T23:34:40.861100Z","f42ae9c2-d43e-45af-8adb-02d0b16b2ef7"
"Locomotion",1252,"1",11,"Object Transfer","2026-02-24T23:34:52.484908Z",1229,11.222,"#O man X moves the chopping board","Body moving through space to move the chopping board.","r001","Cooking","silver","Bad","",933.809967613672,"2026-02-24T23:34:52.484928Z","f42ae9c2-d43e-45af-8adb-02d0b16b2ef7"
"Stationary",1253,"1",11,"Essential Operation","2026-02-24T23:35:05.281718Z",1230,12.43,"#O man X wipes his hand on a hand towel","Low body/hand motion, wiping is a small, localized action.","r001","Cooking","silver","Bad","",1038.5408276136718,"2026-02-24T23:35:05.281737Z","f42ae9c2-d43e-45af-8adb-02d0b16b2ef7"
"Search",1254,"1",11,"","2026-02-24T23:35:08.019404Z",1231,2.171,"#C C examines the bottle","Head movement (examination), hands mostly still.","r001","Cooking","silver","Gold","",1077.5732476136718,"2026-02-24T23:35:08.019426Z","f42ae9c2-d43e-45af-8adb-02d0b16b2ef7"
"Stationary",1255,"1",11,"Essential Operation","2026-02-24T23:35:15.258292Z",1232,6.883,"#O man Q dries hands with a towel","Low body/hand motion, primarily hand activity while drying.","r001","Cooking","silver","Bad","",1115.2568663929687,"2026-02-24T23:35:15.258305Z","f42ae9c2-d43e-45af-8adb-02d0b16b2ef7"
"Essential Operation",1256,"1",11,"Object Transfer","2026-02-24T23:35:22.537122Z",1233,6.923,"#O man Q sprinkles #unsure in the food","Core task involving manual activity, likely with hands.","r001","Cooking","silver","Gold","",1273.5273163929687,"2026-02-24T23:35:22.537137Z","f42ae9c2-d43e-45af-8adb-02d0b16b2ef7"
"Stationary",1257,"1",11,"","2026-02-24T23:35:26.673144Z",1234,3.797,"#C C speaks with man Q","Low body/hand motion, speaking involves minimal physical activity.","r001","Cooking","silver","","Skip",1339.6912463929689,"2026-02-24T23:35:26.673162Z","f42ae9c2-d43e-45af-8adb-02d0b16b2ef7"
"Object Transfer",1258,"1",11,"","2026-02-24T23:35:30.564661Z",1235,3.507,"#C C returns the dustpan and brush in the shelf","Logistics/Setup step, placing items back.","r001","Cooking","silver","Gold","",1544.4485461385516,"2026-02-24T23:35:30.564679Z","f42ae9c2-d43e-45af-8adb-02d0b16b2ef7"
"Stationary",1259,"1",11,"","2026-02-24T23:39:07.883195Z",1236,3.706,"#C C wipes her hands on the clothes","Low energy movement, hands wiping on clothes.","r001","Cooking","silver","Gold","",1546.3624061385517,"2026-02-24T23:39:07.883210Z","f42ae9c2-d43e-45af-8adb-02d0b16b2ef7"
"Object Transfer",1260,"1",11,"Essential Operation","2026-02-24T23:40:43.555729Z",1237,95.06,"#O man K picks cooking stick","Picking up an object, involves logistics.","r001","Cooking","silver","","",1728.5002073792969,"2026-02-24T23:40:43.555739Z","f42ae9c2-d43e-45af-8adb-02d0b16b2ef7"
"Essential Operation",1261,"1",11,"","2026-02-24T23:40:50.488190Z",1238,5.35,"#O man K stirs food","Core task involving high hand activity.","r001","Cooking","silver","Gold","",1730.5902573792969,"2026-02-24T23:40:50.488203Z","f42ae9c2-d43e-45af-8adb-02d0b16b2ef7"
"Object Transfer",1262,"1",11,"","2026-02-24T23:40:53.604979Z",1239,2.329,"#C C puts dish container in fridge","Logistics step involving moving an object to a specific location.","r001","Cooking","silver","Gold","",1776.355087379297,"2026-02-24T23:40:53.605002Z","f42ae9c2-d43e-45af-8adb-02d0b16b2ef7"
"Essential Operation",1263,"1",11,"Object Transfer","2026-02-24T23:40:59.344758Z",1240,5.159,"#O man K puts spices in food","Core task involving manual operation with high hand activity.","r001","Cooking","silver","Gold","",1798.7083673792968,"2026-02-24T23:40:59.344773Z","f42ae9c2-d43e-45af-8adb-02d0b16b2ef7"
"Object Transfer",1264,"1",11,"","2026-02-24T23:41:03.368733Z",1241,3.704,"#C C picks the cooking pot from the burner","Logistics step involving picking up an object.","r001","Cooking","silver","Gold","",2040.8159474596089,"2026-02-24T23:41:03.368751Z","f42ae9c2-d43e-45af-8adb-02d0b16b2ef7"
"Stationary",1265,"1",11,"","2026-02-24T23:41:14.411548Z",1242,9.652,"#C C holds the lopper shears with her hands","Low body/hand motion, holding an object without moving.","r001","Gardening","silver","Gold","",26.7051786,"2026-02-24T23:41:14.411562Z","f576f1bf-5433-488b-8833-8320f087e72b"
"Stationary",1266,"1",11,"","2026-02-24T23:42:25.846476Z",1243,71.088,"#C C holds the house plant branch with a hands","Low body/hand motion, holding an object without movement.","r001","Gardening","silver","Gold","",73.1188786,"2026-02-24T23:42:25.846487Z","f576f1bf-5433-488b-8833-8320f087e72b"
"Essential Operation",1267,"1",11,"","2026-02-24T23:42:30.691324Z",1244,4.452,"#C C cuts the house plant branch with a lopper shears","Core task involving high hand activity.","r001","Gardening","silver","Gold","",94.0982986,"2026-02-24T23:42:30.691347Z","f576f1bf-5433-488b-8833-8320f087e72b"
"Essential Operation",1268,"1",11,"","2026-02-24T23:42:34.880913Z",1245,3.504,"#C C cuts the house plant branch with her hands","Core manual task involving high hand activity.","r001","Gardening","silver","Gold","",166.2333386,"2026-02-24T23:42:34.880926Z","f576f1bf-5433-488b-8833-8320f087e72b"
"Stationary",1269,"1",11,"","2026-02-24T23:42:38.045224Z",1246,2.542,"#C C holds the house plant branch with her hands","The action describes a static hold without significant motion.","r001","Gardening","silver","Gold","",186.4087486,"2026-02-24T23:42:38.045244Z","f576f1bf-5433-488b-8833-8320f087e72b"
"Stationary",1270,"1",11,"","2026-02-24T23:42:41.480189Z",1247,3.093,"#C C puts hand on the grass","Low body/hand motion, indicative of a pause or inspection.","r001","Gardening","silver","Gold","",270.1170148709474,"2026-02-24T23:42:41.480205Z","f576f1bf-5433-488b-8833-8320f087e72b"
"Essential Operation",1271,"1",11,"","2026-02-24T23:42:44.090762Z",1248,2.21,"#C C cuts the plant leaf","Core task, high hand activity.","r001","Gardening","silver","Gold","",346.2049048709474,"2026-02-24T23:42:44.090781Z","f576f1bf-5433-488b-8833-8320f087e72b"
"Stationary",1272,"1",11,"","2026-02-24T23:43:27.133910Z",1249,42.711,"#C C touches the plant","Low body/hand motion, likely involves gentle touch or observation.","r001","Gardening","silver","Gold","",364.1320148709474,"2026-02-24T23:43:27.133922Z","f576f1bf-5433-488b-8833-8320f087e72b"
"Essential Operation",1273,"1",11,"Object Transfer","2026-02-24T23:43:39.578875Z",1250,11.958,"#C C removes #unsure from the potted plant","Core task involving manual work, likely with high hand activity.","r001","Gardening","silver","Bad","",373.6642748709474,"2026-02-24T23:43:39.578891Z","f576f1bf-5433-488b-8833-8320f087e72b"
"Stationary",1274,"1",11,"","2026-02-24T23:43:47.777095Z",1251,7.706,"#C C speaks with gestures","Low body/hand motion, primarily speaking with gestures.","r001","Gardening","silver","Gold","",454.0590148709474,"2026-02-24T23:43:47.777112Z","f576f1bf-5433-488b-8833-8320f087e72b"
"Essential Operation",1275,"1",11,"","2026-02-24T23:43:50.023731Z",1252,1.908,"#C C prunes the plant","Core manual task involving high hand activity.","r001","Gardening","silver","Gold","",591.221017613672,"2026-02-24T23:43:50.023744Z","f576f1bf-5433-488b-8833-8320f087e72b"
"Object Transfer",1276,"1",11,"","2026-02-24T23:43:52.995016Z",1253,2.667,"#C C lifts the plant","Action involves picking up an object, indicating a logistics step.","r001","Gardening","silver","Gold","",638.0940176136719,"2026-02-24T23:43:52.995036Z","f576f1bf-5433-488b-8833-8320f087e72b"
"Essential Operation",1277,"1",11,"","2026-02-24T23:43:56.125144Z",1254,2.721,"#C C cuts the dry house leaf with her right hand","Core task, high hand activity.","r001","Gardening","silver","Gold","",868.5485755109208,"2026-02-24T23:43:56.125159Z","f576f1bf-5433-488b-8833-8320f087e72b"
"Stationary",1278,"1",11,"","2026-02-24T23:44:00.611974Z",1255,4.157,"#C C holds the house plant with her hands","Low body/hand motion, holding position.","r001","Gardening","silver","Gold","",883.4022055109209,"2026-02-24T23:44:00.611987Z","f576f1bf-5433-488b-8833-8320f087e72b"
"Object Transfer",1279,"1",11,"","2026-02-24T23:44:06.074269Z",1256,4.12,"#C C puts the dry house plant branch in the dustbin","Logistics step involving picking up and disposing of an object.","r001","Gardening","silver","Gold","",1017.6461455109207,"2026-02-24T23:44:06.074282Z","f576f1bf-5433-488b-8833-8320f087e72b"
"Stationary",1280,"1",11,"","2026-02-24T23:46:33.258469Z",1257,146.822,"#C C holds a dog with her right hand","Holding an object with minimal movement.","r001","Gardening","silver","Gold","",1115.702534093164,"2026-02-24T23:46:33.258481Z","f576f1bf-5433-488b-8833-8320f087e72b"
"Essential Operation",1281,"1",11,"","2026-02-24T23:48:01.533205Z",1258,87.695,"#C C cuts a dry branch with her hands","Core task involving high hand activity.","r001","Gardening","silver","Gold","",1160.428594093164,"2026-02-24T23:48:01.533219Z","f576f1bf-5433-488b-8833-8320f087e72b"
"Stationary",1282,"1",11,"","2026-02-24T23:48:08.248975Z",1259,6.002,"#C C kneels on the ground","The action involves changing position to a stationary state (kneeling), with minimal motion.","r001","Gardening","silver","","Skip",1168.514234093164,"2026-02-24T23:48:08.248986Z","f576f1bf-5433-488b-8833-8320f087e72b"
"Object Transfer",1283,"1",11,"","2026-02-24T23:48:12.340397Z",1260,3.735,"#C C puts the dry leaf in the dustbin","Logistics step involving picking up and disposing of an item.","r001","Gardening","silver","Gold","",1286.169974093164,"2026-02-24T23:48:12.340410Z","f576f1bf-5433-488b-8833-8320f087e72b"
"Object Transfer",1284,"1",11,"","2026-02-24T23:50:02.719720Z",1261,110.041,"#C C picks a underwear","Picking up an object, involves logistics.","r001","Cleaning","silver","Gold","",138.6923286,"2026-02-24T23:50:02.719730Z","f71fb12c-211c-495b-a893-1f73e0538475"
"Object Transfer",1285,"1",11,"","2026-02-24T23:50:08.466467Z",1262,5.25,"#C C picks a towel from the bag","Logistics/Setup step involving picking up an object.","r001","Cleaning","silver","Gold","",153.5139286,"2026-02-24T23:50:08.466488Z","f71fb12c-211c-495b-a893-1f73e0538475"
"Object Transfer",1181,"1",11,"","2026-02-24T22:27:17.706641Z",1263,2.785,"#C C puts the underwear on the drying rack","Logistics step involving picking up and placing an object.","r001","Cleaning","silver","Gold","",243.0372386,"2026-02-24T22:27:17.706652Z","f71fb12c-211c-495b-a893-1f73e0538475"
"Object Transfer",1182,"1",11,"","2026-02-24T22:27:19.984648Z",1264,1.934,"#C C puts spice bottle on the shelf","Logistics step involving placing an object.","r001","Mechanical Repair","silver","Gold","",118.0513586,"2026-02-24T22:27:19.984662Z","f7f7d2ae-5d75-4447-934d-1573f95b8f81"
"Object Transfer",1183,"1",11,"","2026-02-24T22:27:24.421475Z",1265,4.092,"#C C takes spice bottle","Logistics/Setup step.","r001","Mechanical Repair","silver","Gold","",122.0839786,"2026-02-24T22:27:24.421488Z","f7f7d2ae-5d75-4447-934d-1573f95b8f81"
"Object Transfer",1184,"1",11,"","2026-02-24T22:27:27.748127Z",1266,2.993,"#C C places spice container on the floor","Logistics step involving placing an object.","r001","Mechanical Repair","silver","Gold","",137.7558786,"2026-02-24T22:27:27.748142Z","f7f7d2ae-5d75-4447-934d-1573f95b8f81"
"Object Transfer",1185,"1",11,"","2026-02-24T22:27:32.258182Z",1267,4.14,"#C C picks spice container","Logistics step involving picking up an object.","r001","Mechanical Repair","silver","Gold","",179.4980786,"2026-02-24T22:27:32.258198Z","f7f7d2ae-5d75-4447-934d-1573f95b8f81"
"Object Transfer",1186,"1",11,"","2026-02-24T22:27:34.362000Z",1268,1.755,"#C C picks # #unsure from the shelf","Logistics step involving picking up an object.","r001","Mechanical Repair","silver","Gold","",307.7540786,"2026-02-24T22:27:34.362012Z","f7f7d2ae-5d75-4447-934d-1573f95b8f81"
"Object Transfer",1187,"1",11,"","2026-02-24T22:41:46.490067Z",1269,851.81,"#C C picks peeled tomato from the floor","[CtxFixed] The action involves picking up a peeled tomato from the floor, which is a deliberate retrieval of an object. This fits the 'Object Transfer' category as it involves moving an object from one location to another.","r001","Mechanical Repair","silver","Gold","",330.5465386,"2026-02-24T22:41:46.490085Z","f7f7d2ae-5d75-4447-934d-1573f95b8f81"
"Object Transfer",1188,"1",11,"","2026-02-24T22:41:49.392388Z",1270,2.448,"#C C places black beans on the shelf","Logistics step involving placing an object.","r001","Mechanical Repair","silver","Gold","",333.34504860000004,"2026-02-24T22:41:49.392402Z","f7f7d2ae-5d75-4447-934d-1573f95b8f81"
"Stationary",1189,"1",11,"","2026-02-24T22:41:53.496694Z",1271,3.724,"#C C holds box with both hands","Holding a box with both hands indicates a static position with minimal movement.","r001","Mechanical Repair","silver","Gold","",354.68539860000004,"2026-02-24T22:41:53.496720Z","f7f7d2ae-5d75-4447-934d-1573f95b8f81"
"Stationary",1190,"1",11,"","2026-02-24T22:41:56.085961Z",1272,2.21,"#C C holds bicarbonate soda with hands","Low body/hand motion, holding an item without moving.","r001","Mechanical Repair","silver","Gold","",359.03331860000003,"2026-02-24T22:41:56.085980Z","f7f7d2ae-5d75-4447-934d-1573f95b8f81"
"Object Transfer",1191,"1",11,"","2026-02-24T22:42:00.623848Z",1273,4.219,"#C C picks pare from the shelf","Logistics step of picking up an object.","r001","Mechanical Repair","silver","Gold","",492.1202286,"2026-02-24T22:42:00.623862Z","f7f7d2ae-5d75-4447-934d-1573f95b8f81"
"Object Transfer",1192,"1",11,"Essential Operation","2026-02-24T22:42:13.839395Z",1274,12.769,"#C C adjusts corn flour in the shelf","Logistics step involving moving an object (corn flour) to a specific location (shelf).","r001","Mechanical Repair","silver","Bad","",545.5549686,"2026-02-24T22:42:13.839413Z","f7f7d2ae-5d75-4447-934d-1573f95b8f81"
"Object Transfer",1193,"1",11,"","2026-02-24T22:42:16.944657Z",1275,2.686,"#C C places box on the floor","Logistics step involving placing an object.","r001","Mechanical Repair","silver","Gold","",630.9954893320909,"2026-02-24T22:42:16.944674Z","f7f7d2ae-5d75-4447-934d-1573f95b8f81"
"Stationary",1194,"1",11,"","2026-02-24T22:42:23.335802Z",1276,6.034,"#C C holds wheat shreds with both hands","Holding an object with both hands indicates a stable, non-moving position.","r001","Mechanical Repair","silver","Gold","",646.4334793320909,"2026-02-24T22:42:23.335815Z","f7f7d2ae-5d75-4447-934d-1573f95b8f81"
"Object Transfer",1195,"1",11,"","2026-02-24T22:42:30.937945Z",1277,4.97,"#C C places potato chips on other hand","Transferring an object from one hand to another.","r001","Mechanical Repair","silver","Gold","",653.9205893320909,"2026-02-24T22:42:30.937971Z","f7f7d2ae-5d75-4447-934d-1573f95b8f81"
"Object Transfer",1196,"1",11,"","2026-02-24T22:42:33.230918Z",1278,1.943,"#C C picks cup a soup from the shelf","Logistics step involving picking up an object.","r001","Mechanical Repair","silver","Gold","",710.1419693320909,"2026-02-24T22:42:33.230936Z","f7f7d2ae-5d75-4447-934d-1573f95b8f81"
"Object Transfer",1197,"1",11,"","2026-02-24T22:42:36.111665Z",1279,2.579,"#C C places # #unsure on other hand","Logistics step involving holding or transferring an object.","r001","Mechanical Repair","silver","Gold","",718.6730593320908,"2026-02-24T22:42:36.111680Z","f7f7d2ae-5d75-4447-934d-1573f95b8f81"
"Search",1198,"1",11,"","2026-02-24T22:42:42.454486Z",1280,7.581,"#C C does # #unsure in the shelf","Implies head and/or hand movement as C looks for something specific in the shelf.","r001","Mechanical Repair","silver","","Delete Row",723.6197393320908,"2026-02-24T22:42:46.925339Z","f7f7d2ae-5d75-4447-934d-1573f95b8f81"
"Object Transfer",1199,"1",11,"","2026-02-24T22:42:51.572514Z",1281,4.289,"#C C lifts pasta n sauce from the floor","Action involves picking up an object from the floor, which is a logistics step.","r001","Mechanical Repair","silver","Gold","",749.9978093320908,"2026-02-24T22:42:51.572529Z","f7f7d2ae-5d75-4447-934d-1573f95b8f81"
"Object Transfer",1200,"1",11,"","2026-02-24T22:42:53.971043Z",1282,2.06,"#C C places yeast on the shelf","Logistics step involving placing an object.","r001","Mechanical Repair","silver","Gold","",765.5672793320908,"2026-02-24T22:42:53.971056Z","f7f7d2ae-5d75-4447-934d-1573f95b8f81"
"Stationary",1201,"1",11,"","2026-02-24T22:42:59.037727Z",1283,4.702,"#C C touches # #unsure with hand","Uncertainty or hesitation in movement, indicating low energy or motion.","r001","Mechanical Repair","silver","Gold","",774.5443793320908,"2026-02-24T22:42:59.037741Z","f7f7d2ae-5d75-4447-934d-1573f95b8f81"
"Object Transfer",1202,"1",11,"","2026-02-24T22:43:02.559217Z",1284,3.196,"#C C moves # #unsure on the shelf","Logistics/moving an object from one place to another.","r001","Mechanical Repair","silver","Gold","",803.2868093320908,"2026-02-24T22:43:02.559232Z","f7f7d2ae-5d75-4447-934d-1573f95b8f81"
"Stationary",1203,"1",11,"","2026-02-24T22:43:07.089545Z",1285,2.89,"#C C holds spaghetti with both hands","Low body/hand motion, holding position.","r001","Mechanical Repair","silver","Gold","",807.5714093320908,"2026-02-24T22:43:07.089562Z","f7f7d2ae-5d75-4447-934d-1573f95b8f81"
"Object Transfer",1286,"1",11,"","2026-02-24T23:50:11.150041Z",1286,2.273,"#C C puts other packets in the container","Logistics/Setup step, involves picking up and putting down objects.","r001","Mechanical Repair","silver","Gold","",903.609707613672,"2026-02-24T23:50:11.150054Z","f7f7d2ae-5d75-4447-934d-1573f95b8f81"
"Object Transfer",1287,"1",11,"","2026-02-24T23:50:14.709960Z",1287,2.323,"#C C puts the can in the cabinet","Logistics/Setup step, placing an object.","r001","Mechanical Repair","silver","Gold","",927.898017613672,"2026-02-24T23:50:14.709974Z","f7f7d2ae-5d75-4447-934d-1573f95b8f81"
"Object Transfer",1288,"1",11,"","2026-02-24T23:50:19.463497Z",1288,4.387,"#C C puts the packet of risotto rice on the floor","Logistics step, moving an object from one place to another.","r001","Mechanical Repair","silver","Gold","",953.684017613672,"2026-02-24T23:50:19.463512Z","f7f7d2ae-5d75-4447-934d-1573f95b8f81"
"Object Transfer",1289,"1",11,"","2026-02-24T23:50:24.100645Z",1289,3.893,"#C C puts the container in the cabinet","Logistics step involving placing an object.","r001","Mechanical Repair","silver","Gold","",1035.894017613672,"2026-02-24T23:50:24.100662Z","f7f7d2ae-5d75-4447-934d-1573f95b8f81"
"Object Transfer",1290,"1",11,"","2026-02-24T23:50:50.476129Z",1290,26.036,"#C C puts the other container in the cabinet","Logistics/Setup step involving placing an object.","r001","Mechanical Repair","silver","Gold","",1071.3460176136718,"2026-02-24T23:50:50.476142Z","f7f7d2ae-5d75-4447-934d-1573f95b8f81"
"Stationary",1291,"1",11,"Essential Operation","2026-02-24T23:50:55.719198Z",1291,4.234,"#C C wipes her trouser","Low body/hand motion, likely a brief moment of inaction or adjustment.","r001","Mechanical Repair","silver","Bad","",1549.5481582281195,"2026-02-24T23:50:55.719214Z","f7f7d2ae-5d75-4447-934d-1573f95b8f81"
"Object Transfer",1292,"1",11,"","2026-02-24T23:51:00.345222Z",1292,4.218,"#C C pushes the container","Movement of an object from one place to another.","r001","Mechanical Repair","silver","Gold","",1611.1233782281197,"2026-02-24T23:51:00.345236Z","f7f7d2ae-5d75-4447-934d-1573f95b8f81"
"Object Transfer",1293,"1",11,"","2026-02-24T23:51:02.588034Z",1293,1.886,"#C C picks up a pudding","Logistics step of picking up an object.","r001","Mechanical Repair","silver","Gold","",1639.849367074121,"2026-02-24T23:51:02.588055Z","f7f7d2ae-5d75-4447-934d-1573f95b8f81"
"Object Transfer",1294,"1",11,"","2026-02-24T23:51:06.741598Z",1294,3.841,"#C C puts the food sachet on top of the other","Logistics step involving picking up and placing an object.","r001","Mechanical Repair","silver","Gold","",1667.220837074121,"2026-02-24T23:51:06.741612Z","f7f7d2ae-5d75-4447-934d-1573f95b8f81"
"Essential Operation",1295,"1",11,"","2026-02-24T23:51:14.299754Z",1295,7.246,"#C C operates the desktop computer with the keyboard.","Core manual task involving high hand activity.","r001","Desk Work","silver","Gold","",123.4249996,"2026-02-24T23:51:14.299771Z","f809c446-c3f0-4974-afed-270c12df12a4"
"Search",1296,"1",11,"","2026-02-24T23:51:16.847822Z",1296,2.218,"#C C looks around the worktable.","Head movement (visual search), hands mostly still.","r001","Desk Work","silver","Gold","",2763.512845266667,"2026-02-24T23:51:16.847834Z","f809c446-c3f0-4974-afed-270c12df12a4"
"Stationary",1297,"1",11,"Search","2026-02-24T23:51:22.948562Z",1297,15.701,"#C C moves a cursor","Low body/hand motion, mostly hand movement which is not considered high acceleration or irregular.","r001","Desk Work","silver","Bad","",3021.063875266667,"2026-02-24T23:51:34.959591Z","f809c446-c3f0-4974-afed-270c12df12a4"
"Stationary",1298,"1",11,"Locomotion","2026-02-24T23:53:09.646157Z",1298,74.072,"#C C returns to windows","Low body/hand motion, likely involves minimal movement.","r001","Desk Work","silver","Bad","",3060.1293352666667,"2026-02-24T23:53:09.646172Z","f809c446-c3f0-4974-afed-270c12df12a4"
"Stationary",1299,"1",11,"","2026-02-24T23:53:16.034677Z",1299,5.625,"#C C stares at the computer desktop","Low body/hand motion, focused attention.","r001","Desk Work","silver","Gold","",3253.3702009546632,"2026-02-24T23:53:16.034694Z","f809c446-c3f0-4974-afed-270c12df12a4"
"Essential Operation",1300,"1",11,"","2026-02-24T23:53:25.402967Z",1300,8.858,"#C C taps on the keyboard.","Core task involving repetitive hand movements.","r001","Desk Work","silver","Gold","",4305.732554287997,"2026-02-24T23:53:25.402980Z","f809c446-c3f0-4974-afed-270c12df12a4"
"Object Transfer",1301,"1",11,"","2026-02-24T23:53:29.943671Z",1301,4.255,"#C C places the blue basket on the medical refrigerator lower shelf with his left hand.","Logistics step involving the placement of an object.","r001","Carpentry","silver","Gold","",17.4003,"2026-02-24T23:53:29.943685Z","f83ec443-7495-4d47-b99a-88d2056cf662"
"Object Transfer",1302,"1",11,"","2026-02-24T23:53:32.701224Z",1302,2.362,"#C C removes a drug from the medical refrigerator with his right hand. #unsure","The action involves picking up an item, which is a logistics step.","r001","Carpentry","silver","Gold","",18.95029,"2026-02-24T23:53:32.701245Z","f83ec443-7495-4d47-b99a-88d2056cf662"
"Object Transfer",1303,"1",11,"","2026-02-24T23:53:50.095755Z",1303,16.98,"#C C pulls the medical refrigerator middle shelf with his right hand.","Logistics action involving moving an object (shelf).","r001","Carpentry","silver","Gold","",33.8435,"2026-02-24T23:53:50.095770Z","f83ec443-7495-4d47-b99a-88d2056cf662"
"Object Transfer",1304,"1",11,"","2026-02-24T23:54:05.627723Z",1304,15.065,"#C C passes the drug to his right hand. #unsure","The action involves passing an object, which is a logistics step.","r001","Carpentry","silver","Gold","",43.62985,"2026-02-24T23:54:05.627737Z","f83ec443-7495-4d47-b99a-88d2056cf662"
"Object Transfer",1305,"1",11,"","2026-02-24T23:54:13.935866Z",1305,7.839,"#C C removes some drugs from the medical refrigerator with his right hand. #unsure","The action involves picking up and transferring an object, which is a logistics step.","r001","Carpentry","silver","Gold","",75.60635,"2026-02-24T23:54:13.935887Z","f83ec443-7495-4d47-b99a-88d2056cf662"
"Object Transfer",1306,"1",11,"","2026-02-24T23:54:19.841215Z",1306,5.456,"#C C closes the medical refrigerator with his left hand. #unsure","Closing the refrigerator is a logistics step involving a specific object.","r001","Carpentry","silver","Gold","",119.94804,"2026-02-24T23:54:19.841230Z","f83ec443-7495-4d47-b99a-88d2056cf662"
"Object Transfer",1307,"1",11,"","2026-02-24T23:54:23.327174Z",1307,3.083,"#C C Places the shopping basket on the table","Logistics step involving placing an object.","r001","Carpentry","silver","Gold","",329.63271,"2026-02-24T23:54:23.327198Z","f83ec443-7495-4d47-b99a-88d2056cf662"
"Search",1308,"1",11,"","2026-02-24T23:54:28.915798Z",1308,5.222,"#C C looks at copy machines","Head movement (visual inspection), hands mostly still.","r001","Carpentry","silver","Gold","",479.79761,"2026-02-24T23:54:28.915814Z","f83ec443-7495-4d47-b99a-88d2056cf662"
"Stationary",1309,"1",11,"","2026-02-24T23:54:32.077171Z",1309,2.793,"#C C holds an item with his hands","Low body/hand motion, holding an item.","r001","Carpentry","silver","Gold","",586.89166,"2026-02-24T23:54:32.077185Z","f83ec443-7495-4d47-b99a-88d2056cf662"
"Object Transfer",1310,"1",11,"","2026-02-24T23:54:36.004198Z",1310,3.578,"#C C puts the food storage container in the cart","Logistics step, moving an object to a location.","r001","Carpentry","silver","Gold","",1129.2192,"2026-02-24T23:54:36.004212Z","f83ec443-7495-4d47-b99a-88d2056cf662"
"Locomotion",1311,"1",11,"","2026-02-24T23:54:38.479376Z",1311,2.159,"#C C leaves the laboratory.","Movement through space from one location to another.","r001","Carpentry","silver","Gold","",2030.49952,"2026-02-24T23:54:38.479390Z","f83ec443-7495-4d47-b99a-88d2056cf662"
"Locomotion",1312,"1",11,"","2026-02-24T23:54:41.302010Z",1312,2.477,"#C C enters another laboratory in the building.","Movement through space to another location.","r001","Carpentry","silver","Gold","",2036.99942,"2026-02-24T23:54:41.302025Z","f83ec443-7495-4d47-b99a-88d2056cf662"
"Object Transfer",1313,"1",11,"","2026-02-24T23:54:44.178359Z",1313,2.544,"#C C opens the door of the laboratory.","The action involves opening a door, which is a logistics step involving short bursts of hand activity.","r001","Carpentry","silver","Gold","",2049.57089,"2026-02-24T23:54:44.178371Z","f83ec443-7495-4d47-b99a-88d2056cf662"
"Stationary",1314,"1",11,"","2026-02-24T23:54:49.015675Z",1314,4.511,"#C C interacts with colleague X. #unsure","Low body/hand motion, likely involves conversation.","r001","Carpentry","silver","","Skip",2099.19957,"2026-02-24T23:54:49.015689Z","f83ec443-7495-4d47-b99a-88d2056cf662"
"Locomotion",1315,"1",11,"","2026-02-24T23:54:52.304089Z",1315,2.952,"#C C walks on the corridor of the office.","Body moving through space (walking).","r001","Carpentry","silver","Gold","",2135.45928,"2026-02-24T23:54:52.304114Z","f83ec443-7495-4d47-b99a-88d2056cf662"
"Stationary",1316,"1",11,"","2026-02-24T23:54:57.358563Z",1316,4.742,"#O The man X lifts up his right hand.","Low body/hand motion, indicating a pause or idle action.","r001","Carpentry","silver","Gold","",2178.0,"2026-02-24T23:54:57.358579Z","f83ec443-7495-4d47-b99a-88d2056cf662"
"Locomotion",1317,"1",11,"","2026-02-24T23:55:10.168773Z",1317,12.475,"#C C walks forward in the elevator.","Body moving through space, indicative of walking.","r001","Carpentry","silver","Gold","",2186.0,"2026-02-24T23:55:10.168788Z","f83ec443-7495-4d47-b99a-88d2056cf662"
"Object Transfer",1318,"1",11,"","2026-02-24T23:55:12.416748Z",1318,1.844,"#C C Picks paper towel","Logistics step, picking up an item.","r001","Carpentry","silver","Gold","",2474.39432,"2026-02-24T23:55:12.416763Z","f83ec443-7495-4d47-b99a-88d2056cf662"
"Locomotion",1319,"1",11,"","2026-02-24T23:55:14.778590Z",1319,2.027,"#C C Walks towards elevator door","Body moving through space, indicative of walking.","r001","Carpentry","silver","Gold","",2533.50613,"2026-02-24T23:55:14.778614Z","f83ec443-7495-4d47-b99a-88d2056cf662"
"Locomotion",1320,"1",11,"","2026-02-24T23:55:17.434878Z",1320,2.328,"#C C Walks around a building","Body moving through space (walking).","r001","Carpentry","silver","Gold","",2572.63705,"2026-02-24T23:55:17.434897Z","f83ec443-7495-4d47-b99a-88d2056cf662"
"Locomotion",1321,"1",11,"","2026-02-24T23:55:20.050460Z",1321,2.245,"#C C Passes through a door","Movement through space, likely involves walking or moving through a threshold.","r001","Carpentry","silver","Gold","",2638.3771,"2026-02-24T23:55:20.050474Z","f83ec443-7495-4d47-b99a-88d2056cf662"
"Object Transfer",1322,"1",11,"","2026-02-24T23:55:22.731233Z",1322,2.333,"#C C puts plastic bag in fridge","Logistics step, putting an object in a location.","r001","Playing Instrument","silver","Gold","",33.427609600000004,"2026-02-24T23:55:22.731249Z","fb7cc35d-3272-44a4-b8f2-15cd24fa345b"
"Stationary",1323,"1",11,"Essential Operation","2026-02-24T23:55:44.046231Z",1323,6.607,"#C C wipes on knife and sink with finger","Low body/hand motion, cleaning action with minimal movement.","r001","Playing Instrument","silver","Bad","",184.3977596,"2026-02-24T23:55:44.046244Z","fb7cc35d-3272-44a4-b8f2-15cd24fa345b"
"Essential Operation",1324,"1",11,"","2026-02-24T23:55:47.067629Z",1324,2.604,"#C C shakes carrots in the hands","High hand activity, likely involves repetitive motion or manipulation.","r001","Playing Instrument","silver","Gold","",238.0390696,"2026-02-24T23:55:47.067645Z","fb7cc35d-3272-44a4-b8f2-15cd24fa345b"
"Object Transfer",1325,"1",11,"","2026-02-24T23:55:50.426992Z",1325,2.98,"#C C moves the tray","Logistics/moving an object (tray).","r001","Playing Instrument","silver","Gold","",324.4542909546634,"2026-02-24T23:55:50.427015Z","fb7cc35d-3272-44a4-b8f2-15cd24fa345b"
"Essential Operation",1326,"1",11,"","2026-02-24T23:55:54.957175Z",1326,4.197,"#C C washes butter pieces in the sink","Core task involving manual activity with the hands.","r001","Playing Instrument","silver","Gold","",371.5983209546634,"2026-02-24T23:55:54.957193Z","fb7cc35d-3272-44a4-b8f2-15cd24fa345b"
"Locomotion",1327,"1",11,"","2026-02-24T23:55:59.713464Z",1327,4.399,"#C C turns to the fridge","Body movement through space (turning).","r001","Playing Instrument","silver","Gold","",453.5184209546634,"2026-02-24T23:55:59.713481Z","fb7cc35d-3272-44a4-b8f2-15cd24fa345b"
"Search",1328,"1",11,"","2026-02-24T23:56:02.365565Z",1328,2.197,"#C C looks around the packet","Head movement (looking around), hands mostly still.","r001","Playing Instrument","silver","Gold","",485.29815095466336,"2026-02-24T23:56:02.365588Z","fb7cc35d-3272-44a4-b8f2-15cd24fa345b"
"Object Transfer",1329,"1",11,"","2026-02-24T23:56:04.866253Z",1329,2.181,"#C C puts onion down","Logistics step involving putting an object down.","r001","Playing Instrument","silver","Gold","",670.6585209546633,"2026-02-24T23:56:04.866268Z","fb7cc35d-3272-44a4-b8f2-15cd24fa345b"
"Locomotion",1330,"1",11,"","2026-02-24T23:56:15.200222Z",1330,10.025,"#C C walks into washroom","Body moving through space (walking).","r001","Playing Instrument","silver","Gold","",961.6746409546632,"2026-02-24T23:56:15.200242Z","fb7cc35d-3272-44a4-b8f2-15cd24fa345b"
"Locomotion",1331,"1",11,"","2026-02-24T23:56:18.631096Z",1331,2.274,"#C C walks to machine machine","Movement through space, likely involves walking.","r001","Playing Instrument","silver","Gold","",968.0810109546634,"2026-02-24T23:56:18.631112Z","fb7cc35d-3272-44a4-b8f2-15cd24fa345b"
"Locomotion",1332,"1",11,"","2026-02-24T23:56:20.706551Z",1332,1.741,"#C C walks into kitchen","Body moving through space, indicative of walking.","r001","Playing Instrument","silver","Gold","",1010.6546209546634,"2026-02-24T23:56:20.706567Z","fb7cc35d-3272-44a4-b8f2-15cd24fa345b"
"Stationary",1333,"1",11,"Essential Operation","2026-02-24T23:56:30.100228Z",1333,9.051,"#C C pours laundry perfume on t-shirt","The action described does not match the scenario provided. Given the mismatch, this action implies a low-energy, stationary task such as pouring, which involves minimal body or hand motion.","r001","Playing Instrument","silver","Bad","",1064.8683009546633,"2026-02-24T23:56:30.100242Z","fb7cc35d-3272-44a4-b8f2-15cd24fa345b"
"Object Transfer",1334,"1",11,"","2026-02-24T23:56:33.954167Z",1334,3.381,"#C C takes out his phone","Logistics step of picking up the phone.","r001","Playing Instrument","silver","Gold","",1261.1283509546631,"2026-02-24T23:56:33.954180Z","fb7cc35d-3272-44a4-b8f2-15cd24fa345b"
"Search",1335,"1",11,"","2026-02-24T23:58:25.075256Z",1335,2.499,"#C C looks in the bubbling pot","Head movement (visual search), hands mostly still.","r001","Playing Instrument","silver","Gold","",1336.788660954663,"2026-02-24T23:58:25.075269Z","fb7cc35d-3272-44a4-b8f2-15cd24fa345b"
"Object Transfer",1336,"1",11,"","2026-02-24T23:58:28.509851Z",1336,3.004,"#C C picks a tablet gadget","Logistics step involving picking up an object.","r001","Playing Instrument","silver","Gold","",1346.6822809546634,"2026-02-24T23:58:28.509873Z","fb7cc35d-3272-44a4-b8f2-15cd24fa345b"
"Object Transfer",1337,"1",11,"","2026-02-24T23:58:32.353475Z",1337,2.922,"#C C puts kettle on power base","Logistics step, moving an object to a specific location.","r001","Playing Instrument","silver","Gold","",1349.9970709546633,"2026-02-24T23:58:32.353499Z","fb7cc35d-3272-44a4-b8f2-15cd24fa345b"
"Essential Operation",1338,"1",11,"","2026-02-24T23:58:35.961645Z",1338,3.293,"#C C wipes the dish with the cloth","Core manual task involving high hand activity.","r001","Cleaning","silver","Gold","",35.8610686,"2026-02-24T23:58:35.961663Z","fc8618e6-3159-4122-aa39-0c21ae68b9b2"
"Object Transfer",1339,"1",11,"","2026-02-24T23:58:38.829559Z",1339,2.532,"#C C picks the dish","Logistics step involving picking up an object.","r001","Cleaning","silver","Gold","",38.3277086,"2026-02-24T23:58:38.829582Z","fc8618e6-3159-4122-aa39-0c21ae68b9b2"
"Object Transfer",1340,"1",11,"Essential Operation","2026-02-24T23:58:45.355718Z",1340,6.18,"#C C opens the tin of teabag","Opening an object, involves logistics and setup.","r001","Cleaning","silver","Bad","",65.7256086,"2026-02-24T23:58:45.355733Z","fc8618e6-3159-4122-aa39-0c21ae68b9b2"
"Essential Operation",1341,"1",11,"","2026-02-24T23:58:48.786565Z",1341,3.019,"#C C cuts the teabag","Core task, high hand activity.","r001","Cleaning","silver","Gold","",68.08284859999999,"2026-02-24T23:58:48.786579Z","fc8618e6-3159-4122-aa39-0c21ae68b9b2"
"Object Transfer",1342,"1",11,"","2026-02-24T23:58:53.444894Z",1342,4.285,"#C C takes the tin of spoons","Logistics step, picking up an object.","r001","Cleaning","silver","Gold","",149.85245859999998,"2026-02-24T23:58:53.444909Z","fc8618e6-3159-4122-aa39-0c21ae68b9b2"
"Object Transfer",1343,"1",11,"","2026-02-24T23:59:01.988878Z",1343,4.203,"#C C picks the bottle of soap","Logistics step involving picking up an object.","r001","Cleaning","silver","Gold","",199.1542086,"2026-02-24T23:59:01.988892Z","fc8618e6-3159-4122-aa39-0c21ae68b9b2"
"Object Transfer",1344,"1",11,"","2026-02-24T23:59:08.803585Z",1344,6.306,"#C C puts the soap in the sink","Logistics step involving picking up and placing an object.","r001","Cleaning","silver","Gold","",199.8042586,"2026-02-24T23:59:08.803608Z","fc8618e6-3159-4122-aa39-0c21ae68b9b2"
"Object Transfer",1345,"1",11,"","2026-02-24T23:59:12.371341Z",1345,3.217,"#C C puts the dish on the glass","Logistics step involving placing an object.","r001","Cleaning","silver","Gold","",249.3906886,"2026-02-24T23:59:12.371357Z","fc8618e6-3159-4122-aa39-0c21ae68b9b2"
"Object Transfer",1346,"1",11,"","2026-02-24T23:59:16.503349Z",1346,3.796,"#C C puts the cooking pan on the cooking gas","Logistics of moving an object from one place to another.","r001","Cleaning","silver","Gold","",392.73133958632815,"2026-02-24T23:59:16.503373Z","fc8618e6-3159-4122-aa39-0c21ae68b9b2"
"Object Transfer",1347,"1",11,"","2026-02-25T00:00:04.519225Z",1347,5.872,"#C C picks the wrench from the floor","Logistics action of picking up an object.","r001","Mechanical Repair","silver","Gold","",8.1653296,"2026-02-25T00:00:04.519239Z","fd0e10cd-80ea-4cd1-babe-e6570601b00b"
"Object Transfer",1348,"1",11,"","2026-02-25T00:00:07.714847Z",1348,2.718,"#C C drops the wrench on the floor","Refined via regex fallback","r001","Mechanical Repair","silver","Gold","",12.5668096,"2026-02-25T00:00:07.714868Z","fd0e10cd-80ea-4cd1-babe-e6570601b00b"
"Object Transfer",1349,"1",11,"","2026-02-25T00:00:12.471094Z",1349,4.374,"#C C hangs the water sprayer on the table","Logistics step involving picking up and placing an object.","r001","Mechanical Repair","silver","Gold","",55.3056696,"2026-02-25T00:00:12.471113Z","fd0e10cd-80ea-4cd1-babe-e6570601b00b"
"Object Transfer",1350,"1",11,"","2026-02-25T00:00:14.345472Z",1350,1.524,"#C C picks a screw from the floor","Logistics step involving picking up an object.","r001","Mechanical Repair","silver","Gold","",81.1247296,"2026-02-25T00:00:14.345485Z","fd0e10cd-80ea-4cd1-babe-e6570601b00b"
"Essential Operation",1351,"1",11,"","2026-02-25T00:00:16.664769Z",1351,2.029,"#C C fixes the machine part into the bike's wheel","Core manual task involving precise hand movements.","r001","Mechanical Repair","silver","Gold","",93.6897796,"2026-02-25T00:00:16.664784Z","fd0e10cd-80ea-4cd1-babe-e6570601b00b"
"Essential Operation",1352,"1",11,"","2026-02-25T00:00:21.883609Z",1352,4.068,"#C C fixes the screw into the machine part","Core manual task involving precise hand movements.","r001","Mechanical Repair","silver","Gold","",98.2132696,"2026-02-25T00:00:21.883631Z","fd0e10cd-80ea-4cd1-babe-e6570601b00b"
"Object Transfer",1353,"1",11,"","2026-02-25T00:00:24.793547Z",1353,2.497,"#C C picks a can from the floor","Logistics step, picking up an object.","r001","Mechanical Repair","silver","Gold","",162.6554796,"2026-02-25T00:00:24.793564Z","fd0e10cd-80ea-4cd1-babe-e6570601b00b"
"Object Transfer",1354,"1",11,"","2026-02-25T00:00:27.645526Z",1354,2.531,"#C C picks screwdriver from the floor","Logistics step involving picking up an object.","r001","Mechanical Repair","silver","Gold","",170.5153096,"2026-02-25T00:00:27.645540Z","fd0e10cd-80ea-4cd1-babe-e6570601b00b"
"Locomotion",1355,"1",11,"","2026-02-25T00:00:29.709244Z",1355,1.77,"#C C walks in the hallway","Body moving through space, indicative of walking.","r001","Walking Outdoors","silver","Gold","",64.38391,"2026-02-25T00:00:29.709258Z","fd344164-fa5f-4ce1-bf0c-40319056cc32"
"Locomotion",1356,"1",11,"","2026-02-25T00:00:33.405479Z",1356,3.405,"#O man X enters the car","The action describes movement from one location to another.","r001","Walking Outdoors","silver","Gold","",148.0507,"2026-02-25T00:00:33.405493Z","fd344164-fa5f-4ce1-bf0c-40319056cc32"
"Stationary",1357,"1",11,"Essential Operation","2026-02-25T00:00:38.974755Z",1357,5.236,"#C C turns on the radio","The action involves a simple operation (turning on the radio) with minimal body movement.","r001","Walking Outdoors","silver","Bad","",403.39868,"2026-02-25T00:00:38.974779Z","fd344164-fa5f-4ce1-bf0c-40319056cc32"
"Search",1358,"1",11,"","2026-02-25T00:00:42.185131Z",1358,2.903,"#C C looks at the side mirror","Head movement (visual search), hands mostly still.","r001","Walking Outdoors","silver","Gold","",571.53195,"2026-02-25T00:00:42.185145Z","fd344164-fa5f-4ce1-bf0c-40319056cc32"
"Stationary",1359,"1",11,"Essential Operation","2026-02-25T00:00:47.106330Z",1359,4.601,"#C C turns the steering wheel","The action of turning the steering wheel does not involve locomotion or significant body movement, but rather a stationary action with the hands.","r001","Walking Outdoors","silver","Bad","",614.0097,"2026-02-25T00:00:47.106345Z","fd344164-fa5f-4ce1-bf0c-40319056cc32"
"Stationary",1360,"1",11,"","2026-02-25T00:00:51.296897Z",1360,3.85,"#C C holds the steering wheel","The action of holding the steering wheel indicates a stationary position with minimal body movement.","r001","Walking Outdoors","silver","Gold","",692.42322,"2026-02-25T00:00:51.296914Z","fd344164-fa5f-4ce1-bf0c-40319056cc32"
"Locomotion",1361,"1",11,"","2026-02-25T00:00:56.879947Z",1361,3.065,"#O man A gets out of the car","The action describes a person moving from a stationary position (in the car) to walking, indicating movement through space.","r001","Walking Outdoors","silver","Gold","",751.60301,"2026-02-25T00:00:56.879959Z","fd344164-fa5f-4ce1-bf0c-40319056cc32"
"Locomotion",1362,"1",11,"","2026-02-25T00:00:59.493774Z",1362,2.271,"#O man B walks","Body moving through space, indicative of walking.","r001","Walking Outdoors","silver","Gold","",774.10247,"2026-02-25T00:00:59.493789Z","fd344164-fa5f-4ce1-bf0c-40319056cc32"
"Object Transfer",1363,"1",11,"","2026-02-25T00:01:02.010318Z",1363,2.202,"#C C takes the bag from man B","The action involves picking up or transferring an object, which is a logistics step.","r001","Walking Outdoors","silver","Gold","",774.10247,"2026-02-25T00:01:02.010334Z","fd344164-fa5f-4ce1-bf0c-40319056cc32"
"Locomotion",1364,"1",11,"","2026-02-25T00:01:05.058599Z",1364,1.988,"#O man F walks","Body moving through space, indicative of walking.","r001","Walking Outdoors","silver","Gold","",777.87488,"2026-02-25T00:01:05.058616Z","fd344164-fa5f-4ce1-bf0c-40319056cc32"
"Stationary",1365,"1",11,"","2026-02-25T00:01:07.519505Z",1365,2.154,"#O man G lifts the hand","The action described is lifting a hand which involves minimal body movement.","r001","Walking Outdoors","silver","Gold","",817.62417,"2026-02-25T00:01:07.519528Z","fd344164-fa5f-4ce1-bf0c-40319056cc32"
"Locomotion",1366,"1",11,"","2026-02-25T00:01:10.838967Z",1366,2.949,"#O man A walks","Body moving through space, indicative of walking.","r001","Walking Outdoors","silver","Gold","",875.79103,"2026-02-25T00:01:10.838988Z","fd344164-fa5f-4ce1-bf0c-40319056cc32"
"Locomotion",1367,"1",11,"Object Transfer","2026-02-25T00:01:30.612097Z",1367,19.465,"#O man B dribbles the ball","Body moving through space while performing a physical activity (walking and dribbling a ball).","r001","Walking Outdoors","silver","Bad","",1034.96227,"2026-02-25T00:01:30.612110Z","fd344164-fa5f-4ce1-bf0c-40319056cc32"
"Locomotion",1368,"1",11,"Object Transfer","2026-02-25T00:01:36.456495Z",1368,5.441,"#O man B throws ball to C","The action involves movement through space, specifically throwing a ball which implies a dynamic body motion.","r001","Walking Outdoors","silver","Bad","",1117.37517,"2026-02-25T00:01:36.456512Z","fd344164-fa5f-4ce1-bf0c-40319056cc32"
"Locomotion",1369,"1",11,"Object Transfer","2026-02-25T00:01:40.332957Z",1369,3.502,"#O man D throws the ball to man B","The action involves movement through space, which corresponds to locomotion.","r001","Walking Outdoors","silver","Bad","",1129.10059,"2026-02-25T00:01:40.332970Z","fd344164-fa5f-4ce1-bf0c-40319056cc32"
"Locomotion",1370,"1",11,"","2026-02-25T00:01:44.498105Z",1370,3.809,"#O man A the ball to C","Body moving through space during the action of throwing.","r001","Walking Outdoors","silver","","Skip",1139.82979,"2026-02-25T00:01:44.498116Z","fd344164-fa5f-4ce1-bf0c-40319056cc32"
"Locomotion",1371,"1",11,"Object Transfer","2026-02-25T00:01:49.328059Z",1371,4.439,"O man D throws the ball to man A","The action involves movement through space, likely involving walking or running to throw the ball.","r001","Walking Outdoors","silver","Bad","",1144.59007,"2026-02-25T00:01:49.328083Z","fd344164-fa5f-4ce1-bf0c-40319056cc32"
"Essential Operation",1372,"1",11,"Object Transfer","2026-02-25T00:01:58.590451Z",1372,8.913,"#C C throws the ball to man A","The action involves a deliberate motion with the hand to throw the ball, which is a core manual task.","r001","Walking Outdoors","silver","Gold","",1153.43336,"2026-02-25T00:01:58.590466Z","fd344164-fa5f-4ce1-bf0c-40319056cc32"
"Essential Operation",1373,"1",11,"","2026-02-25T00:02:02.721793Z",1373,3.775,"#C C makes a basket","Core manual task involving hand manipulation.","r001","Walking Outdoors","silver","Gold","",1333.50732,"2026-02-25T00:02:02.721806Z","fd344164-fa5f-4ce1-bf0c-40319056cc32"
"Essential Operation",1374,"1",11,"Object Transfer","2026-02-25T00:02:06.255185Z",1374,4.789,"#C C throws the ball on the ring","The action involves a specific task (throwing the ball), which is a core manual operation with high hand acceleration.","r001","Walking Outdoors","silver","Gold","",1346.66573,"2026-02-25T00:02:09.366217Z","fd344164-fa5f-4ce1-bf0c-40319056cc32"
"Locomotion",1375,"1",11,"Essential Operation","2026-02-25T00:02:33.853472Z",1375,23.947,"#O man D makes a basket","Body moving through space, likely involves walking or running.","r001","Walking Outdoors","silver","Gold","",1358.38676,"2026-02-25T00:02:33.853483Z","fd344164-fa5f-4ce1-bf0c-40319056cc32"
"Locomotion",1376,"1",11,"Object Transfer","2026-02-25T00:02:42.058211Z",1376,7.799,"#O man D throws the ball on the ring","The action involves movement through space, which is characteristic of locomotion.","r001","Walking Outdoors","silver","Bad","",1386.62868,"2026-02-25T00:02:42.058228Z","fd344164-fa5f-4ce1-bf0c-40319056cc32"
"Locomotion",1407,"1",11,"","2026-02-25T00:06:43.803421Z",1377,14.509,"#O man D hits the ball to man A leg","Body moving through space, likely involves walking or running to hit the ball.","r001","Walking Outdoors","silver","Gold","",1417.05944,"2026-02-25T00:06:43.803441Z","fd344164-fa5f-4ce1-bf0c-40319056cc32"
"Locomotion",1408,"1",11,"Object Transfer","2026-02-25T00:06:49.050269Z",1378,3.788,"#O man A throws ball to C","Body moving through space, likely involves throwing motion which is part of the overall locomotion activity.","r001","Walking Outdoors","silver","Bad","",1450.50202,"2026-02-25T00:06:49.050284Z","fd344164-fa5f-4ce1-bf0c-40319056cc32"
"Locomotion",1409,"1",11,"Object Transfer","2026-02-25T00:06:55.534386Z",1379,5.981,"#O man F makes a basket","The action describes a physical movement through space, which corresponds to locomotion activities like walking or running.","r001","Walking Outdoors","silver","Gold","",1556.45301,"2026-02-25T00:06:55.534400Z","fd344164-fa5f-4ce1-bf0c-40319056cc32"
"Locomotion",1410,"1",11,"Object Transfer","2026-02-25T00:06:59.318737Z",1380,3.437,"#O man B throws the ball to man D","The action involves a person in motion, throwing the ball which implies movement through space.","r001","Walking Outdoors","silver","Bad","",1608.06266,"2026-02-25T00:06:59.318748Z","fd344164-fa5f-4ce1-bf0c-40319056cc32"
"Locomotion",1411,"1",11,"Object Transfer","2026-02-25T00:07:05.626726Z",1381,5.972,"#O man D dribbles the ball","Body moving through space, likely involves walking or running.","r001","Walking Outdoors","silver","Bad","",1610.13353,"2026-02-25T00:07:05.626740Z","fd344164-fa5f-4ce1-bf0c-40319056cc32"
"Search",1412,"1",11,"","2026-02-25T00:07:14.895094Z",1382,8.854,"#C C looks at man A","Head movement (visual search), hands mostly still.","r001","Walking Outdoors","silver","","Skip",1676.61782,"2026-02-25T00:07:14.895120Z","fd344164-fa5f-4ce1-bf0c-40319056cc32"
"Locomotion",1413,"1",11,"Stationary","2026-02-25T00:07:19.674757Z",1383,4.429,"#O man A holds the ball","Body moving through space (walking), likely holding an object (the ball).","r001","Walking Outdoors","silver","Bad","",1703.61293,"2026-02-25T00:07:19.674774Z","fd344164-fa5f-4ce1-bf0c-40319056cc32"
"Locomotion",1414,"1",11,"Stationary","2026-02-25T00:07:23.846628Z",1384,3.835,"#O man D holds the ball","Body moving through space (walking), likely holding an object but primary motion is locomotion.","r001","Walking Outdoors","silver","Bad","",1711.68195,"2026-02-25T00:07:23.846644Z","fd344164-fa5f-4ce1-bf0c-40319056cc32"
"Locomotion",1415,"1",11,"","2026-02-25T00:07:28.026456Z",1385,3.787,"#O man D jumps","Body moving through space with a sudden jump, indicating high body acceleration.","r001","Walking Outdoors","silver","Gold","",1712.03329,"2026-02-25T00:07:28.026471Z","fd344164-fa5f-4ce1-bf0c-40319056cc32"
"Locomotion",1416,"1",11,"","2026-02-25T00:07:30.995692Z",1386,2.63,"#O man A jumps","Body moving through space with high body acceleration.","r001","Walking Outdoors","silver","Gold","",1736.13074,"2026-02-25T00:07:30.995706Z","fd344164-fa5f-4ce1-bf0c-40319056cc32"
"Locomotion",1417,"1",11,"Stationary","2026-02-25T00:07:40.073112Z",1387,8.409,"#O man B holds the ball","Body moving through space while holding an object.","r001","Walking Outdoors","silver","Bad","",1750.6828,"2026-02-25T00:07:40.073131Z","fd344164-fa5f-4ce1-bf0c-40319056cc32"
"Locomotion",1418,"1",11,"Object Transfer","2026-02-25T00:07:45.310196Z",1388,4.854,"#O man B picks the ball","Body moving through space (pick involves movement).","r001","Walking Outdoors","silver","Bad","",1838.83073,"2026-02-25T00:07:45.310219Z","fd344164-fa5f-4ce1-bf0c-40319056cc32"
"Locomotion",1419,"1",11,"Object Transfer","2026-02-25T00:07:55.095011Z",1389,9.451,"#O man D throws the ball on the board","The action involves movement through space, which is characteristic of locomotion.","r001","Walking Outdoors","silver","Bad","",1850.68446,"2026-02-25T00:07:55.095026Z","fd344164-fa5f-4ce1-bf0c-40319056cc32"
"Locomotion",1377,"1",11,"","2026-02-25T00:02:45.301296Z",1390,2.845,"#O man A runs","Body moving through space with high body acceleration.","r001","Walking Outdoors","silver","Gold","",1863.40725,"2026-02-25T00:02:45.301311Z","fd344164-fa5f-4ce1-bf0c-40319056cc32"
"Essential Operation",1378,"1",11,"Object Transfer","2026-02-25T00:02:50.940537Z",1391,5.295,"#C C throws the ball","The action involves a deliberate and forceful motion, indicating a core manual task with high hand acceleration.","r001","Walking Outdoors","silver","Gold","",1872.7693,"2026-02-25T00:02:50.940549Z","fd344164-fa5f-4ce1-bf0c-40319056cc32"
"Locomotion",1379,"1",11,"Object Transfer","2026-02-25T00:02:55.896340Z",1392,4.59,"#O man A throws the ball to man B","The action involves movement through space, likely including walking or throwing motion which involves significant whole-body acceleration.","r001","Walking Outdoors","silver","Bad","",1927.00307,"2026-02-25T00:02:55.896355Z","fd344164-fa5f-4ce1-bf0c-40319056cc32"
"Locomotion",1380,"1",11,"Object Transfer","2026-02-25T00:03:00.878413Z",1393,4.649,"#O man B throws the ball to man A","Body movement through space (throwing involves movement but the primary action is locomotion).","r001","Walking Outdoors","silver","Bad","",1993.5017,"2026-02-25T00:03:00.878426Z","fd344164-fa5f-4ce1-bf0c-40319056cc32"
"Locomotion",1381,"1",11,"","2026-02-25T00:03:03.116455Z",1394,1.832,"#O man D walks","Body moving through space, indicative of walking.","r001","Walking Outdoors","silver","Gold","",2054.78745,"2026-02-25T00:03:03.116469Z","fd344164-fa5f-4ce1-bf0c-40319056cc32"
"Locomotion",1382,"1",11,"Essential Operation","2026-02-25T00:03:12.607792Z",1395,9.175,"#O man B makes a basket","The action describes a physical movement (making a basket), which involves body movement through space.","r001","Walking Outdoors","silver","Gold","",2191.46093,"2026-02-25T00:03:12.607802Z","fd344164-fa5f-4ce1-bf0c-40319056cc32"
"Locomotion",1383,"1",11,"Object Transfer","2026-02-25T00:03:16.855681Z",1396,3.853,"#O man B throws the ball","The action involves movement through space, which is characteristic of locomotion.","r001","Walking Outdoors","silver","Bad","",2352.47523,"2026-02-25T00:03:16.855697Z","fd344164-fa5f-4ce1-bf0c-40319056cc32"
"Locomotion",1384,"1",11,"Object Transfer","2026-02-25T00:03:23.829122Z",1397,6.629,"#O man A throws the ball to man X","The action involves body movement through space, which is characteristic of locomotion.","r001","Walking Outdoors","silver","Bad","",2360.31848,"2026-02-25T00:03:23.829135Z","fd344164-fa5f-4ce1-bf0c-40319056cc32"
"Locomotion",1385,"1",11,"Object Transfer","2026-02-25T00:03:47.722255Z",1398,21.082,"#O man X dribbles the ball","Body moving through space while interacting with a ball.","r001","Walking Outdoors","silver","Bad","",2360.86114,"2026-02-25T00:03:47.722269Z","fd344164-fa5f-4ce1-bf0c-40319056cc32"
"Locomotion",1386,"1",11,"Stationary","2026-02-25T00:03:54.497779Z",1399,6.249,"#O man X holds the ball","Body moving through space (walking), likely holding an object but the primary action is movement.","r001","Walking Outdoors","silver","Bad","",2427.8741,"2026-02-25T00:03:54.497792Z","fd344164-fa5f-4ce1-bf0c-40319056cc32"
"Locomotion",1387,"1",11,"Object Transfer","2026-02-25T00:03:57.862086Z",1400,2.982,"#O man X throws the ball","The action involves movement through space, which is characteristic of locomotion.","r001","Walking Outdoors","silver","Bad","",2429.53706,"2026-02-25T00:03:57.862105Z","fd344164-fa5f-4ce1-bf0c-40319056cc32"
"Locomotion",1388,"1",11,"Object Transfer","2026-02-25T00:04:03.486996Z",1401,5.248,"#O man X makes a basket","The action describes movement through space, which is characteristic of locomotion.","r001","Walking Outdoors","silver","Gold","",2430.51339,"2026-02-25T00:04:03.487018Z","fd344164-fa5f-4ce1-bf0c-40319056cc32"
"Essential Operation",1389,"1",11,"Object Transfer","2026-02-25T00:04:13.380805Z",1402,9.485,"#C C throws the ball to man B","The action involves a deliberate motion with the hand/arm to throw the ball, indicating a core manual task with high hand acceleration.","r001","Walking Outdoors","silver","Bad","",2435.22414,"2026-02-25T00:04:13.380826Z","fd344164-fa5f-4ce1-bf0c-40319056cc32"
"Locomotion",1390,"1",11,"Object Transfer","2026-02-25T00:04:41.345853Z",1403,27.582,"#O man A throws the ball to man D","The action involves movement through space, likely involving a throwing motion which is part of the overall locomotion activity.","r001","Walking Outdoors","silver","Bad","",2754.9213,"2026-02-25T00:04:41.345865Z","fd344164-fa5f-4ce1-bf0c-40319056cc32"
"Object Transfer",1391,"1",11,"","2026-02-25T00:04:46.218313Z",1404,4.418,"#O man A throws the ball on the board","[CtxFixed] The action of throwing the ball onto the board indicates a deliberate placement of the ball onto a surface, which fits the definition of 'Object Transfer'.","r001","Walking Outdoors","silver","Gold","",2766.30871,"2026-02-25T00:04:46.218327Z","fd344164-fa5f-4ce1-bf0c-40319056cc32"
"Essential Operation",1392,"1",11,"Object Transfer","2026-02-25T00:04:50.274675Z",1405,3.551,"#C C throws the ball to man D","The action involves a specific task (throwing a ball) with high hand activity.","r001","Walking Outdoors","silver","Bad","",2822.97018,"2026-02-25T00:04:50.274699Z","fd344164-fa5f-4ce1-bf0c-40319056cc32"
"Locomotion",1393,"1",11,"","2026-02-25T00:04:52.886890Z",1406,2.277,"#C C runs","Body moving through space at a high pace.","r001","Walking Outdoors","silver","Gold","",2881.39162,"2026-02-25T00:04:52.886905Z","fd344164-fa5f-4ce1-bf0c-40319056cc32"
"Object Transfer",1394,"1",11,"","2026-02-25T00:04:56.891415Z",1407,3.619,"#C C opens the water bottle","The action involves opening a water bottle, which is a logistics step.","r001","Walking Outdoors","silver","Gold","",2976.97472,"2026-02-25T00:04:56.891427Z","fd344164-fa5f-4ce1-bf0c-40319056cc32"
"Locomotion",1395,"1",11,"","2026-02-25T00:05:02.833492Z",1408,5.595,"#O man A stands up","Standing up involves body movement through space.","r001","Walking Outdoors","silver","","Skip",3055.91285,"2026-02-25T00:05:02.833507Z","fd344164-fa5f-4ce1-bf0c-40319056cc32"
"Object Transfer",1396,"1",11,"","2026-02-25T00:05:07.515274Z",1409,4.019,"#O man D picks the ball","Picking up an object, involves short bursts of hand acceleration.","r001","Walking Outdoors","silver","Gold","",3094.08631,"2026-02-25T00:05:07.515287Z","fd344164-fa5f-4ce1-bf0c-40319056cc32"
"Locomotion",1397,"1",11,"Object Transfer","2026-02-25T00:05:11.549929Z",1410,3.715,"#O man D throws the ball to C","The action involves movement through space, likely including walking or running.","r001","Walking Outdoors","silver","Bad","",3113.43608,"2026-02-25T00:05:11.549950Z","fd344164-fa5f-4ce1-bf0c-40319056cc32"
"Locomotion",1398,"1",11,"Object Transfer","2026-02-25T00:05:15.241373Z",1411,3.394,"#O man D throws the ball","The action involves movement through space, likely accompanied by walking or running.","r001","Walking Outdoors","silver","Bad","",3129.62374,"2026-02-25T00:05:15.241401Z","fd344164-fa5f-4ce1-bf0c-40319056cc32"
"Locomotion",1399,"1",11,"Essential Operation","2026-02-25T00:05:24.225942Z",1412,8.642,"#O man D attacks man B","The action involves movement through space, characteristic of locomotion.","r001","Walking Outdoors","silver","Bad","",3166.54476,"2026-02-25T00:05:24.225955Z","fd344164-fa5f-4ce1-bf0c-40319056cc32"
"Locomotion",1400,"1",11,"","2026-02-25T00:05:27.147310Z",1413,2.477,"#O man D runs","Body moving through space at a high pace, indicating running.","r001","Walking Outdoors","silver","Gold","",3219.81956,"2026-02-25T00:05:27.147327Z","fd344164-fa5f-4ce1-bf0c-40319056cc32"
"Locomotion",1401,"1",11,"Essential Operation","2026-02-25T00:05:31.773532Z",1414,8.684000000000001,"#O man X dribbles","Body moving through space, likely involves walking or running.","r001","Walking Outdoors","silver","Bad","",3262.5367,"2026-02-25T00:05:36.393858Z","fd344164-fa5f-4ce1-bf0c-40319056cc32"
"Essential Operation",1402,"1",11,"Object Transfer","2026-02-25T00:05:42.820835Z",1415,6.071,"#C C throws the ball in the hoop","The action involves a deliberate, high-energy movement (throwing) which is a core manual task.","r001","Walking Outdoors","silver","Gold","",3264.35933,"2026-02-25T00:05:42.820846Z","fd344164-fa5f-4ce1-bf0c-40319056cc32"
"Locomotion",1403,"1",11,"","2026-02-25T00:05:59.792859Z",1416,16.515,"#O man Z shields","The action implies movement through space, likely walking or moving outdoors.","r001","Walking Outdoors","silver","","Skip",3280.09455,"2026-02-25T00:05:59.792871Z","fd344164-fa5f-4ce1-bf0c-40319056cc32"
"Locomotion",1404,"1",11,"Object Transfer","2026-02-25T00:06:03.761935Z",1417,3.498,"#O man Z throws the ball","The action involves a body movement through space, which is characteristic of locomotion.","r001","Walking Outdoors","silver","Bad","",3288.25058,"2026-02-25T00:06:03.761950Z","fd344164-fa5f-4ce1-bf0c-40319056cc32"
"Object Transfer",1405,"1",11,"","2026-02-25T00:06:07.810387Z",1418,3.618,"#O man Z throws the ball","[CtxFixed] The action of throwing the ball is a deliberate movement of an object, which fits the 'Object Transfer' category.","r001","Walking Outdoors","silver","Gold","",3299.89326,"2026-02-25T00:06:07.810408Z","fd344164-fa5f-4ce1-bf0c-40319056cc32"
"Locomotion",1406,"1",11,"Object Transfer","2026-02-25T00:06:11.223517Z",1419,2.891,"#O man Y throws the ball","The action involves a person in motion, throwing the ball which is a dynamic movement involving high body acceleration.","r001","Walking Outdoors","silver","Bad","",3301.26792,"2026-02-25T00:06:11.223532Z","fd344164-fa5f-4ce1-bf0c-40319056cc32"
"Locomotion",1420,"1",11,"","2026-02-25T00:08:00.963627Z",1420,4.928,"#O man Y dribbles","Body moving through space, likely involves walking or running.","r001","Walking Outdoors","silver","","Skip",3307.62913,"2026-02-25T00:08:00.963647Z","fd344164-fa5f-4ce1-bf0c-40319056cc32"
"Essential Operation",1421,"1",11,"Object Transfer","2026-02-25T00:08:09.643920Z",1421,8.209,"#C C throws the ball to X","The action involves a deliberate and forceful motion to throw the ball, which would result in high hand acceleration and an irregular motion pattern.","r001","Walking Outdoors","silver","Gold","",3541.50013,"2026-02-25T00:08:09.643937Z","fd344164-fa5f-4ce1-bf0c-40319056cc32"
"Locomotion",1422,"1",11,"","2026-02-25T00:08:12.309649Z",1422,2.27,"#C C dribbles","Body moving through space, likely involves walking or running.","r001","Walking Outdoors","silver","","Skip",3564.8211,"2026-02-25T00:08:12.309668Z","fd344164-fa5f-4ce1-bf0c-40319056cc32"
"Stationary",1423,"1",11,"","2026-02-25T00:08:18.805026Z",1423,6.11,"#O man Z moves his hands up","The action describes a hand movement without indicating locomotion or any active task.","r001","Walking Outdoors","silver","Gold","",3621.26336,"2026-02-25T00:08:18.805044Z","fd344164-fa5f-4ce1-bf0c-40319056cc32"
"Locomotion",1424,"1",11,"","2026-02-25T00:08:21.353370Z",1424,2.009,"#O man A dribbles","Body moving through space (walking), high body acceleration.","r001","Walking Outdoors","silver","","Skip",3745.84312,"2026-02-25T00:08:21.353391Z","fd344164-fa5f-4ce1-bf0c-40319056cc32"
"Essential Operation",1425,"1",11,"Object Transfer","2026-02-25T00:08:25.619177Z",1425,3.909,"#O man Y throws the ball","The action involves a forceful motion (throwing), which is a core manual task with high hand acceleration.","r001","Walking Outdoors","silver","Bad","",3756.5672,"2026-02-25T00:08:25.619197Z","fd344164-fa5f-4ce1-bf0c-40319056cc32"
"Object Transfer",1426,"1",11,"","2026-02-25T00:08:28.316563Z",1426,2.366,"#O man A picks the ball","Action involves picking up an object, which is a logistics step.","r001","Walking Outdoors","silver","Gold","",3757.61201,"2026-02-25T00:08:28.316579Z","fd344164-fa5f-4ce1-bf0c-40319056cc32"
"Locomotion",1427,"1",11,"Object Transfer","2026-02-25T00:08:34.415455Z",1427,5.747,"#O man Y throws the ball in the loop","Body moving through space (throwing involves movement).","r001","Walking Outdoors","silver","Bad","",3811.2382,"2026-02-25T00:08:34.415468Z","fd344164-fa5f-4ce1-bf0c-40319056cc32"
"Stationary",1428,"1",11,"","2026-02-25T00:08:38.670669Z",1428,3.888,"#O man Z points Y","The action of pointing is a stationary activity with minimal body movement.","r001","Walking Outdoors","silver","Gold","",3894.19638,"2026-02-25T00:08:38.670687Z","fd344164-fa5f-4ce1-bf0c-40319056cc32"
"Locomotion",1429,"1",11,"Object Transfer","2026-02-25T00:08:43.130249Z",1429,4.109,"#O man Y throws in the loop","The action describes movement through space, which is characteristic of locomotion.","r001","Walking Outdoors","silver","Bad","",3923.38245,"2026-02-25T00:08:43.130264Z","fd344164-fa5f-4ce1-bf0c-40319056cc32"
"Essential Operation",1430,"1",11,"Object Transfer","2026-02-25T00:08:50.861753Z",1430,7.373,"#C C throws the ball in the loop","The action involves a deliberate and forceful motion to throw the ball, which corresponds to a core manual task with high hand acceleration.","r001","Walking Outdoors","silver","Gold","",3950.12731,"2026-02-25T00:08:50.861775Z","fd344164-fa5f-4ce1-bf0c-40319056cc32"
"Locomotion",1431,"1",11,"","2026-02-25T00:08:53.878439Z",1431,2.639,"#O man Z interacts with C","Body moving through space, indicative of walking.","r001","Walking Outdoors","silver","","Skip",4037.97954,"2026-02-25T00:08:53.878453Z","fd344164-fa5f-4ce1-bf0c-40319056cc32"
"Object Transfer",1432,"1",11,"","2026-02-25T00:08:58.163723Z",1432,3.99,"#O man Y picks a mask","Action involves picking up an object (mask), which is a logistics step.","r001","Walking Outdoors","silver","Gold","",4532.24612,"2026-02-25T00:08:58.163739Z","fd344164-fa5f-4ce1-bf0c-40319056cc32"
"Locomotion",1433,"1",11,"","2026-02-25T00:09:00.898494Z",1433,2.356,"#O man X interacts","Interactions while moving, likely involves walking.","r001","Walking Outdoors","silver","","Skip",4670.79388,"2026-02-25T00:09:00.898508Z","fd344164-fa5f-4ce1-bf0c-40319056cc32"
"Stationary",1434,"1",11,"","2026-02-25T00:09:04.162825Z",1434,2.88,"#O man A stands","Low body/hand motion, standing in place.","r001","Walking Outdoors","silver","Gold","",4865.50928,"2026-02-25T00:09:04.162847Z","fd344164-fa5f-4ce1-bf0c-40319056cc32"
