row_index,video_uid,timestamp_sec,narration_text,old_action,new_action,reasoning
131,9b49246f-30e9-476f-ab8c-56a1bcb1d936,1126.551354287997,#C C drops the glass cup.,Unknown,Object Transfer,"The action of dropping the glass cup is a deliberate placement of the object onto a surface, which fits the criteria for 'Object Transfer'."
441,c5851c24-4ae3-4430-b867-f43800f0f56e,561.1889852666667,#C C drops knife,Unknown,Object Transfer,"The action of dropping the knife is a deliberate placement of the object onto a surface, which fits the criteria for 'Object Transfer'."
444,c5851c24-4ae3-4430-b867-f43800f0f56e,563.4092652666667,#C C drops potato skin,Unknown,Object Transfer,"The action of dropping the potato skin is a deliberate placement onto a surface, which fits the criteria for 'Object Transfer'."
446,c5851c24-4ae3-4430-b867-f43800f0f56e,564.0100052666667,#C C drops potato skin,Unknown,Object Transfer,"The action of dropping the potato skin is a deliberate placement onto a surface, which fits the criteria for 'Object Transfer'."
448,c5851c24-4ae3-4430-b867-f43800f0f56e,565.1072252666668,#C C drops potato skin,Unknown,Object Transfer,"The action of dropping the potato skin is a deliberate placement onto a surface, which fits the criteria for 'Object Transfer'."
451,c5851c24-4ae3-4430-b867-f43800f0f56e,566.4334552666667,#C C drops potato skin,Unknown,Object Transfer,"The action of dropping the potato skin is a deliberate placement onto a surface, which fits the criteria for 'Object Transfer'."
454,c5851c24-4ae3-4430-b867-f43800f0f56e,567.9230052666667,#C C drops potato skin,Unknown,Object Transfer,"The action of dropping the potato skin is a deliberate placement onto a surface, which fits the criteria for 'Object Transfer'."
461,c5851c24-4ae3-4430-b867-f43800f0f56e,589.2472952666667,#C C drops potato skins,Unknown,Object Transfer,"The action of dropping the potato skins is a deliberate placement onto a surface, which fits the criteria for 'Object Transfer'."
468,c5851c24-4ae3-4430-b867-f43800f0f56e,616.9600552666667,#C C drops potato skin,Unknown,Object Transfer,"The action of dropping the potato skin onto a surface is a deliberate placement, which fits the criteria for 'Object Transfer'."
472,c5851c24-4ae3-4430-b867-f43800f0f56e,620.8070952666667,#C C drops knife,Unknown,Object Transfer,"The action of dropping the knife is a deliberate placement onto a surface, similar to the previous action of dropping potato skins."
473,c5851c24-4ae3-4430-b867-f43800f0f56e,622.1034052666668,#C C drops potato skins,Unknown,Object Transfer,"The action of dropping the potato skins is a deliberate placement onto a surface, which fits the criteria for 'Object Transfer'."
482,c5851c24-4ae3-4430-b867-f43800f0f56e,649.9993552666667,#C C drops potato skins,Unknown,Object Transfer,"The action of dropping potato skins is a deliberate placement onto a surface, which fits the criteria for 'Object Transfer'."
485,c5851c24-4ae3-4430-b867-f43800f0f56e,650.8832452666667,#C C drops potato skins,Unknown,Object Transfer,"The action of dropping potato skins is a deliberate placement onto a surface, which fits the criteria for 'Object Transfer'."
489,c5851c24-4ae3-4430-b867-f43800f0f56e,652.9366252666667,#C C drops potato skin,Unknown,Object Transfer,"The action of dropping the potato skin is a deliberate placement onto a surface, which fits the criteria for 'Object Transfer'."
509,c5851c24-4ae3-4430-b867-f43800f0f56e,697.6378652666667,#C C drops knife,Unknown,Object Transfer,"The action of dropping the knife is a deliberate placement of the object onto a surface, which fits the criteria for 'Object Transfer'."
510,c5851c24-4ae3-4430-b867-f43800f0f56e,700.0039052666667,#C C drops potato skins,Unknown,Object Transfer,"The action of dropping the potato skins is a deliberate placement onto a surface, which fits the criteria for 'Object Transfer'."
516,c5851c24-4ae3-4430-b867-f43800f0f56e,716.8906752666668,#C C drops knife,Unknown,Object Transfer,"The action of dropping the knife is a deliberate placement of the object onto a surface, which fits the criteria for 'Object Transfer'."
522,c5851c24-4ae3-4430-b867-f43800f0f56e,722.2802052666667,#C C drops potato skin,Unknown,Object Transfer,"The action of dropping the potato skin onto a surface is a deliberate placement, which fits the criteria for 'Object Transfer'."
528,c5851c24-4ae3-4430-b867-f43800f0f56e,724.4383852666667,#C C drops potato skins,Unknown,Object Transfer,"The action of dropping the potato skins is a deliberate placement onto a surface, which fits the criteria for 'Object Transfer'."
535,c5851c24-4ae3-4430-b867-f43800f0f56e,744.7836452666667,#C C drops potato skin,Unknown,Object Transfer,"The action of dropping the potato skin is a deliberate placement onto a surface, which fits the criteria for 'Object Transfer'."
543,c5851c24-4ae3-4430-b867-f43800f0f56e,750.8055852666668,#C C drops knife,Unknown,Object Transfer,"The action of dropping the knife onto a surface can be considered a deliberate placement, which fits the criteria for 'Object Transfer'."
544,c5851c24-4ae3-4430-b867-f43800f0f56e,751.7808952666668,#C C drops potato skin,Unknown,Object Transfer,"The action involves deliberately placing the potato skin onto a surface, which fits the criteria for Object Transfer."
546,c5851c24-4ae3-4430-b867-f43800f0f56e,753.6143752666667,#C C drops potato skin,Unknown,Object Transfer,"The action of dropping the potato skin is a deliberate placement onto a surface, which fits the criteria for 'Object Transfer'."
554,c5851c24-4ae3-4430-b867-f43800f0f56e,776.4408052666668,#C C drops potato skins,Unknown,Object Transfer,"The action of dropping potato skins is a deliberate placement onto a surface, which fits the criteria for 'Object Transfer'."
569,c5851c24-4ae3-4430-b867-f43800f0f56e,819.8760552666666,#C C drops potato skin,Unknown,Object Transfer,"The action of dropping the potato skin is a deliberate placement onto a surface, which fits the criteria for 'Object Transfer'."
573,c5851c24-4ae3-4430-b867-f43800f0f56e,823.1103552666667,#C C drops potato skin,Unknown,Object Transfer,"The action of dropping the potato skin is a deliberate placement onto a surface, which fits the criteria for 'Object Transfer'."
575,c5851c24-4ae3-4430-b867-f43800f0f56e,823.6569652666667,#C C drops potato skin,Unknown,Object Transfer,"The action of dropping the potato skin is a deliberate placement onto a surface, which fits the criteria for 'Object Transfer'."
645,c5851c24-4ae3-4430-b867-f43800f0f56e,975.2784452666668,#C C drops snack,Unknown,Object Transfer,"The action of dropping a snack is a deliberate placement onto a surface, which fits the criteria for Object Transfer."
730,c5851c24-4ae3-4430-b867-f43800f0f56e,1198.1708052666663,#C C Removes vegetable on a finger,Unknown,Object Transfer,"The action involves moving the vegetable from a stationary position on the hand to another location, which fits the definition of transferring an object."
833,c5851c24-4ae3-4430-b867-f43800f0f56e,1444.3176252666667,#O Man A drops phone,Unknown,Object Transfer,"The action of dropping the phone is a deliberate placement of the object onto a surface, which fits the criteria for 'Object Transfer'."
841,c5851c24-4ae3-4430-b867-f43800f0f56e,1458.434715266667,#C C drops fork,Unknown,Object Transfer,"The action of dropping the fork onto a surface is a deliberate placement, which fits the criteria for 'Object Transfer'."
846,c5851c24-4ae3-4430-b867-f43800f0f56e,1463.786835266667,#C C drops seed,Unknown,Object Transfer,"The action of dropping an object (seed) onto a surface is a deliberate placement, which fits the criteria for 'Object Transfer'."
850,c5851c24-4ae3-4430-b867-f43800f0f56e,1470.0649952666663,#C C drops seed,Unknown,Object Transfer,"The action of dropping a seed onto a surface is a deliberate placement, which fits the criteria for 'Object Transfer'."
865,c5851c24-4ae3-4430-b867-f43800f0f56e,1503.4410052666665,#O Man A drops fork,Unknown,Object Transfer,"The action of dropping the fork is a deliberate placement of the object onto a surface, which fits the criteria for 'Object Transfer'."
882,c5851c24-4ae3-4430-b867-f43800f0f56e,1528.3220352666665,#C C drops seed,Unknown,Object Transfer,"The action of dropping a seed onto a surface is a deliberate placement, which fits the criteria for 'Object Transfer'."
885,c5851c24-4ae3-4430-b867-f43800f0f56e,1535.4687052666666,#C C drops seed,Unknown,Object Transfer,"The action of dropping a seed is a deliberate placement onto a surface, which fits the criteria for Object Transfer."
886,c5851c24-4ae3-4430-b867-f43800f0f56e,1539.787465266667,#C C drops seed,Unknown,Object Transfer,"The action of dropping a seed is a deliberate placement onto a surface, which fits the criteria for Object Transfer."
896,c5851c24-4ae3-4430-b867-f43800f0f56e,1559.9638552666663,#C C drops fork,Unknown,Object Transfer,"The action of dropping the fork is a deliberate placement of the object onto a surface, which fits the criteria for 'Object Transfer'."
901,c5851c24-4ae3-4430-b867-f43800f0f56e,1570.8264352666663,#C C drops seed,Unknown,Object Transfer,"The action of dropping a seed onto a surface is a deliberate placement, which fits the criteria for 'Object Transfer'."
903,c5851c24-4ae3-4430-b867-f43800f0f56e,1573.9838552666663,#C C drops seed,Unknown,Object Transfer,"The action of dropping a seed onto a surface can be considered a deliberate placement, which fits the criteria for 'Object Transfer'."
905,c5851c24-4ae3-4430-b867-f43800f0f56e,1580.4336152666667,#C C drops seed,Unknown,Object Transfer,"The action of dropping a seed onto a surface can be considered a deliberate placement, which fits the criteria for 'Object Transfer'."
906,c5851c24-4ae3-4430-b867-f43800f0f56e,1611.8528819333333,#C C drops phone,Unknown,Object Transfer,"The action of dropping the phone is a deliberate placement of the object onto a surface, which fits the criteria for 'Object Transfer'."
980,c5851c24-4ae3-4430-b867-f43800f0f56e,1739.6457919333334,#C C drops fruit seed on the lid,Unknown,Object Transfer,"The action involves deliberately placing a fruit seed onto a surface, which fits the criteria for Object Transfer."
983,c5851c24-4ae3-4430-b867-f43800f0f56e,1751.3811119333334,#C C fixes camera,Unknown,Essential Operation,"Fixing a camera is a deliberate and purposeful action, similar to operating a laptop, which falls under the category of Essential Operation."
1002,c5851c24-4ae3-4430-b867-f43800f0f56e,1788.0377219333334,#C C drops fruit seed on the lid,Unknown,Object Transfer,"The action involves deliberately placing an object (fruit seed) onto a surface (lid), which fits the criteria for Object Transfer."
1014,c5851c24-4ae3-4430-b867-f43800f0f56e,1806.2256519333328,#C C drops fruit seed on the lid,Unknown,Object Transfer,"The action involves deliberately placing the fruit seed onto the lid, which fits the criteria for Object Transfer."
1110,c5851c24-4ae3-4430-b867-f43800f0f56e,2149.8557086,#C C drops seed,Unknown,Object Transfer,"The action of dropping a seed is a deliberate placement onto a surface, which fits the criteria for 'Object Transfer'."
1133,c5851c24-4ae3-4430-b867-f43800f0f56e,2228.7724486,#C C drops seeds on container lid,Unknown,Object Transfer,"The action involves dropping seeds onto a container lid, which is a deliberate placement of an object onto a surface."
1316,c5851c24-4ae3-4430-b867-f43800f0f56e,2537.2958286000003,#C C knocks folk on the cup,Unknown,Object Transfer,"The action of knocking the folk on the cup appears to be a deliberate placement or interaction with an object, which fits the 'Object Transfer' category."
1461,c5851c24-4ae3-4430-b867-f43800f0f56e,2752.8535586000003,#C C does #unsure with the left hand,Unknown,Object Transfer,"The action of doing something with the left hand, after previously performing actions with the right hand, suggests a deliberate placement or manipulation of an object, likely the glass of water mentioned in the previous action."
1522,c5851c24-4ae3-4430-b867-f43800f0f56e,2879.0666086,#C C does #unsure with the right hand,Unknown,Essential Operation,"The current action involves C using the right hand, likely interacting with the phone in some essential manner, such as typing or scrolling, which falls under the category of Essential Operation."
2243,50e55c8f-b939-4b5c-86b5-e0b53d199d27,643.5907233333334,#O a man A drops a display,Unknown,Object Transfer,"The action of dropping an object onto a surface is considered a deliberate placement, which fits the criteria for 'Object Transfer'."
2540,2090d1c2-8308-4966-b903-e860b498f4e3,676.3497221677084,#x x writes,Unknown,Essential Operation,"Writing is considered an essential operation as it involves creating or recording information, which is different from locomotion, object transfer, search, or stationary actions like talking or writing in place."
2570,2090d1c2-8308-4966-b903-e860b498f4e3,806.3681331540365,#C C drops the dices.,Unknown,Object Transfer,"The current action involves the deliberate placement of the dice onto a surface, which fits the criteria for 'Object Transfer'."
2858,a65500f7-956f-486d-872a-61742acb90d8,1858.4909809546632,#C C drops the vacuum cable,Unknown,Object Transfer,"The action of dropping the vacuum cable is a deliberate placement of the object onto a surface, which fits the criteria for 'Object Transfer'."
2902,a65500f7-956f-486d-872a-61742acb90d8,2239.9639586000003,#C C polythene paper,Unknown,Object Transfer,The action of handling polythene paper suggests a deliberate placement or transfer of the object.
3046,a65500f7-956f-486d-872a-61742acb90d8,3631.5235919333336,#C C throws #unsure to the ground,Unknown,Object Transfer,"The action of throwing an object to the ground can be considered a form of deliberate placement, even though it is not a typical 'putting down' action. The object is being transferred from the person's possession to the ground."
3113,a65500f7-956f-486d-872a-61742acb90d8,3964.3828586,#C C opens a wore drope,Unknown,Object Transfer,"The action of opening a drawer is considered a deliberate placement or interaction with an object, which fits the 'Object Transfer' category."
3257,ad09372b-2863-4de9-a86c-c46b2f502fe4,98.4332996,#C C drops the iron on the ironing table.,Unknown,Object Transfer,"The action involves deliberately placing the iron onto the ironing table, which fits the criteria for an Object Transfer."
3271,ad09372b-2863-4de9-a86c-c46b2f502fe4,144.0356396,#C C drops the iron on the ironing table.,Unknown,Object Transfer,"The action of dropping the iron onto the ironing table is a deliberate placement, which fits the criteria for 'Object Transfer'."
3327,ad09372b-2863-4de9-a86c-c46b2f502fe4,273.9114909546634,#C C drops pressing iron,Unknown,Object Transfer,"The action of dropping the pressing iron is a deliberate placement of the object onto a surface, which fits the criteria for 'Object Transfer'."
3344,ad09372b-2863-4de9-a86c-c46b2f502fe4,337.4288409546634,#C C drops pressing iron,Unknown,Object Transfer,"The action of dropping the pressing iron is a deliberate placement of the object onto a surface, which fits the criteria for 'Object Transfer'."
3350,ad09372b-2863-4de9-a86c-c46b2f502fe4,346.9894909546634,#C C drops pressing iron,Unknown,Object Transfer,"The action of dropping the pressing iron is a deliberate placement of the object onto a surface, which fits the criteria for 'Object Transfer'."
3354,ad09372b-2863-4de9-a86c-c46b2f502fe4,352.7096909546634,#C C drops pressing iron,Unknown,Object Transfer,"The action of dropping the pressing iron is a deliberate placement of the object onto a surface, which fits the criteria for 'Object Transfer'."
3361,ad09372b-2863-4de9-a86c-c46b2f502fe4,363.9645409546634,#C C drops pressing iron,Unknown,Object Transfer,"The action of dropping the pressing iron is a deliberate placement of the object onto a surface, which fits the criteria for 'Object Transfer'."
3375,ad09372b-2863-4de9-a86c-c46b2f502fe4,398.8144109546634,#C C drops pressing iron,Unknown,Object Transfer,"The action of dropping the pressing iron is a deliberate placement of the object onto a surface, which fits the criteria for 'Object Transfer'."
3379,ad09372b-2863-4de9-a86c-c46b2f502fe4,412.0963209546634,#C C drops pressing iron,Unknown,Object Transfer,"The action of dropping the pressing iron is a deliberate placement of the object onto a surface, which fits the criteria for 'Object Transfer'."
3383,ad09372b-2863-4de9-a86c-c46b2f502fe4,424.5484809546634,#C C drops pressing iron,Unknown,Object Transfer,"The action of dropping the pressing iron is a deliberate placement of the object onto a surface, which fits the criteria for 'Object Transfer'."
3387,ad09372b-2863-4de9-a86c-c46b2f502fe4,433.93940095466337,#C C drops pressing iron,Unknown,Object Transfer,"The action of dropping the pressing iron is a deliberate placement of the object onto a surface, which fits the criteria for 'Object Transfer'."
3392,ad09372b-2863-4de9-a86c-c46b2f502fe4,444.4847409546634,#C C drops pressing iron,Unknown,Object Transfer,"The action of dropping the pressing iron is a deliberate placement of the object onto a surface, which fits the criteria for 'Object Transfer'."
3396,ad09372b-2863-4de9-a86c-c46b2f502fe4,450.8512909546634,#C C drops pressing iron,Unknown,Object Transfer,"The action of dropping the pressing iron is a deliberate placement of the object onto a surface, which fits the criteria for 'Object Transfer'."
3407,ad09372b-2863-4de9-a86c-c46b2f502fe4,491.2755109546634,#C C drops pressing iron,Unknown,Object Transfer,"The action of dropping the pressing iron is a deliberate placement of the object onto a surface, which fits the criteria for 'Object Transfer'."
3413,ad09372b-2863-4de9-a86c-c46b2f502fe4,505.8949209546634,#C C drops pressing iron,Unknown,Object Transfer,"The action of dropping the pressing iron is a deliberate placement of the object onto a surface, which fits the criteria for 'Object Transfer'."
3417,ad09372b-2863-4de9-a86c-c46b2f502fe4,514.2529109546634,#C C drops pressing iron,Unknown,Object Transfer,"The action of dropping the pressing iron is a deliberate placement of the object onto a surface, which fits the criteria for 'Object Transfer'."
3422,ad09372b-2863-4de9-a86c-c46b2f502fe4,528.0357109546634,#C C drops pressing iron,Unknown,Object Transfer,"The action of dropping the pressing iron is a deliberate placement of the object onto a surface, which fits the criteria for 'Object Transfer'."
3423,ad09372b-2863-4de9-a86c-c46b2f502fe4,528.8315909546634,#C C turns out jean short,Unknown,Essential Operation,"Turning out a jean short is a deliberate action to access the inside of the garment, which is part of the process of pressing or maintaining the garment."
3483,ad09372b-2863-4de9-a86c-c46b2f502fe4,653.65491762133,#C C drops the iron on the ironing table.,Unknown,Object Transfer,"The action of dropping the iron onto the ironing table is a deliberate placement, which fits the criteria for 'Object Transfer'."
3495,ad09372b-2863-4de9-a86c-c46b2f502fe4,669.3221776213301,#C C drops the iron on the ironing table.,Unknown,Object Transfer,"The action of dropping the iron onto the ironing table is a deliberate placement, which fits the criteria for 'Object Transfer'."
3500,ad09372b-2863-4de9-a86c-c46b2f502fe4,676.7850276213301,#C C drops the iron on the ironing table.,Unknown,Object Transfer,"The action of dropping the iron onto the ironing table is a deliberate placement, which fits the criteria for 'Object Transfer'."
3518,ad09372b-2863-4de9-a86c-c46b2f502fe4,735.80592762133,#C C drops the iron on the ironing table.,Unknown,Object Transfer,"The action involves deliberately placing the iron onto the ironing table, which fits the criteria for Object Transfer."
3523,ad09372b-2863-4de9-a86c-c46b2f502fe4,752.3157276213301,#C C drops the iron on the ironing table.,Unknown,Object Transfer,"The action involves deliberately placing the iron onto the ironing table, which fits the criteria for an Object Transfer."
3534,ad09372b-2863-4de9-a86c-c46b2f502fe4,774.8702176213301,#C C drops the iron on the ironing table.,Unknown,Object Transfer,"The action of dropping the iron onto the ironing table is a deliberate placement, which fits the criteria for Object Transfer."
3562,ad09372b-2863-4de9-a86c-c46b2f502fe4,833.54567762133,#C C drops the pressing iron,Unknown,Object Transfer,"The action of dropping the pressing iron is a deliberate placement of the object onto a surface, which fits the criteria for 'Object Transfer'."
3569,ad09372b-2863-4de9-a86c-c46b2f502fe4,869.9733876213301,#C C drops the cloth.,Unknown,Object Transfer,"The action of dropping the cloth is a deliberate placement of the object onto a surface, which fits the criteria for 'Object Transfer'."
3575,ad09372b-2863-4de9-a86c-c46b2f502fe4,882.6346976213301,#C C drops the pressing iron,Unknown,Object Transfer,"The action of dropping the pressing iron is a deliberate placement of the object onto a surface, which fits the criteria for 'Object Transfer'."
3579,ad09372b-2863-4de9-a86c-c46b2f502fe4,891.5810076213301,#C C drops the pressing iron,Unknown,Object Transfer,"The action of dropping the pressing iron is a deliberate placement of the object onto a surface, which fits the criteria for 'Object Transfer'."
3583,ad09372b-2863-4de9-a86c-c46b2f502fe4,899.2498176213301,#C C drops the pressing iron,Unknown,Object Transfer,"The action of dropping the pressing iron is a deliberate placement of the object onto a surface, which fits the criteria for 'Object Transfer'."
3588,ad09372b-2863-4de9-a86c-c46b2f502fe4,908.75361762133,#C C drops the pressing iron,Unknown,Object Transfer,"The action of dropping the pressing iron is a deliberate placement of the object onto a surface, which fits the criteria for 'Object Transfer'."
3592,ad09372b-2863-4de9-a86c-c46b2f502fe4,929.12830762133,#C C drops the cloth,Unknown,Object Transfer,"The action of dropping the cloth is a deliberate placement of the object onto a surface, which fits the criteria for 'Object Transfer'."
3615,ad09372b-2863-4de9-a86c-c46b2f502fe4,995.89581762133,#C C drops the short,Unknown,Object Transfer,"The action involves deliberately placing the short onto a surface, which fits the definition of 'Object Transfer'."
3625,ad09372b-2863-4de9-a86c-c46b2f502fe4,1028.08990762133,#C C drops the pressing iron,Unknown,Object Transfer,"The action of dropping the pressing iron is a deliberate placement of the object onto a surface, which fits the criteria for 'Object Transfer'."
3630,ad09372b-2863-4de9-a86c-c46b2f502fe4,1047.61139762133,#C C drops the pressing iron,Unknown,Object Transfer,"The action of dropping the pressing iron is a deliberate placement of the object onto a surface, which fits the criteria for 'Object Transfer'."
3634,ad09372b-2863-4de9-a86c-c46b2f502fe4,1052.21883762133,#C C drops the pressing iron,Unknown,Object Transfer,"The action of dropping the pressing iron is a deliberate placement of the object onto a surface, which fits the criteria for 'Object Transfer'."
3640,ad09372b-2863-4de9-a86c-c46b2f502fe4,1065.010472287997,#C C drops the pressing iron,Unknown,Object Transfer,"The action of dropping the pressing iron is a deliberate placement of the object onto a surface, which fits the criteria for 'Object Transfer'."
3644,ad09372b-2863-4de9-a86c-c46b2f502fe4,1077.1280222879966,#C C drops the pressing iron,Unknown,Object Transfer,"The action of dropping the pressing iron is a deliberate placement of the object onto a surface, which fits the criteria for 'Object Transfer'."
3899,ad09372b-2863-4de9-a86c-c46b2f502fe4,1702.568470954663,#C C drops the cuff off her hand,Unknown,Object Transfer,"The current action involves C dropping the cuff off her hand, which is a deliberate placement of the object onto a surface. This fits the criteria for 'Object Transfer'."
4121,ad09372b-2863-4de9-a86c-c46b2f502fe4,2132.6392956213303,#C C shakes the sleeve,Unknown,Essential Operation,Shaking the sleeve of the shirt is an essential operation to check the quality or feel of the fabric.
4131,ad09372b-2863-4de9-a86c-c46b2f502fe4,2154.3720156213303,#C C drops the iron on the ironing board,Unknown,Object Transfer,"The current action involves deliberately placing the iron onto the ironing board, which fits the criteria for an Object Transfer action."
4233,ad09372b-2863-4de9-a86c-c46b2f502fe4,2459.3167776213304,#C C drops the iron on the ironing board,Unknown,Object Transfer,"The action of dropping the iron onto the ironing board is a deliberate placement, which fits the criteria for 'Object Transfer'."
4237,ad09372b-2863-4de9-a86c-c46b2f502fe4,2479.3614076213303,#C C drops the iron on the ironing board,Unknown,Object Transfer,"The action of dropping the iron onto the ironing board is a deliberate placement, which fits the criteria for 'Object Transfer'."
4242,ad09372b-2863-4de9-a86c-c46b2f502fe4,2504.91097762133,#C C drops the iron on the ironing board,Unknown,Object Transfer,"The action of dropping the iron onto the ironing board is a deliberate placement, which fits the criteria for 'Object Transfer'."
4248,ad09372b-2863-4de9-a86c-c46b2f502fe4,2522.99539762133,#C C drops the iron on the ironing board,Unknown,Object Transfer,"The action of dropping the iron onto the ironing board is a deliberate placement, which fits the criteria for 'Object Transfer'."
4265,ad09372b-2863-4de9-a86c-c46b2f502fe4,2564.15529762133,#C C drops the iron on the ironing board,Unknown,Object Transfer,"The action of dropping the iron onto the ironing board is a deliberate placement, which fits the criteria for 'Object Transfer'."
4271,ad09372b-2863-4de9-a86c-c46b2f502fe4,2574.22181762133,#C C drops the iron on the ironing board,Unknown,Object Transfer,"The action of dropping the iron onto the ironing board is a deliberate placement, which fits the criteria for 'Object Transfer'."
4277,ad09372b-2863-4de9-a86c-c46b2f502fe4,2583.16627762133,#C C drops the iron on the ironing board,Unknown,Object Transfer,"The action of dropping the iron onto the ironing board is a deliberate placement, which fits the criteria for 'Object Transfer'."
4326,ad09372b-2863-4de9-a86c-c46b2f502fe4,2700.3849422879966,#C C drops the shirt on her laps,Unknown,Object Transfer,"The action involves C dropping the shirt onto her laps, which is a deliberate placement of the shirt. This fits the criteria for 'Object Transfer' as it involves transferring the shirt from one location to another."
4348,ad09372b-2863-4de9-a86c-c46b2f502fe4,2771.5061342879967,#C C drops the iron on the ironing board,Unknown,Object Transfer,"The action of dropping the iron onto the ironing board is a deliberate placement, which fits the criteria for 'Object Transfer'."
4354,ad09372b-2863-4de9-a86c-c46b2f502fe4,2786.158724287997,#C C drops the iron on the ironing board,Unknown,Object Transfer,"The action of dropping the iron onto the ironing board is a deliberate placement, which fits the criteria for 'Object Transfer'."
4362,ad09372b-2863-4de9-a86c-c46b2f502fe4,2806.8862542879965,#C C drops the iron on the ironing board,Unknown,Object Transfer,"The action of dropping the iron onto the ironing board is a deliberate placement, which fits the criteria for 'Object Transfer'."
4366,ad09372b-2863-4de9-a86c-c46b2f502fe4,2837.4700342879964,#C C drops the iron on the ironing board,Unknown,Object Transfer,"The action of dropping the iron onto the ironing board is a deliberate placement, which fits the criteria for 'Object Transfer'."
4370,ad09372b-2863-4de9-a86c-c46b2f502fe4,2849.4182742879966,#C C drops the iron on the ironing board,Unknown,Object Transfer,"The action of dropping the iron onto the ironing board is a deliberate placement, which fits the criteria for 'Object Transfer'."
4378,ad09372b-2863-4de9-a86c-c46b2f502fe4,2896.8227242879966,#C C drops the iron on the ironing board,Unknown,Object Transfer,"The action of dropping the iron onto the ironing board is a deliberate placement, which fits the criteria for 'Object Transfer'."
4385,ad09372b-2863-4de9-a86c-c46b2f502fe4,2942.3463942879966,#C C drops the iron on the ironing board,Unknown,Object Transfer,"The action of dropping the iron onto the ironing board is a deliberate placement, which fits the criteria for 'Object Transfer'."
4389,ad09372b-2863-4de9-a86c-c46b2f502fe4,2968.4063642879964,#C C drops the iron on the ironing board,Unknown,Object Transfer,"The action of dropping the iron onto the ironing board is a deliberate placement, which fits the criteria for 'Object Transfer'."
4394,ad09372b-2863-4de9-a86c-c46b2f502fe4,2986.0182342879966,#C C drops iron on the ironing table,Unknown,Object Transfer,"The action of dropping the iron onto the ironing table is a deliberate placement, which fits the criteria for 'Object Transfer'."
4398,ad09372b-2863-4de9-a86c-c46b2f502fe4,3008.1295842879967,#C C drops the iron on the ironing table,Unknown,Object Transfer,"The action of dropping the iron onto the ironing table is a deliberate placement, which fits the criteria for 'Object Transfer'."
4402,ad09372b-2863-4de9-a86c-c46b2f502fe4,3016.8402542879967,#C C drops the iron on the ironing table,Unknown,Object Transfer,"The action of dropping the iron onto the ironing table is a deliberate placement, which fits the criteria for 'Object Transfer'."
4406,ad09372b-2863-4de9-a86c-c46b2f502fe4,3069.1095942879965,#C C drops the iron on the ironing table,Unknown,Object Transfer,"The action of dropping the iron onto the ironing table is a deliberate placement, which fits the criteria for 'Object Transfer'."
4410,ad09372b-2863-4de9-a86c-c46b2f502fe4,3075.6529342879967,#C C drops the iron on the ironing table,Unknown,Object Transfer,"The action of dropping the iron onto the ironing table is a deliberate placement, which fits the criteria for 'Object Transfer'."
4449,ad09372b-2863-4de9-a86c-c46b2f502fe4,3194.6626089546635,#C C drops the iron on the ironing table,Unknown,Object Transfer,"The action of dropping the iron onto the ironing table is a deliberate placement, which fits the criteria for 'Object Transfer'."
4453,ad09372b-2863-4de9-a86c-c46b2f502fe4,3219.395308954663,#C C drops the iron on the ironing table,Unknown,Object Transfer,"The action of dropping the iron onto the ironing table is a deliberate placement, which fits the criteria for 'Object Transfer'."
4484,ad09372b-2863-4de9-a86c-c46b2f502fe4,3321.151080954663,#C C touches her face with her left hand #unsure,Unknown,Stationary,The action of touching her face with her left hand is a stationary action as it does not involve movement from one location to another or any form of object transfer.
4610,40eeac41-9ec3-4960-b0b3-77074a6ad5b3,200.6457,#C C steps o the paper,Unknown,Locomotion,"The current action describes C stepping onto the paper, which is a movement from one location to another, fitting the definition of locomotion."
5292,40eeac41-9ec3-4960-b0b3-77074a6ad5b3,1432.5941433333332,#C C drops the dry paint,Unknown,Object Transfer,"The action of dropping the dry paint onto a surface is a deliberate placement, which fits the criteria for 'Object Transfer'."
5295,40eeac41-9ec3-4960-b0b3-77074a6ad5b3,1435.325023333333,#C C drops the dry paint,Unknown,Object Transfer,"The action of dropping the dry paint onto a surface is a deliberate placement, which fits the criteria for 'Object Transfer'."
5514,40eeac41-9ec3-4960-b0b3-77074a6ad5b3,1762.59735,#C C presses the paper of #Unsure,Unknown,Essential Operation,"The action of pressing the paper is a repetitive and deliberate operation, which falls under the category of Essential Operation."
5529,40eeac41-9ec3-4960-b0b3-77074a6ad5b3,1775.3314,#C C drops the paper,Unknown,Object Transfer,"The action of dropping the paper is a deliberate placement of the object onto a surface, which fits the criteria for 'Object Transfer'."
6115,50a395ca-e434-46f3-a2f8-67fc4ca3874b,313.08437860000004,#C C drops down the crayon box,Unknown,Object Transfer,"The action of dropping the crayon box is a deliberate placement onto a surface, which fits the criteria for Object Transfer."
6124,50a395ca-e434-46f3-a2f8-67fc4ca3874b,344.28531860000004,#C C drops the scissor in the crate,Unknown,Object Transfer,"The action involves deliberately placing the scissor into the crate, which fits the definition of 'Object Transfer'."
6299,50a395ca-e434-46f3-a2f8-67fc4ca3874b,954.388687613672,#C C moves #unsure,Unknown,Locomotion,"The current action describes a movement of the person, which does not involve any object transfer, essential operation, search, or stationary behavior."
6436,50a395ca-e434-46f3-a2f8-67fc4ca3874b,1367.0494282448606,#C C touches #unsure,Unknown,Essential Operation,"The action of touching an object is typically an essential operation, such as feeling the texture or checking the condition of the object."
6481,50a395ca-e434-46f3-a2f8-67fc4ca3874b,1522.6780382448603,#C C throws a pen,Unknown,Essential Operation,"The action of throwing a pen does not fit into the categories of Locomotion, Object Transfer, Search, or Stationary. It is an essential operation that could be considered an intentional or accidental discard of an item."
6664,93f78437-229d-4824-a8c1-68d9b17e754d,325.1242786,#O man X drops a knife,Unknown,Object Transfer,"The action of dropping a knife is a deliberate placement of the object onto a surface, which fits the criteria for 'Object Transfer'."
6671,93f78437-229d-4824-a8c1-68d9b17e754d,343.91978860000006,#C C drops knife,Unknown,Object Transfer,"The action of dropping the knife is a deliberate placement of the object onto a surface, which fits the criteria for 'Object Transfer'."
7176,93f78437-229d-4824-a8c1-68d9b17e754d,1994.9285982116028,#C C lifts the taboo,Unknown,Object Transfer,"The action of lifting an object, in this case the 'taboo', indicates a deliberate movement to pick up or hold an item, which falls under the 'Object Transfer' category."
8451,856cedd7-b753-4c4a-bc2e-24f5ca0d6f4b,449.7475752666667,#C C knocks table,Unknown,Object Transfer,"The action of knocking the table could be interpreted as a deliberate placement or interaction with the table, which aligns with the 'Object Transfer' category."
8630,856cedd7-b753-4c4a-bc2e-24f5ca0d6f4b,1595.9221819333334,#C C drops the phone,Unknown,Object Transfer,"The action of dropping the phone onto a surface is considered a deliberate placement, which fits the criteria for 'Object Transfer'."
8643,856cedd7-b753-4c4a-bc2e-24f5ca0d6f4b,1792.2173419333333,#C C fixes a camera,Unknown,Essential Operation,"Fixing a camera is a deliberate action that involves setting up or adjusting a device, which falls under the category of Essential Operation."
8647,856cedd7-b753-4c4a-bc2e-24f5ca0d6f4b,1818.7968619333333,#C C fixes a camera,Unknown,Essential Operation,Fixing a camera is a deliberate and purposeful action that is essential for the user's current task or activity.
8727,856cedd7-b753-4c4a-bc2e-24f5ca0d6f4b,2555.2601886,#C C drops the phone,Unknown,Object Transfer,"The action of dropping the phone is a deliberate placement of the object onto a surface, which fits the criteria for 'Object Transfer'."
8746,856cedd7-b753-4c4a-bc2e-24f5ca0d6f4b,2644.8794886,#C C drops the phone,Unknown,Object Transfer,"The action of dropping the phone is a deliberate placement of the object onto a surface, which fits the criteria for 'Object Transfer'."
8754,856cedd7-b753-4c4a-bc2e-24f5ca0d6f4b,2690.1379886,#C C drops the phone,Unknown,Object Transfer,"The action of dropping the phone is a deliberate placement of the object onto a surface, which fits the criteria for 'Object Transfer'."
8871,856cedd7-b753-4c4a-bc2e-24f5ca0d6f4b,3856.2776586,# C C fixes camera,Unknown,Essential Operation,"Fixing a camera is a deliberate action aimed at maintaining or adjusting a device, which falls under the category of Essential Operation."
8885,856cedd7-b753-4c4a-bc2e-24f5ca0d6f4b,4006.7074086,# C C fixes camera,Unknown,Essential Operation,"Fixing the camera is a deliberate action aimed at adjusting or setting the camera to a desired state, which falls under the category of performing a necessary operation on the device."
8922,a16dde53-8a4d-4246-aab4-9759f0af81f0,45.1264886,#C C drops the cucumber,Unknown,Object Transfer,"The action of dropping the cucumber is a deliberate placement of the object onto a surface, which fits the criteria for 'Object Transfer'."
8930,a16dde53-8a4d-4246-aab4-9759f0af81f0,57.0689986,#C C drops the package,Unknown,Object Transfer,"The action of dropping the package is a deliberate placement of the object onto a surface, which fits the criteria for 'Object Transfer'."
8933,a16dde53-8a4d-4246-aab4-9759f0af81f0,61.8766886,#C C drips the package,Unknown,Object Transfer,"The action of 'dripping' the package seems to be a deliberate placement, similar to 'dropping' the package at t-3. Therefore, it is classified as 'Object Transfer'."
8936,a16dde53-8a4d-4246-aab4-9759f0af81f0,76.83490859999999,#C C drops broccoli,Unknown,Object Transfer,"The action of dropping the broccoli is a deliberate placement of the object onto a surface, which fits the criteria for 'Object Transfer'."
8939,a16dde53-8a4d-4246-aab4-9759f0af81f0,81.5963986,#C C drops the package,Unknown,Object Transfer,"The action of dropping the package is a deliberate placement onto a surface, which fits the criteria for 'Object Transfer'."
8942,a16dde53-8a4d-4246-aab4-9759f0af81f0,87.9273286,#C C drops the tin,Unknown,Object Transfer,"The action of dropping the tin is a deliberate placement onto a surface, which fits the criteria for 'Object Transfer'."
8945,a16dde53-8a4d-4246-aab4-9759f0af81f0,100.2824986,#C C drops cauliflower,Unknown,Object Transfer,"The action of dropping the cauliflower is a deliberate placement onto a surface, which fits the criteria for 'Object Transfer'."
8947,a16dde53-8a4d-4246-aab4-9759f0af81f0,103.9600186,"#C C drops mushroom ,onion and cucumber",Unknown,Object Transfer,"The action involves C dropping multiple items (mushroom, onion, and cucumber) onto a surface, which indicates a deliberate placement of objects."
8951,a16dde53-8a4d-4246-aab4-9759f0af81f0,113.1762086,#C C drops the package,Unknown,Object Transfer,"The action of dropping the package is a deliberate placement onto a surface, which fits the criteria for 'Object Transfer'."
8961,a16dde53-8a4d-4246-aab4-9759f0af81f0,266.2777686,#C C drops the package,Unknown,Object Transfer,"The action of dropping the package is a deliberate placement onto a surface, which fits the criteria for 'Object Transfer'."
8974,a16dde53-8a4d-4246-aab4-9759f0af81f0,322.98655870260785,#C C drops onion skin,Unknown,Object Transfer,"The action of dropping the onion skin onto a surface is a deliberate placement, which fits the criteria for 'Object Transfer'."
8983,a16dde53-8a4d-4246-aab4-9759f0af81f0,360.27892870260786,#C C drops the knife,Unknown,Object Transfer,"The action involves deliberately placing the knife onto a surface, which fits the criteria for Object Transfer."
8999,a16dde53-8a4d-4246-aab4-9759f0af81f0,424.95972870260783,#C C drops the knife,Unknown,Object Transfer,"The action of dropping the knife is a deliberate placement of the object onto a surface, which fits the criteria for 'Object Transfer'."
9009,a16dde53-8a4d-4246-aab4-9759f0af81f0,460.12216870260784,#C C drops the bin top,Unknown,Object Transfer,"The action of dropping the bin top is a deliberate placement of an object onto a surface, which fits the criteria for 'Object Transfer'."
9022,a16dde53-8a4d-4246-aab4-9759f0af81f0,499.95832870260784,#C C drops the knife,Unknown,Object Transfer,"The action of dropping the knife is a deliberate placement of the object onto a surface, which fits the criteria for 'Object Transfer'."
9024,a16dde53-8a4d-4246-aab4-9759f0af81f0,503.87761870260783,#C C drops cauliflower,Unknown,Object Transfer,"The action of dropping the cauliflower is a deliberate placement onto a surface, which fits the criteria for 'Object Transfer'."
9039,a16dde53-8a4d-4246-aab4-9759f0af81f0,545.8385820359412,#C C drops the pot top,Unknown,Object Transfer,"The action of dropping the pot top is a deliberate placement of an object onto a surface, which fits the definition of 'Object Transfer'."
9094,a16dde53-8a4d-4246-aab4-9759f0af81f0,914.1954956981745,#C C drops cooking spoon,Unknown,Object Transfer,"The action of dropping the cooking spoon is a deliberate placement of the object onto a surface, which fits the criteria for 'Object Transfer'."
9111,a16dde53-8a4d-4246-aab4-9759f0af81f0,996.3000656981744,#C C drops the pressure cooker,Unknown,Object Transfer,"The action of dropping the pressure cooker onto a surface is a deliberate placement, which fits the criteria for 'Object Transfer'."
9136,a16dde53-8a4d-4246-aab4-9759f0af81f0,1077.7414690315077,#C C drops the knife,Unknown,Object Transfer,"The action of dropping the knife is a deliberate placement of the object onto a surface, which fits the criteria for 'Object Transfer'."
9295,a16dde53-8a4d-4246-aab4-9759f0af81f0,1419.9477853125,#C C drops a packet of noodles,Unknown,Object Transfer,"The action of dropping a packet of noodles is a deliberate placement onto a surface, which fits the criteria for 'Object Transfer'."
9309,a16dde53-8a4d-4246-aab4-9759f0af81f0,1450.0574653125,#C C drops a phone,Unknown,Object Transfer,"The action of dropping a phone is a deliberate placement of the object onto a surface, which fits the criteria for 'Object Transfer'."
9353,a16dde53-8a4d-4246-aab4-9759f0af81f0,1597.5538253124998,#C C drops eggshells,Unknown,Object Transfer,"The action of dropping eggshells is a deliberate placement of the eggshells onto a surface, which fits the criteria for 'Object Transfer'."
9355,a16dde53-8a4d-4246-aab4-9759f0af81f0,1606.2665953125,#C C picks eggshells,Unknown,Object Transfer,"The action of picking up the eggshells is a deliberate placement, indicating that the subject is transferring the object from one location to another."
9356,a16dde53-8a4d-4246-aab4-9759f0af81f0,1607.0704453125,#C C drops eggshells,Unknown,Object Transfer,"The action of dropping eggshells onto a surface is a deliberate placement, which fits the criteria for 'Object Transfer'."
10386,ec344610-74f4-4765-9c3f-0837ef78055d,155.6257996,#C C picks a falling onion,Unknown,Object Transfer,"The action of picking up a falling onion is a deliberate placement of the onion onto a surface, which fits the criteria for 'Object Transfer'."
10845,ec344610-74f4-4765-9c3f-0837ef78055d,3091.711555266668,#c c point the tv,Unknown,Search,"The action of pointing the TV could indicate an attempt to locate or select a specific option on the TV, which falls under the 'Search' category."
10881,ec344610-74f4-4765-9c3f-0837ef78055d,3509.4353842879973,#c c drop the chips,Unknown,Object Transfer,"The current action involves dropping the chips, which is a deliberate placement of an object onto a surface, fitting the definition of 'Object Transfer'."
11119,b8952ddf-dd75-4d30-99f2-4e93a286abda,457.252028702702,#C C shakes the toaster,Unknown,Essential Operation,"Shaking the toaster is likely an essential operation, such as checking if it is functioning properly or ensuring it is not damaged."
11856,e0c4d2c7-fd50-4c50-b40e-e1eda4a5708b,86.20449,#C C drops up the container from the plate rack,Unknown,Object Transfer,"The action involves C dropping the container from the plate rack, which is a deliberate placement of the object onto a surface."
11921,e0c4d2c7-fd50-4c50-b40e-e1eda4a5708b,262.82915,#C C drops the container.,Unknown,Object Transfer,"The action of dropping the container is a deliberate placement of the object onto a surface, which fits the criteria for 'Object Transfer'."
11922,e0c4d2c7-fd50-4c50-b40e-e1eda4a5708b,263.53104,#C C drops the sponge,Unknown,Object Transfer,"The action of dropping the sponge is a deliberate placement onto a surface, which fits the criteria for 'Object Transfer'."
11941,e0c4d2c7-fd50-4c50-b40e-e1eda4a5708b,328.59715,#C C drops the sponge.,Unknown,Object Transfer,"The action of dropping the sponge is a deliberate placement of the object onto a surface, which fits the criteria for 'Object Transfer'."
12024,e0c4d2c7-fd50-4c50-b40e-e1eda4a5708b,522.80674,#C C drops the soap container with her right hand,Unknown,Object Transfer,"The action of dropping the soap container is a deliberate placement of the object onto a surface, which fits the criteria for 'Object Transfer'."
12035,e0c4d2c7-fd50-4c50-b40e-e1eda4a5708b,564.5849966666667,#C C drops the cloth,Unknown,Object Transfer,"The action of dropping the cloth is a deliberate placement of the object onto a surface, which fits the criteria for 'Object Transfer'."
12057,e0c4d2c7-fd50-4c50-b40e-e1eda4a5708b,615.9381866666666,#C C drops the sponge beside the tap,Unknown,Object Transfer,"The action of dropping the sponge beside the tap is a deliberate placement of the object onto a surface, which fits the criteria for 'Object Transfer'."
12098,e0c4d2c7-fd50-4c50-b40e-e1eda4a5708b,701.1659066666666,#C C drops the cloth,Unknown,Object Transfer,"The action of dropping the cloth is a deliberate placement of the object onto a surface, which fits the criteria for 'Object Transfer'."
12158,e0c4d2c7-fd50-4c50-b40e-e1eda4a5708b,855.8181066666666,#C C drops the brush in the cutlery rack.,Unknown,Object Transfer,"The action involves deliberately placing the brush onto the cutlery rack, which fits the definition of Object Transfer."
13480,dfaba491-c7e9-43c0-8294-b5b96d22fa7e,64.1232286,#C C shakes water,Unknown,Essential Operation,"Shaking water is typically part of a process to mix or heat the water, which falls under essential operations such as preparing a meal or a drink."
13989,dfaba491-c7e9-43c0-8294-b5b96d22fa7e,2046.6068600758408,#C C shakes #unsure,Unknown,Essential Operation,"The action of shaking an object is typically associated with a process or task that requires manipulation, such as mixing or applying a substance. This aligns with the category of Essential Operation."
13992,dfaba491-c7e9-43c0-8294-b5b96d22fa7e,2049.4313700758407,#C C shakes #unsure,Unknown,Essential Operation,"Shaking an item, such as a bottle or container, is often part of a preparation process, which falls under the category of Essential Operation."
14463,106e9447-8a09-4e89-964e-61c927827a56,247.8560886,#C C drops the garlic into #unsure,Unknown,Object Transfer,"The action of dropping the smashed garlic into something (likely a bowl or cutting board) is a deliberate placement, which fits the criteria for 'Object Transfer'."
14667,106e9447-8a09-4e89-964e-61c927827a56,738.8677581387574,#C C Shakes #unsure,Unknown,Essential Operation,"Shaking an object is typically considered an essential operation, such as mixing or activating a substance."
14681,106e9447-8a09-4e89-964e-61c927827a56,761.9473981387574,#C C Shakes #unsure,Unknown,Essential Operation,"Shaking an object is typically an action performed to mix or activate the contents of a container, which falls under the category of Essential Operation."
14926,106e9447-8a09-4e89-964e-61c927827a56,1494.0645532484373,#C C drops the cooking sticks,Unknown,Object Transfer,"The action of dropping the cooking sticks is a deliberate placement onto a surface, which fits the criteria for 'Object Transfer'."
15031,106e9447-8a09-4e89-964e-61c927827a56,1774.0734133046135,#C C drops a knife.,Unknown,Object Transfer,"The action of dropping a knife is a deliberate placement of an object onto a surface, which fits the criteria for 'Object Transfer'."
15050,106e9447-8a09-4e89-964e-61c927827a56,1834.5120233046136,#C C drops the cover.,Unknown,Object Transfer,"The action of dropping the cover is a deliberate placement onto a surface, which fits the criteria for Object Transfer."
15305,0f39b336-3e41-4305-9325-bb9cd74b8146,670.0886952666666,#C C breaks the pizza.,Unknown,Essential Operation,The action of breaking the pizza is an essential operation in the process of preparing or consuming it.
15504,0f39b336-3e41-4305-9325-bb9cd74b8146,2267.8925786000004,#C C drops pen.,Unknown,Object Transfer,"The action of dropping the pen is a deliberate placement of the object onto a surface, which fits the criteria for 'Object Transfer'."
15914,6fd90f8d-7a4d-425d-a812-3268db0b0342,1934.243040954663,#C c loses the cabinet,Unknown,Search,"The action 'loses the cabinet' suggests that the person is having trouble finding or locating the cabinet, which implies a search behavior."
16768,ee5ed7ca-667d-4a31-bdc8-13a9b8008246,1773.9198053125,#C C Moves a letter,Unknown,Object Transfer,Moving a letter involves a deliberate placement or transfer of the object.
16786,ee5ed7ca-667d-4a31-bdc8-13a9b8008246,1804.6184753125,#O Man Y Moves letters,Unknown,Object Transfer,"The action of moving letters implies a deliberate placement or transfer of objects, which fits the 'Object Transfer' category."
16789,ee5ed7ca-667d-4a31-bdc8-13a9b8008246,1821.8282453125,#O Man Y Moves letters,Unknown,Object Transfer,"The action of moving letters suggests a deliberate placement or rearrangement of the letters, which fits the criteria for 'Object Transfer'."
16793,ee5ed7ca-667d-4a31-bdc8-13a9b8008246,1825.3721953125,#O Man Y Moves letters,Unknown,Object Transfer,"The action of moving letters implies a deliberate placement or transfer of the letters, which fits the definition of 'Object Transfer'."
16799,ee5ed7ca-667d-4a31-bdc8-13a9b8008246,1831.0114253125,#O Man Y Moves letters,Unknown,Object Transfer,"The action of moving letters implies a deliberate placement or transfer of the letters from one location to another, which fits the definition of 'Object Transfer'."
16801,ee5ed7ca-667d-4a31-bdc8-13a9b8008246,1835.5514353125,#O Man Y Moves letters,Unknown,Object Transfer,"The action of 'Moving letters' can be interpreted as a deliberate placement or transfer of objects, similar to the previous action where the man put down a letter."
16805,ee5ed7ca-667d-4a31-bdc8-13a9b8008246,1859.5242353125,#O Man Y Moves letters,Unknown,Object Transfer,"The action of moving letters involves a deliberate placement or rearrangement of objects, which fits the definition of 'Object Transfer'."
16807,ee5ed7ca-667d-4a31-bdc8-13a9b8008246,1886.4122653125,#O Man Y Moves letters,Unknown,Object Transfer,"The action of moving letters in a game like Scrabble often involves deliberate placement or rearrangement of tiles, which fits the definition of 'Object Transfer'."
16844,ee5ed7ca-667d-4a31-bdc8-13a9b8008246,2086.8028253125,#O A person B touches a word,Unknown,Search,"The action of touching a word suggests that the person is looking for or selecting a specific word, which aligns with the 'Search' category."
17591,d7dcdd72-3dee-4804-8374-98960b07301e,2835.601321933333,#C C drops towel,Unknown,Object Transfer,"The action of dropping the towel is a deliberate placement of the object onto a surface, which fits the criteria for 'Object Transfer'."
17702,d7dcdd72-3dee-4804-8374-98960b07301e,3280.7872786,#C C points a couch,Unknown,Stationary,The action of pointing at a couch does not indicate movement or interaction with an object. It is more likely a stationary action where the person is indicating or pointing at something.
17709,d7dcdd72-3dee-4804-8374-98960b07301e,3295.9973986,#C C drops baby carrier,Unknown,Object Transfer,"The action of dropping the baby carrier is a deliberate placement onto a surface, which fits the criteria for Object Transfer."
17766,d7dcdd72-3dee-4804-8374-98960b07301e,3364.7173186,#O Lady X drops #unsure,Unknown,Object Transfer,"The action of dropping an object onto a surface is considered a deliberate placement, which falls under the 'Object Transfer' category."
17767,d7dcdd72-3dee-4804-8374-98960b07301e,3364.2004186,#O Lady X drops back rest pillow,Unknown,Object Transfer,"The action of dropping the rest pillow onto a surface is a deliberate placement, which fits the criteria for 'Object Transfer'."
17769,d7dcdd72-3dee-4804-8374-98960b07301e,3366.0214686,#O Lady X drops baby carrier,Unknown,Object Transfer,"The action involves Lady X dropping the baby carrier, which is a deliberate placement of an object onto a surface."
17804,d7dcdd72-3dee-4804-8374-98960b07301e,3524.3075586,#O Baby Y drops earphone,Unknown,Object Transfer,"The action of dropping the earphone onto a surface is a deliberate placement, which fits the criteria for 'Object Transfer'."
17824,d7dcdd72-3dee-4804-8374-98960b07301e,3525.2461286,#O Baby E drops earphones,Unknown,Object Transfer,"The action of dropping an earphone onto a surface is considered a deliberate placement, which fits the criteria for 'Object Transfer'."
18407,22a3ba4e-c70d-4905-b40f-f8dcfcee5835,163.77282,#C C drops the chisel on the woodwork,Unknown,Object Transfer,"The action of dropping the chisel onto the woodwork is a deliberate placement, which fits the criteria for 'Object Transfer'."
18634,f6c064d9-bcf6-4153-9418-83cc3e181807,1917.7508286,#C C drops the phone on the bed,Unknown,Object Transfer,"The action of dropping the phone onto the bed is a deliberate placement, which fits the criteria for 'Object Transfer'."
18807,7f1b26ab-ffc6-40c3-9cb3-572311ccf0d9,57.8857596,#C C drops the spray gun with his right hand,Unknown,Object Transfer,"The action of dropping the spray gun with his right hand is a deliberate placement of the object onto a surface, which fits the criteria for 'Object Transfer'."
18816,7f1b26ab-ffc6-40c3-9cb3-572311ccf0d9,148.0137596,#C C drops the spray gun with his right hand,Unknown,Object Transfer,"The action of dropping the spray gun with his right hand is a deliberate placement of the object onto a surface, which fits the criteria for 'Object Transfer'."
18830,7f1b26ab-ffc6-40c3-9cb3-572311ccf0d9,151.3249196,#C C drops the hose of the power washer with his right hand,Unknown,Object Transfer,"The action of dropping the hose is a deliberate placement of the object onto a surface, which fits the criteria for 'Object Transfer'."
20071,3f8dbb4f-ad5e-4d54-bf95-3ddbe968a85d,264.25163,#C C hits seedling tray,Unknown,Object Transfer,"The action of hitting the seedling tray does not fit into the categories of Locomotion, Essential Operation, Search, or Stationary. It seems to be a deliberate action involving the seedling tray, which aligns with the 'Object Transfer' category as it involves interaction with an object."
20476,3f8dbb4f-ad5e-4d54-bf95-3ddbe968a85d,1932.326,#C C drops seedling tray,Unknown,Object Transfer,"The action of dropping the seedling tray is a deliberate placement of the object onto a surface, which fits the criteria for 'Object Transfer'."
20589,2bd1593c-ae88-417e-827f-3997201da229,108.5702396,#C C drops the bowl of batter onto the kitchen counter with her right hand.,Unknown,Object Transfer,"The action of dropping the bowl of batter onto the kitchen counter is a deliberate placement, which fits the criteria for 'Object Transfer'."
20625,2bd1593c-ae88-417e-827f-3997201da229,195.1687696,#C C drops the liquid wash bottle onto the kitchen counter.,Unknown,Object Transfer,"The action of dropping the liquid wash bottle onto the kitchen counter is a deliberate placement, which fits the criteria for 'Object Transfer'."
20679,2bd1593c-ae88-417e-827f-3997201da229,407.9035509546634,#C C drops the piece in her right hand onto the rolling board.,Unknown,Object Transfer,"The action involves deliberately placing the piece of cake onto the rolling board, which fits the criteria for Object Transfer."
20750,2bd1593c-ae88-417e-827f-3997201da229,663.26397762133,#C C drops the half of the piece of cake in her right hand onto the rolling board.,Unknown,Object Transfer,"The action involves deliberately placing the piece of cake onto the rolling board, which fits the criteria for Object Transfer."
20839,2bd1593c-ae88-417e-827f-3997201da229,1022.59343762133,#C C drops the spatula into the batter bowl.,Unknown,Object Transfer,"The action of dropping the spatula into the batter bowl is a deliberate placement of the spatula onto a surface (the batter bowl), which fits the criteria for 'Object Transfer'."
20998,2bd1593c-ae88-417e-827f-3997201da229,1598.500568954663,#C C drops the serving spoon into the batter bowl.,Unknown,Object Transfer,"The action involves C dropping the serving spoon into the batter bowl, which is a deliberate placement of an object onto a surface."
21022,2bd1593c-ae88-417e-827f-3997201da229,1665.8362809546634,#C C drops the serving spoon into the batter bowl.,Unknown,Object Transfer,"The action involves deliberately placing the serving spoon into the batter bowl, which fits the criteria for an Object Transfer."
21545,16ed2ae4-e1ed-4752-a8f6-a47f1544d84a,1385.7294042879969,#O The man D drops a card with his left hand.,Unknown,Object Transfer,"The action of dropping a card with the left hand is a deliberate placement of the object onto a surface, which fits the criteria for 'Object Transfer'."
21546,16ed2ae4-e1ed-4752-a8f6-a47f1544d84a,1391.5321242879968,#O The man B drops a card with his right hand.,Unknown,Object Transfer,"The action of dropping a card with the right hand is a deliberate placement, which fits the criteria for 'Object Transfer'."
21549,16ed2ae4-e1ed-4752-a8f6-a47f1544d84a,1423.1679142879966,#O The man A drops a card with his right hand.,Unknown,Object Transfer,"The action of dropping a card with his right hand is a deliberate placement of the object onto a surface, which fits the criteria for 'Object Transfer'."
21562,16ed2ae4-e1ed-4752-a8f6-a47f1544d84a,1457.0266242879966,#O The man D drops a card with his left hand.,Unknown,Object Transfer,"The action involves the deliberate placement of a card onto a surface, which fits the criteria for 'Object Transfer'."
21563,16ed2ae4-e1ed-4752-a8f6-a47f1544d84a,1462.138804287997,#O The man B drops a card with his right hand.,Unknown,Object Transfer,"The action involves the deliberate placement of a card onto a surface, which fits the criteria for 'Object Transfer'."
21564,16ed2ae4-e1ed-4752-a8f6-a47f1544d84a,1465.0977242879967,#O The man A drops a card with his right hand.,Unknown,Object Transfer,"The action of dropping a card with the right hand is a deliberate placement of the card onto a surface, which fits the criteria for 'Object Transfer'."
21575,16ed2ae4-e1ed-4752-a8f6-a47f1544d84a,1498.9278542879963,#O The man E drops a card with his right hand.,Unknown,Object Transfer,"The action of dropping a card with the right hand is a deliberate placement onto a surface, which fits the criteria for 'Object Transfer'."
21576,16ed2ae4-e1ed-4752-a8f6-a47f1544d84a,1502.0544842879967,#O The man D drops a card with his left hand.,Unknown,Object Transfer,"The action of dropping a card onto a surface is a deliberate placement, which fits the definition of 'Object Transfer'."
21577,16ed2ae4-e1ed-4752-a8f6-a47f1544d84a,1503.9844642879966,#O The man B drops a card with his right hand.,Unknown,Object Transfer,"The action of dropping a card onto a surface is a deliberate placement, which fits the definition of 'Object Transfer'."
21579,16ed2ae4-e1ed-4752-a8f6-a47f1544d84a,1506.880244287997,#O The man A drops a card with his right hand.,Unknown,Object Transfer,"The action of dropping a card onto a surface and adjusting it suggests a deliberate placement, which fits the 'Object Transfer' category."
21588,16ed2ae4-e1ed-4752-a8f6-a47f1544d84a,1537.6683642879966,#O The man B drops a card with his right hand.,Unknown,Object Transfer,"The action of dropping a card is a deliberate placement of the object onto a surface, which fits the criteria for 'Object Transfer'."
21596,16ed2ae4-e1ed-4752-a8f6-a47f1544d84a,1572.8221942879968,#O The man B drops a card with his right hand.,Unknown,Object Transfer,"The action of dropping a card with the right hand is a deliberate placement onto a surface, which fits the criteria for 'Object Transfer'."
21598,16ed2ae4-e1ed-4752-a8f6-a47f1544d84a,1574.6310842879966,#O The man A drops a card with his right hand.,Unknown,Object Transfer,"The action of dropping a card with the right hand is a deliberate placement onto a surface, which fits the criteria for 'Object Transfer'."
21600,16ed2ae4-e1ed-4752-a8f6-a47f1544d84a,1578.7333742879966,#O The man E drops a card with his right hand.,Unknown,Object Transfer,"The action of dropping a card onto a surface is a deliberate placement, which fits the criteria for 'Object Transfer'."
21602,16ed2ae4-e1ed-4752-a8f6-a47f1544d84a,1584.111154287997,#O The man B drops a card with his right hand.,Unknown,Object Transfer,"The action of dropping a card with the right hand is a deliberate placement onto a surface, which fits the criteria for 'Object Transfer'."
21603,16ed2ae4-e1ed-4752-a8f6-a47f1544d84a,1587.6307442879963,#O The man A drops a card with his right hand.,Unknown,Object Transfer,"The action of dropping a card with the right hand is a deliberate placement onto a surface, which fits the criteria for 'Object Transfer'."
21607,16ed2ae4-e1ed-4752-a8f6-a47f1544d84a,1594.5119442879968,#O The man E drops a card with his right hand.,Unknown,Object Transfer,"The action of dropping a card with the right hand is a deliberate placement onto a surface, which fits the criteria for 'Object Transfer'."
21618,16ed2ae4-e1ed-4752-a8f6-a47f1544d84a,1605.9917142879967,#O The man A drops a card with his right hand.,Unknown,Object Transfer,"The action of dropping a card is a deliberate placement onto a surface, which fits the criteria for 'Object Transfer'."
21624,16ed2ae4-e1ed-4752-a8f6-a47f1544d84a,1616.6479642879967,#O The man A drops a card with his right hand.,Unknown,Object Transfer,"The action of dropping a card onto the table is a deliberate placement, which fits the criteria for 'Object Transfer'."
21630,16ed2ae4-e1ed-4752-a8f6-a47f1544d84a,1623.7751542879969,#O The man D drops a card with his left hand.,Unknown,Object Transfer,"The action of dropping a card onto a surface is a deliberate placement, which fits the criteria for 'Object Transfer'."
21631,16ed2ae4-e1ed-4752-a8f6-a47f1544d84a,1627.1776742879968,#O The man A drops a card with his right hand.,Unknown,Object Transfer,"The action of dropping a card with the right hand is a deliberate placement of the card onto a surface, which fits the criteria for 'Object Transfer'."
21634,16ed2ae4-e1ed-4752-a8f6-a47f1544d84a,1632.3675642879966,#O The man E drops a card with his right hand.,Unknown,Object Transfer,"The action of dropping a card onto a surface is a deliberate placement, which fits the criteria for 'Object Transfer'."
21635,16ed2ae4-e1ed-4752-a8f6-a47f1544d84a,1634.2552142879968,#O The man D drops a card with his left hand.,Unknown,Object Transfer,"The action of dropping a card with the hand is a deliberate placement onto a surface, which fits the criteria for 'Object Transfer'."
21845,9c99e9a1-8d61-48f5-8165-9c5215a257fe,553.4611032666667,#C C touches the cable in the wall,Unknown,Essential Operation,"The action of touching the cable in the wall is likely part of a maintenance or inspection task, which falls under the category of Essential Operation."
21908,141ce529-f793-48be-acde-24747af68b07,1084.33418,#C C bends the quad bike,Unknown,Essential Operation,
22000,cb235c78-e524-417a-89fd-57b682bb223b,219.4265686,#C C collects the dirt,Unknown,Stationary,"The action of collecting dirt does not fit into the categories of locomotion, essential operation, object transfer, or search. Collecting dirt is more of a stationary action where the person is likely picking up or gathering dirt without moving to a new location or performing a repetitive task."
22142,cb235c78-e524-417a-89fd-57b682bb223b,556.3723993320908,#C C swings #unsure,Unknown,Locomotion,"The action 'swings' implies a movement or gesture that is more related to locomotion or a physical motion rather than an essential operation, object transfer, search, or stationary action."
22188,cb235c78-e524-417a-89fd-57b682bb223b,644.0984893320908,#C C collects the dirt,Unknown,Object Transfer,"The action of collecting the dirt involves picking up or moving an object (the dirt), which fits the definition of Object Transfer."
22561,150c104e-f9bd-4a81-b885-0e8b9968cada,162.6965286,#C C touches the water,Unknown,Essential Operation,"The action of touching the water is likely part of a routine or task, such as preparing to clean or use the water in some way, which falls under the category of Essential Operation."
22609,150c104e-f9bd-4a81-b885-0e8b9968cada,561.8492192685551,#C C drops water on the whetstone,Unknown,Object Transfer,"The action of dropping water on the whetstone is a deliberate placement of the water onto the surface, which fits the criteria for 'Object Transfer'."
22616,150c104e-f9bd-4a81-b885-0e8b9968cada,572.0496892685551,#C C drops the water on the whetstone,Unknown,Object Transfer,"The action involves transferring the water from C's hand to the whetstone, which fits the definition of placing or dropping an object onto a surface."
22618,150c104e-f9bd-4a81-b885-0e8b9968cada,574.9148992685551,#C C drops the water on the whetstone,Unknown,Object Transfer,"The action of dropping water onto the whetstone is a deliberate placement, which fits the definition of 'Object Transfer'."
22739,150c104e-f9bd-4a81-b885-0e8b9968cada,841.8024070518638,#C C drops water in the whetstone,Unknown,Essential Operation,"The action of dropping water on the whetstone is part of a routine task, likely to prepare a tool for use, which falls under the category of Essential Operation."
22742,150c104e-f9bd-4a81-b885-0e8b9968cada,847.2821470518638,#C C drops the water in the whetstone,Unknown,Essential Operation,"The action of dropping water on the whetstone is likely part of a process, such as sharpening a tool, which is an essential operation."
22955,150c104e-f9bd-4a81-b885-0e8b9968cada,1700.5499099049805,#C C touches the water,Unknown,Essential Operation,"Touching water can be considered an essential operation, such as drinking, washing hands, or other necessary activities involving water."
22957,150c104e-f9bd-4a81-b885-0e8b9968cada,1708.9116299049804,#C C touches the water,Unknown,Essential Operation,"The action of touching the water seems to be an essential operation, such as checking the temperature or feeling the consistency of the water."
22959,150c104e-f9bd-4a81-b885-0e8b9968cada,1716.7674999049805,#C C touches the water,Unknown,Essential Operation,"The action of touching the water seems to be part of a sequence involving interaction with objects (knife and water) for a purpose, likely cleaning or preparing food, which falls under 'Essential Operation'."
22963,150c104e-f9bd-4a81-b885-0e8b9968cada,1726.8761599049803,#C C touches the water,Unknown,Essential Operation,"The current action of touching the water is consistent with the previous actions, which involve cleaning and maintaining tools. Touching the water can be considered an essential operation in the context of cleaning or preparing tools."
22980,150c104e-f9bd-4a81-b885-0e8b9968cada,1639.8229099049804,#C C touches the water,Unknown,Search,"The action of touching the water suggests C is looking for something or checking the water, which falls under the 'Search' category."
23331,88aaba00-ad94-4e76-9b7d-583cd8744fd2,548.7521909546634,#c c shakes the blender base and the rubber,Unknown,Locomotion,"The action of shaking the blender base and the rubber does not fit into the categories of Object Transfer, Essential Operation, Search, or Stationary. Shaking involves movement, which aligns with the Locomotion category."
23499,88aaba00-ad94-4e76-9b7d-583cd8744fd2,1854.2368509546632,#c c closes the cheese,Unknown,Object Transfer,"The current action involves closing the cheese, which implies a deliberate placement or interaction with an object, fitting the definition of 'Object Transfer'."
23537,88aaba00-ad94-4e76-9b7d-583cd8744fd2,2036.6969286458327,#C C leaks fingers,Unknown,Essential Operation,"The action of leaking fingers suggests a necessary bodily function, which falls under the category of Essential Operation."
23541,88aaba00-ad94-4e76-9b7d-583cd8744fd2,2050.114678645833,#C C leaks fingers,Unknown,Essential Operation,"The action of 'leaking fingers' suggests an involuntary or essential operation, such as sweating or water dripping, rather than a deliberate movement or interaction with an object."
23602,88aaba00-ad94-4e76-9b7d-583cd8744fd2,2286.205590954664,#C C flashes toilet,Unknown,Essential Operation,"Flashing the toilet is an operation that involves the toilet, not movement or object transfer."
23622,88aaba00-ad94-4e76-9b7d-583cd8744fd2,2376.464620954664,#C C fits bicycle inside the toilet,Unknown,Object Transfer,"The action of fitting a bicycle inside the toilet can be considered as placing an object in a specific location, which aligns with the 'Object Transfer' category."
23681,88aaba00-ad94-4e76-9b7d-583cd8744fd2,3742.097100954664,#C C shakes #unsure,Unknown,Essential Operation,"Shaking an object is typically considered an essential operation, such as mixing or activating the contents of the item."
23682,88aaba00-ad94-4e76-9b7d-583cd8744fd2,3761.115210954664,#C C shakes #unsure,Unknown,Stationary,Shaking an object is often a stationary action as it does not involve movement from one location to another.
24335,597b1ca1-e2ea-4a0e-8be0-31b713151ba2,1667.3586151722657,#C C pulls his hand off the pan,Unknown,Essential Operation,Pulling his hand off the pan is an essential operation to avoid burning or damaging his hand.
24394,597b1ca1-e2ea-4a0e-8be0-31b713151ba2,1773.4243551722657,#C C,Unknown,Stationary,"The current action describes C pulling his hand off the counter, which indicates a stationary action as it involves no movement or operation with an object."
24424,597b1ca1-e2ea-4a0e-8be0-31b713151ba2,1823.1106251722656,#C C hits against the tin,Unknown,Locomotion,"The action of hitting against the tin does not fit into the categories of Essential Operation, Object Transfer, Search, or Stationary. It is more indicative of a physical movement or reaction, which can be classified under Locomotion."
25414,15afbcca-8b44-4330-88bd-1de820866b9d,2361.3241786000003,#C C drops bread,Unknown,Object Transfer,"The action of dropping bread is a deliberate placement of the object onto a surface, which fits the criteria for 'Object Transfer'."
25649,7f9f75fd-a660-4635-8890-239c6ad82023,1008.8228709546634,#C C drops the piece of garlic,Unknown,Object Transfer,"The action of dropping the piece of garlic onto a surface is a deliberate placement, which fits the criteria for 'Object Transfer'."
25651,7f9f75fd-a660-4635-8890-239c6ad82023,1013.7683009546632,#C C drops the piece of garlic,Unknown,Object Transfer,"The action of dropping the piece of garlic onto a surface is a deliberate placement, which fits the criteria for 'Object Transfer'."
25677,7f9f75fd-a660-4635-8890-239c6ad82023,1110.554420954663,#C C drops the piece of garlic,Unknown,Object Transfer,"The action of dropping the piece of garlic is a deliberate placement onto a surface, which fits the criteria for 'Object Transfer'."
25679,7f9f75fd-a660-4635-8890-239c6ad82023,1113.0713609546633,#eC C knocks a piece of garlic,Unknown,Object Transfer,"The action of knocking a piece of garlic can be interpreted as a deliberate placement or interaction with the garlic piece, which aligns with the 'Object Transfer' category."
25735,7f9f75fd-a660-4635-8890-239c6ad82023,1282.919690954663,#C C drops the glass on the table,Unknown,Object Transfer,"The action of dropping the glass on the table is a deliberate placement of the object onto a surface, which fits the criteria for 'Object Transfer'."
26706,b5410470-6cb6-43ea-8233-4824ba6a27b0,37.18916,#C C drops the bolt grip nut remover and wrench onto the car lift.,Unknown,Object Transfer,"The action involves deliberately placing the bolt grip nut remover and wrench onto the car lift, which fits the criteria for Object Transfer."
26721,b5410470-6cb6-43ea-8233-4824ba6a27b0,64.84257,#C C drops the hand drill in his left hand onto the car lift.,Unknown,Object Transfer,"The action of dropping the hand drill onto the car lift is a deliberate placement of the object onto a surface, which fits the criteria for 'Object Transfer'."
26726,b5410470-6cb6-43ea-8233-4824ba6a27b0,69.20925,#C C drops the wrench onto the car lift.,Unknown,Object Transfer,"The action of dropping the wrench onto the car lift is a deliberate placement of the object onto a surface, which fits the criteria for 'Object Transfer'."
26740,b5410470-6cb6-43ea-8233-4824ba6a27b0,105.701,#C C drops the wrench in his right hand onto the car lift.,Unknown,Object Transfer,"The action of dropping the wrench onto the car lift is a deliberate placement, similar to the previous action where the long bolt was dropped. Therefore, it fits the 'Object Transfer' category."
26852,b5410470-6cb6-43ea-8233-4824ba6a27b0,324.84983,#C C drops the hammer onto the car lift.,Unknown,Object Transfer,"The action of dropping the hammer onto the car lift is a deliberate placement of the object onto a surface, which fits the criteria for 'Object Transfer'."
26858,b5410470-6cb6-43ea-8233-4824ba6a27b0,330.63242,#C C hits his right hand on the screwdriver. #Unsure,Unknown,Essential Operation,The action of hitting his right hand on the screwdriver seems to be a continuation of the essential operation of using the screwdriver.
26894,b5410470-6cb6-43ea-8233-4824ba6a27b0,399.71636,#C C drops the second screwdriver onto the car lift.,Unknown,Object Transfer,"The action of dropping the second screwdriver onto the car lift indicates a deliberate placement of the object onto a surface, which fits the criteria for 'Object Transfer'."
26921,b5410470-6cb6-43ea-8233-4824ba6a27b0,447.52296,#C C drops the bolt onto the car lift.,Unknown,Object Transfer,"The action of dropping the bolt onto the car lift is a deliberate placement, similar to the previous action where the flashlight was placed. Both actions involve an object being placed onto a surface, which fits the criteria for 'Object Transfer'."
26934,b5410470-6cb6-43ea-8233-4824ba6a27b0,471.37275,#C C drops the flash light onto the car lift.,Unknown,Object Transfer,"The action of dropping the flashlight onto the car lift is a deliberate placement, which fits the criteria for 'Object Transfer'."
26943,b5410470-6cb6-43ea-8233-4824ba6a27b0,488.37516,#C C drops the flash light onto the car lift.,Unknown,Object Transfer,"The action of dropping the flashlight onto the car lift is a deliberate placement, which fits the criteria for 'Object Transfer'."
26947,b5410470-6cb6-43ea-8233-4824ba6a27b0,493.55147,#C C drops the hammer onto the car lift.,Unknown,Object Transfer,"The action of dropping the hammer onto the car lift is a deliberate placement of the object onto a surface, which fits the criteria for 'Object Transfer'."
26956,b5410470-6cb6-43ea-8233-4824ba6a27b0,501.1921,#C C drops the rag and screwdriver onto the car lift.,Unknown,Object Transfer,"The action of dropping the rag and screwdriver onto the car lift is a deliberate placement, which fits the criteria for 'Object Transfer'."
26987,b5410470-6cb6-43ea-8233-4824ba6a27b0,536.9869846666667,#C C drops the lamp onto the car lift.,Unknown,Object Transfer,"The action involves C dropping the lamp onto the car lift, which is a deliberate placement of an object onto a surface."
27001,b5410470-6cb6-43ea-8233-4824ba6a27b0,589.7581966666667,#C C drops the screwdriver on the workbench.,Unknown,Object Transfer,"The action of dropping the screwdriver onto the workbench is a deliberate placement, which fits the criteria for 'Object Transfer'."
27006,b5410470-6cb6-43ea-8233-4824ba6a27b0,599.2981966666666,#C C drops the screwdriver on the workbench.,Unknown,Object Transfer,"The action of dropping the screwdriver onto the workbench is a deliberate placement, which fits the criteria for 'Object Transfer'."
27056,b5410470-6cb6-43ea-8233-4824ba6a27b0,831.7438166666666,#C C shakes the motorcycle with his right hand.,Unknown,Locomotion,"Shaking the motorcycle is an action that involves movement and can be classified as a form of locomotion, even though it is a localized and possibly exaggerated movement."
27078,b5410470-6cb6-43ea-8233-4824ba6a27b0,885.9884966666666,#C C drops the T wrench on the workbench.,Unknown,Object Transfer,"The action of dropping the T wrench onto the workbench is a deliberate placement, which fits the criteria for 'Object Transfer'."
27102,b5410470-6cb6-43ea-8233-4824ba6a27b0,948.8811266666668,#C C drops the needle nose plier on the workbench. #Unsure,Unknown,Object Transfer,"The action of dropping the needle nose plier onto the workbench is a deliberate placement, which fits the criteria for 'Object Transfer'."
27109,b5410470-6cb6-43ea-8233-4824ba6a27b0,979.5450166666668,#C C drops the needle nose plier on the workbench. #Unsure,Unknown,Object Transfer,"The action of dropping the needle nose plier onto the workbench is a deliberate placement, which fits the criteria for 'Object Transfer'."
27134,b5410470-6cb6-43ea-8233-4824ba6a27b0,1021.7086966666668,#C C drops the long screwdriver on the workbench.,Unknown,Object Transfer,"The action involves deliberately placing the long screwdriver onto the workbench, which fits the definition of Object Transfer."
27141,b5410470-6cb6-43ea-8233-4824ba6a27b0,1035.784666666667,#C C drops the needle nose plier on the workbench.,Unknown,Object Transfer,"The action of dropping the needle nose plier onto the workbench is a deliberate placement, which fits the criteria for 'Object Transfer'."
27145,b5410470-6cb6-43ea-8233-4824ba6a27b0,1049.2769166666667,#C C drops the lamp on the workbench.,Unknown,Object Transfer,"The action involves deliberately placing the lamp onto the workbench, which fits the criteria for Object Transfer."
27169,b5410470-6cb6-43ea-8233-4824ba6a27b0,1100.6042633333334,#C C drops the thin screwdriver on the workbench with his left hand.,Unknown,Object Transfer,"The action involves deliberately placing the thin screwdriver onto the workbench, which fits the definition of 'Object Transfer'."
27182,b5410470-6cb6-43ea-8233-4824ba6a27b0,1134.1603633333334,#C C drops the long screwdriver.,Unknown,Object Transfer,"The action of dropping the long screwdriver is a deliberate placement of the object onto a surface, which fits the criteria for 'Object Transfer'."
27194,b5410470-6cb6-43ea-8233-4824ba6a27b0,1162.6272733333333,#C C drops the hammer.,Unknown,Object Transfer,"The action of dropping the hammer is a deliberate placement of the object onto a surface, which fits the criteria for 'Object Transfer'."
27198,b5410470-6cb6-43ea-8233-4824ba6a27b0,1182.0388333333333,#C C drops the thin screwdriver on the workbench.,Unknown,Object Transfer,"The action of dropping the thin screwdriver onto the workbench is a deliberate placement, which fits the criteria for 'Object Transfer'."
27299,b5410470-6cb6-43ea-8233-4824ba6a27b0,1421.7285333333334,#C C drops the ring spanner on the motorcycle with his left hand.,Unknown,Object Transfer,"The action of dropping the ring spanner onto the motorcycle is a deliberate placement of the object onto a surface, which fits the criteria for 'Object Transfer'."
27357,b5410470-6cb6-43ea-8233-4824ba6a27b0,1600.332428,#C C drops the screwdriver on the workbench with his left hand.,Unknown,Object Transfer,"The action involves deliberately placing the screwdriver onto the workbench, which fits the criteria for 'Object Transfer'."
27364,b5410470-6cb6-43ea-8233-4824ba6a27b0,1612.581808,#C C drops the tissue on the workbench with his right hand.,Unknown,Object Transfer,"The action of dropping the tissue onto the workbench is a deliberate placement, which fits the criteria for 'Object Transfer'."
27391,b5410470-6cb6-43ea-8233-4824ba6a27b0,1662.59425,#C C drops the plastic bottle on the workbench.,Unknown,Object Transfer,"The action of dropping the plastic bottle onto the workbench is a deliberate placement, which fits the criteria for 'Object Transfer'."
27499,fd67e15e-3c45-4fc4-b399-4ab3df1c957f,1109.1688609546634,#C C drops the cloth with her left hand,Unknown,Object Transfer,"The action of dropping the cloth is a deliberate placement of the object onto a surface, which fits the criteria for 'Object Transfer'."
27540,fd67e15e-3c45-4fc4-b399-4ab3df1c957f,1492.368180954663,#O lady X drops the glass cup on the dining table,Unknown,Object Transfer,"The action involves the deliberate placement of the glass cup onto the dining table, which fits the criteria for Object Transfer."
27602,3837916b-c0e8-4359-8a73-524d40660731,0.0,#C C drops his gloved right hand.,Unknown,Stationary,"The action describes C dropping his gloved right hand, which is a stationary action as it does not involve movement or transfer of an object."
27611,3837916b-c0e8-4359-8a73-524d40660731,40.95582,#C C drops the T spanner in his gloved right hand.,Unknown,Object Transfer,"The action of dropping the T spanner is a deliberate placement of the object onto a surface, which fits the criteria for 'Object Transfer'."
27618,3837916b-c0e8-4359-8a73-524d40660731,69.06409,#C C drops the engine block in his gloved left hand.,Unknown,Object Transfer,"The action of dropping the engine block is a deliberate placement of the object onto a surface, which fits the criteria for 'Object Transfer'."
27619,3837916b-c0e8-4359-8a73-524d40660731,72.34453,#C C drops the nose plier in his gloved right hand on the work table.,Unknown,Object Transfer,"The action involves deliberately placing the nose plier onto the work table, which fits the criteria for Object Transfer."
27633,3837916b-c0e8-4359-8a73-524d40660731,143.2969,#C C drops the screwdriver in his gloved left hand on the motorcycle.,Unknown,Object Transfer,"The action of dropping the screwdriver onto the motorcycle can be considered a deliberate placement, similar to the previous action of placing the T spanner on the bolt."
27637,3837916b-c0e8-4359-8a73-524d40660731,152.87192,#C C drops the front sprocket from the motorcycle engine with his gloved left hand.,Unknown,Object Transfer,"The action of dropping the front sprocket is a deliberate placement onto a surface, which fits the criteria for 'Object Transfer'."
27711,3837916b-c0e8-4359-8a73-524d40660731,330.36171,#C C drops the spanner in his gloved left hand.,Unknown,Object Transfer,"The action of dropping the spanner is a deliberate placement onto a surface, which fits the criteria for 'Object Transfer'."
27717,3837916b-c0e8-4359-8a73-524d40660731,350.70795,#C C drops the bulb in his gloved right hand.,Unknown,Object Transfer,"The action of dropping the bulb is a deliberate placement onto a surface, which fits the criteria for 'Object Transfer'."
27863,3837916b-c0e8-4359-8a73-524d40660731,834.8044766666667,#C C drops pieces of tissue on the work table with his gloved right hand.,Unknown,Object Transfer,"The action involves deliberately placing or dropping objects (pieces of tissue) onto a surface (work table), which fits the criteria for Object Transfer."
27892,3837916b-c0e8-4359-8a73-524d40660731,992.5182966666666,#C C drops the glue on the work bench with his his gloved right hand.,Unknown,Object Transfer,"The action involves deliberately placing the glue onto the workbench, which fits the criteria for 'Object Transfer'."
27895,3837916b-c0e8-4359-8a73-524d40660731,1009.1007266666668,#C C drops the hammer on the work table with his gloved right hand.,Unknown,Object Transfer,"The action of dropping the hammer onto the work table is a deliberate placement, which fits the criteria for 'Object Transfer'."
27905,3837916b-c0e8-4359-8a73-524d40660731,1067.7349513333334,#C C drops the nose plier in his gloved right hand on the work table.,Unknown,Object Transfer,"The action involves deliberately placing the nose plier onto the work table, which fits the criteria for an Object Transfer."
27909,3837916b-c0e8-4359-8a73-524d40660731,1090.1967013333333,#C C drops the hammer on the motorcycle with his gloved right hand.,Unknown,Object Transfer,"The action of dropping the hammer onto the motorcycle can be considered a deliberate placement, which fits the criteria for 'Object Transfer'."
27924,3837916b-c0e8-4359-8a73-524d40660731,1096.9280833333332,#C C drops the nose plier in his gloved right hand.,Unknown,Object Transfer,"The action of dropping the nose plier is a deliberate placement onto a surface, which fits the criteria for 'Object Transfer'."
27928,3837916b-c0e8-4359-8a73-524d40660731,1100.714793333333,#C C drops the spanner in his gloved right hand on the motorcycle.,Unknown,Object Transfer,"The action of dropping the spanner onto the motorcycle is a deliberate placement, which fits the criteria for 'Object Transfer'."
27941,3837916b-c0e8-4359-8a73-524d40660731,1151.9706533333333,#C C drops the spanner in his gloved left hand. #Unsure,Unknown,Object Transfer,"The action of dropping the spanner is a deliberate placement of the object onto a surface, which fits the criteria for 'Object Transfer'."
27942,3837916b-c0e8-4359-8a73-524d40660731,1151.9706533333333,#C C drops the hammer in his gloved right hand.,Unknown,Object Transfer,"The action of dropping the hammer is a deliberate placement of the object onto a surface, which fits the criteria for 'Object Transfer'."
27947,3837916b-c0e8-4359-8a73-524d40660731,1166.1058333333333,#C C drops the spanner with his gloved right hand.,Unknown,Object Transfer,"The action of dropping the spanner is a deliberate placement of the object onto a surface, which fits the criteria for 'Object Transfer'."
27948,3837916b-c0e8-4359-8a73-524d40660731,1166.7644433333332,#C C drops the lid with his gloved left hand.,Unknown,Object Transfer,"The action involves deliberately placing an object (the lid) onto a surface, which fits the criteria for 'Object Transfer'."
27956,3837916b-c0e8-4359-8a73-524d40660731,1171.7700533333334,#C C drops the glue cover with his gloved right hand.,Unknown,Object Transfer,"The action of dropping the glue cover is a deliberate placement onto a surface, which fits the criteria for 'Object Transfer'."
27963,3837916b-c0e8-4359-8a73-524d40660731,1189.612123333333,#C C drops the glue with his gloved right hand.,Unknown,Object Transfer,"The action of dropping the glue is a deliberate placement of the object onto a surface, which fits the criteria for 'Object Transfer'."
27979,3837916b-c0e8-4359-8a73-524d40660731,1215.9227433333333,#C C drops the spanner in his gloved right hand with the hammer in it.,Unknown,Object Transfer,"The action of dropping the spanner is a deliberate placement onto a surface, which fits the criteria for 'Object Transfer'."
27980,3837916b-c0e8-4359-8a73-524d40660731,1216.8896333333332,#C C drops the hammer in his gloved right hand on the motorcycle.,Unknown,Object Transfer,"The action of dropping the hammer onto the motorcycle indicates a deliberate placement of the object onto a surface, which fits the criteria for 'Object Transfer'."
27997,3837916b-c0e8-4359-8a73-524d40660731,1248.5901833333332,#C C drops the lamp on the motorcycle with his gloved right hand.,Unknown,Object Transfer,"The action of dropping the lamp is a deliberate placement of the object onto the motorcycle, which fits the criteria for 'Object Transfer'."
28012,3837916b-c0e8-4359-8a73-524d40660731,1291.9892533333334,#C C drops the spanner in his gloved left hand on the work table.,Unknown,Object Transfer,"The action of dropping the spanner onto the work table is a deliberate placement, which fits the criteria for 'Object Transfer'."
28021,3837916b-c0e8-4359-8a73-524d40660731,1303.7298233333331,#C C drops a hammer on the motorcycle with his gloved right hand.,Unknown,Object Transfer,"The action of dropping the hammer onto the motorcycle is a deliberate placement, which fits the criteria for 'Object Transfer'."
28026,3837916b-c0e8-4359-8a73-524d40660731,1329.7246333333333,#C C drops the hammer on the motorcycle with his gloved right hand.,Unknown,Object Transfer,"The action of dropping the hammer onto the motorcycle is a deliberate placement of the object, which fits the criteria for 'Object Transfer'."
28027,3837916b-c0e8-4359-8a73-524d40660731,1330.524503333333,#C C drops the punch on the work table with his gloved left hand,Unknown,Object Transfer,"The action involves deliberately placing the punch onto the work table, which fits the criteria for Object Transfer."
28082,3837916b-c0e8-4359-8a73-524d40660731,1425.5630033333332,#C C drops a tissue from a tissue box with his gloved left hand.,Unknown,Object Transfer,"The action of dropping a tissue is a deliberate placement of the object onto a surface, which fits the criteria for 'Object Transfer'."
28206,3837916b-c0e8-4359-8a73-524d40660731,1762.54241,#C C drops the screwdriver in his gloved right hand on the work table.,Unknown,Object Transfer,"The action of dropping the screwdriver onto the work table is a deliberate placement, which fits the criteria for 'Object Transfer'."
28235,3837916b-c0e8-4359-8a73-524d40660731,1851.14751,#C C drops the T spanner on the work bench with his gloved left hand.,Unknown,Object Transfer,"The action of dropping the T spanner onto the work bench is a deliberate placement, which fits the criteria for 'Object Transfer'."
28262,3837916b-c0e8-4359-8a73-524d40660731,1994.64784,#C C scatters the paper with both gloved hands.,Unknown,Object Transfer,"The action of scattering the paper with both hands can be considered a form of deliberate placement or manipulation of the object, which fits the 'Object Transfer' category."
28274,3837916b-c0e8-4359-8a73-524d40660731,2026.44572,#C C drops the paper in his gloved left hand on the scooter on the workshop lift table.,Unknown,Object Transfer,"The action involves deliberately placing the paper onto the scooter, which fits the criteria for Object Transfer."
28291,3837916b-c0e8-4359-8a73-524d40660731,2072.84193,#C C scatters the paper with both gloved hands.,Unknown,Object Transfer,"The action of scattering the paper with both hands can be interpreted as a deliberate placement or distribution of the paper, which fits the 'Object Transfer' category."
28295,3837916b-c0e8-4359-8a73-524d40660731,2090.51307,#C C drops the plier in his gloved right hand on the scooter on the workshop lift table.,Unknown,Object Transfer,"The action involves deliberately placing the plier onto the scooter, which fits the criteria for Object Transfer."
28313,3837916b-c0e8-4359-8a73-524d40660731,2150.2061046666668,#C C drops the paper in his gloved left hand on the workshop lift table.,Unknown,Object Transfer,"The action of dropping the paper onto the workshop lift table is a deliberate placement, which fits the criteria for 'Object Transfer'."
28342,3837916b-c0e8-4359-8a73-524d40660731,2237.9144066666668,#C C drops the iron on the workshop lift table with his gloved left hand.,Unknown,Object Transfer,"The action of dropping the iron onto the workshop lift table is a deliberate placement, which fits the criteria for 'Object Transfer'."
28352,3837916b-c0e8-4359-8a73-524d40660731,2258.995696666667,#C C drops the nails on the ground with his gloved left hand.,Unknown,Object Transfer,"The action involves deliberately placing the nails on the ground, which fits the definition of Object Transfer as a deliberate placement."
28356,3837916b-c0e8-4359-8a73-524d40660731,2264.7141466666667,#C C drops the nail on the ground with his gloved right hand.,Unknown,Object Transfer,"The action of dropping the nail onto the ground is a deliberate placement, which fits the criteria for 'Object Transfer'."
28360,3837916b-c0e8-4359-8a73-524d40660731,2271.7753066666664,#C C drops the nail on the ground with his gloved right hand.,Unknown,Object Transfer,"The action involves deliberately placing the nail on the ground, which fits the definition of 'Object Transfer' as a deliberate placement."
28399,3837916b-c0e8-4359-8a73-524d40660731,2391.8367566666666,#C C drops the bolt from the scooter clutch cover on the workshop lift table with his gloved left hand.,Unknown,Object Transfer,"The action involves deliberately placing the bolt onto the workshop lift table, which fits the criteria for Object Transfer."
28402,3837916b-c0e8-4359-8a73-524d40660731,2399.7848166666668,#C C drops the bolt from the scooter clutch cover on the workshop lift table with his gloved left hand.,Unknown,Object Transfer,"The action involves deliberately placing the bolt onto the workshop lift table, which fits the definition of a deliberate placement."
28408,3837916b-c0e8-4359-8a73-524d40660731,2422.9107766666666,#C C drops the bolt from the scooter clutch cover on the workshop lift table with his gloved left hand.,Unknown,Object Transfer,"The action involves deliberately placing the bolt onto the workshop lift table, which fits the criteria for Object Transfer."
28409,3837916b-c0e8-4359-8a73-524d40660731,2423.708946666666,#C C drops the spanner on the workshop lift table with his gloved right hand.,Unknown,Object Transfer,"The action involves deliberately placing the spanner onto the workshop lift table, which fits the criteria for 'Object Transfer'."
28416,3837916b-c0e8-4359-8a73-524d40660731,2188.069266666667,#C C drops the bolt on the workshop lift table with his gloved right hand. #Unsure,Unknown,Object Transfer,"The action involves deliberately placing the bolt onto the workshop lift table, which fits the criteria for Object Transfer."
28498,3837916b-c0e8-4359-8a73-524d40660731,2663.895841333333,#C C drops the clutch cover in his right hand under the lift table.,Unknown,Object Transfer,"The action of dropping the clutch cover onto the lift table is a deliberate placement, which fits the criteria for 'Object Transfer'."
28510,3837916b-c0e8-4359-8a73-524d40660731,2734.011743333333,#C C drops the bolt in his gloved left hand on the workshop lift table.,Unknown,Object Transfer,"The action of dropping the bolt onto the workshop lift table indicates a deliberate placement of the object, which fits the criteria for 'Object Transfer'."
28512,3837916b-c0e8-4359-8a73-524d40660731,2740.030893333333,#C C removes hits the scooter with his gloved right hand.,Unknown,Essential Operation,"The action of hitting the scooter with his gloved right hand is likely part of the maintenance or repair process, which falls under the category of Essential Operation."
29193,c037be7a-e56b-4053-a48b-c593bf069ef4,33.26565,#C C drops the piece of cloth on the ground.,Unknown,Object Transfer,"The action of dropping the piece of cloth onto the ground is a deliberate placement, which fits the criteria for 'Object Transfer'."
29205,c037be7a-e56b-4053-a48b-c593bf069ef4,54.94942,#C C drops the adjustable wrench on the ground.,Unknown,Object Transfer,"The action of dropping the adjustable wrench onto the ground is a deliberate placement of the object, which fits the criteria for 'Object Transfer'."
29278,c037be7a-e56b-4053-a48b-c593bf069ef4,175.83691,#C C drops the tubular wrenches on the ground with his left hand.,Unknown,Object Transfer,"The action involves deliberately placing the tubular wrenches onto the ground, which fits the criteria for Object Transfer."
29281,c037be7a-e56b-4053-a48b-c593bf069ef4,177.8937,#C C drops the adjustable wrench on the ground.,Unknown,Object Transfer,"The action of dropping the adjustable wrench onto the ground is a deliberate placement, which fits the criteria for 'Object Transfer'."
29289,c037be7a-e56b-4053-a48b-c593bf069ef4,194.93283,#C C drops a part of the drum brake on the ground with his right hand.,Unknown,Object Transfer,"The action involves deliberately placing a part of the drum brake onto the ground, which fits the criteria for Object Transfer."
29292,c037be7a-e56b-4053-a48b-c593bf069ef4,223.45305,#C C drops the adjustable wrench on the ground.,Unknown,Object Transfer,"The action of dropping the adjustable wrench onto the ground is a deliberate placement, which fits the criteria for 'Object Transfer'."
29546,0b22b43c-f57e-4f4f-8840-3ca0bf086b9c,834.6473782339817,#C C Withdraws left hand from the noise,Unknown,Essential Operation,The action of withdrawing the hand from the noise is an essential operation as it involves a necessary movement to remove the hand from a stimulus or situation.
29746,569173d2-f5c0-4ccd-a04e-0b79f824aa2f,1055.1007633333334,#C C does #unsure,Unknown,Search,"The current action involves C looking around, which is consistent with the previous action of searching."
29859,3ce27068-44ba-4593-aa26-444ce0616150,315.2681286,#C C drops the sponge scrubber,Unknown,Object Transfer,"The action of dropping the sponge scrubber onto a surface is a deliberate placement, which fits the criteria for 'Object Transfer'."
29921,3ce27068-44ba-4593-aa26-444ce0616150,469.2329086,#C C drops the dust on his hand,Unknown,Essential Operation,The action of dropping dust on his hand is considered an essential operation as it involves cleaning or maintaining personal hygiene.
29925,3ce27068-44ba-4593-aa26-444ce0616150,477.2217386,#C C drops the dust on his hand,Unknown,Object Transfer,"The action involves deliberately placing the dust on his hand, which fits the criteria for an Object Transfer."
30261,84ccc9f7-8e02-4bfd-bd44-1658814df7cc,376.8175685958416,#c c drops the wooden spoon,Unknown,Object Transfer,"The action of dropping the wooden spoon is a deliberate placement of the object onto a surface, which fits the criteria for 'Object Transfer'."
30341,84ccc9f7-8e02-4bfd-bd44-1658814df7cc,542.829481929175,#c c drops the wooden spoon,Unknown,Object Transfer,"The action of dropping the wooden spoon is a deliberate placement onto a surface, which fits the criteria for 'Object Transfer'."
30387,52d7e473-06a6-4464-81f4-08199bf5cb6a,106.24507526666666,#C C drops phone with his left hand,Unknown,Object Transfer,"The action of dropping the phone is a deliberate placement of the object onto a surface, which fits the criteria for 'Object Transfer'."
30458,52d7e473-06a6-4464-81f4-08199bf5cb6a,1144.4000152666663,#C C pays a guitar,Unknown,Essential Operation,Playing a guitar is considered an essential operation as it involves a deliberate and focused action on a specific object.
31441,7544f7c5-3823-439f-bc64-326a15d65406,974.90987762133,#C C drops the scissors.,Unknown,Object Transfer,"The action of dropping the scissors is a deliberate placement of the object onto a surface, which fits the criteria for 'Object Transfer'."
31444,7544f7c5-3823-439f-bc64-326a15d65406,966.63474762133,#C C drops the sandpaper #unsure,Unknown,Object Transfer,"The action of dropping the sandpaper onto a surface is a deliberate placement, which fits the criteria for 'Object Transfer'."
31504,f5c456b2-b998-4f42-82bd-786833fb3891,67.05719859999999,#C C drops the lid,Unknown,Object Transfer,"The action of dropping the lid is a deliberate placement of the object onto a surface, which fits the criteria for 'Object Transfer'."
32489,f0a5b497-94d3-47ec-8bd6-427d91d15adf,672.78314,#C C drops the chisel on the platform with his right gloved hand.,Unknown,Object Transfer,"The action of dropping the chisel onto the platform is a deliberate placement, which fits the criteria for 'Object Transfer'."
32496,f0a5b497-94d3-47ec-8bd6-427d91d15adf,692.1031800000001,#C C drops the pin on the platform with his gloved right hand.,Unknown,Object Transfer,"The action of dropping the pin onto the platform is a deliberate placement, which fits the criteria for 'Object Transfer'."
32951,18be74c1-9b20-41ca-8a89-7d0a1832ff55,1550.8983342879965,#C C touches her face with her right hand #unsure,Unknown,Essential Operation,"Touching one's face is a common essential operation, such as adjusting glasses, wiping sweat, or scratching."
33614,869aa0d2-9557-4f3e-8bc9-c46ca5e2c8ff,1276.5078019333332,#C C drops paper,Unknown,Object Transfer,"The action of dropping the paper is a deliberate placement of the object onto a surface, which fits the criteria for 'Object Transfer'."
33710,869aa0d2-9557-4f3e-8bc9-c46ca5e2c8ff,1933.944621933333,#C C drops face mask,Unknown,Object Transfer,"The action of dropping the face mask is a deliberate placement of the object onto a surface, which fits the criteria for 'Object Transfer'."
33721,869aa0d2-9557-4f3e-8bc9-c46ca5e2c8ff,2036.4526119333327,#C C drops scissors,Unknown,Object Transfer,"The action of dropping the scissors is a deliberate placement of the object onto a surface, which fits the criteria for 'Object Transfer'."
33726,869aa0d2-9557-4f3e-8bc9-c46ca5e2c8ff,2054.0647519333334,#C C drops thread,Unknown,Object Transfer,"The action of dropping the thread onto a surface is a deliberate placement, which fits the criteria for 'Object Transfer'."
33732,869aa0d2-9557-4f3e-8bc9-c46ca5e2c8ff,2083.211761933333,#C C drops water bottle,Unknown,Object Transfer,"The action of dropping the water bottle is a deliberate placement of the object onto a surface, which fits the criteria for 'Object Transfer'."
33763,869aa0d2-9557-4f3e-8bc9-c46ca5e2c8ff,2152.9091019333337,#C C drops container,Unknown,Object Transfer,"The action of dropping a container is a deliberate placement onto a surface, which fits the criteria for 'Object Transfer'."
34183,c3b19085-f7eb-4217-8eec-b8cc056f92a1,186.426,#C C fixes the camera,Unknown,Essential Operation,"Fixing the camera is a deliberate action aimed at maintaining or adjusting a tool, which falls under the category of Essential Operation."
35017,f809c446-c3f0-4974-afed-270c12df12a4,3959.882680954664,#O man K holds #unsure,Unknown,Stationary,"The current action describes a person holding an object with uncertainty, which can be interpreted as a stationary action where the person is not performing any locomotion, essential operation, object transfer, or search."
35109,584fd34c-9bd5-44fd-8266-9d3161d8c790,2344.746943333333,#C C plays the lawn tennis,Unknown,Stationary,"The current action describes C playing lawn tennis, which involves remaining in one place while engaging in the sport. This aligns with the 'Stationary' category as the player is not moving around but rather playing the game."
35155,584fd34c-9bd5-44fd-8266-9d3161d8c790,2804.446156666667,#O a man X hits the ball,Unknown,Locomotion,"The action of hitting the ball is a continuation of the previous locomotion actions, indicating a repetitive motion in the context of playing a sport."
35167,584fd34c-9bd5-44fd-8266-9d3161d8c790,2849.0658866666668,#O a man X hits the ball,Unknown,Essential Operation,"The action of hitting the ball is a repetitive and deliberate action, which is essential for the ongoing activity (e.g., playing a game). Therefore, it falls under the category of 'Essential Operation'."
35197,584fd34c-9bd5-44fd-8266-9d3161d8c790,3034.998746666667,#O a man X hits the ball,Unknown,Object Transfer,"The action of hitting the ball is considered a deliberate placement or interaction with an object, which falls under the 'Object Transfer' category."
35198,584fd34c-9bd5-44fd-8266-9d3161d8c790,3043.232536666667,#C C hits a ball,Unknown,Locomotion,"The action of hitting a ball is a continuous movement and is best categorized under Locomotion, as it involves physical movement and engagement in a sport activity."
35200,584fd34c-9bd5-44fd-8266-9d3161d8c790,3066.1257066666667,#O a man X hits the ball,Unknown,Essential Operation,"The action of hitting a ball is a deliberate and repetitive motion, which is typically considered an essential operation in the context of playing a sport."
35201,584fd34c-9bd5-44fd-8266-9d3161d8c790,3067.797396666667,#C C hits a ball,Unknown,Essential Operation,"Hitting a ball is an essential operation in activities such as baseball or cricket, where the action of hitting the ball is a fundamental part of the game."
35205,584fd34c-9bd5-44fd-8266-9d3161d8c790,3096.652296666667,#C C hits a ball,Unknown,Object Transfer,"The action of hitting a ball can be considered as a deliberate placement or interaction with an object, which falls under the 'Object Transfer' category."
35214,584fd34c-9bd5-44fd-8266-9d3161d8c790,3144.568796666667,#C C hits a ball,Unknown,Essential Operation,"The action of hitting a ball is a deliberate and purposeful movement, which falls under the category of Essential Operation as it is a fundamental action in a game or activity."
35215,584fd34c-9bd5-44fd-8266-9d3161d8c790,3146.416666666667,#O a man X hits the ball,Unknown,Locomotion,"The action of hitting a ball is a continuous movement and falls under the category of Locomotion, as it involves physical movement and engagement in a sport activity."
35221,584fd34c-9bd5-44fd-8266-9d3161d8c790,3180.719176666667,#C C hits a ball,Unknown,Essential Operation,"The action of hitting a ball is a deliberate and purposeful movement, which falls under the category of Essential Operation as it is a fundamental action in a game or activity."
35222,584fd34c-9bd5-44fd-8266-9d3161d8c790,3182.106526666667,#O a man X hits the ball,Unknown,Locomotion,"The action of hitting a ball is a continuous movement and falls under the category of locomotion, as it involves physical activity and motion."
35231,584fd34c-9bd5-44fd-8266-9d3161d8c790,3263.78639,#O a man X hits the ball,Unknown,Essential Operation,"The action of hitting the ball is a repetitive and deliberate movement, which is an essential operation in the context of playing a sport."
35232,584fd34c-9bd5-44fd-8266-9d3161d8c790,3265.8036300000003,#C C hits the ball,Unknown,Essential Operation,"The action of hitting a ball is a deliberate and purposeful movement, which falls under the category of Essential Operation as it is a fundamental action in many sports and activities."
35241,584fd34c-9bd5-44fd-8266-9d3161d8c790,3313.3576300000004,#O a man X hits the ball,Unknown,Essential Operation,"The action of hitting the ball is a repetitive and deliberate movement, which is essential for the ongoing activity (e.g., playing a game)."
35266,584fd34c-9bd5-44fd-8266-9d3161d8c790,3398.4727000000003,#C C hits the ball,Unknown,Locomotion,The action of hitting the ball is a continuation of the previous locomotion actions and involves movement of the body to make contact with the ball.
35267,584fd34c-9bd5-44fd-8266-9d3161d8c790,3399.9929600000005,#O a man X hits the ball,Unknown,Locomotion,The action of hitting the ball is a continuous movement and falls under the category of Locomotion.
35317,584fd34c-9bd5-44fd-8266-9d3161d8c790,3735.4330093333338,#C C hits the ball,Unknown,Object Transfer,"The action of hitting the ball is a deliberate placement or interaction with an object, which fits the 'Object Transfer' category."
35319,584fd34c-9bd5-44fd-8266-9d3161d8c790,3754.4607893333337,#O a man X hits the ball,Unknown,Object Transfer,"The action of hitting the ball appears to be a deliberate placement or interaction with an object, which fits the 'Object Transfer' category."
35320,584fd34c-9bd5-44fd-8266-9d3161d8c790,3756.591519333334,#C C hits the ball,Unknown,Essential Operation,"Hitting a ball is an essential operation in many sports, such as baseball or cricket, and is not a form of locomotion, object transfer, search, or stationary action."
35324,584fd34c-9bd5-44fd-8266-9d3161d8c790,3782.600199333334,#O a man X hits the ball,Unknown,Essential Operation,"The action of hitting the ball is a repetitive and deliberate motion, which is more accurately classified as an essential operation rather than locomotion or object transfer."
35327,584fd34c-9bd5-44fd-8266-9d3161d8c790,3790.1747193333335,#C C hits in the ball,Unknown,Essential Operation,"The action 'C hits in the ball' is a repetitive motion that is essential to the ongoing activity, such as playing a game. It does not involve locomotion, object transfer, search, or a stationary action."
35335,584fd34c-9bd5-44fd-8266-9d3161d8c790,3850.181573333334,#O a man X hits the ball,Unknown,Object Transfer,"The action of hitting the ball is a deliberate placement or interaction with an object, which falls under the 'Object Transfer' category."
35536,b0429a48-6f89-4544-8128-a24fd63d3149,1598.6475909546632,#C C drops PS pad,Unknown,Object Transfer,"The action of dropping the PS pad is a deliberate placement onto a surface, which fits the criteria for 'Object Transfer'."
35539,b0429a48-6f89-4544-8128-a24fd63d3149,1626.0787909546632,#C C drops the phone,Unknown,Object Transfer,"The action of dropping the phone is a deliberate placement onto a surface, which fits the criteria for 'Object Transfer'."
35544,b0429a48-6f89-4544-8128-a24fd63d3149,1925.480500954663,#C C drops the ps pad,Unknown,Object Transfer,"The action of dropping the PS pad onto a surface is a deliberate placement, which fits the criteria for 'Object Transfer'."
35547,b0429a48-6f89-4544-8128-a24fd63d3149,2030.4386609546632,#C C drops the phone,Unknown,Object Transfer,"The action of dropping the phone is a deliberate placement onto a surface, which fits the criteria for 'Object Transfer'."
35550,b0429a48-6f89-4544-8128-a24fd63d3149,2135.642790954664,#C C drops PS pad,Unknown,Object Transfer,"The action of dropping the PS pad is a deliberate placement onto a surface, which fits the criteria for 'Object Transfer'."
35681,dca2e9e2-acde-49b7-8b0e-5a150e536769,424.6482352666666,#C C drops the bottle of soap on the dryer machine,Unknown,Object Transfer,"The action of dropping the bottle of soap onto the dryer machine is a deliberate placement, which fits the criteria for 'Object Transfer'."
35692,dca2e9e2-acde-49b7-8b0e-5a150e536769,631.4359452666667,#C C drops the cup,Unknown,Object Transfer,"The action of dropping the cup is a deliberate placement of the object onto a surface, which fits the criteria for 'Object Transfer'."
36487,af16d9ef-f726-49dc-bf2e-73553dd417fd,356.95974,#C C Hits a car seat with a hand,Unknown,Essential Operation,"The current action of hitting a car seat with a hand can be considered part of the cleaning process, as it may be used to dislodge dirt or debris that is not easily removed by the vacuum cleaner alone."
36488,af16d9ef-f726-49dc-bf2e-73553dd417fd,360.73879,#C C Hits a car seat with a hand,Unknown,Essential Operation,"The action of hitting a car seat with a hand seems to be part of the cleaning process, as it follows and precedes actions labeled as 'Essential Operation'."
36494,af16d9ef-f726-49dc-bf2e-73553dd417fd,378.06051,#C C Hits a car seat with a hand,Unknown,Essential Operation,"The action of hitting a car seat with a hand can be considered part of the cleaning process, which is an essential operation."
36513,af16d9ef-f726-49dc-bf2e-73553dd417fd,432.25672,#C C Hits a car seat with a hand,Unknown,Object Transfer,"The action of hitting a car seat with a hand appears to be a deliberate placement or interaction with the object, which fits the criteria for 'Object Transfer'."
36688,af16d9ef-f726-49dc-bf2e-73553dd417fd,1478.6115346666666,#C C Hits the seat with hand,Unknown,Object Transfer,"The action of hitting the seat with the hand can be interpreted as a deliberate placement or interaction with the object (seat), which aligns with the 'Object Transfer' category."
36920,0e417ecf-8900-484b-bfb3-ccafef9a185b,173.74777,#C C puts #unsure down,Unknown,Object Transfer,"The action of putting something down is a deliberate placement, which fits the criteria for 'Object Transfer'."
36945,0e417ecf-8900-484b-bfb3-ccafef9a185b,257.28066,#C C puts #unsure down,Unknown,Object Transfer,"The current action involves C putting an object down, which fits the definition of Object Transfer as a deliberate placement action."
37025,0e417ecf-8900-484b-bfb3-ccafef9a185b,615.8724633333334,#C C swings with chair,Unknown,Stationary,Swinging with a chair is a stationary action as it does not involve movement from one location to another or an essential operation. It is more about a momentary action performed while in a fixed position.
37043,0e417ecf-8900-484b-bfb3-ccafef9a185b,678.6663133333334,#C C swings with chair,Unknown,Stationary,"The action of swinging with a chair does not involve movement from one location to another, nor does it involve transferring an object or searching for something. It is a stationary action where the person is engaged in a repetitive motion with the chair."
37046,0e417ecf-8900-484b-bfb3-ccafef9a185b,685.1545133333334,#C C swings with chair,Unknown,Locomotion,Swinging with a chair is an action that involves movement and is not a stationary action. It can be classified under Locomotion as it involves physical movement.
37133,0e417ecf-8900-484b-bfb3-ccafef9a185b,1032.6545033333332,#C C swings with chair,Unknown,Object Transfer,"Swinging with a chair can be interpreted as a deliberate placement or interaction with the chair, which fits the 'Object Transfer' category."
37368,01111831-9107-43c4-bf0e-6b26e9b32a2b,108.5839886,#C C drops the shoes,Unknown,Object Transfer,"The action of dropping the shoes is a deliberate placement of the object onto a surface, which fits the criteria for 'Object Transfer'."
37370,01111831-9107-43c4-bf0e-6b26e9b32a2b,114.3176386,#C C drops the shoes,Unknown,Object Transfer,"The action of dropping the shoes is a deliberate placement, which fits the criteria for 'Object Transfer'."
37387,01111831-9107-43c4-bf0e-6b26e9b32a2b,228.8242186,#C C drops the phone,Unknown,Object Transfer,"The action of dropping the phone is a deliberate placement of the object onto a surface, which fits the criteria for 'Object Transfer'."
37406,01111831-9107-43c4-bf0e-6b26e9b32a2b,493.4436786,#C C drops the phone,Unknown,Object Transfer,"The action of dropping the phone is a deliberate placement of the object onto a surface, which fits the criteria for 'Object Transfer'."
37418,01111831-9107-43c4-bf0e-6b26e9b32a2b,903.1699786,#C C drops #unsure,Unknown,Object Transfer,"The action of dropping an object onto a surface is considered a deliberate placement, which fits the criteria for 'Object Transfer'."
37431,01111831-9107-43c4-bf0e-6b26e9b32a2b,1047.5228186,#C C drops water bottle,Unknown,Object Transfer,"The action of dropping the water bottle is a deliberate placement of the object onto a surface, which fits the criteria for 'Object Transfer'."
37576,01111831-9107-43c4-bf0e-6b26e9b32a2b,2417.255640954664,#C C fixes camera,Unknown,Essential Operation,"The current action of fixing a camera is a deliberate and purposeful action, similar to the previous actions of shaking and spreading a duvet cover. These actions are all part of completing a task, which falls under the category of Essential Operation."
37712,01111831-9107-43c4-bf0e-6b26e9b32a2b,3975.1860686,#C C fixes camera,Unknown,Essential Operation,"Fixing the camera is a deliberate action aimed at adjusting or setting up the camera, which falls under the category of performing a necessary task or operation."
37898,6caf467a-a949-4b5c-b88b-b2ac6cbd9f36,1090.8042709546637,#C C throws the water sprayer on the ground,Unknown,Object Transfer,"The action of throwing the water sprayer onto the ground can be considered a deliberate placement, as it involves dropping an object onto a surface."
38055,6caf467a-a949-4b5c-b88b-b2ac6cbd9f36,1883.845610954663,#C C steps on the vacuum cleaner,Unknown,Locomotion,"The action of stepping on the vacuum cleaner is a movement that indicates C is changing position, which falls under the category of Locomotion."
38210,d833ef72-c801-417e-b90c-ef8d8401029f,342.63883,#C C hits circuit breaker box with #unsure,Unknown,Essential Operation,"Hitting a circuit breaker box is likely an intentional action to reset or check the circuit breaker, which falls under performing an essential operation."
38216,d833ef72-c801-417e-b90c-ef8d8401029f,386.48244,#C C hits circuit breaker box with #unsure,Unknown,Essential Operation,"The action of hitting the circuit breaker box with an unsure object seems to be a deliberate attempt to perform a necessary task, likely to reset or check the circuit breaker."
38794,3fb410d6-e5aa-49d3-b184-75ec9651550f,3283.4720966666664,#O a woman N misses to hit the golf ball,Unknown,Object Transfer,"The action involves attempting to hit a golf ball, which is a step in the process of transferring or moving the golf ball. Since the woman is trying to hit the ball, it indicates an intention to move or transfer the ball, even though the attempt is unsuccessful."
38863,3fb410d6-e5aa-49d3-b184-75ec9651550f,3928.2495066666665,#O a woman U misses to hit a golf,Unknown,Essential Operation,"The action describes a woman missing a golf shot, which is an essential operation in the context of playing golf."
39131,4f71337b-ddf2-4458-8eff-078521dc169b,3355.574800954664,#C C drops the mobile phone.,Unknown,Object Transfer,"The action of dropping the mobile phone is a deliberate placement of the object onto a surface, which fits the criteria for 'Object Transfer'."
39845,a4b90abd-8763-49e4-9a15-1276079545e3,2255.4512509546635,#C C dumps #unsure,Unknown,Object Transfer,"The action of 'dumping' something onto a surface is considered a deliberate placement, which falls under the category of 'Object Transfer'."
39982,a4b90abd-8763-49e4-9a15-1276079545e3,2687.2320309546635,#C C drops the sponge,Unknown,Object Transfer,"The action of dropping the sponge onto a surface is a deliberate placement, which fits the criteria for 'Object Transfer'."
40306,7c420d19-88b4-4092-bef1-a9bb99bbe308,297.1521,#C C drops a trolley,Unknown,Object Transfer,"The action of dropping a trolley is a deliberate placement of the object onto a surface, which fits the criteria for 'Object Transfer'."
40427,7c420d19-88b4-4092-bef1-a9bb99bbe308,974.48537,#C C drops a mortar,Unknown,Object Transfer,"The action of dropping a mortar is a deliberate placement onto a surface, which fits the criteria for 'Object Transfer'."
40431,7c420d19-88b4-4092-bef1-a9bb99bbe308,979.7217,#C C drops a mortar,Unknown,Object Transfer,"The action of dropping a mortar is a deliberate placement onto a surface, which fits the criteria for 'Object Transfer'."
40435,7c420d19-88b4-4092-bef1-a9bb99bbe308,986.7458,#C C drops a mortar,Unknown,Object Transfer,"The action of dropping a mortar is a deliberate placement onto a surface, which fits the criteria for 'Object Transfer'."
40437,7c420d19-88b4-4092-bef1-a9bb99bbe308,988.98642,#C C drops a mortar,Unknown,Object Transfer,"The action of dropping the mortar is a deliberate placement onto a surface, which fits the criteria for 'Object Transfer'."
40467,7c420d19-88b4-4092-bef1-a9bb99bbe308,1077.34931,#C C drops a mortar on the paper,Unknown,Object Transfer,"The action of dropping the mortar onto the paper is a deliberate placement, which fits the criteria for 'Object Transfer'."
40559,7c420d19-88b4-4092-bef1-a9bb99bbe308,1602.09652,#C C drops a dish on a weighing machine,Unknown,Object Transfer,"The action involves deliberately placing the dish onto the weighing machine, which fits the criteria for an Object Transfer."
40578,7c420d19-88b4-4092-bef1-a9bb99bbe308,1693.86757,#C C drops #unsure in the water,Unknown,Object Transfer,"The action of dropping an object into the water is a deliberate placement, which fits the criteria for 'Object Transfer'."
40641,7c420d19-88b4-4092-bef1-a9bb99bbe308,1986.20514,#C C torches the room,Unknown,Stationary,
40655,7c420d19-88b4-4092-bef1-a9bb99bbe308,2062.32256,#C C drops #unsure on the trolley,Unknown,Object Transfer,"The action of dropping an object onto a surface is considered a deliberate placement, which falls under the 'Object Transfer' category."
40972,7c420d19-88b4-4092-bef1-a9bb99bbe308,3164.675,#C C hits the centrifuge top with his hands,Unknown,Essential Operation,The action of hitting the centrifuge top with his hands likely indicates an essential operation such as ensuring the lid is properly closed or making sure the centrifuge is set correctly before starting the operation.
41222,c0ca834d-5e1b-4150-97b0-7a8170f0094c,24.82584,#C C drops the blue plate,Unknown,Essential Operation,"The action of dropping the blue plate is part of the process of cleaning and disposing of water, which are essential operations."
41228,c0ca834d-5e1b-4150-97b0-7a8170f0094c,29.70289,#C C drops the yellow plate on the blue plate,Unknown,Object Transfer,"The action of dropping the yellow plate onto the blue plate is a deliberate placement, which fits the criteria for 'Object Transfer'."
41244,c0ca834d-5e1b-4150-97b0-7a8170f0094c,56.01753,#C C drops the plate on the blue plate,Unknown,Object Transfer,"The action of dropping the plate onto the blue plate is a deliberate placement, which fits the criteria for 'Object Transfer'."
41251,c0ca834d-5e1b-4150-97b0-7a8170f0094c,66.76807,#C C drops the green plate on the yellow plate,Unknown,Object Transfer,"The action of dropping the green plate onto the yellow plate is a deliberate placement, which fits the criteria for 'Object Transfer'."
41501,0d270946-95c5-4e71-ae49-b9e802548147,839.8841219333334,#C C drops the plate,Unknown,Object Transfer,"The action of dropping the plate is a deliberate placement of the object onto a surface, which fits the criteria for 'Object Transfer'."
41505,0d270946-95c5-4e71-ae49-b9e802548147,842.4070619333335,#C C drops the cooking oil,Unknown,Object Transfer,"The action involves C dropping the cooking oil, which is a deliberate placement of an object onto a surface, fitting the criteria for 'Object Transfer'."
41527,0d270946-95c5-4e71-ae49-b9e802548147,884.5609219333334,#C C drops the baking powder packet,Unknown,Object Transfer,"The action of dropping the baking powder packet is a deliberate placement of the object onto a surface, which fits the criteria for 'Object Transfer'."
41538,0d270946-95c5-4e71-ae49-b9e802548147,907.7756319333334,#C C drops the fork,Unknown,Object Transfer,"The action of dropping the fork is a deliberate placement of the object onto a surface, which fits the criteria for 'Object Transfer'."
41567,0d270946-95c5-4e71-ae49-b9e802548147,955.1054319333334,#C C drops the spoon,Unknown,Object Transfer,"The action of dropping the spoon is a deliberate placement onto a surface, which fits the criteria for 'Object Transfer'."
41585,0d270946-95c5-4e71-ae49-b9e802548147,984.1782019333334,#C C drops the dough,Unknown,Object Transfer,"The action of dropping the dough is a deliberate placement of the object onto a surface, which fits the criteria for 'Object Transfer'."
41609,0d270946-95c5-4e71-ae49-b9e802548147,1018.6483719333334,#C C drops the frying spoon,Unknown,Object Transfer,"The action involves deliberately placing the frying spoon onto a surface, which fits the criteria for Object Transfer."
41622,0d270946-95c5-4e71-ae49-b9e802548147,1059.3110219333334,#C C drops the frying spoon,Unknown,Object Transfer,"The current action involves C dropping the frying spoon, which is a deliberate placement of an object onto a surface, similar to the previous action where the fork was placed down."
41630,0d270946-95c5-4e71-ae49-b9e802548147,1069.1942419333334,#C C drops the spoon,Unknown,Object Transfer,"The action of dropping the spoon is a deliberate placement onto a surface, which fits the criteria for 'Object Transfer'."
41633,0d270946-95c5-4e71-ae49-b9e802548147,1073.0507619333332,#C C drops the cup,Unknown,Object Transfer,"The action of dropping the cup is a deliberate placement onto a surface, which fits the criteria for 'Object Transfer'."
42061,652f0590-aab5-4de1-b578-238adb54fa0e,0.83225,#C C touches #unsure,Unknown,Essential Operation,"The action describes a person touching an object or surface, which is a basic interaction and can be categorized as an essential operation."
42067,652f0590-aab5-4de1-b578-238adb54fa0e,23.14996,#C C lets go of #unsure,Unknown,Object Transfer,The action of letting go of an object indicates a deliberate placement or transfer of the object onto a surface or into a new state.
42080,652f0590-aab5-4de1-b578-238adb54fa0e,42.77937,#C C touches #unsure,Unknown,Object Transfer,"The action of touching an object (in this case, #unsure) can be interpreted as a form of interaction where the object is being manipulated or engaged with, similar to holding and letting go of the car seat."
42723,652f0590-aab5-4de1-b578-238adb54fa0e,4457.092346666667,#C C plays the ball,Unknown,Essential Operation,"The current action involves playing the ball, which is a deliberate and purposeful action related to the game, thus classified under Essential Operation."
42809,0377792b-7b1e-4d67-86fd-f50c9257ea85,246.5049796,#C C drops the wire cutter on the shelve.,Unknown,Object Transfer,"The action of dropping the wire cutter onto the shelf is a deliberate placement, which fits the criteria for 'Object Transfer'."
42816,0377792b-7b1e-4d67-86fd-f50c9257ea85,8.946099599999998,#C C drops the network cable connectors on the shelve.,Unknown,Object Transfer,"The action of dropping the network cable connectors onto the shelf is a deliberate placement, which fits the criteria for 'Object Transfer'."
42821,0377792b-7b1e-4d67-86fd-f50c9257ea85,366.7807409546634,#C C drops the plier on the shelve.,Unknown,Object Transfer,"The action of dropping the plier onto the shelve is a deliberate placement, which fits the criteria for 'Object Transfer'."
42828,0377792b-7b1e-4d67-86fd-f50c9257ea85,415.65730095466336,#C C drops the plier on the shelve.,Unknown,Object Transfer,"The action of dropping the plier onto the shelve is a deliberate placement, which fits the criteria for 'Object Transfer'."
42832,0377792b-7b1e-4d67-86fd-f50c9257ea85,422.0336409546634,#C C drops the plier on the shelve.,Unknown,Object Transfer,"The action of dropping the plier onto the shelve is a deliberate placement, which fits the criteria for 'Object Transfer'."
42837,0377792b-7b1e-4d67-86fd-f50c9257ea85,515.9916309546634,#C C drops the plier on the shelve.,Unknown,Object Transfer,"The action of dropping the plier onto the shelve is a deliberate placement, which fits the criteria for 'Object Transfer'."
42841,0377792b-7b1e-4d67-86fd-f50c9257ea85,535.2361256213301,#C C drops the network cable connector on the shelve.,Unknown,Object Transfer,"The action of dropping the network cable connector onto the shelf is a deliberate placement, which fits the criteria for 'Object Transfer'."
42845,0377792b-7b1e-4d67-86fd-f50c9257ea85,541.6831656213301,#C C drops the plier on the shelve.,Unknown,Object Transfer,"The action of dropping the plier onto the shelve is a deliberate placement, which fits the criteria for 'Object Transfer'."
42929,0377792b-7b1e-4d67-86fd-f50c9257ea85,1024.3845252666667,C C drops the crimping tool on the work table.,Unknown,Object Transfer,"The action of dropping the crimping tool onto the work table is a deliberate placement, which fits the criteria for 'Object Transfer'."
42944,0377792b-7b1e-4d67-86fd-f50c9257ea85,968.0994052666668,#C C drops the network cable.,Unknown,Object Transfer,"The action involves deliberately placing the network cable on a surface, which fits the definition of 'Object Transfer'."
43136,ca904341-e8f2-4d13-953f-fd7c8e276973,881.29385,#C C shakes the wire cutter in his right hand.,Unknown,Stationary,"Shaking an object in one's hand is often a stationary action, such as examining or holding an object without moving from one place to another."
43276,b1b01372-64c3-4a6a-93fc-a86409f518ab,136.82669526666666,#O male B does # #unsure,Unknown,Object Transfer,"The current action appears to involve a male placing or setting down an object, which aligns with the 'Object Transfer' category."
43339,b1b01372-64c3-4a6a-93fc-a86409f518ab,270.42448526666664,#C C hits disposable on the sink,Unknown,Object Transfer,"The action of hitting the disposable on the sink appears to be a deliberate placement or interaction with the object, similar to the previous action of placing the disposable on the counter top."
43417,b1b01372-64c3-4a6a-93fc-a86409f518ab,533.5584052666667,#C C drops the fork,Unknown,Object Transfer,"The action of dropping the fork is a deliberate placement of the object onto a surface, which fits the criteria for 'Object Transfer'."
43707,b1b01372-64c3-4a6a-93fc-a86409f518ab,1173.8595052666667,#C C drops the peel in the strainer,Unknown,Object Transfer,"The action involves deliberately placing the peel into the strainer, which fits the definition of an Object Transfer."
43755,b1b01372-64c3-4a6a-93fc-a86409f518ab,1263.9008052666666,#C C drops the peel onto the container lid,Unknown,Object Transfer,"The action involves deliberately placing the peel onto the container lid, which fits the definition of an Object Transfer."
43844,b1b01372-64c3-4a6a-93fc-a86409f518ab,1386.1714352666663,#C C drops the grain on the dish with her right hand,Unknown,Object Transfer,"The action involves C dropping the grain on the dish, which is a deliberate placement of an object onto a surface."
44018,b1b01372-64c3-4a6a-93fc-a86409f518ab,1593.7756252666666,#C C drops the grains on the dish with her right hand,Unknown,Object Transfer,"The action involves deliberately placing the grains onto the dish, which fits the definition of Object Transfer as a deliberate placement onto a surface."
44341,b1b01372-64c3-4a6a-93fc-a86409f518ab,2162.6170519333336,#C C throws the grain on the sink hole,Unknown,Object Transfer,"The action involves C throwing a grain onto the sink hole, which is a deliberate placement of an object onto a surface."
44667,b1b01372-64c3-4a6a-93fc-a86409f518ab,3273.1570719333336,#C C does #unsure with the left hand,Unknown,Stationary,"The current action describes a person doing something unspecified with their left hand, which is likely a stationary action such as holding an object or simply resting the hand."
44671,b1b01372-64c3-4a6a-93fc-a86409f518ab,3282.0727519333336,#O A Man H does #unsure with the right hand,Unknown,Object Transfer,"The action of placing the hand on the table (t-2) and the previous stationary actions suggest that the current action is a deliberate placement of the right hand onto a surface, which fits the 'Object Transfer' category."
44693,b1b01372-64c3-4a6a-93fc-a86409f518ab,3318.6908319333334,#C C does #unsure with the right hand,Unknown,Essential Operation,"The current action describes an interaction with the right hand, which is likely an essential operation such as eating or handling food, similar to the previous actions."
44720,b1b01372-64c3-4a6a-93fc-a86409f518ab,3370.0881419333336,#O A Man H does #unsure with the right hand,Unknown,Stationary,"The current action does not indicate any movement or change in the environment, suggesting the man is simply holding the cup without performing any specific action that would classify it as Locomotion, Essential Operation, Object Transfer, or Search."
44770,b1b01372-64c3-4a6a-93fc-a86409f518ab,3461.9338019333336,#O A Man H intearcts with C,Unknown,Essential Operation,"The current action describes the man interacting with the tortilla (C), which likely involves handling or manipulating the object, making it an essential operation."
44810,b1b01372-64c3-4a6a-93fc-a86409f518ab,3551.7007319333334,#C C drops #unsure,Unknown,Object Transfer,"The action of dropping an object is a deliberate placement onto a surface, which fits the criteria for 'Object Transfer'."
44814,b1b01372-64c3-4a6a-93fc-a86409f518ab,3558.8094319333336,#C C drops spoon,Unknown,Object Transfer,"The action of dropping the spoon is a deliberate placement onto a surface, which fits the criteria for 'Object Transfer'."
44816,b1b01372-64c3-4a6a-93fc-a86409f518ab,3560.5469019333336,#C C drops plate,Unknown,Object Transfer,"The action of dropping the plate is a deliberate placement onto a surface, which fits the criteria for 'Object Transfer'."
44828,b1b01372-64c3-4a6a-93fc-a86409f518ab,3589.085881933333,#C C drops cup,Unknown,Object Transfer,"The action of dropping the cup is a deliberate placement of the object onto a surface, which fits the criteria for 'Object Transfer'."
44833,b1b01372-64c3-4a6a-93fc-a86409f518ab,3610.5916219333335,#C C drops charger,Unknown,Object Transfer,"The action of dropping the charger is a deliberate placement onto a surface, which fits the criteria for 'Object Transfer'."
44847,b1b01372-64c3-4a6a-93fc-a86409f518ab,3730.1012186,#C C drops phone,Unknown,Object Transfer,"The action of dropping the phone is a deliberate placement of the object onto a surface, which fits the criteria for 'Object Transfer'."
44924,3dedfa92-4e30-47ed-9611-aa4f79a32a13,39.92808,#C C drops the bolt on the blue color scooter with his gloved left hand.,Unknown,Object Transfer,"The action of dropping the bolt onto the scooter is a deliberate placement, which fits the criteria for 'Object Transfer'."
44930,3dedfa92-4e30-47ed-9611-aa4f79a32a13,52.10975,#C C drops the bolt on the blue color scooter with his gloved left hand.,Unknown,Object Transfer,"The action of dropping the bolt onto the scooter is a deliberate placement, which fits the criteria for 'Object Transfer'."
44940,3dedfa92-4e30-47ed-9611-aa4f79a32a13,66.88493,#C C drops the cover on the scooter with his gloved left hand.,Unknown,Object Transfer,"The action of dropping the cover onto the scooter is a deliberate placement, which fits the criteria for 'Object Transfer'."
44947,3dedfa92-4e30-47ed-9611-aa4f79a32a13,76.66028,#C C drops the bottle on the workshop table with his gloved left hand.,Unknown,Object Transfer,"The action of dropping the bottle onto the workshop table is a deliberate placement, which fits the criteria for 'Object Transfer'."
45064,3dedfa92-4e30-47ed-9611-aa4f79a32a13,580.1404466666667,#C C drops the screw driver in his gloved right hand on the workshop table.,Unknown,Object Transfer,"The action of dropping the screwdriver onto the workshop table is a deliberate placement, which fits the criteria for 'Object Transfer'."
45066,3dedfa92-4e30-47ed-9611-aa4f79a32a13,579.5141166666667,#C C drops the bolt on the workshop table with his gloved right hand.,Unknown,Object Transfer,"The action of dropping the bolt onto the workshop table is a deliberate placement, which fits the criteria for 'Object Transfer'."
45092,3dedfa92-4e30-47ed-9611-aa4f79a32a13,668.6525966666667,#C C drops the bolt in his gloved right hand on the workshop table.,Unknown,Object Transfer,"The action of dropping the bolt onto the workshop table is a deliberate placement, which fits the criteria for 'Object Transfer'."
45110,3dedfa92-4e30-47ed-9611-aa4f79a32a13,736.3966666666666,#C C drops the screw driver in his gloved right hand on the workshop table.,Unknown,Object Transfer,"The action of dropping the screwdriver onto the workshop table is a deliberate placement, which fits the criteria for 'Object Transfer'."
46463,4469a684-b4f9-4b50-a26f-2943f477a420,4220.876456666667,#O Man F hits the edge of the chair with his hands,Unknown,Object Transfer,"The action of hitting the edge of the chair with his hands can be interpreted as a deliberate placement or interaction with the environment, which falls under the 'Object Transfer' category."
46803,181cfd16-4777-43a3-a0b2-136b4a1cc348,92.71731,#O a man U follows W,Unknown,Locomotion,"The current action describes a man following another person, which is a form of movement or travel. Therefore, it fits best under the 'Locomotion' category."
47278,c6da6ceb-5f40-436b-8c83-76458f46b3fb,0.56026,#C C drops his hand from the camera on his head #unsure,Unknown,Stationary,"The action describes C dropping his hand from the camera on his head, which is a stationary action as it does not involve movement or interaction with the environment."
47534,f9ce56a3-3e9b-4edd-b133-c05eed792ec0,315.0801209546634,#C C drops an eggshell,Unknown,Object Transfer,"The action of dropping an eggshell can be considered a form of deliberate placement, similar to putting the eggshells on the plate in previous actions."
47596,f9ce56a3-3e9b-4edd-b133-c05eed792ec0,427.31624197916665,#c c drops a tin,Unknown,Object Transfer,"The action of dropping a tin is a deliberate placement onto a surface, which fits the criteria for Object Transfer."
47607,f9ce56a3-3e9b-4edd-b133-c05eed792ec0,477.83497197916665,#c c drops flour,Unknown,Object Transfer,"The action of dropping flour is a deliberate placement of the flour onto a surface, which fits the criteria for 'Object Transfer'."
47612,f9ce56a3-3e9b-4edd-b133-c05eed792ec0,508.9583119791667,#c c drops a spoon,Unknown,Object Transfer,"The action of dropping a spoon is a deliberate placement of the object onto a surface, which fits the criteria for 'Object Transfer'."
47614,f9ce56a3-3e9b-4edd-b133-c05eed792ec0,519.4256519791667,#c c drops scissors,Unknown,Object Transfer,"The action of dropping the scissors is a deliberate placement onto a surface, which fits the criteria for 'Object Transfer'."
47753,f9ce56a3-3e9b-4edd-b133-c05eed792ec0,935.9462542879968,#C C entangles the mixer cable,Unknown,Object Transfer,"The action of entangling the mixer cable appears to be a deliberate placement or manipulation of the object, which fits the 'Object Transfer' category."
47763,f9ce56a3-3e9b-4edd-b133-c05eed792ec0,993.7268619791666,#C C drops a scoop,Unknown,Object Transfer,"The action of dropping a scoop is a deliberate placement of the scoop onto a surface, which fits the criteria for 'Object Transfer'."
47767,f9ce56a3-3e9b-4edd-b133-c05eed792ec0,1033.8787419791663,#C C drops a scoop,Unknown,Object Transfer,"The action of dropping a scoop is a deliberate placement of the scoop onto a surface, which fits the criteria for 'Object Transfer'."
47782,f9ce56a3-3e9b-4edd-b133-c05eed792ec0,1248.0729119791667,#C C drops a dish,Unknown,Object Transfer,"The action of dropping a dish is a deliberate placement of the object onto a surface, which fits the criteria for 'Object Transfer'."
47791,f9ce56a3-3e9b-4edd-b133-c05eed792ec0,1284.0375319791667,#C C drops a bowl,Unknown,Object Transfer,"The action of dropping a bowl is a deliberate placement onto a surface, which fits the criteria for 'Object Transfer'."
47975,f9ce56a3-3e9b-4edd-b133-c05eed792ec0,2169.334321979167,#C C drops the spatula,Unknown,Object Transfer,"The action of dropping the spatula is a deliberate placement of the object onto a surface, which fits the criteria for 'Object Transfer'."
48553,6b6d73b9-e92c-4698-86df-bbe687a9e95e,1154.7911591631512,#O man x touches the #unsure,Unknown,Essential Operation,"The action of touching an object is typically considered an essential operation, such as feeling or examining the object."
49939,34240230-b681-4f0e-b3d8-b486aeb1104d,110.5710896,#C C drops the pot on the hot plate,Unknown,Object Transfer,"The action of dropping the pot onto the hot plate is a deliberate placement, which fits the criteria for 'Object Transfer'."
49970,34240230-b681-4f0e-b3d8-b486aeb1104d,282.7996896,#C C drops the pot on the furniture table,Unknown,Object Transfer,"The action of dropping the pot onto the furniture table is a deliberate placement of the object, which fits the criteria for 'Object Transfer'."
49996,34240230-b681-4f0e-b3d8-b486aeb1104d,337.0637509546634,#C C drops the pot in his left hand on the furniture table,Unknown,Object Transfer,"The action of dropping the pot on the furniture table is a deliberate placement of the object onto a surface, which fits the criteria for 'Object Transfer'."
50548,3f0aa3e8-6c8c-4eab-ad6e-00d3876768d8,1688.1336042803384,#C C tangles mop in the bucket,Unknown,Essential Operation,"The action involves manipulating the mop in the bucket, which is part of the cleaning process."
50549,3f0aa3e8-6c8c-4eab-ad6e-00d3876768d8,1693.8321342803386,#C C tangles mop in the bucket,Unknown,Essential Operation,"The action of tangling the mop in the bucket is part of the process of cleaning and maintaining the mop, which falls under the category of Essential Operation."
50565,3f0aa3e8-6c8c-4eab-ad6e-00d3876768d8,1772.3625942803385,#C C tangles mop in the bucket,Unknown,Essential Operation,The action of tangling the mop in the bucket is an essential operation as it is part of the cleaning process.
50566,3f0aa3e8-6c8c-4eab-ad6e-00d3876768d8,1775.9926642803384,#C C tangles mop in the bucket,Unknown,Essential Operation,The action of tangling the mop in the bucket is an essential operation related to cleaning and maintaining household items.
50639,3f0aa3e8-6c8c-4eab-ad6e-00d3876768d8,2196.724168365625,#C C drops the vase,Unknown,Object Transfer,"The action of dropping the vase is a deliberate placement of the object onto a surface, which fits the criteria for 'Object Transfer'."
50641,3f0aa3e8-6c8c-4eab-ad6e-00d3876768d8,2203.208028365625,#C C drops the vase,Unknown,Object Transfer,"The action of dropping the vase is a deliberate placement onto a surface, which fits the criteria for 'Object Transfer'."
50647,3f0aa3e8-6c8c-4eab-ad6e-00d3876768d8,2229.768428365625,#C C drops the bottle,Unknown,Object Transfer,"The action of dropping the bottle is a deliberate placement onto a surface, which fits the criteria for 'Object Transfer'."
50648,3f0aa3e8-6c8c-4eab-ad6e-00d3876768d8,2239.254798365625,#C C drops the deco,Unknown,Object Transfer,"The action of dropping the deco is a deliberate placement onto a surface, which fits the criteria for 'Object Transfer'."
50649,3f0aa3e8-6c8c-4eab-ad6e-00d3876768d8,2243.692718365625,#C C drops the bottle,Unknown,Object Transfer,"The action of dropping the bottle is a deliberate placement onto a surface, which fits the criteria for 'Object Transfer'."
50654,3f0aa3e8-6c8c-4eab-ad6e-00d3876768d8,2271.058388365625,#C C drops the plate,Unknown,Object Transfer,"The action of dropping the plate is a deliberate placement of the object onto a surface, which fits the criteria for 'Object Transfer'."
50656,3f0aa3e8-6c8c-4eab-ad6e-00d3876768d8,2275.432118365625,#C C drops the fruit bowl,Unknown,Object Transfer,"The action of dropping the fruit bowl is a deliberate placement onto a surface, which fits the criteria for 'Object Transfer'."
50659,3f0aa3e8-6c8c-4eab-ad6e-00d3876768d8,2283.993038365625,#C C drops the fruits,Unknown,Object Transfer,"The action of dropping the fruits is a deliberate placement onto a surface, which fits the criteria for 'Object Transfer'."
50669,3f0aa3e8-6c8c-4eab-ad6e-00d3876768d8,2344.722248365625,#C C drops the fruits,Unknown,Object Transfer,"The action of dropping the fruits onto a surface is a deliberate placement, which fits the criteria for 'Object Transfer'."
50903,d845326e-9e4d-414b-9933-a5d2fde59df2,146.5155796,#C C drops the sharpening stone on the frame,Unknown,Object Transfer,"The action of dropping the sharpening stone onto the frame indicates a deliberate placement, which fits the criteria for 'Object Transfer'."
51033,d845326e-9e4d-414b-9933-a5d2fde59df2,632.0459809546634,#C C drops the green pencil on the board,Unknown,Object Transfer,"The action involves deliberately placing an object (the green pencil) onto a surface (the board), which fits the definition of 'Object Transfer'."
51594,1635447d-f96f-4f1b-8e02-faaebcd8a6d2,931.4686542879969,#O man X drops the Yorkshire pudding,Unknown,Object Transfer,"The action of dropping the Yorkshire pudding onto a surface is a deliberate placement, which fits the criteria for 'Object Transfer'."
51850,1635447d-f96f-4f1b-8e02-faaebcd8a6d2,1463.48927762133,#O child A slaps man X,Unknown,Essential Operation,"The action of slapping is considered an essential operation as it involves a physical interaction that is not related to locomotion, object transfer, search, or stationary behavior."
51920,1635447d-f96f-4f1b-8e02-faaebcd8a6d2,1606.705358954663,#C C throws the cloth on the floor,Unknown,Object Transfer,"The action of throwing the cloth on the floor is a deliberate placement of the object onto a surface, which fits the definition of 'Object Transfer'."
51922,1635447d-f96f-4f1b-8e02-faaebcd8a6d2,1609.2401789546634,#C C throws the cloth on the floor,Unknown,Object Transfer,"The action of throwing the cloth on the floor is a deliberate placement of the object onto a surface, which fits the definition of 'Object Transfer'."
52220,b818d104-1dcd-4b1f-ae38-2166f0347514,1072.429927047885,#C C drops his hand from the phone.,Unknown,Object Transfer,"The action of dropping the hand from the phone indicates a deliberate placement of the hand onto the phone, which fits the criteria for an Object Transfer action."
52297,b818d104-1dcd-4b1f-ae38-2166f0347514,2042.2963472802871,#C C drops the reed instrument.,Unknown,Object Transfer,"The action of dropping the reed instrument is a deliberate placement onto a surface, which fits the criteria for 'Object Transfer'."
52326,b818d104-1dcd-4b1f-ae38-2166f0347514,2442.8530671449216,#C C drops the reed instrument.,Unknown,Object Transfer,"The action of dropping the reed instrument is a deliberate placement onto a surface, which fits the criteria for 'Object Transfer'."
52328,b818d104-1dcd-4b1f-ae38-2166f0347514,2477.024607144922,#C C drops the reed instrument.,Unknown,Object Transfer,"The action of dropping the reed instrument is a deliberate placement of the object onto a surface, which fits the criteria for 'Object Transfer'."
52337,b818d104-1dcd-4b1f-ae38-2166f0347514,2595.442787144922,#C C drops his hand from the phone.,Unknown,Object Transfer,"The action of dropping his hand from the phone indicates a deliberate placement of his hand, which fits the criteria for 'Object Transfer'."
53007,025c24db-1ab3-462e-888a-3598fd777ee2,1985.1854086,#O a boy E scraps his face,Unknown,Essential Operation,The action of scraping his face is an essential operation that involves a personal care activity.
53013,025c24db-1ab3-462e-888a-3598fd777ee2,2001.4997986,#O a boy E scraps his face,Unknown,Essential Operation,The action of a boy scrapping his face is an essential operation as it involves a necessary personal care activity.
53022,025c24db-1ab3-462e-888a-3598fd777ee2,2026.6212786,#O a boy E flips the scrabble tile rank,Unknown,Locomotion,"The current action involves the manipulation of the scrabble tile rank, which is a form of movement or adjustment rather than a transfer of an object to a surface. It can be considered as a locomotion or adjustment action."
53309,49fef38f-ae86-498e-b63e-a89d97e809b5,261.16485,#C C Picks the #unsure,Unknown,Object Transfer,"The current action involves picking up an object, which aligns with the 'Object Transfer' category as it suggests a deliberate placement or movement of an object."
53375,49fef38f-ae86-498e-b63e-a89d97e809b5,589.0031133333333,#O Man X picks the #unsure,Unknown,Object Transfer,"The current action involves Man X picking up an object, which is a continuation of the previous action where he was holding the same object. This sequence suggests a deliberate movement involving the transfer or handling of an object."
54221,254e8485-eb84-461a-aed5-a71716588fad,1127.1815919333333,#C C breaks the egg at the of gas cylinder,Unknown,Essential Operation,Breaking an egg is considered an essential operation in the context of cooking or food preparation.
54382,254e8485-eb84-461a-aed5-a71716588fad,1598.8314619333332,#C C drops the sauce on the hand,Unknown,Essential Operation,"The action of dropping the sauce on the hand is an essential operation, as it involves an unintended consequence of handling the sauce, rather than a deliberate placement or movement."
54463,254e8485-eb84-461a-aed5-a71716588fad,1811.4202519333328,#C C drops container #Unsure,Unknown,Object Transfer,"The action of dropping a container onto a surface is a deliberate placement, which fits the criteria for 'Object Transfer'."
54754,64937c98-8ea8-4020-abcb-2415f13faa0f,167.93521859999998,#C C moves #unsure on the playing mat,Unknown,Object Transfer,"The action of moving an object onto the playing mat is a deliberate placement, which fits the 'Object Transfer' category."
54768,64937c98-8ea8-4020-abcb-2415f13faa0f,202.7982986,#C C drops a dice on the playing mat,Unknown,Object Transfer,"The action of dropping a dice onto the playing mat is a deliberate placement, which fits the criteria for 'Object Transfer'."
54769,64937c98-8ea8-4020-abcb-2415f13faa0f,204.6382386,#C C moves #unsure on the playing mat,Unknown,Object Transfer,"The action of moving an object (the dice) onto the playing mat indicates a deliberate placement, which fits the 'Object Transfer' category."
54774,64937c98-8ea8-4020-abcb-2415f13faa0f,210.4142986,#C C drops a dice on the playing mat,Unknown,Object Transfer,"The action of dropping a dice onto the playing mat is a deliberate placement, which fits the criteria for 'Object Transfer'."
54775,64937c98-8ea8-4020-abcb-2415f13faa0f,212.3498886,#C C moves #unsure on the playing mat,Unknown,Object Transfer,"The action of moving an object (the dice) onto the playing mat indicates a deliberate placement, which fits the 'Object Transfer' category."
54795,64937c98-8ea8-4020-abcb-2415f13faa0f,278.89219860000003,#O Y moves #unsure on the playing mat,Unknown,Locomotion,"The current action describes Y moving on the playing mat, which indicates a change in position or movement, fitting the 'Locomotion' category."
54812,64937c98-8ea8-4020-abcb-2415f13faa0f,317.4328392852933,#C C drops the dice,Unknown,Object Transfer,"The action of dropping the dice is a deliberate placement of the object onto a surface, which fits the criteria for 'Object Transfer'."
54822,64937c98-8ea8-4020-abcb-2415f13faa0f,330.8217992852933,#C C drops the dice,Unknown,Object Transfer,"The action of dropping the dice is a deliberate placement of the object onto a surface, which fits the criteria for 'Object Transfer'."
54833,64937c98-8ea8-4020-abcb-2415f13faa0f,372.8392692852933,#C C drops #unsure,Unknown,Object Transfer,"The current action involves C dropping an item onto a surface, which is a deliberate placement action. This fits the definition of 'Object Transfer' as it involves the intentional placement of an object."
54844,64937c98-8ea8-4020-abcb-2415f13faa0f,402.52421928529327,#O O drops the dice,Unknown,Object Transfer,"The action of dropping the dice is a deliberate placement of the object onto a surface, which fits the criteria for 'Object Transfer'."
54852,64937c98-8ea8-4020-abcb-2415f13faa0f,424.8064392852933,#C C drops the dice,Unknown,Object Transfer,"The action of dropping the dice is a deliberate placement of the object onto a surface, which fits the criteria for 'Object Transfer'."
54865,64937c98-8ea8-4020-abcb-2415f13faa0f,460.3362292852933,#O O drops dice,Unknown,Object Transfer,"The current action involves O dropping the dice, which is a deliberate placement of the object onto a surface. This fits the criteria for 'Object Transfer'."
54871,64937c98-8ea8-4020-abcb-2415f13faa0f,472.5518292852933,#O O drops dice,Unknown,Object Transfer,"The action of dropping the dice onto a surface is a deliberate placement, which fits the criteria for 'Object Transfer'."
54881,64937c98-8ea8-4020-abcb-2415f13faa0f,503.8962792852933,#C C drops dice,Unknown,Object Transfer,"The action of dropping the dice is a deliberate placement of the object onto a surface, which fits the criteria for 'Object Transfer'."
54890,64937c98-8ea8-4020-abcb-2415f13faa0f,522.9880492852933,#C C drops card,Unknown,Object Transfer,"The action of dropping the card is a deliberate placement onto a surface, which fits the criteria for 'Object Transfer'."
54944,64937c98-8ea8-4020-abcb-2415f13faa0f,614.623247613672,#O lady Z lets go of #unsure,Unknown,Object Transfer,"The action of letting go of an object is a deliberate placement, which falls under the category of Object Transfer."
55084,64937c98-8ea8-4020-abcb-2415f13faa0f,893.2540882613358,#O man X drops the cards,Unknown,Object Transfer,"The current action involves the deliberate placement of the cards onto a surface, which fits the criteria for 'Object Transfer'."
55095,64937c98-8ea8-4020-abcb-2415f13faa0f,925.1213782613358,#O man X drops the cube,Unknown,Object Transfer,"The action of dropping the cube is a deliberate placement of the object onto a surface, which fits the criteria for 'Object Transfer'."
55097,64937c98-8ea8-4020-abcb-2415f13faa0f,927.213488261336,#O man X move #unsure on the board,Unknown,Object Transfer,"The action of dropping the cube is a deliberate placement of the object onto a surface, which fits the criteria for 'Object Transfer'."
55104,64937c98-8ea8-4020-abcb-2415f13faa0f,940.4993282613358,#O man X drops the cube,Unknown,Object Transfer,"The action of dropping the cube is a deliberate placement onto a surface, which fits the criteria for 'Object Transfer'."
55110,64937c98-8ea8-4020-abcb-2415f13faa0f,949.7851382613358,#O man X drops the cube,Unknown,Object Transfer,"The action of dropping the cube is a deliberate placement of the object onto a surface, which fits the criteria for 'Object Transfer'."
55130,64937c98-8ea8-4020-abcb-2415f13faa0f,1018.7925082613358,#O man X drops the cube,Unknown,Object Transfer,"The action of dropping the cube is a deliberate placement of the object onto a surface, which fits the criteria for 'Object Transfer'."
55131,64937c98-8ea8-4020-abcb-2415f13faa0f,1021.1481782613358,#O man X moves #unsure,Unknown,Object Transfer,"The action of dropping an object is considered a deliberate placement onto a surface, which falls under the 'Object Transfer' category."
55136,64937c98-8ea8-4020-abcb-2415f13faa0f,1043.6374382613358,#C C drops the cube,Unknown,Object Transfer,"The action of dropping the cube onto a surface is a deliberate placement, which fits the criteria for 'Object Transfer'."
55144,64937c98-8ea8-4020-abcb-2415f13faa0f,1058.324088261336,#C C drops the cube,Unknown,Object Transfer,"The action of dropping the cube is a deliberate placement onto a surface, which fits the criteria for 'Object Transfer'."
55152,64937c98-8ea8-4020-abcb-2415f13faa0f,1075.5164682613358,#C C drops the cube,Unknown,Object Transfer,"The action of dropping the cube is a deliberate placement of the object onto a surface, which fits the criteria for 'Object Transfer'."
55158,64937c98-8ea8-4020-abcb-2415f13faa0f,1089.6934982613357,#C C drops the cube,Unknown,Object Transfer,"The current action involves deliberately placing the cube onto a surface, which fits the criteria for 'Object Transfer'."
55204,64937c98-8ea8-4020-abcb-2415f13faa0f,1190.6119171449218,#O O Gasps,Unknown,Stationary,"The action of gasping is a sudden intake of breath, which does not involve movement or interaction with objects, making it a stationary action."
55298,64937c98-8ea8-4020-abcb-2415f13faa0f,1434.1686572476235,#CC drops the dice,Unknown,Object Transfer,"The action of dropping the dice is a deliberate placement onto a surface, which fits the criteria for 'Object Transfer'."
55354,64937c98-8ea8-4020-abcb-2415f13faa0f,1662.639707144922,#CC drops the dice,Unknown,Object Transfer,"The action of dropping the dice is a deliberate placement onto a surface, which fits the criteria for 'Object Transfer'."
55359,64937c98-8ea8-4020-abcb-2415f13faa0f,1675.098377144922,#CC drops the dice,Unknown,Object Transfer,"The action of dropping the dice is a deliberate placement onto a surface, which fits the criteria for 'Object Transfer'."
55367,64937c98-8ea8-4020-abcb-2415f13faa0f,1705.3731871449218,#CC drops the dice,Unknown,Object Transfer,"The action of dropping the dice is a deliberate placement of the object onto a surface, which fits the criteria for 'Object Transfer'."
55373,64937c98-8ea8-4020-abcb-2415f13faa0f,1716.686057144922,#CC drops the dice,Unknown,Object Transfer,"The action of dropping the dice is a deliberate placement onto a surface, which fits the criteria for 'Object Transfer'."
55385,64937c98-8ea8-4020-abcb-2415f13faa0f,1781.761567144922,#CC drops the dice,Unknown,Object Transfer,"The action of dropping the dice is a deliberate placement onto a surface, which fits the criteria for 'Object Transfer'."
55396,64937c98-8ea8-4020-abcb-2415f13faa0f,1831.8713771449216,#CC drops the dice,Unknown,Object Transfer,"The action of dropping the dice is a deliberate placement of the object onto a surface, which fits the criteria for 'Object Transfer'."
55403,64937c98-8ea8-4020-abcb-2415f13faa0f,1860.2097971449216,#CC drops the dice,Unknown,Object Transfer,"The action of dropping the dice is a deliberate placement of the object onto a surface, which fits the criteria for 'Object Transfer'."
55416,64937c98-8ea8-4020-abcb-2415f13faa0f,1899.9166771449216,#CC drops the dice,Unknown,Object Transfer,"The action of dropping the dice is a deliberate placement onto a surface, which fits the criteria for 'Object Transfer'."
55417,64937c98-8ea8-4020-abcb-2415f13faa0f,1912.8041871906887,#O O drops dice,Unknown,Object Transfer,"The action of dropping the dice is a deliberate placement onto a surface, which fits the criteria for 'Object Transfer'."
55422,64937c98-8ea8-4020-abcb-2415f13faa0f,1922.1611371906888,#O O drops dice,Unknown,Object Transfer,"The action of dropping the dice is a deliberate placement of the object onto a surface, which fits the criteria for 'Object Transfer'."
55430,64937c98-8ea8-4020-abcb-2415f13faa0f,1945.2727471906887,#C C drops dice,Unknown,Object Transfer,"The action of dropping the dice is a deliberate placement onto a surface, which fits the criteria for 'Object Transfer'."
55434,64937c98-8ea8-4020-abcb-2415f13faa0f,1954.8721771906887,#O O drops #unsure,Unknown,Object Transfer,"The action of dropping an object onto a surface is a deliberate placement, which fits the criteria for 'Object Transfer'."
55443,64937c98-8ea8-4020-abcb-2415f13faa0f,2013.9402471906888,#O O drops dice,Unknown,Object Transfer,"The action of dropping dice onto a surface is a deliberate placement, which fits the criteria for 'Object Transfer'."
55448,64937c98-8ea8-4020-abcb-2415f13faa0f,2028.4449971906888,#O O drops dice,Unknown,Object Transfer,"The action of dropping the dice is a deliberate placement of the object onto a surface, which fits the criteria for 'Object Transfer'."
55462,64937c98-8ea8-4020-abcb-2415f13faa0f,2101.157087190689,#C C drops dice,Unknown,Object Transfer,"The current action involves C deliberately placing the dice onto a surface, which fits the criteria for an Object Transfer action."
55470,64937c98-8ea8-4020-abcb-2415f13faa0f,2124.352667190689,#O O drops the dice,Unknown,Object Transfer,"The current action involves O dropping the dice, which is a deliberate placement of the object onto a surface."
55475,64937c98-8ea8-4020-abcb-2415f13faa0f,2142.4909605240223,#C C drops card,Unknown,Object Transfer,"The action of dropping a card is a deliberate placement onto a surface, which fits the criteria for Object Transfer."
55680,4c1a9fec-4ff8-4ca8-a70f-58bcdf305a90,559.11977,#C C touches nail,Unknown,Essential Operation,"The action of touching a nail is likely part of a process involving the nail, such as inspection or preparation for use, which falls under Essential Operation."
55856,e9c385b9-ab98-4120-8073-9129fff2dfbe,91.4905286,#C C drops juice box cap,Unknown,Object Transfer,"The action of dropping the juice box cap is a deliberate placement of the object onto a surface, which fits the criteria for 'Object Transfer'."
55857,e9c385b9-ab98-4120-8073-9129fff2dfbe,92.0564086,#C C drops juice box,Unknown,Object Transfer,"The action of dropping the juice box cap is a deliberate placement of the object onto a surface, which fits the criteria for 'Object Transfer'."
55870,e9c385b9-ab98-4120-8073-9129fff2dfbe,112.7940686,#C C drops tea bag,Unknown,Object Transfer,"The action of dropping a used teabag is a deliberate placement, which fits the criteria for 'Object Transfer'."
55907,e9c385b9-ab98-4120-8073-9129fff2dfbe,160.8902986,#C C drops turner spoon on the basin,Unknown,Object Transfer,"The action of dropping the turner spoon onto the basin is a deliberate placement, which fits the criteria for 'Object Transfer'."
55912,e9c385b9-ab98-4120-8073-9129fff2dfbe,175.13288859999997,#C C drops brush,Unknown,Object Transfer,"The action of dropping the brush is a deliberate placement of the object onto a surface, which fits the criteria for 'Object Transfer'."
55916,e9c385b9-ab98-4120-8073-9129fff2dfbe,179.97835859999998,#C C drops #unsure,Unknown,Object Transfer,"The current action involves C dropping an object, which is a deliberate placement action. Therefore, it falls under the 'Object Transfer' category."
55939,e9c385b9-ab98-4120-8073-9129fff2dfbe,230.9578586,#C C drops cloth,Unknown,Object Transfer,"The action of dropping the cloth onto a surface is a deliberate placement, which fits the criteria for 'Object Transfer'."
55946,e9c385b9-ab98-4120-8073-9129fff2dfbe,236.8545886,#C C drops a spoon,Unknown,Object Transfer,"The action of dropping a spoon is a deliberate placement of the object onto a surface, which fits the criteria for 'Object Transfer'."
56150,6eb083c4-a7dc-454b-84bc-2f0d8a69dffe,229.9585786,#C C hits the spice container with his hand,Unknown,Essential Operation,"The action of hitting the spice container with his hand could be considered an essential operation, possibly to check if the container is sealed or to release any trapped air or spices inside."
56643,b9c91169-7019-4bfa-8a63-97df8cbefe97,1538.567755369522,#C C drops the dough on the kitchen counter,Unknown,Object Transfer,"The action of dropping the dough onto the kitchen counter is a deliberate placement, which fits the criteria for 'Object Transfer'."
57245,662a5fbd-6865-43e6-a2e5-06ffd30c8fc6,710.4742969546635,#C C drops paper,Unknown,Object Transfer,"The action of dropping the paper onto a surface is a deliberate placement, which fits the criteria for 'Object Transfer'."
57291,662a5fbd-6865-43e6-a2e5-06ffd30c8fc6,1993.1062109546635,#C C drops a pen,Unknown,Object Transfer,"The action of dropping a pen is a deliberate placement of the object onto a surface, which fits the criteria for 'Object Transfer'."
57296,662a5fbd-6865-43e6-a2e5-06ffd30c8fc6,2024.822560954664,#C C drops a pen,Unknown,Object Transfer,"The action of dropping a pen is a deliberate placement of the object onto a surface, which fits the criteria for 'Object Transfer'."
57430,e6bdfe96-48c7-48c9-a5c8-5f09aee849b7,26.0991286,#C C drops knife,Unknown,Object Transfer,"The action of dropping the knife is a deliberate placement of the object onto a surface, which fits the criteria for 'Object Transfer'."
57436,e6bdfe96-48c7-48c9-a5c8-5f09aee849b7,33.5679686,#C C drops inner part of ball pepper,Unknown,Object Transfer,"The action of dropping the inner part of the ball pepper onto a surface is a deliberate placement, which fits the criteria for 'Object Transfer'."
57437,e6bdfe96-48c7-48c9-a5c8-5f09aee849b7,34.2715486,#C C drops ball pepper,Unknown,Object Transfer,"The action of dropping the ball pepper is a deliberate placement onto a surface, which fits the criteria for 'Object Transfer'."
57439,e6bdfe96-48c7-48c9-a5c8-5f09aee849b7,34.8609686,#C C drops ball pepper piece,Unknown,Object Transfer,"The action of dropping the ball pepper piece is a deliberate placement onto a surface, which fits the criteria for 'Object Transfer'."
57440,e6bdfe96-48c7-48c9-a5c8-5f09aee849b7,35.1448586,#C C drops ball pepper stalk,Unknown,Object Transfer,"The action of dropping the ball pepper stalk is a deliberate placement onto a surface, which fits the criteria for 'Object Transfer'."
57445,e6bdfe96-48c7-48c9-a5c8-5f09aee849b7,41.5015486,#C C drops ball pepper,Unknown,Object Transfer,"The action of dropping the ball pepper onto a surface is a deliberate placement, which fits the criteria for 'Object Transfer'."
57451,e6bdfe96-48c7-48c9-a5c8-5f09aee849b7,45.9730986,#C C drops ball pepper,Unknown,Object Transfer,"The action of dropping the ball pepper is a deliberate placement onto a surface, which fits the criteria for 'Object Transfer'."
57477,e6bdfe96-48c7-48c9-a5c8-5f09aee849b7,77.0392686,#C C drops inner part of ball pepper,Unknown,Object Transfer,"The action of dropping the inner part of the ball pepper is a deliberate placement onto a surface, which fits the criteria for 'Object Transfer'."
57479,e6bdfe96-48c7-48c9-a5c8-5f09aee849b7,77.7042386,#C C drops ball pepper,Unknown,Object Transfer,"The action of dropping the ball pepper is a deliberate placement onto a surface, which fits the criteria for 'Object Transfer'."
57489,e6bdfe96-48c7-48c9-a5c8-5f09aee849b7,91.3113586,#C C drops ball pepper,Unknown,Object Transfer,"The action of dropping the ball pepper onto a surface is a deliberate placement, which fits the criteria for 'Object Transfer'."
57502,e6bdfe96-48c7-48c9-a5c8-5f09aee849b7,107.5079686,#C C drops a knife,Unknown,Object Transfer,"The action of dropping a knife is a deliberate placement of the object onto a surface, which fits the criteria for 'Object Transfer'."
57507,e6bdfe96-48c7-48c9-a5c8-5f09aee849b7,112.7242086,#C C drops ball pepper particles,Unknown,Object Transfer,"The action of dropping the ball pepper particles is a deliberate placement onto a surface, which fits the criteria for 'Object Transfer'."
57522,e6bdfe96-48c7-48c9-a5c8-5f09aee849b7,143.3069386,#C C drops inner part of ball pepper,Unknown,Object Transfer,"The action of dropping the inner part of the ball pepper onto a surface is a deliberate placement, which fits the criteria for 'Object Transfer'."
57529,e6bdfe96-48c7-48c9-a5c8-5f09aee849b7,152.0635486,#C C drops ball pepper,Unknown,Object Transfer,"The action of dropping the ball pepper is a deliberate placement onto a surface, which fits the criteria for 'Object Transfer'."
57536,e6bdfe96-48c7-48c9-a5c8-5f09aee849b7,159.2862586,#C C drops ball pepper,Unknown,Object Transfer,"The action of dropping the ball pepper onto a surface is a deliberate placement, which fits the criteria for 'Object Transfer'."
57541,e6bdfe96-48c7-48c9-a5c8-5f09aee849b7,178.7249886,#C C drops ball pepper piece,Unknown,Object Transfer,"The action of dropping the ball pepper piece is a deliberate placement onto a surface, which fits the criteria for 'Object Transfer'."
57552,e6bdfe96-48c7-48c9-a5c8-5f09aee849b7,196.0549086,#C C drops onion skin,Unknown,Object Transfer,"The action of dropping an onion skin is a deliberate placement of an object onto a surface, which fits the definition of Object Transfer."
57554,e6bdfe96-48c7-48c9-a5c8-5f09aee849b7,199.1906186,#C C drops onion skin,Unknown,Object Transfer,"The action of dropping the onion skin onto a surface is a deliberate placement, which fits the criteria for 'Object Transfer'."
57556,e6bdfe96-48c7-48c9-a5c8-5f09aee849b7,200.8977186,#C C drops onion skin,Unknown,Object Transfer,"The action of dropping the onion skin onto a surface is a deliberate placement, which fits the criteria for 'Object Transfer'."
57558,e6bdfe96-48c7-48c9-a5c8-5f09aee849b7,204.5830886,#C C drops onion skin,Unknown,Object Transfer,"The action of dropping the onion skin onto a surface is a deliberate placement, which fits the criteria for 'Object Transfer'."
57564,e6bdfe96-48c7-48c9-a5c8-5f09aee849b7,217.5930286,#C C drops onion skin,Unknown,Object Transfer,"The action of dropping the onion skin onto a surface is a deliberate placement, which fits the criteria for 'Object Transfer'."
57586,e6bdfe96-48c7-48c9-a5c8-5f09aee849b7,260.7197286,#C C drops knife,Unknown,Object Transfer,"The action of dropping the knife is a deliberate placement of the object onto a surface, which fits the criteria for 'Object Transfer'."
57595,e6bdfe96-48c7-48c9-a5c8-5f09aee849b7,282.56580196079113,#C C drops onion,Unknown,Object Transfer,"The action of dropping an onion onto a surface is a deliberate placement, which fits the criteria for 'Object Transfer'."
57638,e6bdfe96-48c7-48c9-a5c8-5f09aee849b7,344.35493196079113,#C C drops knife,Unknown,Object Transfer,"The action of dropping the knife onto a surface is a deliberate placement, which fits the criteria for 'Object Transfer'."
57648,e6bdfe96-48c7-48c9-a5c8-5f09aee849b7,352.9311019607911,#C C drops a knife,Unknown,Object Transfer,"The action of dropping a knife is a deliberate placement of the object onto a surface, which fits the criteria for 'Object Transfer'."
57655,e6bdfe96-48c7-48c9-a5c8-5f09aee849b7,363.5581619607912,#C C drops onion skin,Unknown,Object Transfer,"The action of dropping the onion skin is a deliberate placement onto a surface, which fits the criteria for 'Object Transfer'."
57661,e6bdfe96-48c7-48c9-a5c8-5f09aee849b7,385.7146519607911,#C C drops onion skin,Unknown,Object Transfer,"The action of dropping the onion skin onto a surface is a deliberate placement, which fits the criteria for 'Object Transfer'."
57685,e6bdfe96-48c7-48c9-a5c8-5f09aee849b7,414.05603196079113,#C C drops knife,Unknown,Object Transfer,"The action of dropping the knife onto a surface is a deliberate placement, which fits the criteria for 'Object Transfer'."
57688,e6bdfe96-48c7-48c9-a5c8-5f09aee849b7,420.6577119607912,#C C drops onion,Unknown,Object Transfer,"The action of dropping the onion is a deliberate placement onto a surface, which fits the criteria for 'Object Transfer'."
57690,e6bdfe96-48c7-48c9-a5c8-5f09aee849b7,427.02469196079113,#C C drops onion,Unknown,Object Transfer,"The action of dropping the onion is a deliberate placement of the onion onto a surface, which fits the criteria for 'Object Transfer'."
57694,e6bdfe96-48c7-48c9-a5c8-5f09aee849b7,431.1635319607912,#C C drops onions,Unknown,Object Transfer,"The action of dropping onions is a deliberate placement of the object onto a surface, which fits the criteria for 'Object Transfer'."
57704,e6bdfe96-48c7-48c9-a5c8-5f09aee849b7,442.2710819607912,#C C drops onions,Unknown,Object Transfer,"The action of dropping onions is a deliberate placement of the object onto a surface, which fits the criteria for 'Object Transfer'."
57863,e6bdfe96-48c7-48c9-a5c8-5f09aee849b7,765.6243776136719,#C C drops garlic skin,Unknown,Object Transfer,"The action of dropping the garlic skin is a deliberate placement onto a surface, which fits the criteria for 'Object Transfer'."
57866,e6bdfe96-48c7-48c9-a5c8-5f09aee849b7,769.1485176136719,#C C drops garlic,Unknown,Object Transfer,"The action of dropping the garlic is a deliberate placement onto a surface, which fits the criteria for 'Object Transfer'."
57874,e6bdfe96-48c7-48c9-a5c8-5f09aee849b7,777.4924676136719,#C C drops garlic,Unknown,Object Transfer,"The action of dropping garlic is a deliberate placement onto a surface, which fits the criteria for 'Object Transfer'."
57880,e6bdfe96-48c7-48c9-a5c8-5f09aee849b7,784.758757613672,#C C drops knife,Unknown,Object Transfer,"The action of dropping the knife is a deliberate placement of the object onto a surface, which fits the criteria for 'Object Transfer'."
57884,e6bdfe96-48c7-48c9-a5c8-5f09aee849b7,787.1210276136719,#C C drops garlic skin,Unknown,Object Transfer,"The action of dropping the garlic skin is a deliberate placement of the object onto a surface, which fits the criteria for 'Object Transfer'."
57912,e6bdfe96-48c7-48c9-a5c8-5f09aee849b7,815.991647613672,#C C drops garlic press,Unknown,Object Transfer,"The action of dropping the garlic press is a deliberate placement onto a surface, similar to the previous actions where C opens, picks, and drops objects."
57976,e6bdfe96-48c7-48c9-a5c8-5f09aee849b7,942.168420974463,#C C hits seasoning mix wrapper,Unknown,Essential Operation,"The action of hitting the seasoning mix wrapper is likely an attempt to open or break the wrapper, which is an essential operation in the process of using the seasoning."
57978,e6bdfe96-48c7-48c9-a5c8-5f09aee849b7,944.860910974463,#C C drops a wrapper,Unknown,Object Transfer,"The action of dropping a wrapper is a deliberate placement of the object onto a surface, which fits the criteria for 'Object Transfer'."
58029,e6bdfe96-48c7-48c9-a5c8-5f09aee849b7,1093.102337144922,#C C drops spice,Unknown,Object Transfer,"The action of dropping the spice is a deliberate placement onto a surface, which fits the criteria for 'Object Transfer'."
58048,e6bdfe96-48c7-48c9-a5c8-5f09aee849b7,1130.007037144922,#C C drops tomato paste can,Unknown,Object Transfer,"The action of dropping the tomato paste can onto a surface is a deliberate placement, which fits the criteria for 'Object Transfer'."
58085,e6bdfe96-48c7-48c9-a5c8-5f09aee849b7,1196.9988771449218,#C C drops spoon,Unknown,Object Transfer,"The action of dropping the spoon is a deliberate placement of the object onto a surface, which fits the criteria for 'Object Transfer'."
58105,e6bdfe96-48c7-48c9-a5c8-5f09aee849b7,1270.7875071449218,#C C drops a can,Unknown,Object Transfer,"The action of dropping a can is a deliberate placement of the object onto a surface, which fits the criteria for 'Object Transfer'."
58120,e6bdfe96-48c7-48c9-a5c8-5f09aee849b7,1286.9823171449218,#C C drops garlic,Unknown,Object Transfer,"The current action involves C dropping the garlic, which is a deliberate placement of the object onto a surface. This fits the criteria for 'Object Transfer'."
58151,e6bdfe96-48c7-48c9-a5c8-5f09aee849b7,1320.9164071449218,#C C drops onions on food,Unknown,Object Transfer,"The action of dropping onions onto food is a deliberate placement, which fits the criteria for 'Object Transfer'."
58238,e6bdfe96-48c7-48c9-a5c8-5f09aee849b7,1450.9981121088797,#C C drops tortilla wraps,Unknown,Object Transfer,"The action of dropping the tortilla wraps is a deliberate placement onto a surface, which fits the criteria for 'Object Transfer'."
58241,e6bdfe96-48c7-48c9-a5c8-5f09aee849b7,1456.9048021088795,#C C drops scissors,Unknown,Object Transfer,"The action of dropping the scissors is a deliberate placement onto a surface, which fits the criteria for 'Object Transfer'."
58244,e6bdfe96-48c7-48c9-a5c8-5f09aee849b7,1463.4044221088795,#C C drops tortilla,Unknown,Object Transfer,"The action of dropping the tortilla is a deliberate placement onto a surface, which fits the criteria for 'Object Transfer'."
58247,e6bdfe96-48c7-48c9-a5c8-5f09aee849b7,1465.6952721088794,#C C drops tortilla wraps,Unknown,Object Transfer,"The action of dropping the tortilla wraps is a deliberate placement onto a surface, which fits the criteria for 'Object Transfer'."
58262,e6bdfe96-48c7-48c9-a5c8-5f09aee849b7,1485.1186521088794,#C C drops paper towel,Unknown,Object Transfer,"The action of dropping the paper towel is a deliberate placement onto a surface, which fits the criteria for 'Object Transfer'."
58298,e6bdfe96-48c7-48c9-a5c8-5f09aee849b7,1518.8424021088797,#C C drops #unsure,Unknown,Object Transfer,"The action of dropping an object is a deliberate placement onto a surface, which fits the criteria for 'Object Transfer'."
58300,e6bdfe96-48c7-48c9-a5c8-5f09aee849b7,1519.4134821088796,#C C drops guacamole,Unknown,Object Transfer,"The action of dropping the guacamole is a deliberate placement onto a surface, which fits the criteria for 'Object Transfer'."
58301,e6bdfe96-48c7-48c9-a5c8-5f09aee849b7,1519.6721221088794,#C C drops sauce,Unknown,Object Transfer,"The action of dropping the sauce appears to be a deliberate placement, similar to the previous action of dropping the guacamole. Both actions involve placing an object onto a surface, which fits the definition of 'Object Transfer'."
58315,e6bdfe96-48c7-48c9-a5c8-5f09aee849b7,1536.1268121088794,#C C drops #unsure,Unknown,Object Transfer,"The action of dropping an object onto a surface is considered a deliberate placement, which falls under the 'Object Transfer' category."
58325,e6bdfe96-48c7-48c9-a5c8-5f09aee849b7,1548.0194721088794,#C C drops #unsure,Unknown,Object Transfer,"The action of dropping an object is a deliberate placement onto a surface, which fits the criteria for 'Object Transfer'."
58354,e6bdfe96-48c7-48c9-a5c8-5f09aee849b7,1592.9876952666666,#C C drops tortilla wraps,Unknown,Object Transfer,"The action of dropping the tortilla wraps is a deliberate placement onto a surface, which fits the criteria for 'Object Transfer'."
58370,e6bdfe96-48c7-48c9-a5c8-5f09aee849b7,1609.8886221088796,#C C drops vegetable,Unknown,Object Transfer,"The action of dropping a vegetable onto a surface is a deliberate placement, which fits the definition of 'Object Transfer'."
58372,e6bdfe96-48c7-48c9-a5c8-5f09aee849b7,1610.9210021088795,#C C drops vegetables,Unknown,Object Transfer,"The action of dropping vegetables is a deliberate placement onto a surface, which fits the criteria for 'Object Transfer'."
58378,e6bdfe96-48c7-48c9-a5c8-5f09aee849b7,1617.2705121088795,#C C drops a wrapper,Unknown,Object Transfer,"The action of dropping a wrapper is a deliberate placement of the wrapper onto a surface, which fits the criteria for 'Object Transfer'."
58384,e6bdfe96-48c7-48c9-a5c8-5f09aee849b7,1622.2265821088797,#C C drops spoons,Unknown,Object Transfer,"The current action involves deliberately placing the spoons onto a surface, which fits the criteria for 'Object Transfer'."
58480,e6bdfe96-48c7-48c9-a5c8-5f09aee849b7,1883.4668071449216,#C C drops cheese particle,Unknown,Object Transfer,"The action involves deliberately placing a cheese particle, which aligns with the definition of Object Transfer."
58486,e6bdfe96-48c7-48c9-a5c8-5f09aee849b7,1887.5250871449216,#C C drops cheese particles,Unknown,Object Transfer,"The action involves deliberately placing cheese particles into a location, which fits the definition of Object Transfer."
58489,e6bdfe96-48c7-48c9-a5c8-5f09aee849b7,1889.0854271449216,#C C drops cheese particle,Unknown,Object Transfer,"The action of dropping a cheese particle is a deliberate placement onto a surface, which fits the criteria for 'Object Transfer'."
58490,e6bdfe96-48c7-48c9-a5c8-5f09aee849b7,1889.5741971449213,#C C drops cheese particle,Unknown,Object Transfer,"The action of dropping a cheese particle is a deliberate placement onto a surface, which fits the criteria for 'Object Transfer'."
58635,dc6da3c4-dcb4-4ccb-8d2e-d5023dac6ace,338.4158709546634,#C C drops wood on the smoothing machine.,Unknown,Object Transfer,"The action of dropping wood onto the smoothing machine is a deliberate placement, which fits the criteria for 'Object Transfer'."
58641,dc6da3c4-dcb4-4ccb-8d2e-d5023dac6ace,350.6329309546634,#C C drops wood on the smoothing machine.,Unknown,Object Transfer,"The action of dropping wood onto the smoothing machine is a deliberate placement, which fits the criteria for 'Object Transfer'."
58647,dc6da3c4-dcb4-4ccb-8d2e-d5023dac6ace,361.6216609546634,#C C drops wood on the smoothing machine.,Unknown,Object Transfer,"The action of dropping wood onto the smoothing machine is a deliberate placement, which fits the criteria for 'Object Transfer'."
58653,dc6da3c4-dcb4-4ccb-8d2e-d5023dac6ace,371.5443709546634,#C C drops wood on the smoother machine.,Unknown,Object Transfer,"The action of dropping wood onto the smoother machine is a deliberate placement, which fits the criteria for 'Object Transfer'."
59151,cd8590b6-4c27-4932-9ccf-501380d35b14,180.7991796,#C C shakes the plate.,Unknown,Stationary,"Shaking the plate is a stationary action as it does not involve locomotion, object transfer, or search. It is an essential operation but the taxonomy does not include 'Essential Operation' as a valid label for this action."
59182,cd8590b6-4c27-4932-9ccf-501380d35b14,248.3503096,#C C shakes the lid.,Unknown,Locomotion,"Shaking an object involves movement but does not fit into categories like Object Transfer, Search, or Stationary. It is a form of locomotion involving the manipulation and movement of the object."
59703,2978ddbc-cdc9-4bfa-9a7c-4bf056904010,272.00334951687296,#C C fixes the #unsure,Unknown,Object Transfer,"The current action appears to be a deliberate placement of an object, which aligns with the 'Object Transfer' category."
59715,2978ddbc-cdc9-4bfa-9a7c-4bf056904010,297.671539516873,#C C drops #unsure,Unknown,Object Transfer,"The action of dropping an object onto a surface is considered a deliberate placement, which falls under the 'Object Transfer' category."
59738,2978ddbc-cdc9-4bfa-9a7c-4bf056904010,358.311689516873,#C C picks the sewer,Unknown,Object Transfer,"The action of picking up the sewer item suggests a deliberate placement or transfer of the object, which aligns with the 'Object Transfer' category."
59748,2978ddbc-cdc9-4bfa-9a7c-4bf056904010,380.613999516873,#C C drops the piece of broccoli,Unknown,Object Transfer,"The action of dropping the piece of broccoli is a deliberate placement onto a surface, which fits the criteria for 'Object Transfer'."
59754,2978ddbc-cdc9-4bfa-9a7c-4bf056904010,392.698809516873,#C C drops the broccoli in the filter,Unknown,Object Transfer,"The action of dropping the broccoli into the filter is a deliberate placement, which fits the criteria for 'Object Transfer'."
59758,2978ddbc-cdc9-4bfa-9a7c-4bf056904010,401.42661951687296,#C C drops the broccoli,Unknown,Object Transfer,"The action of dropping the broccoli onto a surface is a deliberate placement, which fits the criteria for 'Object Transfer'."
59767,2978ddbc-cdc9-4bfa-9a7c-4bf056904010,425.85321951687297,#C C drops the knife,Unknown,Object Transfer,"The action of dropping the knife is a deliberate placement of an object onto a surface, which fits the criteria for 'Object Transfer'."
59828,2978ddbc-cdc9-4bfa-9a7c-4bf056904010,946.1929337171877,#C C drops the plate,Unknown,Object Transfer,"The action of dropping the plate is a deliberate placement of the object onto a surface, which fits the criteria for 'Object Transfer'."
59885,1e5cd1c1-7023-4800-b743-16a9c2753ac2,5.8043686,#c c fixes #unsure,Unknown,Essential Operation,"The action '#c c fixes #unsure' suggests a person is performing a task or operation that is essential to their current activity, likely related to resolving an issue or fixing something."
60009,2d1baacd-d82b-4e0c-9d85-b420fb9bde91,619.8333233333333,#O man E holds #unsure,Unknown,Object Transfer,"The man is holding an object, which implies he is transferring or placing the object in his hand, making it a deliberate placement action."
60096,2d1baacd-d82b-4e0c-9d85-b420fb9bde91,854.5660333333333,#O man D holds on the head,Unknown,Stationary,"The action of holding something on the head does not involve movement or a change in the environment, and it is a deliberate placement that indicates a stationary position."
60513,4e880bf0-145f-4ab6-b015-476dd6b73dca,650.1834009546634,#C C hits the cat,Unknown,Essential Operation,"The action of hitting the cat does not fit into categories like Locomotion, Object Transfer, Search, or Stationary. It is an essential operation or an action that is performed with a purpose, in this case, potentially to harm or discipline the cat."
61350,8483fa90-f5dc-4d50-9561-244bfdf12ea3,1457.57902,#C C drops #Unsure inside a test tube,Unknown,Object Transfer,"The action of dropping something inside a test tube is a deliberate placement, which fits the definition of 'Object Transfer'."
61352,8483fa90-f5dc-4d50-9561-244bfdf12ea3,1466.33076,#C C drops #Unsure inside a test tube,Unknown,Object Transfer,"The action of dropping something inside a test tube appears to be a deliberate placement, which fits the criteria for 'Object Transfer'."
61354,8483fa90-f5dc-4d50-9561-244bfdf12ea3,1477.19282,#C C drops #Unsure inside a test tube,Unknown,Object Transfer,"The action involves deliberately placing an object (something unsure) inside a test tube, which fits the definition of Object Transfer."
61356,8483fa90-f5dc-4d50-9561-244bfdf12ea3,1489.68685,#C C drops #Unsure inside a test tube,Unknown,Object Transfer,"The action involves deliberately placing an object (something unsure) inside a test tube, which fits the definition of Object Transfer."
61490,8483fa90-f5dc-4d50-9561-244bfdf12ea3,2362.17946,#O a man B pours #Unsure,Unknown,Object Transfer,"The action of pouring involves the deliberate transfer of a test tube's contents, which aligns with the 'Object Transfer' category."
61607,9f5b658c-1958-4fa0-b67d-3b365c49b919,360.4384686,#C C drops the pepper,Unknown,Object Transfer,"The action of dropping the pepper is a deliberate placement of the object onto a surface, which fits the criteria for 'Object Transfer'."
61614,9f5b658c-1958-4fa0-b67d-3b365c49b919,385.9996786,#C C drops the broccoli,Unknown,Object Transfer,"The action of dropping the broccoli onto a surface is a deliberate placement, which fits the criteria for 'Object Transfer'."
61619,9f5b658c-1958-4fa0-b67d-3b365c49b919,413.6146586,#C C drops the broccoli,Unknown,Object Transfer,"The action involves moving the broccoli from one location to another, specifically dropping it onto a surface, which fits the definition of Object Transfer."
61621,9f5b658c-1958-4fa0-b67d-3b365c49b919,416.3252486,#C C drops the broccoli,Unknown,Object Transfer,"The action of dropping the broccoli is a deliberate placement onto a surface, which fits the criteria for 'Object Transfer'."
61645,9f5b658c-1958-4fa0-b67d-3b365c49b919,493.6197286,#C C drops the container,Unknown,Object Transfer,"The action of dropping the container is a deliberate placement of the object onto a surface, which fits the criteria for 'Object Transfer'."
61648,9f5b658c-1958-4fa0-b67d-3b365c49b919,498.7516586,#C C drops bowl,Unknown,Object Transfer,"The action of dropping the bowl is a deliberate placement onto a surface, which fits the criteria for 'Object Transfer'."
61652,9f5b658c-1958-4fa0-b67d-3b365c49b919,506.9061786,#C C drops package,Unknown,Object Transfer,"The action of dropping a package is a deliberate placement onto a surface, which fits the criteria for 'Object Transfer'."
61656,9f5b658c-1958-4fa0-b67d-3b365c49b919,517.7018586,#C C drops bowl,Unknown,Object Transfer,"The action of dropping the bowl is a deliberate placement of the object onto a surface, which fits the criteria for 'Object Transfer'."
61673,9f5b658c-1958-4fa0-b67d-3b365c49b919,543.9830186,#C C drops the glass of water,Unknown,Object Transfer,"The action of dropping the glass of water is a deliberate placement of the object onto a surface, which fits the criteria for 'Object Transfer'."
61684,9f5b658c-1958-4fa0-b67d-3b365c49b919,567.9879293320909,#C C drops the tin,Unknown,Object Transfer,"The action of dropping the tin is a deliberate placement of the object onto a surface, which fits the criteria for 'Object Transfer'."
61715,9f5b658c-1958-4fa0-b67d-3b365c49b919,656.3785993320909,#C C drops the electric kettle,Unknown,Object Transfer,"The action of dropping the electric kettle indicates a deliberate placement of the object onto a surface, which fits the criteria for 'Object Transfer'."
61739,9f5b658c-1958-4fa0-b67d-3b365c49b919,783.0243693320908,#C C drops the plate,Unknown,Object Transfer,"The action of dropping the plate is a deliberate placement of the object onto a surface, which fits the criteria for 'Object Transfer'."
61742,9f5b658c-1958-4fa0-b67d-3b365c49b919,797.6406093320909,#C C drops the cooking stick,Unknown,Object Transfer,"The action of dropping the cooking stick is a deliberate placement onto a surface, which fits the criteria for 'Object Transfer'."
61745,9f5b658c-1958-4fa0-b67d-3b365c49b919,805.5807793320907,#C C drops the brush,Unknown,Object Transfer,"The action of dropping the brush is a deliberate placement onto a surface, which fits the criteria for 'Object Transfer'."
61775,9f5b658c-1958-4fa0-b67d-3b365c49b919,1141.887627613672,#C C drops the phone,Unknown,Object Transfer,"The action of dropping the phone is a deliberate placement of the object onto a surface, which fits the criteria for 'Object Transfer'."
61780,9f5b658c-1958-4fa0-b67d-3b365c49b919,1159.213177613672,#C C drops the spoon,Unknown,Object Transfer,"The action of dropping the spoon is a deliberate placement onto a surface, which fits the criteria for 'Object Transfer'."
61789,9f5b658c-1958-4fa0-b67d-3b365c49b919,1184.713057613672,#C C drops the knife,Unknown,Object Transfer,"The action of dropping the knife is a deliberate placement of the object onto a surface, which fits the criteria for 'Object Transfer'."
61801,9f5b658c-1958-4fa0-b67d-3b365c49b919,1240.348327613672,#C C drops the towel,Unknown,Object Transfer,"The action of dropping the towel is a deliberate placement onto a surface, which fits the criteria for 'Object Transfer'."
61803,9f5b658c-1958-4fa0-b67d-3b365c49b919,1254.629027613672,#C C drops cooking stick,Unknown,Object Transfer,"The action of dropping the cooking stick is a deliberate placement onto a surface, which fits the criteria for 'Object Transfer'."
61823,9f5b658c-1958-4fa0-b67d-3b365c49b919,1348.3770176136718,#C C drops cooking stick,Unknown,Object Transfer,"The action of dropping the cooking stick is a deliberate placement of the object onto a surface, which fits the criteria for 'Object Transfer'."
61829,9f5b658c-1958-4fa0-b67d-3b365c49b919,1363.6826533400545,#C C drops the glass,Unknown,Object Transfer,"The action of dropping the glass is a deliberate placement of the object onto a surface, which fits the criteria for 'Object Transfer'."
61834,9f5b658c-1958-4fa0-b67d-3b365c49b919,1376.7158633400545,#C C drops the spoon,Unknown,Object Transfer,"The action of dropping the spoon is a deliberate placement onto a surface, which fits the criteria for 'Object Transfer'."
61835,9f5b658c-1958-4fa0-b67d-3b365c49b919,1378.7379233400543,#C C drops the spoon,Unknown,Object Transfer,"The action of dropping the spoon is a deliberate placement onto a surface, which fits the criteria for 'Object Transfer'."
61840,9f5b658c-1958-4fa0-b67d-3b365c49b919,1423.9450833400542,#C C drops the cooking stick,Unknown,Object Transfer,"The action of dropping the cooking stick is a deliberate placement of an object onto a surface, which fits the criteria for 'Object Transfer'."
61843,9f5b658c-1958-4fa0-b67d-3b365c49b919,1467.9131933400545,#C C drops the cooking stick,Unknown,Object Transfer,"The action of dropping the cooking stick is a deliberate placement onto a surface, which fits the criteria for 'Object Transfer'."
61854,9f5b658c-1958-4fa0-b67d-3b365c49b919,1545.6785833400545,#C C drops the cooking stick,Unknown,Object Transfer,"The action of dropping the cooking stick is a deliberate placement onto a surface, which fits the criteria for 'Object Transfer'."
61873,9f5b658c-1958-4fa0-b67d-3b365c49b919,1614.6990233400545,#C C drops spice tin,Unknown,Object Transfer,"The action of dropping the spice tin is a deliberate placement of the object onto a surface, which fits the criteria for 'Object Transfer'."
63929,8b72b54f-f87c-4fdb-84dc-97e42ab111ac,1035.2473296799913,#C C plugs the leaves of flower #unsure from the flower pot,Unknown,Object Transfer,"The action involves deliberately placing the leaves of the flower from the flower pot, which fits the criteria for Object Transfer as it involves a deliberate placement of an object."
64182,7ea94f18-3b89-4c8e-aa91-685a76fc4e01,156.95429959999998,#C C drops the plate,Unknown,Object Transfer,"The action of dropping the plate is a deliberate placement of the object onto a surface, which fits the criteria for 'Object Transfer'."
64183,7ea94f18-3b89-4c8e-aa91-685a76fc4e01,159.3251496,#C C trashes a dirt.,Unknown,Essential Operation,"The action of trashing dirt is considered an essential operation as it involves cleaning or disposing of waste, which is a necessary task in maintaining hygiene and cleanliness."
64222,7ea94f18-3b89-4c8e-aa91-685a76fc4e01,309.0567409546634,#C C drops the container of vegetables on the kitchen slab.,Unknown,Object Transfer,"The action of dropping the container of vegetables onto the kitchen slab is a deliberate placement, which fits the criteria for 'Object Transfer'."
64494,7ea94f18-3b89-4c8e-aa91-685a76fc4e01,930.01388762133,#C C drops the cutting board on the kitchen slab with his left hand.,Unknown,Object Transfer,"The action involves deliberately placing the cutting board onto the kitchen slab, which fits the criteria for an Object Transfer."
64575,7ea94f18-3b89-4c8e-aa91-685a76fc4e01,1168.2077442879963,#C C drops the knife in his left hand on the board.,Unknown,Object Transfer,"The action involves deliberately placing the knife on the board, which fits the criteria for Object Transfer."
64946,7ea94f18-3b89-4c8e-aa91-685a76fc4e01,1972.3005009546632,#C C drops the can of salt on the kitchen countertop with his right hand.,Unknown,Object Transfer,"The action of dropping the can of salt onto the kitchen countertop is a deliberate placement, which fits the criteria for 'Object Transfer'."
64998,7ea94f18-3b89-4c8e-aa91-685a76fc4e01,2071.109510954663,#C C drops the lid of the pot with his right hand.,Unknown,Object Transfer,"The action involves deliberately placing the lid onto the pot, which fits the criteria for Object Transfer."
65217,7ea94f18-3b89-4c8e-aa91-685a76fc4e01,2438.18285762133,#C C drops the bowl on the kitchen cabinet with his left hand.,Unknown,Object Transfer,"The action involves deliberately placing the bowl onto the kitchen cabinet, which fits the criteria for Object Transfer."
65430,7ea94f18-3b89-4c8e-aa91-685a76fc4e01,3127.219714287997,#C C drops the wooden spatula in his right hand in the food.,Unknown,Object Transfer,"The action of dropping the wooden spatula into the food is a deliberate placement, which fits the criteria for 'Object Transfer'."
65487,7ea94f18-3b89-4c8e-aa91-685a76fc4e01,3240.208848954663,#C C drops the wooden spatula in the food.,Unknown,Object Transfer,"The action of dropping the wooden spatula into the food is a deliberate placement, which fits the criteria for 'Object Transfer'."
65556,7ea94f18-3b89-4c8e-aa91-685a76fc4e01,3379.052780954663,#C C drops the bottle on the ground with his left hand.,Unknown,Object Transfer,"The action of dropping the bottle onto the ground is a deliberate placement of the object, which fits the criteria for 'Object Transfer'."
65570,7ea94f18-3b89-4c8e-aa91-685a76fc4e01,3422.118920954664,#C C drops the glass of juice on the table with his right hand.,Unknown,Object Transfer,"The action involves deliberately placing the glass of juice onto the table, which fits the criteria for an Object Transfer."
65590,7ea94f18-3b89-4c8e-aa91-685a76fc4e01,3451.107600954663,#C C drops the chopsticks in his right hand on the wooden board.,Unknown,Object Transfer,"The action of dropping the chopsticks onto the wooden board is a deliberate placement, which fits the criteria for 'Object Transfer'."
66387,002d2729-df71-438d-8396-5895b349e8fd,1861.4662009546632,#C C spits into her left hand.,Unknown,Essential Operation,"The action of spitting into her left hand is a necessary step in the process of tasting and adjusting the contents of the pot, which is an essential operation."
66596,002d2729-df71-438d-8396-5895b349e8fd,2641.2477476213303,#C C drops the plate with her left hand,Unknown,Object Transfer,"The action of dropping the plate is a deliberate placement of the object onto a surface, which fits the criteria for 'Object Transfer'."
66848,4ace159b-7af8-492b-9910-e14a5cb72d1a,470.7682309546634,#C C swings hand,Unknown,Locomotion,"Swinging the hand can be considered a movement that is not stationary and does not involve direct interaction with an object or environment in a way that would classify it as Essential Operation, Object Transfer, or Search. Therefore, it is most closely related to a form of locomotion or movement."
66902,4ace159b-7af8-492b-9910-e14a5cb72d1a,2944.5466586,#C C hold on #unsure,Unknown,Stationary,"The action of holding onto something suggests that the person is maintaining their position and not moving, which fits the 'Stationary' category."
66904,4ace159b-7af8-492b-9910-e14a5cb72d1a,2956.0934886000005,#C C swings with #unsure,Unknown,Essential Operation,"The action of swinging with an unsure object appears to be a continuation of an essential operation, such as reaching or manipulating an object."
68288,37f4000f-e934-4799-957d-e89dc504fd07,1364.879127905176,#O A man Y picks a cards,Unknown,Essential Operation,"The action of picking cards is a repetitive and deliberate movement, which is an essential part of the activity the person is engaged in, such as playing a card game."
68404,37f4000f-e934-4799-957d-e89dc504fd07,1617.2742312385094,#O A man Y hits #unsure on the table,Unknown,Essential Operation,"The action of hitting an object on the table is not a deliberate placement or transfer of an object, but rather an action that could be considered essential for a specific purpose or routine."
68429,37f4000f-e934-4799-957d-e89dc504fd07,1695.5361342803385,#C C drops a card.,Unknown,Object Transfer,"The action of dropping a card onto a surface is a deliberate placement, which fits the criteria for 'Object Transfer'."
68430,37f4000f-e934-4799-957d-e89dc504fd07,1696.4341642803386,#C C drops another card.,Unknown,Object Transfer,"The action of dropping a card onto a surface is considered a deliberate placement, which fits the criteria for 'Object Transfer'."
68431,37f4000f-e934-4799-957d-e89dc504fd07,1697.1590542803383,#C C drops a card.,Unknown,Object Transfer,"The action of dropping a card onto a surface is considered a deliberate placement, which fits the criteria for 'Object Transfer'."
68432,37f4000f-e934-4799-957d-e89dc504fd07,1697.9659242803386,#C C drops a card.,Unknown,Object Transfer,"The action of dropping a card onto a surface is a deliberate placement, which fits the criteria for 'Object Transfer'."
68522,37f4000f-e934-4799-957d-e89dc504fd07,1908.1217949098564,#C C drops the dices.,Unknown,Object Transfer,"The action of dropping the dices is a deliberate placement onto a surface, which fits the criteria for 'Object Transfer'."
68535,37f4000f-e934-4799-957d-e89dc504fd07,1935.4200349098564,#O person X drops the dices.,Unknown,Object Transfer,"The action involves a deliberate placement of the dices onto a surface, which fits the criteria for Object Transfer."
68543,37f4000f-e934-4799-957d-e89dc504fd07,1952.3804149098564,#C C drops the dices.,Unknown,Object Transfer,"The action of dropping the dices is a deliberate placement onto a surface, which fits the criteria for 'Object Transfer'."
68556,37f4000f-e934-4799-957d-e89dc504fd07,1986.4415849098564,#O person X drops the cards.,Unknown,Object Transfer,"The action involves a deliberate placement of the cards onto a surface, which fits the criteria for Object Transfer."
68588,37f4000f-e934-4799-957d-e89dc504fd07,2074.3172449098565,#O person X drops cards.,Unknown,Object Transfer,"The action of dropping cards is a deliberate placement onto a surface, which fits the criteria for 'Object Transfer'."
68607,37f4000f-e934-4799-957d-e89dc504fd07,2136.3005049098565,#O person X drops the dices.,Unknown,Object Transfer,"The action involves a deliberate placement of the dices onto a surface, which fits the criteria for 'Object Transfer'."
68614,37f4000f-e934-4799-957d-e89dc504fd07,2154.7780849098567,#C C drops the dices.,Unknown,Object Transfer,"The action of dropping the dices onto a surface is a deliberate placement, which fits the criteria for 'Object Transfer'."
68625,37f4000f-e934-4799-957d-e89dc504fd07,2178.2137838115887,#C C drops a card.,Unknown,Object Transfer,"The action of dropping a card is a deliberate placement of the object onto a surface, which fits the criteria for 'Object Transfer'."
68626,37f4000f-e934-4799-957d-e89dc504fd07,2180.251233811589,#C C drops another card.,Unknown,Object Transfer,"The action of dropping a card is a deliberate placement onto a surface, which fits the criteria for 'Object Transfer'."
68627,37f4000f-e934-4799-957d-e89dc504fd07,2181.630823811589,#C C drops another card.,Unknown,Object Transfer,"The action of dropping a card onto a surface can be considered a deliberate placement, which fits the criteria for 'Object Transfer'."
68666,37f4000f-e934-4799-957d-e89dc504fd07,2293.3009838115886,#O person X drops the dices.,Unknown,Object Transfer,"The action of dropping the dices onto a surface is a deliberate placement, which fits the criteria for 'Object Transfer'."
68680,37f4000f-e934-4799-957d-e89dc504fd07,2318.990183811589,#C C drops the dices.,Unknown,Object Transfer,"The action of dropping the dices onto a surface is a deliberate placement, which fits the criteria for 'Object Transfer'."
68699,37f4000f-e934-4799-957d-e89dc504fd07,2362.121503811589,#C C drops the pellet.,Unknown,Object Transfer,"The action of dropping the pellet onto a surface is a deliberate placement, which fits the criteria for 'Object Transfer'."
68714,37f4000f-e934-4799-957d-e89dc504fd07,2395.7133838115888,#C C drops the dices.,Unknown,Object Transfer,"The action of dropping the dices is a deliberate placement onto a surface, which fits the criteria for 'Object Transfer'."
68754,37f4000f-e934-4799-957d-e89dc504fd07,2492.59599014948,#O person X drops the dices.,Unknown,Object Transfer,"The action involves a deliberate placement of the dices onto a surface, which fits the criteria for 'Object Transfer'."
68767,37f4000f-e934-4799-957d-e89dc504fd07,2560.38941014948,#O person X drops another card.,Unknown,Object Transfer,"The action of dropping another card is a deliberate placement onto a surface, which fits the criteria for Object Transfer."
69106,374832bf-f977-4e8b-b0e0-2f2ea1e38b5d,90.4342996,#C C drops the other scraper with his left hand.,Unknown,Object Transfer,"The action of dropping the scraper with his left hand is a deliberate placement of the object onto a surface, which fits the criteria for 'Object Transfer'."
69145,374832bf-f977-4e8b-b0e0-2f2ea1e38b5d,244.1726696,#C C drops the board on another table.,Unknown,Object Transfer,"The action of dropping the board onto another table is a deliberate placement, which fits the criteria for 'Object Transfer'."
69173,374832bf-f977-4e8b-b0e0-2f2ea1e38b5d,309.7296709546634,#C C drops the putty knife on the white paper,Unknown,Object Transfer,"The action of dropping the putty knife onto the white paper is a deliberate placement, which fits the criteria for 'Object Transfer'."
69181,374832bf-f977-4e8b-b0e0-2f2ea1e38b5d,326.6825309546634,#C C drops the bucket on the hot plate,Unknown,Object Transfer,"The action of dropping the bucket onto the hot plate is a deliberate placement of the object, which fits the criteria for 'Object Transfer'."
69193,374832bf-f977-4e8b-b0e0-2f2ea1e38b5d,355.6572409546634,#C C drops both putty knives on the white paper,Unknown,Object Transfer,"The action of dropping both putty knives onto the white paper indicates a deliberate placement of objects, which fits the criteria for 'Object Transfer'."
69197,374832bf-f977-4e8b-b0e0-2f2ea1e38b5d,370.0595809546634,#C C drops the bucket of glue in the bucket of hot water,Unknown,Object Transfer,"The action of dropping the bucket of glue into the bucket of hot water is a deliberate placement, which fits the criteria for 'Object Transfer'."
69205,374832bf-f977-4e8b-b0e0-2f2ea1e38b5d,399.9443209546634,#C C drops the putty knife in his right hand on the white paper,Unknown,Object Transfer,"The action of dropping the putty knife onto the white paper indicates a deliberate placement of the object, which fits the criteria for 'Object Transfer'."
69213,374832bf-f977-4e8b-b0e0-2f2ea1e38b5d,417.5655409546634,#C C drops one of the putty knives on the white paper,Unknown,Object Transfer,"The action of dropping one of the putty knives onto the white paper is a deliberate placement, which fits the criteria for 'Object Transfer'."
69220,374832bf-f977-4e8b-b0e0-2f2ea1e38b5d,472.8695509546634,#C C drops one of the putty knives on the white paper,Unknown,Object Transfer,"The action of dropping one of the putty knives onto the white paper is a deliberate placement, which fits the criteria for 'Object Transfer'."
69224,374832bf-f977-4e8b-b0e0-2f2ea1e38b5d,496.14739095466336,#C C drops one of the putty knives on the white paper,Unknown,Object Transfer,"The action of dropping one of the putty knives onto the white paper is a deliberate placement, which fits the criteria for 'Object Transfer'."
69231,374832bf-f977-4e8b-b0e0-2f2ea1e38b5d,535.9266509546634,#C C drops one of the putty knives on the white paper,Unknown,Object Transfer,"The action of dropping one of the putty knives onto the white paper is a deliberate placement, which fits the criteria for 'Object Transfer'."
69474,b29b29d2-8335-4307-b5d7-976fa2b38f28,338.3289709546634,#C C drops the dirt on the ground with his left hand.,Unknown,Object Transfer,"The action of dropping the dirt on the ground is a deliberate placement, which fits the criteria for 'Object Transfer'."
69477,b29b29d2-8335-4307-b5d7-976fa2b38f28,340.4155109546634,#C C drops the dirt on the ground with his left hand.,Unknown,Object Transfer,"The action of dropping the dirt on the ground with his left hand is a deliberate placement, which fits the criteria for 'Object Transfer'."
69506,b29b29d2-8335-4307-b5d7-976fa2b38f28,428.4970309546634,#C C drops the dirt on the ground with his right hand.,Unknown,Object Transfer,"The action of dropping the dirt on the ground is a deliberate placement, which fits the criteria for 'Object Transfer'."
69513,b29b29d2-8335-4307-b5d7-976fa2b38f28,440.25181095466337,#C C drops the dirt on the ground with his right hand.,Unknown,Object Transfer,"The action of dropping the dirt on the ground is a deliberate placement, which fits the criteria for 'Object Transfer'."
69621,b29b29d2-8335-4307-b5d7-976fa2b38f28,1028.4338209546634,#C C drops the dirt on the ground with his right hand.,Unknown,Object Transfer,"The action involves deliberately placing the dirt onto the ground, which fits the definition of 'Object Transfer' as a deliberate placement onto a surface."
69623,b29b29d2-8335-4307-b5d7-976fa2b38f28,1029.3347409546634,#C C drops the dirt on the ground with his left hand.,Unknown,Object Transfer,"The action involves deliberately placing the dirt onto the ground, which fits the criteria for Object Transfer."
69625,b29b29d2-8335-4307-b5d7-976fa2b38f28,1030.508580954663,#C C drops the dirt on the ground with his right hand.,Unknown,Object Transfer,"The action of dropping the dirt on the ground with his right hand is a deliberate placement, which fits the definition of 'Object Transfer'."
69629,b29b29d2-8335-4307-b5d7-976fa2b38f28,1034.2909609546632,#C C drops the dirt on the ground with his left hand.,Unknown,Object Transfer,"The action involves C deliberately placing the dirt on the ground with his left hand, which is a clear example of an Object Transfer action."
69657,b29b29d2-8335-4307-b5d7-976fa2b38f28,976.4921609546634,#C C drops the dirt in his right hand.,Unknown,Object Transfer,"The action of dropping the dirt onto a surface is a deliberate placement, which fits the criteria for 'Object Transfer'."
69671,b29b29d2-8335-4307-b5d7-976fa2b38f28,1150.1276752666663,#C C drops the white gallon on a pavement with his right hand.,Unknown,Object Transfer,"The action of dropping the white gallon onto the pavement can be considered a deliberate placement of the object onto a surface, which fits the criteria for 'Object Transfer'."
69673,b29b29d2-8335-4307-b5d7-976fa2b38f28,1153.6490952666666,#C C hits the potted plant with his right hand.,Unknown,Essential Operation,"The action of hitting the potted plant can be considered an essential operation as it involves an interaction with the plant, possibly to check if it is still alive or to dislodge something from it."
69821,b29b29d2-8335-4307-b5d7-976fa2b38f28,1928.884375266667,#C C drops the potted soil in his right hand on the pavement.,Unknown,Object Transfer,"The action of dropping the potted soil onto the pavement is a deliberate placement, which fits the criteria for 'Object Transfer'."
69827,b29b29d2-8335-4307-b5d7-976fa2b38f28,1936.4734152666665,#C C drops the potted soil in his left hand on the pavement.,Unknown,Object Transfer,"The action of dropping the potted soil onto the pavement is a deliberate placement, which fits the criteria for 'Object Transfer'."
69829,b29b29d2-8335-4307-b5d7-976fa2b38f28,1940.0579152666664,#C C drops the dirt in his right hand on the ground.,Unknown,Object Transfer,"The action involves deliberately placing the dirt from C's right hand onto the ground, which fits the criteria for Object Transfer."
69900,d9941963-10dd-49bc-badc-998c88cf1e18,459.6906709546634,#C C drops the flower pot in his left hands,Unknown,Object Transfer,"The action of dropping the flower pot is a deliberate placement, which fits the criteria for 'Object Transfer'."
69909,d9941963-10dd-49bc-badc-998c88cf1e18,523.7494309546634,#C C drops the flower pot on another flower pot with his right hand,Unknown,Object Transfer,"The action involves deliberately placing the flower pot onto another flower pot, which fits the criteria for Object Transfer."
69941,d9941963-10dd-49bc-badc-998c88cf1e18,607.5990876213301,#C C drops the hand trowel in a flower pot,Unknown,Object Transfer,"The action of dropping the hand trowel into the flower pot is a deliberate placement, which fits the criteria for 'Object Transfer'."
70124,d9941963-10dd-49bc-badc-998c88cf1e18,1330.5580042879965,#C C drops the plant on his left hand,Unknown,Object Transfer,"The action of dropping the plant onto his left hand is a deliberate placement, which fits the criteria for 'Object Transfer'."
70125,d9941963-10dd-49bc-badc-998c88cf1e18,1334.045144287997,#C C drops the roots of a plant,Unknown,Object Transfer,"The action involves dropping the roots of a plant, which is a deliberate placement of an object onto a surface, fitting the criteria for 'Object Transfer'."
71869,f42ae9c2-d43e-45af-8adb-02d0b16b2ef7,102.2288086,#C C drops a small piece of carrot,Unknown,Object Transfer,"The action of dropping a small piece of carrot is a deliberate placement onto a surface, which fits the criteria for 'Object Transfer'."
72021,f42ae9c2-d43e-45af-8adb-02d0b16b2ef7,697.2350693601798,#C C drops the knife,Unknown,Object Transfer,"The action of dropping the knife is a deliberate placement of the object onto a surface, which fits the criteria for 'Object Transfer'."
72047,f42ae9c2-d43e-45af-8adb-02d0b16b2ef7,793.8195193601797,#O man X drops the knife,Unknown,Object Transfer,The action of dropping the knife is a deliberate placement of an object onto a surface.
72063,f42ae9c2-d43e-45af-8adb-02d0b16b2ef7,846.1514676136719,#C C drops the knife,Unknown,Object Transfer,"The action involves deliberately placing an object (the knife) onto a surface, which fits the criteria for 'Object Transfer'."
72108,f42ae9c2-d43e-45af-8adb-02d0b16b2ef7,963.041417613672,#O man X drops the knife,Unknown,Object Transfer,"The action of dropping the knife is a deliberate placement of the object onto a surface, which fits the criteria for 'Object Transfer'."
72127,f42ae9c2-d43e-45af-8adb-02d0b16b2ef7,1011.411047613672,# C drops the cooking stick,Unknown,Object Transfer,"The action of dropping the cooking stick is a deliberate placement of an object onto a surface, which fits the criteria for 'Object Transfer'."
72130,f42ae9c2-d43e-45af-8adb-02d0b16b2ef7,1017.932397613672,#C C drops the knife,Unknown,Object Transfer,"The action of dropping the knife is a deliberate placement onto a surface, which fits the criteria for 'Object Transfer'."
72137,f42ae9c2-d43e-45af-8adb-02d0b16b2ef7,1024.612117613672,#C C drops a knife,Unknown,Object Transfer,"The action of dropping a knife is a deliberate placement onto a surface, which fits the criteria for 'Object Transfer'."
72139,f42ae9c2-d43e-45af-8adb-02d0b16b2ef7,1038.098757613672,#O man X drops a knife,Unknown,Object Transfer,"The action of dropping a knife is a deliberate placement onto a surface, which fits the criteria for 'Object Transfer'."
72235,f42ae9c2-d43e-45af-8adb-02d0b16b2ef7,1462.4707761385516,#C C wipes the grains down to the floor,Unknown,Object Transfer,"The action of wiping grains down to the floor can be interpreted as a form of deliberate placement or disposal, which falls under the 'Object Transfer' category."
72629,83f18213-f8f8-44fa-b9ce-104c6ddbcd57,29.035575266666665,#C C drops #unsure,Unknown,Object Transfer,"The action of dropping an object onto a surface is considered a deliberate placement, which falls under the 'Object Transfer' category."
72632,83f18213-f8f8-44fa-b9ce-104c6ddbcd57,46.35533526666667,#C C drops #unsure,Unknown,Object Transfer,"The action of dropping an object onto a surface is considered a deliberate placement, which fits the 'Object Transfer' category."
72645,83f18213-f8f8-44fa-b9ce-104c6ddbcd57,118.90051526666666,#C C drops #unsure,Unknown,Object Transfer,"The action of dropping an object onto a surface is considered a deliberate placement, which falls under the 'Object Transfer' category."
72646,83f18213-f8f8-44fa-b9ce-104c6ddbcd57,120.75567526666666,#C C drops #unsure,Unknown,Object Transfer,"The action of dropping an object is considered a deliberate placement onto a surface, which fits the criteria for 'Object Transfer'."
72657,83f18213-f8f8-44fa-b9ce-104c6ddbcd57,193.41609526666667,#C C dops the bottle,Unknown,Object Transfer,"The action of dropping the bottle is a deliberate placement of the object onto a surface, which fits the criteria for 'Object Transfer'."
72661,83f18213-f8f8-44fa-b9ce-104c6ddbcd57,206.20232526666663,#C C drops the spray,Unknown,Object Transfer,"The action of dropping the spray is a deliberate placement of the object onto a surface, which fits the criteria for 'Object Transfer'."
72665,83f18213-f8f8-44fa-b9ce-104c6ddbcd57,242.40169526666665,#C C drops the towel,Unknown,Object Transfer,"The action of dropping the towel is a deliberate placement of the object onto a surface, which fits the criteria for 'Object Transfer'."
72683,83f18213-f8f8-44fa-b9ce-104c6ddbcd57,330.50481526666664,#C C looses a bulb holder,Unknown,Object Transfer,"The action of 'loosing a bulb holder' indicates a deliberate placement or manipulation of the bulb holder, which fits the criteria for an Object Transfer action."
72897,83f18213-f8f8-44fa-b9ce-104c6ddbcd57,1291.5352452666666,#C C drops a cloth,Unknown,Object Transfer,"The action of dropping a cloth is a deliberate placement onto a surface, which fits the criteria for 'Object Transfer'."
72919,83f18213-f8f8-44fa-b9ce-104c6ddbcd57,1400.7078452666667,#O O drops a chair,Unknown,Object Transfer,"The action of dropping a chair is a deliberate placement onto a surface, which fits the criteria for 'Object Transfer'."
72921,83f18213-f8f8-44fa-b9ce-104c6ddbcd57,1405.3386352666666,#O O drops a piece of cloth,Unknown,Object Transfer,"The action of dropping a piece of cloth is a deliberate placement onto a surface, which fits the criteria for 'Object Transfer'."
72936,83f18213-f8f8-44fa-b9ce-104c6ddbcd57,1453.6267852666665,#C C drops a bicycle pump #unsure,Unknown,Object Transfer,"The action of dropping the bicycle pump onto a surface is a deliberate placement, which fits the criteria for 'Object Transfer'."
72940,83f18213-f8f8-44fa-b9ce-104c6ddbcd57,1469.4271152666663,#C C drops cloths,Unknown,Object Transfer,"The action of dropping cloths is a deliberate placement onto a surface, which fits the criteria for 'Object Transfer'."
72944,83f18213-f8f8-44fa-b9ce-104c6ddbcd57,1481.8888552666665,#C C drops a paper bag,Unknown,Object Transfer,"The action of dropping a paper bag is a deliberate placement onto a surface, which fits the criteria for Object Transfer."
72965,83f18213-f8f8-44fa-b9ce-104c6ddbcd57,1565.0110052666666,#C C drops a rope,Unknown,Object Transfer,"The action of dropping a rope is a deliberate placement of the object onto a surface, which fits the criteria for 'Object Transfer'."
73224,0b703793-134a-4889-bc40-c19328d8f7cd,542.1582419791666,#C C drops the glass cup close to the window with her right hand. #unsure,Unknown,Object Transfer,"The action involves C dropping a glass cup close to the window, which is a deliberate placement of an object onto a surface."
73350,0b703793-134a-4889-bc40-c19328d8f7cd,1420.3530242879967,#O child Z lets go of the bowl.,Unknown,Object Transfer,"The action of letting go of the bowl is a deliberate placement of the object onto a surface, which fits the criteria for 'Object Transfer'."
73602,0b703793-134a-4889-bc40-c19328d8f7cd,2278.2573486,#C C lets go of #unsure on the head.,Unknown,Object Transfer,"The action of letting go of something on the head can be considered a deliberate placement or removal, which falls under the 'Object Transfer' category."
73706,7f53fc56-d792-483c-9243-71796f4a47e5,14.53696,#C C drops the sawing machine on the metal workbench with his hands,Unknown,Object Transfer,"The action of dropping the sawing machine onto the metal workbench is a deliberate placement, which fits the criteria for 'Object Transfer'."
73763,7f53fc56-d792-483c-9243-71796f4a47e5,167.065,#C C drops the tape measure on the metal workbench with his left hand,Unknown,Object Transfer,"The action of dropping the tape measure onto the metal workbench is a deliberate placement, which fits the criteria for 'Object Transfer'."
73824,7f53fc56-d792-483c-9243-71796f4a47e5,404.547,#C C drops the measuring tape on the metal work bench with his left hand,Unknown,Object Transfer,"The action of dropping the measuring tape onto the metal work bench is a deliberate placement, which fits the criteria for 'Object Transfer'."
73825,7f53fc56-d792-483c-9243-71796f4a47e5,405.05834,#C C drops the carpenter pencil on the metal work bench with his right hand,Unknown,Object Transfer,"The action involves deliberately placing the carpenter pencil onto the metal work bench, which fits the criteria for 'Object Transfer'."
73852,7f53fc56-d792-483c-9243-71796f4a47e5,489.79431,#C C drops the carpenter pencil on the metal work bench with his right hand,Unknown,Object Transfer,"The action involves deliberately placing the carpenter pencil onto the metal work bench, which fits the criteria for an Object Transfer action."
73887,7f53fc56-d792-483c-9243-71796f4a47e5,636.2118866666667,#C C drops the pencil on the white Jotter with his right hand,Unknown,Object Transfer,"The action of dropping the pencil onto the white Jotter is a deliberate placement, which fits the criteria for 'Object Transfer'."
73909,7f53fc56-d792-483c-9243-71796f4a47e5,693.5136566666666,#C C drops the tape measure on the metal workbench with his right hand,Unknown,Object Transfer,"The action of dropping the tape measure onto the metal workbench is a deliberate placement, which fits the criteria for 'Object Transfer'."
73989,01d793c6-e235-4af1-8a1d-c70dcf0c8654,14.4076496,#C C drops the spirit level beside the window.,Unknown,Object Transfer,"The action of dropping the spirit level beside the window is a deliberate placement of the object onto a surface, which fits the criteria for 'Object Transfer'."
73997,01d793c6-e235-4af1-8a1d-c70dcf0c8654,41.8693496,#C C drops the spirit level beside the window.,Unknown,Object Transfer,"The action of dropping the spirit level beside the window is a deliberate placement, which fits the criteria for 'Object Transfer'."
74009,01d793c6-e235-4af1-8a1d-c70dcf0c8654,79.9657996,#C C drops the power drill.,Unknown,Object Transfer,"The action of dropping the power drill can be considered a deliberate placement of the object onto a surface, which fits the criteria for 'Object Transfer'."
74014,01d793c6-e235-4af1-8a1d-c70dcf0c8654,91.0128596,#C C drops the spirit level on the ground.,Unknown,Object Transfer,"The action of dropping the spirit level onto the ground is a form of deliberate placement, which falls under the 'Object Transfer' category."
74029,01d793c6-e235-4af1-8a1d-c70dcf0c8654,163.3824596,#C C drops the plier.,Unknown,Object Transfer,"The action of dropping the plier is a deliberate placement of the object onto a surface, which fits the criteria for 'Object Transfer'."
74048,01d793c6-e235-4af1-8a1d-c70dcf0c8654,247.7255996,#C C drops the folding wood ruler.,Unknown,Object Transfer,"The action of dropping the folding wood ruler onto a surface is a deliberate placement, which fits the criteria for 'Object Transfer'."
74052,01d793c6-e235-4af1-8a1d-c70dcf0c8654,265.27664960000004,#C C drops the hacksaw.,Unknown,Object Transfer,"The action of dropping the hacksaw indicates a deliberate placement of the object onto a surface, which fits the criteria for 'Object Transfer'."
74056,01d793c6-e235-4af1-8a1d-c70dcf0c8654,275.9154796,#C C drops the pen.,Unknown,Object Transfer,"The action of dropping the pen is a deliberate placement of the object onto a surface, which fits the criteria for 'Object Transfer'."
74513,686b4d50-3820-4157-bcf4-80d6feaebc7e,117.2120186,#C C drops the resistance band with his left hand.,Unknown,Object Transfer,"The action of dropping the resistance band with his left hand is a deliberate placement onto a surface, which fits the criteria for 'Object Transfer'."
74636,686b4d50-3820-4157-bcf4-80d6feaebc7e,399.7969586,#C C drops the resistance band with his right hand.,Unknown,Object Transfer,"The action of dropping the resistance band with his right hand is a deliberate placement of the object onto a surface, which fits the criteria for 'Object Transfer'."
74748,686b4d50-3820-4157-bcf4-80d6feaebc7e,677.0897886,#C C drops the resistance band with his right hand.,Unknown,Object Transfer,"The action of dropping the resistance band with his right hand is a deliberate placement onto a surface, which fits the criteria for 'Object Transfer'."
74832,686b4d50-3820-4157-bcf4-80d6feaebc7e,919.7881986,#C C drops the resistance bands with both hands.,Unknown,Object Transfer,"The action of dropping the resistance bands with both hands is a deliberate placement onto a surface, which fits the criteria for 'Object Transfer'."
74860,686b4d50-3820-4157-bcf4-80d6feaebc7e,984.7032286,#C C drops the resistance bands with both hands.,Unknown,Object Transfer,"The action of dropping the resistance bands with both hands is a deliberate placement onto a surface, which fits the criteria for 'Object Transfer'."
74881,686b4d50-3820-4157-bcf4-80d6feaebc7e,1061.4050186,#C C drops the resistance bands with both hands.,Unknown,Object Transfer,"The action of dropping the resistance bands with both hands is a deliberate placement onto a surface, which fits the criteria for 'Object Transfer'."
75183,18c05110-1ef1-4da2-8b59-c80bf0cc9751,1022.0629109546634,#C C drops a paper on the chair,Unknown,Object Transfer,"The action of dropping a paper onto a chair is a deliberate placement, which fits the criteria for 'Object Transfer'."
75188,18c05110-1ef1-4da2-8b59-c80bf0cc9751,1043.3765509546631,#C C drops a cloth,Unknown,Object Transfer,"The action of dropping a cloth is a deliberate placement onto a surface, which fits the criteria for Object Transfer."
75199,18c05110-1ef1-4da2-8b59-c80bf0cc9751,1058.6945009546637,#C C drops #unsure,Unknown,Object Transfer,"The current action involves C dropping an object, which is a deliberate placement onto a surface. This fits the criteria for 'Object Transfer'."
75410,18c05110-1ef1-4da2-8b59-c80bf0cc9751,2207.379970954664,#C C drops the plate on the gas,Unknown,Object Transfer,"The action of dropping the plate onto the gas stove is a deliberate placement of the object, which fits the criteria for 'Object Transfer'."
75732,2fa81cfe-e0d4-42e5-be39-e14287215bd2,1059.8957882617306,#C C touches the #unsure,Unknown,Search,"The action of touching an object typically indicates an attempt to identify or locate something, which falls under the 'Search' category."
76039,2fa81cfe-e0d4-42e5-be39-e14287215bd2,2053.068670126578,#C C screams,Unknown,Essential Operation,"Screaming is an essential operation that expresses an emotional state, rather than a physical action related to locomotion, object transfer, search, or stationary behavior."
76099,2fa81cfe-e0d4-42e5-be39-e14287215bd2,2193.5641831540365,#C C drops tissue,Unknown,Object Transfer,"The action of dropping a tissue is a deliberate placement onto a surface, which fits the criteria for 'Object Transfer'."
76297,f71187bc-cead-407d-ad14-62812993b6a3,1163.1498819333333,#C C drops his phone,Unknown,Object Transfer,"The action of dropping the phone onto a surface can be considered a deliberate placement, which fits the criteria for 'Object Transfer'."
76302,f71187bc-cead-407d-ad14-62812993b6a3,1246.9804819333333,#C C drops the left hand from the broom,Unknown,Object Transfer,"The action of dropping the left hand from the broom indicates a deliberate placement of the hand, which is a form of object transfer as the hand is no longer holding the broom."
76433,f71187bc-cead-407d-ad14-62812993b6a3,2215.1686286000004,#C C steps on a broom,Unknown,Locomotion,"The current action involves C stepping on a broom, which is a movement related to locomotion rather than holding or sweeping with the broom."
76437,f71187bc-cead-407d-ad14-62812993b6a3,2229.4562986,#C C fixes a camera,Unknown,Essential Operation,"The current action involves fixing a camera, which is a deliberate and purposeful activity that does not involve locomotion, object transfer, search, or stationary behavior."
76502,f71187bc-cead-407d-ad14-62812993b6a3,2393.6976686000003,#C C fixes a camera,Unknown,Essential Operation,"Fixing a camera is a deliberate and purposeful action, which falls under the category of performing a necessary task or operation."
76563,f71187bc-cead-407d-ad14-62812993b6a3,2585.3519186000003,#C C drops the soap,Unknown,Object Transfer,"The action of dropping the soap is a deliberate placement of the object onto a surface, which fits the criteria for 'Object Transfer'."
76700,38473fe0-8311-44f0-a976-46a1eef5c6d6,9.660909599999998,#C C losses a nut on the bicycle rim. #unsure,Unknown,Object Transfer,"The action involves losing a nut, which can be interpreted as an unintentional placement or transfer of the nut onto the bicycle rim."
76739,38473fe0-8311-44f0-a976-46a1eef5c6d6,80.45458959999999,#C C drops the valve on the workbench.,Unknown,Object Transfer,"The action of dropping the valve onto the workbench is a deliberate placement, which fits the criteria for 'Object Transfer'."
76774,38473fe0-8311-44f0-a976-46a1eef5c6d6,191.7268896,#C C drops the pump on the workbench.,Unknown,Object Transfer,"The action of dropping the pump onto the workbench is a deliberate placement, which fits the criteria for 'Object Transfer'."
76872,b963268a-e7af-4265-b74b-e04031fef505,449.94008,#C C drops the sandpaper from her right hand,Unknown,Object Transfer,"The action of dropping the sandpaper from her right hand is a deliberate placement of the object onto a surface, which fits the criteria for 'Object Transfer'."
77022,b963268a-e7af-4265-b74b-e04031fef505,1445.3245233333332,#C C drops his left hand.,Unknown,Stationary,"The action of dropping the left hand indicates a change in position or end of an interaction, which falls under the 'Stationary' category as it signifies a pause or end of a deliberate action."
77136,40a83cc4-0e1e-4de4-8a7b-d028ecd0c214,642.4284666666666,#C C twists the cable,Unknown,Essential Operation,"Twisting a cable is an action that typically involves manipulating an object for a specific purpose, such as organizing or preparing a device for use."
77429,4c53aaac-76f0-4874-ab1c-738286b9698e,336.3712009546634,#C C breaks #unsure with strainer spoon,Unknown,Essential Operation,The action of breaking something with a strainer spoon is considered an essential operation as it involves altering the state of an object for a specific purpose.
77540,4c53aaac-76f0-4874-ab1c-738286b9698e,609.0202952666667,#C C shakes the lid,Unknown,Locomotion,"Shaking an object is considered a form of manipulation that involves movement, which falls under the category of Locomotion."
77744,466019aa-4c4c-415a-b8b6-a87c0a61fe8f,82.4332896,#C C beats #unsure,Unknown,Locomotion,"The action 'beats' in this context does not fit into categories like 'Essential Operation', 'Object Transfer', 'Search', or 'Stationary'. It suggests some form of movement or action that involves the use of force, which is more aligned with 'Locomotion'."
77745,466019aa-4c4c-415a-b8b6-a87c0a61fe8f,84.0440696,#C C makes a sound,Unknown,Essential Operation,"The current action of making a sound is likely an essential operation, such as clearing the throat or making a noise to get attention, rather than locomotion, search, object transfer, or a stationary action."
77756,466019aa-4c4c-415a-b8b6-a87c0a61fe8f,101.1099696,#C C catches #unsure,Unknown,Object Transfer,"The action of catching an object indicates a deliberate placement or acquisition of an item, which falls under the category of Object Transfer."
77829,466019aa-4c4c-415a-b8b6-a87c0a61fe8f,394.7860209546634,#C C pulls nose,Unknown,Essential Operation,"Pulling the nose is a common personal grooming action, which falls under the category of Essential Operation."
77933,466019aa-4c4c-415a-b8b6-a87c0a61fe8f,706.0067552666667,#C C catches a fly,Unknown,Object Transfer,"The action of catching a fly can be considered as a form of object transfer, as the subject is deliberately interacting with and capturing the fly."
78125,466019aa-4c4c-415a-b8b6-a87c0a61fe8f,1204.0438742879967,#C C exchanges,Unknown,Object Transfer,"The action of exchanging an object, such as a brush, indicates a deliberate placement or transfer of the object, which fits the 'Object Transfer' category."
78379,1fae6ecb-2ad9-4160-b388-c34e7d018915,343.59951526666663,#C C drops the lid,Unknown,Object Transfer,"The current action involves deliberately placing the lid onto a surface, which fits the definition of an Object Transfer action."
79646,2e04b2bb-e5d3-4f66-a16e-f7756e14e749,1897.38827,#C C Throws the syringe on the table,Unknown,Object Transfer,"The action of throwing the syringe onto the table can be considered a form of deliberate placement, even though it is not a gentle or controlled movement. The act of throwing the syringe onto the table is a transfer of the object from one location (in C's hand) to another location (on the table)."
79657,2e04b2bb-e5d3-4f66-a16e-f7756e14e749,1998.98493,#C C grabs a cobas influenza machine,Unknown,Object Transfer,"The action of grabbing a cobas influenza machine is a deliberate placement or interaction with an object, which fits the 'Object Transfer' category."
79707,2e04b2bb-e5d3-4f66-a16e-f7756e14e749,2206.565243333333,#C C suckles chemicals from a test tube,Unknown,Essential Operation,"The current action involves consuming chemicals from a test tube, which is a necessary operation for the character, not a transfer or search for objects."
79711,2e04b2bb-e5d3-4f66-a16e-f7756e14e749,2222.130353333333,#C C staps the test tube with the chemical by finger,Unknown,Essential Operation,"The action of stapling the test tube with the chemical by finger is likely a part of the ongoing process of handling and securing the test tube containing the poured chemicals, which is an essential operation in the context of the experiment."
79743,2e04b2bb-e5d3-4f66-a16e-f7756e14e749,2293.829763333333,#C C grabs the cobas influenza machine,Unknown,Object Transfer,"The action of grabbing the cobas influenza machine indicates a deliberate interaction with an object, which aligns with the 'Object Transfer' category as it involves picking up or handling an item."
80234,9e7fa594-5774-4681-a034-50a5c83cff8f,972.2368452666668,#C C drops #unsure,Unknown,Object Transfer,"The current action involves C dropping an object, which is a deliberate placement onto a surface. This fits the criteria for 'Object Transfer'."
82041,a17b1c4f-3654-4385-b4eb-1a0f574a2a35,161.3894886,#c c touches the floor with the hands,Unknown,Object Transfer,"The action of touching the floor with the hands is likely a deliberate placement or interaction with the surface, which fits the 'Object Transfer' category."
82094,a17b1c4f-3654-4385-b4eb-1a0f574a2a35,519.2114087027318,#c c drops the left hand,Unknown,Stationary,"The action of dropping the left hand is a deliberate placement, but it does not involve transferring an object. Therefore, it is classified as a stationary action."
82132,a17b1c4f-3654-4385-b4eb-1a0f574a2a35,696.7841221677083,#c c spreads the hands on the floor,Unknown,Stationary,"The action of spreading the hands on the floor is a stationary action as it does not involve locomotion, essential operation, search, or object transfer. It is a preparatory or positioning action."
82136,a17b1c4f-3654-4385-b4eb-1a0f574a2a35,703.9221721677084,#c c drops the legs,Unknown,Stationary,"The action of dropping the legs is a continuation of the previous stationary actions, indicating a consistent pattern of movement without changing location or performing a different type of action."
82138,a17b1c4f-3654-4385-b4eb-1a0f574a2a35,707.8872321677084,#c c drops the legs,Unknown,Stationary,"The action of dropping the legs is a continuation of the previous stationary actions, indicating a change in posture rather than movement or interaction with objects."
82821,bd970f5b-3fd9-4ae9-9f2b-738e8ca54c1e,1498.6795497735025,#C C drops the fork,Unknown,Object Transfer,"The action of dropping the fork is a deliberate placement onto a surface, which fits the criteria for 'Object Transfer'."
83029,226397c1-fc61-40bc-8d90-02a2c27ff864,2017.1951879896485,#C C drops the pawn,Unknown,Object Transfer,"The action involves deliberately placing the pawn on the chess board, which fits the definition of 'Object Transfer'."
83482,dafc3206-3b70-4f43-b386-e0d01a3516a7,216.6432296,#C C drops the clothe,Unknown,Object Transfer,"The action of dropping the cloth is a deliberate placement, which fits the criteria for 'Object Transfer'."
83499,dafc3206-3b70-4f43-b386-e0d01a3516a7,234.8074396,#C C screeches the sock,Unknown,Object Transfer,"The action of screeching the sock suggests that C is manipulating the sock, likely to place it somewhere or to perform a specific action with it, which aligns with the definition of Object Transfer."
83501,dafc3206-3b70-4f43-b386-e0d01a3516a7,235.1941796,#C C screeches the sock,Unknown,Essential Operation,"The action 'screeches the sock' seems to be an essential operation, possibly indicating a sound or action related to the sock that is not a transfer, locomotion, search, or stationary action."
83768,dafc3206-3b70-4f43-b386-e0d01a3516a7,723.8011709546633,#C C drops both hands,Unknown,Stationary,"The current action of dropping both hands suggests that C has completed a task and is now in a stationary position, likely preparing for the next action or resting."
84030,dafc3206-3b70-4f43-b386-e0d01a3516a7,1220.7353209546632,#C C drops the left hand,Unknown,Object Transfer,"The action of dropping the left hand is a deliberate placement onto a surface, which fits the criteria for 'Object Transfer'."
84081,dafc3206-3b70-4f43-b386-e0d01a3516a7,1298.702210954663,#C C drops the right hand,Unknown,Stationary,"The action of dropping the right hand is a deliberate placement, but it does not involve transferring an object. It is more accurately classified as a stationary action as it indicates a pause or end to movement."
84628,54676f57-9218-4c14-8b4e-116e61797de8,339.93715526666665,#C C drops the frying spoon,Unknown,Object Transfer,"The action of dropping the frying spoon onto a surface is a deliberate placement, which fits the criteria for 'Object Transfer'."
84635,54676f57-9218-4c14-8b4e-116e61797de8,354.8306252666667,#C C drops the spoon,Unknown,Object Transfer,"The action of dropping the spoon is a deliberate placement of the object onto a surface, which fits the criteria for 'Object Transfer'."
84639,54676f57-9218-4c14-8b4e-116e61797de8,361.86602526666667,#C C drops the scouring pad,Unknown,Object Transfer,"The action of dropping the scouring pad is a deliberate placement of the object onto a surface, which fits the criteria for 'Object Transfer'."
84642,54676f57-9218-4c14-8b4e-116e61797de8,373.16891526666666,#C C drops the plate,Unknown,Object Transfer,"The action of dropping the plate is a deliberate placement onto a surface, which fits the criteria for 'Object Transfer'."
84821,54676f57-9218-4c14-8b4e-116e61797de8,1330.836101933333,#C C drops a folk,Unknown,Object Transfer,"The action of dropping a fork is a deliberate placement of the object onto a surface, which fits the criteria for 'Object Transfer'."
84900,54676f57-9218-4c14-8b4e-116e61797de8,1809.1515019333333,#C C fixes the camera,Unknown,Essential Operation,"Fixing the camera is a deliberate action aimed at maintaining or improving the functionality of the camera, which falls under essential operations."
84997,9fd11936-e3e9-4043-b2ef-a29c3b3575ed,267.20415,#C C touches a wire,Unknown,Essential Operation,"The current action involves touching a wire, which is an essential operation rather than locomotion, object transfer, search, or a stationary action."
85014,9fd11936-e3e9-4043-b2ef-a29c3b3575ed,287.44368,#C C touches on a wire,Unknown,Search,"The action of touching a wire suggests that C is searching or examining the wire, which falls under the 'Search' category."
85060,9fd11936-e3e9-4043-b2ef-a29c3b3575ed,474.22995,#C C fixes #unsure,Unknown,Essential Operation,"The action 'fixes #unsure' indicates that the person is performing a task or operation that is essential to their current activity, likely to resolve an issue or complete a necessary step."
85063,9fd11936-e3e9-4043-b2ef-a29c3b3575ed,487.75919,#C C fixes #unsure,Unknown,Essential Operation,"The action 'fixes #unsure' suggests that C is attempting to resolve or correct something, which is an essential operation rather than a search or stationary action."
85065,9fd11936-e3e9-4043-b2ef-a29c3b3575ed,493.09619,#C C fixes #unsure,Unknown,Essential Operation,"The action of fixing something is typically an essential operation, as it involves making necessary adjustments or repairs."
85072,9fd11936-e3e9-4043-b2ef-a29c3b3575ed,516.92862,#C C fixes #unsure,Unknown,Essential Operation,"The action 'fixes #unsure' appears to be a continuation of an essential operation, such as troubleshooting or repairing something."
85074,9fd11936-e3e9-4043-b2ef-a29c3b3575ed,518.91553,#C C fixes #unsure,Unknown,Essential Operation,"The action of fixing something is a deliberate and purposeful activity, which falls under the category of Essential Operation."
85095,9fd11936-e3e9-4043-b2ef-a29c3b3575ed,854.0355333333333,#C C fixes #unsure,Unknown,Essential Operation,"The action 'fixes #unsure' indicates that the person is performing a necessary task or operation, likely to resolve an issue or ensure something is in working order."
85107,9fd11936-e3e9-4043-b2ef-a29c3b3575ed,870.9990233333333,#O Man Q fixes #unsure,Unknown,Stationary,"The action of 'fixing' at the back of the head is a deliberate placement, but it is more accurately categorized as a stationary action since it involves a focused, non-locomotive activity."
85153,9fd11936-e3e9-4043-b2ef-a29c3b3575ed,1043.5939533333333,#C C fixes #unsure,Unknown,Essential Operation,"The current action involves C fixing something, which is a deliberate and purposeful action that falls under the category of Essential Operation."
85156,9fd11936-e3e9-4043-b2ef-a29c3b3575ed,1051.3288833333334,#C C fixes #unsure,Unknown,Essential Operation,"The current action appears to be a deliberate action to resolve an issue or fix something, which aligns with the 'Essential Operation' category."
85201,9fd11936-e3e9-4043-b2ef-a29c3b3575ed,1236.9323366666667,#C C fixes #unsure,Unknown,Essential Operation,The action of fixing something is considered an essential operation as it involves performing a necessary task to maintain or repair an object.
85284,9fd11936-e3e9-4043-b2ef-a29c3b3575ed,1628.086976,#C C fixes #unsure,Unknown,Essential Operation,"The action 'fixes #unsure' appears to be a continuation of an essential operation, such as adjusting or fixing something."
85287,9fd11936-e3e9-4043-b2ef-a29c3b3575ed,1633.756686,#C C fixes #unsure,Unknown,Essential Operation,"The action of fixing something is typically an essential operation, as it involves making adjustments or repairs to an object or situation."
85373,9fd11936-e3e9-4043-b2ef-a29c3b3575ed,1917.41952,#C C inserts finger in #unsure,Unknown,Object Transfer,"The action of inserting a finger into something can be considered a deliberate placement or interaction with an object, which fits the 'Object Transfer' category."
85389,9fd11936-e3e9-4043-b2ef-a29c3b3575ed,1974.15418,#C C turns clothe,Unknown,Essential Operation,"The action of turning a cloth is typically part of a routine cleaning or maintenance task, which falls under the category of Essential Operation."
85421,9fd11936-e3e9-4043-b2ef-a29c3b3575ed,2132.146379333333,#C C inserts finger in #unsure,Unknown,Essential Operation,"The action of inserting a finger into something is typically an essential operation, such as feeling for something or manipulating an object."
85430,9fd11936-e3e9-4043-b2ef-a29c3b3575ed,2159.234649333333,#C C inserts clothe in #unsure,Unknown,Object Transfer,"The action of inserting a cloth into an unsure location indicates a deliberate placement, which fits the criteria for 'Object Transfer'."
85518,9fd11936-e3e9-4043-b2ef-a29c3b3575ed,2544.5996133333333,#C C inserts fingers in #unsure,Unknown,Essential Operation,"The action of inserting fingers into an object or surface is typically associated with performing a necessary task or operation, such as opening something or feeling for something."
85530,9fd11936-e3e9-4043-b2ef-a29c3b3575ed,2602.273383333333,#C C touches on a #unsure,Unknown,Stationary,"The current action involves C touching an unsure object, which is a stationary action as it does not involve movement or transfer of objects."
85541,9fd11936-e3e9-4043-b2ef-a29c3b3575ed,2660.4123226666666,#C C touches on a #unsure,Unknown,Essential Operation,"The action of touching an object, even if unsure of what it is, typically indicates an interaction with an essential item or performing a necessary task."
85575,9fd11936-e3e9-4043-b2ef-a29c3b3575ed,2964.919966666667,#C C does #unsure,Unknown,Object Transfer,"The current action appears to be a continuation of the previous actions, which involved placing an item into a blue box. This suggests that the person is still engaged in the process of transferring objects."
85641,9fd11936-e3e9-4043-b2ef-a29c3b3575ed,3409.5971100000006,#C C rotates #unsure,Unknown,Stationary,The action of rotating in place without moving to a new location or performing a specific task indicates a stationary behavior.
85914,0971527a-6cd3-4c82-9d94-09b3565f4505,389.08651095466337,#C C drops the wire in his right hand,Unknown,Object Transfer,"The action of dropping the wire in his right hand is a deliberate placement of the object onto a surface, which fits the criteria for 'Object Transfer'."
86014,0971527a-6cd3-4c82-9d94-09b3565f4505,643.0979776213301,#C C drops the scissors on the ground #unsure,Unknown,Object Transfer,"The action of dropping the scissors onto the ground is a deliberate placement of the object onto a surface, which fits the criteria for 'Object Transfer'."
86021,de8ea8a7-6bdb-4679-9b17-9dc6a79e45e7,7.852579599999999,#C C drops the phone on a chair with his right hand.,Unknown,Object Transfer,"The action of dropping the phone onto a chair is a deliberate placement of an object onto a surface, which fits the criteria for 'Object Transfer'."
86117,de8ea8a7-6bdb-4679-9b17-9dc6a79e45e7,1231.8579709546632,#C C drops the phone.,Unknown,Object Transfer,"The action of dropping the phone is a deliberate placement onto a surface, which fits the criteria for 'Object Transfer'."
86118,de8ea8a7-6bdb-4679-9b17-9dc6a79e45e7,1173.1159709546632,#C C drops the phone.,Unknown,Object Transfer,"The action of dropping the phone is a deliberate placement of the object onto a surface, which fits the criteria for 'Object Transfer'."
86317,713602ca-86fa-40d1-bdab-371115b37fc9,975.5021052666668,#C C splash water on the wall,Unknown,Essential Operation,"The action of splashing water on the wall is an essential operation, such as cleaning or interacting with the environment, rather than locomotion, object transfer, search, or a stationary action."
86324,713602ca-86fa-40d1-bdab-371115b37fc9,985.4433552666668,#C C stairs cement,Unknown,Locomotion,"The current action describes C moving up or down stairs, which is a form of locomotion."
86383,713602ca-86fa-40d1-bdab-371115b37fc9,1313.3409342879966,#C C drops tape measure,Unknown,Object Transfer,"The action of dropping the tape measure is a deliberate placement of the object onto a surface, which fits the definition of 'Object Transfer'."
86400,713602ca-86fa-40d1-bdab-371115b37fc9,1417.6232352666666,#C C drops down the bucket,Unknown,Object Transfer,"The action of dropping the bucket is a deliberate placement of the object onto a surface, which fits the criteria for 'Object Transfer'."
88035,0dedbbb0-d1a4-4231-a980-2b43acc08cb2,258.6900286,#C C shakes the potted plant,Unknown,Essential Operation,"Shaking the potted plant does not fit into the categories of Locomotion, Object Transfer, Search, or Stationary. It is an action that seems to serve a specific purpose, such as checking the plant's condition or removing excess water, which falls under Essential Operation."
88059,0dedbbb0-d1a4-4231-a980-2b43acc08cb2,345.1220394185429,#C C drops the pebble,Unknown,Object Transfer,"The action of dropping the pebble is a deliberate placement onto a surface, which fits the criteria for 'Object Transfer'."
88784,ae0300cd-994f-4e7d-9d61-78c823c292b6,19.6825286,#C C adds #unsure in the cooking pot,Unknown,Object Transfer,"The action involves adding an item into the cooking pot, which is a deliberate placement of an object."
89555,12bf3659-40c4-4094-a4d3-507ec04bc512,289.28659731263707,#C C drops the broccoli,Unknown,Object Transfer,"The action of dropping the broccoli is a deliberate placement of the object onto a surface, which fits the criteria for 'Object Transfer'."
89558,12bf3659-40c4-4094-a4d3-507ec04bc512,292.48502731263704,#C C drops the broccoli,Unknown,Object Transfer,"The action of dropping the broccoli is a deliberate placement, which fits the criteria for 'Object Transfer'."
89565,12bf3659-40c4-4094-a4d3-507ec04bc512,303.47076731263707,#C C drops the broccoli on the fridge,Unknown,Object Transfer,"The action involves deliberately placing the broccoli onto the fridge, which fits the criteria for an Object Transfer."
89648,12bf3659-40c4-4094-a4d3-507ec04bc512,454.00721731263707,#C C drops the scale scale of the fish fillet on the tin,Unknown,Object Transfer,"The action of dropping the scale onto the tin is a deliberate placement, which fits the criteria for 'Object Transfer'."
90702,6ab72273-4324-4cec-aad4-1a644b57356b,827.952327613672,#C C drops a bucket,Unknown,Object Transfer,"The action of dropping a bucket is a deliberate placement of the object onto a surface, which fits the criteria for 'Object Transfer'."
90705,6ab72273-4324-4cec-aad4-1a644b57356b,836.4131876136719,#C C drops a brush,Unknown,Object Transfer,"The action of dropping a brush is a deliberate placement onto a surface, which fits the criteria for 'Object Transfer'."
90708,6ab72273-4324-4cec-aad4-1a644b57356b,848.9988276136719,#C C drops a liquid soap,Unknown,Object Transfer,"The action of dropping a liquid soap is a deliberate placement of an object onto a surface, which fits the criteria for 'Object Transfer'."
90714,6ab72273-4324-4cec-aad4-1a644b57356b,860.4564076136719,#C C drops a liquid soap,Unknown,Object Transfer,"The action of dropping a liquid soap is a deliberate placement of the object onto a surface, which fits the criteria for 'Object Transfer'."
90719,6ab72273-4324-4cec-aad4-1a644b57356b,868.126577613672,#C C drops a liquid soap,Unknown,Object Transfer,"The action of dropping a liquid soap is a deliberate placement of the object onto a surface, which fits the criteria for 'Object Transfer'."
90743,6ab72273-4324-4cec-aad4-1a644b57356b,1070.4843576136718,#C C drops a mop,Unknown,Object Transfer,The action of dropping a mop is similar to the previous action of dropping a bucket. Both actions involve a deliberate placement of an object onto a surface.
90751,6ab72273-4324-4cec-aad4-1a644b57356b,1101.114837613672,#C C drops a bucket,Unknown,Object Transfer,"The action of dropping a bucket is a deliberate placement of an object onto a surface, which fits the criteria for 'Object Transfer'."
90754,6ab72273-4324-4cec-aad4-1a644b57356b,1108.860177613672,#C C drops a plate,Unknown,Object Transfer,"The action of dropping a plate is a deliberate placement onto a surface, which fits the criteria for 'Object Transfer'."
90756,6ab72273-4324-4cec-aad4-1a644b57356b,1117.3625876136718,#C C drops a plate,Unknown,Object Transfer,"The action of dropping a plate is a deliberate placement of the object onto a surface, which fits the criteria for 'Object Transfer'."
90757,6ab72273-4324-4cec-aad4-1a644b57356b,1122.120217613672,#C C drops a mop,Unknown,Object Transfer,"The action of dropping an object (in this case, a mop) onto a surface is considered a deliberate placement, which fits the criteria for 'Object Transfer'."
90764,6ab72273-4324-4cec-aad4-1a644b57356b,1141.158347613672,#C C drops a bucket,Unknown,Object Transfer,"The action of dropping a bucket is a deliberate placement of the object onto a surface, which fits the criteria for 'Object Transfer'."
90771,6ab72273-4324-4cec-aad4-1a644b57356b,1159.843567613672,#C C drops a washing machine,Unknown,Object Transfer,"The action of dropping an object onto a surface is considered a deliberate placement, which falls under the 'Object Transfer' category."
90780,6ab72273-4324-4cec-aad4-1a644b57356b,1172.319697613672,#C C drops a bowl,Unknown,Object Transfer,"The action of dropping a bowl is a deliberate placement of the object onto a surface, which fits the criteria for 'Object Transfer'."
90783,6ab72273-4324-4cec-aad4-1a644b57356b,1177.090897613672,#C C drops a liquid soap,Unknown,Object Transfer,"The action of dropping a liquid soap is a deliberate placement, similar to the previous action of picking up the liquid soap. This action involves transferring the soap from the picker's hand to a surface, which fits the 'Object Transfer' category."
90790,6ab72273-4324-4cec-aad4-1a644b57356b,1202.0653076136718,#C C drops a bowl,Unknown,Object Transfer,"The action of dropping a bowl is a deliberate placement of the object onto a surface, which fits the criteria for 'Object Transfer'."
90793,6ab72273-4324-4cec-aad4-1a644b57356b,1207.136797613672,#C C drops a plate,Unknown,Object Transfer,"The action of dropping a plate is a deliberate placement onto a surface, similar to the previous action of dropping a bowl."
90794,6ab72273-4324-4cec-aad4-1a644b57356b,1208.492267613672,#C C drops a bowl,Unknown,Object Transfer,"The action of dropping a bowl is a deliberate placement onto a surface, which fits the criteria for 'Object Transfer'."
90803,6ab72273-4324-4cec-aad4-1a644b57356b,1234.578077613672,#C C drops a knife,Unknown,Object Transfer,"The action of dropping a knife is similar to the previous actions of dropping a spoon. Dropping an object onto a surface is considered a deliberate placement, which falls under the 'Object Transfer' category."
90804,6ab72273-4324-4cec-aad4-1a644b57356b,1234.578077613672,#C C drops a spoon,Unknown,Object Transfer,"The action of dropping a spoon is a deliberate placement onto a surface, which fits the criteria for 'Object Transfer'."
90818,6ab72273-4324-4cec-aad4-1a644b57356b,1269.6428776136718,#C C drops a bowl,Unknown,Object Transfer,"The action of dropping a bowl is a deliberate placement of the object onto a surface, which fits the criteria for 'Object Transfer'."
90820,6ab72273-4324-4cec-aad4-1a644b57356b,1272.066467613672,#C C drops a plate,Unknown,Object Transfer,"The action of dropping a plate is a deliberate placement onto a surface, which fits the criteria for 'Object Transfer'."
90821,6ab72273-4324-4cec-aad4-1a644b57356b,1275.105737613672,#C C drops a bowl,Unknown,Object Transfer,"The action of dropping an object onto a surface is considered a deliberate placement, which falls under the 'Object Transfer' category."
90822,6ab72273-4324-4cec-aad4-1a644b57356b,1277.789707613672,#C C drops a wooden spoon,Unknown,Object Transfer,"The action of dropping an object (plate, bowl, wooden spoon) onto a surface is a deliberate placement, which fits the criteria for 'Object Transfer'."
90823,6ab72273-4324-4cec-aad4-1a644b57356b,1277.931797613672,#C C drops a knife,Unknown,Object Transfer,"The action of dropping objects such as a plate, bowl, wooden spoon, and knife onto a surface indicates a deliberate placement of these items. This sequence suggests a pattern of transferring objects to a specific location, which fits the 'Object Transfer' category."
90824,6ab72273-4324-4cec-aad4-1a644b57356b,1277.931797613672,#C C drops a spoon,Unknown,Object Transfer,"The action of dropping objects such as a bowl, wooden spoon, and knife onto a surface is consistent with placing or putting down items, which falls under the 'Object Transfer' category."
90825,6ab72273-4324-4cec-aad4-1a644b57356b,1278.313037613672,#C C drops a spatula,Unknown,Object Transfer,"The action of dropping objects such as a wooden spoon, knife, spoon, and spatula onto a surface indicates a deliberate placement, which fits the 'Object Transfer' category."
90828,6ab72273-4324-4cec-aad4-1a644b57356b,1287.840807613672,#C C drops a bowl,Unknown,Object Transfer,"The action of dropping a bowl is a deliberate placement onto a surface, which fits the criteria for 'Object Transfer'."
90832,6ab72273-4324-4cec-aad4-1a644b57356b,1295.883847613672,#C C drops liquid soap,Unknown,Object Transfer,"The action of dropping the liquid soap is a deliberate placement of the object onto a surface, which fits the criteria for 'Object Transfer'."
90834,6ab72273-4324-4cec-aad4-1a644b57356b,1301.632607613672,#C C drops a plate,Unknown,Object Transfer,"The action of dropping a plate is a deliberate placement of the object onto a surface, which fits the criteria for 'Object Transfer'."
90838,6ab72273-4324-4cec-aad4-1a644b57356b,1318.513057613672,#C C drops #Unsure,Unknown,Object Transfer,"The action of dropping an object onto a surface is a form of deliberate placement, which falls under the 'Object Transfer' category."
90846,6ab72273-4324-4cec-aad4-1a644b57356b,1333.012397613672,#C C drops a pan,Unknown,Object Transfer,"The action of dropping a pan is a deliberate placement of an object onto a surface, which fits the criteria for 'Object Transfer'."
90848,6ab72273-4324-4cec-aad4-1a644b57356b,1335.656037613672,#C C drops a knife,Unknown,Object Transfer,"The action of dropping a knife is a deliberate placement of the object onto a surface, which fits the criteria for 'Object Transfer'."
90850,6ab72273-4324-4cec-aad4-1a644b57356b,1338.531867613672,#C C drops a knife,Unknown,Object Transfer,"The action of dropping a knife is a deliberate placement onto a surface, which fits the criteria for 'Object Transfer'."
90855,6ab72273-4324-4cec-aad4-1a644b57356b,1348.068547613672,#C C drops knives,Unknown,Object Transfer,"The action of dropping knives is a deliberate placement of objects onto a surface, which fits the criteria for 'Object Transfer'."
90857,6ab72273-4324-4cec-aad4-1a644b57356b,1352.497627613672,#C C drops a bowl,Unknown,Object Transfer,"The action of dropping a bowl is a deliberate placement onto a surface, which fits the criteria for 'Object Transfer'."
90861,6ab72273-4324-4cec-aad4-1a644b57356b,1362.565347613672,#C C drops a bowl,Unknown,Object Transfer,"The action of dropping a bowl is a deliberate placement of the object onto a surface, which fits the criteria for 'Object Transfer'."
90864,6ab72273-4324-4cec-aad4-1a644b57356b,1366.881598262847,#C C drops a plate,Unknown,Object Transfer,"The action of dropping a plate is a deliberate placement onto a surface, which fits the criteria for 'Object Transfer'."
90869,6ab72273-4324-4cec-aad4-1a644b57356b,1378.7687282628472,#C C drops a liquid soap,Unknown,Object Transfer,"The action of dropping a liquid soap is a deliberate placement of the object onto a surface, which fits the criteria for 'Object Transfer'."
90870,6ab72273-4324-4cec-aad4-1a644b57356b,1380.5515882628472,#C C drops a pan,Unknown,Object Transfer,"The action of dropping a pan is a deliberate placement of the object onto a surface, which fits the criteria for 'Object Transfer'."
90872,6ab72273-4324-4cec-aad4-1a644b57356b,1381.799658262847,#C C drops a chopping board,Unknown,Object Transfer,"The action of dropping a chopping board onto a surface is a deliberate placement, which fits the criteria for 'Object Transfer'."
90875,6ab72273-4324-4cec-aad4-1a644b57356b,1387.1450782628472,#C C drops a liquid soap,Unknown,Object Transfer,"The action of dropping a liquid soap is a deliberate placement of the object onto a surface, which fits the criteria for 'Object Transfer'."
90880,6ab72273-4324-4cec-aad4-1a644b57356b,1398.958688262847,#C C drops a chopping board,Unknown,Object Transfer,"The action of dropping a chopping board onto a surface is a deliberate placement, which fits the criteria for 'Object Transfer'."
90886,6ab72273-4324-4cec-aad4-1a644b57356b,1416.800398262847,#C C drops a dish,Unknown,Object Transfer,"The action of dropping a dish is a deliberate placement onto a surface, which fits the criteria for 'Object Transfer'."
90888,6ab72273-4324-4cec-aad4-1a644b57356b,1418.1074482628471,#C C drops a bowl lid,Unknown,Object Transfer,"The action of dropping a bowl lid is a deliberate placement onto a surface, which fits the criteria for 'Object Transfer'."
90890,6ab72273-4324-4cec-aad4-1a644b57356b,1420.4078782628471,#C C drops a folk,Unknown,Object Transfer,"The action of dropping an object is a deliberate placement onto a surface, which fits the criteria for 'Object Transfer'."
90899,6ab72273-4324-4cec-aad4-1a644b57356b,1449.512458262847,#C C drops a tray,Unknown,Object Transfer,"The action of dropping a tray onto a surface is a deliberate placement, which fits the criteria for 'Object Transfer'."
90902,6ab72273-4324-4cec-aad4-1a644b57356b,1454.7416182628472,#C C drops a cleaning sponge,Unknown,Object Transfer,"The action of dropping a cleaning sponge onto a surface is a deliberate placement, which fits the criteria for 'Object Transfer'."
90904,6ab72273-4324-4cec-aad4-1a644b57356b,1456.768418262847,#C C drops a chopping board,Unknown,Object Transfer,"The action of dropping a chopping board is a deliberate placement onto a surface, which fits the criteria for 'Object Transfer'."
90906,6ab72273-4324-4cec-aad4-1a644b57356b,1473.5997882628471,#C C drops a chopping board,Unknown,Object Transfer,"The action of dropping a chopping board is a deliberate placement onto a surface, which fits the criteria for 'Object Transfer'."
90907,6ab72273-4324-4cec-aad4-1a644b57356b,1474.490028262847,#C C drops a cleaning sponge,Unknown,Object Transfer,"The action of dropping an object (chopping board and cleaning sponge) onto a surface is considered a deliberate placement, which fits the criteria for 'Object Transfer'."
90910,6ab72273-4324-4cec-aad4-1a644b57356b,1483.198818262847,#C C drops a cup,Unknown,Object Transfer,"The action of dropping a cup is a deliberate placement onto a surface, which fits the criteria for 'Object Transfer'."
90913,6ab72273-4324-4cec-aad4-1a644b57356b,1486.760958262847,#C C drops a knife,Unknown,Object Transfer,"The action of dropping a knife is a deliberate placement onto a surface, which fits the criteria for 'Object Transfer'."
90916,6ab72273-4324-4cec-aad4-1a644b57356b,1492.2172282628471,#C C drops a folk,Unknown,Object Transfer,"The action of dropping a folk is a deliberate placement onto a surface, which fits the criteria for 'Object Transfer'."
90918,6ab72273-4324-4cec-aad4-1a644b57356b,1511.0498882628472,#C C drops a bowl,Unknown,Object Transfer,"The action of dropping an object onto a surface is considered a deliberate placement, which fits the criteria for 'Object Transfer'."
90923,6ab72273-4324-4cec-aad4-1a644b57356b,1528.1451782628471,#C C drops a pan,Unknown,Object Transfer,"The action of dropping a pan onto a surface can be considered a deliberate placement, which fits the criteria for 'Object Transfer'."
90924,6ab72273-4324-4cec-aad4-1a644b57356b,1530.830948262847,#C C drops a bowl,Unknown,Object Transfer,"The action of dropping a pan (t-1) and dropping a bowl (Current) both involve deliberate placement onto a surface, which fits the definition of 'Object Transfer'."
90926,6ab72273-4324-4cec-aad4-1a644b57356b,1534.156658262847,#C C drops a plate,Unknown,Object Transfer,"The action of dropping a plate is a deliberate placement onto a surface, which fits the criteria for 'Object Transfer'."
90929,6ab72273-4324-4cec-aad4-1a644b57356b,1538.989228262847,#C C drops a spoon,Unknown,Object Transfer,"The action of dropping a spoon is a deliberate placement onto a surface, which fits the criteria for 'Object Transfer'."
90931,6ab72273-4324-4cec-aad4-1a644b57356b,1543.0585482628471,#C C drops a plate,Unknown,Object Transfer,"The action of dropping a plate is a deliberate placement onto a surface, similar to the previous action of dropping a spoon."
90933,6ab72273-4324-4cec-aad4-1a644b57356b,1547.3515882628471,#C C drops a plate,Unknown,Object Transfer,"The action of dropping a plate is a deliberate placement onto a surface, which fits the criteria for 'Object Transfer'."
90939,6ab72273-4324-4cec-aad4-1a644b57356b,1592.739428262847,#C C drops a plate,Unknown,Object Transfer,"The action of dropping a plate is a deliberate placement of the object onto a surface, which fits the criteria for 'Object Transfer'."
90947,6ab72273-4324-4cec-aad4-1a644b57356b,1623.799818262847,#C C drops a plate,Unknown,Object Transfer,"The action of dropping a plate is a deliberate placement of the object onto a surface, which fits the criteria for 'Object Transfer'."
90954,6ab72273-4324-4cec-aad4-1a644b57356b,1630.8506782628472,#C C drops a knife,Unknown,Object Transfer,"The action of dropping a knife onto a surface is a deliberate placement, which fits the criteria for 'Object Transfer'."
90955,6ab72273-4324-4cec-aad4-1a644b57356b,1630.949768262847,#C C drops a folk,Unknown,Object Transfer,"The action of dropping an object onto a surface is considered a deliberate placement, which fits the criteria for 'Object Transfer'."
90959,6ab72273-4324-4cec-aad4-1a644b57356b,1644.3832549378906,#C C drops a plate,Unknown,Object Transfer,"The action of dropping a plate is a deliberate placement of the object onto a surface, which fits the criteria for 'Object Transfer'."
90964,6ab72273-4324-4cec-aad4-1a644b57356b,1654.0284949378906,#C C drops a plate,Unknown,Object Transfer,"The action of dropping a plate is a deliberate placement of the object onto a surface, which fits the criteria for 'Object Transfer'."
90967,6ab72273-4324-4cec-aad4-1a644b57356b,1660.2502549378903,#C C drops #Unsure,Unknown,Object Transfer,"The action of dropping an object onto a surface is considered a deliberate placement, which fits the criteria for 'Object Transfer'."
90974,6ab72273-4324-4cec-aad4-1a644b57356b,1677.9260049378906,#C C drops a chopping board,Unknown,Object Transfer,"The action of dropping a chopping board onto a surface is a deliberate placement, which fits the criteria for 'Object Transfer'."
90982,6ab72273-4324-4cec-aad4-1a644b57356b,1699.4682549378906,#C C drops a chopping board,Unknown,Object Transfer,"The action of dropping a chopping board onto a surface is a deliberate placement, which fits the criteria for 'Object Transfer'."
90987,6ab72273-4324-4cec-aad4-1a644b57356b,1714.2382649378906,#C C drops a plate,Unknown,Object Transfer,"The action of dropping a plate onto a surface is a deliberate placement, which fits the criteria for 'Object Transfer'."
90992,6ab72273-4324-4cec-aad4-1a644b57356b,1722.2432449378905,#C C drops a liquid soap,Unknown,Object Transfer,"The action of dropping a liquid soap is a deliberate placement of the object onto a surface, which fits the criteria for 'Object Transfer'."
90996,6ab72273-4324-4cec-aad4-1a644b57356b,1735.5668549378906,#C C drops a cup,Unknown,Object Transfer,"The action of dropping a cup onto a surface is a deliberate placement, which fits the criteria for 'Object Transfer'."
91000,6ab72273-4324-4cec-aad4-1a644b57356b,1744.2107849378906,#C C drops a container,Unknown,Object Transfer,"The action of dropping a container is a deliberate placement onto a surface, which fits the criteria for 'Object Transfer'."
91006,6ab72273-4324-4cec-aad4-1a644b57356b,1761.3505649378906,#C C drops a pan lid,Unknown,Object Transfer,"The action of dropping a pan lid is a deliberate placement of the object onto a surface, which fits the criteria for 'Object Transfer'."
91012,6ab72273-4324-4cec-aad4-1a644b57356b,1774.2832949378906,#C C drops a pan,Unknown,Object Transfer,"The action of dropping a pan is a deliberate placement of the object onto a surface, which fits the criteria for 'Object Transfer'."
91016,6ab72273-4324-4cec-aad4-1a644b57356b,1790.7460349378905,#C C drops a bottle,Unknown,Object Transfer,"The action of dropping a bottle is a deliberate placement of the object onto a surface, which fits the criteria for 'Object Transfer'."
91018,6ab72273-4324-4cec-aad4-1a644b57356b,1798.3445149378906,#C C drops a pan,Unknown,Object Transfer,"The action of dropping a pan is a deliberate placement of the object onto a surface, which fits the criteria for 'Object Transfer'."
91020,6ab72273-4324-4cec-aad4-1a644b57356b,1802.6223849378905,#C C drops a liquid soap,Unknown,Object Transfer,"The action of dropping a liquid soap is a deliberate placement onto a surface, which fits the criteria for 'Object Transfer'."
91022,6ab72273-4324-4cec-aad4-1a644b57356b,1807.4302149378905,#C C drops a plate,Unknown,Object Transfer,"The action of dropping a plate is a deliberate placement of the object onto a surface, which fits the criteria for 'Object Transfer'."
91027,6ab72273-4324-4cec-aad4-1a644b57356b,1824.5776949378903,#C C drops a bowl,Unknown,Object Transfer,"The action of dropping a bowl is a deliberate placement of the object onto a surface, which fits the criteria for 'Object Transfer'."
91031,6ab72273-4324-4cec-aad4-1a644b57356b,1836.3292449378905,#C C drops a bowl,Unknown,Object Transfer,"The action of dropping a bowl is a deliberate placement of the object onto a surface, which fits the criteria for 'Object Transfer'."
91035,6ab72273-4324-4cec-aad4-1a644b57356b,1843.6252349378904,#C C drops a plate,Unknown,Object Transfer,"The action of dropping a plate is a deliberate placement onto a surface, which fits the criteria for Object Transfer."
91039,6ab72273-4324-4cec-aad4-1a644b57356b,1852.3283949378904,#C C drops a spoon,Unknown,Object Transfer,"The action of dropping a spoon is a deliberate placement of the object onto a surface, which fits the criteria for 'Object Transfer'."
91044,6ab72273-4324-4cec-aad4-1a644b57356b,1860.9895949378904,#C C drops a pan,Unknown,Object Transfer,"The action of dropping a pan is a deliberate placement of the object onto a surface, which fits the criteria for 'Object Transfer'."
91046,6ab72273-4324-4cec-aad4-1a644b57356b,1865.2048049378905,#C C drops a bowl,Unknown,Object Transfer,"The action of dropping a bowl is a deliberate placement onto a surface, which fits the criteria for 'Object Transfer'."
91049,6ab72273-4324-4cec-aad4-1a644b57356b,1872.0681449378903,#C C drops #Unsure,Unknown,Object Transfer,"The action of dropping an object onto a surface is considered a deliberate placement, which falls under the 'Object Transfer' category."
91053,6ab72273-4324-4cec-aad4-1a644b57356b,1891.3906549378903,#C C drops a container lid,Unknown,Object Transfer,"The action of dropping a container lid is a deliberate placement onto a surface, which fits the criteria for 'Object Transfer'."
91058,6ab72273-4324-4cec-aad4-1a644b57356b,1902.876402496484,#C C drops a knife,Unknown,Object Transfer,"The action of dropping a knife is a deliberate placement of the object onto a surface, which fits the criteria for 'Object Transfer'."
91062,6ab72273-4324-4cec-aad4-1a644b57356b,1909.882522496484,#C C drops a wooden spoon,Unknown,Object Transfer,"The action of dropping a wooden spoon is a deliberate placement of the object onto a surface, which fits the criteria for 'Object Transfer'."
91067,6ab72273-4324-4cec-aad4-1a644b57356b,1916.319032496484,#C C drops a knife,Unknown,Object Transfer,"The action of dropping a knife is a deliberate placement of the object onto a surface, which fits the criteria for 'Object Transfer'."
91068,6ab72273-4324-4cec-aad4-1a644b57356b,1917.824522496484,#C C drops a spoon,Unknown,Object Transfer,"The action of dropping the spoon is a deliberate placement onto a surface, which fits the criteria for 'Object Transfer'."
91071,6ab72273-4324-4cec-aad4-1a644b57356b,1925.098172496484,#C C drops a spoon,Unknown,Object Transfer,"The action of dropping a spoon is a deliberate placement onto a surface, which fits the criteria for 'Object Transfer'."
91078,6ab72273-4324-4cec-aad4-1a644b57356b,1950.333102496484,#C C drops a pan,Unknown,Object Transfer,"The action of dropping a pan is a deliberate placement of the object onto a surface, which fits the criteria for 'Object Transfer'."
91083,6ab72273-4324-4cec-aad4-1a644b57356b,1961.334622496484,#C C drops a plate,Unknown,Object Transfer,"The action of dropping a plate is a deliberate placement of the object onto a surface, which fits the criteria for 'Object Transfer'."
91087,6ab72273-4324-4cec-aad4-1a644b57356b,1969.462712496484,#C C drops a bowl,Unknown,Object Transfer,"The action of dropping a bowl is a deliberate placement onto a surface, which fits the criteria for 'Object Transfer'."
91091,6ab72273-4324-4cec-aad4-1a644b57356b,1978.204672496484,#C C drops liquid soap,Unknown,Object Transfer,"The action of dropping the liquid soap onto a surface is a deliberate placement, which fits the criteria for 'Object Transfer'."
91094,6ab72273-4324-4cec-aad4-1a644b57356b,1986.634522496484,#C C drops a liquid soap,Unknown,Object Transfer,"The action of dropping a liquid soap is a deliberate placement of the soap onto a surface, which fits the criteria for 'Object Transfer'."
91097,6ab72273-4324-4cec-aad4-1a644b57356b,2001.7316424964845,#C C drops a container,Unknown,Object Transfer,"The action of dropping a container is a deliberate placement onto a surface, which fits the criteria for 'Object Transfer'."
91106,6ab72273-4324-4cec-aad4-1a644b57356b,2054.918622496484,#C C drops a paste,Unknown,Object Transfer,"The action of dropping a paste onto a surface is a deliberate placement, which fits the criteria for 'Object Transfer'."
91108,6ab72273-4324-4cec-aad4-1a644b57356b,2062.759672496484,#C C drops a bottle,Unknown,Object Transfer,"The action of dropping a bottle is a deliberate placement onto a surface, which fits the criteria for 'Object Transfer'."
91433,97eaf9ae-9b92-493d-a555-4fcdb7c039a1,1456.9869552666664,#C C hits on a box,Unknown,Object Transfer,"The action of hitting on a box can be interpreted as a deliberate placement or interaction with the object, which fits the 'Object Transfer' category."
92095,5e64c89d-34ce-49a3-949a-dc90385cdbcc,440.1990252666666,#C C drops a paper,Unknown,Object Transfer,"The action of dropping a paper is a deliberate placement onto a surface, which fits the criteria for Object Transfer."
92697,cd4cf777-fa95-4226-9453-f00ce43fe323,152.3948786,#O person X draws on wall,Unknown,Essential Operation,"The action of drawing on the wall is a continuation of an essential operation, which is a deliberate and purposeful activity."
92772,3a8774b9-ea4d-439e-a862-b29b29df999d,20.475475266666667,#C C drops the phone,Unknown,Object Transfer,"The action of dropping the phone is a deliberate placement of the object onto a surface, which fits the criteria for 'Object Transfer'."
93815,3a8774b9-ea4d-439e-a862-b29b29df999d,3555.8103419333333,#C C drops the foil on the kitchen counter.,Unknown,Object Transfer,"The action involves deliberately placing the foil onto the kitchen counter, which fits the definition of an Object Transfer."
93977,3a8774b9-ea4d-439e-a862-b29b29df999d,4168.946431933333,#C C drops a wash cloth.,Unknown,Object Transfer,"The action of dropping a wash cloth is a deliberate placement onto a surface, which fits the criteria for 'Object Transfer'."
94119,055f3cf1-1133-4260-b5a0-31e7ca1726a1,94.4333786,#C C drops the yellow pepper,Unknown,Object Transfer,"The action of dropping the yellow pepper onto a surface is a deliberate placement, which fits the criteria for 'Object Transfer'."
94297,055f3cf1-1133-4260-b5a0-31e7ca1726a1,561.875427613672,#C C drops soap dish,Unknown,Object Transfer,"The action of dropping the soap dish is a deliberate placement of an object onto a surface, which fits the criteria for 'Object Transfer'."
94845,cac166bf-48d8-43be-aa39-f2e20b4d015a,1463.7517209546631,#C C picks a dirt from another chair. #unsure,Unknown,Object Transfer,"The action involves picking up a dirt particle from a chair, which can be considered a form of object transfer as she is moving the dirt from the chair to her hand."
94981,cac166bf-48d8-43be-aa39-f2e20b4d015a,2223.044970954664,#C C drops the tomato in a nylon with her left hand.,Unknown,Object Transfer,"The action involves deliberately placing the tomato into a nylon, which fits the criteria for an Object Transfer."
95310,b29fc28f-d093-47a3-a9d8-0d1b466c0433,50.27764,#C C drops the nut onto the car lift.,Unknown,Object Transfer,"The action of dropping the nut onto the car lift is a deliberate placement of the object onto a surface, which fits the criteria for 'Object Transfer'."
95326,b29fc28f-d093-47a3-a9d8-0d1b466c0433,77.16777,#C C drops the hand drilling machine onto the car lift.,Unknown,Object Transfer,"The action of dropping the hand drilling machine onto the car lift indicates a deliberate placement of the object onto a surface, which fits the criteria for 'Object Transfer'."
95507,808c2a0c-9010-4be5-88b1-d697b417848d,113.1196586,#O man A drops a playing card on the board,Unknown,Object Transfer,"The action involves deliberately placing a playing card on the board, which fits the definition of an Object Transfer."
95509,808c2a0c-9010-4be5-88b1-d697b417848d,114.3824686,#O man A drops a playing card on the board,Unknown,Object Transfer,"The action of dropping a playing card onto the board is a deliberate placement, which fits the criteria for 'Object Transfer'."
95511,808c2a0c-9010-4be5-88b1-d697b417848d,115.6845186,#O man A drops a playing card on the board,Unknown,Object Transfer,"The action of dropping a playing card onto the board is a deliberate placement, which fits the criteria for 'Object Transfer'."
95520,808c2a0c-9010-4be5-88b1-d697b417848d,120.7125586,#O man A drops a playing card on the board,Unknown,Object Transfer,"The action involves deliberately placing a playing card onto a surface, which fits the definition of an Object Transfer."
95930,808c2a0c-9010-4be5-88b1-d697b417848d,818.1548158298178,#C C drops card,Unknown,Object Transfer,"The action of dropping the card is a deliberate placement onto a surface, which fits the criteria for Object Transfer."
96009,c396d137-e956-4a7f-ab2e-5a0b29c51afa,0.67152,#C C drops the right hand,Unknown,Object Transfer,"The action of dropping the hand can be considered a deliberate placement of the hand onto the surface or into a position, which fits the 'Object Transfer' category."
96040,c396d137-e956-4a7f-ab2e-5a0b29c51afa,58.17565,#C C drops the hope pipe of the pressure washer,Unknown,Object Transfer,"The action of dropping the hose pipe onto the pressure washer can be considered a deliberate placement, which fits the criteria for 'Object Transfer'."
96070,c396d137-e956-4a7f-ab2e-5a0b29c51afa,217.36608,#C C drops the towel,Unknown,Object Transfer,"The current action involves deliberately placing the towel onto a surface, which fits the criteria for an Object Transfer action."
96158,c396d137-e956-4a7f-ab2e-5a0b29c51afa,477.38892,#C C drops the windscreen wiper,Unknown,Object Transfer,"The action of dropping the windscreen wiper is a deliberate placement onto a surface, which fits the criteria for 'Object Transfer'."
96265,c396d137-e956-4a7f-ab2e-5a0b29c51afa,1235.1480033333332,#C C drops the piece of cloth,Unknown,Object Transfer,"The action of dropping the piece of cloth is a deliberate placement of the object onto a surface, which fits the criteria for 'Object Transfer'."
96423,c396d137-e956-4a7f-ab2e-5a0b29c51afa,1716.07483,#C C drops the pressure washer,Unknown,Object Transfer,"The action of dropping the pressure washer indicates a deliberate placement of the object onto a surface, which fits the criteria for 'Object Transfer'."
96424,c396d137-e956-4a7f-ab2e-5a0b29c51afa,1717.27301,#C C touches the water on the ground,Unknown,Search,"The current action involves C touching the water on the ground, which can be interpreted as part of a search behavior to locate or confirm the presence of water on the ground."
96576,c645ddf0-1efc-4c0a-bf58-889ea519b254,3363.297457621331,#C C drops the glass on the cabinet,Unknown,Object Transfer,"The action of dropping the glass onto the cabinet is a deliberate placement of the object onto a surface, which fits the criteria for 'Object Transfer'."
96588,c645ddf0-1efc-4c0a-bf58-889ea519b254,3381.3001676213307,#C C drops the #unsure on the cabinet,Unknown,Object Transfer,"The action of dropping an object onto a surface is considered a deliberate placement, which falls under the 'Object Transfer' category."
96763,c9d5c48b-8a81-4f89-ad66-e8fd0f949506,0.9560796,#C C drops his right hand.,Unknown,Stationary,Dropping one's hand is a stationary action as it does not involve movement or interaction with the environment.
96767,c9d5c48b-8a81-4f89-ad66-e8fd0f949506,5.1902196,#C C drops the mobile phone with his left hand.,Unknown,Object Transfer,"The action of dropping the mobile phone is a deliberate placement of the object onto a surface, which fits the criteria for 'Object Transfer'."
96996,c9d5c48b-8a81-4f89-ad66-e8fd0f949506,2610.2118909546634,#C C drops the green cup,Unknown,Object Transfer,"The action of dropping the green cup is a deliberate placement onto a surface, which fits the criteria for 'Object Transfer'."
96997,c9d5c48b-8a81-4f89-ad66-e8fd0f949506,2515.232090954664,#C C drops the green cup,Unknown,Object Transfer,"The action of dropping the green cup is a deliberate placement of the object onto a surface, which fits the criteria for 'Object Transfer'."
97127,8383791d-2df9-4bac-89b6-4cc01df5f4d1,323.1553109546634,#C C drops the white bowl on the kitchen slab.,Unknown,Object Transfer,"The action of dropping the white bowl onto the kitchen slab is a deliberate placement, which fits the criteria for 'Object Transfer'."
97134,8383791d-2df9-4bac-89b6-4cc01df5f4d1,349.9993409546634,#C C drops one of the eggs on the kitchen slab.,Unknown,Object Transfer,"The action of dropping one of the eggs onto the kitchen slab is a deliberate placement, which fits the criteria for 'Object Transfer'."
97141,8383791d-2df9-4bac-89b6-4cc01df5f4d1,373.9777609546634,#C C drops the yolk of the egg in the white bowl.,Unknown,Essential Operation,"The action of dropping the yolk into the white bowl is part of the process of separating the egg components, which is an essential operation in cooking."
97147,8383791d-2df9-4bac-89b6-4cc01df5f4d1,396.7229009546634,#C C drops the yolk of the second egg in the white bowl.,Unknown,Object Transfer,"The action of dropping the yolk into the white bowl is a deliberate placement of the yolk onto a surface, which fits the criteria for 'Object Transfer'."
97153,8383791d-2df9-4bac-89b6-4cc01df5f4d1,420.2946209546634,#C C drops the yolk of the third egg in the white bowl.,Unknown,Object Transfer,"The action of dropping the yolk into the white bowl is a deliberate placement, which fits the criteria for 'Object Transfer'."
97160,8383791d-2df9-4bac-89b6-4cc01df5f4d1,444.8811709546634,#C C drops the yolk of the fourth egg in the white bowl.,Unknown,Object Transfer,"The action of dropping the yolk into the white bowl is a deliberate placement of the yolk onto a surface, which fits the criteria for 'Object Transfer'."
97198,8383791d-2df9-4bac-89b6-4cc01df5f4d1,546.6557756213301,#C C drops the tin of sugar on the kitchen slab.,Unknown,Object Transfer,"The action of dropping the tin of sugar onto the kitchen slab can be considered a deliberate placement of the object onto a surface, which fits the criteria for 'Object Transfer'."
97236,8383791d-2df9-4bac-89b6-4cc01df5f4d1,707.10430762133,#C C drops the plastic spoon.,Unknown,Object Transfer,"The action of dropping the plastic spoon is a deliberate placement of the object onto a surface, which fits the criteria for 'Object Transfer'."
97260,8383791d-2df9-4bac-89b6-4cc01df5f4d1,835.02234762133,#C C drops the Al Baker nylon.,Unknown,Object Transfer,"The action involves C dropping the Al Baker nylon, which is a deliberate placement of an object onto a surface, fitting the criteria for 'Object Transfer'."
97415,8383791d-2df9-4bac-89b6-4cc01df5f4d1,1652.1410309546634,#C C drops the electric egg beater on the kitchen slab.,Unknown,Object Transfer,"The action of dropping the electric egg beater onto the kitchen slab is a deliberate placement, which fits the criteria for 'Object Transfer'."
97419,8383791d-2df9-4bac-89b6-4cc01df5f4d1,1677.3621009546632,#C C drops the electric egg beater on the kitchen slab.,Unknown,Object Transfer,"The action of dropping the electric egg beater onto the kitchen slab is a deliberate placement, which fits the criteria for 'Object Transfer'."
97423,8383791d-2df9-4bac-89b6-4cc01df5f4d1,1689.0614209546634,#C C drops the stainless bowl of water on the kitchen slab.,Unknown,Object Transfer,"The action of dropping the stainless bowl of water onto the kitchen slab is a deliberate placement, which fits the criteria for 'Object Transfer'."
97565,8383791d-2df9-4bac-89b6-4cc01df5f4d1,2673.1414622879965,#C C drops the bowl of ingredient on the kitchen slab.,Unknown,Object Transfer,"The action of dropping the bowl onto the kitchen slab is a deliberate placement, which fits the criteria for 'Object Transfer'."
97580,8383791d-2df9-4bac-89b6-4cc01df5f4d1,2809.1457742879966,#C C drops the bowl of ingredient on the kitchen slab.,Unknown,Object Transfer,"The action involves C dropping the bowl of ingredient onto the kitchen slab, which is a deliberate placement of the object."
97940,228eb02a-6c89-4aa0-9cd4-0cdab1550c83,420.8113367646215,#C C shakes the lid.,Unknown,Stationary,Shaking an object is typically a stationary action as it does not involve movement from one location to another.
98012,228eb02a-6c89-4aa0-9cd4-0cdab1550c83,493.7706867646215,#C C drops the mushroom.,Unknown,Object Transfer,"The action of dropping the mushroom is a deliberate placement onto a surface, which fits the criteria for 'Object Transfer'."
98170,228eb02a-6c89-4aa0-9cd4-0cdab1550c83,692.767667613672,#C C adds #unsure in the pan.,Unknown,Object Transfer,"The action involves adding an item (#unsure) into the pan, which indicates a deliberate placement of an object."
98175,228eb02a-6c89-4aa0-9cd4-0cdab1550c83,697.4590576136719,#C C adds #unsure on the mushrooms.,Unknown,Essential Operation,"The current action involves adding something to the mushrooms, which is an essential operation in a cooking or preparation context."
98639,228eb02a-6c89-4aa0-9cd4-0cdab1550c83,1543.3134079989577,#C C drops the knife .,Unknown,Object Transfer,"The action of dropping the knife is a deliberate placement of the object onto a surface, which fits the criteria for 'Object Transfer'."
98649,228eb02a-6c89-4aa0-9cd4-0cdab1550c83,1556.1941579989575,#C C drops the knife.,Unknown,Object Transfer,"The action of dropping the knife is a deliberate placement of the object onto a surface, which fits the criteria for 'Object Transfer'."
98739,228eb02a-6c89-4aa0-9cd4-0cdab1550c83,1715.7986924702377,#C C drops the rope.,Unknown,Object Transfer,"The action of dropping the rope is a deliberate placement of the object onto a surface, which fits the criteria for 'Object Transfer'."
98918,e971935f-2e2a-4348-b268-3ca86d4ecbd4,238.2429296,#C C drops the spoon,Unknown,Object Transfer,"The action of dropping the spoon is a deliberate placement of the object onto a surface, which fits the criteria for 'Object Transfer'."
99424,c4f06549-15b5-49b8-b2d7-bf2a1c26edaa,410.71669095466336,#C C touches his head. #unsure,Unknown,Stationary,"The action of touching one's head does not involve movement or interaction with objects, and it is a stationary action."
100012,12a0347f-b829-4c86-bf7a-407c96f7ad3e,506.9396259897726,#C C shakes the vase,Unknown,Essential Operation,"Shaking the vase is an action that involves manipulating the object in a specific way, which falls under the category of Essential Operation."
100102,12a0347f-b829-4c86-bf7a-407c96f7ad3e,648.2500133884115,#C C drops the leaves,Unknown,Object Transfer,"The action of dropping the leaves is a deliberate placement onto a surface, which fits the criteria for 'Object Transfer'."
100110,12a0347f-b829-4c86-bf7a-407c96f7ad3e,653.6138733884114,#C C drops the leaves,Unknown,Object Transfer,"The action of dropping the leaves is a deliberate placement onto a surface, which fits the criteria for 'Object Transfer'."
100113,12a0347f-b829-4c86-bf7a-407c96f7ad3e,654.8689733884115,#C C drops the leaves,Unknown,Object Transfer,"The action of dropping the leaves is a deliberate placement onto a surface, which fits the criteria for 'Object Transfer'."
100907,a6419de9-1e40-4793-b21b-9c8d9038835a,69.2197486,#C C breaks the tip of the grocery with her left hand.,Unknown,Essential Operation,"The action involves breaking the tip of the grocery, which is a necessary step in using or preparing the grocery item. This action is not about moving an object, searching, or locomotion, but rather an essential operation with the grocery."
100910,a6419de9-1e40-4793-b21b-9c8d9038835a,71.7369486,#C C breaks the tip of the grocery with her left hand.,Unknown,Essential Operation,Breaking the tip of the grocery is an essential operation that C performs to prepare or modify the grocery item.
100913,a6419de9-1e40-4793-b21b-9c8d9038835a,74.1325086,#C C breaks the tip of the grocery with her left hand.,Unknown,Essential Operation,Breaking the tip of the grocery is an essential operation that C performs to prepare or modify the grocery item.
100916,a6419de9-1e40-4793-b21b-9c8d9038835a,75.8965186,#C C breaks the tip of the grocery with her left hand.,Unknown,Essential Operation,Breaking the tip of the grocery is an essential operation that C performs to prepare or modify the grocery item.
100919,a6419de9-1e40-4793-b21b-9c8d9038835a,77.8348586,#C C breaks the tip of the grocery with her left hand.,Unknown,Essential Operation,Breaking the tip of the grocery is an essential operation that C performs to prepare or modify the grocery item.
100922,a6419de9-1e40-4793-b21b-9c8d9038835a,79.5830086,#C C breaks the tip of the grocery with her left hand.,Unknown,Essential Operation,Breaking the tip of the grocery is an essential operation that C performs to prepare or modify the grocery item.
100925,a6419de9-1e40-4793-b21b-9c8d9038835a,81.77133859999999,#C C breaks the tip of the grocery with her left hand.,Unknown,Essential Operation,Breaking the tip of the grocery is an essential operation that C performs to prepare or modify the grocery item.
100928,a6419de9-1e40-4793-b21b-9c8d9038835a,83.5218186,#C C breaks the tip of the grocery with her left hand.,Unknown,Essential Operation,Breaking the tip of the grocery is an essential operation that C performs to prepare or modify the grocery item.
100931,a6419de9-1e40-4793-b21b-9c8d9038835a,85.15685859999999,#C C breaks the tip of the grocery with her left hand.,Unknown,Essential Operation,Breaking the tip of the grocery is an essential operation as it is a deliberate action to modify the object for a specific purpose.
100934,a6419de9-1e40-4793-b21b-9c8d9038835a,86.8425486,#C C breaks the tip of the grocery with her left hand.,Unknown,Essential Operation,Breaking the tip of the grocery is an essential operation that C performs to prepare or modify the grocery item.
101471,bc215572-bd4c-4457-bbc1-58cdd6398cc7,2637.7998966666664,#C C points the water.,Unknown,Stationary,Pointing is a stationary action where the person is not moving but directing their attention or indicating something.
103529,3efbad19-b258-443a-8f71-d4f7e4f8aef1,1517.3607374875637,#C C swings her hands,Unknown,Essential Operation,"Swinging hands is an essential operation that can involve stretching, warming up, or signaling."
103722,a3a1246c-97fd-4824-be9e-f4e261ab525c,1297.6099709546634,#C C drops his left hand.,Unknown,Stationary,"The action of dropping the left hand does not involve any movement that can be classified as locomotion, essential operation, or search. It is more accurately described as a stationary action, as it involves the cessation of holding an object and does not imply a deliberate placement or transfer of an object."
103724,a3a1246c-97fd-4824-be9e-f4e261ab525c,1309.3395009546632,#C C drops his left hand.,Unknown,Stationary,"The action of dropping one's hand is a stationary action as it does not involve movement to a new location, manipulation of objects, or searching for something."
103831,a3a1246c-97fd-4824-be9e-f4e261ab525c,2730.988920954664,#C C drops the clip on his crotch with his right hand.,Unknown,Object Transfer,"The action involves deliberately placing the clip onto the crotch, which fits the definition of 'Object Transfer' as a deliberate placement onto a surface."
103945,7d683e6b-ba5f-4c3f-9358-13ba16799993,36.33028,#C C drops the screws on the Vespa Scooter with his left hand,Unknown,Object Transfer,"The action involves deliberately placing the screws onto the Vespa scooter, which fits the criteria for an Object Transfer action."
103963,7d683e6b-ba5f-4c3f-9358-13ba16799993,77.9928,#C C drops the battery on the ground with his left hand,Unknown,Object Transfer,"The action of dropping the battery onto the ground is a deliberate placement, which fits the criteria for 'Object Transfer'."
104008,7d683e6b-ba5f-4c3f-9358-13ba16799993,194.68617,#C C drops the hammer on the metal workbench with his right hand,Unknown,Object Transfer,"The action of dropping the hammer onto the metal workbench is a deliberate placement, which fits the criteria for 'Object Transfer'."
104019,7d683e6b-ba5f-4c3f-9358-13ba16799993,231.15511,#C C drops the metal rod on the metal workbench with his left hand,Unknown,Object Transfer,"The action involves deliberately placing the metal rod onto the metal workbench, which fits the criteria for Object Transfer."
104045,7d683e6b-ba5f-4c3f-9358-13ba16799993,305.39668,#C C drops the screwdriver on the metal workbench with his right hand,Unknown,Object Transfer,"The action of dropping the screwdriver onto the metal workbench is a deliberate placement, which fits the criteria for 'Object Transfer'."
104050,7d683e6b-ba5f-4c3f-9358-13ba16799993,325.95754,#C C drops the lamp on the metal workbench with his right hand,Unknown,Object Transfer,"The action of dropping the lamp onto the metal workbench is a deliberate placement, which fits the criteria for 'Object Transfer'."
104091,7d683e6b-ba5f-4c3f-9358-13ba16799993,449.95419,#C C drops the nut socket on the metal workbench with his right hand,Unknown,Object Transfer,"The action involves deliberately placing the nut socket onto the metal workbench, which fits the criteria for an Object Transfer."
104110,7d683e6b-ba5f-4c3f-9358-13ba16799993,506.69513,#C C drops the blue carton on the metal workbench with his right hand,Unknown,Object Transfer,"The action involves deliberately placing the blue carton onto the metal workbench, which fits the criteria for 'Object Transfer'."
104313,ac582760-09b1-4a6e-be08-f19f9bf5dfcb,336.0678209546634,#O the man D interacts with man F.,Unknown,Essential Operation,"The current action involves the man D interacting with another person (man F), which is not related to locomotion, object transfer, search, or stationary actions. It is an interaction that can be categorized as an essential operation between individuals."
104324,ac582760-09b1-4a6e-be08-f19f9bf5dfcb,356.1166909546634,#O the man Y puts his bowl over his face.,Unknown,Stationary,"The current action describes the man placing his bowl over his face, which is a stationary action as it does not involve movement from one location to another or any other operation listed in the taxonomy."
104465,ac582760-09b1-4a6e-be08-f19f9bf5dfcb,525.8223609546634,#C C drops the chopstick over a bowl.,Unknown,Object Transfer,"The action involves deliberately placing the chopstick over a bowl, which fits the criteria for Object Transfer."
105446,5b0b0b85-4238-4b95-aaa6-dce4011eab86,299.46503,#C C Recycles the bicycle,Unknown,Essential Operation,"The action of 'recycling' the bicycle is an essential operation rather than a form of locomotion. Recycling implies a deliberate action to dispose or process the bicycle for reuse or disposal, which is different from the movement or handling of the bicycle as seen in the previous actions."
105522,5b0b0b85-4238-4b95-aaa6-dce4011eab86,898.3252933333333,#C C Recycles the bicycle,Unknown,Essential Operation,"Recycling the bicycle is an essential operation as it involves disposing of or repurposing the bicycle, rather than moving it or searching for something on it."
105525,5b0b0b85-4238-4b95-aaa6-dce4011eab86,1433.0073066666666,#C C Recycles the bicycle,Unknown,Object Transfer,"The action of 'recycling the bicycle' implies a deliberate placement or movement of the bicycle onto a recycling area, which fits the criteria for 'Object Transfer'."
106032,c191e945-f7a1-4017-a2c0-8f9863c77ab1,817.6886321677084,#C C overlaps on the road,Unknown,Stationary,"The current action describes the subject overlapping on the road, which implies a stationary position as the subject is not moving or performing any other action."
106276,fb7cc35d-3272-44a4-b8f2-15cd24fa345b,679.0890209546634,#C C shakes hand with onion,Unknown,Essential Operation,
106579,ed693d1a-0231-4854-aae7-27a06e3f7d6f,172.01739859999998,#C C drops the socks on the bed,Unknown,Object Transfer,"The action of dropping the socks onto the bed is a deliberate placement, which fits the criteria for 'Object Transfer'."
106583,ed693d1a-0231-4854-aae7-27a06e3f7d6f,179.04047859999997,#C C drops the socks on the bed,Unknown,Object Transfer,"The action of dropping the socks onto the bed is a deliberate placement, which fits the criteria for 'Object Transfer'."
106652,31cbf7bb-d464-4ec3-bddd-c387766f8572,0.5715396,#C C drops the right hand,Unknown,Object Transfer,"The action of dropping the right hand can be interpreted as a deliberate placement of the hand, which fits the criteria for 'Object Transfer'."
106714,31cbf7bb-d464-4ec3-bddd-c387766f8572,143.3446796,#C C hits the tin,Unknown,Object Transfer,"The action of hitting the tin can be interpreted as a deliberate placement or interaction with an object, which fits the 'Object Transfer' category."
106723,31cbf7bb-d464-4ec3-bddd-c387766f8572,158.7304696,#C C hits the tin,Unknown,Object Transfer,"The action of hitting the tin is likely a deliberate placement or interaction with the spice container, which fits the definition of an Object Transfer."
106770,31cbf7bb-d464-4ec3-bddd-c387766f8572,275.61269960000004,#C C drops the hand,Unknown,Object Transfer,"The action of dropping the hand is a deliberate placement of the hand onto a surface, which fits the criteria for 'Object Transfer'."
106786,31cbf7bb-d464-4ec3-bddd-c387766f8572,323.8424709546634,#O X drops the paper,Unknown,Object Transfer,"The action of dropping the paper is a deliberate placement onto a surface, which fits the criteria for 'Object Transfer'."
106816,31cbf7bb-d464-4ec3-bddd-c387766f8572,387.4716009546634,#C C hits the cup,Unknown,Locomotion,"The action of hitting the cup does not fit into the categories of Search, Essential Operation, Object Transfer, or Stationary. It is more related to a quick movement or gesture, which can be classified under Locomotion."
106835,31cbf7bb-d464-4ec3-bddd-c387766f8572,434.9960809546634,#C C hits the cup,Unknown,Locomotion,"The action of hitting the cup does not fit into categories like 'Stationary', 'Object Transfer', 'Search', or 'Essential Operation'. It is more related to a sudden movement or action, which can be classified under 'Locomotion'."
106977,31cbf7bb-d464-4ec3-bddd-c387766f8572,850.9357509546634,#C C drops the left hand,Unknown,Stationary,"The action of dropping the left hand is a stationary action as it does not involve movement to a new location, essential operation, transfer of an object, or a search."
107082,4b5de875-cc82-494e-b768-8ac0ae3bb279,513.9682086458333,#C C drops a pen #unsure,Unknown,Object Transfer,"The action of dropping a pen is a deliberate placement of the object onto a surface, which fits the criteria for 'Object Transfer'."
107236,4b5de875-cc82-494e-b768-8ac0ae3bb279,1198.362096252995,#C C bites the tape,Unknown,Essential Operation,"Biting the tape is an essential operation as it is a necessary step in using tape, such as cutting or starting the tape."
107860,7dd6f14c-bdc0-45cc-86c1-a2af2b61d177,959.23393762133,#C C drops the sandpaper.,Unknown,Object Transfer,"The action of dropping the sandpaper is a deliberate placement of the object onto a surface, which fits the criteria for 'Object Transfer'."
108219,7b696849-45f1-460f-a550-d70dc212e8b7,1041.9671210806569,#C C drops the bucket of water on the ground.,Unknown,Object Transfer,"The action of dropping the bucket of water onto the ground is a deliberate placement, which fits the criteria for 'Object Transfer'."
108261,7b696849-45f1-460f-a550-d70dc212e8b7,1216.7215942879968,#C C drops the sweeping brush on the wall with his right hand.,Unknown,Object Transfer,"The action of dropping the sweeping brush on the wall is a deliberate placement of the object onto a surface, which fits the criteria for 'Object Transfer'."
108276,7b696849-45f1-460f-a550-d70dc212e8b7,1299.5657442879967,#C C drops the paint roller on the wall with his right hand.,Unknown,Object Transfer,"The action of dropping the paint roller onto the wall is a deliberate placement, which fits the criteria for 'Object Transfer'."
108279,7b696849-45f1-460f-a550-d70dc212e8b7,1320.1589242879968,#C C drops the sweeping brush on the wall with his right hand.,Unknown,Object Transfer,"The action of dropping the sweeping brush onto the wall is a deliberate placement, which fits the criteria for 'Object Transfer'."
108336,7b696849-45f1-460f-a550-d70dc212e8b7,1664.2049309546635,#C C drops the floor brush. #Unsure,Unknown,Object Transfer,"The action of dropping the floor brush is a deliberate placement onto a surface, which fits the criteria for 'Object Transfer'."
108349,7b696849-45f1-460f-a550-d70dc212e8b7,1735.2735209546634,#C C drops the bucket in his left hand.,Unknown,Object Transfer,"The action involves deliberately placing the bucket onto a surface, which fits the criteria for Object Transfer."
108351,7b696849-45f1-460f-a550-d70dc212e8b7,1746.2959209546634,#C C drops the bucket.,Unknown,Object Transfer,"The action of dropping the bucket is a deliberate placement onto a surface, which fits the criteria for 'Object Transfer'."
108357,7b696849-45f1-460f-a550-d70dc212e8b7,1776.3645209546637,#C C drops the bucket in his left hand.,Unknown,Object Transfer,"The action of dropping the bucket is a deliberate placement onto a surface, which fits the criteria for Object Transfer."
108416,7b696849-45f1-460f-a550-d70dc212e8b7,2090.4410809546634,#C C drops the roller paint brush on the wall of the room beside the broom.,Unknown,Object Transfer,"The action of dropping the roller paint brush on the wall is a deliberate placement of the object onto a surface, which fits the criteria for 'Object Transfer'."
108540,7b696849-45f1-460f-a550-d70dc212e8b7,2996.9710142879967,#C C drops the brush with his right hand.,Unknown,Object Transfer,"The action of dropping the brush is a deliberate placement of the object onto a surface, which fits the criteria for 'Object Transfer'."
108605,7b696849-45f1-460f-a550-d70dc212e8b7,3246.279980954663,#C C throws down the sponge.,Unknown,Object Transfer,"The action of throwing down the sponge is a deliberate placement of the object onto a surface, which fits the criteria for 'Object Transfer'."
108664,7b696849-45f1-460f-a550-d70dc212e8b7,3465.094570954663,#C C rubs his right palm against the wall of the bathroom,Unknown,Stationary,The action of rubbing the palm against the wall is a stationary action as it does not involve movement from one location to another or any form of object transfer.
108928,7b696849-45f1-460f-a550-d70dc212e8b7,4457.729504287996,#C C rubs her left hand on the wall.,Unknown,Essential Operation,"The action of rubbing her left hand on the wall can be considered an essential operation, as it likely serves a purpose such as cleaning or removing residue from her hand."
108994,7b696849-45f1-460f-a550-d70dc212e8b7,4765.339304287996,#C C rubs her left hand on the wall.,Unknown,Essential Operation,"The action of rubbing her hand on the wall is likely part of the cleaning or scraping process, making it an essential operation."
109074,eab7f116-e9c4-4c07-a963-ceffaaa68f29,571.8132252666667,#C C drops the mug,Unknown,Object Transfer,"The action of dropping the mug is a deliberate placement of the object onto a surface, which fits the criteria for 'Object Transfer'."
109088,eab7f116-e9c4-4c07-a963-ceffaaa68f29,636.9043652666667,#C C drops the left hand,Unknown,Object Transfer,"The action of dropping the left hand is a deliberate placement onto a surface, which fits the criteria for 'Object Transfer'."
109097,eab7f116-e9c4-4c07-a963-ceffaaa68f29,785.4936652666667,#C C drops the mug,Unknown,Object Transfer,"The action of dropping the mug is a deliberate placement of the object onto a surface, which fits the criteria for 'Object Transfer'."
109162,eab7f116-e9c4-4c07-a963-ceffaaa68f29,1840.3848819333327,#C C drops the phone,Unknown,Object Transfer,"The action of dropping the phone is a deliberate placement of the object onto a surface, which fits the criteria for 'Object Transfer'."
109313,65932cf3-b9d3-4488-b83b-c77dc5e5d2fd,35.65161,#C C drops the phone,Unknown,Object Transfer,The action of dropping the phone is a deliberate placement of the object onto a surface.
109423,ab7ed4f7-10ee-4ccb-bb21-4853c9018b1e,328.7444923648411,#C C drops #unsure,Unknown,Object Transfer,"The action of dropping an object is a deliberate placement onto a surface, which fits the criteria for Object Transfer."
109510,ab7ed4f7-10ee-4ccb-bb21-4853c9018b1e,653.1707121677084,#C C drops #unsure,Unknown,Object Transfer,"The action of dropping an object onto a surface is considered a deliberate placement, which falls under the 'Object Transfer' category."
109706,ab7ed4f7-10ee-4ccb-bb21-4853c9018b1e,1204.6880385527995,#C C shakes the knife.,Unknown,Stationary,"Shaking the knife does not involve movement to a new location, it is not an essential operation, it does not involve transferring an object, it is not a search action, and it is not locomotion. Shaking the knife is a stationary action as it involves manipulating the knife in place."
109709,ab7ed4f7-10ee-4ccb-bb21-4853c9018b1e,1220.0923385527994,#O woman K holds #unsure,Unknown,Object Transfer,"The current action involves the woman holding an object, which suggests a deliberate placement or transfer of the object."
109793,2d1bf98e-a133-4f63-bc1d-91f718078a52,420.90329,#C C throws the nylons in his right hand on the ground.,Unknown,Object Transfer,"The action of throwing the nylons on the ground is a deliberate placement of the object onto a surface, which fits the criteria for 'Object Transfer'."
109842,c0048675-8810-46dc-af51-bca6471b68b1,330.4389409546634,#C C drops hand from her head.,Unknown,Object Transfer,"The action involves moving the hand from the head, which can be considered a deliberate placement of the hand onto another surface or back to the side, thus fitting the 'Object Transfer' category."
109849,c0048675-8810-46dc-af51-bca6471b68b1,380.0946709546634,#C C drops her hand on the yoga mat.,Unknown,Object Transfer,"The action of dropping her hand onto the yoga mat indicates a deliberate placement of her hand on the surface, which fits the criteria for an Object Transfer."
109859,c0048675-8810-46dc-af51-bca6471b68b1,739.1133109546633,#C C drops her toes.,Unknown,Object Transfer,"The action of dropping her toes can be considered a deliberate placement onto a surface, which fits the criteria for 'Object Transfer'."
110048,2de56aa1-54d3-4d99-ab0d-6610560f30bc,770.0183833333333,#C C twists the syringe,Unknown,Essential Operation,"Twisting the syringe is an action that likely serves a specific purpose in a procedure, such as preparing the syringe for use or adjusting it. This action is not about moving the syringe to a different location, nor is it about searching for something, making it an essential operation."
110630,fcc14fe4-35e1-4854-b368-4541ae7bcf58,1054.67162,#C C touches lady X's toenails,Unknown,Essential Operation,"The action of touching someone's toenails is likely an examination or inspection, which falls under the category of Essential Operation."
110688,fcc14fe4-35e1-4854-b368-4541ae7bcf58,1734.64829,#C C touches lady X's toenails,Unknown,Essential Operation,"The action of touching someone's toenails is more likely an essential operation, such as grooming or a medical check, rather than locomotion, object transfer, search, or a stationary action."
110769,522a57d5-5b89-4daf-8bcb-36ed2ec80fcf,35.2341496,#O the man B drops the deck of cards with his right hand.,Unknown,Object Transfer,"The action of dropping the deck of cards with his right hand is a deliberate placement of the object onto a surface, which fits the criteria for 'Object Transfer'."
110920,522a57d5-5b89-4daf-8bcb-36ed2ec80fcf,477.60484762133,#O The man Z interacts with the man B.,Unknown,Essential Operation,"The current action involves interaction between two individuals, which is not related to locomotion, object transfer, search, or stationary behavior. It is classified as an essential operation as it pertains to social interaction."
110967,522a57d5-5b89-4daf-8bcb-36ed2ec80fcf,600.9902242879966,#O the man B shares the cards.,Unknown,Object Transfer,"The action of sharing the cards involves a deliberate placement or transfer of the cards from the man to others, which fits the 'Object Transfer' category."
112260,a4df4756-4aad-45a8-a21e-0c9f712ed09b,157.2395996,#C C drops her left hand,Unknown,Object Transfer,"The action of dropping her left hand is a deliberate placement onto a surface, which fits the criteria for 'Object Transfer'."
112377,a4df4756-4aad-45a8-a21e-0c9f712ed09b,816.3555276213301,#C C drops the paint can,Unknown,Object Transfer,"The action of dropping the paint can is a deliberate placement of the object onto a surface, which fits the criteria for 'Object Transfer'."
112386,a4df4756-4aad-45a8-a21e-0c9f712ed09b,864.38338762133,#C C beats her right hand with her left hand.,Unknown,Essential Operation,"The action of beating one's hand with the other hand can be considered an essential operation, as it involves a deliberate physical action that could be for a variety of reasons such as self-massage, warming up, or other functional purposes."
113102,cb8c7491-7751-49a6-9fca-257c38e971d1,134.1409496,#C C prevents the dustpan from falling.,Unknown,Object Transfer,"The action involves preventing the dustpan from falling, which can be interpreted as a deliberate placement or stabilization of the object, thus fitting the 'Object Transfer' category."
113123,cb8c7491-7751-49a6-9fca-257c38e971d1,203.2481396,#C C drops the dustpan.,Unknown,Object Transfer,"The action of dropping the dustpan is a deliberate placement of the object onto a surface, which fits the criteria for 'Object Transfer'."
113128,cb8c7491-7751-49a6-9fca-257c38e971d1,224.7450796,#C C drops the dustpan.,Unknown,Object Transfer,"The action of dropping the dustpan is a deliberate placement of the object onto a surface, which fits the criteria for 'Object Transfer'."
113156,cb8c7491-7751-49a6-9fca-257c38e971d1,275.1848609546634,#C C drops the waste bag,Unknown,Object Transfer,"The action of dropping the waste bag is a deliberate placement onto a surface, which fits the criteria for 'Object Transfer'."
113205,cb8c7491-7751-49a6-9fca-257c38e971d1,359.1198809546634,#C C drops the waste bag,Unknown,Object Transfer,"The action of dropping the waste bag is a deliberate placement of the object onto a surface, which fits the criteria for 'Object Transfer'."
113219,cb8c7491-7751-49a6-9fca-257c38e971d1,382.4320509546634,#C C drops the dustpan,Unknown,Object Transfer,"The action of dropping the dustpan is a deliberate placement of the object onto a surface, which fits the criteria for 'Object Transfer'."
113232,cb8c7491-7751-49a6-9fca-257c38e971d1,417.2445509546634,#C C drops the dustpan,Unknown,Object Transfer,"The action of dropping the dustpan is a deliberate placement of an object onto a surface, which fits the criteria for 'Object Transfer'."
113373,7ede3aa4-b631-4715-863e-83cd4ceab976,942.2153081997776,#C C wakes up on the floor,Unknown,Stationary,"The current action describes C waking up on the floor, which is a stationary state and does not involve any movement or transfer of objects."
113510,dabcf717-b9f8-4547-b395-2745e2a45356,142.77342,#C C drops the cutting plier on the repair table,Unknown,Object Transfer,"The action of dropping the cutting plier onto the repair table is a deliberate placement, which fits the criteria for 'Object Transfer'."
113549,dabcf717-b9f8-4547-b395-2745e2a45356,255.09876,#C C drops the bolt on the repair stand,Unknown,Object Transfer,"The action of dropping the bolt onto the repair stand is a deliberate placement of the object onto a surface, which fits the criteria for 'Object Transfer'."
113553,dabcf717-b9f8-4547-b395-2745e2a45356,279.49007,#C C drops the nut on the repair stand,Unknown,Object Transfer,"The action of dropping the nut onto the repair stand indicates a deliberate placement of the object onto a surface, which fits the criteria for Object Transfer."
113592,ecdc21d9-ee59-48ab-ae02-53e9aba05ef8,19.48025,#C C drops the glass plate on a breakable plate,Unknown,Object Transfer,"The action of dropping the glass plate onto another surface indicates a deliberate placement, which fits the criteria for 'Object Transfer'."
113599,ecdc21d9-ee59-48ab-ae02-53e9aba05ef8,35.65318,#C C drops the glass plate on a breakable plate on the previous glass plate,Unknown,Object Transfer,"The current action involves deliberately placing the glass plate onto another breakable plate, which fits the criteria for an Object Transfer action."
113614,ecdc21d9-ee59-48ab-ae02-53e9aba05ef8,61.91894,#C C drops the ceramic plate on the glass plate,Unknown,Object Transfer,"The action of dropping the ceramic plate onto the glass plate is a deliberate placement, which fits the criteria for 'Object Transfer'."
113622,ecdc21d9-ee59-48ab-ae02-53e9aba05ef8,78.17073,#C C drops the glass plate on the ceramic plate,Unknown,Object Transfer,"The action of dropping the glass plate onto the ceramic plate is a deliberate placement, which fits the criteria for 'Object Transfer'."
113638,ecdc21d9-ee59-48ab-ae02-53e9aba05ef8,98.87141,#C C drops the white plastic plate on the glass plate,Unknown,Object Transfer,"The action of dropping the white plastic plate onto the glass plate is a deliberate placement, which fits the criteria for 'Object Transfer'."
113654,ecdc21d9-ee59-48ab-ae02-53e9aba05ef8,129.88518,#C C drops the glass plate on the white plastic plate,Unknown,Object Transfer,"The action of dropping the glass plate onto the white plastic plate is a deliberate placement, which fits the criteria for 'Object Transfer'."
113661,ecdc21d9-ee59-48ab-ae02-53e9aba05ef8,139.62221,#C C drops the glass plate on the previous glass plate,Unknown,Object Transfer,"The action of dropping the glass plate onto another glass plate indicates a deliberate placement, which fits the criteria for 'Object Transfer'."
113670,ecdc21d9-ee59-48ab-ae02-53e9aba05ef8,152.70643,#C C drops the glass plate on the previous glass plate,Unknown,Object Transfer,"The action involves deliberately placing the glass plate onto another glass plate, which fits the definition of Object Transfer as a deliberate placement."
113678,ecdc21d9-ee59-48ab-ae02-53e9aba05ef8,176.80029,#C C drops the yellow plate on a blue plate,Unknown,Object Transfer,"The action of dropping the yellow plate onto the blue plate is a deliberate placement, which fits the criteria for 'Object Transfer'."
113710,ecdc21d9-ee59-48ab-ae02-53e9aba05ef8,232.66777,#C C drops the glass plate on the white plastic plate,Unknown,Object Transfer,"The action of dropping the glass plate onto the white plastic plate is a deliberate placement, which fits the criteria for 'Object Transfer'."
113716,ecdc21d9-ee59-48ab-ae02-53e9aba05ef8,244.59267,#C C drops the ceramic plate on the glass plate,Unknown,Object Transfer,"The action of dropping the ceramic plate onto the glass plate is a deliberate placement, which fits the criteria for 'Object Transfer'."
113730,ecdc21d9-ee59-48ab-ae02-53e9aba05ef8,266.97288,#C C drops the glass the plate on the previous glass plate,Unknown,Object Transfer,"The action of dropping the glass plate onto another surface is a deliberate placement, which fits the criteria for 'Object Transfer'."
113741,ecdc21d9-ee59-48ab-ae02-53e9aba05ef8,288.21219,#C C drops the small ceramic plate on the previous small ceramic plate,Unknown,Object Transfer,"The action involves deliberately placing one object onto another, which fits the definition of 'Object Transfer'."
113748,ecdc21d9-ee59-48ab-ae02-53e9aba05ef8,300.84958,#C C drops the small ceramic plate on the previous small ceramic plate,Unknown,Object Transfer,"The action involves deliberately placing one object onto another, which fits the criteria for Object Transfer."
113753,ecdc21d9-ee59-48ab-ae02-53e9aba05ef8,315.72936,#C C drops the green plate on the previous small ceramic plate,Unknown,Object Transfer,"The current action involves deliberately placing the green plate onto another plate, which fits the criteria for an Object Transfer action."
113851,ecdc21d9-ee59-48ab-ae02-53e9aba05ef8,495.14358,#C C drops the steel scourer on the kitchen slab,Unknown,Object Transfer,"The action of dropping the steel scourer onto the kitchen slab is a deliberate placement, which fits the criteria for 'Object Transfer'."
113929,ecdc21d9-ee59-48ab-ae02-53e9aba05ef8,661.7877866666666,#C C drops the sponge scourer on the kitchen slab,Unknown,Object Transfer,"The action of dropping the sponge scourer onto the kitchen slab is a deliberate placement, indicating that the object is being transferred to a specific location."
113940,ecdc21d9-ee59-48ab-ae02-53e9aba05ef8,693.2339166666667,#C C drops the sponge scourer on the kitchen slab,Unknown,Object Transfer,"The action of dropping the sponge scourer onto the kitchen slab is a deliberate placement, which fits the criteria for 'Object Transfer'."
113943,ecdc21d9-ee59-48ab-ae02-53e9aba05ef8,705.8222866666666,#C C drops the stock pot on the gas burner,Unknown,Object Transfer,"The action involves deliberately placing the stock pot onto the gas burner, which fits the criteria for an Object Transfer action."
113944,ecdc21d9-ee59-48ab-ae02-53e9aba05ef8,707.4364566666667,#C C drops the stainless steel cup on the gas burner,Unknown,Object Transfer,"The action involves deliberately placing an object (the stainless steel cup) onto a surface (the gas burner), which fits the definition of 'Object Transfer'."
114051,ecdc21d9-ee59-48ab-ae02-53e9aba05ef8,989.5140266666668,#C C drops the sponge scourer on the kitchen slab,Unknown,Object Transfer,"The action of dropping the sponge scourer onto the kitchen slab is a deliberate placement, which fits the criteria for 'Object Transfer'."
114121,7b5fafdb-136a-4722-84a4-cffb213a224a,618.1966342879967,#C C drops the stem,Unknown,Object Transfer,"The action of dropping the stem is a deliberate placement onto a surface, which fits the criteria for Object Transfer."
114124,7b5fafdb-136a-4722-84a4-cffb213a224a,627.2513642879967,#C C drops the stem,Unknown,Object Transfer,"The action of dropping the stem is a deliberate placement onto a surface, which fits the criteria for 'Object Transfer'."
114134,7b5fafdb-136a-4722-84a4-cffb213a224a,658.2887542879968,#C C drops the stem,Unknown,Object Transfer,"The action of dropping the stem onto a surface is a deliberate placement, which fits the criteria for 'Object Transfer'."
114142,7b5fafdb-136a-4722-84a4-cffb213a224a,698.3558142879967,#C C drops the stem,Unknown,Object Transfer,"The action of dropping the stem indicates a deliberate placement of the stem onto a surface, which fits the criteria for 'Object Transfer'."
114149,7b5fafdb-136a-4722-84a4-cffb213a224a,728.8690442879968,#C C drops the plant,Unknown,Object Transfer,"The action of dropping the plant is a deliberate placement of the object onto a surface, which fits the criteria for 'Object Transfer'."
114154,7b5fafdb-136a-4722-84a4-cffb213a224a,738.3323842879968,#C C drops the plant,Unknown,Object Transfer,"The action of dropping the plant is a deliberate placement of the object onto a surface, which fits the criteria for 'Object Transfer'."
114161,7b5fafdb-136a-4722-84a4-cffb213a224a,755.7015642879967,#C C drops the plant,Unknown,Object Transfer,"The action of dropping the plant is a deliberate placement of the object onto a surface, which fits the criteria for 'Object Transfer'."
114166,7b5fafdb-136a-4722-84a4-cffb213a224a,766.3248842879967,#C C drops the stem,Unknown,Object Transfer,"The action of dropping the stem is a deliberate placement onto a surface, which fits the criteria for Object Transfer."
114168,7b5fafdb-136a-4722-84a4-cffb213a224a,777.2162842879968,#C C drops the stem,Unknown,Object Transfer,"The action of dropping the stem is a deliberate placement onto a surface, which fits the criteria for 'Object Transfer'."
114180,7b5fafdb-136a-4722-84a4-cffb213a224a,810.5145742879968,#C C drops the leaf,Unknown,Object Transfer,"The action of dropping the leaf is a deliberate placement of the leaf onto a surface, which fits the criteria for 'Object Transfer'."
114183,7b5fafdb-136a-4722-84a4-cffb213a224a,819.3566642879968,#C C drops the leaf,Unknown,Object Transfer,"The action of dropping the leaf is a deliberate placement onto a surface, which fits the criteria for 'Object Transfer'."
114185,7b5fafdb-136a-4722-84a4-cffb213a224a,821.9682842879968,#C C drops the leaf,Unknown,Object Transfer,"The action of dropping the leaf is a deliberate placement onto a surface, which fits the criteria for 'Object Transfer'."
114187,7b5fafdb-136a-4722-84a4-cffb213a224a,824.4035542879967,#C C drops the leaf,Unknown,Object Transfer,"The action of dropping the leaf is a deliberate placement of the leaf onto a surface, which fits the criteria for 'Object Transfer'."
114216,7b5fafdb-136a-4722-84a4-cffb213a224a,910.8524642879968,#C C drops the weeds,Unknown,Object Transfer,"The action of dropping the weeds is a deliberate placement onto a surface, which fits the criteria for Object Transfer."
114236,7b5fafdb-136a-4722-84a4-cffb213a224a,969.4232542879968,#C C drops the weeds,Unknown,Object Transfer,"The action of dropping the weeds is a deliberate placement onto a surface, which fits the criteria for Object Transfer."
114240,7b5fafdb-136a-4722-84a4-cffb213a224a,986.1347142879968,#C C drops the weeds,Unknown,Object Transfer,"The action of dropping the weeds onto a surface is a deliberate placement, which fits the criteria for 'Object Transfer'."
114244,7b5fafdb-136a-4722-84a4-cffb213a224a,1002.8807842879968,#O A woman d drops the weed,Unknown,Object Transfer,"The action of dropping the weed is a deliberate placement of the object onto a surface, which fits the criteria for 'Object Transfer'."
114247,7b5fafdb-136a-4722-84a4-cffb213a224a,1007.4617542879968,#C C drops the weeds,Unknown,Object Transfer,"The action of dropping the weeds is a deliberate placement onto a surface, which fits the criteria for 'Object Transfer'."
114270,7b5fafdb-136a-4722-84a4-cffb213a224a,1070.0574542879967,#C C drops the weeds,Unknown,Object Transfer,"The action of dropping the weeds is a deliberate placement onto a surface, which fits the criteria for Object Transfer."
114273,7b5fafdb-136a-4722-84a4-cffb213a224a,1077.7860342879967,#C C drops the weeds,Unknown,Object Transfer,"The action of dropping the weeds is a deliberate placement onto a surface, which fits the criteria for 'Object Transfer'."
114274,7b5fafdb-136a-4722-84a4-cffb213a224a,1078.3079642879966,#O A woman d drops the weeds,Unknown,Object Transfer,"The action of dropping the weeds is a deliberate placement onto a surface, which fits the criteria for 'Object Transfer'."
114277,7b5fafdb-136a-4722-84a4-cffb213a224a,1088.1915442879967,#C C drops the weeds,Unknown,Object Transfer,"The action of dropping the weeds is a deliberate placement onto a surface, which fits the criteria for 'Object Transfer'."
114300,7b5fafdb-136a-4722-84a4-cffb213a224a,1153.5513042879968,#O A woman d drops the weeds,Unknown,Object Transfer,"The action of dropping the weeds is a deliberate placement onto a surface, which fits the criteria for 'Object Transfer'."
114328,7b5fafdb-136a-4722-84a4-cffb213a224a,1213.927494287997,#C C drops the weeds,Unknown,Object Transfer,"The action of dropping the weeds is a deliberate placement onto a surface, which fits the criteria for 'Object Transfer'."
114345,7b5fafdb-136a-4722-84a4-cffb213a224a,1255.261614287997,#O A woman d drops the weed,Unknown,Object Transfer,"The action of dropping the weed onto a surface is a deliberate placement, which fits the criteria for 'Object Transfer'."
114400,7b5fafdb-136a-4722-84a4-cffb213a224a,1448.824564287997,#C C drops the plants,Unknown,Object Transfer,"The action of dropping the plants is a deliberate placement onto a surface, which fits the criteria for 'Object Transfer'."
114418,7b5fafdb-136a-4722-84a4-cffb213a224a,1553.629794287997,#C C drops the plant,Unknown,Object Transfer,"The action of dropping the plant is a deliberate placement of the object onto a surface, which fits the criteria for 'Object Transfer'."
114423,7b5fafdb-136a-4722-84a4-cffb213a224a,1569.3244242879969,#O Person A drops the plant on the ground,Unknown,Object Transfer,"The action of dropping the plant onto the ground is a deliberate placement, which fits the criteria for 'Object Transfer'."
114525,7b5fafdb-136a-4722-84a4-cffb213a224a,2181.751364287997,#C C folds the plant,Unknown,Essential Operation,"Folding the plant is an action that modifies the state of the plant, which falls under the category of Essential Operation."
114527,7b5fafdb-136a-4722-84a4-cffb213a224a,2196.100734287997,#C C folds the plant,Unknown,Essential Operation,The action of folding the plant is an essential operation as it involves manipulating the plant's structure.
114534,7b5fafdb-136a-4722-84a4-cffb213a224a,2228.5270242879974,#C C drops the plant,Unknown,Object Transfer,"The action of dropping the plant is a deliberate placement onto a surface, which fits the criteria for 'Object Transfer'."
114547,7b5fafdb-136a-4722-84a4-cffb213a224a,2290.148744287997,#C C drops the plant,Unknown,Object Transfer,"The action of dropping the plant is a deliberate placement onto a surface, which fits the criteria for 'Object Transfer'."
114610,7b5fafdb-136a-4722-84a4-cffb213a224a,2622.595134287997,#C C drops the stem,Unknown,Object Transfer,"The action of dropping the stem onto a surface is a deliberate placement, which fits the criteria for 'Object Transfer'."
114736,589fd5f5-bccb-4820-b248-87054fcade25,395.67630958632816,#C C drops the bag,Unknown,Object Transfer,"The action of dropping the bag is a deliberate placement onto a surface, which fits the criteria for Object Transfer."
114913,5219d958-3e18-468f-b789-baa6d2f72e9b,443.8463009546634,#C C hits the table,Unknown,Essential Operation,"Hitting the table is an action that could be considered an essential operation, such as making a noise or reacting to something. It is not locomotion, object transfer, or search, and it is not stationary as the person is actively doing something."
114933,5219d958-3e18-468f-b789-baa6d2f72e9b,619.3102709546633,#C C drops spoon,Unknown,Object Transfer,"The action of dropping the spoon onto a surface is a deliberate placement, which fits the criteria for 'Object Transfer'."
114947,5219d958-3e18-468f-b789-baa6d2f72e9b,639.4081909546634,#C C drops chopsticks,Unknown,Object Transfer,"The action of dropping chopsticks onto a surface is a deliberate placement, which fits the criteria for 'Object Transfer'."
114953,5219d958-3e18-468f-b789-baa6d2f72e9b,655.7897609546634,#C C drops cooking pot,Unknown,Object Transfer,"The action of dropping the cooking pot onto a surface can be considered a deliberate placement, which fits the criteria for 'Object Transfer'."
114959,5219d958-3e18-468f-b789-baa6d2f72e9b,663.3407909546634,#C C drops chopsticks,Unknown,Object Transfer,"The action of dropping the chopsticks onto a surface is a deliberate placement, which fits the criteria for 'Object Transfer'."
114966,5219d958-3e18-468f-b789-baa6d2f72e9b,668.3213909546635,#C C drops soap,Unknown,Object Transfer,"The action of dropping soap is a deliberate placement of the soap onto a surface, which fits the criteria for 'Object Transfer'."
114976,5219d958-3e18-468f-b789-baa6d2f72e9b,683.4735509546634,#C C bends bowl,Unknown,Essential Operation,"The action of bending a bowl is likely part of a cleaning or shaping process, which falls under the category of Essential Operation."
114977,5219d958-3e18-468f-b789-baa6d2f72e9b,683.7007809546634,#C C drops sponge,Unknown,Object Transfer,"The action of dropping the sponge is a deliberate placement onto a surface, which fits the criteria for 'Object Transfer'."
114980,5219d958-3e18-468f-b789-baa6d2f72e9b,690.4321609546635,#C C drops sponge,Unknown,Object Transfer,"The action of dropping the sponge is a deliberate placement onto a surface, which fits the criteria for 'Object Transfer'."
114985,5219d958-3e18-468f-b789-baa6d2f72e9b,706.6117609546634,#C C drops bowl,Unknown,Object Transfer,"The action of dropping the bowl onto a surface is a deliberate placement, which fits the criteria for 'Object Transfer'."
115726,1f84d80d-6f8d-4e40-aabb-b33aad3ba594,180.2280452602353,#C C the flower plant fall down.,Unknown,Object Transfer,"The current action describes the flower plant falling down, which can be interpreted as an unintended placement or drop of the object. This aligns with the 'Object Transfer' category as it involves the manipulation and movement of the flower plant."
116122,6bc12612-2c12-4938-a394-c65de370a159,1515.8126453125,#C C claps around,Unknown,Essential Operation,"The action of clapping around is a deliberate and purposeful movement that serves a functional or social purpose, such as expressing approval or marking a rhythm, which falls under the category of Essential Operation."
116335,b99c164c-dae8-4009-bb1f-56f550aa4fd5,1413.3261742879968,#C C drops the cup on the computer desk with his left hand.,Unknown,Object Transfer,"The action of dropping the cup onto the computer desk is a deliberate placement, which fits the criteria for 'Object Transfer'."
116768,4e554e70-de52-4f24-b5f0-78012b57c5c2,620.9330776136719,#C C drops the right hand,Unknown,Locomotion,"The action of dropping the hand can be interpreted as part of a movement or adjustment, which is related to locomotion or changing one's posture."
117049,4e554e70-de52-4f24-b5f0-78012b57c5c2,1234.519577144922,#O man Y interacts with C,Unknown,Essential Operation,"The current action involves man Y interacting with C, which suggests a direct interaction or communication, likely an essential operation rather than locomotion, object transfer, search, or stationary behavior."
117709,530277fb-916e-4d99-b3df-19fb06403a93,2132.804631333333,#C C swings the left hand,Unknown,Stationary,"The action of swinging one hand does not involve any movement towards a specific goal such as locomotion, essential operation, or object transfer. It is more akin to a repetitive or idle movement, which falls under the 'Stationary' category."
117805,530277fb-916e-4d99-b3df-19fb06403a93,2656.2768326666665,#C C swings the left hand,Unknown,Essential Operation,"The action of swinging the left hand is a repetitive and essential movement, likely for comfort or to maintain posture, which falls under the category of Essential Operation."
117807,530277fb-916e-4d99-b3df-19fb06403a93,2666.6022026666665,#C C swings the left hand,Unknown,Locomotion,"Swinging the left hand can be considered a gesture that involves movement, which falls under the 'Locomotion' category."
117809,530277fb-916e-4d99-b3df-19fb06403a93,2667.6472226666665,#C C swings the left hand,Unknown,Essential Operation,"Swinging the left hand can be considered an essential operation, such as gesturing or making a point while in a stationary position like using a laptop."
118030,dc58cd89-810e-455d-b51e-1b66ce022edd,726.8645269546635,#O player X wears a mattress on his head.,Unknown,Object Transfer,
118313,02cf2e59-26be-43be-a4d9-7d6cbcfd0898,216.5045086,#O person card down,Unknown,Object Transfer,"The current action involves the person placing a card down, which is a deliberate placement action and thus falls under the 'Object Transfer' category."
119603,bedaa131-deae-4279-9fd4-5b6ab552644c,30.80455,#C C drops the carton on the auto lift.,Unknown,Object Transfer,"The action of dropping the carton onto the auto lift is a deliberate placement, which fits the criteria for 'Object Transfer'."
119633,bedaa131-deae-4279-9fd4-5b6ab552644c,59.97864,#C C drops the screw driver on the auto lift with his right hand.,Unknown,Object Transfer,"The action of dropping the screwdriver onto the auto lift is a deliberate placement, which fits the criteria for 'Object Transfer'."
119649,bedaa131-deae-4279-9fd4-5b6ab552644c,96.31452,#C C drops the hand drill on the auto lift.,Unknown,Object Transfer,"The action of dropping the hand drill onto the auto lift can be considered a deliberate placement of the object onto a surface, which fits the criteria for 'Object Transfer'."
119724,bedaa131-deae-4279-9fd4-5b6ab552644c,228.8207,#O The attached piston and chuck falls off the scooter motorcycle. #Unsure,Unknown,Essential Operation,"The current action describes a part falling off the scooter motorcycle, which is an essential operation related to the maintenance or repair process."
119753,bedaa131-deae-4279-9fd4-5b6ab552644c,291.44564,#C C drops the metal bar on the ground with his right hand.,Unknown,Object Transfer,"The action of dropping the metal bar onto the ground is a deliberate placement, which fits the criteria for 'Object Transfer'."
119815,bedaa131-deae-4279-9fd4-5b6ab552644c,440.42329,#C C drops the spanner on the auto lift.,Unknown,Object Transfer,"The action of dropping the spanner onto the auto lift is a deliberate placement, which fits the criteria for 'Object Transfer'."
119888,bedaa131-deae-4279-9fd4-5b6ab552644c,550.3608646666668,#C C drops the spanner in the drawer.,Unknown,Object Transfer,"The action of dropping the spanner into the drawer is a deliberate placement, which fits the criteria for 'Object Transfer'."
119940,bedaa131-deae-4279-9fd4-5b6ab552644c,662.6978466666667,#C C drops the screw driver on the flor with his right hand. #Unsure,Unknown,Object Transfer,"The action of dropping the screwdriver onto the floor is a deliberate placement of the object onto a surface, which fits the criteria for 'Object Transfer'."
119991,bedaa131-deae-4279-9fd4-5b6ab552644c,750.6181266666667,#C C squeezes the empty pack with both hands.,Unknown,Essential Operation,The action of squeezing the empty pack is an essential operation to possibly flatten it or prepare it for disposal or recycling.
120001,bedaa131-deae-4279-9fd4-5b6ab552644c,762.3538166666667,#C C throws the screw driver up in the air.,Unknown,Object Transfer,"Although throwing an object might seem like a different category, the action of throwing the screwdriver can be considered a form of transferring the object, even if it is in an unconventional manner."
120029,bedaa131-deae-4279-9fd4-5b6ab552644c,810.3317466666667,#C C drops the lid on the scooter.,Unknown,Object Transfer,"The action involves deliberately placing the lid onto the scooter, which fits the criteria for an Object Transfer."
120416,477feff8-a1ff-4f43-b726-273ca0fa47e9,149.24060859999997,#C C dumps paper towel,Unknown,Object Transfer,"The action of 'dumping' the paper towel is a deliberate placement of the object onto a surface, which fits the criteria for 'Object Transfer'."
120426,477feff8-a1ff-4f43-b726-273ca0fa47e9,189.7750286,#C C drops brush,Unknown,Object Transfer,"The action of dropping the brush is a deliberate placement of the object onto a surface, which fits the criteria for 'Object Transfer'."
121029,c41806a7-231e-494f-8e0b-f72587269f79,219.3272286,#C C shakes #unsure,Unknown,Essential Operation,"Shaking an object typically involves manipulating it for a specific purpose, such as mixing or activating it, which falls under the category of Essential Operation."
121893,c41806a7-231e-494f-8e0b-f72587269f79,1239.6588119333333,#C C hits a pot with chopsticks,Unknown,Essential Operation,"The action involves using chopsticks to interact with a pot, which is a repetitive and essential task in the context of preparing or consuming food."
122033,c41806a7-231e-494f-8e0b-f72587269f79,1401.8019119333333,#C C moves #unsure in a bowl,Unknown,Object Transfer,"The action describes a deliberate placement or movement of an object into a bowl, which fits the criteria for Object Transfer."
123945,5fa671a8-c6c9-40bc-9d3d-f97d94133965,249.5762886,#C C Drops a brochure,Unknown,Object Transfer,"The action of dropping a brochure is a deliberate placement of the object onto a surface, which fits the criteria for 'Object Transfer'."
123952,5fa671a8-c6c9-40bc-9d3d-f97d94133965,266.4741086,#C C Drops a cell tape,Unknown,Object Transfer,"The action of dropping a cell tape is a deliberate placement of an object onto a surface, which fits the criteria for 'Object Transfer'."
123997,5fa671a8-c6c9-40bc-9d3d-f97d94133965,966.388567613672,#C C drops shower curtain,Unknown,Object Transfer,"The action of dropping the shower curtain is a deliberate placement onto a surface, which fits the criteria for 'Object Transfer'."
124042,5fa671a8-c6c9-40bc-9d3d-f97d94133965,1063.237297613672,#C C drops umbrella,Unknown,Object Transfer,"The current action involves C dropping the umbrella, which can be considered a deliberate placement of the object onto a surface. This fits the criteria for 'Object Transfer'."
124047,5fa671a8-c6c9-40bc-9d3d-f97d94133965,1069.811157613672,#C C presses #unsure,Unknown,Essential Operation,"Pressing an object is typically an essential operation, such as pressing a button or key."
124073,5fa671a8-c6c9-40bc-9d3d-f97d94133965,1147.389918365625,#C C drops box,Unknown,Object Transfer,"The action of dropping a box is a deliberate placement onto a surface, which fits the criteria for Object Transfer."
124135,5fa671a8-c6c9-40bc-9d3d-f97d94133965,1372.98171850113,#C C drops tape,Unknown,Object Transfer,"The action of dropping the tape onto a surface is a deliberate placement, which fits the criteria for 'Object Transfer'."
124145,5fa671a8-c6c9-40bc-9d3d-f97d94133965,1395.10110850113,#C C drops tape,Unknown,Object Transfer,"The action of dropping the tape onto a surface is a deliberate placement, which fits the criteria for 'Object Transfer'."
125417,4b97cf1d-4989-41d8-8b9e-f6b3d648d9d0,697.5259473792969,#C C drops left hand,Unknown,Object Transfer,"The action of dropping the left hand can be interpreted as a deliberate placement of the hand onto a surface, which fits the 'Object Transfer' category."
125615,2c84e6a0-2a0b-4de8-ae99-aedbc871dffa,639.64658,#O man B plays a card,Unknown,Object Transfer,"The action of 'man B plays a card' involves picking up or placing a card, which fits the definition of an Object Transfer as it involves the deliberate placement or removal of an object (the card)."
125975,111ee12a-6af2-4bfc-8586-e706568fd078,660.503721432255,#C C drops the air blow gun with his right hand. #Unsure,Unknown,Object Transfer,"The action of dropping the air blow gun is a deliberate placement of the object onto a surface, which fits the criteria for 'Object Transfer'."
126373,5ed59c41-af9e-4368-a0ce-30d536d34895,168.4529986,#C C drops the plate on the slab.,Unknown,Object Transfer,"The action of dropping the plate onto the slab is a deliberate placement, which fits the criteria for 'Object Transfer'."
126489,5ed59c41-af9e-4368-a0ce-30d536d34895,440.33463860000006,#C C shakes the knife.,Unknown,Stationary,"Shaking the knife does not involve locomotion, essential operation, object transfer, or search. It is more likely a stationary action where C is holding and shaking the knife without moving to a new location or performing a specific task."
126726,5ed59c41-af9e-4368-a0ce-30d536d34895,954.5585353125,#O The child B drops towards the floor.,Unknown,Object Transfer,The action of the child B dropping towards the floor can be considered a deliberate placement or movement involving the transfer of the child's position from being held to dropping onto the floor.
126791,5ed59c41-af9e-4368-a0ce-30d536d34895,1038.4880453125,#C The child B slams her right hand on C's chest.,Unknown,Object Transfer,"The action involves the child B deliberately placing her hand on C's chest, which fits the criteria for an Object Transfer."
127088,5ed59c41-af9e-4368-a0ce-30d536d34895,2920.130965266667,#C C fixes the camera,Unknown,Essential Operation,"Fixing the camera is a deliberate action aimed at preparing or adjusting a tool for use, which falls under the category of Essential Operation."
127840,3b856ad7-6781-473a-b528-357dafb153ac,36.23581526666667,#C C drops the dough in the wheat flour,Unknown,Object Transfer,"The action of dropping the dough into the wheat flour is a deliberate placement, which fits the criteria for 'Object Transfer'."
127889,3b856ad7-6781-473a-b528-357dafb153ac,169.23077526666663,#C C drops the rolling stick,Unknown,Object Transfer,"The action of dropping the rolling stick is a deliberate placement of the object onto a surface, which fits the criteria for 'Object Transfer'."
128294,3b856ad7-6781-473a-b528-357dafb153ac,1355.3713919333334,#O a lady X drops #unsure in the other bowl,Unknown,Object Transfer,"The action involves a deliberate placement of an object (the bowl) by the lady, which fits the criteria for Object Transfer."
128296,3b856ad7-6781-473a-b528-357dafb153ac,1357.8064619333334,#O a lady X drops #unsure in the other bowl,Unknown,Object Transfer,"The action involves a deliberate placement of an object (dropping something into another bowl), which fits the criteria for 'Object Transfer'."
128464,3b856ad7-6781-473a-b528-357dafb153ac,1848.5344619333328,#C C drops the mango peel.,Unknown,Object Transfer,"The action of dropping the mango peel is a deliberate placement of the object onto a surface, which fits the criteria for 'Object Transfer'."
129027,8996ece6-f2c1-49c4-aab7-fee6c30f2ca2,22.1192786,#C C touches #unsure,Unknown,Essential Operation,"The action of touching an object is typically an essential operation, such as feeling or interacting with an object for a specific purpose."
129095,8996ece6-f2c1-49c4-aab7-fee6c30f2ca2,725.6332976136719,#C C shakes #unsure,Unknown,Stationary,"Shaking an object does not involve movement from one location to another, nor does it involve a deliberate placement or essential operation. It is more of a stationary action where the person is holding and shaking an object."
129318,4bc033f3-9bfe-4b00-8595-09148707bb02,310.00425852745843,#C C picks drawer lock.,Unknown,Essential Operation,"Picking a drawer lock is a deliberate action aimed at performing a necessary task, which aligns with the 'Essential Operation' category."
129380,4bc033f3-9bfe-4b00-8595-09148707bb02,446.1600285274585,#C C drops butter on the packet.,Unknown,Object Transfer,"The action involves C dropping the butter onto the packet, which is a deliberate placement of the butter onto a surface, fitting the criteria for Object Transfer."
129382,4bc033f3-9bfe-4b00-8595-09148707bb02,448.2418885274585,#C C picks drawer lock.,Unknown,Essential Operation,"Picking a drawer lock is an action that involves manipulating an object to achieve a specific goal, which falls under the category of Essential Operation."
129501,4bc033f3-9bfe-4b00-8595-09148707bb02,812.7277859242188,#C C drops ginger on the grater.,Unknown,Object Transfer,"The action of dropping ginger onto the grater is a deliberate placement of the object, which fits the criteria for Object Transfer."
130589,eb2c9739-dba0-479c-81b7-9dda51c4ac20,1833.14705,#O man A hits the racket on his hand.,Unknown,Essential Operation,"The action of hitting the racket on his hand is a continuation of the repetitive motion of hitting the shuttlecock, which is an essential operation in the context of playing badminton."
132236,06456897-960d-4d0c-8ce2-cd50a5a57bc3,1531.346307247718,#C C drops the secateurs,Unknown,Object Transfer,"The action of dropping the secateurs indicates a deliberate placement of the object onto a surface, which fits the criteria for 'Object Transfer'."
132279,06456897-960d-4d0c-8ce2-cd50a5a57bc3,1771.244717144922,#C C drops the secateurs,Unknown,Object Transfer,"The action of dropping the secateurs is a deliberate placement of the object onto a surface, which fits the criteria for 'Object Transfer'."
132305,06456897-960d-4d0c-8ce2-cd50a5a57bc3,1906.133727144922,#C C drops the secateurs,Unknown,Object Transfer,"The action of dropping the secateurs is a deliberate placement of the object onto a surface, which fits the criteria for 'Object Transfer'."
132595,06456897-960d-4d0c-8ce2-cd50a5a57bc3,2981.9798892575523,#C C drops the gardening shear,Unknown,Object Transfer,"The action of dropping the gardening shear is a deliberate placement of the object onto a surface, which fits the criteria for 'Object Transfer'."
132929,e7589947-f110-4142-9597-401c3b2b1251,1010.5646952666668,#C C drops the trowel in the bucket,Unknown,Object Transfer,"The action of dropping the trowel into the bucket is a deliberate placement of the object onto a surface, which fits the criteria for 'Object Transfer'."
133051,55cf338b-c86b-4f6e-85fd-dc4b722d1967,312.9756609546634,#C C drops forth container on the cabinet with his left hand.,Unknown,Object Transfer,"The action involves C deliberately placing the fourth container onto the cabinet, which fits the criteria for an Object Transfer."
133060,55cf338b-c86b-4f6e-85fd-dc4b722d1967,356.0767309546634,#C C drops the food in the first container with his right hand.,Unknown,Object Transfer,"The action of dropping the food in the container is a deliberate placement, which fits the criteria for 'Object Transfer'."
133123,55cf338b-c86b-4f6e-85fd-dc4b722d1967,666.3525809546634,#C C drops a brush on the cabinet with his left hand.,Unknown,Object Transfer,"The action of dropping the brush onto the cabinet is a deliberate placement, which fits the criteria for 'Object Transfer'."
133199,55cf338b-c86b-4f6e-85fd-dc4b722d1967,1243.8701809546633,#C C drops the seasoning container from the table with his right hand.,Unknown,Object Transfer,"The action of dropping the seasoning container onto the table is a deliberate placement, which fits the criteria for 'Object Transfer'."
133370,9632b0a9-cf21-4773-b95b-83aae9a23d0a,2560.494423333333,#c c fixes the camera,Unknown,Essential Operation,"Fixing the camera is a deliberate action aimed at ensuring the camera is properly set up or adjusted, which falls under the category of Essential Operation."
133403,9632b0a9-cf21-4773-b95b-83aae9a23d0a,3263.6288600000003,#OO plays the badminton,Unknown,Stationary,Playing badminton can be considered a stationary activity if it does not involve any locomotion or object transfer in the given context.
133412,9632b0a9-cf21-4773-b95b-83aae9a23d0a,3654.32214,#OO nocks the shuttle,Unknown,Object Transfer,"The action involves interacting with an object (the shuttle), which suggests a deliberate placement or manipulation of the object."
133791,1ce16a97-f614-4660-b21c-4205b33c8bab,1491.9244352666667,#C C Hits the spoon on the blender,Unknown,Essential Operation,"The action of hitting the spoon on the blender is likely an attempt to dislodge or mix the contents, which falls under the category of Essential Operation."
134060,1ce16a97-f614-4660-b21c-4205b33c8bab,2106.680731933333,#C C dumps #unsure in the sink.,Unknown,Object Transfer,"The action of dumping something into the sink is a deliberate placement of an object onto a surface, which fits the criteria for 'Object Transfer'."
134713,3410d16d-3450-440c-bd3c-e8140e1facce,183.7927686,#C C touches wire,Unknown,Search,"The action of touching a wire is likely an attempt to locate or inspect the wire, which aligns with the 'Search' category."
134934,3410d16d-3450-440c-bd3c-e8140e1facce,1745.1193786,#c c shakes dish,Unknown,Essential Operation,The action of shaking the dish is an essential operation to clean or prepare the dish for washing.
135506,670df362-2578-4f2a-8940-188f06ca6126,2211.340342496485,#C C drops button,Unknown,Object Transfer,"The action of dropping a button is a deliberate placement onto a surface, which fits the criteria for 'Object Transfer'."
135735,a5d416f3-723a-4181-8ed3-3e3c97a4cd3c,125.4313796,#C C drops the brush,Unknown,Object Transfer,"The action of dropping the brush is a deliberate placement of the object onto a surface, which fits the criteria for 'Object Transfer'."
135736,a5d416f3-723a-4181-8ed3-3e3c97a4cd3c,126.7246796,#C C drops the scissors,Unknown,Object Transfer,"The action of dropping the scissors is a deliberate placement, similar to the previous action of dropping the brush. Both actions involve the intentional release of an object onto a surface."
135997,a5d416f3-723a-4181-8ed3-3e3c97a4cd3c,589.4016009546634,#C C drops the brush in the gum,Unknown,Object Transfer,"The action of dropping the brush into the gum is a deliberate placement of the object onto a surface, which fits the criteria for 'Object Transfer'."
136137,a5d416f3-723a-4181-8ed3-3e3c97a4cd3c,916.7087109546634,#C C drops the material #Unsure,Unknown,Object Transfer,"The action of dropping the material is a deliberate placement onto a surface, which fits the criteria for 'Object Transfer'."
136587,a5d416f3-723a-4181-8ed3-3e3c97a4cd3c,2264.471454287997,#C C drops the piece of cloth in his left hand,Unknown,Object Transfer,"The action of dropping the cloth is a deliberate placement onto a surface, which fits the criteria for 'Object Transfer'."
136598,a5d416f3-723a-4181-8ed3-3e3c97a4cd3c,2287.663564287997,#C C drops the scissor on the first table,Unknown,Object Transfer,"The action of dropping the scissor onto the table is a deliberate placement, which fits the criteria for 'Object Transfer'."
136656,9a4ed30a-1535-4eaa-b9dc-40437b77f852,112.2086696,#c c shakes sieve,Unknown,Essential Operation,"The action of shaking the sieve is a repetitive and deliberate motion that is part of a process, likely for sifting or separating materials, which falls under the category of Essential Operation."
136713,9a4ed30a-1535-4eaa-b9dc-40437b77f852,283.8306796,#c c shakes jug,Unknown,Essential Operation,"Shaking a jug is typically done to mix or agitate its contents, which is an essential operation."
137925,484249cf-8898-4d7a-bb1f-18bcbcf4dce9,378.9357209546634,#C C drops the paint container.,Unknown,Object Transfer,"The action of dropping the paint container is a deliberate placement of the object onto a surface, which fits the criteria for 'Object Transfer'."
138303,ee7bc1e4-fca9-4c23-9b98-63ce27333824,1349.166255266667,#C C Shakes the hand,Unknown,Locomotion,"Shaking hands is typically a social interaction that involves a brief movement, which can be categorized under Locomotion as it involves a deliberate action of the hand."
138734,ffb6dfc1-d2f9-45b1-8e25-2c7d0f32d635,527.6861799999999,#C C sprays the soup on the mats,Unknown,Object Transfer,"The action of spraying the soup onto the mats can be considered a deliberate placement or interaction with an object, thus fitting the 'Object Transfer' category."
138772,ffb6dfc1-d2f9-45b1-8e25-2c7d0f32d635,646.7595666666666,#C C drops bottle #Unsure in boot,Unknown,Object Transfer,"The action involves deliberately placing the bottle into the boot, which fits the criteria for an Object Transfer action."
138776,ffb6dfc1-d2f9-45b1-8e25-2c7d0f32d635,665.8860166666666,#C C drops bottle #Unsure in boot,Unknown,Object Transfer,"The action of dropping the bottle into the car boot is a deliberate placement, which fits the criteria for 'Object Transfer'."
138957,555ff1a5-c30b-434c-a251-b5105cdc1fb9,21.966275266666667,#C C drops #Unsure,Unknown,Object Transfer,"The action of dropping an object onto a surface is considered a deliberate placement, which falls under the 'Object Transfer' category."
138969,555ff1a5-c30b-434c-a251-b5105cdc1fb9,58.541365266666666,#C C hits #Unsure,Unknown,Essential Operation,"The action of hitting an object is typically considered an essential operation, such as breaking or destroying something."
138986,555ff1a5-c30b-434c-a251-b5105cdc1fb9,101.99157526666666,#C C drops #Unsure,Unknown,Object Transfer,"The current action involves C dropping an object, which is a deliberate placement onto a surface. This fits the criteria for 'Object Transfer'."
138988,555ff1a5-c30b-434c-a251-b5105cdc1fb9,105.90616526666666,#C C drops #Unsure,Unknown,Object Transfer,"The action of dropping an object onto a surface is considered a deliberate placement, which falls under the 'Object Transfer' category."
139035,555ff1a5-c30b-434c-a251-b5105cdc1fb9,232.10830526666663,#C C drops #Unsure,Unknown,Object Transfer,"The action of dropping an object onto a surface is considered a deliberate placement, which falls under the 'Object Transfer' category."
139048,555ff1a5-c30b-434c-a251-b5105cdc1fb9,270.63692526666665,#C C drops #Unsure,Unknown,Object Transfer,"The action of dropping an object onto a surface is considered a deliberate placement, which falls under the 'Object Transfer' category."
139054,555ff1a5-c30b-434c-a251-b5105cdc1fb9,282.0750852666667,#C C drops #Unsure,Unknown,Object Transfer,"The action of dropping an object onto a surface is considered a deliberate placement, which falls under the 'Object Transfer' category."
139203,555ff1a5-c30b-434c-a251-b5105cdc1fb9,1439.8254486,#C C drops the plastic stool,Unknown,Object Transfer,"The action of dropping the plastic stool is a deliberate placement onto a surface, which fits the criteria for 'Object Transfer'."
139232,555ff1a5-c30b-434c-a251-b5105cdc1fb9,1599.9160652666667,#C C screems around,Unknown,Locomotion,The action 'screems around' implies movement and does not fit into the 'Stationary' or 'Object Transfer' categories. Screeming around suggests the person is moving around in a chaotic or frantic manner.
139723,3906d25a-d0a4-4a7c-8906-a87cea106c66,1663.6096909546634,#C C drops the seedlings containers.,Unknown,Object Transfer,"The action of dropping the seedlings containers is a deliberate placement of the objects onto a surface, which fits the criteria for 'Object Transfer'."
139848,3906d25a-d0a4-4a7c-8906-a87cea106c66,2033.8312709546635,#C C drops the sand container that has the seedlings from the table with his left hand.,Unknown,Object Transfer,"The action of dropping the sand container with seedlings is a deliberate placement onto a surface, which fits the criteria for 'Object Transfer'."
140192,375ca7e7-1e3c-4159-9f7f-4691ef11f322,881.1820037262323,#C C drops the knife.,Unknown,Object Transfer,"The action of dropping the knife is a deliberate placement of the object onto a surface, which fits the criteria for 'Object Transfer'."
140618,6d9d3b31-334f-4710-8f66-8d9befde4665,1174.6175386,#C C shakes a toaster on the sink,Unknown,Object Transfer,"Shaking an object is often a deliberate action to place or manipulate it, which fits the criteria for 'Object Transfer'."
140619,6d9d3b31-334f-4710-8f66-8d9befde4665,1179.7741086,#C C hits a toaster with his hand,Unknown,Essential Operation,"Shaking and hitting the toaster seem to be part of a process to check or test the toaster, which falls under essential operations."
140620,6d9d3b31-334f-4710-8f66-8d9befde4665,1180.6690186,#C C shakes a toaster on sink,Unknown,Object Transfer,"The action of shaking a toaster on the sink can be interpreted as a deliberate placement or interaction with the toaster, which fits the 'Object Transfer' category."
140768,6d9d3b31-334f-4710-8f66-8d9befde4665,1573.188038313701,#C C drops the cable,Unknown,Object Transfer,"The action of dropping the cable is a deliberate placement of the cable onto the floor or another surface, which fits the criteria for 'Object Transfer'."
140930,f6eb8e9b-a925-4112-9eec-32393192e435,76.1651096,#C Cm Raises right hand towards #unsure,Unknown,Stationary,"The action of raising the right hand towards an unsure target does not involve movement to a new location, manipulation of essential operations, transfer of objects, or a search. It is a deliberate placement or holding of the hand in a stationary position."
140931,f6eb8e9b-a925-4112-9eec-32393192e435,76.88214959999999,#C C Withdraws right hand from #unsure,Unknown,Stationary,"The action of withdrawing the right hand from an unsure object is a stationary action as it does not involve any movement that can be classified under Locomotion, Essential Operation, Object Transfer, or Search. It is a deliberate placement or withdrawal, which in this context, is best described as a stationary action."
141114,f6eb8e9b-a925-4112-9eec-32393192e435,3104.4132742879965,#C C does #unsure,Unknown,Stationary,"The current action describes C moving the hand, which is a continuation of the previous stationary actions."
143665,d38f271c-53f3-4771-8c17-a5157e723067,408.5369265627008,#C C turns a round,Unknown,Stationary,"Turning is a stationary action as it does not involve movement from one location to another, but rather a change in orientation at a fixed point."
143718,d38f271c-53f3-4771-8c17-a5157e723067,1234.7536940459636,#C C squeezes an apple with the leg,Unknown,Locomotion,"The action of squeezing an apple with the leg is a form of movement or manipulation that can be categorized under Locomotion, as it involves using a limb to interact with an object."
143729,d38f271c-53f3-4771-8c17-a5157e723067,1284.1120340459636,#C C drops googles on the ground,Unknown,Object Transfer,"The action involves deliberately placing the googles on the ground, which fits the definition of an Object Transfer."
143802,d38f271c-53f3-4771-8c17-a5157e723067,1549.3524511441085,#C C drops the dustbin,Unknown,Object Transfer,"The action of dropping the dustbin is a deliberate placement of an object onto a surface, which fits the criteria for 'Object Transfer'."
143917,d38f271c-53f3-4771-8c17-a5157e723067,2102.9491157617567,#C C hits a tree.,Unknown,Locomotion,"The action of hitting a tree does not fit into the categories of Essential Operation, Object Transfer, Search, or Stationary. It is more likely a sudden movement or an action that involves locomotion, such as moving towards or away from the tree."
143925,d38f271c-53f3-4771-8c17-a5157e723067,2134.966655761757,#C C hits the tree on the grass compound.,Unknown,Locomotion,"The action of hitting the tree does not fit into the categories of Essential Operation, Object Transfer, Search, or Stationary. It is more likely a form of locomotion or movement towards the tree."
144654,db3f7933-dfa0-4678-9d4f-393b628ded45,331.62483095466337,#C C drops the flatbread in his right hand on the toaster.,Unknown,Object Transfer,"The action of dropping the flatbread onto the toaster is a deliberate placement, which fits the criteria for 'Object Transfer'."
144731,db3f7933-dfa0-4678-9d4f-393b628ded45,568.4077009546634,#C C drops the knife in his right hand on the cake platter.,Unknown,Object Transfer,"The action involves deliberately placing the knife onto the cake platter, which fits the criteria for an Object Transfer."
145100,58365f2a-f88a-46f8-9572-3fdbfd693c82,366.2579357855829,#C C shakes #Unsure,Unknown,Stationary,"Shaking an object typically involves holding it in place and moving it back and forth, which is a stationary action."
146353,e250017c-16ff-4825-9c30-160f391e1549,829.78658,#C C drops potato,Unknown,Object Transfer,"The action of dropping the potato is a deliberate placement onto a surface, which fits the criteria for 'Object Transfer'."
146357,e250017c-16ff-4825-9c30-160f391e1549,833.15479,#C C drops potato skin,Unknown,Object Transfer,"The action of dropping the potato skin is a deliberate placement of the object onto a surface, which fits the criteria for 'Object Transfer'."
146362,e250017c-16ff-4825-9c30-160f391e1549,841.06481,#C C drops potato skin,Unknown,Object Transfer,"The action of dropping the potato skin is a deliberate placement onto a surface, which fits the criteria for 'Object Transfer'."
146368,e250017c-16ff-4825-9c30-160f391e1549,846.29066,#C C drops potato skin,Unknown,Object Transfer,"The action of dropping the potato skin onto a surface is a deliberate placement, which fits the criteria for 'Object Transfer'."
146372,e250017c-16ff-4825-9c30-160f391e1549,850.59226,#C C drops potato,Unknown,Object Transfer,"The action of dropping the potato is a deliberate placement of the object onto a surface, which fits the criteria for 'Object Transfer'."
146390,e250017c-16ff-4825-9c30-160f391e1549,878.87423,#C C drops potato,Unknown,Object Transfer,"The action of dropping the potato is a deliberate placement of the object onto a surface, which fits the criteria for 'Object Transfer'."
146393,e250017c-16ff-4825-9c30-160f391e1549,881.23153,#C C drops potato,Unknown,Object Transfer,"The action of dropping the potato onto a surface is a deliberate placement, which fits the criteria for 'Object Transfer'."
146418,e250017c-16ff-4825-9c30-160f391e1549,914.32255,#C C drops chopping board,Unknown,Object Transfer,"The action of dropping the chopping board onto a surface is a deliberate placement, which fits the criteria for 'Object Transfer'."
146429,e250017c-16ff-4825-9c30-160f391e1549,927.81784,#C C drops trash can,Unknown,Object Transfer,"The action of dropping the trash can is a deliberate placement of the trash can onto a surface, which fits the criteria for 'Object Transfer'."
146453,9940a038-2bb1-4d2d-afeb-81f2798f815f,27.132409600000003,#C C drops the measuring tape on the wood cutting machine.,Unknown,Object Transfer,"The action of dropping the measuring tape onto the wood cutting machine is a deliberate placement, which fits the criteria for 'Object Transfer'."
146468,9940a038-2bb1-4d2d-afeb-81f2798f815f,83.47660959999999,#C C drops the tri-square on the wood cutting machine.,Unknown,Object Transfer,"The action involves deliberately placing the tri-square onto the wood cutting machine, which fits the criteria for an Object Transfer."
146474,9940a038-2bb1-4d2d-afeb-81f2798f815f,102.1950996,#C C drops the tri-square on the wood cutting machine.,Unknown,Object Transfer,"The action involves deliberately placing the tri-square onto the wood cutting machine, which fits the criteria for an Object Transfer action."
146475,9940a038-2bb1-4d2d-afeb-81f2798f815f,103.1950796,#C C drops the pencil on the wood cutting machine.,Unknown,Object Transfer,"The action of dropping the pencil onto the wood cutting machine is a deliberate placement, which fits the criteria for 'Object Transfer'."
146511,9940a038-2bb1-4d2d-afeb-81f2798f815f,264.22387960000003,#C C drops the pencil on the wood cutting machine.,Unknown,Object Transfer,"The action of dropping the pencil onto the wood cutting machine is a deliberate placement of the object onto a surface, which fits the criteria for 'Object Transfer'."
146512,9940a038-2bb1-4d2d-afeb-81f2798f815f,264.22387960000003,#C C drops the measuring tape on the wood cutting machine.,Unknown,Object Transfer,"The action involves deliberately placing the measuring tape onto the wood cutting machine, which fits the criteria for an Object Transfer."
146534,9940a038-2bb1-4d2d-afeb-81f2798f815f,325.5907309546634,#C C drops the measuring tape on the wood cutting machine.,Unknown,Object Transfer,"The action of dropping the measuring tape onto the wood cutting machine is a deliberate placement, which fits the criteria for 'Object Transfer'."
146542,9940a038-2bb1-4d2d-afeb-81f2798f815f,357.1384809546634,#C C drops the tri-square on the wood cutting machine.,Unknown,Object Transfer,"The action involves deliberately placing the tri-square onto the wood cutting machine, which fits the definition of an Object Transfer."
146543,9940a038-2bb1-4d2d-afeb-81f2798f815f,357.8632009546634,#C C drops the pencil on the wood cutting machine.,Unknown,Object Transfer,"The action of dropping the pencil onto the wood cutting machine is a deliberate placement, which fits the criteria for 'Object Transfer'."
146551,9940a038-2bb1-4d2d-afeb-81f2798f815f,378.0784109546634,#C C drops the tri-square on the wood cutting machine.,Unknown,Object Transfer,"The action of dropping the tri-square onto the wood cutting machine is a deliberate placement, which fits the criteria for 'Object Transfer'."
146552,9940a038-2bb1-4d2d-afeb-81f2798f815f,378.75262095466337,#C C drops the pencil on the wood cutting machine.,Unknown,Object Transfer,"The action of dropping the pencil onto the wood cutting machine is a deliberate placement, which fits the criteria for 'Object Transfer'."
146576,9940a038-2bb1-4d2d-afeb-81f2798f815f,485.4331109546634,#C C drops the pencil on the wood cutting machine.,Unknown,Object Transfer,"The action of dropping the pencil onto the wood cutting machine is a deliberate placement of the object onto a surface, which fits the criteria for 'Object Transfer'."
146577,9940a038-2bb1-4d2d-afeb-81f2798f815f,485.4331109546634,#C C drops the measuring tape on the wood cutting machine.,Unknown,Object Transfer,"The action involves deliberately placing the measuring tape onto the wood cutting machine, which fits the criteria for an Object Transfer action."
146593,9940a038-2bb1-4d2d-afeb-81f2798f815f,533.9597256213301,#C C drops the measuring tape on the wood cutting machine.,Unknown,Object Transfer,"The action of dropping the measuring tape onto the wood cutting machine is a deliberate placement, which fits the criteria for 'Object Transfer'."
146690,56bfc9ac-00f4-41ae-8112-3851c538d9b9,143.65875526666667,#C C fixes the camera,Unknown,Essential Operation,"Fixing the camera is a deliberate action aimed at adjusting or setting up the camera, which falls under the category of performing a necessary task or operation."
146701,56bfc9ac-00f4-41ae-8112-3851c538d9b9,234.87579526666667,#C C fixes the camera,Unknown,Essential Operation,"Fixing the camera is a deliberate action that involves adjusting or setting up the camera, which is an essential operation."
146911,56bfc9ac-00f4-41ae-8112-3851c538d9b9,1417.383385266667,#C C shakes egg shells,Unknown,Essential Operation,"Shaking egg shells is part of the process of preparing the egg, which is an essential operation in cooking."
147431,504315c0-17fd-4259-9d2c-fd2b25fdcbea,1179.0395364401693,#C C drops the spray bottle on the grass,Unknown,Object Transfer,"The action of dropping the spray bottle onto the grass is a deliberate placement, which fits the criteria for 'Object Transfer'."
148974,045451d6-2916-4c07-8e47-7cfdaa579086,1182.9578976213302,#C C drops both hands.,Unknown,Object Transfer,"The action of dropping both hands can be interpreted as a deliberate placement of the hands onto a surface, which fits the criteria for 'Object Transfer'."
149703,f3a9685f-0238-45a8-b7f5-30660e4d3acf,459.20819707826206,#C C does #unsure with hand,Unknown,Object Transfer,"The current action appears to be a continuation of the previous action where C places the leaf on the other hand. It is likely that C is transferring the leaf to another location or performing some manipulation with it, which fits the 'Object Transfer' category."
149728,f3a9685f-0238-45a8-b7f5-30660e4d3acf,523.8404470782621,#C C does #unsure with hand,Unknown,Stationary,"The current action involves C holding a plant with their hand, which indicates a stationary position where they are likely holding or stabilizing the plant."
149795,f3a9685f-0238-45a8-b7f5-30660e4d3acf,1218.3052804310546,#C C drops a leaf,Unknown,Object Transfer,"The action of dropping a leaf is a deliberate placement of the leaf onto a surface, which fits the criteria for 'Object Transfer'."
150532,33fced0b-4bf6-4989-9174-cda7bb51ecef,1889.151940954664,#C C takes sand,Unknown,Object Transfer,"The action of taking sand is a deliberate retrieval of an object, which fits the 'Object Transfer' category."
150644,d24836a0-f1eb-4093-8966-849e4a0d1fa8,48.71254,#C C drops the paper,Unknown,Object Transfer,"The action of dropping the paper is a deliberate placement of the object onto a surface, which fits the criteria for 'Object Transfer'."
150868,d24836a0-f1eb-4093-8966-849e4a0d1fa8,1691.15357,#C C catches #unsure,Unknown,Object Transfer,"The current action involves C catching an object, which indicates a deliberate placement or transfer of the object."
150869,d24836a0-f1eb-4093-8966-849e4a0d1fa8,1690.3239,#O person X throws #unsure to egocentric,Unknown,Object Transfer,"The action described as 'throws' indicates a deliberate transfer of an object, which fits the 'Object Transfer' category."
150906,d24836a0-f1eb-4093-8966-849e4a0d1fa8,1820.34583,#C C drops drill bit into the bucket,Unknown,Object Transfer,"The action of dropping the drill bit into the bucket is a deliberate placement of an object, which fits the definition of 'Object Transfer'."
151178,f1b5ae1e-742c-4802-9e61-ff8aae83e12e,564.8627133333333,#O The man E drops a dumbbell from his left hand.,Unknown,Object Transfer,"The action of dropping a dumbbell from the left hand is a deliberate placement of the object onto a surface, which fits the criteria for 'Object Transfer'."
151179,f1b5ae1e-742c-4802-9e61-ff8aae83e12e,566.0616233333333,#O The man E drops a dumbbell from his right hand.,Unknown,Object Transfer,"The action of dropping a dumbbell from the right hand is a deliberate placement of the object onto a surface, which fits the criteria for 'Object Transfer'."
151294,c7d31de3-e2fc-4542-a318-7719a6922bb4,291.3406,#C C drops the drill bit into the toolbox.,Unknown,Object Transfer,"The action of dropping the drill bit into the toolbox is a deliberate placement of an object onto a surface, which fits the criteria for 'Object Transfer'."
151381,c7d31de3-e2fc-4542-a318-7719a6922bb4,913.9739066666666,#C C drops the drywall screw on the paper.,Unknown,Object Transfer,"The action involves deliberately placing the drywall screw onto the paper, which fits the criteria for an Object Transfer action."
151432,c7d31de3-e2fc-4542-a318-7719a6922bb4,1315.7474533333334,#C C drops the cordless drill on the ladder.,Unknown,Object Transfer,"The action involves deliberately placing the cordless drill onto the ladder, which fits the criteria for Object Transfer."
151491,c7d31de3-e2fc-4542-a318-7719a6922bb4,1609.9666579999998,#C C drops the instruction manual on the ladder.,Unknown,Object Transfer,"The action of dropping the instruction manual onto the ladder is a deliberate placement of an object, which fits the 'Object Transfer' category."
151643,747ca62c-333e-472a-94d8-7d436c56cb45,35.2297596,#C C drops container on the ground with left hand,Unknown,Object Transfer,"The action of dropping the container onto the ground is a deliberate placement, which fits the criteria for 'Object Transfer'."
151665,2ba0becb-58c2-43a1-97bb-7e153a34eb47,35.1774586,#C C collects dirt,Unknown,Object Transfer,"The action of collecting dirt involves picking up and moving an object (dirt), which aligns with the definition of Object Transfer."
152541,ba23930c-cef7-4f3e-b5bb-8f0a4ae5b1e4,2218.6623364860466,#C C shakes a tin.,Unknown,Object Transfer,"Shaking a tin can be considered a form of deliberate manipulation or interaction with the object, similar to placing an item inside it. This action involves a deliberate placement or interaction with the object, which fits the 'Object Transfer' category."
152864,ba23930c-cef7-4f3e-b5bb-8f0a4ae5b1e4,3001.5529070505213,#C C gathers dirt,Unknown,Search,"The action of gathering dirt suggests that C is looking for something or cleaning up, which falls under the category of 'Search'."
153023,114cdc4b-4ae5-4938-8218-151e1e35b3db,836.5883966666667,#O x catches the ball,Unknown,Object Transfer,"The action of catching the ball is a deliberate placement of the ball into the catcher's possession, which fits the criteria for 'Object Transfer'."
153033,114cdc4b-4ae5-4938-8218-151e1e35b3db,865.1210266666667,#C c catches the ball,Unknown,Object Transfer,"The action of catching the ball is a deliberate placement of the ball onto the person's body or hand, which fits the definition of an Object Transfer."
154232,51fc7393-cb83-4178-9ade-6c7853a001e0,169.74447859999998,#C C picks sachrts on the floor,Unknown,Object Transfer,"The action involves picking up objects from the floor, which is a form of deliberate placement or retrieval. This fits the category of 'Object Transfer' as it involves moving an object from one location to another."
154928,51fc7393-cb83-4178-9ade-6c7853a001e0,2039.136056806576,#C C Hits the spoon against the pan,Unknown,Essential Operation,"The action of hitting the spoon against the pan is likely part of the mixing process or adjusting the food consistency, which falls under the category of Essential Operation."
155319,bff1d1da-957f-42ea-8c98-61eaca98b5f1,1055.36097,#C C interacts to woman R,Unknown,Essential Operation,"The current action involves C interacting with the woman, which is a direct engagement and not related to movement, searching, or object transfer."
155654,b1ac8c7e-6b29-4196-a28b-e4e21b872ede,879.1696709546634,#C C drops the game console with both hands.,Unknown,Object Transfer,"The action of dropping the game console with both hands is a deliberate placement onto a surface, which fits the criteria for 'Object Transfer'."
155680,b1ac8c7e-6b29-4196-a28b-e4e21b872ede,1268.2759709546633,#C C drops the cup of water on the gaming TV cabinet. #Unsure,Unknown,Object Transfer,"The action of dropping the cup of water onto the gaming TV cabinet is a deliberate placement, which fits the criteria for 'Object Transfer'."
155686,b1ac8c7e-6b29-4196-a28b-e4e21b872ede,1297.1255609546631,#C C drops the cup of water on the gaming TV cabinet. #Unsure,Unknown,Object Transfer,"The action of dropping the cup of water onto the gaming TV cabinet is a deliberate placement, which fits the criteria for 'Object Transfer'."
156075,f1f6a30e-b81c-4edf-a99f-272072f72642,13.5990686,#C C drops liquid soap,Unknown,Object Transfer,"The action of dropping the liquid soap onto a surface is a deliberate placement, which fits the criteria for 'Object Transfer'."
156078,f1f6a30e-b81c-4edf-a99f-272072f72642,16.1148686,#C C drops liquid soap,Unknown,Object Transfer,"The action of dropping the liquid soap is a deliberate placement onto a surface, which fits the criteria for 'Object Transfer'."
156082,f1f6a30e-b81c-4edf-a99f-272072f72642,31.4223986,#C C drops a basin,Unknown,Object Transfer,"The action of dropping a basin is a deliberate placement of the object onto a surface, which fits the criteria for 'Object Transfer'."
156094,f1f6a30e-b81c-4edf-a99f-272072f72642,64.26497859999999,#C C drops a sponge,Unknown,Object Transfer,"The action of dropping a sponge is a deliberate placement of the object onto a surface, which fits the criteria for 'Object Transfer'."
156104,f1f6a30e-b81c-4edf-a99f-272072f72642,83.4887386,#C C drops a paint brush,Unknown,Object Transfer,"The action of dropping a paint brush onto a surface is a deliberate placement, which fits the criteria for 'Object Transfer'."
156112,f1f6a30e-b81c-4edf-a99f-272072f72642,104.1465486,#C C drops a paint brush,Unknown,Object Transfer,"The action of dropping a paint brush onto a surface can be considered a deliberate placement, which fits the criteria for 'Object Transfer'."
156122,f1f6a30e-b81c-4edf-a99f-272072f72642,143.3253586,#C C drops a paint brush,Unknown,Object Transfer,"The action of dropping a paint brush onto a surface can be considered a deliberate placement, which fits the criteria for 'Object Transfer'."
156128,f1f6a30e-b81c-4edf-a99f-272072f72642,155.62797859999998,#C C drops a paint brush,Unknown,Object Transfer,"The action of dropping a paint brush onto a surface can be considered a deliberate placement, which fits the criteria for 'Object Transfer'."
156139,f1f6a30e-b81c-4edf-a99f-272072f72642,184.2688486,#C C drops a paint brush,Unknown,Object Transfer,"The action of dropping a paint brush onto a surface can be considered a deliberate placement, as it involves the transfer of the object from the hand to the surface."
156149,f1f6a30e-b81c-4edf-a99f-272072f72642,229.5762886,#C C drops a paint brush,Unknown,Object Transfer,"The action of dropping a paint brush onto a surface can be considered a deliberate placement, which fits the criteria for 'Object Transfer'."
156173,f1f6a30e-b81c-4edf-a99f-272072f72642,302.0115786,#C C drops a paint brush,Unknown,Object Transfer,"The action of dropping a paint brush onto a surface can be considered a deliberate placement, which fits the criteria for 'Object Transfer'."
156185,f1f6a30e-b81c-4edf-a99f-272072f72642,359.85709860000003,#C C drops a sponge,Unknown,Object Transfer,"The action of dropping a sponge is a deliberate placement of the object onto a surface, which fits the criteria for 'Object Transfer'."
156195,f1f6a30e-b81c-4edf-a99f-272072f72642,377.24462860000006,#C C drops a paint brush,Unknown,Object Transfer,"The action of dropping a paint brush onto a surface can be considered a deliberate placement, which fits the criteria for 'Object Transfer'."
156201,f1f6a30e-b81c-4edf-a99f-272072f72642,384.5076086,#C C drops a paint brush,Unknown,Object Transfer,"The action of dropping a paint brush onto a surface can be considered a deliberate placement, which fits the criteria for 'Object Transfer'."
156209,f1f6a30e-b81c-4edf-a99f-272072f72642,403.03204860000005,#C C drops a paint brush,Unknown,Object Transfer,"The action of dropping a paint brush onto a surface can be considered a deliberate placement, which fits the criteria for 'Object Transfer'."
156213,f1f6a30e-b81c-4edf-a99f-272072f72642,410.4583886,#C C drops a sponge,Unknown,Object Transfer,"The action of dropping a sponge is a deliberate placement onto a surface, which fits the criteria for Object Transfer."
156215,f1f6a30e-b81c-4edf-a99f-272072f72642,412.35368860000005,#C C drops a paint brush,Unknown,Object Transfer,"The action of dropping a paint brush is a deliberate placement of an object onto a surface, which fits the criteria for 'Object Transfer'."
156217,f1f6a30e-b81c-4edf-a99f-272072f72642,415.08909860000006,#C C drops a paint brush,Unknown,Object Transfer,"The action of dropping a paint brush is a deliberate placement of the object onto a surface, which fits the criteria for 'Object Transfer'."
156223,f1f6a30e-b81c-4edf-a99f-272072f72642,434.3978886,#C C drops a paint brush,Unknown,Object Transfer,"The action of dropping a paint brush is a deliberate placement of the object onto a surface, which fits the criteria for 'Object Transfer'."
156226,f1f6a30e-b81c-4edf-a99f-272072f72642,439.66987860000006,#C C drops a paint brush,Unknown,Object Transfer,"The action of dropping a paint brush is a deliberate placement of the object onto a surface, which fits the criteria for 'Object Transfer'."
156229,f1f6a30e-b81c-4edf-a99f-272072f72642,445.5626286,#C C drops a paint brush,Unknown,Object Transfer,"The action of dropping a paint brush is a deliberate placement of the object onto a surface, which fits the criteria for 'Object Transfer'."
156232,f1f6a30e-b81c-4edf-a99f-272072f72642,458.6808086,#C C drops a paint brush,Unknown,Object Transfer,"The action of dropping a paint brush is a deliberate placement of the object onto a surface, which fits the criteria for 'Object Transfer'."
156235,f1f6a30e-b81c-4edf-a99f-272072f72642,467.83697860000007,#C C drops a paint brush,Unknown,Object Transfer,"The action of dropping a paint brush is a deliberate placement of the object onto a surface, which fits the criteria for 'Object Transfer'."
156238,f1f6a30e-b81c-4edf-a99f-272072f72642,474.2061886,#C C drops a paint brush,Unknown,Object Transfer,"The action of dropping a paint brush is a deliberate placement of the object onto a surface, which fits the criteria for 'Object Transfer'."
156241,f1f6a30e-b81c-4edf-a99f-272072f72642,485.0438286,#C C drops a paint brush,Unknown,Object Transfer,"The action of dropping a paint brush is a deliberate placement of the object onto a surface, which fits the criteria for 'Object Transfer'."
156244,f1f6a30e-b81c-4edf-a99f-272072f72642,494.7635786,#C C drops a paint brush,Unknown,Object Transfer,"The action of dropping a paint brush is a deliberate placement of the object onto a surface, which fits the criteria for 'Object Transfer'."
156247,f1f6a30e-b81c-4edf-a99f-272072f72642,505.9397986,#C C drops a paint brush,Unknown,Object Transfer,"The action of dropping a paint brush is a deliberate placement of the object onto a surface, which fits the criteria for 'Object Transfer'."
156250,f1f6a30e-b81c-4edf-a99f-272072f72642,512.2873486000001,#C C drops a paint brush,Unknown,Object Transfer,"The action of dropping a paint brush is a deliberate placement of the object onto a surface, which fits the criteria for 'Object Transfer'."
156256,f1f6a30e-b81c-4edf-a99f-272072f72642,525.3262086,#C C drops a sponge,Unknown,Object Transfer,"The action of dropping a sponge is a deliberate placement of the object onto a surface, which fits the criteria for 'Object Transfer'."
156258,f1f6a30e-b81c-4edf-a99f-272072f72642,529.4694186,#C C drops paint brushes,Unknown,Object Transfer,"The action of dropping the paint brushes is a deliberate placement onto a surface, which fits the criteria for 'Object Transfer'."
156260,f1f6a30e-b81c-4edf-a99f-272072f72642,531.7240786,#C C drops paint brushes,Unknown,Object Transfer,"The action of dropping the paint brushes is a deliberate placement onto a surface, which fits the criteria for 'Object Transfer'."
156262,f1f6a30e-b81c-4edf-a99f-272072f72642,532.9252586,#C C drops paint brushes,Unknown,Object Transfer,"The action of dropping the paint brushes is a deliberate placement onto a surface, which fits the criteria for 'Object Transfer'."
156264,f1f6a30e-b81c-4edf-a99f-272072f72642,535.3040186000001,#C C drops a paint brush,Unknown,Object Transfer,"The action of dropping a paint brush is a deliberate placement onto a surface, which fits the criteria for 'Object Transfer'."
156542,f1f6a30e-b81c-4edf-a99f-272072f72642,1307.5883676136718,#C C fixes sofa cushions,Unknown,Essential Operation,"Fixing sofa cushions is a deliberate action to maintain the comfort and appearance of the furniture, which falls under the category of Essential Operation."
156739,98dc31a1-edbb-42d6-8d1c-0b43fe6f9c28,44.20387,#C C drops the metal in his left hand on the work bench. #Unsure,Unknown,Object Transfer,"The action of dropping the metal onto the work bench is a deliberate placement, which fits the criteria for Object Transfer."
156766,98dc31a1-edbb-42d6-8d1c-0b43fe6f9c28,106.04076,#C C drops the napkin in his right hand on the work bench.,Unknown,Object Transfer,"The action of dropping the napkin onto the workbench is a deliberate placement, which fits the criteria for 'Object Transfer'."
156973,98dc31a1-edbb-42d6-8d1c-0b43fe6f9c28,673.6245466666667,#C C hits his left hand on the bicycle handle bar.,Unknown,Essential Operation,"The action of hitting one's hand on the bicycle handle bar is more likely an accidental or reflexive action rather than a deliberate placement or movement related to the previous actions. It can be categorized as an Essential Operation, which includes actions that are necessary for the continuation of a task or for personal comfort."
156996,98dc31a1-edbb-42d6-8d1c-0b43fe6f9c28,758.5919166666666,#C C drops the bolt in his right hand in the tool container on the work bench.,Unknown,Object Transfer,"The action involves deliberately placing the bolt into the tool container, which fits the definition of 'Object Transfer'."
157553,a69ae4a8-8e1d-47c1-bbd0-de2bb4a33fca,491.53078,#C C drops the screw driver on the first table with his right hand.,Unknown,Object Transfer,"The action involves deliberately placing the screw driver onto the first table, which fits the criteria for Object Transfer."
157765,f4802d42-db9e-4770-a151-f2f42a602231,51.348929600000005,#C C drops the two pieces of potatoes on the kitchen cabinet.,Unknown,Object Transfer,"The action involves deliberately placing the potatoes onto the kitchen cabinet, which fits the criteria for an Object Transfer."
157787,f4802d42-db9e-4770-a151-f2f42a602231,108.8154696,#C C drops the cover of a cooking pot on the kitchen cabinet.,Unknown,Object Transfer,"The action involves deliberately placing the cover of a cooking pot onto a kitchen cabinet, which fits the criteria for Object Transfer."
157840,f4802d42-db9e-4770-a151-f2f42a602231,414.33048095466336,#C C drops the oil cover on the kitchen counter.,Unknown,Object Transfer,"The action of dropping the oil cover onto the kitchen counter is a deliberate placement, which fits the criteria for 'Object Transfer'."
157846,f4802d42-db9e-4770-a151-f2f42a602231,430.7108309546634,#C C drops the oil on the kitchen counter.,Unknown,Object Transfer,"The action involves deliberately placing the oil onto the kitchen counter, which fits the criteria for Object Transfer."
157848,f4802d42-db9e-4770-a151-f2f42a602231,434.3650509546634,#C C drops his cellphone on the kitchen counter.,Unknown,Object Transfer,"The action of dropping the cellphone onto the kitchen counter is a deliberate placement, which fits the criteria for 'Object Transfer'."
158006,f4802d42-db9e-4770-a151-f2f42a602231,930.3864942879968,#C C drops a knife on a kitchen cabinet.,Unknown,Object Transfer,"The action of dropping a knife onto a kitchen cabinet is a deliberate placement, which fits the criteria for 'Object Transfer'."
158054,f4802d42-db9e-4770-a151-f2f42a602231,1173.8210842879969,#C C drops the jar of pepper. #unsure,Unknown,Object Transfer,"The action of dropping the jar of pepper is a deliberate placement of the object onto a surface, which fits the criteria for 'Object Transfer'."
158056,f4802d42-db9e-4770-a151-f2f42a602231,1175.321344287997,#C C drops the jar of tumeric and curry. Unsure.,Unknown,Object Transfer,"The action involves deliberately placing the jar of tumeric and curry onto a surface, which fits the criteria for Object Transfer."
158519,f4802d42-db9e-4770-a151-f2f42a602231,3338.724111933333,#C C drops the plate on the kitchen table.,Unknown,Object Transfer,"The action involves C dropping the plate onto the kitchen table, which is a deliberate placement of the object."
158573,f4802d42-db9e-4770-a151-f2f42a602231,3940.010011933333,#C C drops the glass cup from his left hand.,Unknown,Object Transfer,"The action of dropping the glass cup is a deliberate placement of the object onto a surface, which fits the criteria for 'Object Transfer'."
159363,21abd7c0-2527-487a-a249-36d47408bae0,217.0492886,#C C moves #unsure on the floor,Unknown,Essential Operation,"The action described as 'C moves #unsure on the floor' is likely an essential operation, such as moving an object or performing a necessary task on the floor."
159377,21abd7c0-2527-487a-a249-36d47408bae0,266.3685386,#C C moves #unsure on the floor,Unknown,Locomotion,"The current action describes C moving an object (likely the chair again) on the floor, which is consistent with the previous action labeled as Locomotion."
159379,21abd7c0-2527-487a-a249-36d47408bae0,275.3740386,#C C moves #unsure on the floor,Unknown,Essential Operation,"The action of moving 'unsure' on the floor seems to be a continuation of the cleaning activity, which is an essential operation in the context of maintaining cleanliness."
159382,21abd7c0-2527-487a-a249-36d47408bae0,299.2061198207032,#C C moves #unsure on the floor,Unknown,Locomotion,"The action describes movement on the floor, which aligns with the 'Locomotion' category."
160758,fd344164-fa5f-4ce1-bf0c-40319056cc32,1910.12499,#O man A attacks man B,Unknown,Essential Operation,"The action 'attacks' is an essential operation or a deliberate action that is not related to locomotion, object transfer, search, or stationary behavior."
160833,fd344164-fa5f-4ce1-bf0c-40319056cc32,2025.03385,#O man A attacks man B,Unknown,Essential Operation,"The action of attacking is considered an essential operation as it involves a deliberate and forceful interaction between two individuals, rather than movement or object transfer."
161805,fd344164-fa5f-4ce1-bf0c-40319056cc32,4820.02864,#O man Z interacts,Unknown,Stationary,"The current action '#O man Z interacts' is likely a continuation of a stationary behavior, such as adjusting clothing or performing a minor action that does not involve movement or transfer of objects."
161845,f32bac4e-edf5-4864-87cf-b386330b017f,23.8960086,#C C drops the scissors,Unknown,Object Transfer,"The action of dropping the scissors is a deliberate placement of the object onto a surface, which fits the criteria for 'Object Transfer'."
161848,f32bac4e-edf5-4864-87cf-b386330b017f,29.9743086,#C C drops the scissors,Unknown,Object Transfer,"The action of dropping the scissors is a deliberate placement of the object onto a surface, which fits the criteria for 'Object Transfer'."
161854,f32bac4e-edf5-4864-87cf-b386330b017f,52.2312586,#C C drops the tin,Unknown,Object Transfer,"The action of dropping the tin is a deliberate placement onto a surface, which fits the criteria for Object Transfer."
161857,f32bac4e-edf5-4864-87cf-b386330b017f,58.9848686,#C C drops the lid,Unknown,Object Transfer,"The action of dropping the lid is a deliberate placement onto a surface, which fits the criteria for 'Object Transfer'."
161863,f32bac4e-edf5-4864-87cf-b386330b017f,88.9659386,#C C drops the spoon,Unknown,Object Transfer,"The action of dropping the spoon is a deliberate placement onto a surface, which fits the criteria for 'Object Transfer'."
161866,f32bac4e-edf5-4864-87cf-b386330b017f,95.8945286,#C C drops the spoon,Unknown,Object Transfer,"The action of dropping the spoon is a deliberate placement of the object onto a surface, which fits the criteria for 'Object Transfer'."
161894,f32bac4e-edf5-4864-87cf-b386330b017f,164.3855386,#C C drops the detergent,Unknown,Object Transfer,"The action of dropping the detergent onto a surface is a deliberate placement, which fits the criteria for 'Object Transfer'."
161925,f32bac4e-edf5-4864-87cf-b386330b017f,287.9344486458333,#C C drops the cup,Unknown,Object Transfer,"The action of dropping the cup is a deliberate placement of an object onto a surface, which fits the criteria for 'Object Transfer'."
161946,f32bac4e-edf5-4864-87cf-b386330b017f,356.99597864583336,#C C drops the bowl,Unknown,Object Transfer,"The action of dropping the bowl onto a surface is a deliberate placement, which fits the criteria for 'Object Transfer'."
161950,f32bac4e-edf5-4864-87cf-b386330b017f,363.7335786458333,#C C drops the cooking pot,Unknown,Object Transfer,"The action of dropping the cooking pot is a deliberate placement of the object onto a surface, which fits the criteria for 'Object Transfer'."
161954,f32bac4e-edf5-4864-87cf-b386330b017f,371.9308886458333,#C C drops the metallic bowl,Unknown,Object Transfer,"The action of dropping the metallic bowl is a deliberate placement of the object onto a surface, which fits the criteria for 'Object Transfer'."
161964,f32bac4e-edf5-4864-87cf-b386330b017f,385.09418864583336,#C C drops the dish soap,Unknown,Object Transfer,"The action of dropping the dish soap is a deliberate placement of the object onto a surface, which fits the criteria for 'Object Transfer'."
161970,f32bac4e-edf5-4864-87cf-b386330b017f,399.59058864583335,#C C drops the measuring cup,Unknown,Object Transfer,"The action involves deliberately placing the measuring cup somewhere, which fits the definition of Object Transfer."
161978,f32bac4e-edf5-4864-87cf-b386330b017f,430.07950864583336,#C C drops the scouring pad,Unknown,Object Transfer,"The action of dropping the scouring pad onto a surface is a deliberate placement, which fits the criteria for 'Object Transfer'."
161984,f32bac4e-edf5-4864-87cf-b386330b017f,435.9508686458333,#C C drops the cooking pot,Unknown,Object Transfer,"The action of dropping the cooking pot onto a surface is a deliberate placement, which fits the criteria for 'Object Transfer'."
161995,f32bac4e-edf5-4864-87cf-b386330b017f,479.1689886458333,#C C drops the metallic bowl,Unknown,Object Transfer,"The action of dropping the metallic bowl onto a surface is a deliberate placement, which fits the criteria for 'Object Transfer'."
162000,f32bac4e-edf5-4864-87cf-b386330b017f,486.5638686458333,#C C drops the cup,Unknown,Object Transfer,"The action of dropping the cup is a deliberate placement of the object onto a surface, which fits the criteria for 'Object Transfer'."
162007,f32bac4e-edf5-4864-87cf-b386330b017f,498.24863864583335,#C C drops the cup,Unknown,Object Transfer,"The action of dropping the cup is a deliberate placement of the object onto a surface, which fits the criteria for 'Object Transfer'."
162012,f32bac4e-edf5-4864-87cf-b386330b017f,512.7549186458333,#C C drops the cup,Unknown,Object Transfer,"The action of dropping the cup is a deliberate placement of the object onto a surface, which fits the criteria for 'Object Transfer'."
162016,f32bac4e-edf5-4864-87cf-b386330b017f,521.3684586458334,#C C drops the scouring pad,Unknown,Object Transfer,"The action of dropping the scouring pad is a deliberate placement onto a surface, which fits the criteria for 'Object Transfer'."
162020,f32bac4e-edf5-4864-87cf-b386330b017f,523.8975786458334,#C C drops the glass,Unknown,Object Transfer,"The action of dropping the glass is a deliberate placement of the object onto a surface, which fits the criteria for 'Object Transfer'."
162023,f32bac4e-edf5-4864-87cf-b386330b017f,527.4445986458334,#C C drops the lid,Unknown,Object Transfer,"The action of dropping the lid is a deliberate placement onto a surface, which fits the criteria for 'Object Transfer'."
162055,f32bac4e-edf5-4864-87cf-b386330b017f,606.1745376136719,#C C moves #unsure in the sink,Unknown,Stationary,The action described as 'C moves unsure in the sink' does not clearly indicate a specific movement or action that fits into the other categories. It could be interpreted as C pausing or remaining stationary while considering what to do next with the items in the sink.
162360,f32bac4e-edf5-4864-87cf-b386330b017f,1383.6411392999569,#C C fixes the knife together,Unknown,Essential Operation,"The current action involves fixing the knife together, which is an essential operation to maintain or repair the tool."
162403,f32bac4e-edf5-4864-87cf-b386330b017f,1475.9599892999568,#C C drops the scoop spoon,Unknown,Object Transfer,"The action of dropping the scoop spoon is a deliberate placement onto a surface, which fits the criteria for Object Transfer."
162584,d1d1b6da-e7f8-48e7-9ee4-d8382582695a,84.4055086,#C C shakes the hand,Unknown,Essential Operation,"Shaking hands is a common social interaction that can be considered an essential operation, similar to washing hands and touching the tap."
163523,4dc1caff-6353-4a05-9382-92031b25f783,3166.221895266667,#C C drops a mask on #unsure,Unknown,Object Transfer,"The action of dropping a mask onto a surface is a deliberate placement, which fits the criteria for 'Object Transfer'."
163979,bc31a74e-0c1f-499b-af02-80dad77ed163,647.61943,#O A person B interacts with C,Unknown,Object Transfer,"The current action involves A person B interacting with C, which likely involves handing over, placing, or receiving an object, consistent with the previous action of taking a plate."
164110,ee3e83ac-28ad-4f6d-ab48-51d7a6b5e497,15.2555196,#C C drops the sand paper.,Unknown,Object Transfer,"The action of dropping the sandpaper is a deliberate placement of the object onto a surface, which fits the criteria for 'Object Transfer'."
164291,cfba10a6-af61-4b63-b958-18f4bed01957,25.2016796,#C C drops the brush,Unknown,Object Transfer,"The action of dropping the brush is a deliberate placement of the object onto a surface, which fits the criteria for 'Object Transfer'."
164313,cfba10a6-af61-4b63-b958-18f4bed01957,57.7814796,#C C drops the paint container,Unknown,Object Transfer,"The action of dropping the paint container onto a surface is a deliberate placement, which fits the criteria for 'Object Transfer'."
164475,cfba10a6-af61-4b63-b958-18f4bed01957,673.84853762133,#C C drops the paint container on the ground.,Unknown,Object Transfer,"The action of dropping the paint container onto the ground is a deliberate placement of the object onto a surface, which fits the criteria for 'Object Transfer'."
164611,cfba10a6-af61-4b63-b958-18f4bed01957,1314.4169042879969,#C C drops the paint container.,Unknown,Object Transfer,"The action of dropping the paint container is a deliberate placement onto a surface, which fits the criteria for Object Transfer."
164654,cfba10a6-af61-4b63-b958-18f4bed01957,1582.2907842879968,#C C drops the paint brush on the can of paint,Unknown,Object Transfer,"The action of dropping the paint brush onto the can of paint indicates a deliberate placement of the object, which fits the criteria for 'Object Transfer'."
164686,cfba10a6-af61-4b63-b958-18f4bed01957,1861.542680954664,#C C touches her head camera #unsure,Unknown,Stationary,"Touching one's head camera is an action that does not involve movement or manipulation of objects, and it is typically a brief, stationary action."
164741,50f60d14-4b1f-4f7f-971b-f887aa3e0320,549.8291886000001,#C C drops the phone on the bed with his right hand.,Unknown,Object Transfer,"The action involves deliberately placing the phone on the bed, which fits the criteria for Object Transfer."
164783,50f60d14-4b1f-4f7f-971b-f887aa3e0320,908.7276986,#C C drops the phone in his right hand.,Unknown,Object Transfer,"The action of dropping the phone is a deliberate placement of the object onto a surface, which fits the criteria for 'Object Transfer'."
164877,50f60d14-4b1f-4f7f-971b-f887aa3e0320,2993.0936386000003,#C C drops the phone.,Unknown,Object Transfer,"The action of dropping the phone is a deliberate placement of the object onto a surface, which fits the criteria for 'Object Transfer'."
164881,50f60d14-4b1f-4f7f-971b-f887aa3e0320,3137.5399486,#C C drops the phone.,Unknown,Object Transfer,"The action of dropping the phone is a deliberate placement of the object onto a surface, which fits the criteria for 'Object Transfer'."
164888,50f60d14-4b1f-4f7f-971b-f887aa3e0320,3408.9127686,#C C drops his left hand.,Unknown,Stationary,"The action of dropping the left hand is a continuation of the previous stationary actions, indicating no change in movement or position."
164903,50f60d14-4b1f-4f7f-971b-f887aa3e0320,3836.6790286,#C C drops the phone on the bed.,Unknown,Object Transfer,"The action of dropping the phone onto the bed is a deliberate placement, which fits the criteria for 'Object Transfer'."
165081,2b5569df-5deb-4ebd-8a45-dd6524330eb8,334.8166909546634,#C C drops the measuring tape on the ground.,Unknown,Object Transfer,"The action of dropping the measuring tape onto the ground is a deliberate placement of the object, which fits the criteria for 'Object Transfer'."
165083,2b5569df-5deb-4ebd-8a45-dd6524330eb8,338.4793209546634,#C C drops the pen on the ground.,Unknown,Object Transfer,"The action of dropping the pen on the ground is a deliberate placement of the object onto a surface, which fits the criteria for 'Object Transfer'."
165086,2b5569df-5deb-4ebd-8a45-dd6524330eb8,355.7507009546634,#C C drops the hand saw on the ground.,Unknown,Object Transfer,"The action of dropping the hand saw on the ground is a deliberate placement, which fits the criteria for 'Object Transfer'."
165098,2b5569df-5deb-4ebd-8a45-dd6524330eb8,396.1830909546634,#C C drops the wire cover on top of the conjunction box,Unknown,Object Transfer,"The action involves deliberately placing the wire cover on top of the conjunction box, which fits the definition of an Object Transfer."
165102,2b5569df-5deb-4ebd-8a45-dd6524330eb8,420.8215409546634,#C C drops the wire cover on top of the conjunction box.,Unknown,Object Transfer,"The action involves deliberately placing the wire cover on top of the conjunction box, which fits the criteria for an Object Transfer action."
165118,2b5569df-5deb-4ebd-8a45-dd6524330eb8,513.5814109546634,#C C drops the other half of the wire cover on the ground.,Unknown,Object Transfer,"The action of dropping the wire cover onto the ground is a deliberate placement, which fits the criteria for 'Object Transfer'."
165136,2b5569df-5deb-4ebd-8a45-dd6524330eb8,579.4613576213301,#C C drops the building measuring tape.,Unknown,Object Transfer,"The action of dropping the building measuring tape is a deliberate placement of the object onto a surface, which fits the criteria for 'Object Transfer'."
165137,2b5569df-5deb-4ebd-8a45-dd6524330eb8,581.6869876213301,#C C drops the wire cutter.,Unknown,Object Transfer,"The action of dropping an object (wire cutter) onto a surface is a deliberate placement, which fits the criteria for 'Object Transfer'."
165165,36f976f4-ba4e-4564-b970-82f8692b8c61,61.496629600000006,#O The man Z interacts with man X.,Unknown,Essential Operation,"The action involves interaction between two individuals, which typically falls under essential operations such as communication or physical interaction."
165170,36f976f4-ba4e-4564-b970-82f8692b8c61,85.9402696,#O The man X hits his left hand on the table.,Unknown,Locomotion,"The action of hitting one's hand on the table can be considered a form of quick movement or reaction, which falls under the broader category of Locomotion."
165281,36f976f4-ba4e-4564-b970-82f8692b8c61,338.0108709546634,#C The man Y interacts with C.,Unknown,Essential Operation,"The current action involves interaction between two individuals, which is typically an essential operation such as communication or collaboration."
165368,36f976f4-ba4e-4564-b970-82f8692b8c61,549.9685709546634,#O The man Z interacts with man Y.,Unknown,Stationary,"The current action involves man Z interacting with man Y, which is a form of social interaction and does not involve any movement or manipulation of objects. Therefore, it is classified as 'Stationary'."
165411,36f976f4-ba4e-4564-b970-82f8692b8c61,848.9491609546634,#O The man X hits his right hand on the table.,Unknown,Locomotion,"The action of hitting the hand on the table can be interpreted as a sudden movement or gesture, which is more closely related to locomotion than the other categories."
165987,7bc2ea44-9168-4379-a17e-5558d4e2fc24,515.4105309546634,#C C drops the soap bottle in his right hand on the slab.,Unknown,Object Transfer,"The action of dropping the soap bottle on the slab is a deliberate placement, which fits the criteria for 'Object Transfer'."
166112,7bc2ea44-9168-4379-a17e-5558d4e2fc24,991.9765909546634,#C C drops the knife in his right hand on the cabinet.,Unknown,Object Transfer,"The action of dropping the knife onto the cabinet is a deliberate placement, which fits the criteria for 'Object Transfer'."
166136,7bc2ea44-9168-4379-a17e-5558d4e2fc24,1108.0305109546632,#C C drops the sponge in his right hand on the cabinet.,Unknown,Object Transfer,"The action of dropping the sponge onto the cabinet is a deliberate placement of the object onto a surface, which fits the criteria for 'Object Transfer'."
166168,7bc2ea44-9168-4379-a17e-5558d4e2fc24,1199.6598209546632,#C C drops the plastic in his left hand.,Unknown,Object Transfer,"The action of dropping the plastic is a deliberate placement of the object onto a surface, which fits the criteria for 'Object Transfer'."
166184,7bc2ea44-9168-4379-a17e-5558d4e2fc24,1230.8933509546632,#C C drops the container in his left hand.,Unknown,Object Transfer,"The action of dropping the container is a deliberate placement of the object onto a surface, which fits the criteria for 'Object Transfer'."
166739,2c0c6508-397f-4c48-aeb7-abc7a3cae8d1,33.807118599999995,#C C drops an onion,Unknown,Object Transfer,"The action of dropping an onion is a deliberate placement onto a surface, which fits the criteria for 'Object Transfer'."
166764,2c0c6508-397f-4c48-aeb7-abc7a3cae8d1,67.7771686,#C C drops a knife,Unknown,Object Transfer,"The action of dropping a knife is a deliberate placement of the object onto a surface, which fits the criteria for 'Object Transfer'."
166770,2c0c6508-397f-4c48-aeb7-abc7a3cae8d1,93.6141086,#C C drops a knife,Unknown,Object Transfer,"The action of dropping a knife is a deliberate placement of the object onto a surface, which fits the criteria for 'Object Transfer'."
166822,2c0c6508-397f-4c48-aeb7-abc7a3cae8d1,207.7663886,#C C flicks her hand,Unknown,Stationary,"Flicking one's hand is a quick, often involuntary movement that does not involve significant locomotion, essential operation beyond what has been listed, object transfer, or search behavior. It is more accurately classified as a stationary action since the person is not moving from one location to another or performing a continuous task."
166936,2c0c6508-397f-4c48-aeb7-abc7a3cae8d1,537.9275934828125,#C C #unsure,Unknown,Essential Operation,"The current action involves shaking the pan, which is an essential operation in cooking or preparing food."
166958,2c0c6508-397f-4c48-aeb7-abc7a3cae8d1,587.5467136973252,#C C throws #unsure,Unknown,Object Transfer,"The action of throwing an object is a form of deliberate placement or movement of an item, which fits the definition of 'Object Transfer'."
167012,2c0c6508-397f-4c48-aeb7-abc7a3cae8d1,708.8822236973252,#C C removes #unsure from his hand,Unknown,Object Transfer,The action of removing something from his hand indicates a deliberate placement or transfer of an object.
167069,2c0c6508-397f-4c48-aeb7-abc7a3cae8d1,892.1985876136719,#C C shakes a tin,Unknown,Essential Operation,"Shaking a tin is an action that could be related to checking if there is something inside the tin or making sure it is functioning properly, which falls under essential operations."
167165,2c0c6508-397f-4c48-aeb7-abc7a3cae8d1,1177.355527613672,#C C flicks his hands,Unknown,Stationary,"Flicking hands is a quick, often unconscious movement that does not involve locomotion, essential operation, or object transfer. It can be considered a stationary action as it does not involve moving to a different location or manipulating objects in a meaningful way."
167196,2c0c6508-397f-4c48-aeb7-abc7a3cae8d1,1253.251597613672,#C C drops a bottle of spices,Unknown,Object Transfer,"The action of dropping a bottle of spices is a deliberate placement onto a surface, which fits the criteria for 'Object Transfer'."
167346,2c0c6508-397f-4c48-aeb7-abc7a3cae8d1,1573.1311133839424,#C C shakes the tin,Unknown,Stationary,"Shaking the tin is a stationary action as it does not involve movement from one location to another, nor does it fit into the categories of locomotion, essential operation, or search."
167366,2c0c6508-397f-4c48-aeb7-abc7a3cae8d1,1624.3345433839424,#C C bangs tin,Unknown,Object Transfer,"The action of 'C bangs tin' can be interpreted as a deliberate placement or interaction with the tin, which fits the 'Object Transfer' category."
167376,2c0c6508-397f-4c48-aeb7-abc7a3cae8d1,1638.4807234828124,#C C disfigures the tin,Unknown,Essential Operation,"The action of disfiguring the tin seems to be a continuation of the cleaning or maintenance routine, which includes pouring water, washing the lid, and closing the tap."
167606,c1dc6626-34c8-4367-a80a-42a44057f47b,819.9032533333334,#C C drops paper,Unknown,Object Transfer,"The action of dropping the paper is a deliberate placement onto a surface, which fits the criteria for 'Object Transfer'."
167615,c1dc6626-34c8-4367-a80a-42a44057f47b,855.9897433333333,#O person X drops #unsure,Unknown,Object Transfer,"The action of dropping an object onto a surface is a deliberate placement, which fits the criteria for 'Object Transfer'."
167618,c1dc6626-34c8-4367-a80a-42a44057f47b,860.0628733333333,#O person X drops #unsure,Unknown,Object Transfer,"The action of dropping an object onto a surface is a deliberate placement, which fits the criteria for 'Object Transfer'."
167623,c1dc6626-34c8-4367-a80a-42a44057f47b,875.2825433333334,#O person Y drops cup of #unsure,Unknown,Object Transfer,"The action of dropping a cup is a deliberate placement of an object onto a surface, which fits the criteria for 'Object Transfer'."
167635,c1dc6626-34c8-4367-a80a-42a44057f47b,975.9181833333332,#C C drops #unsure,Unknown,Object Transfer,"The action of dropping an object onto a surface is considered a deliberate placement, which fits the criteria for 'Object Transfer'."
167676,c1dc6626-34c8-4367-a80a-42a44057f47b,1684.0192433333336,#C C drops helmet,Unknown,Object Transfer,"The action of dropping a helmet is a deliberate placement of the helmet onto a surface, which fits the criteria for 'Object Transfer'."
167682,c1dc6626-34c8-4367-a80a-42a44057f47b,1713.2604233333336,#C C drops key,Unknown,Object Transfer,"The action of dropping a key is a deliberate placement of an object onto a surface, which fits the criteria for 'Object Transfer'."
167742,c1dc6626-34c8-4367-a80a-42a44057f47b,2139.2146826666667,#C C drops doll,Unknown,Object Transfer,"The action of dropping the doll is a deliberate placement onto a surface, which fits the criteria for Object Transfer."
168119,18f5c2be-cb79-46fa-8ff1-e03b7e26c986,533.0456519550329,#C C shakes the tray with tomatoes,Unknown,Stationary,"Shaking the tray is an action that can be considered as a stationary activity because it does not involve movement from one place to another, but rather an action performed in place."
168318,34de7377-879e-4f37-bd0a-9aab8593210f,663.9068586458334,#O A man X moves the play card,Unknown,Object Transfer,"The current action involves a deliberate movement of the play card, which aligns with the definition of 'Object Transfer' as it involves moving an object."
168623,f5b87541-3879-444f-be65-2b17f1d95735,855.6826686458334,#C C drops garlic,Unknown,Object Transfer,"The action of dropping the garlic is a deliberate placement onto a surface, which fits the criteria for Object Transfer."
168625,f5b87541-3879-444f-be65-2b17f1d95735,858.3770986458334,#C C drops garlic,Unknown,Object Transfer,"The action of dropping garlic is a deliberate placement onto a surface, which fits the criteria for 'Object Transfer'."
168627,f5b87541-3879-444f-be65-2b17f1d95735,862.5499686458334,#C C drops garlic,Unknown,Object Transfer,"The action of dropping garlic is a deliberate placement onto a surface, which fits the criteria for 'Object Transfer'."
168631,f5b87541-3879-444f-be65-2b17f1d95735,872.4145286458333,#C C drops garlic,Unknown,Object Transfer,"The action of dropping the garlic is a deliberate placement onto a surface, which fits the criteria for 'Object Transfer'."
168633,f5b87541-3879-444f-be65-2b17f1d95735,873.9297286458333,#C C drops garlic,Unknown,Object Transfer,"The action of dropping the garlic onto a surface can be considered a deliberate placement, which fits the criteria for 'Object Transfer'."
168642,f5b87541-3879-444f-be65-2b17f1d95735,886.1120286458333,#C C drops garlic,Unknown,Object Transfer,"The action of dropping the garlic peels onto a surface is a deliberate placement, which fits the criteria for 'Object Transfer'."
168646,f5b87541-3879-444f-be65-2b17f1d95735,892.7104286458333,#C C drops clove of garlic,Unknown,Object Transfer,"The action of dropping the clove of garlic onto a surface is a deliberate placement, which fits the criteria for 'Object Transfer'."
168651,f5b87541-3879-444f-be65-2b17f1d95735,900.1571986458333,#C C drops clove of garlic,Unknown,Object Transfer,"The action of dropping the clove of garlic onto a surface is a deliberate placement, which fits the criteria for 'Object Transfer'."
168654,f5b87541-3879-444f-be65-2b17f1d95735,902.1246386458332,#C C drops clove of garlic,Unknown,Object Transfer,"The action of dropping the clove of garlic is a deliberate placement onto a surface, which fits the criteria for 'Object Transfer'."
168658,f5b87541-3879-444f-be65-2b17f1d95735,909.5195286458334,#C C drops peel of garlic,Unknown,Object Transfer,"The action of dropping the peel of garlic is a deliberate placement of the object onto a surface, which fits the criteria for 'Object Transfer'."
168663,f5b87541-3879-444f-be65-2b17f1d95735,912.5828586458332,#C C drops peel of garlic,Unknown,Object Transfer,"The action of dropping the peel of garlic is a deliberate placement onto a surface, which fits the criteria for 'Object Transfer'."
168664,f5b87541-3879-444f-be65-2b17f1d95735,913.1234786458332,#C C drops clove of garlic,Unknown,Object Transfer,"The action of dropping the clove of garlic is a deliberate placement onto a surface, which fits the criteria for 'Object Transfer'."
168668,f5b87541-3879-444f-be65-2b17f1d95735,920.0104586458332,#C C drops knife,Unknown,Object Transfer,"The action of dropping the knife onto a surface can be considered a deliberate placement, similar to putting an object down. Therefore, it falls under the 'Object Transfer' category."
168669,f5b87541-3879-444f-be65-2b17f1d95735,920.1897686458332,#C C knife drops,Unknown,Object Transfer,"The action of dropping the knife onto a surface can be interpreted as a deliberate placement, which fits the 'Object Transfer' category."
168681,f5b87541-3879-444f-be65-2b17f1d95735,938.2322286458332,#C C drops #unsure,Unknown,Object Transfer,"The action of dropping an object onto a surface is a form of deliberate placement, which falls under the 'Object Transfer' category."
168688,f5b87541-3879-444f-be65-2b17f1d95735,949.1320486458332,#C C drops garlic,Unknown,Object Transfer,"The action of dropping the garlic is a deliberate placement onto a surface, which fits the criteria for 'Object Transfer'."
168693,f5b87541-3879-444f-be65-2b17f1d95735,952.6730286458333,#C C drops #unsure,Unknown,Object Transfer,"The action of dropping an object is a deliberate placement onto a surface, which fits the criteria for Object Transfer."
168697,f5b87541-3879-444f-be65-2b17f1d95735,955.6350286458334,#C C drops #unsure,Unknown,Object Transfer,"The current action involves dropping an object, which is a deliberate placement action. Therefore, it falls under the 'Object Transfer' category."
168701,f5b87541-3879-444f-be65-2b17f1d95735,962.3999286458334,#C C drops peels,Unknown,Object Transfer,"The action of dropping peels is a deliberate placement of an object onto a surface, which fits the definition of 'Object Transfer'."
168702,f5b87541-3879-444f-be65-2b17f1d95735,963.4838186458334,#C C drops garlic,Unknown,Object Transfer,"The action of dropping the garlic is similar to the previous action of dropping peels, which was labeled as 'Object Transfer'. Both actions involve the deliberate placement of an object onto a surface."
168705,f5b87541-3879-444f-be65-2b17f1d95735,965.7374786458332,#C C drops garlic in #unsure,Unknown,Object Transfer,"The action involves deliberately placing the garlic onto a surface, which fits the definition of an Object Transfer."
168713,f5b87541-3879-444f-be65-2b17f1d95735,972.2301086458332,#C C drops garlic on left hand,Unknown,Object Transfer,"The action involves deliberately placing the garlic onto the left hand, which fits the definition of Object Transfer."
168714,f5b87541-3879-444f-be65-2b17f1d95735,973.9096586458334,#C C drops garlic,Unknown,Object Transfer,"The action of dropping the garlic onto the left hand is a deliberate placement, which fits the criteria for 'Object Transfer'."
168717,f5b87541-3879-444f-be65-2b17f1d95735,976.0206686458332,#C C drops garlic in #unsure,Unknown,Object Transfer,"The action of dropping garlic is a deliberate placement onto a surface, which fits the criteria for 'Object Transfer'."
168718,f5b87541-3879-444f-be65-2b17f1d95735,976.7794786458334,#C C drops #unsure,Unknown,Object Transfer,"The action of dropping an object is a deliberate placement onto a surface, which fits the criteria for 'Object Transfer'."
168723,f5b87541-3879-444f-be65-2b17f1d95735,982.0622386458332,#C C drops garlic,Unknown,Object Transfer,"The action involves a deliberate placement of an object (garlic) onto a surface, which fits the definition of 'Object Transfer'."
168725,f5b87541-3879-444f-be65-2b17f1d95735,984.4014086458332,#C C drops garlic in #unsure,Unknown,Object Transfer,"The action of dropping garlic is a deliberate placement onto a surface, which fits the criteria for 'Object Transfer'."
168726,f5b87541-3879-444f-be65-2b17f1d95735,984.8054386458332,#C C drops #unsure,Unknown,Object Transfer,"The action involves deliberately placing the garlic onto a surface, which fits the definition of an Object Transfer."
168730,f5b87541-3879-444f-be65-2b17f1d95735,986.8926586458332,#C C drops #unsure,Unknown,Object Transfer,"The action of dropping an object onto a surface is a deliberate placement, which fits the criteria for 'Object Transfer'."
168733,f5b87541-3879-444f-be65-2b17f1d95735,989.6842086458332,#C C drops garlic,Unknown,Object Transfer,"The action of dropping the garlic is a deliberate placement onto a surface, which fits the criteria for 'Object Transfer'."
168734,f5b87541-3879-444f-be65-2b17f1d95735,989.9536386458332,#C C drops #unsure,Unknown,Object Transfer,"The action of dropping the garlic is a deliberate placement onto a surface, which fits the criteria for 'Object Transfer'."
168742,f5b87541-3879-444f-be65-2b17f1d95735,1001.5575986458332,#C C drops cooking stick,Unknown,Object Transfer,"The action of dropping the cooking stick is a deliberate placement onto a surface, which fits the criteria for 'Object Transfer'."
168748,f5b87541-3879-444f-be65-2b17f1d95735,1009.1142386458332,#C C drops peels,Unknown,Object Transfer,"The action of dropping peels is a deliberate placement of an object onto a surface, which fits the criteria for 'Object Transfer'."
168749,f5b87541-3879-444f-be65-2b17f1d95735,1010.2020586458332,#C C drops #unsure,Unknown,Object Transfer,"The action of dropping an object is a deliberate placement onto a surface, which fits the criteria for 'Object Transfer'."
168860,f5b87541-3879-444f-be65-2b17f1d95735,1434.2714217940825,#C C drops the spoon,Unknown,Object Transfer,"The action of dropping the spoon is a deliberate placement onto a surface, which fits the criteria for 'Object Transfer'."
168870,f5b87541-3879-444f-be65-2b17f1d95735,1458.9421117940824,#C C drops #unsure,Unknown,Object Transfer,"The action of dropping an object onto a surface is a form of deliberate placement, which falls under the 'Object Transfer' category."
168874,f5b87541-3879-444f-be65-2b17f1d95735,1466.7335417940824,#C C drops the tin,Unknown,Object Transfer,"The action of dropping the tin is a deliberate placement of the object onto a surface, which fits the criteria for 'Object Transfer'."
168911,f5b87541-3879-444f-be65-2b17f1d95735,1574.1581517940824,#C C fixes the camera,Unknown,Stationary,"Fixing the camera is a deliberate action that does not involve movement or transfer of objects, and it is a stationary activity."
168977,f5b87541-3879-444f-be65-2b17f1d95735,1778.4970952666667,#C C drops the cooking stick.,Unknown,Object Transfer,"The action of dropping the cooking stick is a deliberate placement onto a surface, which fits the criteria for 'Object Transfer'."
169743,e187d152-8068-4446-9c60-e40682e9fe5e,951.3446134828124,#C C drops the clothes,Unknown,Object Transfer,"The action of dropping the clothes is a deliberate placement onto a surface, which fits the criteria for Object Transfer."
169796,e187d152-8068-4446-9c60-e40682e9fe5e,1057.7229134828124,#C C drops the cloth on the bed,Unknown,Object Transfer,"The action of dropping the cloth onto the bed is a deliberate placement, which fits the criteria for 'Object Transfer'."
171213,2c27b5f1-4af6-49ad-a43c-3efb0c150868,252.3022986,#C C bangs the blender on sink,Unknown,Essential Operation,"Banging the blender on the sink is likely an action to clean or remove residue from the blender, which falls under the category of Essential Operation."
171241,2c27b5f1-4af6-49ad-a43c-3efb0c150868,306.3874992852933,#C C flicks his hand,Unknown,Stationary,"Flicking one's hand is a small, non-movement action that does not fit into the categories of Locomotion, Essential Operation, Object Transfer, or Search. It is more accurately classified as a Stationary action."
171263,2c27b5f1-4af6-49ad-a43c-3efb0c150868,371.0242392852933,#C C drops a spoon,Unknown,Object Transfer,"The action of dropping a spoon is a deliberate placement of the object onto a surface, which fits the criteria for 'Object Transfer'."
171276,2c27b5f1-4af6-49ad-a43c-3efb0c150868,398.4918192852933,#C C drops a packet of #unsure,Unknown,Object Transfer,"The action of dropping a packet is a deliberate placement onto a surface, which fits the criteria for 'Object Transfer'."
171290,2c27b5f1-4af6-49ad-a43c-3efb0c150868,426.6543692852933,#C C drops a paper,Unknown,Object Transfer,"The action involves deliberately placing a paper onto a surface, which fits the definition of 'Object Transfer'."
171294,2c27b5f1-4af6-49ad-a43c-3efb0c150868,437.5669892852933,#C C drops a paper,Unknown,Object Transfer,"The action of dropping a paper is a deliberate placement of the object onto a surface, which fits the criteria for 'Object Transfer'."
171296,2c27b5f1-4af6-49ad-a43c-3efb0c150868,447.7302792852933,#C C drops a paper,Unknown,Object Transfer,"The action of dropping a paper is a deliberate placement onto a surface, which fits the criteria for 'Object Transfer'."
171298,2c27b5f1-4af6-49ad-a43c-3efb0c150868,453.3158892852933,#C C drops a paper,Unknown,Object Transfer,"The action of dropping a paper is a deliberate placement onto a surface, which fits the criteria for 'Object Transfer'."
171302,2c27b5f1-4af6-49ad-a43c-3efb0c150868,456.5591192852933,#C C drops a paper,Unknown,Object Transfer,"The action of dropping a paper is a deliberate placement, which fits the criteria for 'Object Transfer'."
171306,2c27b5f1-4af6-49ad-a43c-3efb0c150868,461.7508292852933,#C C drops a paper,Unknown,Object Transfer,"The current action involves C dropping a paper, which is a deliberate placement of the object onto a surface. This fits the criteria for 'Object Transfer'."
171326,2c27b5f1-4af6-49ad-a43c-3efb0c150868,518.5132092852933,#C C drops a paper,Unknown,Object Transfer,"The action of dropping a paper is a deliberate placement onto a surface, which fits the criteria for 'Object Transfer'."
171343,2c27b5f1-4af6-49ad-a43c-3efb0c150868,558.0199492852934,#C C drops a paper,Unknown,Object Transfer,"The action of dropping a paper is a deliberate placement onto a surface, which fits the criteria for 'Object Transfer'."
171383,2c27b5f1-4af6-49ad-a43c-3efb0c150868,717.0065976136719,#C C shakes the food,Unknown,Essential Operation,"Shaking the food is an action that modifies the state or condition of the food, which falls under the category of Essential Operation."
171682,ed432ff3-54f7-4fb9-9a67-80b4d43a076c,370.57308,#C C drops the paint can to the floor with his left hand.,Unknown,Object Transfer,"The action of dropping the paint can to the floor with his left hand is a deliberate placement, which fits the criteria for 'Object Transfer'."
171777,ed432ff3-54f7-4fb9-9a67-80b4d43a076c,848.26237,#C C drops the paint container with the paint brush on the polythene both hands.,Unknown,Object Transfer,"The action involves deliberately placing the paint container with the paint brush onto the polythene, which fits the criteria for an Object Transfer."
171967,998100d5-7fc9-40fd-b136-54eb3aa7628a,67.1414186,#C C shakes the cutting board,Unknown,Stationary,"Shaking the cutting board does not involve movement from one location to another, nor does it involve a deliberate placement or transfer of an object. It is an action that can be considered as a stationary activity."
172404,998100d5-7fc9-40fd-b136-54eb3aa7628a,1344.263656337272,#C C wipes the paste on the floor,Unknown,Essential Operation,"The action of wiping the paste on the floor is a cleaning activity, which falls under the category of Essential Operation."
172520,998100d5-7fc9-40fd-b136-54eb3aa7628a,1648.478275585319,#C C leaks her hand,Unknown,Stationary,"The action of leaking her hand does not indicate any movement or purposeful action, but rather a stationary state where the hand is in a fixed position."
172801,04ac4c40-22fd-42aa-a7f0-ee597ffb7058,151.9090196,#C C drops the phone,Unknown,Object Transfer,"The action of dropping the phone is a deliberate placement of the object onto a surface, which fits the criteria for 'Object Transfer'."
172833,04ac4c40-22fd-42aa-a7f0-ee597ffb7058,273.7759796,#C C drops the #unsure,Unknown,Object Transfer,"The action of dropping an object is a deliberate placement onto a surface, which fits the criteria for 'Object Transfer'."
173308,cb25d0ce-db3c-449c-934a-1f0ac2dcf06e,367.3916,#C C dribbles the ball,Unknown,Essential Operation,"The action of dribbling a ball is a repetitive and deliberate movement that is essential to the context of the activity, such as playing basketball. It is not a placement or transfer of the object, but rather a continuous action."
173512,cb25d0ce-db3c-449c-934a-1f0ac2dcf06e,1110.1030866666667,#C C fixes the camera,Unknown,Essential Operation,"The current action involves fixing a camera, which is a deliberate and purposeful action aimed at maintaining or adjusting equipment. This does not fit into the 'Locomotion', 'Object Transfer', 'Search', or 'Stationary' categories as it is an operation essential to the task at hand."
173519,cb25d0ce-db3c-449c-934a-1f0ac2dcf06e,1160.9891766666667,#C C fixes the camera,Unknown,Essential Operation,"Fixing the camera is a deliberate action aimed at maintaining or adjusting equipment, which falls under the category of Essential Operation."
173632,cb25d0ce-db3c-449c-934a-1f0ac2dcf06e,1654.9673,#C C fixes camera,Unknown,Essential Operation,"Fixing a camera is a deliberate action aimed at ensuring the camera is in proper working condition, which falls under the category of Essential Operation."
173649,cb25d0ce-db3c-449c-934a-1f0ac2dcf06e,1721.91226,#C C fixes camera,Unknown,Essential Operation,"Fixing a camera is a deliberate action that involves setting up or adjusting equipment, which falls under the category of Essential Operation."
173669,c84a8644-93e4-407c-94f4-28f382a2d80e,35.81025526666667,#C C fixes a camera,Unknown,Essential Operation,"Fixing a camera is a deliberate and purposeful action, which falls under the category of performing a necessary task or operation."
173885,f19d037c-2731-4f4f-a850-bfbcb20d6f68,54.4939386,#C C Drops a card,Unknown,Object Transfer,"The action of dropping a card is a deliberate placement of the object onto a surface, which fits the criteria for 'Object Transfer'."
173994,f19d037c-2731-4f4f-a850-bfbcb20d6f68,310.87439870260783,#C C drops card on the sheet,Unknown,Object Transfer,"The action involves C placing a card onto a surface, which is a deliberate placement action."
174000,f19d037c-2731-4f4f-a850-bfbcb20d6f68,314.80660870260783,#C C drops card on the sheet,Unknown,Object Transfer,"The action involves a deliberate placement of an object (the card) onto a surface (the sheet), which fits the definition of 'Object Transfer'."
174186,f19d037c-2731-4f4f-a850-bfbcb20d6f68,564.3931821677083,#C C drops card on the sheet,Unknown,Object Transfer,"The action of dropping a card onto a surface is a deliberate placement, which fits the criteria for 'Object Transfer'."
174187,f19d037c-2731-4f4f-a850-bfbcb20d6f68,565.0438521677083,#C C drops card on the sheet,Unknown,Object Transfer,"The action of dropping a card onto a sheet is a deliberate placement, which fits the criteria for 'Object Transfer'."
174584,f19d037c-2731-4f4f-a850-bfbcb20d6f68,1442.5825953692745,#C C drops card on the sheet.,Unknown,Object Transfer,"The action of dropping a card onto a sheet is a deliberate placement, which fits the criteria for 'Object Transfer'."
174585,f19d037c-2731-4f4f-a850-bfbcb20d6f68,1442.9794353692746,#C C drops card on the sheet.,Unknown,Object Transfer,"The action of dropping a card onto a sheet is a deliberate placement, which fits the criteria for Object Transfer."
174798,f19d037c-2731-4f4f-a850-bfbcb20d6f68,1766.910468834375,#C C drops cards on the sheet,Unknown,Object Transfer,"The action involves deliberately placing objects (cards) onto a surface (sheet), which fits the definition of Object Transfer."
174802,f19d037c-2731-4f4f-a850-bfbcb20d6f68,1769.309008834375,#C C drops cards on the sheet,Unknown,Object Transfer,"The action involves a deliberate placement of cards onto a surface, which fits the definition of an Object Transfer."
174805,f19d037c-2731-4f4f-a850-bfbcb20d6f68,1770.488328834375,#C C drops cards on the sheet,Unknown,Object Transfer,"The action involves a deliberate placement of cards onto a surface, which fits the definition of an Object Transfer."
174806,f19d037c-2731-4f4f-a850-bfbcb20d6f68,1770.953638834375,#C C drops cards on the sheet,Unknown,Object Transfer,"The action of dropping cards on the sheet is a deliberate placement, which fits the 'Object Transfer' category."
174821,f19d037c-2731-4f4f-a850-bfbcb20d6f68,1775.141428834375,#C C drops cards on the sheet,Unknown,Object Transfer,"The action involves a deliberate placement of cards onto a surface, which fits the definition of Object Transfer."
175237,f19d037c-2731-4f4f-a850-bfbcb20d6f68,2344.994701933333,#C C drops card on the sheet,Unknown,Object Transfer,"The action involves a deliberate placement of an object (dropping a card onto a surface), which fits the definition of 'Object Transfer'."
176326,60c1aa5a-9682-4576-826d-25a1e1075982,1670.215708834375,#C C drops the cards on her hand,Unknown,Object Transfer,"The action of dropping the cards onto her hand is a deliberate placement, which fits the definition of 'Object Transfer'."
176851,55510a84-858b-4857-bb9f-6a923b5f7882,24.985529600000003,#C C drops the tap knob,Unknown,Essential Operation,"Dropping the tap knob is part of the process of turning on the water, which is an essential operation."
178629,2ca764bf-10d3-4a76-8ec2-e7eec63c6e34,55.902249600000005,#C C sees the first half of the pvc wire casing fall to the ground from the wooden case,Unknown,Object Transfer,"The action involves the deliberate placement of the pvc wire casing from the wooden case to the ground, which fits the criteria for Object Transfer."
178631,2ca764bf-10d3-4a76-8ec2-e7eec63c6e34,57.221959600000005,#C C drops the hacksaw on the ground,Unknown,Object Transfer,"The action of dropping the hacksaw onto the ground is a deliberate placement, which fits the criteria for 'Object Transfer'."
178784,2ca764bf-10d3-4a76-8ec2-e7eec63c6e34,662.33501762133,#C C sees half of the pvc wire casing drop on the table,Unknown,Object Transfer,"The action describes the PVC wire casing being placed on the table, which indicates a deliberate placement of an object."
179269,cf7c12db-1a9e-46d3-96d6-38174bbe373c,572.7969852666668,#C C does #unsure with both hands,Unknown,Stationary,"The current action does not specify a clear movement or purpose, suggesting a pause or stationary action."
179396,cf7c12db-1a9e-46d3-96d6-38174bbe373c,808.4840652666668,#C C does #unsure with the left hand,Unknown,Object Transfer,"The previous actions involved removing objects from the sink with both hands, indicating a pattern of transferring objects. The current action, though unclear, likely continues this pattern of object transfer."
179536,cf7c12db-1a9e-46d3-96d6-38174bbe373c,1112.2386452666667,#C C drops plate,Unknown,Object Transfer,"The action of dropping a plate is a deliberate placement onto a surface, which fits the criteria for 'Object Transfer'."
179548,cf7c12db-1a9e-46d3-96d6-38174bbe373c,1145.2769152666667,#C C drops paper towel,Unknown,Object Transfer,"The action of dropping the paper towel is a deliberate placement onto a surface, which fits the criteria for 'Object Transfer'."
179554,cf7c12db-1a9e-46d3-96d6-38174bbe373c,1160.1577952666669,#C C drops cup,Unknown,Object Transfer,"The action of dropping the cup is a deliberate placement of the object onto a surface, which fits the criteria for 'Object Transfer'."
179564,cf7c12db-1a9e-46d3-96d6-38174bbe373c,1186.8349252666667,#C C drops container,Unknown,Object Transfer,"The action of dropping the container is a deliberate placement onto a surface, which fits the criteria for Object Transfer."
179569,cf7c12db-1a9e-46d3-96d6-38174bbe373c,1201.4013152666666,#C C drops container,Unknown,Object Transfer,"The action of dropping a container is a deliberate placement onto a surface, which fits the criteria for 'Object Transfer'."
179571,cf7c12db-1a9e-46d3-96d6-38174bbe373c,1221.3302652666666,#C C drops container,Unknown,Object Transfer,"The action of dropping the container is a deliberate placement onto a surface, which fits the criteria for 'Object Transfer'."
179574,cf7c12db-1a9e-46d3-96d6-38174bbe373c,1227.0271752666663,#C C drops container,Unknown,Object Transfer,"The action of dropping a container is a deliberate placement onto a surface, which fits the criteria for 'Object Transfer'."
179587,cf7c12db-1a9e-46d3-96d6-38174bbe373c,1241.6043552666663,#C C drops pot,Unknown,Object Transfer,"The current action involves deliberately placing the pot onto a surface, which fits the definition of an Object Transfer action."
179589,cf7c12db-1a9e-46d3-96d6-38174bbe373c,1243.4072652666666,#C C drops cord,Unknown,Object Transfer,"The action of dropping the cord onto a surface is a deliberate placement, which fits the criteria for 'Object Transfer'."
179591,cf7c12db-1a9e-46d3-96d6-38174bbe373c,1245.4839452666663,#C C touches cord,Unknown,Essential Operation,"The current action involves C touching the cord, which is likely an essential operation such as checking the cord for any issues or preparing to use it."
179592,cf7c12db-1a9e-46d3-96d6-38174bbe373c,1246.1978052666666,#C C drops cord,Unknown,Object Transfer,"The action of dropping the cord is a deliberate placement onto a surface, which fits the criteria for 'Object Transfer'."
179598,cf7c12db-1a9e-46d3-96d6-38174bbe373c,1256.9055052666663,#C C drops fruit rack,Unknown,Object Transfer,"The current action involves C dropping the fruit rack, which is a deliberate placement of an object onto a surface, fitting the criteria for 'Object Transfer'."
179600,cf7c12db-1a9e-46d3-96d6-38174bbe373c,1259.4792452666666,#C C drops paper towel,Unknown,Object Transfer,"The action of dropping the paper towel is a deliberate placement onto a surface, which fits the criteria for 'Object Transfer'."
179607,cf7c12db-1a9e-46d3-96d6-38174bbe373c,1278.108075266667,#C C drops container,Unknown,Object Transfer,"The action of dropping the container is a deliberate placement onto a surface, which fits the criteria for Object Transfer."
179632,cf7c12db-1a9e-46d3-96d6-38174bbe373c,1339.3067052666663,#C C drops spoon,Unknown,Object Transfer,"The action of dropping the spoon is a deliberate placement of the object onto a surface, which fits the criteria for 'Object Transfer'."
179850,cf7c12db-1a9e-46d3-96d6-38174bbe373c,1936.3871752666664,#C C drops the sponge,Unknown,Object Transfer,"The action of dropping the sponge is a deliberate placement onto a surface, which fits the criteria for Object Transfer."
180982,92075d1b-c78b-483a-9a7f-e03fec7f5129,332.20102860000003,#O A man X plays the game,Unknown,Essential Operation,"The action 'A man X plays the game' is a repetitive essential operation, as it is a continuation of the previous action and involves an ongoing activity."
180986,92075d1b-c78b-483a-9a7f-e03fec7f5129,352.7930286,#O A man X plays the game,Unknown,Stationary,"The action describes a person playing a game, which is a stationary activity as it does not involve movement or transfer of objects."
181000,92075d1b-c78b-483a-9a7f-e03fec7f5129,466.7860286,#O A man X plays the game,Unknown,Essential Operation,"The action 'A man X plays the game' is a repetitive and deliberate action that falls under the category of Essential Operation, as it is a core activity being performed by the individual."
181152,59815805-de31-4993-8f5e-f12b1537bcfc,67.1200296,#C C drops the iron on the board,Unknown,Object Transfer,"The action of dropping the iron onto the board is a deliberate placement, which fits the criteria for 'Object Transfer'."
181156,59815805-de31-4993-8f5e-f12b1537bcfc,78.80517959999999,#C C drops the iron on the board,Unknown,Object Transfer,"The action of dropping the iron onto the board is a deliberate placement, which fits the criteria for 'Object Transfer'."
181160,59815805-de31-4993-8f5e-f12b1537bcfc,86.81167959999999,#C C drops the iron on the board,Unknown,Object Transfer,"The action of dropping the iron onto the board is a deliberate placement, which fits the criteria for 'Object Transfer'."
181165,59815805-de31-4993-8f5e-f12b1537bcfc,98.5217896,#C C drops the iron on the board,Unknown,Object Transfer,"The action of dropping the iron onto the board is a deliberate placement, which fits the criteria for 'Object Transfer'."
181175,59815805-de31-4993-8f5e-f12b1537bcfc,122.6578396,#C C drops the iron on the board,Unknown,Object Transfer,"The action of dropping the iron onto the board is a deliberate placement, which fits the criteria for 'Object Transfer'."
181194,59815805-de31-4993-8f5e-f12b1537bcfc,171.6971096,#C C drops the iron on the board,Unknown,Object Transfer,"The action of dropping the iron onto the board is a deliberate placement, which fits the criteria for 'Object Transfer'."
181198,59815805-de31-4993-8f5e-f12b1537bcfc,185.8175796,#C C drops the iron on the board,Unknown,Object Transfer,"The action of dropping the iron onto the board is a deliberate placement, which fits the criteria for 'Object Transfer'."
181203,59815805-de31-4993-8f5e-f12b1537bcfc,193.8254796,#C C drops the iron on the board,Unknown,Object Transfer,"The action of dropping the iron onto the board is a deliberate placement, which fits the criteria for 'Object Transfer'."
181214,59815805-de31-4993-8f5e-f12b1537bcfc,226.1247796,#C C drops the iron on the board,Unknown,Object Transfer,"The action of dropping the iron onto the board is a deliberate placement, which fits the criteria for 'Object Transfer'."
181218,59815805-de31-4993-8f5e-f12b1537bcfc,241.1363696,#C C drops the iron on the board,Unknown,Object Transfer,"The action of dropping the iron onto the board is a deliberate placement, which fits the criteria for 'Object Transfer'."
181223,59815805-de31-4993-8f5e-f12b1537bcfc,253.3239896,#C C drops the iron on the board,Unknown,Object Transfer,"The action of dropping the iron onto the board is a deliberate placement, which fits the criteria for 'Object Transfer'."
181227,59815805-de31-4993-8f5e-f12b1537bcfc,266.0656296,#C C drops the iron on the board,Unknown,Object Transfer,"The action of dropping the iron onto the board is a deliberate placement, which fits the criteria for 'Object Transfer'."
181246,59815805-de31-4993-8f5e-f12b1537bcfc,313.68913095466337,#C C drops the iron on the board,Unknown,Object Transfer,"The action of dropping the iron onto the board is a deliberate placement, which fits the criteria for 'Object Transfer'."
181250,59815805-de31-4993-8f5e-f12b1537bcfc,334.1154509546634,#C C drops the iron on the board,Unknown,Object Transfer,"The action of dropping the iron onto the board is a deliberate placement, which fits the criteria for 'Object Transfer'."
181254,59815805-de31-4993-8f5e-f12b1537bcfc,344.0514109546634,#C C drops the iron on the board,Unknown,Object Transfer,"The action of dropping the iron onto the board is a deliberate placement, which fits the criteria for 'Object Transfer'."
181260,59815805-de31-4993-8f5e-f12b1537bcfc,362.57737095466337,#C C drops the iron on the board,Unknown,Object Transfer,"The action of dropping the iron onto the board is a deliberate placement, which fits the criteria for 'Object Transfer'."
181264,59815805-de31-4993-8f5e-f12b1537bcfc,372.0006709546634,#C C drops the iron on the board,Unknown,Object Transfer,"The action of dropping the iron onto the board is a deliberate placement, which fits the criteria for 'Object Transfer'."
181276,59815805-de31-4993-8f5e-f12b1537bcfc,404.0013309546634,#C C drops the iron on the board,Unknown,Object Transfer,"The action of dropping the iron onto the board is a deliberate placement, which fits the criteria for 'Object Transfer'."
181288,59815805-de31-4993-8f5e-f12b1537bcfc,427.5080509546634,#C C drops the iron on the board,Unknown,Object Transfer,"The action of dropping the iron onto the board is a deliberate placement, which fits the criteria for 'Object Transfer'."
181298,59815805-de31-4993-8f5e-f12b1537bcfc,451.1966909546634,#C C drops the iron on the board,Unknown,Object Transfer,"The action of dropping the iron onto the board is a deliberate placement, which fits the criteria for 'Object Transfer'."
181309,59815805-de31-4993-8f5e-f12b1537bcfc,476.9705509546634,#C C drops the iron on the board,Unknown,Object Transfer,"The action of dropping the iron onto the board is a deliberate placement, which fits the criteria for 'Object Transfer'."
181319,59815805-de31-4993-8f5e-f12b1537bcfc,511.1129509546634,#C C drops the iron on the board,Unknown,Object Transfer,"The action of dropping the iron onto the board is a deliberate placement, which fits the criteria for 'Object Transfer'."
181323,59815805-de31-4993-8f5e-f12b1537bcfc,530.5694509546635,#C C drops the iron on the board,Unknown,Object Transfer,"The action of dropping the iron onto the board is a deliberate placement, which fits the criteria for 'Object Transfer'."
181336,59815805-de31-4993-8f5e-f12b1537bcfc,563.2617076213301,#C C drops the iron on the board,Unknown,Object Transfer,"The action of dropping the iron onto the board is a deliberate placement, which fits the criteria for 'Object Transfer'."
181348,59815805-de31-4993-8f5e-f12b1537bcfc,592.90720762133,#C C touches her face with her right hand. #unsure,Unknown,Essential Operation,"Touching one's face is a common essential operation, such as adjusting glasses, wiping sweat, or scratching."
181355,59815805-de31-4993-8f5e-f12b1537bcfc,622.74902762133,#C C drops the iron on the board,Unknown,Object Transfer,"The action of dropping the iron onto the board is a deliberate placement, which fits the criteria for 'Object Transfer'."
181359,59815805-de31-4993-8f5e-f12b1537bcfc,646.65652762133,#C C drops the iron on the board,Unknown,Object Transfer,"The action of dropping the iron onto the board is a deliberate placement, which fits the criteria for 'Object Transfer'."
181365,59815805-de31-4993-8f5e-f12b1537bcfc,656.50378762133,#C C drops the iron on the board,Unknown,Object Transfer,"The action of dropping the iron onto the board is a deliberate placement, which fits the criteria for 'Object Transfer'."
181371,59815805-de31-4993-8f5e-f12b1537bcfc,670.9970076213301,#C C drops the iron on the board,Unknown,Object Transfer,"The action of dropping the iron onto the board indicates a deliberate placement of the object onto a surface, which fits the criteria for 'Object Transfer'."
181390,59815805-de31-4993-8f5e-f12b1537bcfc,748.64202762133,#C C drops the iron on the board,Unknown,Object Transfer,"The action of dropping the iron onto the board is a deliberate placement, which fits the criteria for 'Object Transfer'."
181394,59815805-de31-4993-8f5e-f12b1537bcfc,762.9739476213301,#C C drops the iron on the board,Unknown,Object Transfer,"The action of dropping the iron onto the board is a deliberate placement, which fits the criteria for 'Object Transfer'."
181398,59815805-de31-4993-8f5e-f12b1537bcfc,772.6579576213301,#C C drops the iron on the board,Unknown,Object Transfer,"The action of dropping the iron onto the board is a deliberate placement, which fits the criteria for 'Object Transfer'."
181426,59815805-de31-4993-8f5e-f12b1537bcfc,829.2119776213301,#C C drops the iron on the board,Unknown,Object Transfer,"The action of dropping the iron onto the board is a deliberate placement, which fits the criteria for 'Object Transfer'."
181430,59815805-de31-4993-8f5e-f12b1537bcfc,844.63041762133,#C C drops the iron on the board,Unknown,Object Transfer,"The action of dropping the iron onto the board is a deliberate placement, which fits the criteria for 'Object Transfer'."
181434,59815805-de31-4993-8f5e-f12b1537bcfc,853.8328076213301,#C C drops the iron on the board,Unknown,Object Transfer,"The action of dropping the iron onto the board is a deliberate placement, which fits the criteria for 'Object Transfer'."
181440,59815805-de31-4993-8f5e-f12b1537bcfc,867.9650376213301,#C C drops the iron on the board,Unknown,Object Transfer,"The action of dropping the iron onto the board is a deliberate placement, which fits the criteria for 'Object Transfer'."
181456,59815805-de31-4993-8f5e-f12b1537bcfc,928.63960762133,#C C drops the iron on the board,Unknown,Object Transfer,"The action of dropping the iron onto the board is a deliberate placement, which fits the criteria for 'Object Transfer'."
181460,59815805-de31-4993-8f5e-f12b1537bcfc,954.87659762133,#C C drops the iron on the board,Unknown,Object Transfer,"The action of dropping the iron onto the board is a deliberate placement, which fits the criteria for 'Object Transfer'."
181464,59815805-de31-4993-8f5e-f12b1537bcfc,970.83681762133,#C C drops the iron on the board,Unknown,Object Transfer,"The action of dropping the iron onto the board is a deliberate placement, which fits the criteria for 'Object Transfer'."
181528,59815805-de31-4993-8f5e-f12b1537bcfc,1885.7905176213296,#C C drops the electric iron on the pressing board with his right hand.,Unknown,Object Transfer,"The action of dropping the electric iron onto the pressing board is a deliberate placement, which fits the criteria for 'Object Transfer'."
181534,59815805-de31-4993-8f5e-f12b1537bcfc,1904.64274762133,#C C drops the electric iron on the pressing board with his right hand.,Unknown,Object Transfer,"The action of dropping the electric iron onto the pressing board is a deliberate placement, which fits the criteria for 'Object Transfer'."
181538,59815805-de31-4993-8f5e-f12b1537bcfc,1922.3958776213296,#C C drops the electric iron on the pressing board with his right hand.,Unknown,Object Transfer,"The action of dropping the electric iron onto the pressing board is a deliberate placement, which fits the criteria for 'Object Transfer'."
181619,59815805-de31-4993-8f5e-f12b1537bcfc,2108.799352287997,#C C drops the white round neck in both hands on the bed.,Unknown,Object Transfer,"The action of dropping the white round neck onto the bed is a deliberate placement, which fits the criteria for 'Object Transfer'."
181762,59815805-de31-4993-8f5e-f12b1537bcfc,2399.220064287997,#C C drops the electric iron in his right hand on the pressing board.,Unknown,Object Transfer,"The action of dropping the electric iron onto the pressing board is a deliberate placement, which fits the criteria for 'Object Transfer'."
181786,59815805-de31-4993-8f5e-f12b1537bcfc,2505.8625742879967,#C C drops the electric iron in his right hand on the pressing board.,Unknown,Object Transfer,"The action of dropping the electric iron onto the pressing board is a deliberate placement, which fits the criteria for 'Object Transfer'."
181801,59815805-de31-4993-8f5e-f12b1537bcfc,2555.271414287997,#C C drops the electric iron in his right hand on the pressing board.,Unknown,Object Transfer,"The action of dropping the electric iron onto the pressing board is a deliberate placement, which fits the criteria for 'Object Transfer'."
181959,59815805-de31-4993-8f5e-f12b1537bcfc,2991.4218209546634,#C C drops the ragolis water bottle in his left hand on the stool.,Unknown,Object Transfer,"The action involves deliberately placing the water bottle onto the stool, which fits the criteria for an Object Transfer."
182033,59815805-de31-4993-8f5e-f12b1537bcfc,3266.25876562133,#C C drops the cloth in both hands on his knees.,Unknown,Object Transfer,"The action of dropping the cloth onto his knees is a deliberate placement, which fits the criteria for 'Object Transfer'."
182051,59815805-de31-4993-8f5e-f12b1537bcfc,3619.46917762133,#C C drops the electric iron in his right hand on the pressing board.,Unknown,Object Transfer,"The action of dropping the electric iron onto the pressing board is a deliberate placement, which fits the criteria for 'Object Transfer'."
182056,59815805-de31-4993-8f5e-f12b1537bcfc,3633.85499762133,#C C drops the electric iron in his right hand on the pressing board.,Unknown,Object Transfer,"The action of dropping the electric iron onto the pressing board is a deliberate placement, which fits the criteria for 'Object Transfer'."
182237,59815805-de31-4993-8f5e-f12b1537bcfc,4130.937194287996,#C C drops the electric iron in his right hand on the pressing board.,Unknown,Object Transfer,"The action of dropping the electric iron onto the pressing board is a deliberate placement, which fits the criteria for 'Object Transfer'."
182242,59815805-de31-4993-8f5e-f12b1537bcfc,4138.8270142879965,#C C drops the blue face towel in his left hand on the bed.,Unknown,Object Transfer,"The action involves deliberately placing the blue face towel on the bed, which fits the criteria for an Object Transfer."
182249,59815805-de31-4993-8f5e-f12b1537bcfc,4151.533864287996,#C C drops the electric iron in his right hand on the pressing board.,Unknown,Object Transfer,"The action of dropping the electric iron onto the pressing board is a deliberate placement of the object onto a surface, which fits the criteria for 'Object Transfer'."
182346,59815805-de31-4993-8f5e-f12b1537bcfc,4413.891158954663,#C C drops the iron on the ironing board.,Unknown,Object Transfer,"The action of dropping the iron onto the ironing board is a deliberate placement, which fits the criteria for 'Object Transfer'."
182395,59815805-de31-4993-8f5e-f12b1537bcfc,4570.741180954664,#C C flips the kitchen.,Unknown,Stationary,
182398,59815805-de31-4993-8f5e-f12b1537bcfc,4579.335860954664,#C C drops the iron.,Unknown,Object Transfer,"The action of dropping the iron is a deliberate placement of the object onto a surface, which fits the criteria for 'Object Transfer'."
182406,59815805-de31-4993-8f5e-f12b1537bcfc,4610.254670954663,#C C drops the iron.,Unknown,Object Transfer,"The action of dropping the iron is a deliberate placement of the object onto a surface, which fits the criteria for 'Object Transfer'."
182410,59815805-de31-4993-8f5e-f12b1537bcfc,4622.019350954663,#C C drops the iron.,Unknown,Object Transfer,"The action of dropping the iron is a deliberate placement of the object onto a surface, which fits the criteria for 'Object Transfer'."
182414,59815805-de31-4993-8f5e-f12b1537bcfc,4632.421200954664,#C C drops the iron.,Unknown,Object Transfer,"The action of dropping the iron is a deliberate placement of the object onto a surface, which fits the criteria for 'Object Transfer'."
182421,59815805-de31-4993-8f5e-f12b1537bcfc,4651.216630954664,#C C drops the iron.,Unknown,Object Transfer,"The action of dropping the iron is a deliberate placement of the object onto a surface, which fits the criteria for 'Object Transfer'."
182429,59815805-de31-4993-8f5e-f12b1537bcfc,4688.853910954664,#C C drops the iron.,Unknown,Object Transfer,"The action of dropping the iron is a deliberate placement of the object onto a surface, which fits the criteria for 'Object Transfer'."
182433,59815805-de31-4993-8f5e-f12b1537bcfc,4701.572080954664,#C C drops the iron.,Unknown,Object Transfer,"The action of dropping the iron is a deliberate placement of the object onto a surface, which fits the criteria for 'Object Transfer'."
182843,9221bf86-0bd7-4d96-8ac1-77a6b1f4d9c4,296.3190286,#C C bites the fingers,Unknown,Essential Operation,Biting one's fingers is an essential operation that involves self-care or possibly frustration.
182850,9221bf86-0bd7-4d96-8ac1-77a6b1f4d9c4,418.8180286000001,#C C bites the fingers,Unknown,Essential Operation,Biting one's fingers is an essential operation that involves self-care or possibly frustration.
182945,34f1149c-d8d5-467c-9e3c-3b59d6393f41,427.5037286,#C C drops his mobile phone on a pavement with his left hand.,Unknown,Object Transfer,"The action involves deliberately placing the mobile phone onto the pavement, which fits the criteria for Object Transfer."
183085,34f1149c-d8d5-467c-9e3c-3b59d6393f41,1467.7236085999998,#C C jerks his right palm.,Unknown,Essential Operation,"The action of jerking the right palm does not fit into the categories of Locomotion, Object Transfer, Search, or Stationary. It appears to be an essential operation, possibly indicating a gesture or a reflex action."
183215,827c34de-64e7-419e-89e3-3d6de441e983,101.9089996,#c c pulls the Television cable,Unknown,Object Transfer,"The action of pulling the television cable involves a deliberate interaction with an object, which fits the criteria for Object Transfer as it involves moving or manipulating an object (the cable)."
183276,827c34de-64e7-419e-89e3-3d6de441e983,710.7490509546634,#c c opens the watching machine,Unknown,Essential Operation,"Opening the watching machine is an essential operation, as it involves activating or accessing a specific device rather than locomotion or object transfer."
183365,b1bbfee4-8499-4c50-9de1-ade61d05d481,82.6240696,#C C drops the mobile phone on a set of clothes.,Unknown,Object Transfer,"The action of dropping the mobile phone onto a set of clothes indicates a deliberate placement, which fits the criteria for 'Object Transfer'."
183442,b1bbfee4-8499-4c50-9de1-ade61d05d481,575.1492709546634,#C C drops the iron on the ironing board.,Unknown,Object Transfer,"The action of dropping the iron onto the ironing board is a deliberate placement, which fits the criteria for 'Object Transfer'."
183445,b1bbfee4-8499-4c50-9de1-ade61d05d481,782.9813609546634,#C C drops the iron on the ironing board.,Unknown,Object Transfer,"The action of dropping the iron onto the ironing board is a deliberate placement, which fits the criteria for 'Object Transfer'."
183455,b1bbfee4-8499-4c50-9de1-ade61d05d481,604.4570609546633,#C C drops the iron on the ironing board.,Unknown,Object Transfer,"The action of dropping the iron onto the ironing board is a deliberate placement, which fits the criteria for 'Object Transfer'."
183459,b1bbfee4-8499-4c50-9de1-ade61d05d481,624.0927909546634,#C C drops the iron on the ironing board.,Unknown,Object Transfer,"The action of dropping the iron onto the ironing board is a deliberate placement, which fits the criteria for 'Object Transfer'."
183463,b1bbfee4-8499-4c50-9de1-ade61d05d481,663.0387509546633,#C C drops the iron on the ironing board.,Unknown,Object Transfer,"The action of dropping the iron onto the ironing board is a deliberate placement, which fits the criteria for 'Object Transfer'."
183476,b1bbfee4-8499-4c50-9de1-ade61d05d481,709.2545509546634,#C C drops the iron on the ironing board.,Unknown,Object Transfer,"The action of dropping the iron onto the ironing board is a deliberate placement, which fits the criteria for 'Object Transfer'."
183480,b1bbfee4-8499-4c50-9de1-ade61d05d481,726.4168009546634,#C C drops the iron on the ironing board.,Unknown,Object Transfer,"The action of dropping the iron onto the ironing board is a deliberate placement, which fits the criteria for 'Object Transfer'."
183484,b1bbfee4-8499-4c50-9de1-ade61d05d481,738.5384809546633,#C C drops the iron on the ironing board.,Unknown,Object Transfer,"The action of dropping the iron onto the ironing board is a deliberate placement, which fits the criteria for 'Object Transfer'."
183488,b1bbfee4-8499-4c50-9de1-ade61d05d481,751.9871109546634,#C C drops the iron on the ironing board.,Unknown,Object Transfer,"The action of dropping the iron onto the ironing board is a deliberate placement, which fits the criteria for 'Object Transfer'."
183984,db532215-0f8f-4cb9-8118-004746c5786f,1865.851670954663,#C C drops the phone on the kitchen slap with his left hand,Unknown,Object Transfer,"The action involves deliberately placing the phone on the kitchen slab, which fits the criteria for Object Transfer."
184446,db171065-a8a9-49f7-bc56-66879d228b30,349.4912109546634,#C C drops the pen in his right hand,Unknown,Object Transfer,"The action of dropping the pen is a deliberate placement of the object onto a surface, which fits the criteria for 'Object Transfer'."
184560,db171065-a8a9-49f7-bc56-66879d228b30,514.0548609546634,#C C drops the bolt,Unknown,Object Transfer,"The action of dropping the bolt is a deliberate placement onto a surface, which fits the criteria for 'Object Transfer'."
184572,db171065-a8a9-49f7-bc56-66879d228b30,561.9926376213301,#C C drops the bolt in his left hand,Unknown,Object Transfer,"The action involves deliberately placing the bolt onto a surface, which fits the definition of an Object Transfer."
184574,db171065-a8a9-49f7-bc56-66879d228b30,566.4288776213301,#C C drops the bolt in his left hand,Unknown,Object Transfer,"The action of dropping the bolt in his left hand is a deliberate placement, which fits the criteria for 'Object Transfer'."
184758,db171065-a8a9-49f7-bc56-66879d228b30,969.08826762133,#C C drops the bolt in his left hand inside a plastic box #unsure,Unknown,Object Transfer,"The action of dropping the bolt into the plastic box is a deliberate placement, which fits the criteria for 'Object Transfer'."
184771,db171065-a8a9-49f7-bc56-66879d228b30,999.75417762133,#C C hits the plastic box with his left hand repeatedly #unsure,Unknown,Object Transfer,"The action of repeatedly hitting the plastic box can be interpreted as a deliberate placement or manipulation of the object, which falls under the 'Object Transfer' category."
184788,db171065-a8a9-49f7-bc56-66879d228b30,1038.2336376213302,#C C hits the plastic box on the wall #unsure,Unknown,Object Transfer,"Hitting the plastic box on the wall can be considered a form of deliberate placement or manipulation of the object, which falls under the 'Object Transfer' category."
184954,db171065-a8a9-49f7-bc56-66879d228b30,1401.2135742879966,#C C pokes the socket with the wire of the socket again.,Unknown,Essential Operation,"The action involves continuing the previous essential operation of poking the socket with the wire, which is a necessary step in the process being described."
184988,db171065-a8a9-49f7-bc56-66879d228b30,1482.9447442879966,#C C drops the component of the socket. #unsure,Unknown,Object Transfer,"The action of dropping the component of the socket is a deliberate placement onto a surface, which fits the criteria for 'Object Transfer'."
184994,db171065-a8a9-49f7-bc56-66879d228b30,1493.1501542879969,#C C drops the component of the socket. #unsure,Unknown,Object Transfer,"The action of dropping the component of the socket is a deliberate placement onto a surface, which fits the criteria for 'Object Transfer'."
185004,db171065-a8a9-49f7-bc56-66879d228b30,1515.1987342879966,#C C drops the component of the socket. #unsure,Unknown,Object Transfer,"The action of dropping the component of the socket is a deliberate placement onto a surface, which fits the criteria for 'Object Transfer'."
185624,70f2a750-f403-41b8-aabb-480eb3ab4ed4,210.6341686,#C C pills the gallic.,Unknown,Object Transfer,"The action of peeling the garlic is a deliberate manipulation of the object, which fits the 'Object Transfer' category as it involves handling and modifying the garlic."
186247,f93bf4f8-08d1-4f94-8b5f-92fdd6b37e30,904.00315762133,#C C drops the adhesive tape from the drawer with his right hand,Unknown,Object Transfer,"The action of dropping the adhesive tape from the drawer is a deliberate placement, which fits the criteria for 'Object Transfer'."
186335,6639f53c-701d-4fe7-adcd-55d040ce8afe,0.3442386,#O A woman X does #unsure,Unknown,Stationary,"The action description indicates the woman is unsure, which suggests a pause or stationary behavior."
186350,6639f53c-701d-4fe7-adcd-55d040ce8afe,28.5383586,#O A woman X does #unsure,Unknown,Locomotion,"The current action describes a woman moving around, which aligns with the 'Locomotion' category as it involves physical movement from one place to another."
186372,6639f53c-701d-4fe7-adcd-55d040ce8afe,69.83074859999999,#O A woman X does #unsure,Unknown,Object Transfer,"The current action describes a woman placing an object, which aligns with the 'Object Transfer' category as it involves deliberately placing an object onto a surface."
186386,6639f53c-701d-4fe7-adcd-55d040ce8afe,95.6302486,#O A woman X does #unsure,Unknown,Search,"The current action describes a person performing an unsure action, which is indicative of searching for something."
186455,6639f53c-701d-4fe7-adcd-55d040ce8afe,328.9701331167943,#C C moves #unsure on the board,Unknown,Object Transfer,"The action involves deliberately placing or moving an object onto a surface, which aligns with the definition of Object Transfer."
186932,75141dec-d6b3-4e2e-a144-5a126abf7dac,269.05002,#C C drops the top of the tire rim on the ground with his right hand.,Unknown,Object Transfer,"The action of dropping the tire rim onto the ground is a deliberate placement, which fits the criteria for 'Object Transfer'."
187041,75141dec-d6b3-4e2e-a144-5a126abf7dac,810.16749,#C C hits the tire on the floor.,Unknown,Locomotion,The action of hitting the tire on the floor can be interpreted as a preparatory movement or a gesture that involves a form of locomotion or movement to position the tire for further action.
187051,75141dec-d6b3-4e2e-a144-5a126abf7dac,844.09037,#C C drops the tire hammer on the ground with his right hand.,Unknown,Object Transfer,"The action involves deliberately placing the tire hammer on the ground, which fits the criteria for Object Transfer."
187243,b4f8496d-dc4a-483c-94e5-b0dabce47fc8,1120.1786571449218,#C C Stairs the at the knife,Unknown,Stationary,"The action describes C standing at the knife, which indicates a stationary position without any movement or operation."
187430,9b34e344-494d-4664-8180-a8ff2a692ab2,516.41263,#O A man R interacts with C.,Unknown,Locomotion,"The current action describes a man interacting with C, which follows a pattern of movement (as seen in t-2 and t-1). The most likely interpretation is that the man is also moving or positioning himself, hence 'Locomotion'."
188023,712ef11e-dc19-4fe1-ae66-0d9ec934196e,1392.2979072477178,#C C fixes the toy,Unknown,Essential Operation,The action of fixing the toy is an essential operation as it involves modifying or maintaining an object.
188031,712ef11e-dc19-4fe1-ae66-0d9ec934196e,1411.140147247718,#C C breaks Lego,Unknown,Essential Operation,Breaking an object is considered an essential operation as it involves altering the state of the object rather than simply moving it or placing it.
188044,712ef11e-dc19-4fe1-ae66-0d9ec934196e,1437.310037247718,#C C fixes the toy,Unknown,Essential Operation,"The current action is a continuation of the previous 'Essential Operation' action where C fixes the toy. This action is not related to locomotion, object transfer, search, or stationary behavior."
188225,712ef11e-dc19-4fe1-ae66-0d9ec934196e,1879.2619671449213,#C C fixes the toy,Unknown,Essential Operation,"The current action involves C fixing the toy, which is a deliberate and purposeful action to maintain or repair the toy. This aligns with the 'Essential Operation' category as it pertains to the functional maintenance of an object."
188239,712ef11e-dc19-4fe1-ae66-0d9ec934196e,1913.201836806576,#C C drops packet of toy pieces7on the shopping bag,Unknown,Object Transfer,"The action involves C dropping the packet of toy pieces onto the shopping bag, which is a deliberate placement of an object onto a surface. This fits the criteria for 'Object Transfer'."
188329,712ef11e-dc19-4fe1-ae66-0d9ec934196e,2239.5743095863286,#C C mergers the Lego toy,Unknown,Object Transfer,"The action of 'merging the Lego toy' implies a deliberate placement or manipulation of the object, which fits the criteria for 'Object Transfer'."
188335,712ef11e-dc19-4fe1-ae66-0d9ec934196e,2267.7814095863287,#C C mergers the Lego toy,Unknown,Object Transfer,"The action of merging the Lego toy suggests a deliberate placement or interaction with the toy, which fits the criteria for an Object Transfer action."
188360,712ef11e-dc19-4fe1-ae66-0d9ec934196e,2341.0285995863287,#C C drops plastic bag,Unknown,Object Transfer,"The action of dropping the plastic bag is a deliberate placement onto a surface, which fits the criteria for 'Object Transfer'."
188362,712ef11e-dc19-4fe1-ae66-0d9ec934196e,2342.116549586329,#C C drops plastic bag,Unknown,Object Transfer,"The action of dropping the plastic bag is a deliberate placement onto a surface, which fits the criteria for 'Object Transfer'."
188364,712ef11e-dc19-4fe1-ae66-0d9ec934196e,2343.5880695863284,#C C drops plastic bag,Unknown,Object Transfer,"The action of dropping the plastic bag is a deliberate placement onto a surface, which fits the criteria for 'Object Transfer'."
188366,712ef11e-dc19-4fe1-ae66-0d9ec934196e,2344.7747395863285,#C C drops plastic bag,Unknown,Object Transfer,"The action of dropping the plastic bag is a deliberate placement onto a surface, which fits the criteria for 'Object Transfer'."
188368,712ef11e-dc19-4fe1-ae66-0d9ec934196e,2346.1480095863285,#C C drops plastic bag,Unknown,Object Transfer,"The action of dropping the plastic bag is a deliberate placement onto a surface, which fits the criteria for 'Object Transfer'."
188370,712ef11e-dc19-4fe1-ae66-0d9ec934196e,2347.5152795863287,#C C drops plastic bag,Unknown,Object Transfer,"The action of dropping the plastic bag is a deliberate placement onto a surface, which fits the criteria for 'Object Transfer'."
188372,712ef11e-dc19-4fe1-ae66-0d9ec934196e,2350.2119195863283,#C C drops plastic bag,Unknown,Object Transfer,"The action of dropping the plastic bag is a deliberate placement onto a surface, which fits the criteria for 'Object Transfer'."
188374,712ef11e-dc19-4fe1-ae66-0d9ec934196e,2351.6997795863285,#C C drops plastic bag,Unknown,Object Transfer,"The action of dropping the plastic bag is a deliberate placement onto a surface, which fits the criteria for 'Object Transfer'."
188376,712ef11e-dc19-4fe1-ae66-0d9ec934196e,2353.9873395863287,#C C drops plastic bag,Unknown,Object Transfer,"The action of dropping the plastic bag is a deliberate placement onto a surface, which fits the criteria for 'Object Transfer'."
188378,712ef11e-dc19-4fe1-ae66-0d9ec934196e,2356.0091895863284,#C C drops plastic bag,Unknown,Object Transfer,"The action of dropping the plastic bag is a deliberate placement onto a surface, which fits the criteria for 'Object Transfer'."
188381,712ef11e-dc19-4fe1-ae66-0d9ec934196e,2363.094219586329,#C C drops plastic bag,Unknown,Object Transfer,"The action of dropping the plastic bag is a deliberate placement onto a surface, which fits the criteria for 'Object Transfer'."
188384,712ef11e-dc19-4fe1-ae66-0d9ec934196e,2379.7230095863288,#C C drops plastic bag,Unknown,Object Transfer,"The action of dropping the plastic bag is a deliberate placement onto a surface, which fits the criteria for 'Object Transfer'."
188386,712ef11e-dc19-4fe1-ae66-0d9ec934196e,2381.7750495863284,#C C drops plastic bag,Unknown,Object Transfer,"The action of dropping the plastic bag is a deliberate placement onto a surface, which fits the criteria for 'Object Transfer'."
188388,712ef11e-dc19-4fe1-ae66-0d9ec934196e,2384.281719586329,#C C drops plastic bag,Unknown,Object Transfer,"The action of dropping the plastic bag is a deliberate placement onto a surface, which fits the criteria for 'Object Transfer'."
188390,712ef11e-dc19-4fe1-ae66-0d9ec934196e,2385.9620895863286,#C C drops plastic bag,Unknown,Object Transfer,"The action of dropping the plastic bag is a deliberate placement onto a surface, which fits the criteria for 'Object Transfer'."
188392,712ef11e-dc19-4fe1-ae66-0d9ec934196e,2389.0823795863284,#C C drops plastic bag,Unknown,Object Transfer,"The action of dropping the plastic bag is a deliberate placement onto a surface, which fits the criteria for 'Object Transfer'."
188394,712ef11e-dc19-4fe1-ae66-0d9ec934196e,2390.5118795863286,#C C drops plastic bag,Unknown,Object Transfer,"The action of dropping the plastic bag is a deliberate placement onto a surface, which fits the criteria for 'Object Transfer'."
188634,712ef11e-dc19-4fe1-ae66-0d9ec934196e,3599.99996226211,,Unknown,Stationary,"The current action appears to be a repetition of the previous action where the individual is merging the Lego toy, which is a stationary action."
188659,26054ab4-4967-47b5-9b6c-e8a62f9295e0,61.3778996,#C C forces his gloved left hand through the lampholder. #Unsure,Unknown,Object Transfer,"The action of forcing the gloved left hand through the lampholder suggests a deliberate placement or manipulation of the lampholder, which fits the 'Object Transfer' category."
188756,26054ab4-4967-47b5-9b6c-e8a62f9295e0,350.2610709546634,#C C drops the sachet in his gloved left hand in the nylon on the bed frame.,Unknown,Object Transfer,"The action of dropping the sachet onto the nylon on the bed frame indicates a deliberate placement, which fits the criteria for 'Object Transfer'."
189007,ab56f351-d122-4c20-b286-1ee5c91fe945,631.9886652666668,#C C drops the washing sponge,Unknown,Object Transfer,"The action of dropping the washing sponge onto a surface is a deliberate placement, which fits the criteria for 'Object Transfer'."
189081,ab56f351-d122-4c20-b286-1ee5c91fe945,852.1795552666667,#C C drops the tin,Unknown,Object Transfer,"The action of dropping the tin is a deliberate placement of the object onto a surface, which fits the criteria for 'Object Transfer'."
189082,ab56f351-d122-4c20-b286-1ee5c91fe945,854.1427852666667,#C C drops a nylon paper,Unknown,Object Transfer,"The action of dropping the nylon paper is a deliberate placement, similar to the previous action of dropping the tin."
189096,ab56f351-d122-4c20-b286-1ee5c91fe945,1033.6836752666668,#C C drops a piece of cloth,Unknown,Object Transfer,"The action of dropping a piece of cloth is a deliberate placement onto a surface, which fits the criteria for Object Transfer."
189190,457ddf5b-8154-4099-aadf-df0c08fe15a4,36.3991796,#C C fixes the camera,Unknown,Essential Operation,"Fixing the camera is a task-oriented action that involves adjusting or setting up the camera for a specific purpose, which can be considered an essential operation."
189233,457ddf5b-8154-4099-aadf-df0c08fe15a4,227.8367996,#C C fixes the camera,Unknown,Essential Operation,"Fixing the camera is a deliberate action aimed at ensuring the camera is properly set up or adjusted, which is a necessary operation for the task at hand."
189358,457ddf5b-8154-4099-aadf-df0c08fe15a4,820.1132409546634,#C C drops the remote,Unknown,Object Transfer,"The action of dropping the remote onto a surface is a deliberate placement, which fits the criteria for 'Object Transfer'."
189379,a4528822-10e4-4e2d-8912-f6638d14572d,3.96073,#C C drops the brake caliper on the motorcycle with his left hand.,Unknown,Object Transfer,"The action of dropping the brake caliper onto a surface is a deliberate placement, which fits the criteria for 'Object Transfer'."
189384,a4528822-10e4-4e2d-8912-f6638d14572d,6.48877,#C C drops the brake caliper on the motorcycle with his left hand.,Unknown,Object Transfer,"The action involves deliberately placing the brake caliper on the motorcycle, which fits the criteria for 'Object Transfer'."
189420,a4528822-10e4-4e2d-8912-f6638d14572d,85.53373,#C man X drops the washer on the C right hand.,Unknown,Object Transfer,"The current action involves dropping the washer onto the right hand, which is a deliberate placement of the object. This fits the criteria for 'Object Transfer'."
189480,a4528822-10e4-4e2d-8912-f6638d14572d,270.51654,#C C drops the headlight on a fender of the motorcycle,Unknown,Object Transfer,"The action of dropping the headlight onto the fender of the motorcycle is a deliberate placement, which fits the criteria for 'Object Transfer'."
189493,f522ce65-50a9-4119-9d49-57c32dea58f7,325.1050368438871,#C C drops the wood,Unknown,Object Transfer,"The action of dropping the wood is a deliberate placement onto a surface, which fits the criteria for 'Object Transfer'."
189582,f522ce65-50a9-4119-9d49-57c32dea58f7,480.531036843887,#C C drops the paper,Unknown,Object Transfer,"The action of dropping the paper is a deliberate placement onto a surface, which fits the criteria for 'Object Transfer'."
189704,f522ce65-50a9-4119-9d49-57c32dea58f7,1144.4129871449218,#C C drops plastic bag,Unknown,Object Transfer,"The action of dropping the plastic bag is a deliberate placement of the object onto a surface, which fits the criteria for 'Object Transfer'."
189756,f522ce65-50a9-4119-9d49-57c32dea58f7,1361.726067144922,#C C drops #unsure,Unknown,Object Transfer,"The action of dropping an object is a deliberate placement onto a surface, which fits the criteria for 'Object Transfer'."
189772,f522ce65-50a9-4119-9d49-57c32dea58f7,1399.6272759242188,#C C takes #unsure,Unknown,Object Transfer,"The current action involves C taking an object, which aligns with the previous actions of picking up and throwing objects. This suggests a consistent pattern of transferring objects."
189797,f522ce65-50a9-4119-9d49-57c32dea58f7,1461.1917659242183,#C C takes #unsure from the nylon,Unknown,Object Transfer,"The current action involves taking something from the nylon, which implies a transfer of an object."
189806,f522ce65-50a9-4119-9d49-57c32dea58f7,1488.5254459242187,#C C throws the nylon,Unknown,Object Transfer,"The action of throwing the nylon can be considered a form of deliberate placement or transfer of an object, even though it is being thrown rather than placed gently. The context suggests that C is moving objects (nuts and bolts) and the nylon is being treated as another object to be transferred."
189814,f522ce65-50a9-4119-9d49-57c32dea58f7,1499.2118459242188,#C C drops the rope,Unknown,Object Transfer,"The action of dropping the rope is a deliberate placement of the object onto a surface, which fits the criteria for 'Object Transfer'."
189993,1a7e6155-3613-4f55-865c-00e196db0da0,1219.5548942879968,#BB camas in with #unsure,Unknown,Stationary,"The current action describes a person ('#BB') coming into a scene with someone who is not clearly defined ('#unsure'). This action does not involve any movement, eating, or object manipulation, so it is classified as 'Stationary'."
190109,1a7e6155-3613-4f55-865c-00e196db0da0,3611.861535266668,#c c fix the camera,Unknown,Essential Operation,"The current action involves fixing the camera, which is a deliberate and purposeful action aimed at maintaining or adjusting an essential tool. This action does not fit into the 'Locomotion', 'Object Transfer', 'Search', or 'Stationary' categories as it is not about moving from one place to another, transferring objects, searching for something, or remaining in one place. Therefore, it is classified as an 'Essential Operation'."
190389,c6a3921a-1cf8-4d8e-94be-7c1b94641c65,272.79722860000004,#C C taps over the pillow,Unknown,Essential Operation,"Tapping over the pillow is likely an action to ensure the pillow is properly placed or adjusted, which falls under the category of Essential Operation."
190420,c6a3921a-1cf8-4d8e-94be-7c1b94641c65,369.0208124964845,#C C drops the duvet,Unknown,Object Transfer,"The action of dropping the duvet is a deliberate placement onto a surface, which fits the criteria for 'Object Transfer'."
190427,c6a3921a-1cf8-4d8e-94be-7c1b94641c65,398.59886249648446,#C C flops the duvet,Unknown,Stationary,"The action of flopping the duvet is a deliberate placement or manipulation of the duvet, which falls under the 'Stationary' category as it involves a stationary object being adjusted."
190447,c6a3921a-1cf8-4d8e-94be-7c1b94641c65,479.5198624964844,#C C drops the duvet,Unknown,Object Transfer,"The action of dropping the duvet is a deliberate placement onto a surface, which fits the criteria for Object Transfer."
190556,54389f9b-eff9-49e1-9da9-f2ad86254515,735.3558119333335,#C C drops the #unsure on the laundry machine,Unknown,Object Transfer,"The action of dropping the item onto the laundry machine is a deliberate placement, which fits the criteria for Object Transfer."
190558,54389f9b-eff9-49e1-9da9-f2ad86254515,749.0452819333334,#C C drops #unsure on the laundry machine,Unknown,Object Transfer,"The action involves deliberately placing an object onto a surface, which fits the definition of 'Object Transfer'."
191733,7e34a240-f880-42a1-ba19-79dba39a6cb0,514.91239,#C C drops the soap,Unknown,Essential Operation,"Dropping the soap is part of the hand-washing routine, which is an essential personal hygiene operation."
191740,7e34a240-f880-42a1-ba19-79dba39a6cb0,557.5876766666667,#C C drops a clothe,Unknown,Object Transfer,"The action of dropping a cloth is a deliberate placement of the object onto a surface, which fits the criteria for 'Object Transfer'."
191756,7e34a240-f880-42a1-ba19-79dba39a6cb0,589.3343966666666,#C C drops the tin,Unknown,Object Transfer,"The action of dropping the tin is a deliberate placement onto a surface, which fits the criteria for 'Object Transfer'."
191767,7e34a240-f880-42a1-ba19-79dba39a6cb0,621.3059066666667,#C C drops the packages,Unknown,Object Transfer,"The action of dropping the packages is a deliberate placement onto a surface, which fits the criteria for 'Object Transfer'."
191780,7e34a240-f880-42a1-ba19-79dba39a6cb0,662.7728866666666,#C C drops sunglasses,Unknown,Object Transfer,"The action of dropping sunglasses is a deliberate placement of an object onto a surface, which fits the criteria for 'Object Transfer'."
191788,7e34a240-f880-42a1-ba19-79dba39a6cb0,695.0158766666666,#C C drops a bottle,Unknown,Object Transfer,"The action of dropping a bottle is a deliberate placement of the object onto a surface, which fits the criteria for 'Object Transfer'."
191797,7e34a240-f880-42a1-ba19-79dba39a6cb0,725.9146066666667,#C C drops the packet,Unknown,Object Transfer,"The action of dropping the packet is a deliberate placement onto a surface, which fits the criteria for Object Transfer."
191804,7e34a240-f880-42a1-ba19-79dba39a6cb0,744.7062566666666,#C C drops mixed berries,Unknown,Object Transfer,"The action of dropping mixed berries onto a surface is a deliberate placement, which fits the criteria for 'Object Transfer'."
191805,7e34a240-f880-42a1-ba19-79dba39a6cb0,754.9183566666667,#C C drops the packet,Unknown,Object Transfer,"The action of dropping the packet is a deliberate placement onto a surface, which fits the criteria for 'Object Transfer'."
191806,7e34a240-f880-42a1-ba19-79dba39a6cb0,756.2745066666666,#C C shakes a bottle,Unknown,Object Transfer,"The action of shaking a bottle can be considered as a deliberate manipulation of the object, which fits the criteria for 'Object Transfer'."
191809,7e34a240-f880-42a1-ba19-79dba39a6cb0,775.8338966666666,#C C drops the bottle,Unknown,Object Transfer,"The action of dropping the bottle is a deliberate placement of the object onto a surface, which fits the criteria for 'Object Transfer'."
191839,7e34a240-f880-42a1-ba19-79dba39a6cb0,840.8734866666666,#C C drops the lid,Unknown,Object Transfer,"The action of dropping the lid is a deliberate placement of the object onto a surface, which fits the criteria for 'Object Transfer'."
191845,7e34a240-f880-42a1-ba19-79dba39a6cb0,896.1375166666667,#C C drops corn flakes,Unknown,Object Transfer,"The action of dropping corn flakes onto a surface is a deliberate placement, which fits the criteria for 'Object Transfer'."
191848,7e34a240-f880-42a1-ba19-79dba39a6cb0,911.1154066666668,#C C drops a cereal,Unknown,Object Transfer,"The action of dropping the cereal is a deliberate placement onto a surface, similar to the previous action of putting down the nylon bag."
191853,7e34a240-f880-42a1-ba19-79dba39a6cb0,932.7268266666669,#C C drops the nylon bag,Unknown,Object Transfer,"The action of dropping the nylon bag is a deliberate placement onto a surface, which fits the criteria for 'Object Transfer'."
191953,d2495931-34b0-4287-9e1a-f501c50580de,263.2239996,#C C drops the knife.,Unknown,Object Transfer,"The action of dropping the knife is a deliberate placement of the object onto a surface, which fits the criteria for 'Object Transfer'."
191968,d2495931-34b0-4287-9e1a-f501c50580de,290.5023809546634,#C C drops the knife.,Unknown,Object Transfer,"The action of dropping the knife is a deliberate placement of the object onto a surface, which fits the criteria for 'Object Transfer'."
191994,d2495931-34b0-4287-9e1a-f501c50580de,345.4745609546634,#C C drops the can.,Unknown,Object Transfer,"The action of dropping the can is a deliberate placement, which fits the criteria for 'Object Transfer'."
192006,d2495931-34b0-4287-9e1a-f501c50580de,361.6793809546634,#C C drops the wiper.,Unknown,Object Transfer,"The action of dropping the wiper is a deliberate placement onto a surface, which fits the criteria for Object Transfer."
192015,d2495931-34b0-4287-9e1a-f501c50580de,401.24965095466337,#C C drops the can opener.,Unknown,Object Transfer,"The action of dropping the can opener is a deliberate placement onto a surface, which fits the criteria for 'Object Transfer'."
192019,d2495931-34b0-4287-9e1a-f501c50580de,407.0319709546634,#C C drops the fork.,Unknown,Object Transfer,"The action of dropping the fork is a deliberate placement of the object onto a surface, which fits the criteria for 'Object Transfer'."
192047,d2495931-34b0-4287-9e1a-f501c50580de,491.4766109546634,#C C drops the knife.,Unknown,Object Transfer,"The action of dropping the knife is a deliberate placement of the object onto a surface, which fits the criteria for 'Object Transfer'."
192066,d2495931-34b0-4287-9e1a-f501c50580de,532.9819709546633,#C C drops the piece of celery,Unknown,Object Transfer,"The action of dropping the piece of celery is a deliberate placement of the object onto a surface, which fits the criteria for 'Object Transfer'."
192069,d2495931-34b0-4287-9e1a-f501c50580de,535.9909909546634,#C C drops the knife.,Unknown,Object Transfer,"The action of dropping the knife appears to be a deliberate placement of the object onto a surface, which fits the criteria for 'Object Transfer'."
192104,d2495931-34b0-4287-9e1a-f501c50580de,652.0610109546634,#C C drops the tomatoes.,Unknown,Essential Operation,"The action of dropping the tomatoes is part of the process of preparing or cooking them, which falls under the category of Essential Operation."
192117,d2495931-34b0-4287-9e1a-f501c50580de,695.3952409546634,#C C drops the knife.,Unknown,Object Transfer,"The action of dropping the knife is a deliberate placement of the object onto a surface, which fits the criteria for 'Object Transfer'."
192131,d2495931-34b0-4287-9e1a-f501c50580de,724.3861509546634,#C C drops the knife.,Unknown,Object Transfer,"The action of dropping the knife is a deliberate placement of the object onto a surface, which fits the criteria for 'Object Transfer'."
192268,d2495931-34b0-4287-9e1a-f501c50580de,1073.9703209546633,#C C drops the plate.,Unknown,Object Transfer,"The action of dropping the plate is a deliberate placement of the object onto a surface, which fits the criteria for 'Object Transfer'."
192270,d2495931-34b0-4287-9e1a-f501c50580de,1076.574410954663,#C C breaks a bag of orange.,Unknown,Essential Operation,"Breaking a bag of orange is an action that involves opening or destroying the bag to access the contents, which falls under the category of Essential Operation."
192311,d2495931-34b0-4287-9e1a-f501c50580de,1208.4759709546634,#C C drops the plate.,Unknown,Object Transfer,"The action of dropping the plate is a deliberate placement of the object onto a surface, which fits the criteria for 'Object Transfer'."
192343,d2495931-34b0-4287-9e1a-f501c50580de,1267.0435509546633,#C C drops the cucumber.,Unknown,Object Transfer,"The action of dropping the cucumber is a deliberate placement of the object onto a surface, which fits the criteria for 'Object Transfer'."
192362,d2495931-34b0-4287-9e1a-f501c50580de,1350.8179709546632,#C C drops the plate.,Unknown,Object Transfer,"The action of dropping the plate is a deliberate placement of the object onto a surface, which fits the criteria for 'Object Transfer'."
192391,d2495931-34b0-4287-9e1a-f501c50580de,1532.0679709546632,#C C drops the masher.,Unknown,Object Transfer,"The action of dropping the masher is a deliberate placement of the object onto a surface, which fits the criteria for 'Object Transfer'."
192422,d2495931-34b0-4287-9e1a-f501c50580de,1596.4524309546632,#C C drops the potatoes plate in the fridge.,Unknown,Object Transfer,"The action involves C placing the plate with potatoes into the fridge, which is a deliberate placement onto a surface."
192437,d2495931-34b0-4287-9e1a-f501c50580de,1618.8835909546633,#C C drops the spoon.,Unknown,Object Transfer,"The action of dropping the spoon is a deliberate placement of the object onto a surface, which fits the criteria for 'Object Transfer'."
192459,d2495931-34b0-4287-9e1a-f501c50580de,1676.4418309546631,#C C drops the plate.,Unknown,Object Transfer,"The action involves C dropping a plate onto a surface, which is a deliberate placement of an object."
192475,d2495931-34b0-4287-9e1a-f501c50580de,1741.978630954663,#C C drops the bowl of vegetable.,Unknown,Object Transfer,"The action involves moving the bowl of vegetables, which is a deliberate placement or transfer of an object."
192506,d2495931-34b0-4287-9e1a-f501c50580de,1805.285970954663,#C C drops the fork.,Unknown,Object Transfer,"The action of dropping the fork is a deliberate placement of the object onto a surface, which fits the criteria for 'Object Transfer'."
192516,d2495931-34b0-4287-9e1a-f501c50580de,1828.957270954663,#C C drops the spoon.,Unknown,Object Transfer,"The action of dropping the spoon is a deliberate placement of the object onto a surface, which fits the criteria for 'Object Transfer'."
192544,d2495931-34b0-4287-9e1a-f501c50580de,1881.5158609546631,#C C drops the meats wrap.,Unknown,Object Transfer,"The action of dropping the meat wrap is a deliberate placement of the object onto a surface, which fits the criteria for 'Object Transfer'."
192651,d2495931-34b0-4287-9e1a-f501c50580de,2362.3057309546634,#C C drops the knife on the water heater.,Unknown,Object Transfer,"The action of dropping the knife onto the water heater is a deliberate placement of the object, which fits the criteria for 'Object Transfer'."
193043,6b91041f-bd60-4738-8305-46b144ce725d,467.79296,#C C drops the nut on the workshop table with the end cutting plier in his left hand.,Unknown,Object Transfer,"The action involves deliberately placing the nut onto the workshop table, which fits the criteria for Object Transfer."
193297,efe942ae-6339-4646-b644-dbe76db177ca,1689.5221004074544,#C C drops sponge in bath tub,Unknown,Object Transfer,"The action of dropping the sponge into the bath tub is a deliberate placement of the object onto a surface, which fits the criteria for 'Object Transfer'."
193305,227165a6-277b-451c-bcda-1d2cf60577ab,308.5085151722657,#C C drops peel,Unknown,Object Transfer,"The action of dropping the peel is a deliberate placement of the object onto a surface, which fits the criteria for 'Object Transfer'."
193312,227165a6-277b-451c-bcda-1d2cf60577ab,325.06124517226567,#C C drops knife,Unknown,Object Transfer,"The action of dropping the knife is a deliberate placement of the object onto a surface, which fits the criteria for 'Object Transfer'."
193313,227165a6-277b-451c-bcda-1d2cf60577ab,326.36085517226564,#C C drops knife,Unknown,Object Transfer,"The action of dropping the knife is a deliberate placement of the object onto a surface, which fits the criteria for 'Object Transfer'."
193323,227165a6-277b-451c-bcda-1d2cf60577ab,344.7527251722656,#C C drops lid,Unknown,Object Transfer,"The action of dropping the lid is a deliberate placement of the object onto a surface, which fits the criteria for 'Object Transfer'."
193325,227165a6-277b-451c-bcda-1d2cf60577ab,375.6105151722657,#C C drops spoon,Unknown,Object Transfer,"The action of dropping a spoon is a deliberate placement of the object onto a surface, which fits the criteria for 'Object Transfer'."
193347,227165a6-277b-451c-bcda-1d2cf60577ab,429.4831151722657,#C C drops packet of pasta,Unknown,Object Transfer,"The action of dropping the packet of pasta is a deliberate placement onto a surface, which fits the criteria for Object Transfer."
193356,227165a6-277b-451c-bcda-1d2cf60577ab,457.0030151722657,#C C drops spoon,Unknown,Object Transfer,"The action of dropping the spoon is a deliberate placement onto a surface, which fits the criteria for Object Transfer."
193365,227165a6-277b-451c-bcda-1d2cf60577ab,494.1588351722656,#C C drops #unsure,Unknown,Object Transfer,"The action of dropping an object is a deliberate placement onto a surface, which fits the criteria for 'Object Transfer'."
193367,227165a6-277b-451c-bcda-1d2cf60577ab,496.15961517226566,#C C drops knife,Unknown,Object Transfer,"The action of dropping the knife is a deliberate placement onto a surface, which fits the criteria for 'Object Transfer'."
193380,227165a6-277b-451c-bcda-1d2cf60577ab,534.5094251722657,#C C drops spoon,Unknown,Object Transfer,"The action of dropping the spoon is a deliberate placement of the object onto a surface, which fits the criteria for 'Object Transfer'."
193382,227165a6-277b-451c-bcda-1d2cf60577ab,538.0432451722656,#C C drops cucumber,Unknown,Object Transfer,"The action of dropping the cucumber is a deliberate placement onto a surface, which fits the criteria for 'Object Transfer'."
193388,227165a6-277b-451c-bcda-1d2cf60577ab,548.3050851722656,#C C drops cucumber,Unknown,Object Transfer,"The action of dropping the cucumber is a deliberate placement onto a surface, which fits the criteria for 'Object Transfer'."
193391,227165a6-277b-451c-bcda-1d2cf60577ab,553.4734551722656,#C C drops sliced onion,Unknown,Object Transfer,"The action of dropping the sliced onion is a deliberate placement onto a surface, which fits the criteria for 'Object Transfer'."
193393,227165a6-277b-451c-bcda-1d2cf60577ab,557.5397851722657,#C C drops cucumber,Unknown,Object Transfer,"The action of dropping the cucumber onto a surface is a deliberate placement, which fits the criteria for 'Object Transfer'."
193459,1ea5b82f-85ab-4b05-8c55-9cc9ce9b542a,3.6627996,#C C drops the bunch of keys to his right.,Unknown,Object Transfer,"The action of dropping the bunch of keys onto a surface is a deliberate placement, which fits the criteria for 'Object Transfer'."
193548,1ea5b82f-85ab-4b05-8c55-9cc9ce9b542a,258.3840996,#C C drops the blue handle screw driver.,Unknown,Object Transfer,"The action involves dropping an object (the blue handle screwdriver), which indicates a deliberate placement onto a surface."
193673,2970b84a-d6cf-4593-a487-53f853f0418f,491.7753809546634,#C C drops the scissor on the ground,Unknown,Object Transfer,"The action of dropping the scissors onto the ground is a deliberate placement of the object onto a surface, which fits the criteria for 'Object Transfer'."
193675,2970b84a-d6cf-4593-a487-53f853f0418f,499.5293409546634,#C C does #unsure on the ground,Unknown,Object Transfer,"The action of 'C does #unsure on the ground' can be interpreted as a deliberate placement of an object onto the ground, which fits the criteria for 'Object Transfer'."
194176,72295d26-19f7-4c6a-874e-85ba8654861e,28.4379196,#C C drops lighter on circuit breaker box,Unknown,Object Transfer,"The action of dropping the lighter onto the circuit breaker box indicates a deliberate placement of the object, which fits the criteria for 'Object Transfer'."
194180,72295d26-19f7-4c6a-874e-85ba8654861e,57.9897196,#C C drops wire with left hand,Unknown,Object Transfer,"The action of dropping the wire with the left hand is a deliberate placement of the object onto a surface, which fits the criteria for 'Object Transfer'."
194345,72295d26-19f7-4c6a-874e-85ba8654861e,602.9165476213301,#C C drops the screw driver.,Unknown,Object Transfer,"The action of dropping the screwdriver is a deliberate placement of the object onto a surface, which fits the criteria for 'Object Transfer'."
194357,72295d26-19f7-4c6a-874e-85ba8654861e,644.33705762133,#C C drops the plier.,Unknown,Object Transfer,"The action of dropping the plier is a deliberate placement of the object onto a surface, which fits the criteria for 'Object Transfer'."
194369,72295d26-19f7-4c6a-874e-85ba8654861e,738.4188476213301,#C C drops the cut wires.,Unknown,Object Transfer,"The action of dropping the cut wires is a deliberate placement of the object onto a surface, which fits the criteria for 'Object Transfer'."
194384,72295d26-19f7-4c6a-874e-85ba8654861e,808.09691762133,#C C drops the screw driver.,Unknown,Object Transfer,"The action involves C dropping the screwdriver, which is a deliberate placement of an object onto a surface."
194388,72295d26-19f7-4c6a-874e-85ba8654861e,815.2408776213301,#C C drops the plier.,Unknown,Object Transfer,"The action of dropping the plier is a deliberate placement onto a surface, which fits the criteria for 'Object Transfer'."
194428,c8e1a3d0-517b-4553-9621-e14776992fde,47.3686086,#C C drops the cutting pliers on the ground.,Unknown,Object Transfer,"The action of dropping the cutting pliers onto the ground is a deliberate placement, which fits the criteria for 'Object Transfer'."
194474,c8e1a3d0-517b-4553-9621-e14776992fde,224.9457886,#C C drops the cutting pliers on the ground with his right hand.,Unknown,Object Transfer,"The action of dropping the cutting pliers onto the ground is a deliberate placement, which fits the criteria for 'Object Transfer'."
194491,c8e1a3d0-517b-4553-9621-e14776992fde,293.4229786,#C C drops the small flower pot on the ground.,Unknown,Object Transfer,"The action involves C dropping the small flower pot on the ground, which is a deliberate placement of an object onto a surface. This fits the criteria for 'Object Transfer'."
194588,c8e1a3d0-517b-4553-9621-e14776992fde,1355.63307762133,#C C drops the cutting pliers on the ground with his right hand.,Unknown,Object Transfer,"The action of dropping the cutting pliers onto the ground is a deliberate placement of the object, which fits the criteria for 'Object Transfer'."
194637,c8e1a3d0-517b-4553-9621-e14776992fde,1493.50605762133,#C C drops the soil in the vase,Unknown,Object Transfer,"The action involves deliberately placing the soil into the vase, which fits the definition of Object Transfer."
194641,c8e1a3d0-517b-4553-9621-e14776992fde,1497.26231762133,#C C drops the soil in the vase,Unknown,Object Transfer,"The action of dropping the soil into the vase is a deliberate placement, which fits the 'Object Transfer' category."
194643,c8e1a3d0-517b-4553-9621-e14776992fde,1499.10063762133,#C C drops the soil in the vase,Unknown,Object Transfer,"The action of dropping the soil into the vase is a deliberate placement, which fits the criteria for 'Object Transfer'."
194648,c8e1a3d0-517b-4553-9621-e14776992fde,1516.6926476213298,#C C drops the soil in the vase,Unknown,Object Transfer,"The action of dropping the soil into the vase is a deliberate placement, which fits the criteria for 'Object Transfer'."
194718,c8e1a3d0-517b-4553-9621-e14776992fde,2106.02693762133,#C C drops the dirt in his left hand,Unknown,Object Transfer,"The action of dropping the dirt in his left hand is a deliberate placement of the object (dirt) onto his hand, which fits the criteria for 'Object Transfer'."
194739,c8e1a3d0-517b-4553-9621-e14776992fde,2164.9893172879965,#C C drops the other seed in the other vase,Unknown,Object Transfer,"The action involves C dropping a seed into a vase, which is a deliberate placement action. This fits the criteria for 'Object Transfer' as it involves transferring an object (the seed) to a specific location (the vase)."
194834,c5edffc4-e7d4-44dc-839f-80c054f3141e,69.1340286,#C C drops the laundry bucket on the duvet cover,Unknown,Object Transfer,"The action involves deliberately placing the laundry bucket onto the duvet cover, which fits the criteria for an Object Transfer action."
195246,3ab6e09b-05ed-4678-91db-fb7b146248f2,114.0296986,#C C drops the phone,Unknown,Object Transfer,"The action of dropping the phone is a deliberate placement of the object onto a surface, which fits the criteria for 'Object Transfer'."
195292,356661f5-767b-495d-95c7-03dcc46f85c6,203.6825,#C C touches #unsure in the car.,Unknown,Essential Operation,"The action of touching an object in the car is likely an essential operation, such as adjusting a setting or interacting with a control."
195309,356661f5-767b-495d-95c7-03dcc46f85c6,398.76583,#C C opens the Ariel of the pad,Unknown,Stationary,"The action of opening the Ariel (likely referring to a cover or lid) of the pad is a deliberate placement or interaction with a stationary object, making 'Stationary' the most appropriate label."
195652,356661f5-767b-495d-95c7-03dcc46f85c6,3169.97738,#C C shakes off faucet,Unknown,Essential Operation,Shaking off the faucet after washing hands is part of the hand-washing routine and is an essential operation.
195655,356661f5-767b-495d-95c7-03dcc46f85c6,3176.083,#C C drops paper tissue,Unknown,Object Transfer,"The action of dropping a paper tissue is a deliberate placement onto a surface, which fits the criteria for 'Object Transfer'."
195658,356661f5-767b-495d-95c7-03dcc46f85c6,3178.23531,#C C drops paper tissue,Unknown,Object Transfer,"The action of dropping the paper tissue is a deliberate placement onto a surface, which fits the criteria for 'Object Transfer'."
195662,356661f5-767b-495d-95c7-03dcc46f85c6,3220.1978,#C C drops #unsure,Unknown,Object Transfer,"The action of dropping an object onto a surface is considered a deliberate placement, which falls under the 'Object Transfer' category."
195829,f7f7d2ae-5d75-4447-934d-1573f95b8f81,330.5465386,#C C picks peeled tomato from the floor,Unknown,Object Transfer,"The action involves picking up a peeled tomato from the floor, which is a deliberate retrieval of an object. This fits the 'Object Transfer' category as it involves moving an object from one location to another."
195855,f7f7d2ae-5d75-4447-934d-1573f95b8f81,363.6001086,#C C hits floor with hand,Unknown,Essential Operation,"The action of hitting the floor with a hand is likely an essential operation, such as a reflexive action or a gesture, rather than locomotion, object transfer, search, or a stationary action."
195874,f7f7d2ae-5d75-4447-934d-1573f95b8f81,402.4574486,#C C does # #unsure with hand,Unknown,Stationary,"The current action does not involve any movement or transfer of objects. It appears that the person is simply holding or resting their hand, which is a stationary action."
195935,f7f7d2ae-5d75-4447-934d-1573f95b8f81,498.8258186000001,#C C pours flour on the hand,Unknown,Object Transfer,"Pouring flour onto the hand is an action where C is deliberately placing the flour on a specific part of the body, which fits the criteria for Object Transfer."
195965,f7f7d2ae-5d75-4447-934d-1573f95b8f81,535.6271086,#C C does # #unsure with hand,Unknown,Essential Operation,"The current action involves an interaction with the hand, which is likely an essential operation such as touching, feeling, or adjusting the biscuit."
196058,f7f7d2ae-5d75-4447-934d-1573f95b8f81,642.5401193320909,#C C does # #unsure on the shelf,Unknown,Object Transfer,"The current action appears to be a continuation of the previous actions, where C is adjusting the box on the shelf. This suggests a deliberate placement or adjustment, which falls under the 'Object Transfer' category."
196156,f7f7d2ae-5d75-4447-934d-1573f95b8f81,772.2101193320908,#C C does # #unsure with hand,Unknown,Object Transfer,"The action described as '#C C does # #unsure with hand' likely involves the transfer or manipulation of an object using the hand, similar to the previous actions which were labeled as 'Object Transfer'."
196163,f7f7d2ae-5d75-4447-934d-1573f95b8f81,783.9007693320908,#C C does # #unsure with hand,Unknown,Object Transfer,"The action appears to involve C interacting with an object using their hand, which aligns with the previous actions where objects were being placed or picked up."
196170,f7f7d2ae-5d75-4447-934d-1573f95b8f81,791.4011493320909,#C C does # #unsure with hand,Unknown,Stationary,The current action does not involve any movement or transfer of objects. It appears to be a stationary action where the person is doing something with their hand but not moving or transferring any objects.
196360,f7f7d2ae-5d75-4447-934d-1573f95b8f81,1544.9677082281194,#C C shakes #unsure,Unknown,Essential Operation,"Shaking an object is typically considered an essential operation, such as mixing or activating the contents of the item."
196397,f7f7d2ae-5d75-4447-934d-1573f95b8f81,1624.9488482281197,#C C throws up the pasta,Unknown,Object Transfer,"The action of throwing up the pasta can be interpreted as a deliberate placement or transfer of the pasta from C's possession to another location, such as a plate or the ground."
196441,f7f7d2ae-5d75-4447-934d-1573f95b8f81,1705.1920670741208,#C C drops the clothe peg,Unknown,Object Transfer,"The action of dropping the cloth peg is a deliberate placement onto a surface, which fits the criteria for 'Object Transfer'."
197000,c7344db5-fc90-42b9-9dad-346dd3c5e4f0,722.8247152666667,#C C t0uches trash,Unknown,Object Transfer,"The action of touching the trash implies an interaction with an object, likely to move or place it somewhere, which fits the 'Object Transfer' category."
197391,c7344db5-fc90-42b9-9dad-346dd3c5e4f0,1669.0041086,#C C drops paper bag,Unknown,Object Transfer,"The action of dropping the paper bag is a deliberate placement onto a surface, which fits the criteria for 'Object Transfer'."
197399,c7344db5-fc90-42b9-9dad-346dd3c5e4f0,1687.9817386,#C C drops paper bags,Unknown,Object Transfer,"The current action involves the deliberate placement of the paper bag onto a surface, which fits the criteria for 'Object Transfer'."
197409,c7344db5-fc90-42b9-9dad-346dd3c5e4f0,1706.2650586,#C C drops paper bag,Unknown,Object Transfer,"The current action involves a deliberate placement of the paper bag onto a surface, which fits the criteria for 'Object Transfer'."
198013,39011e23-5fe4-41cd-b146-f3f9e3f3941a,1115.3462252666666,#C C drops the hand bag,Unknown,Object Transfer,"The action of dropping the handbag is a deliberate placement onto a surface, which fits the criteria for 'Object Transfer'."
198046,39011e23-5fe4-41cd-b146-f3f9e3f3941a,1246.5298252666666,#C C drops the scissor,Unknown,Object Transfer,"The action of dropping the scissor is a deliberate placement of the object onto a surface, which fits the criteria for 'Object Transfer'."
198070,39011e23-5fe4-41cd-b146-f3f9e3f3941a,1335.1452352666663,#C C drops #unsure in the tin,Unknown,Object Transfer,"The action of dropping an item into the tin is a deliberate placement, which fits the criteria for 'Object Transfer'."
198111,39011e23-5fe4-41cd-b146-f3f9e3f3941a,1522.2472952666667,#C C drops down the scissors,Unknown,Object Transfer,"The action of dropping the scissors onto a surface is a deliberate placement, which fits the criteria for 'Object Transfer'."
198141,39011e23-5fe4-41cd-b146-f3f9e3f3941a,1674.6485419333333,#C C throws thread,Unknown,Object Transfer,The action of throwing the thread suggests a deliberate placement or transfer of the object to a new location or surface.
198861,a5fbdb00-de6c-4a16-8c46-32a6333a4865,29.707649600000003,#C C drops the napkin.,Unknown,Object Transfer,"The action of dropping the napkin is a deliberate placement of the object onto a surface, which fits the criteria for 'Object Transfer'."
198864,a5fbdb00-de6c-4a16-8c46-32a6333a4865,32.7936696,#C C drops the napkin.,Unknown,Object Transfer,"The action of dropping the napkin is a deliberate placement onto a surface, which fits the criteria for 'Object Transfer'."
198867,a5fbdb00-de6c-4a16-8c46-32a6333a4865,36.184509600000005,#C C drops the napkin.,Unknown,Object Transfer,"The action of dropping the napkin is a deliberate placement onto a surface, which fits the criteria for 'Object Transfer'."
198870,a5fbdb00-de6c-4a16-8c46-32a6333a4865,47.9579196,#C C drops the napkin.,Unknown,Object Transfer,"The action of dropping the napkin is a deliberate placement onto a surface, which fits the criteria for 'Object Transfer'."
198947,a5fbdb00-de6c-4a16-8c46-32a6333a4865,357.4777009546634,#C C drops the glass cup on the kitchen slab.,Unknown,Object Transfer,"The action of dropping the glass cup onto the kitchen slab is a deliberate placement, which fits the criteria for 'Object Transfer'."
198995,a5fbdb00-de6c-4a16-8c46-32a6333a4865,697.0306176213301,#C C drops the stainless cup of milk.,Unknown,Object Transfer,"The action of dropping the stainless cup of milk is a deliberate placement of the object onto a surface, which fits the criteria for 'Object Transfer'."
199003,a5fbdb00-de6c-4a16-8c46-32a6333a4865,725.8083576213301,#C C drops the cup of coffee.,Unknown,Object Transfer,"The action of dropping the cup of coffee is a deliberate placement of the object onto a surface, which fits the criteria for 'Object Transfer'."
199320,d00c985e-9038-4e6d-912f-4daa938bbcc6,39.1365196,#C C drops the wood.,Unknown,Object Transfer,"The action of dropping the wood is a deliberate placement of the object onto a surface, which fits the criteria for 'Object Transfer'."
199357,73139ac7-aa0a-4119-bf90-81a94a3f8c55,157.22683,#C C drops nylon bag,Unknown,Object Transfer,"The action of dropping the nylon bag is a deliberate placement of the object onto a surface, which fits the criteria for 'Object Transfer'."
199367,73139ac7-aa0a-4119-bf90-81a94a3f8c55,209.61924,#C C drops reflective jacket,Unknown,Object Transfer,"The action of dropping the reflective jacket is a deliberate placement of the object onto a surface, which fits the criteria for 'Object Transfer'."
199368,73139ac7-aa0a-4119-bf90-81a94a3f8c55,212.16909,#C C drops purse,Unknown,Object Transfer,"The action of dropping the purse is a deliberate placement of the object onto a surface, which fits the criteria for 'Object Transfer'."
199369,73139ac7-aa0a-4119-bf90-81a94a3f8c55,214.34102,#C C Drops book,Unknown,Object Transfer,"The action of dropping an object (reflective jacket, purse, and book) indicates a deliberate placement onto a surface, which fits the criteria for 'Object Transfer'."
199381,73139ac7-aa0a-4119-bf90-81a94a3f8c55,268.31086,#C C drops purse,Unknown,Object Transfer,"The action of dropping a purse is a deliberate placement onto a surface, which fits the criteria for Object Transfer."
199382,73139ac7-aa0a-4119-bf90-81a94a3f8c55,272.61922,#C C drops pen,Unknown,Object Transfer,"The action of dropping an object (purse and pen) indicates a deliberate placement onto a surface, which fits the criteria for 'Object Transfer'."
199383,73139ac7-aa0a-4119-bf90-81a94a3f8c55,274.68902,#C C drops car phone holder,Unknown,Object Transfer,"The action of dropping the car phone holder is a deliberate placement onto a surface, which fits the criteria for 'Object Transfer'."
199385,73139ac7-aa0a-4119-bf90-81a94a3f8c55,283.56519,#C C drops an umbrella,Unknown,Object Transfer,"The action of dropping an object onto a surface is a deliberate placement, which fits the criteria for 'Object Transfer'."
199386,73139ac7-aa0a-4119-bf90-81a94a3f8c55,287.18749,#C C drops bag,Unknown,Object Transfer,"The action of dropping an object onto a surface, such as a bag, is a deliberate placement and can be classified as 'Object Transfer'."
199464,73005180-4af4-48a3-8c9a-f4afe2b99c58,820.8733466666667,#C C touches needle too,Unknown,Object Transfer,"The action of touching the needle can be interpreted as a deliberate placement or interaction with an object, which fits the 'Object Transfer' category."
199957,ce2cf2f6-24aa-4195-93a6-f82b283815e6,54.8843186,#C C tangles the water hose.,Unknown,Object Transfer,"The action of tangling the water hose suggests a deliberate manipulation of the object, which fits the criteria for 'Object Transfer'."
200200,bf9354ab-541d-4c1c-aa3e-8a3bfd8fb51b,18.18242,#O A man x interacts with c,Unknown,Object Transfer,"The action describes the man interacting with an object, which suggests a deliberate placement or manipulation of the object."
200202,bf9354ab-541d-4c1c-aa3e-8a3bfd8fb51b,25.15389,#O A man x interacts with c,Unknown,Essential Operation,"The action describes the man interacting with an object 'c', which typically indicates an essential operation such as using or manipulating an object."
200281,bf9354ab-541d-4c1c-aa3e-8a3bfd8fb51b,649.7338933333333,#O A man x interacts with c,Unknown,Essential Operation,"The current action describes a man interacting with an object, which typically involves performing an essential operation such as using or manipulating the object."
200333,bf9354ab-541d-4c1c-aa3e-8a3bfd8fb51b,1010.3467533333334,#O A man x interacts with c,Unknown,Essential Operation,"The current action describes the man interacting with an object, which is likely an essential operation such as stopping to adjust something or performing a necessary task."
200335,bf9354ab-541d-4c1c-aa3e-8a3bfd8fb51b,1037.2069433333334,#O A man x interacts with c,Unknown,Essential Operation,"The action 'interacts with c' suggests that the man is performing a task or operation that is essential to his current context, such as adjusting clothing, using a device, or engaging with an object. This action does not fit into the categories of Locomotion, Object Transfer, Search, or Stationary, and thus 'Essential Operation' is the most appropriate label."
200506,b92eee0d-6b89-4424-a059-8ddd989b048b,1479.2248376213302,#C C does #unsure,Unknown,Essential Operation,"The current action appears to be a continuation of the previous essential operation, which involves fixing or adjusting the spanner on the wheel bolts."
200510,b92eee0d-6b89-4424-a059-8ddd989b048b,1513.95227762133,#C C does #unsure,Unknown,Stationary,C going under the vehicle suggests a change from movement to a stationary position to perform an action or inspect something.
200511,b92eee0d-6b89-4424-a059-8ddd989b048b,1559.84993762133,#C C fixes #unsure,Unknown,Essential Operation,"The current action involves C fixing something that was previously unsure, which suggests a necessary operation or task being completed."
200701,ce19b572-7341-426a-8c2f-fe067344c98d,795.2060833333334,#O A lady G does #unsure,Unknown,Stationary,"The current action describes a lady pausing or hesitating, which indicates a stationary state."
200825,ce19b572-7341-426a-8c2f-fe067344c98d,1321.6981766666668,#O A man J does #unsure,Unknown,Search,"The current action describes a person looking unsure, which is consistent with the previous actions where the subject was looking around and at objects. This suggests a continuation of the search behavior."
200833,ce19b572-7341-426a-8c2f-fe067344c98d,1336.7444666666663,#O A man J does #unsure,Unknown,Locomotion,"The sequence shows a pattern of movement, with the man stepping forward and pushing the trolley. The current action, although uncertain, still indicates a movement action, which fits under the Locomotion category."
200838,ce19b572-7341-426a-8c2f-fe067344c98d,1350.1440366666666,#O A man J does #unsure,Unknown,Locomotion,"The current action describes a person (A man J) performing a movement (steps forward), which aligns with the 'Locomotion' category."
201565,18fc3782-9929-4df3-b6c9-40943de4c22d,1246.213498456831,#C C takes #unsure,Unknown,Essential Operation,"The current action continues the pattern of cleaning the wall, which is consistent with the previous actions classified as 'Essential Operation'."
202804,0aff43b9-4b48-45f9-b67d-086f9390d8e2,31.99988,#C C drops the motorcycle battery on the ground with his right hand.,Unknown,Object Transfer,"The action involves deliberately placing the motorcycle battery on the ground, which fits the definition of an Object Transfer."
202964,6cd747b9-9f90-4642-b848-e16a353e28f4,254.3667786,#O Man Q drops a lid of #unsure,Unknown,Object Transfer,"The action of dropping a lid is a deliberate placement onto a surface, which fits the criteria for 'Object Transfer'."
202982,6cd747b9-9f90-4642-b848-e16a353e28f4,287.3122686186585,#C C drops wooden spoon,Unknown,Object Transfer,"The action of dropping the wooden spoon is a deliberate placement of the object onto a surface, which fits the criteria for 'Object Transfer'."
202990,6cd747b9-9f90-4642-b848-e16a353e28f4,297.54698861865853,#C C drops strainer,Unknown,Object Transfer,"The action of dropping the strainer onto a surface is a deliberate placement, which fits the criteria for Object Transfer."
202992,6cd747b9-9f90-4642-b848-e16a353e28f4,300.54887861865853,#C C drops #Unsure,Unknown,Object Transfer,"The action of dropping the strainer is a deliberate placement onto a surface, which fits the criteria for 'Object Transfer'."
202996,6cd747b9-9f90-4642-b848-e16a353e28f4,305.6603786186585,#C C drops cloth,Unknown,Object Transfer,"The action of dropping the cloth onto a surface is a deliberate placement, which fits the criteria for 'Object Transfer'."
203000,6cd747b9-9f90-4642-b848-e16a353e28f4,313.1887686186585,#O woman B drops spoon,Unknown,Object Transfer,"The action of dropping a spoon is a deliberate placement of the object onto a surface, which fits the criteria for 'Object Transfer'."
203001,6cd747b9-9f90-4642-b848-e16a353e28f4,313.6642486186585,#C C drops spoon,Unknown,Object Transfer,"The action of dropping a spoon is a deliberate placement onto a surface, which fits the criteria for 'Object Transfer'."
203008,6cd747b9-9f90-4642-b848-e16a353e28f4,344.6967786186585,#C C drops spoon,Unknown,Object Transfer,"The action of dropping the spoon is a deliberate placement of the object onto a surface, which fits the criteria for 'Object Transfer'."
203010,6cd747b9-9f90-4642-b848-e16a353e28f4,345.5372486186585,#O woman B drops cloth,Unknown,Object Transfer,"The action of dropping the cloth is a deliberate placement onto a surface, which fits the criteria for 'Object Transfer'."
203016,6cd747b9-9f90-4642-b848-e16a353e28f4,359.2973386186585,#C C drops bottle,Unknown,Object Transfer,"The action of dropping a bottle is a deliberate placement of the object onto a surface, which fits the criteria for 'Object Transfer'."
203048,6cd747b9-9f90-4642-b848-e16a353e28f4,452.91803861865856,#C C drops pan,Unknown,Object Transfer,"The action of dropping the pan onto a surface is a deliberate placement, which fits the criteria for 'Object Transfer'."
203056,6cd747b9-9f90-4642-b848-e16a353e28f4,472.31667861865856,#C C drops masher,Unknown,Object Transfer,"The action of dropping the masher is a deliberate placement of the object onto a surface, which fits the criteria for 'Object Transfer'."
203059,6cd747b9-9f90-4642-b848-e16a353e28f4,482.1447386186585,#C C drops strainer,Unknown,Object Transfer,"The action of dropping the strainer onto a surface is a deliberate placement, which fits the criteria for 'Object Transfer'."
203070,6cd747b9-9f90-4642-b848-e16a353e28f4,533.928761951992,#C C drops butter,Unknown,Object Transfer,"The action of dropping the butter is a deliberate placement of the object onto a surface, which fits the criteria for 'Object Transfer'."
203072,6cd747b9-9f90-4642-b848-e16a353e28f4,536.2136819519919,#C C drops butter,Unknown,Object Transfer,"The action of dropping butter is a deliberate placement of the butter onto a surface, which fits the criteria for 'Object Transfer'."
203075,6cd747b9-9f90-4642-b848-e16a353e28f4,539.8389019519919,#C C drops butter,Unknown,Object Transfer,"The action of dropping the butter is a deliberate placement onto a surface, which fits the criteria for 'Object Transfer'."
203842,99482472-b8cc-47c9-9f54-e0ff4e42182b,1541.7372542879966,#C c presses uncertain,Unknown,Stationary,"The action 'presses uncertain' does not indicate any movement or operation with an object. It suggests the person is in a stationary position, possibly hesitating or thinking."
204265,af17c6b9-c00e-4f68-ba79-78a6f9085c62,366.63111526666665,#C C drops the sponge,Unknown,Object Transfer,"The action of dropping the sponge is a deliberate placement of the object onto a surface, which fits the criteria for 'Object Transfer'."
204332,af17c6b9-c00e-4f68-ba79-78a6f9085c62,494.0145452666666,#C C drops the sponge,Unknown,Object Transfer,"The action of dropping the sponge is a deliberate placement of the object onto a surface, which fits the criteria for 'Object Transfer'."
204339,af17c6b9-c00e-4f68-ba79-78a6f9085c62,500.41279526666665,#C C drops the sponge,Unknown,Object Transfer,"The action of dropping the sponge is a deliberate placement onto a surface, which fits the criteria for Object Transfer."
204349,af17c6b9-c00e-4f68-ba79-78a6f9085c62,513.7022352666667,#C C drops sponge,Unknown,Object Transfer,"The action of dropping the sponge onto a surface is a deliberate placement, which fits the criteria for 'Object Transfer'."
204353,af17c6b9-c00e-4f68-ba79-78a6f9085c62,519.5233352666668,#C C drops sponge,Unknown,Object Transfer,"The action of dropping the sponge onto a surface is a deliberate placement, which fits the criteria for 'Object Transfer'."
204363,af17c6b9-c00e-4f68-ba79-78a6f9085c62,543.2562452666666,#C C drops the sponge,Unknown,Essential Operation,"Dropping the sponge is a part of the cleaning process, which falls under essential operations such as washing."
204656,802e8f99-1e19-489c-9256-496bbd13e1fd,3.4358986,#C C touches the wet wipe,Unknown,Essential Operation,"The action of touching a wet wipe is considered an essential operation as it is likely part of a routine or necessary task, such as cleaning or applying the wipe for hygiene purposes."
204657,802e8f99-1e19-489c-9256-496bbd13e1fd,4.8526086,#C C ends down,Unknown,Stationary,"The current action describes C ending down, which implies a stationary position."
204768,1bec800a-c3cf-431f-bf0a-7632ad53bcb7,27.854645266666665,#C C drops the left hand,Unknown,Object Transfer,"The action of dropping the left hand can be interpreted as a deliberate placement of the hand onto a surface, such as a countertop or the body itself."
204934,1bec800a-c3cf-431f-bf0a-7632ad53bcb7,1097.6328252666667,#C C drops paper,Unknown,Object Transfer,"The action of dropping the paper is a deliberate placement onto a surface, which fits the criteria for Object Transfer."
204938,1bec800a-c3cf-431f-bf0a-7632ad53bcb7,1102.703895266667,#C C drops paper,Unknown,Object Transfer,"The action of dropping a paper is a deliberate placement onto a surface, which fits the criteria for 'Object Transfer'."
204940,1bec800a-c3cf-431f-bf0a-7632ad53bcb7,1104.0631752666666,#C C drops stapler,Unknown,Object Transfer,"The action of dropping the stapler is a deliberate placement onto a surface, which fits the criteria for 'Object Transfer'."
204944,1bec800a-c3cf-431f-bf0a-7632ad53bcb7,1113.3346552666667,#C C drops stapler,Unknown,Object Transfer,"The action of dropping the stapler is a deliberate placement of the object onto a surface, which fits the criteria for 'Object Transfer'."
204950,1bec800a-c3cf-431f-bf0a-7632ad53bcb7,1125.764055266667,#C C drops #unsure,Unknown,Object Transfer,"The action of dropping an object is a deliberate placement onto a surface, which fits the criteria for Object Transfer."
205206,b0f8ab26-96ea-4c96-8371-922fe32a9115,306.4294009546634,#C C drops the bicycle tyre with his left hand.,Unknown,Object Transfer,"The action involves deliberately placing the bicycle tyre onto a surface, which fits the criteria for Object Transfer."
205264,b0f8ab26-96ea-4c96-8371-922fe32a9115,512.6586109546635,#C C drops the bicycle tyre with both hands.,Unknown,Object Transfer,"The action involves deliberately placing the bicycle tyre onto a surface, which fits the criteria for Object Transfer."
205349,b0f8ab26-96ea-4c96-8371-922fe32a9115,1027.6440452666666,#C C drops the frame on the third bicycle with his right hand.,Unknown,Object Transfer,"The action of dropping the frame onto the bicycle is a deliberate placement, which fits the criteria for 'Object Transfer'."
205377,b0f8ab26-96ea-4c96-8371-922fe32a9115,1170.9193442879966,#C C drops the bottle of sheen on the worktable.,Unknown,Object Transfer,"The action involves deliberately placing the bottle of sheen onto the worktable, which fits the criteria for Object Transfer."
205475,b6e2e728-11f9-46c0-9fc8-490ea1a905ae,415.3727752666667,#C C hits the table with his thumb,Unknown,Essential Operation,"The action of hitting the table with his thumb could be considered a minor, possibly habitual, action that does not significantly alter the environment or involve deliberate placement. It is more aligned with an Essential Operation as it could be part of a routine or a reflex action."
205542,b6e2e728-11f9-46c0-9fc8-490ea1a905ae,1059.0796552666666,#C C hits fingers on the table,Unknown,Stationary,The action of hitting fingers on the table is a minor interaction with the environment and does not involve movement or a deliberate action that would classify it under other categories.
205592,b6e2e728-11f9-46c0-9fc8-490ea1a905ae,1431.7088119333332,#C C fixes camera,Unknown,Stationary,"The action 'fixes camera' indicates that the person is making adjustments or setting up the camera, which is a stationary activity."
205756,b6e2e728-11f9-46c0-9fc8-490ea1a905ae,2718.7289886000003,#C C drops the knife,Unknown,Object Transfer,"The action of dropping the knife is a deliberate placement of the object onto a surface, which fits the criteria for 'Object Transfer'."
205762,b6e2e728-11f9-46c0-9fc8-490ea1a905ae,2740.8006586,#C C drops a knife,Unknown,Object Transfer,"The action of dropping a knife is a deliberate placement of the object onto a surface, which fits the criteria for 'Object Transfer'."
205767,b6e2e728-11f9-46c0-9fc8-490ea1a905ae,2764.4437586000004,#C C drops the knife,Unknown,Object Transfer,"The action of dropping the knife is a deliberate placement of the object onto a surface, which fits the criteria for 'Object Transfer'."
205775,b6e2e728-11f9-46c0-9fc8-490ea1a905ae,2788.4804486000003,#C C drops the knife,Unknown,Object Transfer,"The action of dropping the knife is a deliberate placement of the object onto a surface, which fits the criteria for 'Object Transfer'."
205779,b6e2e728-11f9-46c0-9fc8-490ea1a905ae,2794.2018486,#C C drops the knife,Unknown,Object Transfer,"The action of dropping the knife is a deliberate placement of the object onto a surface, which fits the criteria for 'Object Transfer'."
205785,b6e2e728-11f9-46c0-9fc8-490ea1a905ae,2857.3601986000003,#C C drops a knife,Unknown,Object Transfer,"The action of dropping a knife is a deliberate placement of the object onto a surface, which fits the criteria for 'Object Transfer'."
205794,b6e2e728-11f9-46c0-9fc8-490ea1a905ae,2876.1967286000004,#C C drops the bottle of soap,Unknown,Object Transfer,"The action of dropping the bottle of soap is a deliberate placement of the object onto a surface, which fits the criteria for 'Object Transfer'."
205820,b6e2e728-11f9-46c0-9fc8-490ea1a905ae,3212.0745886000004,#C C drops #unsure,Unknown,Object Transfer,"The action of dropping an object onto a surface is considered a deliberate placement, which falls under the 'Object Transfer' category."
206016,b1076795-4132-40a4-add7-259006b85b18,474.213852915034,#C C closes the dog,Unknown,Essential Operation,
206052,8141fd19-b419-4f2c-a432-e2bb5fbad9b4,64.16364,#C C drops fuses on the hand.,Unknown,Object Transfer,"The action involves deliberately placing the fuse package onto the hand, which fits the criteria for an Object Transfer."
206243,8141fd19-b419-4f2c-a432-e2bb5fbad9b4,954.9482566666668,#C C throws down a plug.,Unknown,Object Transfer,"The action of throwing down a plug can be considered a form of deliberate placement, even though it is more forceful than simply placing it down. This action involves moving an object (the plug) from C's possession to a surface, which fits the definition of an Object Transfer."
206276,8141fd19-b419-4f2c-a432-e2bb5fbad9b4,1097.7350033333332,#C C drops screw driver to the floor,Unknown,Object Transfer,"The action of dropping the screwdriver onto the floor is a deliberate placement of the object, which fits the criteria for 'Object Transfer'."
206290,8141fd19-b419-4f2c-a432-e2bb5fbad9b4,1114.2582733333334,#C male B gives # #unsure to C,Unknown,Object Transfer,"The current action describes a transfer of an object (likely the screwdriver) from one hand to another, which fits the 'Object Transfer' category."
206351,8141fd19-b419-4f2c-a432-e2bb5fbad9b4,1335.6246233333334,#O male R does # #unsure,Unknown,Essential Operation,"The current action appears to be a continuation of the previous essential operations, such as adjusting and inserting cables. The action involves a person (male R) performing a task that seems to be related to cable management, which is an essential operation."
207076,b79a27cf-4e81-4ae1-8cf8-029711cb1bb7,396.1872186000001,#C C shakes #unsure,Unknown,Stationary,"Shaking an object is often a stationary action, as it does not involve movement from one location to another or a deliberate placement."
207097,b79a27cf-4e81-4ae1-8cf8-029711cb1bb7,523.1834586,#C C breaks an eggshell,Unknown,Essential Operation,"The current action involves breaking an eggshell, which is a necessary step in the process of using the egg (e.g., for cooking or adding to a recipe). This action is best categorized under 'Essential Operation' as it is a fundamental step in the task at hand."
207100,b79a27cf-4e81-4ae1-8cf8-029711cb1bb7,529.7531586,#C C breaks an eggshell,Unknown,Essential Operation,"Breaking an eggshell is part of the process of obtaining the egg yolk, which is an essential operation in food preparation."
207122,b79a27cf-4e81-4ae1-8cf8-029711cb1bb7,604.479909077487,#C C hits the basin,Unknown,Essential Operation,"The action of hitting the basin is likely part of the mixing or preparation process, which falls under the category of Essential Operation."
208375,e6b7692d-5e35-4524-8d2a-385475b95806,1516.2821800000002,#O man T drops the receipt,Unknown,Object Transfer,"The action of dropping the receipt is a deliberate placement onto a surface, which fits the criteria for Object Transfer."
208432,e6b7692d-5e35-4524-8d2a-385475b95806,1913.854916666667,#O person X touches the computer,Unknown,Essential Operation,"The action of touching the computer is likely an essential operation, such as turning it on, using it, or interacting with it."
208595,e6b7692d-5e35-4524-8d2a-385475b95806,3701.91978,#C C drops headband,Unknown,Object Transfer,"The action of dropping the headband is a deliberate placement of the object onto a surface, which fits the criteria for 'Object Transfer'."
208681,8d27f903-5c76-4a63-9d0b-2ff2d29ae9a9,205.8990796,#C C shakes #unsure,Unknown,Stationary,Shaking an object is a stationary action as it involves holding and moving the object in place without changing location.
208689,8d27f903-5c76-4a63-9d0b-2ff2d29ae9a9,272.5097996,#C C shakes #unsure,Unknown,Stationary,Shaking an object is typically a stationary action where the person is holding and shaking something without moving to a different location or performing a locomotion action.
209347,67b78a5b-ab72-4483-95c4-33e837013e93,3283.7304376213306,#C c inserts uncertain,Unknown,Object Transfer,"The current action describes an action where an object (uncertain) is being inserted, which aligns with the definition of 'Object Transfer' as a deliberate placement or interaction with an object."
209348,67b78a5b-ab72-4483-95c4-33e837013e93,3292.1464176213303,#C c pulls uncertain,Unknown,Object Transfer,"The action of pulling an object is consistent with the previous action of inserting an object, suggesting that c is manipulating an object rather than moving or searching."
209349,67b78a5b-ab72-4483-95c4-33e837013e93,3294.6892876213305,#C c picks uncertain,Unknown,Object Transfer,"The action of picking up an object is often a deliberate placement or transfer of the object. In the context of the previous actions, it seems like the person is interacting with an object in a series of deliberate movements."
209354,67b78a5b-ab72-4483-95c4-33e837013e93,3341.86153762133,#C c inserts uncertain,Unknown,Object Transfer,"The current action describes 'inserts uncertain', which likely means the person is placing or inserting an object into something. This fits the description of a deliberate placement, hence the label 'Object Transfer'."
209355,67b78a5b-ab72-4483-95c4-33e837013e93,3347.6634476213303,#C c pulls uncertain,Unknown,Locomotion,"The current action describes a movement (pulling) that is consistent with the previous actions of walking. These actions are all forms of movement from one location to another, which falls under the 'Locomotion' category."
209356,67b78a5b-ab72-4483-95c4-33e837013e93,3349.5006776213304,#C c inserts uncertain,Unknown,Essential Operation,"The action of 'inserting' typically involves placing an object into another object or a specific location, which is considered an essential operation."
209604,2991b1be-bdae-4fa4-a529-ac46cefb4487,772.0062076213301,#C C touches her face with her left hand. #unsure,Unknown,Essential Operation,"Touching one's face is often an essential operation such as wiping one's face or adjusting glasses, which are necessary for comfort or vision."
209823,c6534c1f-765e-42e7-86f4-da210d5211c3,1057.0652133333333,#O A man X hits the forehead,Unknown,Stationary,"The action of hitting the forehead is a stationary action as it does not involve movement from one location to another, nor does it involve transferring objects, searching, or essential operations."
210310,127392a3-036a-4af6-9db9-ca00141229db,16.519759600000004,#C C drops the wire on his left hand.,Unknown,Object Transfer,"The action of dropping the wire onto his left hand is a deliberate placement of the object, which fits the criteria for 'Object Transfer'."
210374,127392a3-036a-4af6-9db9-ca00141229db,298.0705309546634,#C C drops the drilling machine.,Unknown,Object Transfer,"The action of dropping the drilling machine is a deliberate placement of the object onto a surface, which fits the criteria for 'Object Transfer'."
210380,127392a3-036a-4af6-9db9-ca00141229db,319.9733309546634,#C C drops the wire plugs.,Unknown,Object Transfer,"The action of dropping the wire plugs onto a surface can be considered a deliberate placement, which fits the criteria for 'Object Transfer'."
210403,127392a3-036a-4af6-9db9-ca00141229db,461.5309309546634,#C C drops the plier and the plastic material. #unsure,Unknown,Object Transfer,"The action of dropping the plier and the plastic material onto a surface can be considered a deliberate placement, which fits the criteria for 'Object Transfer'."
210425,127392a3-036a-4af6-9db9-ca00141229db,552.5044956213301,#C C drops the plier.,Unknown,Object Transfer,"The action of dropping the plier is a deliberate placement of the object onto a surface, which fits the criteria for 'Object Transfer'."
210428,127392a3-036a-4af6-9db9-ca00141229db,555.24416562133,#C C drops the drilling machine wire plug.,Unknown,Object Transfer,"The action of dropping the drilling machine wire plug is a deliberate placement onto a surface, which fits the criteria for 'Object Transfer'."
210429,127392a3-036a-4af6-9db9-ca00141229db,555.82115562133,#C C losses the wire plug from the scaffold rod.,Unknown,Object Transfer,"The action describes C losing the wire plug from the scaffold rod, which implies a deliberate placement or dropping of the object onto a surface."
210432,127392a3-036a-4af6-9db9-ca00141229db,577.30615762133,#C C drops the wire plug in his right hand.,Unknown,Object Transfer,"The action of dropping the wire plug is a deliberate placement of the object onto a surface, which fits the criteria for 'Object Transfer'."
210434,127392a3-036a-4af6-9db9-ca00141229db,584.36050762133,#C C drops the drilling machine.,Unknown,Object Transfer,"The action of dropping the drilling machine indicates a deliberate placement of the object onto a surface, which fits the criteria for 'Object Transfer'."
210446,127392a3-036a-4af6-9db9-ca00141229db,623.5443376213301,#C C drops the measuring tape on his left hand on the next step of the scaffold.,Unknown,Object Transfer,"The action involves C deliberately placing the measuring tape on the next step of the scaffold, which fits the criteria for Object Transfer."
210457,127392a3-036a-4af6-9db9-ca00141229db,647.88294762133,#C C drops the rod.,Unknown,Object Transfer,"The action of dropping the rod is a deliberate placement of the object onto a surface, which fits the criteria for 'Object Transfer'."
210615,c864505c-9d49-4da4-bf7e-254b4c348c03,424.6376109546634,#C C drops a glass on the countertop,Unknown,Object Transfer,"The action involves deliberately placing an object (dropping a glass) onto a surface (countertop), which fits the definition of 'Object Transfer'."
210625,c864505c-9d49-4da4-bf7e-254b4c348c03,444.39721095466336,#C C drops a cup on #unsure,Unknown,Object Transfer,"The action of dropping a cup onto a surface is a deliberate placement, which fits the criteria for 'Object Transfer'."
210747,c864505c-9d49-4da4-bf7e-254b4c348c03,829.24839762133,#C C touches #unsure in a tin,Unknown,Stationary,The action of touching something inside a tin does not indicate movement or a change in the state of the object. It is more likely a stationary action where C is examining or feeling the contents of the tin.
210748,c864505c-9d49-4da4-bf7e-254b4c348c03,831.7059576213301,#C C drops a bucket,Unknown,Object Transfer,"The action of dropping a bucket is a deliberate placement of the object onto a surface, which fits the criteria for 'Object Transfer'."
210760,c864505c-9d49-4da4-bf7e-254b4c348c03,860.9855376213301,#C C drops a bottle,Unknown,Object Transfer,"The action of dropping a bottle is a deliberate placement of the object onto a surface, which fits the criteria for 'Object Transfer'."
210787,c864505c-9d49-4da4-bf7e-254b4c348c03,1012.53309762133,#C C drops a scrubber,Unknown,Object Transfer,"The action of dropping a scrubber onto a surface is a deliberate placement, which fits the criteria for Object Transfer."
210799,c864505c-9d49-4da4-bf7e-254b4c348c03,1035.9225976213302,#C C drops a scrubber,Unknown,Object Transfer,"The action of dropping a scrubber is a deliberate placement of the object onto a surface, which fits the criteria for 'Object Transfer'."
210801,c864505c-9d49-4da4-bf7e-254b4c348c03,1040.2397876213302,#C C drops a bucket,Unknown,Object Transfer,"The action of dropping a bucket is a deliberate placement of the object onto a surface, which fits the criteria for 'Object Transfer'."
210806,c864505c-9d49-4da4-bf7e-254b4c348c03,1046.87535762133,#C C drops #unsure,Unknown,Object Transfer,"The action of dropping an object is a deliberate placement onto a surface, which fits the criteria for 'Object Transfer'."
210817,c864505c-9d49-4da4-bf7e-254b4c348c03,1071.59661762133,#C C drops a jug,Unknown,Object Transfer,"The action of dropping a jug is a deliberate placement onto a surface, which fits the criteria for 'Object Transfer'."
210820,c864505c-9d49-4da4-bf7e-254b4c348c03,1076.09799762133,#C C drops a lid,Unknown,Object Transfer,"The action of dropping a lid is a deliberate placement onto a surface, which fits the criteria for 'Object Transfer'."
210936,c864505c-9d49-4da4-bf7e-254b4c348c03,1386.2774342879966,#C C drops a jug,Unknown,Object Transfer,"The action of dropping a jug is a deliberate placement of the object onto a surface, which fits the criteria for 'Object Transfer'."
210943,c864505c-9d49-4da4-bf7e-254b4c348c03,1397.981114287997,#C C drops a scrubber,Unknown,Object Transfer,"The action of dropping a scrubber onto a surface is a deliberate placement, which fits the criteria for 'Object Transfer'."
210963,c864505c-9d49-4da4-bf7e-254b4c348c03,1438.721024287997,#C C drops a cup,Unknown,Object Transfer,"The action of dropping a cup is a deliberate placement of the object onto a surface, which fits the criteria for 'Object Transfer'."
210978,c864505c-9d49-4da4-bf7e-254b4c348c03,1496.3854142879966,#C C drops a scrubber,Unknown,Object Transfer,"The action of dropping a scrubber onto a surface is a deliberate placement, which fits the criteria for 'Object Transfer'."
211018,c864505c-9d49-4da4-bf7e-254b4c348c03,1622.2520642879967,#C C drops a scrubber,Unknown,Object Transfer,"The action of dropping a scrubber onto a surface is considered a deliberate placement, which fits the criteria for 'Object Transfer'."
211020,c864505c-9d49-4da4-bf7e-254b4c348c03,1625.5371342879969,#C C drops a lid,Unknown,Object Transfer,"The action of dropping a lid is a deliberate placement of an object onto a surface, which fits the criteria for 'Object Transfer'."
211040,c864505c-9d49-4da4-bf7e-254b4c348c03,1676.7061742879966,#C C drops a scrubber,Unknown,Object Transfer,"The action of dropping a scrubber onto a surface is considered a deliberate placement, which fits the criteria for 'Object Transfer'."
211058,c864505c-9d49-4da4-bf7e-254b4c348c03,1728.148794287997,#C C drops a scrubber,Unknown,Object Transfer,"The action of dropping a scrubber onto a surface is a deliberate placement, which fits the criteria for 'Object Transfer'."
211071,c864505c-9d49-4da4-bf7e-254b4c348c03,1781.8876242879967,#C C drops #unsure,Unknown,Object Transfer,"The action of dropping an object is a deliberate placement onto a surface, which fits the criteria for 'Object Transfer'."
211097,c864505c-9d49-4da4-bf7e-254b4c348c03,1861.7866642879967,#C C drops a sieve,Unknown,Object Transfer,"The action of dropping a sieve is a deliberate placement of the object onto a surface, which fits the criteria for 'Object Transfer'."
211108,c864505c-9d49-4da4-bf7e-254b4c348c03,1907.0888942879965,#C C drops a spoon,Unknown,Object Transfer,"The action of dropping a spoon is a deliberate placement onto a surface, which fits the criteria for 'Object Transfer'."
211112,c864505c-9d49-4da4-bf7e-254b4c348c03,1911.1694742879968,#C C drops a lid,Unknown,Object Transfer,"The action of dropping a lid is a deliberate placement onto a surface, which fits the criteria for 'Object Transfer'."
211119,c864505c-9d49-4da4-bf7e-254b4c348c03,1928.7132042879969,#C C drops #unsure,Unknown,Object Transfer,"The action of dropping ice cubes into the pot is a deliberate placement, which fits the criteria for 'Object Transfer'."
211123,c864505c-9d49-4da4-bf7e-254b4c348c03,1934.5012142879968,#C C drops a spoon,Unknown,Object Transfer,"The action of dropping a spoon is a deliberate placement onto a surface, which fits the criteria for 'Object Transfer'."
211142,fd5a127e-d587-44e3-b4cd-b8d88e7b7fa4,80.66666,#C C drops sandpaper.,Unknown,Object Transfer,"The action of dropping the sandpaper is a deliberate placement of an object onto a surface, which fits the criteria for 'Object Transfer'."
211359,5d1dc663-3550-47bb-97a3-6fe8b56ec715,170.9860296,#C C hits the top of the paint can with the paint brush.,Unknown,Object Transfer,"The action of hitting the top of the paint can with the paint brush is likely a deliberate placement or interaction with the object, indicating an Object Transfer."
211380,5d1dc663-3550-47bb-97a3-6fe8b56ec715,380.2564209546634,#C C touches her face with her left hand. #unsure,Unknown,Essential Operation,"Touching one's face is a common essential operation, such as adjusting glasses, wiping sweat, or scratching."
211384,5d1dc663-3550-47bb-97a3-6fe8b56ec715,398.5574809546634,#C C drops the paint can on the balcony floor.,Unknown,Object Transfer,"The action of dropping the paint can onto the balcony floor is a deliberate placement, which fits the criteria for 'Object Transfer'."
211627,aca5bc6f-ae4f-46de-8245-388bda763b9f,175.05491,#C C drops the bowl of plants.,Unknown,Object Transfer,"The action of dropping the bowl of plants is a deliberate placement of the object onto a surface, which fits the criteria for 'Object Transfer'."
211719,aca5bc6f-ae4f-46de-8245-388bda763b9f,630.6462633333333,#C C drops the jar of fertilizer.,Unknown,Object Transfer,"The action of dropping the jar of fertilizer is a deliberate placement of the object onto a surface, which fits the criteria for 'Object Transfer'."
211742,aca5bc6f-ae4f-46de-8245-388bda763b9f,738.1435033333333,#C C drops the tray of plant on the trolley.,Unknown,Object Transfer,"The action of dropping the tray of plant onto the trolley indicates a deliberate placement of the object onto a surface, which fits the criteria for Object Transfer."
212132,aeadb544-fd9f-4bb8-bfbd-fbefd899ec8e,251.3439286,#C C throws down tray.,Unknown,Object Transfer,"The action of throwing down a tray is a deliberate placement of the tray onto a surface, which fits the criteria for 'Object Transfer'."
212145,aeadb544-fd9f-4bb8-bfbd-fbefd899ec8e,280.6641592850099,#C C throws down a can.,Unknown,Object Transfer,"The action of throwing down a can is a deliberate placement of the can onto a surface, which fits the criteria for 'Object Transfer'."
212326,aeadb544-fd9f-4bb8-bfbd-fbefd899ec8e,1300.8519871449218,#C C drops the storage containers,Unknown,Object Transfer,"The action of dropping the storage containers is a deliberate placement, which fits the criteria for 'Object Transfer'."
212328,aeadb544-fd9f-4bb8-bfbd-fbefd899ec8e,1304.1464171449218,#C C drops the storage container,Unknown,Object Transfer,"The action of dropping the storage container is a deliberate placement, which fits the criteria for 'Object Transfer'."
212360,aeadb544-fd9f-4bb8-bfbd-fbefd899ec8e,1397.4922770741211,#C C drops the container,Unknown,Object Transfer,"The action of dropping the container is a deliberate placement, which fits the criteria for 'Object Transfer'."
212667,615c5cd1-1dab-4667-94ce-30bfe52e7cd4,420.5455486,#C C drops the lid,Unknown,Object Transfer,"The action of dropping the lid is a deliberate placement onto a surface, which fits the criteria for 'Object Transfer'."
212928,615c5cd1-1dab-4667-94ce-30bfe52e7cd4,2009.0887109546632,#C C shakes dish,Unknown,Essential Operation,"Shaking a dish is an action that typically involves manipulating the dish to achieve a specific outcome, such as mixing contents or testing stability, which falls under the category of Essential Operation."
212944,615c5cd1-1dab-4667-94ce-30bfe52e7cd4,2051.469600954664,#C C drops dish,Unknown,Object Transfer,"The action of dropping a dish is a deliberate placement of the object onto a surface, which fits the criteria for 'Object Transfer'."
213223,036ed5cd-297e-4592-97ee-0611adbc45d2,200.3650896,#C C tries to catch a flying insect with her left hand #unsure,Unknown,Essential Operation,"The action of trying to catch a flying insect is considered an essential operation as it involves a specific task or goal, in this case, capturing the insect."
213231,036ed5cd-297e-4592-97ee-0611adbc45d2,289.2259009546634,#C C throws her left hand to the air,Unknown,Locomotion,"The action of throwing her left hand to the air does not fit into the categories of Object Transfer, Essential Operation, Search, or Stationary. It could be interpreted as a gesture or movement that is more related to a change in posture or a sudden movement, which falls under Locomotion."
213253,036ed5cd-297e-4592-97ee-0611adbc45d2,525.1521109546634,#C C touches her head with her right hand #unsure,Unknown,Stationary,"Touching one's head is typically a stationary action, as it does not involve movement from one location to another or any other form of deliberate operation, transfer, or search."
213617,7a42084f-7af4-4133-832d-6318db28d483,759.8637552666667,#C C drops the phone,Unknown,Object Transfer,"The action of dropping the phone is a deliberate placement of the object onto a surface, which fits the criteria for 'Object Transfer'."
213677,7a42084f-7af4-4133-832d-6318db28d483,1005.2359152666668,#C C drops the bottle,Unknown,Object Transfer,"The action of dropping the bottle is a deliberate placement of the object onto a surface, which fits the criteria for 'Object Transfer'."
213854,7a42084f-7af4-4133-832d-6318db28d483,1669.1533985999995,#O A man d drops the oil,Unknown,Object Transfer,"The action of dropping the oil is a deliberate placement of the object onto a surface, which fits the criteria for 'Object Transfer'."
215417,f40e0f92-2250-46c9-98a0-8ccf23d164e0,2082.846740954663,#C C drops the liquid soap bottle,Unknown,Object Transfer,"The action of dropping the liquid soap bottle is a deliberate placement of the object onto a surface, which fits the criteria for 'Object Transfer'."
215423,f40e0f92-2250-46c9-98a0-8ccf23d164e0,2098.779290954663,#C C drops the pot lid on the cabinet,Unknown,Object Transfer,"The action of dropping the pot lid onto the cabinet is a deliberate placement, which fits the criteria for 'Object Transfer'."
215435,f40e0f92-2250-46c9-98a0-8ccf23d164e0,2121.503760954663,#C C drops the pot lid on the cabinet,Unknown,Object Transfer,"The action of dropping the pot lid onto the cabinet is a deliberate placement, which fits the criteria for 'Object Transfer'."
215477,f40e0f92-2250-46c9-98a0-8ccf23d164e0,2195.7215009546635,#C C drops the fork on the cabinet,Unknown,Object Transfer,"The action of dropping the fork onto the cabinet is a deliberate placement of the object, which fits the criteria for 'Object Transfer'."
215513,f40e0f92-2250-46c9-98a0-8ccf23d164e0,2265.625690954664,#C C drops the knife on the cabinet,Unknown,Object Transfer,"The action of dropping the knife onto the cabinet is a deliberate placement of the object, which fits the criteria for 'Object Transfer'."
215534,f40e0f92-2250-46c9-98a0-8ccf23d164e0,2302.670940954664,#C C drops the liquid soap bottle on the cabinet,Unknown,Object Transfer,"The action of dropping the liquid soap bottle onto the cabinet is a deliberate placement, which fits the criteria for 'Object Transfer'."
215562,f40e0f92-2250-46c9-98a0-8ccf23d164e0,2347.1802609546635,#C C drops the liquid soap bottle on the cabinet,Unknown,Object Transfer,"The action of dropping the liquid soap bottle onto the cabinet is a deliberate placement, which fits the criteria for 'Object Transfer'."
215586,f40e0f92-2250-46c9-98a0-8ccf23d164e0,2384.252180954664,#C C drops the box of #unsure on the cabinet,Unknown,Object Transfer,"The action of dropping the box onto the cabinet is a deliberate placement, which fits the criteria for 'Object Transfer'."
215598,f40e0f92-2250-46c9-98a0-8ccf23d164e0,2400.645150954664,#C C drops the liquid soap bottle on the cabinet,Unknown,Object Transfer,"The action of dropping the liquid soap bottle onto the cabinet is a deliberate placement of the object, which fits the criteria for 'Object Transfer'."
215646,f40e0f92-2250-46c9-98a0-8ccf23d164e0,2482.0302209546635,#C C drops the casserole dish on the cabinet,Unknown,Object Transfer,"The action of dropping the casserole dish onto the cabinet is a deliberate placement, which fits the criteria for 'Object Transfer'."
215650,f40e0f92-2250-46c9-98a0-8ccf23d164e0,2485.9265909546634,#C C drops the cooking pot on the cabinet,Unknown,Object Transfer,"The action of dropping the cooking pot onto the cabinet is a deliberate placement, which fits the criteria for 'Object Transfer'."
215739,f40e0f92-2250-46c9-98a0-8ccf23d164e0,2647.1196509546635,#C C drops the liquid soap bottle on the cabinet,Unknown,Object Transfer,"The action of dropping the liquid soap bottle onto the cabinet is a deliberate placement, which fits the criteria for 'Object Transfer'."
215768,f40e0f92-2250-46c9-98a0-8ccf23d164e0,2694.166350954664,#C C drops the cooking pot on the cabinet,Unknown,Object Transfer,"The action of dropping the cooking pot onto the cabinet is a deliberate placement, which fits the criteria for 'Object Transfer'."
215778,f40e0f92-2250-46c9-98a0-8ccf23d164e0,2704.163460954664,#C C drops the knife on the cabinet,Unknown,Object Transfer,"The action of dropping the knife on the cabinet is a deliberate placement of the object onto a surface, which fits the criteria for 'Object Transfer'."
215786,f40e0f92-2250-46c9-98a0-8ccf23d164e0,2748.450680954664,#C C drops the sauce bottle on the cabinet,Unknown,Object Transfer,"The action of dropping the sauce bottle onto the cabinet is a deliberate placement, which fits the criteria for 'Object Transfer'."
215838,f40e0f92-2250-46c9-98a0-8ccf23d164e0,2843.885630954664,#C C drops the polythene bag,Unknown,Object Transfer,"The action of dropping the polythene bag is a deliberate placement onto a surface, which fits the criteria for 'Object Transfer'."
216077,5d8ebbea-6371-4be5-b611-751fb49ec294,549.14122762133,#C C drops the vacuum engine sac with his left hand.,Unknown,Object Transfer,"The action of dropping the vacuum engine sac with his left hand is a deliberate placement onto a surface, which fits the criteria for 'Object Transfer'."
216090,5d8ebbea-6371-4be5-b611-751fb49ec294,618.49518762133,#C C drops the vacuum engine sac with his left hand.,Unknown,Object Transfer,"The action of dropping the vacuum engine sac is a deliberate placement onto a surface, which fits the criteria for Object Transfer."
216103,5d8ebbea-6371-4be5-b611-751fb49ec294,807.54901762133,#C C drops the vacuum cleaner engine sac with his left hand.,Unknown,Object Transfer,"The action of dropping the vacuum cleaner engine sac is a deliberate placement onto a surface, which fits the criteria for 'Object Transfer'."
216106,5d8ebbea-6371-4be5-b611-751fb49ec294,815.9766576213301,#C C drops the vacuum cleaner nozzle with his left hand.,Unknown,Object Transfer,"The action of dropping the vacuum cleaner nozzle is a deliberate placement onto a surface, which fits the criteria for 'Object Transfer'."
216111,5d8ebbea-6371-4be5-b611-751fb49ec294,832.1382976213301,#C C drops the metal chain with his left hand.,Unknown,Object Transfer,"The action of dropping the metal chain is a deliberate placement of the object onto a surface, which fits the criteria for 'Object Transfer'."
216117,5d8ebbea-6371-4be5-b611-751fb49ec294,1206.808024287997,#C C drops wash bottle on the car gear box with his right hand.,Unknown,Object Transfer,"The action involves deliberately placing the wash bottle onto the car gear box, which fits the criteria for an Object Transfer action."
216128,5d8ebbea-6371-4be5-b611-751fb49ec294,1293.9585642879963,#C C drops the wash bottle with his right hand.,Unknown,Object Transfer,"The action of dropping the wash bottle is a deliberate placement of the object onto a surface, which fits the criteria for 'Object Transfer'."
216133,5d8ebbea-6371-4be5-b611-751fb49ec294,1345.2083542879966,#C C drops the wash bottle with his right hand.,Unknown,Object Transfer,"The action of dropping the wash bottle is a deliberate placement of the object onto a surface, which fits the criteria for 'Object Transfer'."
216175,5d8ebbea-6371-4be5-b611-751fb49ec294,1642.5611309546632,#C C drops the vacuum cleaner engine sac with his right hand.,Unknown,Object Transfer,"The action of dropping the vacuum cleaner engine sac is a deliberate placement onto a surface, which fits the criteria for 'Object Transfer'."
216181,5d8ebbea-6371-4be5-b611-751fb49ec294,1650.9894509546632,#C C drops the vacuum cleaner nozzle with his right hand.,Unknown,Object Transfer,"The action of dropping the vacuum cleaner nozzle is a deliberate placement of the object, which fits the criteria for 'Object Transfer'."
216184,5d8ebbea-6371-4be5-b611-751fb49ec294,1656.2163909546632,#C C drops the vacuum cleaner plug.,Unknown,Object Transfer,"The action involves deliberately placing the vacuum cleaner plug onto a surface, which fits the criteria for 'Object Transfer'."
216199,5d8ebbea-6371-4be5-b611-751fb49ec294,1933.463850954664,#C C drops the vacuum cleaner engine sac with his right hand.,Unknown,Object Transfer,"The action of dropping the vacuum cleaner engine sac is a deliberate placement onto a surface, which fits the criteria for 'Object Transfer'."
216200,5d8ebbea-6371-4be5-b611-751fb49ec294,1934.1140109546632,#C C drops the vacuum cleaner nozzle with his left hand.,Unknown,Object Transfer,"The action of dropping the vacuum cleaner nozzle is a deliberate placement onto a surface, which fits the criteria for 'Object Transfer'."
216211,225a1ffe-3e7e-4ff8-a47e-2e80989077fe,55.49917,#C C drops the switch of the motorbike in his right hand on the bike.,Unknown,Object Transfer,"The action involves deliberately placing the switch holder onto the motorbike switch, which fits the criteria for 'Object Transfer'."
216280,225a1ffe-3e7e-4ff8-a47e-2e80989077fe,279.75792,#C C drops the bolt of the switch holder in his right hand on his left hand. #Unsure,Unknown,Object Transfer,"The action involves deliberately placing the bolt from the right hand onto the left hand, which fits the criteria for an Object Transfer."
216628,3a9464f8-5025-4a79-ac94-9e3d51f1ef49,303.9802492852933,#C C rubs hand on the floor in the bowl,Unknown,Essential Operation,The action of rubbing the hand on the floor in the bowl is likely an essential operation to clean the hands or to mix the dough more thoroughly.
217219,97ebd96b-6b14-4b15-b3c5-d1d1b40d8192,169.84977859999998,#C C drops the dice,Unknown,Object Transfer,"The action of dropping the dice is a deliberate placement of the object onto a surface, which fits the criteria for 'Object Transfer'."
217236,97ebd96b-6b14-4b15-b3c5-d1d1b40d8192,220.3672086,#O A woman X interacts with C,Unknown,Stationary,"The action describes a person interacting with an object without any movement or change in position, which aligns with the 'Stationary' category."
217256,97ebd96b-6b14-4b15-b3c5-d1d1b40d8192,263.8123086,#O A woman X drops dice on the playing board,Unknown,Object Transfer,"The action involves the deliberate placement of dice onto a playing board, which fits the criteria for 'Object Transfer'."
217265,97ebd96b-6b14-4b15-b3c5-d1d1b40d8192,290.50273864583335,#O A woman X moves the token,Unknown,Object Transfer,"The current action involves a deliberate movement of a token, which is consistent with the previous actions of moving objects on a playing board."
217558,1120c597-930c-49b7-8a61-f0dce9c31be5,91.43602,#C C drops the wooden spoon with her left hand,Unknown,Object Transfer,"The action of dropping the wooden spoon is a deliberate placement of the object onto a surface, which fits the criteria for 'Object Transfer'."
218208,29e76c5a-af89-49b5-8f6c-d83ea70c9951,111.5643386,#C C drops the knife,Unknown,Object Transfer,"The action of dropping the knife is a deliberate placement of the object onto a surface, which fits the criteria for 'Object Transfer'."
218249,29e76c5a-af89-49b5-8f6c-d83ea70c9951,271.1661486,#C C drops the gloves,Unknown,Object Transfer,"The action of dropping the gloves is a deliberate placement of an object onto a surface, which fits the criteria for 'Object Transfer'."
218287,29e76c5a-af89-49b5-8f6c-d83ea70c9951,386.3837178107053,#C C drops the bowl,Unknown,Object Transfer,"The action of dropping the bowl is a deliberate placement of the object onto a surface, which fits the criteria for 'Object Transfer'."
218310,29e76c5a-af89-49b5-8f6c-d83ea70c9951,503.3666078107053,#C c drops the knife,Unknown,Object Transfer,"The action of dropping the knife is a deliberate placement of the object onto a surface, which fits the criteria for 'Object Transfer'."
218321,29e76c5a-af89-49b5-8f6c-d83ea70c9951,576.0401487525879,#C C fixes the camera,Unknown,Essential Operation,"Fixing the camera is a deliberate action aimed at preparing or adjusting a device for use, which falls under the category of Essential Operation."
218384,ebc9f0f8-924b-47d1-a639-de4f2d6e6a4c,291.56688526666665,#C C shakes the hand,Unknown,Stationary,Shaking hands is a social gesture that typically does not involve movement beyond a stationary position.
218494,ebc9f0f8-924b-47d1-a639-de4f2d6e6a4c,558.9404619333334,#C C drops bottle cap,Unknown,Object Transfer,"The action of dropping a bottle cap is a deliberate placement of an object onto a surface, which fits the definition of 'Object Transfer'."
218504,ebc9f0f8-924b-47d1-a639-de4f2d6e6a4c,577.0052819333334,#C C drops bottle,Unknown,Object Transfer,"The current action involves C dropping the bottle, which is a deliberate placement of the object onto a surface."
218519,ebc9f0f8-924b-47d1-a639-de4f2d6e6a4c,618.5559619333334,#C C drops orange,Unknown,Object Transfer,"The action of dropping the orange is a deliberate placement of the object onto a surface, which fits the criteria for 'Object Transfer'."
218525,ebc9f0f8-924b-47d1-a639-de4f2d6e6a4c,633.2078119333335,#C C drops knife,Unknown,Object Transfer,"The action of dropping the knife onto a surface is a deliberate placement, which fits the criteria for 'Object Transfer'."
218526,ebc9f0f8-924b-47d1-a639-de4f2d6e6a4c,633.7171619333334,#C C drops orange,Unknown,Object Transfer,"The action of dropping the orange is a deliberate placement onto a surface, which fits the criteria for 'Object Transfer'."
218533,ebc9f0f8-924b-47d1-a639-de4f2d6e6a4c,655.5410219333334,#C C drops orange skin,Unknown,Object Transfer,"The action of dropping the orange skin is a deliberate placement onto a surface, which fits the criteria for 'Object Transfer'."
218535,ebc9f0f8-924b-47d1-a639-de4f2d6e6a4c,659.9539419333335,#C C drops orange skin,Unknown,Object Transfer,"The action of dropping the orange skin onto a surface is a deliberate placement, which fits the criteria for 'Object Transfer'."
218537,ebc9f0f8-924b-47d1-a639-de4f2d6e6a4c,661.9374319333334,#C C drops orange skin,Unknown,Object Transfer,"The action of dropping the orange skin onto a surface is a deliberate placement, which fits the criteria for 'Object Transfer'."
218538,ebc9f0f8-924b-47d1-a639-de4f2d6e6a4c,662.6736719333334,#C C drops orange,Unknown,Object Transfer,"The action of dropping the orange is a deliberate placement onto a surface, which fits the criteria for 'Object Transfer'."
218541,ebc9f0f8-924b-47d1-a639-de4f2d6e6a4c,666.1407119333334,#C C drops #unsure,Unknown,Object Transfer,"The action of dropping an object onto a surface is considered a deliberate placement, which fits the criteria for 'Object Transfer'."
218542,ebc9f0f8-924b-47d1-a639-de4f2d6e6a4c,666.1407119333334,#C C drops orange,Unknown,Object Transfer,"The current action involves C dropping the orange, which is a deliberate placement of the object onto a surface. This fits the criteria for 'Object Transfer'."
218544,ebc9f0f8-924b-47d1-a639-de4f2d6e6a4c,667.5635919333334,#C C drops #unsure,Unknown,Object Transfer,"The action of dropping an object onto a surface is considered a deliberate placement, which fits the criteria for 'Object Transfer'."
218548,ebc9f0f8-924b-47d1-a639-de4f2d6e6a4c,680.6957419333334,#C C drops orange skin,Unknown,Object Transfer,"The action of dropping the orange skin is a deliberate placement onto a surface, which fits the criteria for 'Object Transfer'."
218549,ebc9f0f8-924b-47d1-a639-de4f2d6e6a4c,680.6957419333334,#C C drops orange,Unknown,Object Transfer,"The action of dropping the orange is a deliberate placement of the object onto a surface, which fits the criteria for 'Object Transfer'."
218551,ebc9f0f8-924b-47d1-a639-de4f2d6e6a4c,681.9705719333334,#C C drops orange skin,Unknown,Object Transfer,"The action involves a deliberate placement of the orange skin onto a surface, which fits the criteria for 'Object Transfer'."
218555,ebc9f0f8-924b-47d1-a639-de4f2d6e6a4c,693.2265519333334,#C C drops orange skin,Unknown,Object Transfer,"The action of dropping the orange skin onto a surface is a deliberate placement, which fits the criteria for 'Object Transfer'."
218556,ebc9f0f8-924b-47d1-a639-de4f2d6e6a4c,693.2265519333334,#C C drops orange,Unknown,Object Transfer,"The current action involves C dropping an orange, which is a deliberate placement similar to the previous action where C dropped the orange skin. Both actions fit the criteria for Object Transfer as they involve placing an object onto a surface."
218559,ebc9f0f8-924b-47d1-a639-de4f2d6e6a4c,695.0723019333334,#C C drops orange skin,Unknown,Object Transfer,"The action of dropping the orange skin is a deliberate placement onto a surface, which fits the criteria for 'Object Transfer'."
218565,ebc9f0f8-924b-47d1-a639-de4f2d6e6a4c,723.8277819333334,#C C drops orange skin,Unknown,Object Transfer,"The action of dropping the orange skin onto a surface is a deliberate placement, which fits the criteria for 'Object Transfer'."
218567,ebc9f0f8-924b-47d1-a639-de4f2d6e6a4c,732.7426919333334,#C C drops orange,Unknown,Object Transfer,"The action of dropping the orange is a deliberate placement of the object onto a surface, which fits the criteria for 'Object Transfer'."
218569,ebc9f0f8-924b-47d1-a639-de4f2d6e6a4c,734.2762319333334,#C C drops orange skin,Unknown,Object Transfer,"The action of dropping the orange skin is a deliberate placement onto a surface, which fits the criteria for 'Object Transfer'."
218582,ebc9f0f8-924b-47d1-a639-de4f2d6e6a4c,751.6949419333334,#C C drops orange skin,Unknown,Object Transfer,"The action of dropping the orange skin is a deliberate placement onto a surface, which fits the criteria for 'Object Transfer'."
218584,ebc9f0f8-924b-47d1-a639-de4f2d6e6a4c,754.4074519333334,#C C drops orange,Unknown,Object Transfer,"The action of dropping the orange is a deliberate placement of the object onto a surface, which fits the criteria for 'Object Transfer'."
218610,28d73c89-e96d-4296-876a-329f908aeac6,25.9261696,#C C drops the sand paper on the cutting machine,Unknown,Object Transfer,"The action of dropping the sand paper onto the cutting machine is a deliberate placement of an object onto a surface, which fits the criteria for 'Object Transfer'."
218624,28d73c89-e96d-4296-876a-329f908aeac6,56.4903196,#C C drops the sandpaper on the cutting machine,Unknown,Object Transfer,"The action of dropping the sandpaper onto the cutting machine is a deliberate placement, which fits the criteria for 'Object Transfer'."
218637,28d73c89-e96d-4296-876a-329f908aeac6,88.5850196,#C C drops the sandpaper on the cutting machine,Unknown,Object Transfer,"The action of dropping the sandpaper onto the cutting machine is a deliberate placement, which fits the criteria for 'Object Transfer'."
218765,28d73c89-e96d-4296-876a-329f908aeac6,447.2066009546634,#C C drops the sandpaper on the cutting machine,Unknown,Object Transfer,"The action involves deliberately placing the sandpaper onto the cutting machine, which fits the criteria for an Object Transfer action."
218878,0a01978c-e16d-4587-95f1-49efa3ab15d9,45.9906396,#C C drops the #unsure,Unknown,Object Transfer,"The action of dropping the object onto a surface is a deliberate placement, which fits the criteria for 'Object Transfer'."
218879,0a01978c-e16d-4587-95f1-49efa3ab15d9,47.661629600000005,#C C drops the knife and the fork,Unknown,Object Transfer,"The action of dropping the knife and the fork is a deliberate placement onto a surface, which fits the criteria for 'Object Transfer'."
218894,0a01978c-e16d-4587-95f1-49efa3ab15d9,112.0198796,#C C drops the spoon,Unknown,Object Transfer,"The action involves deliberately placing the spoon onto a surface, which fits the criteria for Object Transfer."
218908,0a01978c-e16d-4587-95f1-49efa3ab15d9,204.5147596,#C C drops the spatula,Unknown,Object Transfer,"The action of dropping the spatula is a deliberate placement of the object onto a surface, which fits the criteria for 'Object Transfer'."
218920,0a01978c-e16d-4587-95f1-49efa3ab15d9,313.4433909546634,#C C drops the #unsure,Unknown,Object Transfer,"The action of dropping an object onto a surface is considered a deliberate placement, which falls under the 'Object Transfer' category."
218921,0a01978c-e16d-4587-95f1-49efa3ab15d9,317.0482109546634,#C C drops spoon and fork,Unknown,Object Transfer,"The action of dropping the spoon and fork is a deliberate placement onto a surface, which fits the criteria for 'Object Transfer'."
218932,0a01978c-e16d-4587-95f1-49efa3ab15d9,354.1623109546634,#C C drops the knife,Unknown,Object Transfer,"The action involves dropping an object (knife) onto a surface, which is a deliberate placement action."
218938,0a01978c-e16d-4587-95f1-49efa3ab15d9,395.6463309546634,#C C drops the knife and the fork,Unknown,Object Transfer,"The action involves deliberately placing the knife and the fork onto a surface, which fits the criteria for Object Transfer."
218947,0a01978c-e16d-4587-95f1-49efa3ab15d9,448.4347809546634,#C C drops the cooking pan,Unknown,Object Transfer,"The action of dropping the cooking pan onto a surface is a deliberate placement, which fits the criteria for 'Object Transfer'."
219003,0a01978c-e16d-4587-95f1-49efa3ab15d9,858.9795609546634,#C C drops the plate,Unknown,Object Transfer,"The action involves deliberately placing the plate onto a surface, which fits the definition of an Object Transfer."
219032,0a01978c-e16d-4587-95f1-49efa3ab15d9,915.0461209546634,#C C drops the pestle,Unknown,Object Transfer,"The action of dropping the pestle is a deliberate placement of the object onto a surface, which fits the criteria for 'Object Transfer'."
219041,0a01978c-e16d-4587-95f1-49efa3ab15d9,943.9756409546634,#O a man T drops a plate,Unknown,Object Transfer,"The action of dropping a plate is a deliberate placement onto a surface, which fits the criteria for Object Transfer."
219044,0a01978c-e16d-4587-95f1-49efa3ab15d9,952.2275009546634,#O a man T drops the #unsure,Unknown,Object Transfer,"The action involves the deliberate placement of an object (dropping a plate) onto a surface, which fits the criteria for Object Transfer."
219050,0a01978c-e16d-4587-95f1-49efa3ab15d9,969.0413309546634,#C C drops the plate,Unknown,Object Transfer,"The action of dropping the plate is a deliberate placement of the object onto a surface, which fits the criteria for 'Object Transfer'."
219058,0a01978c-e16d-4587-95f1-49efa3ab15d9,994.7359709546632,#C C drops the knife and a fork,Unknown,Object Transfer,"The action of dropping the knife and fork is a deliberate placement onto a surface, which fits the criteria for Object Transfer."
219065,0a01978c-e16d-4587-95f1-49efa3ab15d9,1012.8684609546634,#C C drops the plate,Unknown,Object Transfer,"The action of dropping the plate is a deliberate placement of the object onto a surface, which fits the criteria for 'Object Transfer'."
219067,0a01978c-e16d-4587-95f1-49efa3ab15d9,1016.9359009546632,#C C drops the plate,Unknown,Object Transfer,"The action of dropping the plate is a deliberate placement onto a surface, which fits the criteria for 'Object Transfer'."
219071,0a01978c-e16d-4587-95f1-49efa3ab15d9,1031.8816509546634,#C C drops the plate,Unknown,Object Transfer,"The action of dropping the plate is a deliberate placement of the object onto a surface, which fits the criteria for 'Object Transfer'."
219072,0a01978c-e16d-4587-95f1-49efa3ab15d9,1036.8980309546637,#C C drops the plate,Unknown,Object Transfer,"The action of dropping the plate is a deliberate placement of the object onto a surface, which fits the criteria for 'Object Transfer'."
219075,0a01978c-e16d-4587-95f1-49efa3ab15d9,1043.7726709546637,#C C drops the plate,Unknown,Object Transfer,"The action of dropping the plate is a deliberate placement onto a surface, which fits the criteria for 'Object Transfer'."
219077,0a01978c-e16d-4587-95f1-49efa3ab15d9,1052.3443909546634,#C C drops the plate,Unknown,Object Transfer,"The action of dropping the plate is a deliberate placement onto a surface, which fits the criteria for 'Object Transfer'."
219082,0a01978c-e16d-4587-95f1-49efa3ab15d9,1068.324410954663,#C C drops the plate,Unknown,Object Transfer,"The action of dropping the plate is a deliberate placement of the object onto a surface, which fits the criteria for 'Object Transfer'."
219085,0a01978c-e16d-4587-95f1-49efa3ab15d9,1075.4153609546634,#C C drops the plate,Unknown,Object Transfer,"The action of dropping the plate is a deliberate placement onto a surface, which fits the definition of 'Object Transfer'."
219086,0a01978c-e16d-4587-95f1-49efa3ab15d9,1078.1435409546634,#C C drops the container,Unknown,Object Transfer,"The action of dropping the container is a deliberate placement, similar to the previous action of dropping the plate. Both actions involve the intentional release of an object onto a surface."
219090,0a01978c-e16d-4587-95f1-49efa3ab15d9,1085.0781609546634,#C C drops the container,Unknown,Object Transfer,"The action of dropping the container is a deliberate placement onto a surface, which fits the criteria for Object Transfer."
219103,0a01978c-e16d-4587-95f1-49efa3ab15d9,1118.4528909546632,#C C drops the spoon and the knife,Unknown,Object Transfer,"The current action involves C dropping the spoon and the knife, which is a deliberate placement of objects onto a surface. This fits the criteria for 'Object Transfer'."
219104,0a01978c-e16d-4587-95f1-49efa3ab15d9,1119.7915309546634,#C C drops the fork,Unknown,Object Transfer,"The action of dropping the fork is a deliberate placement onto a surface, similar to the previous action of dropping the spoon and knife."
219108,0a01978c-e16d-4587-95f1-49efa3ab15d9,1140.5297109546632,#C C drops the spatula,Unknown,Object Transfer,"The action of dropping the spatula is a deliberate placement onto a surface, which fits the criteria for 'Object Transfer'."
219109,0a01978c-e16d-4587-95f1-49efa3ab15d9,1141.1869609546634,#C C drops the dish,Unknown,Object Transfer,"The action of dropping the dish is a deliberate placement onto a surface, similar to the previous action of dropping the spatula."
219121,0a01978c-e16d-4587-95f1-49efa3ab15d9,1187.3061209546634,#C C drops the spoon,Unknown,Object Transfer,"The action of dropping the spoon is a deliberate placement onto a surface, which fits the criteria for 'Object Transfer'."
219122,0a01978c-e16d-4587-95f1-49efa3ab15d9,1188.0127609546632,#C C drops the knife,Unknown,Object Transfer,"The action of dropping an object (the knife) onto a surface is a deliberate placement, which fits the criteria for 'Object Transfer'."
219129,0a01978c-e16d-4587-95f1-49efa3ab15d9,1213.3400109546633,#C C drops the bottle,Unknown,Object Transfer,"The action of dropping the bottle is a deliberate placement onto a surface, which fits the criteria for 'Object Transfer'."
219150,0a01978c-e16d-4587-95f1-49efa3ab15d9,1265.6829509546633,#C C drops the container,Unknown,Object Transfer,"The action of dropping the container is a deliberate placement onto a surface, which fits the criteria for 'Object Transfer'."
219151,0a01978c-e16d-4587-95f1-49efa3ab15d9,1266.5070609546633,#C C drops the towel,Unknown,Object Transfer,"The action of dropping the towel is a deliberate placement onto a surface, which fits the criteria for 'Object Transfer'."
219177,0a01978c-e16d-4587-95f1-49efa3ab15d9,1359.320270954663,#C C drops the spoon,Unknown,Object Transfer,"The action of dropping the spoon is a deliberate placement of the object onto a surface, which fits the criteria for 'Object Transfer'."
219178,0a01978c-e16d-4587-95f1-49efa3ab15d9,1360.1163109546633,#C C drops the knife,Unknown,Object Transfer,"The action of dropping the knife is a deliberate placement onto a surface, similar to the previous action of dropping the spoon."
219184,0a01978c-e16d-4587-95f1-49efa3ab15d9,1387.2548309546632,#C C tunrns the #unsure,Unknown,Locomotion,"The current action involves a movement that is not related to pressing, stirring, or transferring objects. It appears to be a change in position or orientation, which fits the 'Locomotion' category."
219185,0a01978c-e16d-4587-95f1-49efa3ab15d9,1393.3014209546632,#C C drops the fork and the spoon,Unknown,Object Transfer,"The action involves dropping objects (fork and spoon) onto a surface, which is a form of deliberate placement."
219204,0a01978c-e16d-4587-95f1-49efa3ab15d9,1528.5320309546632,#C C drops the spoon and the fork,Unknown,Object Transfer,"The action of dropping the spoon and the fork indicates a deliberate placement of objects onto a surface, which fits the criteria for 'Object Transfer'."
219209,0a01978c-e16d-4587-95f1-49efa3ab15d9,1535.9477509546632,#C C drops the lid,Unknown,Object Transfer,"The action of dropping the lid is a deliberate placement of the object onto a surface, which fits the criteria for 'Object Transfer'."
219215,0a01978c-e16d-4587-95f1-49efa3ab15d9,1541.1528409546631,#C C drops the tin,Unknown,Object Transfer,"The action of dropping the tin is a deliberate placement of the object onto a surface, which fits the criteria for 'Object Transfer'."
219240,0a01978c-e16d-4587-95f1-49efa3ab15d9,1634.5858909546632,#C C drops the #unsure,Unknown,Object Transfer,"The action of dropping the item is a deliberate placement onto a surface, which fits the criteria for Object Transfer."
219241,0a01978c-e16d-4587-95f1-49efa3ab15d9,1636.096340954663,#C C drops the fork,Unknown,Object Transfer,"The action involves deliberately placing the fork onto a surface, which fits the criteria for Object Transfer."
219246,0a01978c-e16d-4587-95f1-49efa3ab15d9,1653.868130954663,#C C drops the spatula,Unknown,Object Transfer,"The action of dropping the spatula is a deliberate placement of the object onto a surface, which fits the criteria for 'Object Transfer'."
219250,0a01978c-e16d-4587-95f1-49efa3ab15d9,1667.2019109546632,#C C drops the #unsure,Unknown,Object Transfer,"The action of dropping the item is a deliberate placement onto a surface, which fits the criteria for 'Object Transfer'."
219256,0a01978c-e16d-4587-95f1-49efa3ab15d9,1694.689930954663,#C C drops the #unsure,Unknown,Object Transfer,"The action of dropping the item is a deliberate placement onto a surface, which fits the criteria for Object Transfer."
219259,0a01978c-e16d-4587-95f1-49efa3ab15d9,1711.836760954663,#C C drops the spoon,Unknown,Object Transfer,"The action of dropping the spoon is a deliberate placement onto a surface, similar to the previous action of dropping the knife."
219266,0a01978c-e16d-4587-95f1-49efa3ab15d9,1729.775490954663,#C C drops the #unsure,Unknown,Object Transfer,"The action of dropping an object onto a surface is considered a deliberate placement, which falls under the 'Object Transfer' category."
219268,0a01978c-e16d-4587-95f1-49efa3ab15d9,1734.953390954663,#C C drops the #unsure,Unknown,Object Transfer,"The action of dropping an object onto a surface is a deliberate placement, which fits the definition of 'Object Transfer'."
219270,0a01978c-e16d-4587-95f1-49efa3ab15d9,1742.887400954663,#C C drops the #unsure,Unknown,Object Transfer,"The action of dropping an object onto a surface is a deliberate placement, which fits the definition of 'Object Transfer'."
219272,0a01978c-e16d-4587-95f1-49efa3ab15d9,1747.8600709546631,#C C drops the #unsure,Unknown,Object Transfer,"The action of dropping an object onto a surface is a deliberate placement, which fits the definition of 'Object Transfer'."
219275,0a01978c-e16d-4587-95f1-49efa3ab15d9,1754.1106109546631,#C C drops the #unsure,Unknown,Object Transfer,"The action of dropping an object onto a surface is a deliberate placement, which fits the criteria for 'Object Transfer'."
219279,0a01978c-e16d-4587-95f1-49efa3ab15d9,1775.665010954663,#C C drops the container and the knife,Unknown,Object Transfer,"The action of dropping the container is a deliberate placement onto a surface, which fits the criteria for 'Object Transfer'."
219280,0a01978c-e16d-4587-95f1-49efa3ab15d9,1777.045800954663,#C C drops the spoon,Unknown,Object Transfer,"The action of dropping the spoon is a deliberate placement of the object onto a surface, which fits the criteria for 'Object Transfer'."
219300,0a01978c-e16d-4587-95f1-49efa3ab15d9,1828.627960954663,#C C drops the pestle,Unknown,Object Transfer,"The action of dropping the pestle is a deliberate placement onto a surface, which fits the criteria for 'Object Transfer'."
219313,0a01978c-e16d-4587-95f1-49efa3ab15d9,1859.069640954663,#C C drops the mortar,Unknown,Object Transfer,"The action of dropping the mortar is a deliberate placement of an object onto a surface, which fits the definition of 'Object Transfer'."
219326,0a01978c-e16d-4587-95f1-49efa3ab15d9,1918.247480954663,#C C drops the spoon,Unknown,Object Transfer,"The action of dropping the spoon is a deliberate placement of the object onto a surface, which fits the criteria for 'Object Transfer'."
219329,0a01978c-e16d-4587-95f1-49efa3ab15d9,1926.6993109546631,#C C spress the #unsure,Unknown,Essential Operation,"The action 'press the' suggests an essential operation, such as pressing a button or operating a device, rather than locomotion, object transfer, search, or a stationary action."
219353,0a01978c-e16d-4587-95f1-49efa3ab15d9,2016.499320954663,#C C drops the #unsure,Unknown,Object Transfer,"The action of dropping the object is a deliberate placement onto a surface, which fits the criteria for Object Transfer."
219354,0a01978c-e16d-4587-95f1-49efa3ab15d9,2020.143670954663,#C C drops the cooking pan,Unknown,Object Transfer,"The action involves deliberately placing an object (dropping the cooking pan) onto a surface, which fits the criteria for Object Transfer."
219360,0a01978c-e16d-4587-95f1-49efa3ab15d9,2053.695850954663,#C C drops the #unsure,Unknown,Object Transfer,"The action involves dropping an object (the #unsure) onto a surface, which is a deliberate placement. This fits the criteria for 'Object Transfer'."
219361,0a01978c-e16d-4587-95f1-49efa3ab15d9,2054.969370954663,#C C drops fork and spoon,Unknown,Object Transfer,"The action involves deliberately placing the fork and spoon onto a surface, which fits the definition of 'Object Transfer'."
219373,0a01978c-e16d-4587-95f1-49efa3ab15d9,2100.795660954663,#C C drops the saving spoon,Unknown,Object Transfer,"The action of dropping the saving spoon is a deliberate placement of the spoon onto a surface, which fits the criteria for 'Object Transfer'."
219385,0a01978c-e16d-4587-95f1-49efa3ab15d9,2118.057600954663,#C C drops the bottle,Unknown,Object Transfer,"The action of dropping the bottle is a deliberate placement of the object onto a surface, which fits the criteria for 'Object Transfer'."
219390,0a01978c-e16d-4587-95f1-49efa3ab15d9,2127.272580954663,#C C drops the cooking pan,Unknown,Object Transfer,"The action of dropping the cooking pan is a deliberate placement onto a surface, which fits the criteria for 'Object Transfer'."
219397,0a01978c-e16d-4587-95f1-49efa3ab15d9,2145.609350954664,#C C drops the pestle,Unknown,Object Transfer,"The action of dropping the pestle is a deliberate placement onto a surface, which fits the criteria for 'Object Transfer'."
219402,0a01978c-e16d-4587-95f1-49efa3ab15d9,2168.274150954664,#C C drops the mortar,Unknown,Object Transfer,"The action of dropping the mortar is a deliberate placement onto a surface, which fits the criteria for 'Object Transfer'."
219415,0a01978c-e16d-4587-95f1-49efa3ab15d9,2209.320270954664,#C C drops the knife and the spoon,Unknown,Object Transfer,"The action of dropping the knife and the spoon is a deliberate placement of objects onto a surface, which fits the criteria for 'Object Transfer'."
219636,0928af96-a3fd-4930-9bc1-2fa43d01bb53,433.2629362613256,#C C shakes a plant in a pot,Unknown,Object Transfer,"Shaking a plant in a pot is a deliberate action that involves manipulating an object, which fits the criteria for Object Transfer."
219749,0928af96-a3fd-4930-9bc1-2fa43d01bb53,724.3957521677083,#C C shakes hands in the bathtub,Unknown,Essential Operation,Shaking hands is a common social interaction and can be considered an essential operation in the context of hygiene and greeting.
220136,8c1b30cd-f67f-479a-b723-7367528ccb8e,470.5661009546634,#C C drops the rear windshield wiper.,Unknown,Object Transfer,"The action of dropping the rear windshield wiper is a deliberate placement of the object onto a surface, which fits the criteria for 'Object Transfer'."
220326,8c1b30cd-f67f-479a-b723-7367528ccb8e,960.64214762133,#C C drops the handle of the vacuum cleaner.,Unknown,Object Transfer,"The action of dropping the handle of the vacuum cleaner is a deliberate placement of the object, which fits the criteria for 'Object Transfer'."
220345,97c1c805-291f-4b2f-bef9-0495d9d2fc92,2.5430086000000003,#C C drops the blender top,Unknown,Object Transfer,"The action of dropping the blender top is a deliberate placement onto a surface, which fits the criteria for 'Object Transfer'."
220372,97c1c805-291f-4b2f-bef9-0495d9d2fc92,67.8358686,#C C drops the spoon,Unknown,Object Transfer,"The action of dropping the spoon is a deliberate placement onto a surface, which fits the criteria for 'Object Transfer'."
220379,97c1c805-291f-4b2f-bef9-0495d9d2fc92,99.4322086,#C C drops the bottle top,Unknown,Object Transfer,"The action of dropping the bottle top is a deliberate placement onto a surface, which fits the criteria for Object Transfer."
220381,97c1c805-291f-4b2f-bef9-0495d9d2fc92,105.2269886,#C C drops the blender,Unknown,Object Transfer,"The action of dropping the blender is a deliberate placement onto a surface, which fits the criteria for 'Object Transfer'."
220387,97c1c805-291f-4b2f-bef9-0495d9d2fc92,112.3677686,#C C drops the blender,Unknown,Object Transfer,"The action of dropping the blender is a deliberate placement of the object onto a surface, which fits the criteria for 'Object Transfer'."
220398,97c1c805-291f-4b2f-bef9-0495d9d2fc92,134.2869786,#C C drops the blender,Unknown,Object Transfer,"The action of dropping the blender onto a surface is a deliberate placement, which fits the criteria for 'Object Transfer'."
220402,97c1c805-291f-4b2f-bef9-0495d9d2fc92,141.6627486,#C C drops the blender blade,Unknown,Object Transfer,"The action of dropping the blender blade onto a surface is a deliberate placement, which fits the criteria for 'Object Transfer'."
220471,97c1c805-291f-4b2f-bef9-0495d9d2fc92,356.9878291973839,#C C leaks the fingers,Unknown,Essential Operation,"The action of leaking the fingers likely refers to C letting water or another liquid drip from their fingers, which is an essential operation in the context of food preparation or cleaning."
220479,97c1c805-291f-4b2f-bef9-0495d9d2fc92,374.5614391973839,#C C drops the bottle of yoghurt,Unknown,Object Transfer,"The action of dropping the bottle of yoghurt is a deliberate placement onto a surface, which fits the criteria for 'Object Transfer'."
220491,97c1c805-291f-4b2f-bef9-0495d9d2fc92,396.9996091973839,#C C drops the soap,Unknown,Object Transfer,"The action of dropping the soap is a deliberate placement of the object onto a surface, which fits the criteria for 'Object Transfer'."
220513,97c1c805-291f-4b2f-bef9-0495d9d2fc92,500.4201891973839,#C C drops the knife,Unknown,Object Transfer,"The action of dropping the knife is a deliberate placement of the object onto a surface, which fits the criteria for 'Object Transfer'."
220518,97c1c805-291f-4b2f-bef9-0495d9d2fc92,504.62136919738384,#C C drops the cup,Unknown,Object Transfer,"The action of dropping the cup is a deliberate placement of the object onto a surface, which fits the criteria for 'Object Transfer'."
220524,97c1c805-291f-4b2f-bef9-0495d9d2fc92,519.0286791973839,#C C drops the bowls,Unknown,Object Transfer,"The action involves deliberately placing the bowls somewhere, likely in a specific location such as a cupboard or sink, which fits the definition of Object Transfer."
220527,97c1c805-291f-4b2f-bef9-0495d9d2fc92,522.3171991973838,#C C drops the cup of yoghurt,Unknown,Object Transfer,"The action of dropping the cup of yoghurt is a deliberate placement onto a surface, which fits the criteria for 'Object Transfer'."
220529,97c1c805-291f-4b2f-bef9-0495d9d2fc92,524.6720391973838,#C C drops the cup cover,Unknown,Object Transfer,"The action of dropping the cup cover is a deliberate placement onto a surface, which fits the criteria for Object Transfer."
220532,97c1c805-291f-4b2f-bef9-0495d9d2fc92,539.7882191973839,#C C drops the cup,Unknown,Object Transfer,"The action of dropping the cup is a deliberate placement of the object onto a surface, which fits the criteria for 'Object Transfer'."
220550,97c1c805-291f-4b2f-bef9-0495d9d2fc92,609.0345683656251,#C C drops the knife,Unknown,Object Transfer,"The action of dropping the knife onto a surface is a deliberate placement, which fits the criteria for 'Object Transfer'."
220560,97c1c805-291f-4b2f-bef9-0495d9d2fc92,621.513628365625,#C C drops the bowl,Unknown,Object Transfer,"The action of dropping the bowl is a deliberate placement of the object onto a surface, which fits the criteria for 'Object Transfer'."
220568,97c1c805-291f-4b2f-bef9-0495d9d2fc92,650.159688365625,#C C drops the knife,Unknown,Object Transfer,"The action of dropping the knife is a deliberate placement of the object onto a surface, which fits the criteria for 'Object Transfer'."
220570,97c1c805-291f-4b2f-bef9-0495d9d2fc92,655.370688365625,#C C shakes the folk,Unknown,Essential Operation,"Shaking the fork is an action that is typically performed to mix or prepare food, which falls under the category of Essential Operation."
220573,97c1c805-291f-4b2f-bef9-0495d9d2fc92,665.338058365625,#C C drops the folk,Unknown,Object Transfer,"The action of dropping the folk onto a surface is a deliberate placement, which fits the criteria for 'Object Transfer'."
220586,97c1c805-291f-4b2f-bef9-0495d9d2fc92,684.406438365625,#C C drops the soap,Unknown,Object Transfer,"The action of dropping the soap onto a surface is a deliberate placement, which fits the criteria for 'Object Transfer'."
220593,97c1c805-291f-4b2f-bef9-0495d9d2fc92,697.729788365625,#C C drops the hand towel,Unknown,Object Transfer,"The action of dropping the hand towel is a deliberate placement onto a surface, which fits the criteria for 'Object Transfer'."
220598,97c1c805-291f-4b2f-bef9-0495d9d2fc92,705.8017783656251,#C C drops the bowl,Unknown,Object Transfer,"The action of dropping the bowl is a deliberate placement of the object onto a surface, which fits the criteria for 'Object Transfer'."
220603,97c1c805-291f-4b2f-bef9-0495d9d2fc92,727.049898365625,#C C drops #unsure in the cutting mat,Unknown,Object Transfer,"The action of dropping an object onto a surface (cutting mat) is a deliberate placement, which fits the criteria for 'Object Transfer'."
220609,97c1c805-291f-4b2f-bef9-0495d9d2fc92,749.479388365625,#C C drops the knife,Unknown,Object Transfer,"The action of dropping the knife is a deliberate placement of the object onto a surface, which fits the criteria for 'Object Transfer'."
220615,97c1c805-291f-4b2f-bef9-0495d9d2fc92,762.184958365625,#C C drops the cutting mat,Unknown,Object Transfer,"The action of dropping the cutting mat is a deliberate placement onto a surface, which fits the criteria for 'Object Transfer'."
220616,97c1c805-291f-4b2f-bef9-0495d9d2fc92,762.965938365625,#C C drops the knife,Unknown,Object Transfer,"The action of dropping the knife is a deliberate placement of the object onto a surface, which fits the criteria for 'Object Transfer'."
220620,97c1c805-291f-4b2f-bef9-0495d9d2fc92,792.734118365625,#C C drops the cup,Unknown,Object Transfer,"The action of dropping the cup is a deliberate placement of the object onto a surface, which fits the criteria for 'Object Transfer'."
220622,97c1c805-291f-4b2f-bef9-0495d9d2fc92,796.155488365625,#C C drops the cutting mat,Unknown,Object Transfer,"The action of dropping the cutting mat is a deliberate placement onto a surface, which fits the criteria for 'Object Transfer'."
220626,97c1c805-291f-4b2f-bef9-0495d9d2fc92,803.335118365625,#C C drops the spoon,Unknown,Object Transfer,"The action of dropping the spoon is a deliberate placement of the object onto a surface, which fits the criteria for 'Object Transfer'."
220631,97c1c805-291f-4b2f-bef9-0495d9d2fc92,810.573358365625,#C C drops bottle top,Unknown,Object Transfer,"The action of dropping the bottle top is a deliberate placement of the object onto a surface, which fits the criteria for 'Object Transfer'."
220644,d85f0f6d-ec7d-4dd6-b829-c540a1a41193,3.1911296,#C C drops the sandpaper on the balcony.,Unknown,Object Transfer,"The action of dropping the sandpaper on the balcony is a deliberate placement, which fits the criteria for 'Object Transfer'."
221323,30b9ff64-51c8-4481-ba6a-733ea2060aef,17.188855266666668,#C C drops the spoon with her right hand,Unknown,Object Transfer,"The action of dropping the spoon is a deliberate placement of the object onto a surface, which fits the criteria for 'Object Transfer'."
221328,30b9ff64-51c8-4481-ba6a-733ea2060aef,28.667295266666667,#C C drops the dish,Unknown,Object Transfer,"The action of dropping the dish is a deliberate placement of the object onto a surface, which fits the criteria for 'Object Transfer'."
221339,30b9ff64-51c8-4481-ba6a-733ea2060aef,73.12874526666667,#C C drops cup with her is right hand,Unknown,Object Transfer,"The action of dropping the cup is a deliberate placement of the object onto a surface, which fits the criteria for 'Object Transfer'."
221345,30b9ff64-51c8-4481-ba6a-733ea2060aef,120.81773526666666,#C C drop spoon,Unknown,Object Transfer,"The action of dropping the spoon is a deliberate placement of the object onto a surface, which fits the criteria for 'Object Transfer'."
221350,30b9ff64-51c8-4481-ba6a-733ea2060aef,137.13985526666667,#C C drops spoon in her right hand,Unknown,Object Transfer,"The action involves deliberately placing the spoon in a specific location, which fits the definition of Object Transfer."
221382,30b9ff64-51c8-4481-ba6a-733ea2060aef,323.05183526666667,#C C knocks on the plate,Unknown,Essential Operation,"Knocking on a plate is an action that can be considered an essential operation, such as a test or a signal, rather than a form of locomotion, search, or object transfer."
221677,30b9ff64-51c8-4481-ba6a-733ea2060aef,1676.3100585999998,#C C drops #unsure inside the pocket purse.,Unknown,Object Transfer,"The action involves C dropping an item inside the pocket purse, which is a deliberate placement onto a surface. This fits the criteria for Object Transfer."
221777,a4352ec3-fd76-4a34-a25d-328c128719d2,168.46286863764078,#C C drops #unsure on the surface,Unknown,Object Transfer,"The action of dropping an object onto a surface is a deliberate placement, which fits the criteria for 'Object Transfer'."
221911,a4352ec3-fd76-4a34-a25d-328c128719d2,509.2072245067815,#C C drops the brush on the tab with the right hand,Unknown,Object Transfer,"The action involves deliberately placing the brush onto the tap, which fits the criteria for Object Transfer."
222358,6b6825dc-7094-4bdb-aca8-c02305910ce6,303.8937386458333,#C C steps on the doll,Unknown,Object Transfer,"The action involves C stepping on the doll, which can be interpreted as a deliberate placement or interaction with the object, thus fitting the 'Object Transfer' category."
222479,432cb803-6be5-47bc-8443-6bb5b9051667,80.4247086,#C C flops the toilet site,Unknown,Locomotion,"The action of flopping the toilet seat is a movement that involves changing the position of the toilet seat, which falls under the category of Locomotion."
223142,6af04762-9ccf-41aa-bbfb-48a443c7cec3,181.21009526666663,#C C drops a metal rod,Unknown,Object Transfer,"The action of dropping a metal rod is a deliberate placement of an object onto a surface, which fits the criteria for 'Object Transfer'."
223267,6af04762-9ccf-41aa-bbfb-48a443c7cec3,609.2887952666667,#C C shakes his hand,Unknown,Stationary,"Shaking one's hand is typically a gesture or a reaction, and does not involve movement from one location to another or the manipulation of objects in a way that would classify it as locomotion, essential operation, object transfer, or search."
224350,8a00f6f3-696f-4ec7-bc8b-d30f361eb9e0,415.708879285078,#C C turns the red didh,Unknown,Stationary,Turning an object like a didh is typically a stationary action as it does not involve movement from one location to another or any other form of locomotion.
224603,8a00f6f3-696f-4ec7-bc8b-d30f361eb9e0,2241.559882590886,#c c picks the hunger,Unknown,Essential Operation,
225239,4e3fc1e9-424f-4921-9068-d468c135f347,65.5775496,#C C drops the cotton wool,Unknown,Object Transfer,"The action of dropping the cotton wool is a deliberate placement of the object onto a surface, which fits the criteria for 'Object Transfer'."
225243,4e3fc1e9-424f-4921-9068-d468c135f347,73.2864196,#C C drops the cotton wool,Unknown,Object Transfer,"The action of dropping the cotton wool onto a surface is a deliberate placement, which fits the criteria for 'Object Transfer'."
225265,4e3fc1e9-424f-4921-9068-d468c135f347,125.3762796,#C C drops the bottle with his right hand,Unknown,Object Transfer,"The action of dropping the bottle is a deliberate placement of the object onto a surface, which fits the criteria for 'Object Transfer'."
225329,eaa817af-b7e0-4f0a-8156-73834cf1157b,21.8969996,#O woman Y drops the table,Unknown,Object Transfer,
225344,eaa817af-b7e0-4f0a-8156-73834cf1157b,51.0866496,#O woman Y drops the card,Unknown,Object Transfer,"The action of dropping the card is a deliberate placement onto a surface, which fits the criteria for 'Object Transfer'."
225349,eaa817af-b7e0-4f0a-8156-73834cf1157b,55.3121796,#C C hits the table,Unknown,Locomotion,"The action 'C hits the table' does not fit into the categories of Object Transfer, Essential Operation, Search, or Stationary. It involves a sudden movement or action that could be considered a form of locomotion or a quick motion that does not fit the other categories."
225358,eaa817af-b7e0-4f0a-8156-73834cf1157b,70.8930996,#C C drops the card,Unknown,Object Transfer,"The action of dropping the card onto a surface is a deliberate placement, which fits the criteria for 'Object Transfer'."
225367,eaa817af-b7e0-4f0a-8156-73834cf1157b,80.9683896,#O woman Y drops the card,Unknown,Object Transfer,"The action of dropping the card is a deliberate placement of the object onto a surface, which fits the criteria for 'Object Transfer'."
225381,eaa817af-b7e0-4f0a-8156-73834cf1157b,100.1607696,#O woman Y drops the card,Unknown,Object Transfer,"The action of dropping the card is a deliberate placement of the object onto a surface, which fits the criteria for 'Object Transfer'."
225391,eaa817af-b7e0-4f0a-8156-73834cf1157b,117.6834196,#C C drops the card,Unknown,Object Transfer,"The current action involves a deliberate placement of the card onto a surface, which fits the criteria for 'Object Transfer'."
225408,eaa817af-b7e0-4f0a-8156-73834cf1157b,144.0216396,#C C drops the card,Unknown,Object Transfer,"The action of dropping the card is a deliberate placement onto a surface, which fits the criteria for 'Object Transfer'."
225415,eaa817af-b7e0-4f0a-8156-73834cf1157b,154.6127996,#O woman Y drops the card,Unknown,Object Transfer,"The action of dropping the card is a deliberate placement onto a surface, which fits the criteria for Object Transfer."
225436,eaa817af-b7e0-4f0a-8156-73834cf1157b,199.0088296,#O woman Y drops the card,Unknown,Object Transfer,"The action of dropping the card is a deliberate placement onto a surface, which fits the criteria for 'Object Transfer'."
225471,eaa817af-b7e0-4f0a-8156-73834cf1157b,260.41094960000004,#O woman Y drops the card,Unknown,Object Transfer,"The action of dropping the card is a deliberate placement of the object onto a surface, which fits the criteria for 'Object Transfer'."
225487,eaa817af-b7e0-4f0a-8156-73834cf1157b,291.9414509546634,#C C drops the card,Unknown,Object Transfer,"The action of dropping the card is a deliberate placement onto a surface, which fits the criteria for 'Object Transfer'."
225507,eaa817af-b7e0-4f0a-8156-73834cf1157b,318.6330809546634,#C C drops the card,Unknown,Object Transfer,"The action of dropping the card is a deliberate placement onto a surface, which fits the criteria for 'Object Transfer'."
225514,eaa817af-b7e0-4f0a-8156-73834cf1157b,327.7971709546634,#O woman Y drops the cards,Unknown,Object Transfer,"The action of dropping the cards is a deliberate placement onto a surface, which fits the criteria for 'Object Transfer'."
225537,eaa817af-b7e0-4f0a-8156-73834cf1157b,365.4450909546634,#O woman Y drops the card,Unknown,Object Transfer,"The action of dropping the card is a deliberate placement onto a surface, which fits the criteria for 'Object Transfer'."
225550,eaa817af-b7e0-4f0a-8156-73834cf1157b,395.8044109546634,#C C drops the card,Unknown,Object Transfer,"The action of dropping the card is a deliberate placement onto a surface, which fits the criteria for Object Transfer."
225553,eaa817af-b7e0-4f0a-8156-73834cf1157b,398.7180209546634,#O woman Y drops the card,Unknown,Object Transfer,"The action involves deliberately placing the card onto a surface, which fits the definition of 'Object Transfer'."
225574,eaa817af-b7e0-4f0a-8156-73834cf1157b,432.6520109546634,#O woman Y drops the card,Unknown,Object Transfer,"The action of dropping the card is a deliberate placement onto a surface, which fits the criteria for 'Object Transfer'."
225593,eaa817af-b7e0-4f0a-8156-73834cf1157b,478.3030409546634,#C C drops the card,Unknown,Object Transfer,"The action of dropping the card onto a surface is a deliberate placement, which fits the criteria for 'Object Transfer'."
225600,eaa817af-b7e0-4f0a-8156-73834cf1157b,486.6411709546634,#O woman Y drops the card,Unknown,Object Transfer,"The action of dropping the card is a deliberate placement of the object onto a surface, which fits the criteria for 'Object Transfer'."
225624,eaa817af-b7e0-4f0a-8156-73834cf1157b,537.1410309546634,#C C drops the card,Unknown,Object Transfer,"The action of dropping the card is a deliberate placement onto a surface, which fits the criteria for Object Transfer."
225644,eaa817af-b7e0-4f0a-8156-73834cf1157b,563.8262509546634,#C C hits the hand,Unknown,Essential Operation,"The action of hitting the hand is an essential operation, likely indicating a gesture or a form of interaction rather than a movement related to locomotion, object transfer, search, or stationary positioning."
225659,eaa817af-b7e0-4f0a-8156-73834cf1157b,596.8521109546634,#C C hits the table,Unknown,Locomotion,"The action of hitting the table can be considered a form of locomotion or movement, as it involves a forceful interaction with the environment."
225661,eaa817af-b7e0-4f0a-8156-73834cf1157b,605.4729009546634,#C C drops the card,Unknown,Object Transfer,"The action of dropping the card is a deliberate placement onto a surface, which fits the criteria for 'Object Transfer'."
225665,eaa817af-b7e0-4f0a-8156-73834cf1157b,611.1375609546634,#O woman Y drops the card,Unknown,Object Transfer,"The action of dropping the card is a deliberate placement of the object onto a surface, which fits the criteria for 'Object Transfer'."
225679,eaa817af-b7e0-4f0a-8156-73834cf1157b,629.7084709546634,#C C drops the card,Unknown,Object Transfer,"The action of dropping the card is a deliberate placement onto a surface, which fits the criteria for 'Object Transfer'."
225685,eaa817af-b7e0-4f0a-8156-73834cf1157b,635.9335409546634,#O woman Y drops the card,Unknown,Object Transfer,"The action of dropping the card is a deliberate placement onto a surface, which fits the criteria for 'Object Transfer'."
225689,eaa817af-b7e0-4f0a-8156-73834cf1157b,638.4297209546634,#C C hits the table,Unknown,Locomotion,"The action 'C hits the table' does not fit into the categories of Object Transfer, Essential Operation, Search, or Stationary. It is more indicative of a sudden movement or reaction, which can be classified under Locomotion as a quick action involving the body."
225691,eaa817af-b7e0-4f0a-8156-73834cf1157b,641.4533609546634,#C C hits the table,Unknown,Essential Operation,"The action of hitting the table is an essential operation, such as creating a sound or marking a point in a game."
225695,eaa817af-b7e0-4f0a-8156-73834cf1157b,652.1795909546634,#C C drops the card,Unknown,Object Transfer,"The action of dropping the card onto a surface is a deliberate placement, which fits the criteria for 'Object Transfer'."
225713,eaa817af-b7e0-4f0a-8156-73834cf1157b,680.7932609546634,#C C drops the card,Unknown,Object Transfer,"The action of dropping the card is a deliberate placement of the object onto a surface, which fits the criteria for 'Object Transfer'."
225719,eaa817af-b7e0-4f0a-8156-73834cf1157b,687.7694009546634,#O woman Y drops the card,Unknown,Object Transfer,"The action of dropping the card is a deliberate placement onto a surface, which fits the criteria for Object Transfer."
225733,eaa817af-b7e0-4f0a-8156-73834cf1157b,741.3842009546634,#C C drops the card,Unknown,Object Transfer,"The action of dropping the card is a deliberate placement of the object onto a surface, which fits the criteria for 'Object Transfer'."
225740,eaa817af-b7e0-4f0a-8156-73834cf1157b,756.1392409546634,#O woman Y drops the card,Unknown,Object Transfer,"The action of dropping the card is a deliberate placement onto a surface, which fits the criteria for 'Object Transfer'."
225749,eaa817af-b7e0-4f0a-8156-73834cf1157b,771.0025309546634,#C C drops the card,Unknown,Object Transfer,"The action of dropping the card is a deliberate placement of the object onto a surface, which fits the criteria for 'Object Transfer'."
225756,eaa817af-b7e0-4f0a-8156-73834cf1157b,788.3462709546634,#O woman Y drops the cared,Unknown,Object Transfer,"The action involves dropping an object (the card) onto a surface, which is a form of deliberate placement."
225770,eaa817af-b7e0-4f0a-8156-73834cf1157b,817.4917809546635,#C C drops the card,Unknown,Object Transfer,"The action of dropping the card is a deliberate placement onto a surface, which fits the criteria for 'Object Transfer'."
225776,eaa817af-b7e0-4f0a-8156-73834cf1157b,822.2968309546634,#O woman Y drops the card,Unknown,Object Transfer,"The action involves the deliberate placement of the card onto a surface, which fits the criteria for 'Object Transfer'."
225795,eaa817af-b7e0-4f0a-8156-73834cf1157b,866.7463109546634,#C C drops the card,Unknown,Object Transfer,"The action of dropping the card onto a surface is a deliberate placement, which fits the criteria for 'Object Transfer'."
225801,eaa817af-b7e0-4f0a-8156-73834cf1157b,874.1460409546634,#O woman Y drops the card,Unknown,Object Transfer,"The current action involves the woman dropping the card, which is a deliberate placement of the object onto a surface. This fits the criteria for 'Object Transfer'."
225805,eaa817af-b7e0-4f0a-8156-73834cf1157b,877.6982609546634,#O woman Y drops the card,Unknown,Object Transfer,"The action of dropping the card is a deliberate placement of the object onto a surface, which fits the criteria for 'Object Transfer'."
225817,eaa817af-b7e0-4f0a-8156-73834cf1157b,897.4646109546634,#C C hits the table,Unknown,Locomotion,"The action of hitting the table does not fit into the categories of 'Object Transfer', 'Essential Operation', 'Search', or 'Stationary'. Hitting the table can be considered a form of locomotion or movement, albeit a small one, as it involves a physical action that is not static."
225833,eaa817af-b7e0-4f0a-8156-73834cf1157b,934.3378309546632,#O woman Y drops the card,Unknown,Object Transfer,"The action of dropping the card is a deliberate placement of the object onto a surface, which fits the criteria for 'Object Transfer'."
225844,eaa817af-b7e0-4f0a-8156-73834cf1157b,958.8523709546636,#C C drops the card,Unknown,Object Transfer,"The action of dropping the card onto a surface is considered a deliberate placement, which fits the criteria for 'Object Transfer'."
225852,eaa817af-b7e0-4f0a-8156-73834cf1157b,968.1828509546634,#O woman Y drops the card,Unknown,Object Transfer,"The action of dropping the card is a deliberate placement onto a surface, which fits the criteria for Object Transfer."
225863,eaa817af-b7e0-4f0a-8156-73834cf1157b,995.9380109546634,#C C drops the card,Unknown,Object Transfer,"The action of dropping the card is a deliberate placement of the object onto a surface, which fits the criteria for 'Object Transfer'."
225867,eaa817af-b7e0-4f0a-8156-73834cf1157b,1001.3330709546634,#O woman Y drops the card,Unknown,Object Transfer,"The action of dropping the card is a deliberate placement onto a surface, which fits the criteria for Object Transfer."
225886,eaa817af-b7e0-4f0a-8156-73834cf1157b,1063.5506709546632,#C C drops the card,Unknown,Object Transfer,"The action of dropping the card is a deliberate placement onto a surface, which fits the criteria for 'Object Transfer'."
225897,eaa817af-b7e0-4f0a-8156-73834cf1157b,1080.9831409546632,#O woman Y drops the card,Unknown,Object Transfer,"The action of dropping the card is a deliberate placement of the object onto a surface, which fits the criteria for 'Object Transfer'."
225908,eaa817af-b7e0-4f0a-8156-73834cf1157b,1111.4035509546634,#C C drops the card,Unknown,Object Transfer,"The action of dropping the card is a deliberate placement onto a surface, which fits the criteria for Object Transfer."
225923,eaa817af-b7e0-4f0a-8156-73834cf1157b,1143.4491709546633,#C C hits the table,Unknown,Locomotion,"The action of hitting the table could be interpreted as a form of locomotion if C is expressing frustration or releasing energy through movement. However, given the context of checking cards and looking around, it seems more likely that C is making a gesture or movement that involves hitting the table, which can be categorized under locomotion as it involves a physical action that could influence or express a state of being."
225926,eaa817af-b7e0-4f0a-8156-73834cf1157b,1155.2689609546633,#C C hits the table,Unknown,Object Transfer,"The action of 'C hits the table' indicates a deliberate placement of an object onto a surface, which fits the criteria for 'Object Transfer'."
225933,eaa817af-b7e0-4f0a-8156-73834cf1157b,1186.345580954663,#C C drops the card,Unknown,Object Transfer,"The action of dropping the card is a deliberate placement onto a surface, which fits the criteria for 'Object Transfer'."
225957,eaa817af-b7e0-4f0a-8156-73834cf1157b,1637.175670954663,#O A lady X drops a card,Unknown,Object Transfer,"The action of dropping a card is a deliberate placement of the object onto a surface, which fits the criteria for 'Object Transfer'."
225965,eaa817af-b7e0-4f0a-8156-73834cf1157b,1666.779850954663,#O A lady X drops a card,Unknown,Object Transfer,"The action of dropping a card is a deliberate placement onto a surface, which fits the criteria for 'Object Transfer'."
225971,eaa817af-b7e0-4f0a-8156-73834cf1157b,1680.216830954663,#O A lady X drops a card,Unknown,Object Transfer,"The action of dropping a card onto a surface is a deliberate placement, which fits the criteria for 'Object Transfer'."
225980,eaa817af-b7e0-4f0a-8156-73834cf1157b,1709.257650954663,#O A lady X drops a card,Unknown,Object Transfer,"The action of dropping a card onto a surface is a deliberate placement, which fits the criteria for 'Object Transfer'."
225987,eaa817af-b7e0-4f0a-8156-73834cf1157b,1727.185130954663,#O A lady X drops a card,Unknown,Object Transfer,"The action of dropping a card onto a surface is a deliberate placement, which fits the criteria for 'Object Transfer'."
225997,eaa817af-b7e0-4f0a-8156-73834cf1157b,1742.3469109546631,#O A lady X drops a card,Unknown,Object Transfer,"The action of dropping a card is a deliberate placement onto a surface, which fits the criteria for 'Object Transfer'."
226005,eaa817af-b7e0-4f0a-8156-73834cf1157b,1788.468910954663,#O A lady X drops a card,Unknown,Object Transfer,"The action of dropping a card onto a surface is a deliberate placement, which fits the criteria for 'Object Transfer'."
226096,eaa817af-b7e0-4f0a-8156-73834cf1157b,2652.595200954664,#O A lady X scratches the eye,Unknown,Essential Operation,"Scratching the eye is an essential operation that does not involve locomotion, object transfer, search, or stationary actions."
226112,eaa817af-b7e0-4f0a-8156-73834cf1157b,2706.050340954664,#O A lady X drops a card,Unknown,Object Transfer,"The action of dropping a card is a deliberate placement onto a surface, which fits the criteria for 'Object Transfer'."
226118,eaa817af-b7e0-4f0a-8156-73834cf1157b,2747.244160954664,#C C drops a card,Unknown,Object Transfer,"The action of dropping a card is a deliberate placement onto a surface, which fits the criteria for 'Object Transfer'."
226127,eaa817af-b7e0-4f0a-8156-73834cf1157b,2771.671950954664,#C C drops a card,Unknown,Object Transfer,"The action of dropping a card is a deliberate placement of the object onto a surface, which fits the criteria for 'Object Transfer'."
226131,eaa817af-b7e0-4f0a-8156-73834cf1157b,2799.4783609546635,#O A lady X drops a card,Unknown,Object Transfer,"The action of dropping a card is a deliberate placement onto a surface, which fits the criteria for 'Object Transfer'."
226135,eaa817af-b7e0-4f0a-8156-73834cf1157b,2807.862240954664,#C C drops a card,Unknown,Object Transfer,"The current action involves a deliberate placement of the card onto a surface, which fits the criteria for 'Object Transfer'."
226143,eaa817af-b7e0-4f0a-8156-73834cf1157b,2836.5891009546635,#C C drops a card,Unknown,Object Transfer,"The current action involves a deliberate placement of an object (dropping a card), which aligns with the definition of 'Object Transfer'."
226147,eaa817af-b7e0-4f0a-8156-73834cf1157b,2842.075210954664,#O A lady X drops a card,Unknown,Object Transfer,"The action of dropping a card is a deliberate placement onto a surface, which fits the criteria for 'Object Transfer'."
226156,eaa817af-b7e0-4f0a-8156-73834cf1157b,2901.7055509546635,#C C drops a card,Unknown,Object Transfer,"The action of dropping a card is a deliberate placement onto a surface, which fits the criteria for Object Transfer."
226160,eaa817af-b7e0-4f0a-8156-73834cf1157b,2912.9850909546635,#O A lady X drops a card,Unknown,Object Transfer,"The action of dropping a card is a deliberate placement onto a surface, which fits the criteria for 'Object Transfer'."
226166,eaa817af-b7e0-4f0a-8156-73834cf1157b,2927.095590954664,#C C drops a card,Unknown,Object Transfer,"The action of dropping a card is a deliberate placement onto a surface, which fits the criteria for 'Object Transfer'."
226170,eaa817af-b7e0-4f0a-8156-73834cf1157b,2933.0097209546634,#O A lady X drops a card,Unknown,Object Transfer,"The action of dropping a card onto a surface is a deliberate placement, which fits the criteria for 'Object Transfer'."
226172,eaa817af-b7e0-4f0a-8156-73834cf1157b,2942.483360954664,#C C drops a card,Unknown,Object Transfer,"The action of dropping a card is a deliberate placement of the object onto a surface, which fits the criteria for 'Object Transfer'."
226176,eaa817af-b7e0-4f0a-8156-73834cf1157b,2958.161230954664,#O A lady X drops a card,Unknown,Object Transfer,"The action of dropping a card is a deliberate placement, which fits the criteria for 'Object Transfer'."
226182,eaa817af-b7e0-4f0a-8156-73834cf1157b,2970.607490954664,#C C drops a card,Unknown,Object Transfer,"The action of dropping a card is a deliberate placement of the object onto a surface, which fits the criteria for 'Object Transfer'."
226214,97ab9564-34c2-4272-97ec-8c4f2f76e117,84.29139,#O lady x drops the ball with the left hand,Unknown,Object Transfer,"The action of dropping the ball with the left hand is a deliberate placement of the object onto a surface, which fits the criteria for 'Object Transfer'."
226227,97ab9564-34c2-4272-97ec-8c4f2f76e117,102.66331,#O lady x drops the ball on the desk,Unknown,Object Transfer,"The action of dropping the ball onto the desk is a deliberate placement, which fits the criteria for 'Object Transfer'."
226868,51eb2565-5911-45c0-9472-23c5b3400840,3068.4208809546635,#C C drops the greater,Unknown,Object Transfer,"The action of dropping the greater onto a surface indicates a deliberate placement, which fits the criteria for 'Object Transfer'."
226877,51eb2565-5911-45c0-9472-23c5b3400840,3113.711120954664,#C C drops the greater,Unknown,Object Transfer,"The action of dropping the greater is a deliberate placement of the object onto a surface, which fits the criteria for Object Transfer."
226878,51eb2565-5911-45c0-9472-23c5b3400840,3114.929320954664,#C C throws a rubbish,Unknown,Object Transfer,"The action of throwing a rubbish is a deliberate placement of an object onto a surface, which fits the criteria for 'Object Transfer'."
226927,7844c399-e3ce-42f7-a31b-324d477217aa,136.89696859999998,#C C touches #unsure,Unknown,Object Transfer,"The action of touching an object, especially in the context of previous object transfers, suggests a deliberate placement or interaction with the object, which falls under the 'Object Transfer' category."
227045,3fc288bb-1082-4ec5-96a7-75bb61144b11,159.27162,#C C drops the bottle on the metal,Unknown,Object Transfer,"The action of dropping the bottle onto the metal surface is a deliberate placement, which fits the criteria for 'Object Transfer'."
227059,3fc288bb-1082-4ec5-96a7-75bb61144b11,219.11911,#C C drops the tool on the metal,Unknown,Object Transfer,"The action of dropping the tool onto the metal is a deliberate placement, which fits the criteria for 'Object Transfer'."
227072,3fc288bb-1082-4ec5-96a7-75bb61144b11,281.05175,#C C drops the hammer on the metal,Unknown,Object Transfer,"The action of dropping the hammer onto the metal surface is a deliberate placement, which fits the criteria for 'Object Transfer'."
227082,3fc288bb-1082-4ec5-96a7-75bb61144b11,305.282,#C C drops the electric driller on the metal,Unknown,Object Transfer,"The action of dropping the electric driller onto the metal surface indicates a deliberate placement of the object, which fits the criteria for 'Object Transfer'."
227083,3fc288bb-1082-4ec5-96a7-75bb61144b11,305.97186,#C C drops the tool on the metal,Unknown,Object Transfer,"The action of dropping the electric driller onto the metal surface is a deliberate placement, which fits the criteria for 'Object Transfer'."
227102,3fc288bb-1082-4ec5-96a7-75bb61144b11,381.5469,#C C drops the table on the metal,Unknown,Object Transfer,"The action involves C dropping the table onto a metal surface, which is a deliberate placement of an object. This fits the criteria for 'Object Transfer'."
227107,3fc288bb-1082-4ec5-96a7-75bb61144b11,394.4262,#C C drops the plier on the metal,Unknown,Object Transfer,"The action of dropping the plier onto the metal is a deliberate placement, which fits the criteria for 'Object Transfer'."
227109,3fc288bb-1082-4ec5-96a7-75bb61144b11,409.98124,#C C drops the pressure gauge part on the metal,Unknown,Object Transfer,"The action of dropping the pressure gauge part onto the metal surface indicates a deliberate placement, which fits the criteria for 'Object Transfer'."
227113,3fc288bb-1082-4ec5-96a7-75bb61144b11,426.38993,#C C drops the plier on the metal,Unknown,Object Transfer,"The action of dropping the plier onto the metal is a deliberate placement, which fits the criteria for 'Object Transfer'."
227126,3fc288bb-1082-4ec5-96a7-75bb61144b11,477.90503,#C C drops the screwdriver on the metal,Unknown,Object Transfer,"The action of dropping the screwdriver onto the metal surface is a deliberate placement, which fits the criteria for 'Object Transfer'."
227134,3fc288bb-1082-4ec5-96a7-75bb61144b11,496.72872,#C C drops the piece of paper on the metal,Unknown,Object Transfer,"The action involves a deliberate placement of the piece of paper onto the metal surface, which fits the criteria for 'Object Transfer'."
227148,3fc288bb-1082-4ec5-96a7-75bb61144b11,541.3550446666667,#C C drops the wrench on the metal,Unknown,Object Transfer,"The action of dropping the wrench onto the metal surface is a deliberate placement, which fits the criteria for 'Object Transfer'."
227432,bb4a305f-c76c-420a-9acf-a020c535e742,1855.07376,#C C drops book on laps,Unknown,Object Transfer,"The action of dropping the book onto the laps is a deliberate placement of the object, which fits the criteria for 'Object Transfer'."
227493,bb4a305f-c76c-420a-9acf-a020c535e742,2409.0022566666667,#C C drops cat arm from her lap,Unknown,Object Transfer,"The action involves deliberately placing the cat's arm from C's lap, which fits the criteria for an Object Transfer."
229090,669b3fbf-3658-4943-9f28-54b2251a7e61,1916.7629319791663,#C C hits camera flash cube with the right finger,Unknown,Essential Operation,"The action of hitting the camera flash cube with the right finger is likely part of a cleaning or maintenance process, similar to the previous action of wiping the cube with a cotton swab."
229275,19b066ae-77ed-4930-8d0b-2316cd2b5edd,291.81587526666664,#C C drops a sting in a toilet,Unknown,Object Transfer,"The action of dropping a string into a toilet is a deliberate placement of the object, which fits the criteria for 'Object Transfer'."
229276,19b066ae-77ed-4930-8d0b-2316cd2b5edd,292.77986526666666,#C C flashes the toilet,Unknown,Object Transfer,"The action of dropping a sting into a toilet at t-1 suggests a deliberate placement or transfer of an object. The current action of flashing the toilet does not fit into the provided taxonomy categories, but the previous action does imply an object transfer."
229283,19b066ae-77ed-4930-8d0b-2316cd2b5edd,305.2832552666667,#C C drops the toothpaste,Unknown,Object Transfer,"The action of dropping the toothpaste is a deliberate placement of the object onto a surface, which fits the criteria for 'Object Transfer'."
229291,19b066ae-77ed-4930-8d0b-2316cd2b5edd,330.4293752666667,#C C drops the toothbrush,Unknown,Object Transfer,"The action of dropping the toothbrush is a deliberate placement of the object onto a surface, which fits the criteria for 'Object Transfer'."
229318,19b066ae-77ed-4930-8d0b-2316cd2b5edd,444.8064952666667,#C C drops the cup,Unknown,Object Transfer,"The action of dropping the cup onto a surface is a deliberate placement, which fits the criteria for 'Object Transfer'."
229325,19b066ae-77ed-4930-8d0b-2316cd2b5edd,461.2502652666666,#C C drops the water bottle,Unknown,Object Transfer,"The action of dropping the water bottle is a deliberate placement onto a surface, which fits the criteria for 'Object Transfer'."
229329,19b066ae-77ed-4930-8d0b-2316cd2b5edd,465.3556552666667,#C C drops the spoon,Unknown,Object Transfer,"The action of dropping the spoon is a deliberate placement of the object onto a surface, which fits the criteria for 'Object Transfer'."
229337,19b066ae-77ed-4930-8d0b-2316cd2b5edd,479.46698526666665,#C C drops the scouring pad,Unknown,Object Transfer,"The action of dropping the scouring pad is a deliberate placement onto a surface, which fits the criteria for Object Transfer."
229339,19b066ae-77ed-4930-8d0b-2316cd2b5edd,483.44228526666666,#C C drops the folk,Unknown,Object Transfer,"The action of dropping the folk is a deliberate placement onto a surface, which fits the criteria for 'Object Transfer'."
229345,19b066ae-77ed-4930-8d0b-2316cd2b5edd,500.5724552666666,#C C drops the water bottle,Unknown,Object Transfer,"The action of dropping the water bottle is a deliberate placement of the object onto a surface, which fits the criteria for 'Object Transfer'."
229348,19b066ae-77ed-4930-8d0b-2316cd2b5edd,554.7940252666667,#C C drops the pot,Unknown,Object Transfer,"The action of dropping the pot is a deliberate placement onto a surface, which fits the criteria for 'Object Transfer'."
229349,19b066ae-77ed-4930-8d0b-2316cd2b5edd,557.0703952666668,#C C shakes the mug on the cooker.,Unknown,Object Transfer,"The action of shaking the mug on the cooker can be interpreted as a deliberate placement or interaction with the mug, which fits the 'Object Transfer' category."
229443,19b066ae-77ed-4930-8d0b-2316cd2b5edd,2435.534565266667,#C C drops the phone,Unknown,Object Transfer,"The action of dropping the phone is a deliberate placement of the object onto a surface, which fits the criteria for 'Object Transfer'."
229487,f0164f5d-c87e-4296-9e20-2166586c1ebd,46.96585,#C C drops a knife,Unknown,Object Transfer,"The action of dropping a knife onto a surface is a deliberate placement, which fits the criteria for 'Object Transfer'."
229491,f0164f5d-c87e-4296-9e20-2166586c1ebd,52.47903,#C C drops the pliers,Unknown,Object Transfer,"The action of dropping the pliers is a deliberate placement of the object onto a surface, which fits the criteria for 'Object Transfer'."
229497,f0164f5d-c87e-4296-9e20-2166586c1ebd,76.40712,#C C drops of the knife,Unknown,Object Transfer,"The action of dropping the knife is a deliberate placement of the object onto a surface, which fits the criteria for 'Object Transfer'."
229514,f0164f5d-c87e-4296-9e20-2166586c1ebd,240.85509,#C C drops the wire cable,Unknown,Object Transfer,"The action of dropping the wire cable is a deliberate placement of the object onto a surface, which fits the criteria for 'Object Transfer'."
229518,f0164f5d-c87e-4296-9e20-2166586c1ebd,259.08401,#C C drops the pliers,Unknown,Object Transfer,"The action of dropping the pliers is a deliberate placement onto a surface, which fits the criteria for 'Object Transfer'."
229722,8327741f-773a-4868-902b-0fe25708e0b9,386.08008493789066,#c c fixes camera,Unknown,Essential Operation,"The current action of fixing the camera seems to be a deliberate and purposeful action, likely for recording or adjusting the view, which falls under the category of Essential Operation."
229725,8327741f-773a-4868-902b-0fe25708e0b9,397.8336149378906,#c c fixes camera,Unknown,Essential Operation,"The action of fixing a camera is a deliberate and purposeful operation, which falls under the category of Essential Operation."
229893,7c8a9c21-ba3c-41b8-a7e0-be7311fde0ee,16.2719486,#C C the foam slips off.,Unknown,Essential Operation,"The action describes an event where the foam slips off, which is a continuation of the previous essential operations involving the foam."
229975,7c8a9c21-ba3c-41b8-a7e0-be7311fde0ee,146.2454186,#C C the knife slips in the sink.,Unknown,Essential Operation,"The current action describes an incident where the knife slips in the sink, which is an extension of the previous essential operation actions involving cleaning and placing the knife."
230378,7c8a9c21-ba3c-41b8-a7e0-be7311fde0ee,908.9017917832356,#C C drops the container lid,Unknown,Object Transfer,"The action of dropping the container lid onto a surface is a deliberate placement, which fits the criteria for 'Object Transfer'."
230464,7c8a9c21-ba3c-41b8-a7e0-be7311fde0ee,1099.772955596833,#C C drops the box,Unknown,Object Transfer,"The action of dropping the box is a deliberate placement of the object onto a surface, which fits the criteria for 'Object Transfer'."
230516,7c8a9c21-ba3c-41b8-a7e0-be7311fde0ee,1215.255735596833,#C C drops the brush,Unknown,Object Transfer,"The action of dropping the brush is a deliberate placement of the object onto a surface, which fits the criteria for 'Object Transfer'."
230761,3b989129-a310-4aa9-85f5-e5e9a90df99b,430.17145864583335,#C C drops bowl,Unknown,Object Transfer,"The action of dropping the bowl is a deliberate placement of the object onto a surface, which fits the criteria for 'Object Transfer'."
230765,3b989129-a310-4aa9-85f5-e5e9a90df99b,446.2884486458333,#C C drops #unsure,Unknown,Object Transfer,"The action of dropping an object onto a surface is considered a deliberate placement, which falls under the 'Object Transfer' category."
230773,3b989129-a310-4aa9-85f5-e5e9a90df99b,480.8953586458333,#C C drops pan,Unknown,Object Transfer,"The action of dropping the pan is a deliberate placement of the object onto a surface, which fits the criteria for 'Object Transfer'."
230775,3b989129-a310-4aa9-85f5-e5e9a90df99b,488.58351864583335,#C C drops bowl,Unknown,Object Transfer,"The action of dropping the bowl is a deliberate placement onto a surface, which fits the criteria for 'Object Transfer'."
230781,3b989129-a310-4aa9-85f5-e5e9a90df99b,531.4839686458333,#C C drops pan,Unknown,Object Transfer,"The action of dropping the pan is a deliberate placement of the object onto a surface, which fits the criteria for 'Object Transfer'."
230785,3b989129-a310-4aa9-85f5-e5e9a90df99b,544.8323886458334,#C C drops pan,Unknown,Object Transfer,"The action of dropping the pan is a deliberate placement of the object onto a surface, which fits the criteria for 'Object Transfer'."
230786,3b989129-a310-4aa9-85f5-e5e9a90df99b,546.1488186458333,#C C drops #unsure,Unknown,Object Transfer,"The action of dropping an object onto a surface is a deliberate placement, which fits the criteria for 'Object Transfer'."
231307,08f5fcdf-c038-4e1f-a1e9-b5939900feba,1062.2151119333334,#C C drops the sponge,Unknown,Object Transfer,"The action of dropping the sponge is a deliberate placement of the object onto a surface, which fits the criteria for 'Object Transfer'."
231345,24902050-6f9d-42bc-aa7d-ecf468d89eef,43.4890596,#C C drops the plier in his gloved right hand on the scaffold.,Unknown,Object Transfer,"The action involves deliberately placing the plier onto the scaffold, which fits the criteria for Object Transfer."
231356,24902050-6f9d-42bc-aa7d-ecf468d89eef,91.5834396,#C C drops the bulb in his gloved right hand on the scaffold.,Unknown,Object Transfer,"The action of dropping the bulb onto the scaffold is a deliberate placement, which fits the criteria for 'Object Transfer'."
231358,24902050-6f9d-42bc-aa7d-ecf468d89eef,92.7969996,#C C drops the bulb in his gloved right hand on the scaffold.,Unknown,Object Transfer,"The action involves deliberately placing the bulb onto the scaffold, which fits the criteria for 'Object Transfer'."
231359,24902050-6f9d-42bc-aa7d-ecf468d89eef,93.3207696,#C C drops the allen key in his gloved right hand on the scaffold.,Unknown,Object Transfer,"The action involves deliberately placing the allen key onto the scaffold, which fits the criteria for 'Object Transfer'."
231363,24902050-6f9d-42bc-aa7d-ecf468d89eef,102.3480896,#C C drops the drill in his gloved right hand on the scaffold.,Unknown,Object Transfer,"The action of dropping the drill onto the scaffold is a deliberate placement, which fits the criteria for 'Object Transfer'."
231379,24902050-6f9d-42bc-aa7d-ecf468d89eef,142.0705296,#C C drops the drill in his gloved right hand on the scaffold.,Unknown,Object Transfer,"The action of dropping the drill onto the scaffold is a deliberate placement of the object onto a surface, which fits the criteria for 'Object Transfer'."
231389,24902050-6f9d-42bc-aa7d-ecf468d89eef,155.5970796,#C C drops the plier in his gloved right hand on the scaffold.,Unknown,Object Transfer,"The action of dropping the plier onto the scaffold is a deliberate placement, which fits the criteria for 'Object Transfer'."
231390,24902050-6f9d-42bc-aa7d-ecf468d89eef,155.5970796,#C C drops the bulb socket in his gloved right hand on the scaffold.,Unknown,Object Transfer,"The action involves deliberately placing the bulb socket onto the scaffold, which fits the criteria for Object Transfer."
231394,24902050-6f9d-42bc-aa7d-ecf468d89eef,172.4520396,#C C drops the drill in his gloved right hand on the scaffold.,Unknown,Object Transfer,"The action of dropping the drill onto the scaffold is a deliberate placement of the object onto a surface, which fits the criteria for 'Object Transfer'."
231406,24902050-6f9d-42bc-aa7d-ecf468d89eef,230.1423696,#C C drops the bulbs in his gloved right hand in the flood light in his gloved left hand.,Unknown,Object Transfer,"The action involves deliberately placing the bulbs into the flood light, which fits the criteria for an Object Transfer."
231411,24902050-6f9d-42bc-aa7d-ecf468d89eef,237.4748496,#C C drops the drill in his gloved right hand on his left hand.,Unknown,Object Transfer,"The action involves deliberately placing the drill in his left hand, which fits the definition of 'Object Transfer'."
231600,57ee481e-2386-4a28-8d4c-ed8c9bdf08d8,480.78806095466337,#C C drops the glass cup back on the table,Unknown,Object Transfer,"The action of dropping the glass cup back onto the table is a deliberate placement, which fits the criteria for 'Object Transfer'."
231665,57ee481e-2386-4a28-8d4c-ed8c9bdf08d8,1123.8393842879966,#C C drops the glass cup of water on the table,Unknown,Object Transfer,"The action of dropping the glass cup of water onto the table is a deliberate placement, which fits the criteria for 'Object Transfer'."
231777,ab6ef383-ac01-400e-b96f-6032d66b887f,1029.8775376136718,#C C drops the band,Unknown,Object Transfer,"The action of dropping the band onto a surface is a deliberate placement, which fits the criteria for 'Object Transfer'."
231788,ab6ef383-ac01-400e-b96f-6032d66b887f,1118.207578294824,#C C fixes the camera,Unknown,Essential Operation,"Fixing the camera is a deliberate action aimed at adjusting or setting up the camera, which falls under the category of performing a necessary task or operation."
231799,9148ceed-6983-4303-a560-2cbde805ee85,28.44975,#C C drops a plastic white p.v.c adapter on a wooden bench,Unknown,Object Transfer,"The action of dropping the plastic white p.v.c adapter onto a wooden bench is a deliberate placement, which fits the criteria for 'Object Transfer'."
232185,a9c13069-d229-4e09-92e8-bd6cf3c3448a,342.0819709546634,#C C drops the napkins on the cabinet.,Unknown,Object Transfer,"The action involves deliberately placing the napkins onto the cabinet, which fits the criteria for Object Transfer."
232216,a9c13069-d229-4e09-92e8-bd6cf3c3448a,550.1633509546633,#C C drops the napkins on the cabinet.,Unknown,Object Transfer,"The action of dropping the napkins onto the cabinet is a deliberate placement of an object, which fits the definition of 'Object Transfer'."
232421,a9c13069-d229-4e09-92e8-bd6cf3c3448a,1217.686630954663,#C C drops the mixer on the on the toaster.,Unknown,Object Transfer,"The action involves C dropping the mixer onto the toaster, which is a deliberate placement of an object onto a surface."
232535,a9c13069-d229-4e09-92e8-bd6cf3c3448a,1932.827370954663,#C C drops the pack of oranges.,Unknown,Object Transfer,"The action of dropping the pack of oranges is a deliberate placement of the object onto a surface, which fits the criteria for 'Object Transfer'."
233176,29928d46-5209-4d00-9fbf-b5c056845ded,15.0980486,#C C drops the packet of microfiber towels on the chair,Unknown,Object Transfer,"The action involves deliberately placing the packet of microfiber towels onto the chair, which fits the criteria for Object Transfer."
233264,fcc1b592-f210-4e4a-a2e4-2dd811ae9b2b,438.090775926709,#C C drops the vacuum cleaner,Unknown,Object Transfer,"The action of dropping the vacuum cleaner is a deliberate placement onto a surface, which fits the criteria for 'Object Transfer'."
233329,fcc1b592-f210-4e4a-a2e4-2dd811ae9b2b,710.7422465842612,#C C pulls on the wire with his leg,Unknown,Locomotion,"The action of pulling on the wire with his leg is a movement related to locomotion, as it involves using his leg to interact with the environment."
233596,6c03be74-4692-4e3e-8eab-01f9f8e0d3ba,3.9856496,#C C drops the piece of cloth on the ground,Unknown,Object Transfer,"The action involves deliberately placing the piece of cloth onto the ground, which fits the definition of an Object Transfer."
233635,6c03be74-4692-4e3e-8eab-01f9f8e0d3ba,152.0046096,#C C drops the vacuum cleaner on the ground,Unknown,Object Transfer,"The action of dropping the vacuum cleaner onto the ground is a deliberate placement of the object, which fits the criteria for 'Object Transfer'."
233642,6c03be74-4692-4e3e-8eab-01f9f8e0d3ba,160.5152396,#C C drops the vacuum cleaner on the ground,Unknown,Object Transfer,"The action of dropping the vacuum cleaner onto the ground is a deliberate placement, which fits the criteria for 'Object Transfer'."
233705,6c03be74-4692-4e3e-8eab-01f9f8e0d3ba,313.7041909546634,#C C drops the loose part of the wand on the ground with his left hand,Unknown,Object Transfer,"The action involves deliberately placing the loose part of the wand onto the ground, which fits the criteria for Object Transfer."
233731,6c03be74-4692-4e3e-8eab-01f9f8e0d3ba,364.2255209546634,#C C drops the loose part of the wand on the seat of the car with his left hand,Unknown,Object Transfer,"The action involves deliberately placing the loose part of the wand onto the seat, which fits the criteria for an Object Transfer."
233740,6c03be74-4692-4e3e-8eab-01f9f8e0d3ba,378.46579095466336,#C C drops the wand under the seat of the car,Unknown,Object Transfer,"The action of dropping the wand under the seat of the car is a deliberate placement of the object, which fits the criteria for 'Object Transfer'."
233801,6c03be74-4692-4e3e-8eab-01f9f8e0d3ba,514.1530709546633,#C C drops the wire on the ground #unsure,Unknown,Object Transfer,"The action of dropping the wire onto the ground is a deliberate placement, which fits the criteria for 'Object Transfer'."
233817,6c03be74-4692-4e3e-8eab-01f9f8e0d3ba,545.2193556213301,#C C drops the loose part of the wand on the ground with his right hand,Unknown,Object Transfer,"The action involves deliberately placing an object (the loose part of the wand) onto a surface (the ground), which fits the criteria for 'Object Transfer'."
233916,6c03be74-4692-4e3e-8eab-01f9f8e0d3ba,1239.2147042879967,#C C drops spray cleaner,Unknown,Essential Operation,"The current action is a continuation of the cleaning process, which has been labeled as Essential Operation in the previous actions."
233942,70c8bd4f-bfe1-4fb5-82ad-7d763cc28935,108.39957,#C C drops the screwdriver on the ground.,Unknown,Object Transfer,"The action of dropping the screwdriver on the ground is a deliberate placement of the object onto a surface, which fits the criteria for 'Object Transfer'."
234105,70c8bd4f-bfe1-4fb5-82ad-7d763cc28935,605.0737466666667,#C C drops the engine oil on the ground with his gloved right hand.,Unknown,Object Transfer,"The action of dropping the engine oil onto the ground is a deliberate placement, which fits the criteria for 'Object Transfer'."
234112,70c8bd4f-bfe1-4fb5-82ad-7d763cc28935,613.0655066666667,#C C drops the piece of cloth in his gloved left hand on the workshop table.,Unknown,Object Transfer,"The action involves deliberately placing the piece of cloth onto the workshop table, which fits the criteria for Object Transfer."
234169,70c8bd4f-bfe1-4fb5-82ad-7d763cc28935,755.2141266666666,#C C drops the orange T spanner in his gloved right hand on the ground.,Unknown,Object Transfer,"The action involves C deliberately placing the T spanner on the ground, which fits the criteria for Object Transfer."
234176,70c8bd4f-bfe1-4fb5-82ad-7d763cc28935,763.3928966666667,#C C drops the bolt on the ground with his gloved right hand.,Unknown,Object Transfer,"The action of dropping the bolt onto the ground is a deliberate placement of the object, which fits the criteria for 'Object Transfer'."
234177,70c8bd4f-bfe1-4fb5-82ad-7d763cc28935,780.1969766666666,#C C drops the screwdriver on the ground with his gloved right hand.,Unknown,Object Transfer,"The action of dropping the screwdriver onto the ground is a deliberate placement, which fits the criteria for 'Object Transfer'."
234181,70c8bd4f-bfe1-4fb5-82ad-7d763cc28935,785.8065766666666,#C C drops the bolt on the ground with his gloved left hand.,Unknown,Object Transfer,"The action of dropping the bolt onto the ground is a deliberate placement, which fits the criteria for 'Object Transfer'."
234196,70c8bd4f-bfe1-4fb5-82ad-7d763cc28935,813.8409066666667,#C C drops the screw driver in his gloved right hand on the ground.,Unknown,Object Transfer,"The action of dropping the screwdriver onto the ground is a deliberate placement, which fits the criteria for 'Object Transfer'."
234197,70c8bd4f-bfe1-4fb5-82ad-7d763cc28935,814.0649766666667,#C C drops the cylinder kit on the ground with his gloved left hand. #unsure,Unknown,Object Transfer,"The action involves deliberately placing the cylinder kit onto the ground, which fits the definition of 'Object Transfer' as a deliberate placement action."
234214,70c8bd4f-bfe1-4fb5-82ad-7d763cc28935,838.7296266666667,#C C drops the tissue paper on the ground with his gloved right hand.,Unknown,Object Transfer,"The action of dropping the tissue paper onto the ground is a deliberate placement, which fits the criteria for 'Object Transfer'."
234588,d89ddccf-4845-4f01-8de2-23cde70c0a45,2752.4067319333326,#C C drops the cotton pad,Unknown,Object Transfer,"The action of dropping the cotton pad is a deliberate placement onto a surface, which fits the criteria for 'Object Transfer'."
234592,d89ddccf-4845-4f01-8de2-23cde70c0a45,2761.697081933333,#C C drops the cotton pad,Unknown,Object Transfer,"The action of dropping the cotton pad is a deliberate placement onto a surface, which fits the criteria for 'Object Transfer'."
234601,d89ddccf-4845-4f01-8de2-23cde70c0a45,2799.0296919333327,#C C drops the cotton pad,Unknown,Object Transfer,"The action of dropping the cotton pad is a deliberate placement onto a surface, which fits the criteria for Object Transfer."
234799,36ee5431-8d3f-4773-b158-2b42932666aa,203.0920896,#C C drops the glass of water on the table with his left hand.,Unknown,Object Transfer,"The action of dropping the glass of water onto the table is a deliberate placement, which fits the criteria for 'Object Transfer'."
235116,5474eff5-4722-4d8d-8f04-ff32ab411a2e,817.6903809546634,#C C drops soap,Unknown,Object Transfer,"The action of dropping the soap is a deliberate placement onto a surface, which fits the criteria for 'Object Transfer'."
235122,5474eff5-4722-4d8d-8f04-ff32ab411a2e,831.4120609546634,#C C drops sponge,Unknown,Object Transfer,"The action involves deliberately placing the sponge onto a surface, which fits the criteria for Object Transfer."
235133,5474eff5-4722-4d8d-8f04-ff32ab411a2e,847.9543109546635,#C C drops sponge,Unknown,Essential Operation,"The action of dropping the sponge is likely part of the cleaning process, which is an essential operation."
235136,5474eff5-4722-4d8d-8f04-ff32ab411a2e,851.3302509546634,#C C drops spoon,Unknown,Object Transfer,"The action of dropping the spoon is a deliberate placement onto a surface, which fits the criteria for 'Object Transfer'."
235140,5474eff5-4722-4d8d-8f04-ff32ab411a2e,874.9696209546635,#C C drops sponge,Unknown,Object Transfer,"The action of dropping the sponge onto a surface is a deliberate placement, which fits the criteria for 'Object Transfer'."
235160,5474eff5-4722-4d8d-8f04-ff32ab411a2e,926.5566009546634,#C C drops towel,Unknown,Object Transfer,"The action of dropping the towel is a deliberate placement of the object onto a surface, which fits the criteria for 'Object Transfer'."
235252,7156f0b1-8a17-4dd2-860f-9de4aceb4646,366.55061,#C C drops bucket,Unknown,Object Transfer,"The action of dropping the bucket onto a surface is a deliberate placement, which fits the criteria for 'Object Transfer'."
236281,15260985-2664-4bb5-af9c-d65e11ea8bb5,292.102,#C C shakes the furniture design on the furniture,Unknown,Stationary,"Shaking the furniture design does not involve movement from one location to another, hitting, or transferring objects. It is more of a stationary action where C is examining or adjusting the design on the furniture."
236396,3ebd870a-d4bd-488d-bd5c-5a606747ad84,19.069408600000003,#C C drops a flower,Unknown,Object Transfer,"The action of dropping a flower is a deliberate placement of the object onto a surface, which fits the criteria for 'Object Transfer'."
236663,ca1773b8-ec8e-4f61-8e8f-7e4211830793,566.1544509546634,#O The man Y flips his right hand.,Unknown,Essential Operation,"The action of flipping one's hand is considered an essential operation as it involves a basic movement that is not related to locomotion, object transfer, search, or stationary positioning."
237719,1348c9f9-fc8b-40c7-b1ab-5b6281e5d390,652.635433610905,#C C drops a trowel,Unknown,Object Transfer,"The action of dropping a trowel onto a surface is a deliberate placement, which fits the criteria for 'Object Transfer'."
237726,1348c9f9-fc8b-40c7-b1ab-5b6281e5d390,662.5686636109051,#C C drops a trowel,Unknown,Object Transfer,"The action of dropping a trowel is a deliberate placement of the object onto a surface, which fits the criteria for 'Object Transfer'."
237831,1348c9f9-fc8b-40c7-b1ab-5b6281e5d390,942.0423234828124,#C C dumbs the weeds.,Unknown,Object Transfer,"The action of 'dumbing the weeds' is likely a typo for 'dumping the weeds', which indicates a deliberate placement of the weeds into a bin or onto a surface. This fits the criteria for Object Transfer."
238174,cf90f24b-32de-452a-b154-03ca5e47099a,275.7600696,#C C pinches his left leg with his right hand.,Unknown,Essential Operation,"The action of pinching one's leg is likely an essential operation, such as checking for injuries or applying pressure."
238469,84d6855a-242b-44a6-b48d-2db302b5ea7a,205.11122,#C C drops the screw in the bucket,Unknown,Object Transfer,"The action of dropping the screw into the bucket is a deliberate placement of the object onto a surface, which fits the criteria for 'Object Transfer'."
238471,84d6855a-242b-44a6-b48d-2db302b5ea7a,207.43108,#C C drops the screw in the bucket,Unknown,Object Transfer,"The action of dropping the screw into the bucket is a deliberate placement of the object onto a surface, which fits the criteria for 'Object Transfer'."
238487,84d6855a-242b-44a6-b48d-2db302b5ea7a,228.05609,#C C drops the screw in the bucket,Unknown,Object Transfer,"The action involves placing an object (the screw) onto a surface (the bucket), which fits the definition of deliberate placement."
238768,5f2be256-1298-4876-a310-cc9c7e80774a,516.5801887027317,#C C drops #unsure,Unknown,Object Transfer,"The action of dropping an item onto a surface is a deliberate placement, which fits the criteria for 'Object Transfer'."
238783,5f2be256-1298-4876-a310-cc9c7e80774a,601.9626621677083,#C C drops #unsure,Unknown,Object Transfer,"The action of dropping an object is a deliberate placement onto a surface, which fits the criteria for 'Object Transfer'."
238785,5f2be256-1298-4876-a310-cc9c7e80774a,605.5899121677083,#C C drops #unsure,Unknown,Object Transfer,"The action of dropping an object onto a surface is a deliberate placement, which fits the criteria for 'Object Transfer'."
238788,5f2be256-1298-4876-a310-cc9c7e80774a,612.8487621677084,#C C drops #unsure,Unknown,Object Transfer,"The action of dropping an object onto a surface is a deliberate placement, which fits the criteria for 'Object Transfer'."
238790,5f2be256-1298-4876-a310-cc9c7e80774a,618.9383521677084,#C C drops #unsure,Unknown,Object Transfer,"The action of dropping an object onto a surface is a deliberate placement, which fits the criteria for 'Object Transfer'."
238791,5f2be256-1298-4876-a310-cc9c7e80774a,625.9178621677083,#C C drops #unsure,Unknown,Object Transfer,"The action of dropping an object onto a surface is considered a deliberate placement, which fits the definition of 'Object Transfer'."
238794,5f2be256-1298-4876-a310-cc9c7e80774a,629.5524221677084,#C C drops #unsure,Unknown,Object Transfer,"The action of dropping an object onto a surface is considered a deliberate placement, which fits the criteria for 'Object Transfer'."
238797,5f2be256-1298-4876-a310-cc9c7e80774a,633.5689421677084,#C C drops #unsure,Unknown,Object Transfer,"The action of dropping an object onto a surface is considered a deliberate placement, which fits the definition of 'Object Transfer'."
238800,5f2be256-1298-4876-a310-cc9c7e80774a,642.1972321677084,#C C drops a card,Unknown,Object Transfer,"The action of dropping a card is a deliberate placement onto a surface, which fits the criteria for 'Object Transfer'."
238802,5f2be256-1298-4876-a310-cc9c7e80774a,645.4706321677083,#C C drops a card,Unknown,Object Transfer,"The action of dropping a card is a deliberate placement onto a surface, which fits the criteria for 'Object Transfer'."
238818,5f2be256-1298-4876-a310-cc9c7e80774a,675.7549121677084,#C C drops a pen,Unknown,Object Transfer,"The action of dropping a pen is a deliberate placement of the object onto a surface, which fits the criteria for 'Object Transfer'."
238827,5f2be256-1298-4876-a310-cc9c7e80774a,735.5371121677084,#C C drops #unsure,Unknown,Object Transfer,"The current action involves dropping an object onto a surface, which is a deliberate placement action. This aligns with the definition of 'Object Transfer' as it involves the intentional placement of an object."
238831,5f2be256-1298-4876-a310-cc9c7e80774a,745.5985321677084,#C C drops a book,Unknown,Object Transfer,"The action of dropping a book is a deliberate placement of the object onto a surface, which fits the criteria for 'Object Transfer'."
238836,5f2be256-1298-4876-a310-cc9c7e80774a,819.7099521677084,#C C drops #unsure,Unknown,Object Transfer,"The action involves deliberately placing an object onto a surface, which fits the definition of 'Object Transfer'."
238839,5f2be256-1298-4876-a310-cc9c7e80774a,825.2402953925853,#C C does #unsure,Unknown,Essential Operation,"The current action appears to involve manipulating the cable, which is a continuation of the previous 'Essential Operation' where C was rotating the cable in his hands."
238843,5f2be256-1298-4876-a310-cc9c7e80774a,841.7411053925853,#C C drops a receipt,Unknown,Object Transfer,"The action of dropping a receipt is a deliberate placement onto a surface, which fits the criteria for 'Object Transfer'."
238870,5f2be256-1298-4876-a310-cc9c7e80774a,879.1861153925853,#C C drops #unsure,Unknown,Object Transfer,"The action of dropping an object is a deliberate placement onto a surface, which fits the criteria for 'Object Transfer'."
238881,5f2be256-1298-4876-a310-cc9c7e80774a,895.2825253925853,#C C drops #unsure,Unknown,Object Transfer,"The action of dropping an object onto a surface is a deliberate placement, which fits the criteria for 'Object Transfer'."
238884,5f2be256-1298-4876-a310-cc9c7e80774a,898.3886453925853,#C C pulls #unsure,Unknown,Object Transfer,"The current action involves pulling an object, which can be considered a form of deliberate placement or movement of an object, fitting the 'Object Transfer' category."
238888,5f2be256-1298-4876-a310-cc9c7e80774a,905.7670353925852,#C C drops #unsure,Unknown,Object Transfer,"The current action involves C dropping something, which is a deliberate placement action. This fits the description of 'Object Transfer' as it involves placing an object onto a surface."
238891,5f2be256-1298-4876-a310-cc9c7e80774a,909.9203153925852,#C C drops a brush,Unknown,Object Transfer,"The action involves deliberately placing an object (dropping a brush) onto a surface, which fits the criteria for Object Transfer."
238929,5f2be256-1298-4876-a310-cc9c7e80774a,1044.252155392585,#C C drops medicine,Unknown,Object Transfer,"The action of dropping the medicine is a deliberate placement onto a surface, which fits the criteria for 'Object Transfer'."
238931,5f2be256-1298-4876-a310-cc9c7e80774a,1045.7048453925854,#C C drops a remote,Unknown,Object Transfer,"The action of dropping a remote is a deliberate placement onto a surface, which fits the criteria for 'Object Transfer'."
238933,5f2be256-1298-4876-a310-cc9c7e80774a,1047.0580053925853,#C C drops #unsure,Unknown,Object Transfer,"The action of dropping the remote is a deliberate placement onto a surface, which fits the criteria for 'Object Transfer'."
238935,5f2be256-1298-4876-a310-cc9c7e80774a,1048.5261053925854,#C C drops goggles,Unknown,Object Transfer,"The action of dropping the goggles is a deliberate placement onto a surface, which fits the criteria for 'Object Transfer'."
238962,5f2be256-1298-4876-a310-cc9c7e80774a,1083.8432387259186,#C C drops #unsure,Unknown,Object Transfer,"The current action involves C dropping an item, which is a deliberate placement onto a surface, fitting the criteria for 'Object Transfer'."
238977,5f2be256-1298-4876-a310-cc9c7e80774a,1138.9748713701824,#C C does #unsure,Unknown,Stationary,"The current action does not provide a clear context, but based on the previous actions, it seems like C is interacting with personal items in a stationary manner."
238982,5f2be256-1298-4876-a310-cc9c7e80774a,1146.7973513701822,#C C drops #unsure,Unknown,Object Transfer,"The current action involves C dropping an object, which is a deliberate placement action. This fits the criteria for 'Object Transfer' as it involves the transfer of an object to a surface or container."
238985,5f2be256-1298-4876-a310-cc9c7e80774a,1152.7096213701825,#C C drops #unsure,Unknown,Object Transfer,"The action of dropping an object onto a surface is a deliberate placement, which fits the criteria for 'Object Transfer'."
238988,5f2be256-1298-4876-a310-cc9c7e80774a,1157.0378013701825,#C C touches #unsure,Unknown,Object Transfer,"The current action involves touching an object, which in the context of the previous actions (dropping objects into containers) suggests a deliberate placement or interaction with the object. Therefore, it is classified as 'Object Transfer'."
239957,41309ada-0a81-47b2-bdd1-453a178db18a,565.54392,#C C drops the bicycle,Unknown,Object Transfer,"The action of dropping the bicycle onto a surface can be considered a deliberate placement, which fits the criteria for 'Object Transfer'."
239988,41309ada-0a81-47b2-bdd1-453a178db18a,732.87644,#C C drops the tray of seedlings,Unknown,Object Transfer,"The action of dropping the tray of seedlings is a deliberate placement onto a surface, which fits the criteria for 'Object Transfer'."
239993,41309ada-0a81-47b2-bdd1-453a178db18a,762.9631899999999,#C C drops the container,Unknown,Object Transfer,"The action of dropping the container is a deliberate placement of the object onto a surface, which fits the criteria for 'Object Transfer'."
239997,41309ada-0a81-47b2-bdd1-453a178db18a,794.88612,#C C drops the container,Unknown,Object Transfer,"The action of dropping the container is a deliberate placement onto a surface, which fits the criteria for 'Object Transfer'."
239998,41309ada-0a81-47b2-bdd1-453a178db18a,803.07365,#C C drops the container,Unknown,Object Transfer,"The action of dropping the container is a deliberate placement onto a surface, which fits the criteria for 'Object Transfer'."
240033,41309ada-0a81-47b2-bdd1-453a178db18a,960.16991,#C C drops the seedlings,Unknown,Object Transfer,"The action of dropping the seedlings is a deliberate placement onto a surface, which fits the criteria for 'Object Transfer'."
240047,41309ada-0a81-47b2-bdd1-453a178db18a,1004.31343,#C C drops the seedlings,Unknown,Object Transfer,"The action of dropping the seedlings is a deliberate placement of the object onto a surface, which fits the definition of 'Object Transfer'."
240051,41309ada-0a81-47b2-bdd1-453a178db18a,1012.2588,#C C drops the seedlings,Unknown,Object Transfer,"The action of dropping the seedlings is a deliberate placement of the object onto a surface, which fits the criteria for 'Object Transfer'."
240056,41309ada-0a81-47b2-bdd1-453a178db18a,1025.74086,#C C drops the seedlings,Unknown,Object Transfer,"The action of dropping the seedlings is a deliberate placement of the object onto a surface, which fits the criteria for 'Object Transfer'."
240063,41309ada-0a81-47b2-bdd1-453a178db18a,1066.6648393333337,#C C drops the seedlings,Unknown,Object Transfer,"The action of dropping the seedlings is a deliberate placement of the object onto a surface, which fits the criteria for 'Object Transfer'."
240067,41309ada-0a81-47b2-bdd1-453a178db18a,1079.4935893333334,#C C drops the seedlings,Unknown,Object Transfer,"The action of dropping the seedlings is a deliberate placement of the object onto a surface, which fits the criteria for 'Object Transfer'."
240071,41309ada-0a81-47b2-bdd1-453a178db18a,1085.2716193333335,#C C drops the seedlings,Unknown,Object Transfer,"The action involves deliberately placing the seedlings onto a surface, which fits the definition of an Object Transfer."
240235,35b37e37-6bb1-4131-be37-693e9b794a97,144.8841886,#O producer X drops the sachets on the laps.,Unknown,Object Transfer,"The action of dropping the sachets onto the laps is a deliberate placement, which fits the criteria for 'Object Transfer'."
240247,35b37e37-6bb1-4131-be37-693e9b794a97,178.6584686,#O producer X drops #unsure on the laps.,Unknown,Object Transfer,"The action of dropping an object onto a surface (laps) is a deliberate placement, which fits the criteria for 'Object Transfer'."
240284,35b37e37-6bb1-4131-be37-693e9b794a97,406.96403748202863,#C C drops #unsure,Unknown,Object Transfer,"The action of dropping an object onto a surface is a deliberate placement, which fits the criteria for Object Transfer."
240286,35b37e37-6bb1-4131-be37-693e9b794a97,411.4742874820287,#C C the item to the cat on the floor.,Unknown,Object Transfer,"The current action involves transferring an item to a cat on the floor, which fits the definition of an Object Transfer as it involves deliberate placement."
240620,e0b22a37-836a-4231-a5ec-98114c311d32,0.2660296,#C C drops his right hand.,Unknown,Stationary,Dropping one's hand is a stationary action as it does not involve movement or interaction with the environment.
241073,4d95da89-5c7c-4c47-8772-e783db6d7c0c,396.13586267065335,#C C drops the knife,Unknown,Object Transfer,"The action of dropping the knife is a deliberate placement of the object onto a surface, which fits the criteria for 'Object Transfer'."
241089,4d95da89-5c7c-4c47-8772-e783db6d7c0c,504.18134267065335,#C C drops the knife and the brush,Unknown,Object Transfer,"The action of dropping the knife and the brush indicates a deliberate placement of objects onto a surface, which fits the criteria for 'Object Transfer'."
241099,4d95da89-5c7c-4c47-8772-e783db6d7c0c,553.2564326706535,#C C fixes the camera,Unknown,Stationary,"Fixing the camera is a deliberate action that does not involve movement or transfer of objects, and it is typically a stationary activity."
241116,b5d0eb9a-2064-4dc0-a123-b220b1046995,73.73507,#O the man X drops the paper on an engine.,Unknown,Object Transfer,"The action of dropping the paper onto the engine is a deliberate placement, which fits the criteria for 'Object Transfer'."
241178,b5d0eb9a-2064-4dc0-a123-b220b1046995,338.50151,#C C drops the ring spanner on the workbench.,Unknown,Object Transfer,"The action of dropping the ring spanner onto the workbench is a deliberate placement, which fits the criteria for 'Object Transfer'."
241185,b5d0eb9a-2064-4dc0-a123-b220b1046995,350.73521,#C C drops the bolt on the workbench.,Unknown,Object Transfer,"The action of dropping the bolt onto the workbench is a deliberate placement, which fits the criteria for 'Object Transfer'."
241202,b5d0eb9a-2064-4dc0-a123-b220b1046995,382.22386,#C C drops a screw on the workbench with his right hand.,Unknown,Object Transfer,"The action involves deliberately placing the screw onto the workbench, which fits the criteria for Object Transfer."
241259,b5d0eb9a-2064-4dc0-a123-b220b1046995,562.03867,#C C drops the piece of engine. #Unsure,Unknown,Object Transfer,"The action involves deliberately placing the piece of engine onto a surface, which fits the definition of 'Object Transfer'."
241302,ac4cf994-4099-4082-bb9d-c5c4456df71d,56.75161,#C C drops both plates.,Unknown,Object Transfer,"The action of dropping the plates is a deliberate placement of the objects onto a surface, which fits the criteria for 'Object Transfer'."
241307,ac4cf994-4099-4082-bb9d-c5c4456df71d,63.27917,#C C drops both plates.,Unknown,Object Transfer,"The action of dropping the plates is a deliberate placement of the objects onto a surface, which fits the criteria for 'Object Transfer'."
241509,434a5651-9901-4b32-b782-d9a2bb52e805,1302.9087252666666,#c c throws golfs,Unknown,Locomotion,The action of throwing a golf ball involves movement and is best categorized under Locomotion.
241609,434a5651-9901-4b32-b782-d9a2bb52e805,1775.1347119333332,#c c throws golf down,Unknown,Object Transfer,"The action of throwing an object (golf ball) can be considered a deliberate placement or interaction with the object, fitting the criteria for 'Object Transfer'."
241672,434a5651-9901-4b32-b782-d9a2bb52e805,2109.253091933333,#c c raises golf cart,Unknown,Object Transfer,"Raising the golf cart is a deliberate action of moving and positioning the object, which fits the criteria for Object Transfer."
242435,d9b4c3ac-7b2c-4454-a84f-c216a9129909,101.9242896,#C C hits the bag,Unknown,Object Transfer,"The action of hitting the bag could be interpreted as placing or dropping the bag onto a surface, which fits the criteria for 'Object Transfer'."
242678,25eca07b-a5e2-433e-b7c0-24b5d8e153de,1217.5581471449218,#C C Withdraws left hand from #unsure,Unknown,Stationary,"The action describes a hand movement that does not involve locomotion, object transfer, search, or any other form of deliberate interaction with the environment. It is a stationary action as it involves the withdrawal of the hand without any significant movement or interaction."
242779,e6884440-93b1-4202-8668-460ff075c63f,11.5174386,#C C drops packaging bag,Unknown,Object Transfer,"The action of dropping the packaging bag is a deliberate placement onto a surface, which fits the criteria for 'Object Transfer'."
242782,e6884440-93b1-4202-8668-460ff075c63f,17.555348600000002,#C C drops part of cloth,Unknown,Object Transfer,"The action of dropping part of the cloth is a deliberate placement onto a surface, which fits the criteria for 'Object Transfer'."
242784,e6884440-93b1-4202-8668-460ff075c63f,24.4131086,#C C drops cloth,Unknown,Object Transfer,"The action of dropping the cloth is a deliberate placement onto a surface, which fits the criteria for 'Object Transfer'."
242793,e6884440-93b1-4202-8668-460ff075c63f,56.3111486,#C C drops iron box,Unknown,Object Transfer,"The action of dropping the iron box is a deliberate placement onto a surface, which fits the criteria for 'Object Transfer'."
242803,e6884440-93b1-4202-8668-460ff075c63f,130.07202859999998,#C C drops iron box,Unknown,Object Transfer,"The action of dropping the iron box onto a surface is a deliberate placement, which fits the criteria for 'Object Transfer'."
242808,e6884440-93b1-4202-8668-460ff075c63f,137.24042859999997,#C C drops cloth,Unknown,Object Transfer,"The action of dropping the cloth onto a surface is a deliberate placement, which fits the criteria for 'Object Transfer'."
242812,e6884440-93b1-4202-8668-460ff075c63f,143.4435586,#C C drops cloth,Unknown,Object Transfer,"The action of dropping the cloth is a deliberate placement of the object onto a surface, which fits the criteria for 'Object Transfer'."
242816,e6884440-93b1-4202-8668-460ff075c63f,147.47340859999997,#C C drops cloth,Unknown,Object Transfer,"The action of dropping the cloth onto a surface is a deliberate placement, which fits the criteria for 'Object Transfer'."
242818,e6884440-93b1-4202-8668-460ff075c63f,155.46222859999995,#C C drops cloth,Unknown,Object Transfer,"The action of dropping the cloth is a deliberate placement onto a surface, which fits the criteria for 'Object Transfer'."
242832,e6884440-93b1-4202-8668-460ff075c63f,212.5700286,#C C drops iron box,Unknown,Object Transfer,"The action of dropping the iron box is a deliberate placement of the object onto a surface, which fits the criteria for 'Object Transfer'."
242842,e6884440-93b1-4202-8668-460ff075c63f,240.8214786,#C C drops iron box,Unknown,Object Transfer,"The action of dropping the iron box is a deliberate placement of the object onto a surface, which fits the criteria for 'Object Transfer'."
242847,e6884440-93b1-4202-8668-460ff075c63f,310.3908892852933,#C C drops shirt,Unknown,Object Transfer,"The action of dropping the shirt is a deliberate placement onto a surface, which fits the criteria for 'Object Transfer'."
242851,e6884440-93b1-4202-8668-460ff075c63f,408.9880392852933,#C C drops iron box,Unknown,Object Transfer,"The action of dropping the iron box is a deliberate placement onto a surface, which fits the criteria for 'Object Transfer'."
242854,e6884440-93b1-4202-8668-460ff075c63f,415.4389392852933,#C C drops shirt,Unknown,Object Transfer,"The action of dropping the shirt is a deliberate placement onto a surface, which fits the criteria for 'Object Transfer'."
242858,e6884440-93b1-4202-8668-460ff075c63f,448.0430392852933,#C C drops iron box,Unknown,Object Transfer,"The action of dropping the iron box is a deliberate placement onto a surface, which fits the criteria for 'Object Transfer'."
242871,e6884440-93b1-4202-8668-460ff075c63f,506.0317292852933,#C C drops iron box,Unknown,Object Transfer,"The action of dropping the iron box is a deliberate placement of the object onto a surface, which fits the criteria for 'Object Transfer'."
242878,e6884440-93b1-4202-8668-460ff075c63f,542.6233192852934,#C C drops shirt,Unknown,Object Transfer,"The action of dropping the shirt is a deliberate placement onto a surface, which fits the criteria for 'Object Transfer'."
242884,e6884440-93b1-4202-8668-460ff075c63f,552.0622176136719,#C C drops cloth,Unknown,Object Transfer,"The current action involves C dropping a cloth, which is a deliberate placement onto a surface, similar to the previous actions of picking up and dropping items."
242887,e6884440-93b1-4202-8668-460ff075c63f,561.259567613672,#C C drops cloth,Unknown,Object Transfer,"The action of dropping the cloth is a deliberate placement onto a surface, which fits the criteria for 'Object Transfer'."
242891,e6884440-93b1-4202-8668-460ff075c63f,576.2486476136719,#C C drops iron box,Unknown,Object Transfer,"The action of dropping the iron box is a deliberate placement onto a surface, which fits the criteria for 'Object Transfer'."
242895,e6884440-93b1-4202-8668-460ff075c63f,587.546527613672,#C C drops cloth,Unknown,Object Transfer,"The action of dropping the cloth is a deliberate placement onto a surface, which fits the criteria for 'Object Transfer'."
242898,e6884440-93b1-4202-8668-460ff075c63f,596.886097613672,#C C drops cloth,Unknown,Object Transfer,"The action of dropping an object onto a surface is considered a deliberate placement, which fits the criteria for 'Object Transfer'."
242904,e6884440-93b1-4202-8668-460ff075c63f,612.6308776136719,#C C drops cable,Unknown,Object Transfer,"The action of dropping the cable is a deliberate placement onto a surface, which fits the criteria for 'Object Transfer'."
242908,e6884440-93b1-4202-8668-460ff075c63f,620.296337613672,#C C drops cloth,Unknown,Object Transfer,"The action of dropping the cloth onto a surface is a deliberate placement, which fits the criteria for 'Object Transfer'."
242912,e6884440-93b1-4202-8668-460ff075c63f,634.2741276136719,#C C drops cloth,Unknown,Object Transfer,"The action of dropping the cloth is a deliberate placement onto a surface, which fits the criteria for 'Object Transfer'."
242921,e6884440-93b1-4202-8668-460ff075c63f,677.336697613672,#C C drops iron box,Unknown,Object Transfer,"The action of dropping the iron box is a deliberate placement onto a surface, which fits the criteria for 'Object Transfer'."
242923,e6884440-93b1-4202-8668-460ff075c63f,682.0275876136719,#C C drops iron box,Unknown,Object Transfer,"The action of dropping the iron box is a deliberate placement onto a surface, which fits the criteria for 'Object Transfer'."
242926,e6884440-93b1-4202-8668-460ff075c63f,711.4925976136719,#C C drops iron box,Unknown,Object Transfer,"The action of dropping the iron box onto a surface is a deliberate placement, which fits the criteria for 'Object Transfer'."
242930,e6884440-93b1-4202-8668-460ff075c63f,716.083817613672,#C C drops iron box,Unknown,Object Transfer,"The action of dropping the iron box onto a surface is a deliberate placement, which fits the criteria for 'Object Transfer'."
242933,e6884440-93b1-4202-8668-460ff075c63f,738.6873076136719,#C C drops iron box,Unknown,Object Transfer,"The action of dropping the iron box onto a surface is a deliberate placement, which fits the criteria for 'Object Transfer'."
242936,e6884440-93b1-4202-8668-460ff075c63f,744.3502676136719,#C C drops cloth,Unknown,Object Transfer,"The action of dropping the cloth is a deliberate placement onto a surface, which fits the criteria for 'Object Transfer'."
242939,e6884440-93b1-4202-8668-460ff075c63f,758.116737613672,#C C drops iron box,Unknown,Object Transfer,"The action of dropping the iron box is a deliberate placement onto a surface, which fits the criteria for 'Object Transfer'."
242950,e6884440-93b1-4202-8668-460ff075c63f,869.8246216890702,#C C drops iron box,Unknown,Object Transfer,"The action of dropping the iron box is a deliberate placement onto a surface, which fits the criteria for Object Transfer."
242954,e6884440-93b1-4202-8668-460ff075c63f,921.2167116890702,#C C drops iron box,Unknown,Object Transfer,"The action of dropping the iron box is a deliberate placement onto a surface, which fits the criteria for Object Transfer."
242959,e6884440-93b1-4202-8668-460ff075c63f,948.74955168907,#C C drops iron box,Unknown,Object Transfer,"The action of dropping the iron box is a deliberate placement onto a surface, which fits the criteria for 'Object Transfer'."
242961,e6884440-93b1-4202-8668-460ff075c63f,955.0864016890704,#C C drops shirts,Unknown,Object Transfer,"The action of dropping the shirts is a deliberate placement onto a surface, which fits the criteria for 'Object Transfer'."
242965,e6884440-93b1-4202-8668-460ff075c63f,978.0744316890704,#C C drops iron box,Unknown,Object Transfer,"The action of dropping the iron box is a deliberate placement onto a surface, which fits the criteria for 'Object Transfer'."
242967,e6884440-93b1-4202-8668-460ff075c63f,981.5067816890702,#C C drops shirt,Unknown,Object Transfer,"The action of dropping the shirt is a deliberate placement onto a surface, which fits the criteria for 'Object Transfer'."
242971,e6884440-93b1-4202-8668-460ff075c63f,995.8090016890702,#C C drops iron box,Unknown,Object Transfer,"The action of dropping the iron box is a deliberate placement of the object onto a surface, which fits the criteria for 'Object Transfer'."
242977,e6884440-93b1-4202-8668-460ff075c63f,1015.9206116890704,#C C drops iron box,Unknown,Object Transfer,"The action of dropping the iron box onto a surface is a deliberate placement, which fits the criteria for 'Object Transfer'."
242981,e6884440-93b1-4202-8668-460ff075c63f,1029.4792616890702,#C C drops iron box,Unknown,Object Transfer,"The action of dropping the iron box is a deliberate placement of the object onto a surface, which fits the criteria for 'Object Transfer'."
242985,e6884440-93b1-4202-8668-460ff075c63f,1034.8142316890703,#C C drops shirt,Unknown,Object Transfer,"The action of dropping the shirt onto a surface is a deliberate placement, which fits the criteria for 'Object Transfer'."
242991,e6884440-93b1-4202-8668-460ff075c63f,1062.3910116890702,#C C drops trouser,Unknown,Object Transfer,"The action of dropping the trouser onto a surface is a deliberate placement, which fits the criteria for 'Object Transfer'."
242996,e6884440-93b1-4202-8668-460ff075c63f,1084.54818168907,#C C drops trouser,Unknown,Object Transfer,"The action of dropping the trouser is a deliberate placement onto a surface, which fits the criteria for 'Object Transfer'."
242999,e6884440-93b1-4202-8668-460ff075c63f,1092.234547144922,#C C drops cloth,Unknown,Object Transfer,"The action of dropping cloth is a deliberate placement onto a surface, which fits the criteria for 'Object Transfer'."
243002,e6884440-93b1-4202-8668-460ff075c63f,1098.7851171449215,#C C drops cloth,Unknown,Object Transfer,"The action of dropping the cloth is a deliberate placement onto a surface, which fits the criteria for 'Object Transfer'."
243019,e6884440-93b1-4202-8668-460ff075c63f,1162.5415871449218,#C C drops iron box,Unknown,Object Transfer,"The action of dropping the iron box is a deliberate placement of the object onto a surface, which fits the criteria for 'Object Transfer'."
243023,e6884440-93b1-4202-8668-460ff075c63f,1170.649597144922,#C C drops iron box,Unknown,Object Transfer,"The action of dropping the iron box onto a surface is a deliberate placement, which fits the criteria for 'Object Transfer'."
243029,e6884440-93b1-4202-8668-460ff075c63f,1178.3583971449218,#C C drops iron box,Unknown,Object Transfer,"The action of dropping the iron box is a deliberate placement onto a surface, which fits the criteria for 'Object Transfer'."
243032,e6884440-93b1-4202-8668-460ff075c63f,1190.0838271449218,#C C drops cloth,Unknown,Object Transfer,"The action of dropping the cloth is a deliberate placement onto a surface, which fits the criteria for 'Object Transfer'."
243037,e6884440-93b1-4202-8668-460ff075c63f,1199.3417571449218,#C C drops cloth,Unknown,Object Transfer,"The action of dropping the cloth is a deliberate placement onto a surface, which fits the criteria for 'Object Transfer'."
243042,e6884440-93b1-4202-8668-460ff075c63f,1217.1088671449218,#C C drops cloth,Unknown,Object Transfer,"The action of dropping the cloth onto a surface is a deliberate placement, which fits the criteria for 'Object Transfer'."
243046,e6884440-93b1-4202-8668-460ff075c63f,1230.0343171449215,#C C drops cloth,Unknown,Object Transfer,"The action of dropping the cloth is a deliberate placement onto a surface, which fits the criteria for 'Object Transfer'."
243050,e6884440-93b1-4202-8668-460ff075c63f,1238.306677144922,#C C drops cloth,Unknown,Object Transfer,"The action of dropping the cloth is a deliberate placement onto a surface, which fits the criteria for 'Object Transfer'."
243052,e6884440-93b1-4202-8668-460ff075c63f,1244.065507144922,#C C drops cloth,Unknown,Object Transfer,"The action of dropping the cloth onto a surface is a deliberate placement, which fits the criteria for 'Object Transfer'."
243063,e6884440-93b1-4202-8668-460ff075c63f,1295.7868071449218,#C C drops iron box,Unknown,Object Transfer,"The action of dropping the iron box onto a surface is a deliberate placement, which fits the criteria for 'Object Transfer'."
243067,e6884440-93b1-4202-8668-460ff075c63f,1309.2930371449218,#C C drops cloth,Unknown,Object Transfer,"The action of dropping the cloth is a deliberate placement onto a surface, which fits the criteria for 'Object Transfer'."
243071,e6884440-93b1-4202-8668-460ff075c63f,1336.3692071449218,#C C drops cloth,Unknown,Object Transfer,"The action of dropping the cloth is a deliberate placement onto a surface, which fits the criteria for 'Object Transfer'."
243076,e6884440-93b1-4202-8668-460ff075c63f,1350.0853671449215,#C C drops cloth,Unknown,Object Transfer,"The action of dropping the cloth is a deliberate placement onto a surface, which fits the criteria for 'Object Transfer'."
243091,e6884440-93b1-4202-8668-460ff075c63f,1446.369027213089,#C C drops iron box,Unknown,Object Transfer,"The action of dropping the iron box is a deliberate placement of the object onto a surface, which fits the criteria for 'Object Transfer'."
243099,e6884440-93b1-4202-8668-460ff075c63f,1460.1078972130892,#C C drops cloth,Unknown,Object Transfer,"The action of dropping the cloth is a deliberate placement onto a surface, which fits the criteria for 'Object Transfer'."
243102,e6884440-93b1-4202-8668-460ff075c63f,1464.174247213089,#C C drops cloth,Unknown,Object Transfer,"The action of dropping the cloth is a deliberate placement onto a surface, which fits the criteria for 'Object Transfer'."
243110,e6884440-93b1-4202-8668-460ff075c63f,1496.3078072130893,#C C drops iron box,Unknown,Object Transfer,"The action of dropping the iron box onto a surface is a deliberate placement, which fits the criteria for 'Object Transfer'."
243120,e6884440-93b1-4202-8668-460ff075c63f,1567.6282672130892,#C C drops iron box,Unknown,Object Transfer,"The action of dropping the iron box is a deliberate placement onto a surface, which fits the criteria for 'Object Transfer'."
243122,e6884440-93b1-4202-8668-460ff075c63f,1573.3750272130892,#C C drops iron box,Unknown,Object Transfer,"The action of dropping the iron box is a deliberate placement onto a surface, which fits the criteria for 'Object Transfer'."
243128,e6884440-93b1-4202-8668-460ff075c63f,1621.4633372130893,#C C drops iron box,Unknown,Object Transfer,"The action of dropping the iron box onto a surface is a deliberate placement, which fits the criteria for 'Object Transfer'."
243151,e6884440-93b1-4202-8668-460ff075c63f,1685.971401275781,#C C drops the shirt,Unknown,Object Transfer,"The action of dropping the shirt is a deliberate placement of the object onto a surface, which fits the criteria for 'Object Transfer'."
243238,e6884440-93b1-4202-8668-460ff075c63f,1859.404071275781,#C C drops shirt,Unknown,Object Transfer,"The action of dropping the shirt onto a surface is a deliberate placement, which fits the criteria for 'Object Transfer'."
243249,e6884440-93b1-4202-8668-460ff075c63f,1875.081821275781,#C C drops shirt,Unknown,Object Transfer,"The action of dropping the shirt is a deliberate placement onto a surface, which fits the criteria for 'Object Transfer'."
243310,d9e86651-f7ea-4656-bc74-1591f18f9a38,129.6589086,#c c dropos the sock,Unknown,Object Transfer,"The action of dropping the sock is a deliberate placement onto a surface, which fits the criteria for 'Object Transfer'."
244703,3f4bc54e-cddd-4255-973a-e9717de113dd,68.24926,#C C drops the plate on top the sink,Unknown,Object Transfer,"The action of dropping the plate onto the sink is a deliberate placement, which fits the criteria for 'Object Transfer'."
245567,a1614078-136a-4a11-a26d-abb4ced09c7d,9.4545986,#C C pulls the sleeve,Unknown,Locomotion,"The current action involves C pulling the sleeve, which is a movement related to the body and does not fit into the categories of Essential Operation, Object Transfer, Search, or Stationary. Therefore, it is classified as Locomotion."
245636,a1614078-136a-4a11-a26d-abb4ced09c7d,144.03654859999995,#C C pulls the sleeve,Unknown,Locomotion,"The action of pulling the sleeve is a movement related to the body, which falls under the category of Locomotion."
245689,a1614078-136a-4a11-a26d-abb4ced09c7d,214.3598786,#C C pulls the sleeve,Unknown,Stationary,Pulling the sleeve is a minor adjustment and does not involve movement or interaction with objects that would classify it under other categories.
245690,a1614078-136a-4a11-a26d-abb4ced09c7d,226.0835786,#C C pulls the sleeve,Unknown,Stationary,"Pulling the sleeve does not involve movement from one location to another, nor does it involve transferring an object or performing an essential operation. It is more of a stationary action involving adjusting one's clothing."
245695,a1614078-136a-4a11-a26d-abb4ced09c7d,256.20570860000004,#C C pulls the sleeve,Unknown,Locomotion,"The action of pulling the sleeve is related to movement or adjusting one's clothing, which falls under the category of Locomotion."
245698,a1614078-136a-4a11-a26d-abb4ced09c7d,279.3855286,#C C pulls the sleeve,Unknown,Stationary,"The action of pulling the sleeve is a deliberate and controlled movement that does not involve locomotion, object transfer, search, or any other category. It is a stationary action as it involves a person manipulating an object (sleeve) without moving from one place to another."
245777,7b277350-9926-42ef-b5f7-3ee000f3350a,90.9552486,#C C drops measuring tape,Unknown,Object Transfer,"The action of dropping the measuring tape is a deliberate placement of the object onto a surface, which fits the criteria for 'Object Transfer'."
245870,7b277350-9926-42ef-b5f7-3ee000f3350a,393.0230986,#C C drops tape measure outside,Unknown,Object Transfer,"The action of dropping the tape measure outside is a deliberate placement of the object onto a surface, which fits the criteria for 'Object Transfer'."
245877,7b277350-9926-42ef-b5f7-3ee000f3350a,416.0025786,#C C drops tape measure,Unknown,Object Transfer,"The action of dropping the tape measure onto a surface is a deliberate placement, which fits the criteria for 'Object Transfer'."
246775,d6cdaa3b-6310-44a3-92d3-dc354e6af60a,69.76810959999999,#C C drops the plastics,Unknown,Object Transfer,"The action of dropping the plastics is a deliberate placement onto a surface, which fits the criteria for 'Object Transfer'."
246906,f4251612-a623-40a0-9fc4-2016c4aa607d,62.8299986,#C C drops the speaker,Unknown,Object Transfer,"The action of dropping the speaker is a deliberate placement onto a surface, which fits the criteria for 'Object Transfer'."
246957,f4251612-a623-40a0-9fc4-2016c4aa607d,143.2712786,#C C drops the towel,Unknown,Object Transfer,"The action of dropping the towel is a deliberate placement onto a surface, which fits the criteria for 'Object Transfer'."
247003,f4251612-a623-40a0-9fc4-2016c4aa607d,204.5331586,#C C drops the linen towel,Unknown,Object Transfer,"The action of dropping the linen towel is a deliberate placement onto a surface, which fits the criteria for 'Object Transfer'."
247127,f4251612-a623-40a0-9fc4-2016c4aa607d,425.8171945938194,#C C,Unknown,Locomotion,"The current action continues the previous locomotion action, indicating that C is still in the process of moving."
247169,f4251612-a623-40a0-9fc4-2016c4aa607d,540.9692045938194,#C C drops the clothe in the bath tap,Unknown,Object Transfer,"The action of dropping the cloth into the bath tap is a deliberate placement of the object onto a surface, which fits the criteria for 'Object Transfer'."
247261,f4251612-a623-40a0-9fc4-2016c4aa607d,783.777617613672,#C C drops the book,Unknown,Object Transfer,"The action of dropping the book is a deliberate placement of the object onto a surface, which fits the criteria for 'Object Transfer'."
247300,f4251612-a623-40a0-9fc4-2016c4aa607d,861.4430679896484,#C C drops #unsure on the stairs,Unknown,Object Transfer,"The action of dropping an object onto the stairs is a deliberate placement, which fits the criteria for 'Object Transfer'."
247339,e4ab68fe-3560-4dc1-8dbf-f8d4df39f770,2.8042286000000005,#C C deeps the tomato paste,Unknown,Object Transfer,"The action of 'C deeps the tomato paste' seems to involve picking up or placing the tomato paste, which fits the definition of moving an object from one place to another."
247781,0296707b-0b42-45dd-98dc-ca8ce0a26a50,47.8155186,#C C kicks the ball with the right hand,Unknown,Locomotion,Kicking the ball is a form of locomotion as it involves movement and interaction with the environment to move the ball or oneself in a certain direction.
247827,12cc8ad3-5cee-457f-8657-1db8ed812558,32.12957,#C C drops the bowl on the engine oil gallon with his right hand.,Unknown,Object Transfer,"The action of dropping the bowl onto the engine oil gallon is a deliberate placement, which fits the criteria for 'Object Transfer'."
247837,12cc8ad3-5cee-457f-8657-1db8ed812558,47.23786,#C C drops the piece of newspaper in his right hand on the ground.,Unknown,Object Transfer,"The action of dropping the piece of newspaper onto the ground is a deliberate placement, which fits the criteria for 'Object Transfer'."
248325,7285237a-0729-4300-aac1-64fb06512370,1213.80442762133,#O The woman U drops the stone on the card.,Unknown,Object Transfer,"The action involves a deliberate placement of an object (the stone) onto a surface (the card), which fits the definition of 'Object Transfer'."
248343,7285237a-0729-4300-aac1-64fb06512370,1265.12574762133,#O The man T fiddles with the stone.,Unknown,Object Transfer,"The action of 'fiddling with the stone' implies a deliberate manipulation or placement of the object, which fits the criteria for 'Object Transfer'."
248366,7285237a-0729-4300-aac1-64fb06512370,1296.59989762133,#C C drops a card.,Unknown,Object Transfer,"The action of dropping a card is a deliberate placement onto a surface, which fits the criteria for 'Object Transfer'."
248367,7285237a-0729-4300-aac1-64fb06512370,1298.4913976213302,#O The man P drops the shuffled cards.,Unknown,Object Transfer,"The action involves the deliberate placement of the shuffled cards onto a surface, which fits the criteria for 'Object Transfer'."
248368,7285237a-0729-4300-aac1-64fb06512370,1300.31104762133,#O The woman V drops a card.,Unknown,Object Transfer,"The action of dropping the shuffled cards is a deliberate placement onto a surface, which fits the criteria for 'Object Transfer'."
248370,7285237a-0729-4300-aac1-64fb06512370,1314.42481762133,#O The woman V the reserved cards.,Unknown,Object Transfer,"The action involves the woman handling specific cards, which suggests a deliberate placement or transfer of objects."
248375,7285237a-0729-4300-aac1-64fb06512370,1321.78049762133,#O The man T drops a card.,Unknown,Object Transfer,"The action involves the deliberate placement of an object (dropping a card), which fits the criteria for 'Object Transfer'."
248377,7285237a-0729-4300-aac1-64fb06512370,1324.15317762133,#O The woman Q drops a card.,Unknown,Object Transfer,"The action involves a deliberate placement of an object (dropping a card), which fits the criteria for 'Object Transfer'."
248378,7285237a-0729-4300-aac1-64fb06512370,1325.83168762133,#O The man R drops a card.,Unknown,Object Transfer,"The action of dropping a card onto a surface is a deliberate placement, which fits the 'Object Transfer' category."
248379,7285237a-0729-4300-aac1-64fb06512370,1327.7759576213302,#O The woman U drops a card.,Unknown,Object Transfer,"The action of dropping a card onto a surface is a deliberate placement, which fits the criteria for 'Object Transfer'."
248631,7285237a-0729-4300-aac1-64fb06512370,2109.4907842879966,#O The man T fiddles with his stone.,Unknown,Essential Operation,"The action 'fiddles with his stone' suggests a repetitive or habitual motion that is not related to locomotion, object transfer, search, or a stationary position. It is an essential operation that the person is performing."
248633,7285237a-0729-4300-aac1-64fb06512370,2109.8146642879965,#O The woman Q fiddles with her stone.,Unknown,Stationary,"The action of 'fiddling with a stone' is a repetitive and stationary motion, indicating that the person is not moving around or performing a specific task but rather engaging in a habitual or idle activity."
248634,7285237a-0729-4300-aac1-64fb06512370,2105.6146342879965,#O The woman U fiddles with her stone.,Unknown,Essential Operation,"The action of 'fiddling with her stone' appears to be a repetitive and deliberate manipulation of an object, which is often categorized as an essential operation such as handling or adjusting personal items."
248638,7285237a-0729-4300-aac1-64fb06512370,2134.5060842879966,#O The man P drops his stone on the card.,Unknown,Object Transfer,"The action involves the man deliberately placing his stone onto the card, which fits the criteria for an Object Transfer."
248639,7285237a-0729-4300-aac1-64fb06512370,2135.0119842879967,#O The man T drops his stone on the card.,Unknown,Object Transfer,"The action involves the deliberate placement of an object (the stone) onto another object (the card), which fits the definition of 'Object Transfer'."
248799,7285237a-0729-4300-aac1-64fb06512370,2533.0150242879968,#O The woman U drops the card.,Unknown,Object Transfer,"The action of dropping the card onto a surface is a deliberate placement, which fits the criteria for 'Object Transfer'."
248801,7285237a-0729-4300-aac1-64fb06512370,2538.734794287997,#O The woman U drops the card.,Unknown,Object Transfer,"The action of dropping the card onto a surface is a deliberate placement, which fits the criteria for 'Object Transfer'."
248806,7285237a-0729-4300-aac1-64fb06512370,2546.7644342879967,#O The woman U drops the card.,Unknown,Object Transfer,"The action of dropping the card onto a surface is a deliberate placement, which fits the criteria for 'Object Transfer'."
248858,afbb32dd-a9f5-4086-aa3e-bfac55789e0b,492.3903409546634,#C C drops the soap bar.,Unknown,Object Transfer,"The action of dropping the soap bar is a deliberate placement of the object onto a surface, which fits the criteria for 'Object Transfer'."
248886,afbb32dd-a9f5-4086-aa3e-bfac55789e0b,631.7911609546634,#C C drops the iron on the ironing table with her right hand.,Unknown,Object Transfer,"The action of dropping the iron onto the ironing table is a deliberate placement, which fits the criteria for 'Object Transfer'."
248888,afbb32dd-a9f5-4086-aa3e-bfac55789e0b,640.2580809546635,#C C drops the iron on the ironing table with her right hand.,Unknown,Object Transfer,"The action of dropping the iron onto the ironing table is a deliberate placement, which fits the criteria for 'Object Transfer'."
248891,afbb32dd-a9f5-4086-aa3e-bfac55789e0b,653.3122109546634,#C C drops the iron on the ironing table with her right hand.,Unknown,Object Transfer,"The action of dropping the iron onto the ironing table is a deliberate placement, which fits the criteria for 'Object Transfer'."
248894,afbb32dd-a9f5-4086-aa3e-bfac55789e0b,661.2089209546634,#C C drops the iron on the ironing table with her right hand.,Unknown,Object Transfer,"The action of dropping the iron onto the ironing table is a deliberate placement, which fits the criteria for 'Object Transfer'."
248900,afbb32dd-a9f5-4086-aa3e-bfac55789e0b,741.6197509546635,#C C drops the iron on the ironing table with her right hand.,Unknown,Object Transfer,"The action of dropping the iron onto the ironing table is a deliberate placement, which fits the criteria for 'Object Transfer'."
248920,afbb32dd-a9f5-4086-aa3e-bfac55789e0b,805.3639309546634,#C C drops the kettle in her right hand on the cooker.,Unknown,Object Transfer,"The action of dropping the kettle onto the cooker is a deliberate placement, which fits the criteria for 'Object Transfer'."
248922,afbb32dd-a9f5-4086-aa3e-bfac55789e0b,834.1419809546634,#C C drops the iron in her right hand on the ironing table.,Unknown,Object Transfer,"The action of dropping the iron onto the ironing table is a deliberate placement, which fits the criteria for 'Object Transfer'."
248949,afbb32dd-a9f5-4086-aa3e-bfac55789e0b,1030.3266109546637,#C C drops the iron in her right hand on the ironing table.,Unknown,Object Transfer,"The action of dropping the iron onto the ironing table is a deliberate placement, which fits the criteria for 'Object Transfer'."
249327,cc6e1b2b-daad-4dd5-8353-9fbaccde34c0,1747.890244287997,#O The man D bites his finger. #Unsure,Unknown,Essential Operation,"Biting one's finger is an essential bodily function or reaction, not related to locomotion, object transfer, search, or a stationary action."
249346,cc6e1b2b-daad-4dd5-8353-9fbaccde34c0,1729.6984642879966,#C C hits her fingers on the table.,Unknown,Object Transfer,"The action of hitting one's fingers on the table can be interpreted as an interaction with an object (the table), which aligns with the 'Object Transfer' category if it is seen as a deliberate placement or interaction with the surface."
249630,cc6e1b2b-daad-4dd5-8353-9fbaccde34c0,2261.335420954664,#O The man G drops the brown paper on the card.,Unknown,Object Transfer,"The action describes the man deliberately placing the brown paper onto the card, which fits the criteria for an Object Transfer action."
249705,cc6e1b2b-daad-4dd5-8353-9fbaccde34c0,2356.4269709546634,#O The lady I plays a card.,Unknown,Essential Operation,"Playing a card is considered an essential operation in the context of a card game, as it is a fundamental action that advances the game."
249881,7c3584ca-c6c7-41e8-a948-e6ff44d9e506,1055.486,#C C drops the exercise mat in his hands.,Unknown,Object Transfer,"The action of dropping the exercise mat is a deliberate placement onto a surface, which fits the criteria for 'Object Transfer'."
250562,f2efd904-9a3b-4a59-b1fc-dfa982de920c,603.9546986,#C C exercises with a wooden box.,Unknown,Locomotion,"The action of exercising with a wooden box implies movement and physical activity, which falls under the category of Locomotion."
250672,5cae3bb3-1e1e-4b9f-82e8-87dbaad8f73d,71.8783486,#C C drops the bowl on the kitchen slap,Unknown,Object Transfer,"The action of dropping the bowl onto the kitchen slab is a deliberate placement, which fits the criteria for 'Object Transfer'."
250684,5cae3bb3-1e1e-4b9f-82e8-87dbaad8f73d,138.7060186,#C C drops the onion on the slap,Unknown,Object Transfer,"The action of dropping the onion onto the surface is a deliberate placement, which fits the criteria for 'Object Transfer'."
251619,59867cc2-3e1f-4dea-b4d7-dbaf55982e72,978.9226842803388,#C C drops a garlic skin cover on the kitchen counter.,Unknown,Object Transfer,"The action involves deliberately placing the garlic skin cover onto the kitchen counter, which fits the definition of an Object Transfer."
251972,59867cc2-3e1f-4dea-b4d7-dbaf55982e72,1795.4927038115884,#C C drops the piece on the foil,Unknown,Object Transfer,"The action of dropping the piece onto the foil is a deliberate placement, which fits the criteria for 'Object Transfer'."
252177,59867cc2-3e1f-4dea-b4d7-dbaf55982e72,2305.8204019791665,#C C breaks #unsure,Unknown,Essential Operation,"The action of breaking something is considered an essential operation as it involves altering an object for a specific purpose, rather than simply moving or placing it."
252234,59867cc2-3e1f-4dea-b4d7-dbaf55982e72,2437.5609719791664,#C C breaks #unsure,Unknown,Essential Operation,"The current action involves breaking an object, which is a deliberate and purposeful action that can be categorized as an essential operation."
252312,59867cc2-3e1f-4dea-b4d7-dbaf55982e72,2547.2963913701824,#C C drops pasta on the cooking pot,Unknown,Object Transfer,"The action of dropping pasta onto the cooking pot is a deliberate placement, which fits the criteria for 'Object Transfer'."
252815,ee05e77f-d52f-48d7-b19f-6b14411a7849,212.6416486,#C C drops one sock on the bed,Unknown,Object Transfer,"The action involves deliberately placing the sock onto the bed, which fits the criteria for Object Transfer."
252823,ee05e77f-d52f-48d7-b19f-6b14411a7849,242.1022886,#C C drops the sock on the bed,Unknown,Object Transfer,"The action involves deliberately placing the sock onto the bed, which fits the definition of Object Transfer."
253308,3ef7fcd2-ae08-4cb6-9e04-8dc09c94a289,106.8905696,#C C drops the phone on the top of the desktop stand,Unknown,Object Transfer,"The action involves deliberately placing the phone on the desktop stand, which fits the criteria for Object Transfer."
253543,2fb3b1d4-1360-4a95-931b-936b4b962a42,5.34522,#C C drops the bolt on the bolt on the workbench with his gloved right hand.,Unknown,Object Transfer,"The action involves deliberately placing the bolt onto the workbench, which fits the criteria for an Object Transfer."
253548,2fb3b1d4-1360-4a95-931b-936b4b962a42,16.9,#C C drops the nut on the workbench with his gloved left hand.,Unknown,Object Transfer,"The action of dropping the nut onto the workbench is a deliberate placement, which fits the criteria for 'Object Transfer'."
253576,2fb3b1d4-1360-4a95-931b-936b4b962a42,118.96974,#C C drops the bolt on the workbench with his gloved left hand,Unknown,Object Transfer,"The action involves deliberately placing the bolt onto the workbench, which fits the criteria for Object Transfer."
253611,2fb3b1d4-1360-4a95-931b-936b4b962a42,56.14312,#C C hits the bike with his gloved right hand.,Unknown,Essential Operation,"The action of hitting the bike with his gloved right hand seems to be part of the process of interacting with and maintaining the bike's engine, which is an essential operation."
253708,2fb3b1d4-1360-4a95-931b-936b4b962a42,424.20217,#C C drops the black T-spanner on the workbench with his gloved left hand.,Unknown,Object Transfer,"The action involves deliberately placing the black T-spanner onto the workbench, which fits the criteria for Object Transfer."
253787,6432d156-5b39-4df9-b261-6695b707c63a,522.1347686458333,#C C overturns a card,Unknown,Essential Operation,"Overturning a card is an essential operation in a card game, as it involves changing the orientation or revealing the card."
253788,6432d156-5b39-4df9-b261-6695b707c63a,522.1347686458333,#O a man Q overturns a card,Unknown,Essential Operation,"Overturning a card is an essential operation in card games, such as revealing a card's face or making a move."
254472,064e10ee-10ae-4dec-a836-2ca94b02551c,173.5048396,#C C drops the fork.,Unknown,Object Transfer,"The action of dropping the fork is a deliberate placement of the object onto a surface, which fits the criteria for 'Object Transfer'."
254483,064e10ee-10ae-4dec-a836-2ca94b02551c,211.7558596,#C C drops the table knife.,Unknown,Object Transfer,"The action of dropping the table knife is a deliberate placement of an object onto a surface, which fits the criteria for 'Object Transfer'."
254510,064e10ee-10ae-4dec-a836-2ca94b02551c,368.1356509546634,#C C drops the table knife.,Unknown,Object Transfer,"The action of dropping the table knife is a deliberate placement of the object onto a surface, which fits the criteria for 'Object Transfer'."
254513,064e10ee-10ae-4dec-a836-2ca94b02551c,368.7437109546634,#C C drops the fork.,Unknown,Object Transfer,"The action of dropping the fork is a deliberate placement of the object onto a surface, which fits the criteria for 'Object Transfer'."
254517,064e10ee-10ae-4dec-a836-2ca94b02551c,434.7056809546634,#C C drops the table knife.,Unknown,Object Transfer,"The action of dropping the table knife is a deliberate placement of the object onto a surface, which fits the criteria for 'Object Transfer'."
254548,064e10ee-10ae-4dec-a836-2ca94b02551c,571.1348709546634,#C C drops the knife in the mug.,Unknown,Object Transfer,"The action involves C deliberately placing the knife into the mug, which fits the criteria for Object Transfer."
254562,064e10ee-10ae-4dec-a836-2ca94b02551c,595.9252309546634,#C C drops the soap bottle.,Unknown,Object Transfer,"The action of dropping the soap bottle is a deliberate placement of the object onto a surface, which fits the criteria for 'Object Transfer'."
254566,064e10ee-10ae-4dec-a836-2ca94b02551c,601.6469609546634,#C C drops the knife.,Unknown,Object Transfer,"The action of dropping the knife is a deliberate placement of the object onto a surface, which fits the criteria for 'Object Transfer'."
254618,064e10ee-10ae-4dec-a836-2ca94b02551c,722.6055409546634,#C C drops the napkin.,Unknown,Object Transfer,"The action of dropping the napkin onto a surface is a deliberate placement, which fits the criteria for 'Object Transfer'."
255176,9155f5b9-6235-484f-990d-fbd3010a791e,667.8127676213301,#O person X takes #unsure,Unknown,Object Transfer,"The action involves taking an object, which aligns with the definition of moving or handling an item, thus fitting the 'Object Transfer' category."
255200,9155f5b9-6235-484f-990d-fbd3010a791e,752.25653762133,#O person X takes #unsure,Unknown,Object Transfer,"The action of 'taking' an object suggests that person X is deliberately picking up an item, which falls under the category of Object Transfer."
255430,9155f5b9-6235-484f-990d-fbd3010a791e,1691.0344709546632,#O A man Y hits his chest with the hand,Unknown,Stationary,"The action of hitting one's chest with the hand is a stationary action, as it does not involve movement from one location to another, nor does it involve searching or transferring objects."
255441,9155f5b9-6235-484f-990d-fbd3010a791e,1743.9643509546634,#O A man Y taps the phone,Unknown,Essential Operation,"Tapping a phone is an essential operation, such as answering a call or interacting with the device."
255470,9155f5b9-6235-484f-990d-fbd3010a791e,1843.6573609546635,#O Man Y snaps his fingers,Unknown,Stationary,"Snapping fingers is a non-locational action that does not involve movement from one place to another, nor does it involve transferring objects, searching, or essential operations."
255512,9155f5b9-6235-484f-990d-fbd3010a791e,2001.9683309546635,#O Man X drops a piece in his hand,Unknown,Object Transfer,"The action of dropping a piece in his hand indicates a deliberate placement of the object onto a surface, which fits the criteria for 'Object Transfer'."
255513,9155f5b9-6235-484f-990d-fbd3010a791e,2004.9835609546635,#O Man X taps a piece repeatedly,Unknown,Object Transfer,"The action of tapping a piece repeatedly indicates a deliberate placement or interaction with the object, which fits the 'Object Transfer' category."
256847,343ff902-f0c0-4931-bca6-872ff9066fec,1349.22283762133,#c c turn the nylon,Unknown,Object Transfer,"Turning the nylon likely involves manipulating and positioning the object, which fits the criteria for Object Transfer."
256899,343ff902-f0c0-4931-bca6-872ff9066fec,1605.9097489546634,#c c touch nylon,Unknown,Search,"The current action involves touching an object (nylon), which is consistent with the previous actions of searching or examining objects (plants and their leaves)."
256975,343ff902-f0c0-4931-bca6-872ff9066fec,2251.5810342879968,#c c hold the broken bottle,Unknown,Object Transfer,"The action of holding the broken bottle can be considered as a form of deliberate placement or handling of an object, which falls under the 'Object Transfer' category."
257206,e42aa8c5-561b-4e53-84cb-b4192db92ab6,233.5341886,#C C drops the stocking on the bed,Unknown,Object Transfer,"The action of dropping the stocking onto the bed is a deliberate placement, which fits the criteria for 'Object Transfer'."
257245,e42aa8c5-561b-4e53-84cb-b4192db92ab6,371.79280173570703,#C C drops the T-shirt on the bed,Unknown,Object Transfer,"The action of dropping the T-shirt onto the bed is a deliberate placement, which fits the criteria for 'Object Transfer'."
257249,e42aa8c5-561b-4e53-84cb-b4192db92ab6,389.68707173570704,#C C drops the T-shirt on the bed,Unknown,Object Transfer,"The action of dropping the T-shirt onto the bed is a deliberate placement, which fits the criteria for 'Object Transfer'."
257259,e42aa8c5-561b-4e53-84cb-b4192db92ab6,440.881931735707,#C C drops the T-shirt on the bed,Unknown,Object Transfer,"The action of dropping the T-shirt onto the bed is a deliberate placement, which fits the criteria for 'Object Transfer'."
257273,e42aa8c5-561b-4e53-84cb-b4192db92ab6,512.165571735707,#C C drops the T-shirt on the bed,Unknown,Object Transfer,"The action of dropping the T-shirt onto the bed is a deliberate placement, which fits the criteria for 'Object Transfer'."
257286,e42aa8c5-561b-4e53-84cb-b4192db92ab6,557.1281070741211,#C C drops the sweat pant on the bed,Unknown,Object Transfer,"The action of dropping the sweat pant onto the bed is a deliberate placement, which fits the criteria for 'Object Transfer'."
257290,e42aa8c5-561b-4e53-84cb-b4192db92ab6,577.8928570741211,#C C drops the sweat pant on the bed,Unknown,Object Transfer,"The action of dropping the sweat pant onto the bed is a deliberate placement, which fits the criteria for 'Object Transfer'."
257604,8491af2d-7226-4563-adcc-1e06da2cd763,374.74404,#C C drops the pencil in his right hand on the workshop table.,Unknown,Object Transfer,"The action of dropping the pencil onto the workshop table is a deliberate placement, which fits the criteria for 'Object Transfer'."
257648,8491af2d-7226-4563-adcc-1e06da2cd763,517.44494,#C The card on the piece of wood falls to the floor from C's right hand.,Unknown,Object Transfer,"The action involves the deliberate release of the card from the piece of wood, which can be considered a form of placement or transfer of the card to the floor."
257725,8491af2d-7226-4563-adcc-1e06da2cd763,679.2602966666667,#C C falls the wire in his left hand to the ground.,Unknown,Object Transfer,"The action of falling the wire to the ground is a deliberate placement, which fits the criteria for 'Object Transfer'."
257813,8491af2d-7226-4563-adcc-1e06da2cd763,878.8129866666667,#C C removes a particle on his left hand with his right hand.,Unknown,Essential Operation,The action of removing a particle from his hand is an essential operation to maintain cleanliness and hygiene.
257839,66a88780-84f9-4515-8ca4-3b84ba9ad615,75.2011286,#C C drops glove,Unknown,Object Transfer,"The action of dropping the glove is a deliberate placement of the object onto a surface, which fits the criteria for 'Object Transfer'."
258156,7dbf5e5b-0837-47c0-a9b5-43024a8addf3,894.4701433333333,#C C drops the hand,Unknown,Object Transfer,"The action of dropping the hand indicates a deliberate placement of the hand onto a surface or a deliberate movement to place the hand in a specific position, which fits the criteria for 'Object Transfer'."
258630,47bb1fd4-d41f-42b4-8d0c-29c4e9fdff9f,8.47964,#C C drops the spoon inside the jar.,Unknown,Object Transfer,"The action involves deliberately placing the spoon inside the jar, which fits the criteria for an Object Transfer."
258971,c7a446bc-e16e-4e59-a027-e8449a01251a,172.17728,#C C drops the paper on the polythene,Unknown,Object Transfer,"The action of dropping the paper onto the polythene is a deliberate placement, which fits the criteria for 'Object Transfer'."
259036,a869ed3c-901d-4328-99f0-9b446822a412,162.6786096,#C C crashes the noodles inside the paper,Unknown,Object Transfer,"The action involves placing or dropping the noodles onto the paper, which is a form of deliberate placement."
259121,a869ed3c-901d-4328-99f0-9b446822a412,854.4573419333333,#C C Drops a spoon from her mouth,Unknown,Object Transfer,"The action of dropping a spoon from her mouth is a deliberate placement of the object onto a surface, which fits the criteria for 'Object Transfer'."
259139,a869ed3c-901d-4328-99f0-9b446822a412,916.3709786458334,#C C drops the glass of water on the table with his left hand.,Unknown,Object Transfer,"The action of dropping the glass of water onto the table is a deliberate placement, which fits the criteria for 'Object Transfer'."
259158,a869ed3c-901d-4328-99f0-9b446822a412,982.8135786458332,#C C drops the glass of water on the table with his left hand.,Unknown,Object Transfer,"The action of dropping the glass of water onto the table is a deliberate placement, which fits the criteria for 'Object Transfer'."
259374,8d44b13c-464d-498b-b639-dfede202872c,557.5887909546634,#C C squeezes the white paper in his hand.,Unknown,Essential Operation,"The action of squeezing the paper is an essential operation as it involves manipulating the object for a specific purpose, rather than moving it or placing it somewhere."
259401,8d44b13c-464d-498b-b639-dfede202872c,602.8838209546634,#C C drops the filling knife on the white sheet.,Unknown,Object Transfer,"The action of dropping the filling knife onto the white sheet is a deliberate placement of the object onto a surface, which fits the criteria for 'Object Transfer'."
259408,8d44b13c-464d-498b-b639-dfede202872c,617.6963909546633,#C C drops the scraper on the white sheet.,Unknown,Object Transfer,"The action of dropping the scraper onto the white sheet is a deliberate placement, which fits the criteria for 'Object Transfer'."
259433,8d44b13c-464d-498b-b639-dfede202872c,661.8489709546634,#C C drops the filling knife.,Unknown,Object Transfer,"The action of dropping the filling knife is a deliberate placement of the object onto a surface, which fits the criteria for 'Object Transfer'."
259463,5f2fe227-e8fc-4635-8b3e-2f56e9be61b5,25.40439,#C C drops the bottle of lubricant on the platform. #Unsure,Unknown,Object Transfer,"The action of dropping the bottle of lubricant onto the platform is a deliberate placement, which fits the criteria for 'Object Transfer'."
259500,5f2fe227-e8fc-4635-8b3e-2f56e9be61b5,188.81862,#C C drops the bottle of lubricant on the platform. #Unsure,Unknown,Object Transfer,"The action of dropping the bottle of lubricant onto the platform is a deliberate placement, which fits the criteria for 'Object Transfer'."
259580,5f2fe227-e8fc-4635-8b3e-2f56e9be61b5,532.7732946666666,#C C drops the part on the ground with his right hand.,Unknown,Object Transfer,"The action of dropping the part onto the ground is a deliberate placement, which fits the criteria for 'Object Transfer'."
259960,eff9a4e2-a2ab-45d4-a142-64a9aa4fc6e9,283.9754961585938,#C C drops a paper,Unknown,Object Transfer,"The action of dropping a paper is a deliberate placement onto a surface, which fits the criteria for 'Object Transfer'."
259962,eff9a4e2-a2ab-45d4-a142-64a9aa4fc6e9,286.75443615859376,#C C drops a plastic,Unknown,Object Transfer,"The action of dropping a plastic is a deliberate placement onto a surface, which fits the criteria for 'Object Transfer'."
259964,eff9a4e2-a2ab-45d4-a142-64a9aa4fc6e9,293.9300861585938,#C C drops a tumbler,Unknown,Object Transfer,"The action of dropping a tumbler is a deliberate placement onto a surface, which fits the criteria for 'Object Transfer'."
259966,eff9a4e2-a2ab-45d4-a142-64a9aa4fc6e9,306.69720615859376,#C C drops a bottle,Unknown,Object Transfer,"The action of dropping a bottle is a deliberate placement onto a surface, which fits the criteria for 'Object Transfer'."
259968,eff9a4e2-a2ab-45d4-a142-64a9aa4fc6e9,316.4775361585938,#C C drops bottles,Unknown,Object Transfer,"The action of dropping bottles is a deliberate placement onto a surface, which fits the criteria for 'Object Transfer'."
259971,eff9a4e2-a2ab-45d4-a142-64a9aa4fc6e9,323.8468761585938,#C C drops #Unsure,Unknown,Object Transfer,"The action of dropping an object onto a surface is considered a deliberate placement, which falls under the 'Object Transfer' category."
259996,eff9a4e2-a2ab-45d4-a142-64a9aa4fc6e9,441.64700615859374,#C C drops a towel,Unknown,Object Transfer,"The action of dropping a towel is a deliberate placement of the object onto a surface, which fits the criteria for 'Object Transfer'."
260007,eff9a4e2-a2ab-45d4-a142-64a9aa4fc6e9,474.64386615859377,#C C drops a bowl lid,Unknown,Object Transfer,"The action of dropping a bowl lid is a deliberate placement onto a surface, which fits the criteria for Object Transfer."
260011,eff9a4e2-a2ab-45d4-a142-64a9aa4fc6e9,484.5544461585938,#C C drops a liquid soap,Unknown,Object Transfer,"The action of dropping a liquid soap onto a surface is a deliberate placement, which fits the criteria for 'Object Transfer'."
260013,eff9a4e2-a2ab-45d4-a142-64a9aa4fc6e9,498.24696615859375,#C C drops cleaning sponge,Unknown,Object Transfer,"The action of dropping the cleaning sponge onto a surface is a deliberate placement, which fits the criteria for 'Object Transfer'."
260015,eff9a4e2-a2ab-45d4-a142-64a9aa4fc6e9,500.4080861585938,#C C drops a wooden spoon,Unknown,Object Transfer,"The action of dropping a wooden spoon is a deliberate placement onto a surface, which fits the criteria for 'Object Transfer'."
260018,eff9a4e2-a2ab-45d4-a142-64a9aa4fc6e9,550.4741061585937,#C C drops cleaning sponge,Unknown,Object Transfer,"The action of dropping the cleaning sponge is a deliberate placement onto a surface, which fits the criteria for 'Object Transfer'."
260021,eff9a4e2-a2ab-45d4-a142-64a9aa4fc6e9,554.0031891778774,#C C drops a bowl,Unknown,Object Transfer,"The action of dropping a bowl is a deliberate placement of the object onto a surface, which fits the criteria for 'Object Transfer'."
260025,eff9a4e2-a2ab-45d4-a142-64a9aa4fc6e9,562.6898691778774,#C C drops a knife,Unknown,Object Transfer,"The action of dropping a knife is a deliberate placement of the object onto a surface, which fits the criteria for 'Object Transfer'."
260030,eff9a4e2-a2ab-45d4-a142-64a9aa4fc6e9,570.3645891778774,#C C drops a spoon,Unknown,Object Transfer,"The action of dropping a spoon is a deliberate placement onto a surface, which fits the criteria for 'Object Transfer'."
260033,eff9a4e2-a2ab-45d4-a142-64a9aa4fc6e9,581.5110591778774,#C C drops a sponge,Unknown,Object Transfer,"The action of dropping a sponge is a deliberate placement onto a surface, which fits the criteria for 'Object Transfer'."
260037,eff9a4e2-a2ab-45d4-a142-64a9aa4fc6e9,590.7818491778773,#C C drops a sponge,Unknown,Object Transfer,"The action of dropping a sponge is a deliberate placement onto a surface, which fits the criteria for Object Transfer."
260038,eff9a4e2-a2ab-45d4-a142-64a9aa4fc6e9,592.7409891778774,#C C drops a plate,Unknown,Object Transfer,"The action of dropping a plate is a deliberate placement onto a surface, which fits the criteria for 'Object Transfer'."
260040,eff9a4e2-a2ab-45d4-a142-64a9aa4fc6e9,597.3549691778774,#C C drops a cleaning sponge,Unknown,Object Transfer,"The action involves deliberately placing an object (the cleaning sponge) onto a surface, which fits the definition of 'Object Transfer'."
260042,eff9a4e2-a2ab-45d4-a142-64a9aa4fc6e9,600.3397391778774,#C C drops a cup,Unknown,Object Transfer,"The action of dropping a cup is a deliberate placement onto a surface, which fits the criteria for 'Object Transfer'."
260045,eff9a4e2-a2ab-45d4-a142-64a9aa4fc6e9,610.5527091778774,#C C drops a spoon,Unknown,Object Transfer,"The action of dropping a spoon is a deliberate placement onto a surface, which fits the criteria for 'Object Transfer'."
260049,eff9a4e2-a2ab-45d4-a142-64a9aa4fc6e9,630.5938691778774,#C C drops a bowl,Unknown,Object Transfer,"The action of dropping a bowl is a deliberate placement of the object onto a surface, which fits the criteria for 'Object Transfer'."
260052,eff9a4e2-a2ab-45d4-a142-64a9aa4fc6e9,634.0175691778774,#C C drops a plate,Unknown,Object Transfer,"The action of dropping a plate is a deliberate placement onto a surface, which fits the criteria for 'Object Transfer'."
260054,eff9a4e2-a2ab-45d4-a142-64a9aa4fc6e9,639.2648291778773,#C C drops cleaning sponge,Unknown,Object Transfer,"The action of dropping a cleaning sponge onto a surface is a deliberate placement, which fits the criteria for 'Object Transfer'."
260055,eff9a4e2-a2ab-45d4-a142-64a9aa4fc6e9,642.8163391778774,#C C drops #Unsure,Unknown,Object Transfer,"The action of dropping an object onto a surface is considered a deliberate placement, which falls under the 'Object Transfer' category."
260058,eff9a4e2-a2ab-45d4-a142-64a9aa4fc6e9,647.5864791778774,#C C drops cleaning sponge,Unknown,Object Transfer,"The action of dropping the cleaning sponge is a deliberate placement onto a surface, which fits the criteria for 'Object Transfer'."
260059,eff9a4e2-a2ab-45d4-a142-64a9aa4fc6e9,648.8351791778774,#C C drops a spoon,Unknown,Essential Operation,"The current action involves dropping a spoon, which is part of the cleaning process and can be considered an essential operation in the context of cleaning utensils."
260061,eff9a4e2-a2ab-45d4-a142-64a9aa4fc6e9,654.3519691778774,#C C drops bowl lid,Unknown,Object Transfer,"The action of dropping the bowl lid is a deliberate placement onto a surface, which fits the criteria for 'Object Transfer'."
260063,eff9a4e2-a2ab-45d4-a142-64a9aa4fc6e9,662.7196691778774,#C C drops bowl lid,Unknown,Object Transfer,"The action of dropping the bowl lid onto a surface can be considered a deliberate placement, which fits the criteria for 'Object Transfer'."
260065,eff9a4e2-a2ab-45d4-a142-64a9aa4fc6e9,669.5060791778774,#C C drops a spoon,Unknown,Object Transfer,"The action of dropping a spoon is a deliberate placement of the object onto a surface, which fits the criteria for 'Object Transfer'."
260067,eff9a4e2-a2ab-45d4-a142-64a9aa4fc6e9,672.0847491778774,#C C drops #Unsure,Unknown,Object Transfer,"The action of dropping a spoon is a deliberate placement onto a surface, which fits the criteria for 'Object Transfer'."
260073,eff9a4e2-a2ab-45d4-a142-64a9aa4fc6e9,678.4071991778774,#C C drops a plate,Unknown,Object Transfer,"The current action involves C dropping a plate, which is a deliberate placement onto a surface, similar to the previous actions of picking up and dropping objects."
260075,eff9a4e2-a2ab-45d4-a142-64a9aa4fc6e9,679.9736591778774,#C C drops a glass,Unknown,Object Transfer,"The action of dropping a glass is a deliberate placement onto a surface, similar to the previous action of dropping a cup."
260079,eff9a4e2-a2ab-45d4-a142-64a9aa4fc6e9,688.4646091778774,#C C drops a cup,Unknown,Object Transfer,"The action of dropping a cup is a deliberate placement of the object onto a surface, which fits the criteria for 'Object Transfer'."
260081,eff9a4e2-a2ab-45d4-a142-64a9aa4fc6e9,690.8867591778774,#C C drops a soap,Unknown,Object Transfer,"The action of dropping a soap is a deliberate placement of the object onto a surface, which fits the criteria for 'Object Transfer'."
260083,eff9a4e2-a2ab-45d4-a142-64a9aa4fc6e9,696.1815291778773,#C C drops a spoon,Unknown,Object Transfer,"The action of dropping a spoon is a deliberate placement onto a surface, which fits the criteria for 'Object Transfer'."
260087,eff9a4e2-a2ab-45d4-a142-64a9aa4fc6e9,719.4870491778775,#C C drops a plate,Unknown,Object Transfer,"The action of dropping a plate is a deliberate placement of the object onto a surface, which fits the criteria for 'Object Transfer'."
260090,eff9a4e2-a2ab-45d4-a142-64a9aa4fc6e9,726.4779191778774,#C C drops a cup,Unknown,Object Transfer,"The action of dropping a cup is a deliberate placement onto a surface, which fits the criteria for 'Object Transfer'."
260092,eff9a4e2-a2ab-45d4-a142-64a9aa4fc6e9,734.0168491778774,#C C drops a cup,Unknown,Object Transfer,"The action of dropping a cup is a deliberate placement of the object onto a surface, which fits the criteria for 'Object Transfer'."
260095,eff9a4e2-a2ab-45d4-a142-64a9aa4fc6e9,740.9778991778774,#C C drops a lid,Unknown,Object Transfer,"The action of dropping a lid is a deliberate placement onto a surface, which fits the criteria for 'Object Transfer'."
260098,eff9a4e2-a2ab-45d4-a142-64a9aa4fc6e9,753.2283891778774,#C C drops a cup,Unknown,Object Transfer,"The action of dropping a cup is a deliberate placement of the object onto a surface, which fits the criteria for 'Object Transfer'."
260111,eff9a4e2-a2ab-45d4-a142-64a9aa4fc6e9,803.4461491778774,#C C drops a bottle,Unknown,Object Transfer,"The action of dropping a bottle is a deliberate placement of the object onto a surface, which fits the criteria for 'Object Transfer'."
260119,eff9a4e2-a2ab-45d4-a142-64a9aa4fc6e9,820.0501691778774,#C C drops liquid soap,Unknown,Essential Operation,"Dropping liquid soap is part of the routine cleaning activity, which includes spraying and wiping the counter. This action is consistent with the previous essential operations performed by C."
260125,eff9a4e2-a2ab-45d4-a142-64a9aa4fc6e9,842.2094976136719,#C C ties a paper,Unknown,Essential Operation,"Tying a paper is a routine task that does not involve locomotion, object transfer, search, or stationary behavior. It is considered an essential operation."
260132,eff9a4e2-a2ab-45d4-a142-64a9aa4fc6e9,888.806797613672,#C C drops a bin,Unknown,Object Transfer,"The current action involves C dropping a bin, which is a deliberate placement of an object onto a surface. This fits the criteria for 'Object Transfer' as it involves the intentional movement and placement of an object."
260135,eff9a4e2-a2ab-45d4-a142-64a9aa4fc6e9,895.011587613672,#C C drops a bin,Unknown,Object Transfer,"The action of dropping a bin is a deliberate placement onto a surface, which fits the criteria for 'Object Transfer'."
260147,eff9a4e2-a2ab-45d4-a142-64a9aa4fc6e9,921.033067613672,#C C drops a cup,Unknown,Object Transfer,"The action of dropping a cup is a deliberate placement of the object onto a surface, which fits the criteria for 'Object Transfer'."
260152,eff9a4e2-a2ab-45d4-a142-64a9aa4fc6e9,938.713977613672,#C C drops a sprayer,Unknown,Object Transfer,"The action of dropping a sprayer is a deliberate placement onto a surface, which fits the criteria for 'Object Transfer'."
260156,eff9a4e2-a2ab-45d4-a142-64a9aa4fc6e9,943.159207613672,#C C drops a container,Unknown,Object Transfer,"The action of dropping a container is a deliberate placement onto a surface, which fits the criteria for 'Object Transfer'."
260159,eff9a4e2-a2ab-45d4-a142-64a9aa4fc6e9,956.959977613672,#C C drops a sprayer,Unknown,Object Transfer,"The action of dropping the sprayer is a deliberate placement onto a surface, which fits the criteria for 'Object Transfer'."
260170,eff9a4e2-a2ab-45d4-a142-64a9aa4fc6e9,984.704447613672,#C C drops garbage,Unknown,Object Transfer,"The action of dropping garbage is a deliberate placement onto a surface, which fits the criteria for 'Object Transfer'."
260183,eff9a4e2-a2ab-45d4-a142-64a9aa4fc6e9,1019.236387613672,#C C drops a sprayer,Unknown,Object Transfer,"The action of dropping a sprayer is a deliberate placement of an object onto a surface, which fits the criteria for 'Object Transfer'."
260189,eff9a4e2-a2ab-45d4-a142-64a9aa4fc6e9,1026.866517613672,#C C drops a sprayer,Unknown,Object Transfer,"The action of dropping a sprayer is a deliberate placement onto a surface, which fits the criteria for 'Object Transfer'."
260192,eff9a4e2-a2ab-45d4-a142-64a9aa4fc6e9,1038.074737613672,#C C drops a towel,Unknown,Object Transfer,"The action of dropping a towel is a deliberate placement onto a surface, which fits the criteria for 'Object Transfer'."
260198,eff9a4e2-a2ab-45d4-a142-64a9aa4fc6e9,1052.481147613672,#C C drops a charger,Unknown,Object Transfer,"The action involves deliberately placing an object (dropping a charger) onto a surface, which fits the criteria for Object Transfer."
260199,eff9a4e2-a2ab-45d4-a142-64a9aa4fc6e9,1052.966417613672,#C C drops a phone,Unknown,Object Transfer,"The action of dropping an object onto a surface is considered a deliberate placement, which falls under the 'Object Transfer' category."
260201,eff9a4e2-a2ab-45d4-a142-64a9aa4fc6e9,1056.531907613672,#C C drops a book,Unknown,Object Transfer,"The action of dropping a book is a deliberate placement onto a surface, which fits the criteria for 'Object Transfer'."
260208,eff9a4e2-a2ab-45d4-a142-64a9aa4fc6e9,1073.646697613672,#C C drops cloth rack,Unknown,Object Transfer,"The action of dropping the cloth rack onto a surface is a deliberate placement, which fits the criteria for 'Object Transfer'."
260211,eff9a4e2-a2ab-45d4-a142-64a9aa4fc6e9,1082.702397613672,#C C drops a trouser,Unknown,Object Transfer,"The action of dropping a trouser is a deliberate placement of the object onto a surface, which fits the criteria for 'Object Transfer'."
260214,eff9a4e2-a2ab-45d4-a142-64a9aa4fc6e9,1114.3638576136718,#C C drops a cloth,Unknown,Object Transfer,"The action of dropping a cloth is a deliberate placement onto a surface, which fits the criteria for 'Object Transfer'."
260217,eff9a4e2-a2ab-45d4-a142-64a9aa4fc6e9,1129.055707613672,#C C drops a pillow cover,Unknown,Object Transfer,"The action of dropping a pillow cover is a deliberate placement onto a surface, which fits the criteria for 'Object Transfer'."
260220,eff9a4e2-a2ab-45d4-a142-64a9aa4fc6e9,1153.067337613672,#C C drops a pillow cover,Unknown,Object Transfer,"The action of dropping a pillow cover is a deliberate placement onto a surface, which fits the criteria for 'Object Transfer'."
260223,eff9a4e2-a2ab-45d4-a142-64a9aa4fc6e9,1166.523297613672,#C C drops a shirt,Unknown,Object Transfer,"The action of dropping a shirt is a deliberate placement onto a surface, which fits the criteria for 'Object Transfer'."
260226,eff9a4e2-a2ab-45d4-a142-64a9aa4fc6e9,1180.163617613672,#C C drops a shirt,Unknown,Object Transfer,"The action of dropping a shirt is a deliberate placement onto a surface, which fits the criteria for 'Object Transfer'."
260229,eff9a4e2-a2ab-45d4-a142-64a9aa4fc6e9,1188.669597613672,#C C drops socks,Unknown,Object Transfer,"The action of dropping the socks is a deliberate placement onto a surface, which fits the criteria for 'Object Transfer'."
260232,eff9a4e2-a2ab-45d4-a142-64a9aa4fc6e9,1504.3524873033966,#C C drops a laptop charger,Unknown,Object Transfer,"The action of dropping a laptop charger is a deliberate placement onto a surface, which fits the criteria for 'Object Transfer'."
260235,eff9a4e2-a2ab-45d4-a142-64a9aa4fc6e9,1509.6885273033963,#C C drops a pillow,Unknown,Object Transfer,"The action of dropping a pillow is a deliberate placement onto a surface, which fits the criteria for 'Object Transfer'."
260237,eff9a4e2-a2ab-45d4-a142-64a9aa4fc6e9,1510.6032073033966,#C C drops a pillow,Unknown,Object Transfer,"The action of dropping a pillow is a deliberate placement onto a surface, which fits the criteria for 'Object Transfer'."
260243,eff9a4e2-a2ab-45d4-a142-64a9aa4fc6e9,1520.6279073033966,#C C drops a paper,Unknown,Object Transfer,"The action of dropping a paper is a deliberate placement onto a surface, which fits the criteria for 'Object Transfer'."
261200,caba19ad-381f-4600-8ffe-11b12a6249ca,450.26907,#C C opens #unsure,Unknown,Essential Operation,"The current action involves a person (C) performing an essential operation, such as opening an object or container, which is distinct from locomotion, object transfer, search, or stationary actions."
261978,2763dbfc-8488-4264-b31f-4b12096c4c4b,138.44029,#C C drops the spanner on the workshop table with his gloved right hand.,Unknown,Object Transfer,"The action involves deliberately placing the spanner onto the workshop table, which fits the criteria for Object Transfer."
262549,5f6f87ea-e1c3-4868-bb60-22c9e874d056,628.1984309546634,#O The man F drops the paper in front of the man J.,Unknown,Object Transfer,"The action of dropping the paper is a deliberate placement onto a surface, which fits the criteria for 'Object Transfer'."
262575,5f6f87ea-e1c3-4868-bb60-22c9e874d056,697.2659409546634,#O The man F hits his fingers on the table.,Unknown,Essential Operation,"The action of hitting one's fingers on the table is an involuntary reaction, likely due to pain or frustration, and does not fit into the categories of Locomotion, Object Transfer, Search, or Stationary."
262901,5f6f87ea-e1c3-4868-bb60-22c9e874d056,1104.22473762133,#O The man F drops a playing card on the playing table with his right hand.,Unknown,Object Transfer,"The action involves the deliberate placement of a playing card onto the playing table, which fits the criteria for Object Transfer."
263068,5f6f87ea-e1c3-4868-bb60-22c9e874d056,1466.4392022879963,#O the man A drops the dice on the card.,Unknown,Object Transfer,"The action involves the deliberate placement of the dice onto the card, which fits the criteria for Object Transfer."
263071,5f6f87ea-e1c3-4868-bb60-22c9e874d056,1470.7012622879963,#O the man A interacts with woman B.,Unknown,Essential Operation,"The current action involves interaction between two individuals, which is a form of essential operation such as communication or collaboration."
263091,5f6f87ea-e1c3-4868-bb60-22c9e874d056,1509.6139722879966,#O the man A plays the card on the table.,Unknown,Object Transfer,"The action of playing a card on the table indicates a deliberate placement of the object onto a surface, which fits the criteria for 'Object Transfer'."
263124,5f6f87ea-e1c3-4868-bb60-22c9e874d056,1470.3256122879966,#O the woman B interacts with man A.,Unknown,Locomotion,"The current action describes woman B interacting with man A, which suggests movement or a change in position to engage with another person."
263139,5f6f87ea-e1c3-4868-bb60-22c9e874d056,1452.629162287997,#O the man D plays the dice on a card.,Unknown,Essential Operation,"The action of playing a dice on a card is a deliberate and purposeful action, similar to the previous action labeled as 'Essential Operation'."
263149,5f6f87ea-e1c3-4868-bb60-22c9e874d056,1539.7568822879966,#O the man D interacts with woman E.,Unknown,Essential Operation,"The current action involves interaction between two individuals, which is typically an essential operation such as conversation or exchange of information."
263167,5f6f87ea-e1c3-4868-bb60-22c9e874d056,1506.0142322879965,#O the woman E interacts with man D.,Unknown,Essential Operation,"The current action involves the woman interacting with the man, which could be considered an essential operation if it is a necessary interaction for the task at hand, such as exchanging cards or providing information."
263168,5f6f87ea-e1c3-4868-bb60-22c9e874d056,1541.0044822879968,#O the woman E interacts with man D.,Unknown,Essential Operation,"The current action involves interaction between two individuals, which is a form of essential operation such as communication or collaboration."
263179,5f6f87ea-e1c3-4868-bb60-22c9e874d056,1367.2023876213302,#O the man G plays a card on the table.,Unknown,Object Transfer,"The action of playing a card on the table is a deliberate placement, which fits the criteria for 'Object Transfer'."
263376,5f6f87ea-e1c3-4868-bb60-22c9e874d056,1898.2528342879968,#O Man E drops a card from his left hand.,Unknown,Object Transfer,"The action of dropping a card from his left hand is a deliberate placement of the object onto a surface, which fits the criteria for 'Object Transfer'."
263464,5f6f87ea-e1c3-4868-bb60-22c9e874d056,2109.8587612879965,#O The man D drops his shirt arm with his right hand.,Unknown,Object Transfer,"The action of dropping the shirt arm with the right hand is a deliberate placement of the arm in a specific position, which fits the criteria for 'Object Transfer'."
263781,5f6f87ea-e1c3-4868-bb60-22c9e874d056,2437.4944942879965,#O The man F drops the white paper in front of the lady I.,Unknown,Object Transfer,"The action involves the man dropping the white paper, which is a deliberate placement of an object."
264158,4c18629a-ac33-4939-badf-6e8477b2aee7,12.4501086,#cc drops dish with left hand,Unknown,Object Transfer,"The current action involves dropping a dish, which is a deliberate placement of an object onto a surface, similar to the previous action where the chopping board was placed down."
264284,4c18629a-ac33-4939-badf-6e8477b2aee7,500.7242897540433,#cc drops the spoon with right hand,Unknown,Object Transfer,"The action of dropping the spoon is a deliberate placement of the object onto a surface, which fits the criteria for 'Object Transfer'."
264312,4c18629a-ac33-4939-badf-6e8477b2aee7,604.553507613672,#C C drops the dishwashing sponge using his right hand,Unknown,Object Transfer,"The action of dropping the dishwashing sponge is a deliberate placement of the object onto a surface, which fits the criteria for 'Object Transfer'."
264319,4c18629a-ac33-4939-badf-6e8477b2aee7,622.889547613672,#C C drops the the dishwashing sponge,Unknown,Object Transfer,"The action of dropping the dishwashing sponge onto a surface is a deliberate placement, which fits the criteria for 'Object Transfer'."
264336,4c18629a-ac33-4939-badf-6e8477b2aee7,672.254117613672,#C C drops the sponge,Unknown,Object Transfer,"The action of dropping the sponge is a deliberate placement of the object onto a surface, which fits the criteria for 'Object Transfer'."
264353,4c18629a-ac33-4939-badf-6e8477b2aee7,743.399197613672,#C C shakes the bowl,Unknown,Stationary,"Shaking a bowl does not involve movement from one location to another, nor does it involve turning any object on or off. It is a stationary action where the person is manipulating the bowl to remove excess water or mix contents."
265497,538c2f0a-f89e-47b5-b012-047a1b98de27,1378.2687944772074,#C C hits her finger on the countertop,Unknown,Essential Operation,"Hitting one's finger on the countertop is an involuntary action and not a deliberate movement or interaction with an object. It is a reaction to a physical impact, which falls under the category of an essential operation."
265783,538c2f0a-f89e-47b5-b012-047a1b98de27,2053.116697280287,#C C drops the piece of the bell pepper on the paper towel,Unknown,Object Transfer,"The action involves deliberately placing the piece of bell pepper onto the paper towel, which fits the definition of Object Transfer."
265920,538c2f0a-f89e-47b5-b012-047a1b98de27,2344.7188871449216,#C C drops the seed on the paper towel,Unknown,Object Transfer,"The action of dropping the seed onto the paper towel is a deliberate placement, which fits the criteria for 'Object Transfer'."
266038,538c2f0a-f89e-47b5-b012-047a1b98de27,2756.4887368869195,#C C hits the spoon on the sauce pan,Unknown,Essential Operation,"The action of hitting the spoon on the sauce pan is likely part of the food preparation process, such as breaking up clumps or ensuring the mixture is well combined."
266067,538c2f0a-f89e-47b5-b012-047a1b98de27,2906.23721688692,#C C hits the spoon on the sauce pan,Unknown,Essential Operation,"The action of hitting the spoon on the sauce pan is likely part of the food preparation process, such as breaking up clumps or ensuring the mixture is well combined."
266109,538c2f0a-f89e-47b5-b012-047a1b98de27,3116.4597761585937,#C C hits the spoon on the board,Unknown,Essential Operation,"The action of hitting the spoon on the board seems to be a continuation of preparing or processing food, which is an essential operation."
266130,538c2f0a-f89e-47b5-b012-047a1b98de27,3258.741015548242,#C C hits her fingers on the counter,Unknown,Essential Operation,"Hitting one's fingers on the counter is an accidental and involuntary action that often occurs during the process of performing essential tasks, such as cooking or preparing food. This action is not a deliberate placement or movement of an object, but rather a consequence of interacting with the environment."
266139,538c2f0a-f89e-47b5-b012-047a1b98de27,3316.8563255482422,#C C hits her fingers on the counter,Unknown,Essential Operation,The action of hitting one's fingers on the counter is an involuntary reaction and not a deliberate placement or movement of objects. It is more of an essential operation that occurs due to an accidental interaction with the environment.
266309,aa57f76c-7a21-4bc3-a1b0-509eb727943b,21.7732796,#C C drops the book.,Unknown,Object Transfer,"The action of dropping the book is a deliberate placement of the object onto a surface, which fits the criteria for 'Object Transfer'."
266318,aa57f76c-7a21-4bc3-a1b0-509eb727943b,39.5106296,#C C drops the sheet of paper.,Unknown,Object Transfer,"The action of dropping the sheet of paper is a deliberate placement onto a surface, which fits the criteria for 'Object Transfer'."
266329,aa57f76c-7a21-4bc3-a1b0-509eb727943b,86.3186096,#C C drops the black pen on the book.,Unknown,Object Transfer,"The action involves deliberately placing the black pen onto the book, which fits the criteria for Object Transfer."
266345,aa57f76c-7a21-4bc3-a1b0-509eb727943b,150.2514896,#C C drops the black pen on the book.,Unknown,Object Transfer,"The action involves deliberately placing the black pen onto the book, which fits the criteria for Object Transfer."
266352,aa57f76c-7a21-4bc3-a1b0-509eb727943b,203.8933896,#C C drops the black pen.,Unknown,Object Transfer,"The action of dropping the black pen is a deliberate placement of the object onto a surface, which fits the criteria for 'Object Transfer'."
266360,aa57f76c-7a21-4bc3-a1b0-509eb727943b,256.22062960000005,#C C drops the blue pen.,Unknown,Object Transfer,"The action of dropping the blue pen is a deliberate placement of the object onto a surface, which fits the criteria for 'Object Transfer'."
266372,aa57f76c-7a21-4bc3-a1b0-509eb727943b,331.1978309546634,#C C drops the black pen.,Unknown,Object Transfer,"The action of dropping the black pen is a deliberate placement of the object onto a surface, which fits the criteria for 'Object Transfer'."
266379,aa57f76c-7a21-4bc3-a1b0-509eb727943b,389.10997095466337,#C C drops the black pen. #unsure,Unknown,Object Transfer,"The action of dropping the black pen is a deliberate placement of the object onto a surface, which fits the criteria for 'Object Transfer'."
266382,aa57f76c-7a21-4bc3-a1b0-509eb727943b,412.9826109546634,#C C drops the blue rem,Unknown,Object Transfer,"The action involves deliberately placing the blue pen onto a surface, which fits the criteria for Object Transfer."
266386,aa57f76c-7a21-4bc3-a1b0-509eb727943b,417.9555409546634,#C C drops the book.,Unknown,Object Transfer,"The action of dropping the book is a deliberate placement of the object onto a surface, which fits the criteria for 'Object Transfer'."
266390,aa57f76c-7a21-4bc3-a1b0-509eb727943b,453.1466009546634,#C C drops the black pen. #unsure,Unknown,Object Transfer,"The action of dropping the black pen is a deliberate placement of the object onto a surface, which fits the criteria for 'Object Transfer'."
266411,aa57f76c-7a21-4bc3-a1b0-509eb727943b,626.9080309546634,#C C drops the blue pen.,Unknown,Object Transfer,"The action of dropping the blue pen is a deliberate placement of the object onto a surface, which fits the criteria for 'Object Transfer'."
266420,aa57f76c-7a21-4bc3-a1b0-509eb727943b,692.8226809546634,#C C drops the black pen. #unsure,Unknown,Object Transfer,"The action of dropping the black pen is a deliberate placement of the object onto a surface, which fits the criteria for 'Object Transfer'."
266427,aa57f76c-7a21-4bc3-a1b0-509eb727943b,762.7178509546634,#C C drops the blue pen.,Unknown,Object Transfer,"The action of dropping the blue pen is a deliberate placement of the object onto a surface, which fits the criteria for 'Object Transfer'."
266431,aa57f76c-7a21-4bc3-a1b0-509eb727943b,787.6392309546634,#C C drops the blue pen.,Unknown,Object Transfer,"The action of dropping the blue pen is a deliberate placement of the object onto a surface, which fits the criteria for 'Object Transfer'."
266550,e75caa1f-8658-432c-b559-f6a1f3fc409c,481.7302509546634,#C C removes #unsure from his leg,Unknown,Object Transfer,"The action involves removing an object (onion) from the leg, which is a form of deliberate placement or transfer of an object."
268196,b4707bc6-3579-4992-93ec-0eff21ba8922,1029.92778762133,#C C drops the cotton wool in his right hand.,Unknown,Object Transfer,"The action of dropping the cotton wool onto a surface is a deliberate placement, which fits the criteria for 'Object Transfer'."
268264,b4707bc6-3579-4992-93ec-0eff21ba8922,1335.412304287997,#C C drops the cotton swab in his right hand,Unknown,Object Transfer,"The action of dropping the cotton swab is a deliberate placement of an object onto a surface, which fits the criteria for 'Object Transfer'."
268362,b4707bc6-3579-4992-93ec-0eff21ba8922,1792.6538609546633,#C C drops the cotton bud in his right hand.,Unknown,Object Transfer,"The action involves deliberately placing the cotton bud onto a surface, which fits the criteria for Object Transfer."
268388,b4707bc6-3579-4992-93ec-0eff21ba8922,1946.8789909546635,#C C drops the top part of the box,Unknown,Object Transfer,"The action of dropping the top part of the box indicates a deliberate placement of the object, which fits the criteria for 'Object Transfer'."
268396,b4707bc6-3579-4992-93ec-0eff21ba8922,1959.1036309546632,#C C drops the cleaning agent #Unsure,Unknown,Object Transfer,"The action of dropping the cleaning agent is a deliberate placement onto a surface, which fits the criteria for 'Object Transfer'."
268418,b4707bc6-3579-4992-93ec-0eff21ba8922,2040.1243209546635,#C C drops the camera with her hands,Unknown,Object Transfer,"The action of dropping the camera is a deliberate placement of the object onto a surface, which fits the criteria for 'Object Transfer'."
268461,b4707bc6-3579-4992-93ec-0eff21ba8922,2124.949930954663,#C C drops down the cotton wool,Unknown,Object Transfer,"The action of dropping the cotton wool is a deliberate placement onto a surface, which fits the criteria for 'Object Transfer'."
268476,5b97f47f-f015-46f3-8879-3fcc2a61a728,544.8939785970198,#C C drops the bucket of water in his left hand.,Unknown,Object Transfer,"The action of dropping the bucket of water is a deliberate placement, which fits the criteria for 'Object Transfer'."
269301,5b97f47f-f015-46f3-8879-3fcc2a61a728,4121.339028599999,#C C throws the paper in his left hand on the ground.,Unknown,Object Transfer,"The action involves C throwing the paper from his left hand onto the ground, which is a deliberate placement of the object. This fits the criteria for 'Object Transfer'."
269742,f2420e55-e559-40e1-9c96-863c6be763fd,698.4254919333334,#O man G does #unsure,Unknown,Stationary,"The current action describes a person doing something unspecified, which is likely a stationary action such as thinking, standing still, or engaging in a conversation."
270161,391d3aba-45ea-4b6d-a8b1-044170686984,15.97231,#C C drops the T bar in his gloved right hand on the motorbike.,Unknown,Object Transfer,"The action involves dropping the T bar onto the motorbike, which is a deliberate placement of an object onto a surface."
270166,391d3aba-45ea-4b6d-a8b1-044170686984,23.3019,#C C drops the screw driver in his gloved right hand on the motorbike.,Unknown,Object Transfer,"The action of dropping the screwdriver onto the motorbike is a deliberate placement, which fits the criteria for 'Object Transfer'."
270252,cf9103c8-f2f9-4a6d-bfe2-5086b2ea8f92,3.6007186000000004,#C C drops the phone,Unknown,Object Transfer,The action of dropping the phone is a deliberate placement of the object onto a surface.
270261,cf9103c8-f2f9-4a6d-bfe2-5086b2ea8f92,198.6386186,#C C drops the phone,Unknown,Object Transfer,"The action of dropping the phone is a deliberate placement of the object onto a surface, which fits the criteria for 'Object Transfer'."
270281,cf9103c8-f2f9-4a6d-bfe2-5086b2ea8f92,997.854367613672,#C C drops the drum sticks,Unknown,Object Transfer,"The action of dropping the drum sticks is a deliberate placement of an object onto a surface, which fits the criteria for 'Object Transfer'."
270282,cf9103c8-f2f9-4a6d-bfe2-5086b2ea8f92,998.999417613672,#C C drops the phone,Unknown,Object Transfer,"The action of dropping the phone is a deliberate placement of the object onto a surface, which fits the criteria for 'Object Transfer'."
270340,38f872c3-7300-4c7c-a2be-614ddb415ce7,28.721998600000003,#C C drops bottle of #unsure,Unknown,Object Transfer,"The action of dropping the bottle is a deliberate placement onto a surface, which fits the criteria for 'Object Transfer'."
270353,38f872c3-7300-4c7c-a2be-614ddb415ce7,45.7745886,#C C drops paper roll,Unknown,Object Transfer,"The action of dropping the paper roll is a deliberate placement onto a surface, which fits the criteria for 'Object Transfer'."
270365,38f872c3-7300-4c7c-a2be-614ddb415ce7,64.4179686,#C C drops broom,Unknown,Object Transfer,"The action of dropping the broom is a deliberate placement of an object onto a surface, which fits the criteria for 'Object Transfer'."
270366,38f872c3-7300-4c7c-a2be-614ddb415ce7,68.08199859999999,#C C drops paper,Unknown,Object Transfer,"The action of dropping the paper is a deliberate placement onto a surface, which fits the criteria for 'Object Transfer'."
270368,38f872c3-7300-4c7c-a2be-614ddb415ce7,70.3538886,#C C drops box,Unknown,Object Transfer,"The action of dropping the box is a deliberate placement onto a surface, which fits the criteria for 'Object Transfer'."
270388,38f872c3-7300-4c7c-a2be-614ddb415ce7,114.0080486,#C C drops book,Unknown,Object Transfer,"The action of dropping the book onto a surface is a deliberate placement, which fits the criteria for 'Object Transfer'."
270395,38f872c3-7300-4c7c-a2be-614ddb415ce7,136.84518859999997,#C C drops mop,Unknown,Object Transfer,"The action of dropping the mop is a deliberate placement of the object onto a surface, which fits the criteria for 'Object Transfer'."
270399,38f872c3-7300-4c7c-a2be-614ddb415ce7,148.79530859999997,#C C drops bucket,Unknown,Object Transfer,"The action of dropping the bucket is a deliberate placement of the object onto a surface, which fits the criteria for 'Object Transfer'."
270426,38f872c3-7300-4c7c-a2be-614ddb415ce7,220.0581886,#C C drops bucket,Unknown,Object Transfer,"The action of dropping a bucket is a deliberate placement of the object onto a surface, which fits the criteria for 'Object Transfer'."
270430,38f872c3-7300-4c7c-a2be-614ddb415ce7,221.7865086,#C C drops mop,Unknown,Object Transfer,"The action of dropping the mop is a deliberate placement onto a surface, which fits the criteria for 'Object Transfer'."
270441,38f872c3-7300-4c7c-a2be-614ddb415ce7,254.0853486,#C C drops scissor,Unknown,Object Transfer,"The action of dropping a scissor is a deliberate placement onto a surface, which fits the criteria for Object Transfer."
270456,38f872c3-7300-4c7c-a2be-614ddb415ce7,298.2488092853613,#C C drops umbrella,Unknown,Object Transfer,"The action of dropping the umbrella is a deliberate placement of the object onto a surface, which fits the criteria for 'Object Transfer'."
270465,38f872c3-7300-4c7c-a2be-614ddb415ce7,318.0733492853613,#C C drops throw pillow,Unknown,Object Transfer,"The action of dropping the throw pillow is a deliberate placement onto a surface, which fits the criteria for 'Object Transfer'."
270468,38f872c3-7300-4c7c-a2be-614ddb415ce7,321.9089492853613,#C C drops throw pillow,Unknown,Object Transfer,"The action of dropping the throw pillow is a deliberate placement onto a surface, which fits the criteria for 'Object Transfer'."
270473,38f872c3-7300-4c7c-a2be-614ddb415ce7,334.99964928536133,#C C drops cushions,Unknown,Object Transfer,"The current action involves C dropping the cushions, which is a deliberate placement onto a surface. This fits the criteria for 'Object Transfer'."
270497,38f872c3-7300-4c7c-a2be-614ddb415ce7,386.7007892853613,#C C hits chair,Unknown,Essential Operation,"The action of hitting the chair does not fit into the categories of Search, Object Transfer, Locomotion, or Stationary. It is more likely an essential operation or maintenance task related to the chair."
270503,38f872c3-7300-4c7c-a2be-614ddb415ce7,407.6305392853613,#C C drops chair,Unknown,Object Transfer,"The action of dropping the chair is a deliberate placement of the object onto a surface, which fits the criteria for 'Object Transfer'."
270517,38f872c3-7300-4c7c-a2be-614ddb415ce7,453.6433292853613,#C C drops dust pan,Unknown,Object Transfer,"The action of dropping the dust pan is a deliberate placement onto a surface, which fits the criteria for Object Transfer."
270587,38f872c3-7300-4c7c-a2be-614ddb415ce7,764.536437613672,#C C drops #unsure,Unknown,Object Transfer,"The action of dropping an object onto a surface is a form of deliberate placement, which falls under the 'Object Transfer' category."
270614,38f872c3-7300-4c7c-a2be-614ddb415ce7,892.8208582339521,#C C drops a dry plant,Unknown,Object Transfer,"The action of dropping a dry plant is a deliberate placement onto a surface, which fits the criteria for 'Object Transfer'."
270616,38f872c3-7300-4c7c-a2be-614ddb415ce7,893.6272882339521,#C C drops dry plant,Unknown,Object Transfer,"The action of dropping a dry plant is a deliberate placement of the object onto a surface, which fits the criteria for 'Object Transfer'."
270618,38f872c3-7300-4c7c-a2be-614ddb415ce7,894.1885682339521,#C C drops dry plant,Unknown,Object Transfer,"The action of dropping the dry plant is a deliberate placement onto a surface, which fits the criteria for 'Object Transfer'."
270620,38f872c3-7300-4c7c-a2be-614ddb415ce7,894.561528233952,#C C drops dry plant,Unknown,Object Transfer,"The action of dropping the dry plant is a deliberate placement onto a surface, which fits the criteria for 'Object Transfer'."
270632,38f872c3-7300-4c7c-a2be-614ddb415ce7,926.170278233952,#C C drops both broom and dustpan,Unknown,Object Transfer,"The action of dropping both the broom and dustpan indicates a deliberate placement of objects onto a surface, which fits the criteria for 'Object Transfer'."
270642,38f872c3-7300-4c7c-a2be-614ddb415ce7,941.607148233952,#C C drops #unsure,Unknown,Object Transfer,"The action of dropping an object is a deliberate placement, which fits the criteria for 'Object Transfer'."
270661,38f872c3-7300-4c7c-a2be-614ddb415ce7,965.080778233952,#C C drops litter,Unknown,Object Transfer,"The action of dropping litter is a deliberate placement onto a surface, which fits the criteria for 'Object Transfer'."
270723,38f872c3-7300-4c7c-a2be-614ddb415ce7,1040.007258233952,#C C drops cut plant,Unknown,Object Transfer,"The action of dropping the cut plant is a deliberate placement onto a surface, which fits the criteria for Object Transfer."
270732,38f872c3-7300-4c7c-a2be-614ddb415ce7,1068.8756915672852,#C C drops cut plants,Unknown,Object Transfer,"The action of dropping the cut plants is a deliberate placement onto a surface, which fits the criteria for 'Object Transfer'."
270747,38f872c3-7300-4c7c-a2be-614ddb415ce7,1083.0248215672852,#C C drops cut plants,Unknown,Object Transfer,"The current action involves dropping cut plants, which is a deliberate placement of an object onto a surface. This fits the criteria for 'Object Transfer'."
270748,38f872c3-7300-4c7c-a2be-614ddb415ce7,1084.7933915672852,#C C drops cut plants,Unknown,Object Transfer,"The action of dropping the cut plants is a deliberate placement onto a surface, which fits the criteria for 'Object Transfer'."
270752,38f872c3-7300-4c7c-a2be-614ddb415ce7,1088.5301215672853,#C C drops cut plants,Unknown,Object Transfer,"The action of dropping the cut plants onto a surface is a deliberate placement, which fits the criteria for 'Object Transfer'."
270755,38f872c3-7300-4c7c-a2be-614ddb415ce7,1093.1816716989583,#C C drops plant,Unknown,Object Transfer,"The action of dropping the plant onto a surface is a deliberate placement, which fits the criteria for 'Object Transfer'."
270759,38f872c3-7300-4c7c-a2be-614ddb415ce7,1097.7017516989583,#C C drops plant,Unknown,Object Transfer,"The action of dropping the plant is a deliberate placement of the object onto a surface, which fits the criteria for 'Object Transfer'."
270763,38f872c3-7300-4c7c-a2be-614ddb415ce7,1100.7542916989582,#C C drops plant,Unknown,Object Transfer,"The action of dropping the plant is a deliberate placement of the object onto a surface, which fits the criteria for 'Object Transfer'."
270765,38f872c3-7300-4c7c-a2be-614ddb415ce7,1102.4643916989585,#C C drops plant,Unknown,Object Transfer,"The action of dropping the plant is a deliberate placement onto a surface, which fits the criteria for 'Object Transfer'."
270768,38f872c3-7300-4c7c-a2be-614ddb415ce7,1106.1506616989582,#C C drops plant,Unknown,Object Transfer,"The action of dropping the plant onto a surface is a deliberate placement, which fits the criteria for 'Object Transfer'."
270770,38f872c3-7300-4c7c-a2be-614ddb415ce7,1108.1479116989583,#C C drops plant,Unknown,Object Transfer,"The action of dropping the plant is a deliberate placement of the object onto a surface, which fits the criteria for 'Object Transfer'."
270772,38f872c3-7300-4c7c-a2be-614ddb415ce7,1109.5627416989582,#C C drops plant,Unknown,Object Transfer,"The action of dropping a plant is a deliberate placement onto a surface, which fits the criteria for 'Object Transfer'."
270774,38f872c3-7300-4c7c-a2be-614ddb415ce7,1110.4875416989582,#C C drops plant,Unknown,Object Transfer,"The action of dropping the plant is a deliberate placement onto a surface, which fits the criteria for 'Object Transfer'."
270777,38f872c3-7300-4c7c-a2be-614ddb415ce7,1114.8048116989582,#C C drops plant,Unknown,Object Transfer,"The action of dropping a plant onto a surface is a deliberate placement, which fits the criteria for 'Object Transfer'."
270782,38f872c3-7300-4c7c-a2be-614ddb415ce7,1121.6598016989583,#C C drops plant,Unknown,Object Transfer,"The action of dropping the plant onto a surface is a deliberate placement, which fits the criteria for 'Object Transfer'."
270786,38f872c3-7300-4c7c-a2be-614ddb415ce7,1125.8266216989582,#C C drops plants,Unknown,Object Transfer,"The action of dropping plants is a deliberate placement of the plants onto a surface, which fits the criteria for 'Object Transfer'."
270796,38f872c3-7300-4c7c-a2be-614ddb415ce7,1141.4583516989585,#C C drops plants,Unknown,Object Transfer,"The current action involves dropping plants, which is a deliberate placement of the object onto a surface. This fits the criteria for 'Object Transfer'."
270798,38f872c3-7300-4c7c-a2be-614ddb415ce7,1142.2605216989582,#C C drops plant,Unknown,Object Transfer,"The action of dropping a plant is a deliberate placement onto a surface, which fits the criteria for 'Object Transfer'."
270800,38f872c3-7300-4c7c-a2be-614ddb415ce7,1143.8915216989585,#C C drops plant,Unknown,Object Transfer,"The action of dropping the plant is a deliberate placement of the object onto a surface, which fits the criteria for 'Object Transfer'."
270805,38f872c3-7300-4c7c-a2be-614ddb415ce7,1150.3717116989585,#C C drops plant,Unknown,Object Transfer,"The action of dropping the plant onto a surface is a deliberate placement, which fits the criteria for 'Object Transfer'."
270807,38f872c3-7300-4c7c-a2be-614ddb415ce7,1151.8940716989582,#C C drops plant,Unknown,Object Transfer,"The action of dropping a plant is a deliberate placement onto a surface, which fits the criteria for 'Object Transfer'."
270843,38f872c3-7300-4c7c-a2be-614ddb415ce7,1221.1551416989582,#C C drops plants,Unknown,Object Transfer,"The current action involves dropping plants, which is a deliberate placement onto a surface, fitting the criteria for 'Object Transfer'."
270845,38f872c3-7300-4c7c-a2be-614ddb415ce7,1222.5288316989584,#C C drops plant,Unknown,Object Transfer,"The action of dropping a plant is a deliberate placement onto a surface, which fits the criteria for 'Object Transfer'."
270847,38f872c3-7300-4c7c-a2be-614ddb415ce7,1223.7341516989582,#C C drops plant,Unknown,Object Transfer,"The action of dropping a plant is a deliberate placement onto a surface, which fits the criteria for 'Object Transfer'."
270849,38f872c3-7300-4c7c-a2be-614ddb415ce7,1224.5688216989583,#C C drops plants,Unknown,Object Transfer,"The action of dropping the plant is a deliberate placement of the object onto a surface, which fits the criteria for 'Object Transfer'."
270856,38f872c3-7300-4c7c-a2be-614ddb415ce7,1236.7139816989584,#C C drops scissors,Unknown,Object Transfer,"The action of dropping scissors is a deliberate placement of the object onto a surface, which fits the criteria for 'Object Transfer'."
271068,38f872c3-7300-4c7c-a2be-614ddb415ce7,2246.871249726302,#C C drops mat,Unknown,Object Transfer,"The action of dropping the mat is a deliberate placement onto a surface, which fits the criteria for 'Object Transfer'."
271075,38f872c3-7300-4c7c-a2be-614ddb415ce7,2260.9660997263018,#C C drops throw pillow,Unknown,Object Transfer,"The action of dropping the throw pillow is a deliberate placement onto a surface, which fits the criteria for 'Object Transfer'."
271077,38f872c3-7300-4c7c-a2be-614ddb415ce7,2262.749199726302,#C C drops throw pillow,Unknown,Object Transfer,"The action of dropping the throw pillow onto a surface is a deliberate placement, which fits the criteria for 'Object Transfer'."
271088,38f872c3-7300-4c7c-a2be-614ddb415ce7,2281.308189726302,#C C drops umbrella,Unknown,Object Transfer,"The action of dropping the umbrella is a deliberate placement of the object onto a surface, which fits the criteria for 'Object Transfer'."
271092,38f872c3-7300-4c7c-a2be-614ddb415ce7,2286.2548397263017,#C C drops both dustpan and broom,Unknown,Object Transfer,"The action of dropping both the dustpan and broom is a deliberate placement onto a surface, which fits the criteria for 'Object Transfer'."
271099,38f872c3-7300-4c7c-a2be-614ddb415ce7,2295.521719726302,#C C hits seat,Unknown,Stationary,"The action of hitting a seat does not fit into the categories of Locomotion, Essential Operation, Object Transfer, or Search. It is more likely a minor adjustment or interaction with the environment, which can be classified as a Stationary action."
271156,38f872c3-7300-4c7c-a2be-614ddb415ce7,2406.171969726302,#C C drops both brush and dustpan,Unknown,Object Transfer,"The current action involves deliberately placing both the brush and the dustpan onto a surface, which aligns with the definition of 'Object Transfer'."
271170,38f872c3-7300-4c7c-a2be-614ddb415ce7,2429.3114697263018,#C C drops the bucket,Unknown,Object Transfer,"The action of dropping the bucket is a deliberate placement onto a surface, which fits the criteria for 'Object Transfer'."
271195,38f872c3-7300-4c7c-a2be-614ddb415ce7,2477.8077880368487,#C C drops bucket,Unknown,Object Transfer,"The action of dropping the bucket is a deliberate placement of the object onto a surface, which fits the criteria for 'Object Transfer'."
271255,603a427f-9191-4ca4-a1b0-dd3c5e7fda70,102.6208486,#C C drops the pack of flour on the kitchen slap,Unknown,Object Transfer,"The action of dropping the pack of flour onto the kitchen slap is a deliberate placement, which fits the criteria for 'Object Transfer'."
271270,603a427f-9191-4ca4-a1b0-dd3c5e7fda70,162.9528786,#C C drops the flour pack on the kitchen slap,Unknown,Object Transfer,"The action of dropping the flour pack onto the kitchen slap is a deliberate placement, which fits the criteria for 'Object Transfer'."
271279,603a427f-9191-4ca4-a1b0-dd3c5e7fda70,250.8869986,#C C drops the flour sifter on the kitchen slap,Unknown,Object Transfer,"The action of dropping the flour sifter onto the kitchen slab is a deliberate placement of the object onto a surface, which fits the criteria for 'Object Transfer'."
271290,603a427f-9191-4ca4-a1b0-dd3c5e7fda70,291.23497860000003,#C C drops the phone on the slab.,Unknown,Object Transfer,"The action of dropping the phone onto the slab is a deliberate placement of the object onto a surface, which fits the criteria for 'Object Transfer'."
271298,603a427f-9191-4ca4-a1b0-dd3c5e7fda70,323.96624860000003,#C C drops the can on the slab.,Unknown,Object Transfer,"The action of dropping the can onto the slab is a deliberate placement of the object, which fits the criteria for 'Object Transfer'."
271304,603a427f-9191-4ca4-a1b0-dd3c5e7fda70,355.6214186,#C C drops the spoon on the slab.,Unknown,Object Transfer,"The action of dropping the spoon onto the slab is a deliberate placement, which fits the criteria for 'Object Transfer'."
271309,603a427f-9191-4ca4-a1b0-dd3c5e7fda70,395.1600486,#C C drops the container on the slab.,Unknown,Object Transfer,"The action of dropping the container onto the slab is a deliberate placement, which fits the criteria for 'Object Transfer'."
271745,0fe191ef-c28a-422c-aede-46f8aa8532a6,1075.9135352666665,#C C stairs #unsure with spoon,Unknown,Locomotion,"The action involves moving up the stairs while holding a spoon, which indicates movement and thus falls under the Locomotion category."
272184,0fe191ef-c28a-422c-aede-46f8aa8532a6,2184.897735266667,#C C hits the spoon on the blender jug,Unknown,Object Transfer,"The action of hitting the spoon on the blender jug can be interpreted as a deliberate placement or interaction with the object, which falls under the 'Object Transfer' category."
272208,0fe191ef-c28a-422c-aede-46f8aa8532a6,2241.280025266667,#C C hits the blender jar with the hand,Unknown,Object Transfer,"The action of hitting the blender jar with the hand can be interpreted as a deliberate placement or interaction with the object, which falls under the 'Object Transfer' category."
272217,0fe191ef-c28a-422c-aede-46f8aa8532a6,2266.2954152666666,#C C hits the blender jar with the hand,Unknown,Essential Operation,"The action of hitting the blender jar with the hand is likely an attempt to loosen or clean the jar, which is an essential operation in the context of using the blender."
272299,0fe191ef-c28a-422c-aede-46f8aa8532a6,2460.870145266667,#C C hits jar,Unknown,Essential Operation,"The action of hitting the jar likely indicates an essential operation, such as breaking the jar or preparing to open it, rather than a form of locomotion, search, or object transfer."
272304,0fe191ef-c28a-422c-aede-46f8aa8532a6,2474.807475266666,#C C shakes jar,Unknown,Essential Operation,"The action of shaking a jar is typically associated with an essential operation, such as mixing or activating the contents inside. It does not fit the criteria for Object Transfer, as it does not involve placing or removing an object from a surface."
272348,0fe191ef-c28a-422c-aede-46f8aa8532a6,2621.756465266667,#C C drops lid insert,Unknown,Object Transfer,"The action of dropping the lid insert is a deliberate placement onto a surface, which fits the criteria for 'Object Transfer'."
272427,0fe191ef-c28a-422c-aede-46f8aa8532a6,2808.828835266667,#C C hits spatula with the edge of the sink,Unknown,Object Transfer,"The action of hitting the spatula with the edge of the sink seems to be a deliberate placement or interaction with an object, which fits the 'Object Transfer' category."
272464,0fe191ef-c28a-422c-aede-46f8aa8532a6,2950.0188952666667,#C C leaks the finger,Unknown,Essential Operation,"The action of 'leaks the finger' likely refers to cleaning or rinsing the finger, which falls under the category of Essential Operation as it involves a necessary personal hygiene task."
272631,0fe191ef-c28a-422c-aede-46f8aa8532a6,3338.8948819333336,#C C drops a spoon,Unknown,Object Transfer,"The action of dropping a spoon is a deliberate placement onto a surface, which fits the criteria for Object Transfer."
272646,0fe191ef-c28a-422c-aede-46f8aa8532a6,3374.0489319333337,#C C drops egg shells,Unknown,Object Transfer,"The action of dropping egg shells is a deliberate placement of the shells onto a surface, which fits the criteria for 'Object Transfer'."
272654,0fe191ef-c28a-422c-aede-46f8aa8532a6,3384.962591933333,#C C drops the liquid soap,Unknown,Object Transfer,"The action of dropping the liquid soap onto a surface is a deliberate placement, which fits the criteria for 'Object Transfer'."
272657,0fe191ef-c28a-422c-aede-46f8aa8532a6,3386.2200319333333,#C C drops a stirring spoon,Unknown,Object Transfer,"The action of dropping the stirring spoon is a deliberate placement onto a surface, which fits the criteria for 'Object Transfer'."
272662,0fe191ef-c28a-422c-aede-46f8aa8532a6,3405.653021933333,#C C drops the tin,Unknown,Object Transfer,"The action of dropping the tin is a deliberate placement of the object onto a surface, which fits the criteria for 'Object Transfer'."
272665,0fe191ef-c28a-422c-aede-46f8aa8532a6,3408.3195019333334,#C C drops the spoon,Unknown,Object Transfer,"The action of dropping the spoon is a deliberate placement onto a surface, which fits the criteria for 'Object Transfer'."
272667,0fe191ef-c28a-422c-aede-46f8aa8532a6,3411.3985719333336,#C C drops the bowl,Unknown,Object Transfer,"The action of dropping the bowl is a deliberate placement of the object onto a surface, which fits the criteria for 'Object Transfer'."
272670,0fe191ef-c28a-422c-aede-46f8aa8532a6,3415.4049419333337,#C C drops the stirring spoon,Unknown,Object Transfer,"The action of dropping the stirring spoon is a deliberate placement onto a surface, which fits the criteria for 'Object Transfer'."
272675,0fe191ef-c28a-422c-aede-46f8aa8532a6,3422.2616119333334,#C C drops the tin,Unknown,Object Transfer,"The action of dropping the tin is a deliberate placement of the object onto a surface, which fits the criteria for 'Object Transfer'."
272690,0fe191ef-c28a-422c-aede-46f8aa8532a6,3450.309131933333,#C C drops the bowl,Unknown,Object Transfer,"The action of dropping the bowl is a deliberate placement of the object onto a surface, which fits the criteria for 'Object Transfer'."
272711,0fe191ef-c28a-422c-aede-46f8aa8532a6,3477.3668919333336,#C C drops the scouring pad,Unknown,Object Transfer,"The action of dropping the scouring pad is a deliberate placement of the object onto a surface, which fits the criteria for 'Object Transfer'."
272726,0fe191ef-c28a-422c-aede-46f8aa8532a6,3512.001201933333,#C C drops the lid rubber,Unknown,Object Transfer,"The action involves deliberately placing the lid rubber onto a surface, which fits the criteria for Object Transfer."
272728,0fe191ef-c28a-422c-aede-46f8aa8532a6,3516.6825019333337,#C C drops the lid,Unknown,Object Transfer,"The action of dropping the lid is a deliberate placement onto a surface, similar to the previous action of dropping the spoon."
272731,0fe191ef-c28a-422c-aede-46f8aa8532a6,3519.138281933333,#C C drops the spoon,Unknown,Object Transfer,"The action of dropping the spoon is a deliberate placement of the object onto a surface, which fits the criteria for 'Object Transfer'."
272813,bf6e4f01-7891-42fe-9b52-1b5033379b44,288.05430707826207,#C C throws the dish at the corner,Unknown,Locomotion,"Although throwing an object might seem like an Object Transfer, the action of throwing itself is more about the motion and trajectory of the object rather than placing it somewhere deliberately. Therefore, it is classified as Locomotion."
272918,bf6e4f01-7891-42fe-9b52-1b5033379b44,899.996628365625,#C c breaks a piece of #unsure,Unknown,Essential Operation,"Breaking a piece of something is considered an essential operation, such as preparing or modifying an object for use."
272935,bf6e4f01-7891-42fe-9b52-1b5033379b44,965.174638365625,#C c breaks a piece of #unsure,Unknown,Essential Operation,"Breaking a piece of an object is considered an essential operation, such as modifying or preparing the object for use."
272947,bf6e4f01-7891-42fe-9b52-1b5033379b44,1003.207798365625,#C c shakes #unsure,Unknown,Locomotion,Shaking typically involves movement and can be classified under locomotion if it involves moving the body or a part of the body in a rhythmic or repetitive manner.
272995,d3075d27-12e9-40ec-9066-cb381eed8aa6,59.7188996,#C C drops the broom,Unknown,Object Transfer,"The action of dropping the broom is a deliberate placement of the broom onto a surface, which fits the criteria for 'Object Transfer'."
273416,eebb7a06-e9ce-4982-92dc-ec4a5d74d725,60.03097,#C C drops the skipping rope in his left hand on the ground.,Unknown,Object Transfer,"The action of dropping the skipping rope onto the ground is a deliberate placement, which fits the criteria for 'Object Transfer'."
273566,81c8eef4-6e47-4786-920f-e7f3f6bc970a,94.3156,#C C throws the polythene,Unknown,Object Transfer,"The action of throwing the polythene paper can be considered as a form of object transfer, as it involves moving an object from one location to another."
274013,2b0d2089-36dc-4579-91c7-fabb05c5afd1,1251.7388216989582,#O person X drops the tile,Unknown,Object Transfer,"The action of dropping the tile is a deliberate placement of an object onto a surface, which fits the criteria for 'Object Transfer'."
274093,70b1eb5c-49a6-4249-88bb-53606589a6ea,77.2947196,#C C drops the can of wood polish on the stairs.,Unknown,Object Transfer,"The action of dropping the can of wood polish onto the stairs is a deliberate placement of the object, which fits the criteria for 'Object Transfer'."
274101,70b1eb5c-49a6-4249-88bb-53606589a6ea,169.4825996,#C C drops can of wood polish.,Unknown,Object Transfer,"The action of dropping the can of wood polish is a deliberate placement of the object onto a surface, which fits the criteria for 'Object Transfer'."
274109,70b1eb5c-49a6-4249-88bb-53606589a6ea,226.9689496,#C C drops the brush on the can of polish.,Unknown,Object Transfer,"The action of dropping the brush onto the can of polish is a deliberate placement, which fits the criteria for 'Object Transfer'."
274248,f3d921fe-d7d8-4c09-98fd-7850154d73dc,1029.04263762133,#C C drops the can of paint on the staircase with his left hand,Unknown,Object Transfer,"The action involves deliberately placing the can of paint onto the staircase, which fits the criteria for an Object Transfer."
274325,f3d921fe-d7d8-4c09-98fd-7850154d73dc,1378.0742142879967,#C C touches his head with his right hand. #unsure,Unknown,Stationary,"The action of touching one's head is typically a brief, stationary gesture and does not involve movement from one location to another or any form of object manipulation."
274339,4d1b11b2-e53a-40a5-a3a5-2b2441c60e17,80.40613959999999,#O The woman C drops the tray in her right hand.,Unknown,Object Transfer,"The action of dropping the tray onto a surface is a deliberate placement, which fits the criteria for 'Object Transfer'."
274391,4d1b11b2-e53a-40a5-a3a5-2b2441c60e17,349.5381309546634,#O The man B drops the chopsticks on his plate.,Unknown,Object Transfer,"The action of dropping the chopsticks onto the plate is a deliberate placement, which fits the criteria for 'Object Transfer'."
274638,4d1b11b2-e53a-40a5-a3a5-2b2441c60e17,1011.1003509546634,#O The man G throws trash can into the trash can with his right hand.,Unknown,Object Transfer,
274732,4d1b11b2-e53a-40a5-a3a5-2b2441c60e17,1394.7798009546634,#O man X drops the bowl of vegetable on the dining.,Unknown,Object Transfer,"The action involves deliberately placing the bowl of vegetable onto the dining table, which fits the criteria for Object Transfer."
274991,6269fa52-58af-46d3-9a4b-7aca66c3b622,89.90980859999999,#C C drops the third screwdriver on the bicycle.,Unknown,Object Transfer,"The action involves deliberately placing the third screwdriver onto the bicycle, which fits the criteria for an Object Transfer."
274995,6269fa52-58af-46d3-9a4b-7aca66c3b622,109.9477386,#C C drops the screwdriver,Unknown,Object Transfer,"The action of dropping the screwdriver is a deliberate placement of the object onto a surface, which fits the criteria for 'Object Transfer'."
275378,ed31f134-b3f0-4f50-b8ae-d956b2f9ccfd,426.5684686458333,#O The woman B drops the book in her right hand on her lap.,Unknown,Object Transfer,"The action of dropping the book onto the lap is a deliberate placement of the object, which fits the criteria for 'Object Transfer'."
275384,ed31f134-b3f0-4f50-b8ae-d956b2f9ccfd,479.97067864583335,#O The woman B drops the book in her hands on her lap.,Unknown,Object Transfer,"The action of dropping the book onto her lap is a deliberate placement, which fits the criteria for 'Object Transfer'."
275425,ed31f134-b3f0-4f50-b8ae-d956b2f9ccfd,935.6828553125,#O the boy D drops the book in his right hand on the chair.,Unknown,Object Transfer,"The action involves the deliberate placement of the book onto the chair, which fits the criteria for Object Transfer."
275459,ed31f134-b3f0-4f50-b8ae-d956b2f9ccfd,889.8534753125,#O the woman A drops the book in her hands on her laps.,Unknown,Object Transfer,"The action of dropping the book onto her lap is a deliberate placement, which fits the criteria for 'Object Transfer'."
275465,ed31f134-b3f0-4f50-b8ae-d956b2f9ccfd,955.1662953125,#O the woman A drops the book in her hands on her laps.,Unknown,Object Transfer,"The action of dropping the book onto her lap is a deliberate placement of the object, which fits the criteria for 'Object Transfer'."
275490,ed31f134-b3f0-4f50-b8ae-d956b2f9ccfd,1064.9357853125,#O the woman A drops the book in her hands on her laps.,Unknown,Object Transfer,"The action of dropping the book onto the lap is a deliberate placement, which fits the criteria for 'Object Transfer'."
275775,f987286c-2ab4-4486-80f2-9124297f4be6,56.26523,#C C drops a charger,Unknown,Object Transfer,"The action of dropping a charger is a deliberate placement onto a surface, which fits the criteria for 'Object Transfer'."
275849,f987286c-2ab4-4486-80f2-9124297f4be6,760.9959433333333,#C C drops the bag,Unknown,Object Transfer,"The action of dropping the bag is a deliberate placement onto a surface, which fits the criteria for Object Transfer."
275927,385e21d8-e96f-4824-8a1c-44f97d6cc139,357.1543309546634,#C C drops the handle of the sandpaper on her laps with her right hand.,Unknown,Object Transfer,"The action involves deliberately placing the handle of the sandpaper onto her lap, which fits the criteria for an Object Transfer action."
276069,cbc80fb5-5508-484d-bfc5-d56650cdf838,40.34006,#C C touches the wire,Unknown,Essential Operation,"The action of touching the wire is a continuation of the previous essential operations involving the wire, such as hitting it with a hammer."
276243,6c716b7b-80a3-4f66-a341-7b86a1e921fa,31.5373686,#C C drops t-shirt on the knee,Unknown,Object Transfer,"The action of dropping the t-shirt onto the knee is a deliberate placement, which fits the criteria for 'Object Transfer'."
276327,6c716b7b-80a3-4f66-a341-7b86a1e921fa,185.4609486,#C C turns a trouser short,Unknown,Object Transfer,"The action of turning a trouser short can be considered as part of the process of arranging or manipulating the object, which fits the definition of Object Transfer."
276469,590ec18e-a6c7-4457-bef6-75b034a4938c,-0.0129744517578011,#C C drops the right hands,Unknown,Object Transfer,"The action describes dropping an object with the right hand, which indicates a deliberate placement onto a surface."
276843,0a47c74a-dad9-42d5-b937-0f375490f034,758.3921870505209,#C C moves #unsure on the board,Unknown,Locomotion,"The current action describes a movement on the board, which falls under the category of Locomotion as it involves the physical movement of a person."
276881,0a47c74a-dad9-42d5-b937-0f375490f034,655.4989070505209,#O A woman Y moves #unsure on the board,Unknown,Object Transfer,"The action of moving the dices onto the board is a deliberate placement, which fits the 'Object Transfer' category."
276955,5e9e692b-dd68-4618-bfa3-012a7934abc2,66.6096196,#C C shakes the ingridients,Unknown,Essential Operation,Shaking ingredients is a common step in food preparation and is considered an essential operation.
279633,453dc4a1-57b2-4803-9156-cf30016c3a79,722.6383093333333,#C C drops the towel,Unknown,Object Transfer,"The action of dropping the towel is a deliberate placement of the object onto a surface, which fits the criteria for 'Object Transfer'."
279635,453dc4a1-57b2-4803-9156-cf30016c3a79,744.7043493333333,#C C drops the bag,Unknown,Object Transfer,"The action of dropping the bag is a deliberate placement onto a surface, which fits the criteria for 'Object Transfer'."
279970,3cbd049a-0d7d-410b-b9b0-761efb801c8a,1138.9292576213302,#O man A drops a card.,Unknown,Object Transfer,"The action of dropping a card is a deliberate placement onto a surface, which fits the criteria for 'Object Transfer'."
279972,3cbd049a-0d7d-410b-b9b0-761efb801c8a,1146.68201762133,#O man A drops a card.,Unknown,Object Transfer,"The action of dropping a card is a deliberate placement onto a surface, which fits the criteria for 'Object Transfer'."
279979,3cbd049a-0d7d-410b-b9b0-761efb801c8a,1264.1077149546632,#O man D drops a card.,Unknown,Object Transfer,"The current action involves a person dropping a card, which is a deliberate placement onto a surface, similar to the previous action where man E dropped a card."
279980,3cbd049a-0d7d-410b-b9b0-761efb801c8a,1267.8478649546632,#O man A drops a card.,Unknown,Object Transfer,"The action involves a deliberate placement of an object (dropping a card), which fits the criteria for 'Object Transfer'."
279981,3cbd049a-0d7d-410b-b9b0-761efb801c8a,1284.0010549546632,#O man D drops a card.,Unknown,Object Transfer,"The action of dropping a card is a deliberate placement onto a surface, which fits the criteria for 'Object Transfer'."
279982,3cbd049a-0d7d-410b-b9b0-761efb801c8a,1287.8227449546632,#O man A drops a card.,Unknown,Object Transfer,"The action of dropping a card is a deliberate placement onto a surface, which fits the criteria for 'Object Transfer'."
279984,3cbd049a-0d7d-410b-b9b0-761efb801c8a,1297.5937849546633,#O man A drops a card.,Unknown,Object Transfer,"The action of 'dropping a card' indicates a deliberate placement of an object onto a surface, which fits the criteria for 'Object Transfer'."
279985,3cbd049a-0d7d-410b-b9b0-761efb801c8a,1299.1953949546632,#O man E drops a card.,Unknown,Object Transfer,"The action of dropping a card is a deliberate placement onto a surface, which fits the criteria for 'Object Transfer'."
279987,3cbd049a-0d7d-410b-b9b0-761efb801c8a,1306.3167949546632,#O man A drops a card.,Unknown,Object Transfer,"The action of 'dropping a card' indicates a deliberate placement of an object onto a surface, which fits the criteria for 'Object Transfer'."
279989,3cbd049a-0d7d-410b-b9b0-761efb801c8a,1315.5976949546634,#O man A drops a card.,Unknown,Object Transfer,"The action of dropping a card is a deliberate placement onto a surface, which fits the criteria for 'Object Transfer'."
279991,3cbd049a-0d7d-410b-b9b0-761efb801c8a,1331.1680949546633,#O man A drops a card.,Unknown,Object Transfer,"The action of dropping a card is a deliberate placement onto a surface, which fits the criteria for 'Object Transfer'."
279992,3cbd049a-0d7d-410b-b9b0-761efb801c8a,1338.6521949546632,#O man E drops a card.,Unknown,Object Transfer,"The action of dropping a card is a deliberate placement onto a surface, which fits the criteria for 'Object Transfer'."
279994,3cbd049a-0d7d-410b-b9b0-761efb801c8a,1350.4467449546632,#O man E drops a card.,Unknown,Object Transfer,"The action of dropping a card is a deliberate placement onto a surface, which fits the criteria for 'Object Transfer'."
279996,3cbd049a-0d7d-410b-b9b0-761efb801c8a,1355.8230049546632,#O man B drops a card.,Unknown,Object Transfer,"The action of dropping a card is a deliberate placement onto a surface, which fits the criteria for 'Object Transfer'."
279997,3cbd049a-0d7d-410b-b9b0-761efb801c8a,1358.6750549546632,#O man E drops a card.,Unknown,Object Transfer,"The action of 'dropping a card' indicates a deliberate placement of an object onto a surface, which fits the criteria for 'Object Transfer'."
280140,3cbd049a-0d7d-410b-b9b0-761efb801c8a,1811.2233909546635,#O The man B drops the phone on the bed with his left hand.,Unknown,Object Transfer,"The action involves the deliberate placement of the phone onto the bed, which fits the criteria for 'Object Transfer'."
280228,9cd46f2b-df56-4a8f-a7e5-a68e3d18bf47,304.3682971935663,#C C drops the pillow.,Unknown,Object Transfer,"The action of dropping the pillow is a deliberate placement onto a surface, which fits the criteria for 'Object Transfer'."
280247,9cd46f2b-df56-4a8f-a7e5-a68e3d18bf47,406.2709271935663,#C C throws cat food up.,Unknown,Object Transfer,"The action of throwing cat food up can be considered as a form of deliberate placement or movement of an object, which fits the 'Object Transfer' category."
280264,9cd46f2b-df56-4a8f-a7e5-a68e3d18bf47,601.1652686472005,#C C drops the pillow.,Unknown,Object Transfer,"The action of dropping the pillow is a deliberate placement of the object onto a surface, which fits the criteria for 'Object Transfer'."
280278,9cd46f2b-df56-4a8f-a7e5-a68e3d18bf47,697.0067586472005,#C C drops cat food.,Unknown,Object Transfer,"The action of dropping the cat food is a deliberate placement of an object onto a surface, which fits the criteria for 'Object Transfer'."
280474,e65eb769-09ac-4ed0-b747-847e76252fa6,406.9375886,#C C drops the tea bag on the cabinet,Unknown,Object Transfer,"The action involves C dropping the tea bag onto the cabinet, which is a deliberate placement of an object onto a surface."
280483,e65eb769-09ac-4ed0-b747-847e76252fa6,439.3988586,#C C drops the polythene paper on the cabinet,Unknown,Object Transfer,"The action of dropping the polythene paper onto the cabinet is a deliberate placement, which fits the criteria for 'Object Transfer'."
280537,e65eb769-09ac-4ed0-b747-847e76252fa6,537.4080986,#C C drops the juicer lid on the cabinet,Unknown,Object Transfer,"The action of dropping the juicer lid onto the cabinet is a deliberate placement, which fits the criteria for 'Object Transfer'."
280570,e65eb769-09ac-4ed0-b747-847e76252fa6,608.2605086000001,#C C drops the knife on the cabinet,Unknown,Object Transfer,"The action involves deliberately placing the knife on the cabinet, which fits the definition of 'Object Transfer'."
280990,e65eb769-09ac-4ed0-b747-847e76252fa6,1589.9235386,#C C drops the orange on the cabinet,Unknown,Object Transfer,"The action involves deliberately placing the orange onto the cabinet, which fits the definition of 'Object Transfer'."
281019,e65eb769-09ac-4ed0-b747-847e76252fa6,1665.7419686,#C C drops a knife on the cabinet,Unknown,Object Transfer,"The action of dropping a knife on the cabinet is a deliberate placement of an object, which fits the 'Object Transfer' category."
281132,e65eb769-09ac-4ed0-b747-847e76252fa6,1911.8013786,#c C drops the plug on the cabinet,Unknown,Object Transfer,"The action of dropping the plug onto the cabinet is a deliberate placement, which fits the criteria for 'Object Transfer'."
281586,f3a0487b-70f6-4446-99a0-16dc78019ee7,627.6478233333333,#C C drops the piece of garlic on the board,Unknown,Object Transfer,"The action involves deliberately placing the piece of garlic onto the board, which fits the definition of 'Object Transfer'."
281774,f3a0487b-70f6-4446-99a0-16dc78019ee7,1007.2333033333332,#C C drops the sieve of peas with his left hand.,Unknown,Object Transfer,"The action of dropping the sieve of peas is a deliberate placement onto a surface, which fits the criteria for 'Object Transfer'."
282120,f3a0487b-70f6-4446-99a0-16dc78019ee7,1741.0410033333333,#C C drops phone on the kitchen table with right hand.,Unknown,Object Transfer,"The action involves C deliberately placing the phone onto the kitchen table, which fits the criteria for an Object Transfer."
282228,f3a0487b-70f6-4446-99a0-16dc78019ee7,2102.4488133333334,#C C drops the wooden paddle.,Unknown,Object Transfer,"The action of dropping the wooden paddle is a deliberate placement of the object onto a surface, which fits the criteria for 'Object Transfer'."
282236,f3a0487b-70f6-4446-99a0-16dc78019ee7,2114.858243333333,#C C drops both measuring cups with her left hand.,Unknown,Object Transfer,"The action of dropping both measuring cups is a deliberate placement of the objects onto a surface, which fits the criteria for 'Object Transfer'."
282246,f3a0487b-70f6-4446-99a0-16dc78019ee7,2154.526508,#C C drops the bowl with her right hand.,Unknown,Object Transfer,"The action of dropping the bowl is a deliberate placement of the object onto a surface, which fits the criteria for 'Object Transfer'."
282372,f3a0487b-70f6-4446-99a0-16dc78019ee7,2306.11409,#C C drops the knife on her right hand.,Unknown,Object Transfer,"The action of dropping the knife onto her right hand is a deliberate placement of the object, which fits the criteria for 'Object Transfer'."
282441,f3a0487b-70f6-4446-99a0-16dc78019ee7,2429.05259,#C C drops the bowl on the kitchen cabinet.,Unknown,Object Transfer,"The action of dropping the bowl onto the kitchen cabinet is a deliberate placement, which fits the criteria for 'Object Transfer'."
282478,f3a0487b-70f6-4446-99a0-16dc78019ee7,2501.87251,#C C drops their left hand.,Unknown,Object Transfer,"The action of dropping the left hand indicates a deliberate placement of the hand onto a surface, which fits the criteria for 'Object Transfer'."
282524,f3a0487b-70f6-4446-99a0-16dc78019ee7,2558.6686899999995,#C C drops their left hand.,Unknown,Object Transfer,"The action of dropping the left hand indicates a deliberate placement of the hand onto a surface, which fits the criteria for 'Object Transfer'."
282779,f3a0487b-70f6-4446-99a0-16dc78019ee7,3162.7917733333325,#C C drops fry pan on the cooker.,Unknown,Object Transfer,"The action of dropping the fry pan onto the cooker is a deliberate placement, which fits the criteria for 'Object Transfer'."
282786,f3a0487b-70f6-4446-99a0-16dc78019ee7,3176.8372033333326,#C C drops the fry pan in her left hand on the cooker.,Unknown,Object Transfer,"The action of dropping the fry pan onto the cooker is a deliberate placement, which fits the criteria for 'Object Transfer'."
282836,f3a0487b-70f6-4446-99a0-16dc78019ee7,3283.486786666667,#C C drops a leaf of vegetable by the vegetable stem with his right hand.,Unknown,Object Transfer,"The action of dropping a leaf of vegetable by the stem is a deliberate placement, which fits the criteria for 'Object Transfer'."
282908,f3a0487b-70f6-4446-99a0-16dc78019ee7,3380.971196666667,#C A tomato fell on the countertop from the left hand of C.,Unknown,Object Transfer,"The action describes a tomato falling from C's left hand onto the countertop, which can be interpreted as a deliberate placement or transfer of the object."
283003,f3a0487b-70f6-4446-99a0-16dc78019ee7,3530.758406666667,#C C drops a bowl with his left hand in the kitchen sink.,Unknown,Object Transfer,"The action of dropping the bowl into the kitchen sink is a deliberate placement, which fits the criteria for 'Object Transfer'."
283230,f3a0487b-70f6-4446-99a0-16dc78019ee7,4105.4527800000005,#C C drops the sauce on the cabinet. #Unsure,Unknown,Object Transfer,"The action of dropping the sauce onto the cabinet is a deliberate placement, which fits the criteria for 'Object Transfer'."
283256,f3a0487b-70f6-4446-99a0-16dc78019ee7,4163.92132,#C C drops the bottle of the groundnut oil on the kitchen cabinet.,Unknown,Object Transfer,"The action of dropping the bottle of groundnut oil onto the kitchen cabinet is a deliberate placement, which fits the criteria for 'Object Transfer'."
283917,c921e8d0-f3df-4601-bd99-e9cfb139e3aa,34.5514386,#C C drops clothes,Unknown,Object Transfer,"The action of dropping clothes is a deliberate placement onto a surface, which fits the criteria for 'Object Transfer'."
283920,c921e8d0-f3df-4601-bd99-e9cfb139e3aa,35.1335786,#C C drops clothes,Unknown,Object Transfer,"The action of dropping clothes is a deliberate placement onto a surface, which fits the criteria for Object Transfer."
283935,c921e8d0-f3df-4601-bd99-e9cfb139e3aa,52.2610286,#C C drops shirt,Unknown,Object Transfer,"The action of dropping the shirt is a deliberate placement of the object onto a surface, which fits the criteria for 'Object Transfer'."
283945,c921e8d0-f3df-4601-bd99-e9cfb139e3aa,64.0347186,#C C drops shirt,Unknown,Object Transfer,"The action of dropping the shirt is a deliberate placement onto a surface, which fits the criteria for 'Object Transfer'."
283961,c921e8d0-f3df-4601-bd99-e9cfb139e3aa,84.0083586,#C C drops shirt,Unknown,Object Transfer,"The action of dropping the shirt onto a surface or placing it somewhere is a deliberate placement, which fits the criteria for 'Object Transfer'."
283970,c921e8d0-f3df-4601-bd99-e9cfb139e3aa,107.7485486,#C C drops a waistcoat,Unknown,Object Transfer,"The action of dropping a waistcoat is a deliberate placement onto a surface, which fits the criteria for 'Object Transfer'."
283976,c921e8d0-f3df-4601-bd99-e9cfb139e3aa,117.7474986,#C C drops waistcoat,Unknown,Object Transfer,"The current action involves deliberately placing the waistcoat onto a surface, which fits the criteria for 'Object Transfer'."
283981,c921e8d0-f3df-4601-bd99-e9cfb139e3aa,122.0656386,#C C drops hanger,Unknown,Object Transfer,"The current action involves C dropping the hanger, which is a deliberate placement onto a surface, fitting the criteria for 'Object Transfer'."
283983,c921e8d0-f3df-4601-bd99-e9cfb139e3aa,122.9577786,#C C drops shirt,Unknown,Object Transfer,"The action of dropping the shirt is a deliberate placement onto a surface, which fits the criteria for 'Object Transfer'."
283997,c921e8d0-f3df-4601-bd99-e9cfb139e3aa,150.9160886,#C C drops shirt,Unknown,Object Transfer,"The action of dropping the shirt is a deliberate placement of the object onto a surface, which fits the criteria for 'Object Transfer'."
284008,c921e8d0-f3df-4601-bd99-e9cfb139e3aa,159.5080486,#C C drops shirt,Unknown,Object Transfer,"The action of dropping the shirt onto a surface is a deliberate placement, which fits the criteria for 'Object Transfer'."
284032,c921e8d0-f3df-4601-bd99-e9cfb139e3aa,191.6773086,#C C drops hanger,Unknown,Object Transfer,"The action of dropping a hanger is a deliberate placement onto a surface, which fits the criteria for 'Object Transfer'."
284036,c921e8d0-f3df-4601-bd99-e9cfb139e3aa,199.4686186,#C C drops shirt,Unknown,Object Transfer,"The action of dropping the shirt onto a surface is a deliberate placement, which fits the criteria for 'Object Transfer'."
284126,c921e8d0-f3df-4601-bd99-e9cfb139e3aa,351.6324708279526,#C C drops waistcoat,Unknown,Object Transfer,"The action of dropping the waistcoat onto a surface is a deliberate placement, which fits the criteria for 'Object Transfer'."
284133,c921e8d0-f3df-4601-bd99-e9cfb139e3aa,366.46417082795256,#C C drops pant,Unknown,Object Transfer,"The action of dropping the pant is a deliberate placement onto a surface, which fits the criteria for Object Transfer."
284135,c921e8d0-f3df-4601-bd99-e9cfb139e3aa,368.4375508279526,#C C drops hanger,Unknown,Object Transfer,"The action of dropping the hanger onto a surface is a deliberate placement, which fits the criteria for 'Object Transfer'."
284146,c921e8d0-f3df-4601-bd99-e9cfb139e3aa,388.9947908279526,#C C drops sweater,Unknown,Object Transfer,"The action of dropping the sweater is a deliberate placement onto a surface, which fits the criteria for 'Object Transfer'."
284150,c921e8d0-f3df-4601-bd99-e9cfb139e3aa,392.2208808279526,#C C drops clothes,Unknown,Object Transfer,"The action of dropping clothes is a deliberate placement onto a surface, which fits the criteria for Object Transfer."
284158,c921e8d0-f3df-4601-bd99-e9cfb139e3aa,399.43972082795256,#C C drops clothes,Unknown,Object Transfer,"The action of dropping clothes is a deliberate placement onto a surface, which fits the criteria for 'Object Transfer'."
284160,c921e8d0-f3df-4601-bd99-e9cfb139e3aa,402.4276708279526,#C C drops a top,Unknown,Object Transfer,"The action of dropping a top is a deliberate placement onto a surface, which fits the criteria for 'Object Transfer'."
284164,c921e8d0-f3df-4601-bd99-e9cfb139e3aa,407.40101082795263,#C C drops top,Unknown,Object Transfer,"The action of dropping the top is a deliberate placement onto a surface, which fits the criteria for 'Object Transfer'."
284209,c921e8d0-f3df-4601-bd99-e9cfb139e3aa,466.8384741612859,#C C drops a shirt,Unknown,Object Transfer,"The action of dropping a shirt is a deliberate placement of the shirt onto a surface, which fits the criteria for 'Object Transfer'."
284213,c921e8d0-f3df-4601-bd99-e9cfb139e3aa,475.36529416128593,#C C drops sweatshirt,Unknown,Object Transfer,"The action of dropping the sweatshirt is a deliberate placement onto a surface, which fits the criteria for 'Object Transfer'."
284219,c921e8d0-f3df-4601-bd99-e9cfb139e3aa,482.1828041612859,#C C drops shirt,Unknown,Object Transfer,"The action of dropping the shirt onto a surface is a deliberate placement, which fits the criteria for 'Object Transfer'."
284222,c921e8d0-f3df-4601-bd99-e9cfb139e3aa,485.506044161286,#C C drops shirt,Unknown,Object Transfer,"The action of dropping the shirt is a deliberate placement onto a surface, which fits the criteria for 'Object Transfer'."
284227,c921e8d0-f3df-4601-bd99-e9cfb139e3aa,492.0678441612859,#C C drops t-shirt,Unknown,Object Transfer,"The action of dropping the t-shirt onto a surface is a deliberate placement, which fits the criteria for 'Object Transfer'."
284234,c921e8d0-f3df-4601-bd99-e9cfb139e3aa,502.144234161286,#C C drops short,Unknown,Object Transfer,"The action of dropping an object onto a surface is considered a deliberate placement, which falls under the 'Object Transfer' category."
284289,c921e8d0-f3df-4601-bd99-e9cfb139e3aa,573.6719704074544,#C C drops a bag,Unknown,Object Transfer,"The action of dropping a bag is a deliberate placement onto a surface, which fits the criteria for 'Object Transfer'."
284692,ce3ef2da-c918-42c8-9d22-533f776366bd,138.1799686,#C C drops the container,Unknown,Object Transfer,"The action of dropping the container is a deliberate placement onto a surface, which fits the criteria for 'Object Transfer'."
284777,c4892805-56e3-4509-8a30-55c4fc38e4ac,7.3474696,#C C drops the white cable,Unknown,Object Transfer,"The action of dropping the white cable is a deliberate placement onto a surface, which fits the criteria for 'Object Transfer'."
284783,c4892805-56e3-4509-8a30-55c4fc38e4ac,34.0363996,#C C drops the black cable,Unknown,Object Transfer,"The action of dropping the black cable is a deliberate placement onto a surface, which fits the criteria for 'Object Transfer'."
284794,c4892805-56e3-4509-8a30-55c4fc38e4ac,67.3327296,#C C drops the white cable,Unknown,Object Transfer,"The action of dropping the white cable is a deliberate placement onto a surface, which fits the criteria for 'Object Transfer'."
285873,def2e8dd-aaf7-467f-aa8f-46f654e6f4e0,67.5394086,#C C drops scooping spoon in cooking pot,Unknown,Object Transfer,"The action of dropping the scooping spoon into the cooking pot is a deliberate placement of the object, which fits the criteria for 'Object Transfer'."
285964,def2e8dd-aaf7-467f-aa8f-46f654e6f4e0,273.0726786,#C C drops plates,Unknown,Object Transfer,"The action of dropping plates is a deliberate placement, which fits the definition of 'Object Transfer'."
285968,def2e8dd-aaf7-467f-aa8f-46f654e6f4e0,281.29128860000003,#C C drops cleaning sponge in water,Unknown,Essential Operation,"The action of dropping the cleaning sponge in water is a continuation of the cleaning process, which falls under the category of Essential Operation."
285984,def2e8dd-aaf7-467f-aa8f-46f654e6f4e0,322.72267860000005,#C C drops cleaning sponge in water,Unknown,Essential Operation,"The action of dropping the cleaning sponge in water is a preparatory step for cleaning, which is an essential operation."
286019,def2e8dd-aaf7-467f-aa8f-46f654e6f4e0,515.0008886,#C C drops cutlery in water,Unknown,Object Transfer,"The action of dropping cutlery into water is a deliberate placement of an object onto a surface, which fits the definition of 'Object Transfer'."
286181,def2e8dd-aaf7-467f-aa8f-46f654e6f4e0,995.375137613672,#C C throws up the plate,Unknown,Essential Operation,"The action of throwing up the plate is a continuation of the cleaning process, which includes wiping and placing the plate down. Throwing up the plate can be considered a part of the cleaning routine, making it an Essential Operation."
287155,3863821d-786d-4ce1-8cd3-5c56953d4ff7,427.19745,#C C drops the screwdriver on the ground with his right hand.,Unknown,Object Transfer,"The action of dropping the screwdriver onto the ground is a deliberate placement of the object, which fits the criteria for 'Object Transfer'."
287326,bb03ea40-924a-450f-8521-9773c017395a,253.2952086,#C C drops fabric,Unknown,Object Transfer,"The action of dropping the fabric onto a surface is a deliberate placement, which fits the criteria for 'Object Transfer'."
287576,9a968109-3a9e-4e6d-a0e8-fed2ec1128f8,839.1313509546634,#C C drops the paint container.,Unknown,Object Transfer,"The action of dropping the paint container is a deliberate placement of the object onto a surface, which fits the criteria for 'Object Transfer'."
287633,fa8a5802-fc36-488d-b646-9831f6afeea5,53.83235,#C C drops the second small motorcycle disc onto the car lift with his right hand.,Unknown,Object Transfer,"The action involves deliberately placing the second small motorcycle disc onto the car lift, which fits the criteria for an Object Transfer action."
287648,fa8a5802-fc36-488d-b646-9831f6afeea5,96.36425,#C C drops the nozzle of the air pump onto the car lift with his right hand.,Unknown,Object Transfer,"The action involves deliberately placing the nozzle of the air pump onto the car lift, which fits the criteria for an Object Transfer action."
287661,fa8a5802-fc36-488d-b646-9831f6afeea5,120.74141,#C C drops the pin onto the tool table.,Unknown,Object Transfer,"The action of dropping the pin onto the tool table is a deliberate placement, which fits the criteria for 'Object Transfer'."
287675,fa8a5802-fc36-488d-b646-9831f6afeea5,147.66582,#C C hammers the screwdriver with the hammer.,Unknown,Essential Operation,"The current action involves using a hammer to drive the screwdriver, which is a continuation of the essential operation started in the previous actions."
287732,fa8a5802-fc36-488d-b646-9831f6afeea5,301.34363,#C C drops the can.,Unknown,Object Transfer,"The action of dropping the can is a deliberate placement of the object onto a surface, which fits the criteria for 'Object Transfer'."
287740,fa8a5802-fc36-488d-b646-9831f6afeea5,335.11713,#C C drops the rod.,Unknown,Object Transfer,"The action of dropping the rod is a deliberate placement of the object onto a surface, which fits the criteria for 'Object Transfer'."
287759,fa8a5802-fc36-488d-b646-9831f6afeea5,456.59069,#C C drops the spanner.,Unknown,Object Transfer,"The action of dropping the spanner is a deliberate placement of the object onto a surface, which fits the criteria for 'Object Transfer'."
287768,fa8a5802-fc36-488d-b646-9831f6afeea5,467.11973,#C C drops the cup of coffee.,Unknown,Object Transfer,"The action involves deliberately placing the cup of coffee onto a surface, which fits the definition of 'Object Transfer'."
287776,fa8a5802-fc36-488d-b646-9831f6afeea5,511.98249,#C C drops the spanner.,Unknown,Object Transfer,"The action of dropping the spanner is a deliberate placement of the object onto a surface, which fits the criteria for 'Object Transfer'."
287796,fa8a5802-fc36-488d-b646-9831f6afeea5,570.4790866666667,#C C drops the sprocket chain on the metal with his both gloved hands.,Unknown,Object Transfer,"The action of dropping the sprocket chain onto the metal surface is a deliberate placement, which fits the criteria for 'Object Transfer'."
287823,fa8a5802-fc36-488d-b646-9831f6afeea5,650.8283666666666,#C C drops the sprocket chain on the ground with his right gloved hand.,Unknown,Object Transfer,"The action of dropping the sprocket chain onto the ground is a deliberate placement, which fits the criteria for 'Object Transfer'."
287828,fa8a5802-fc36-488d-b646-9831f6afeea5,654.7448966666667,#C C drops the ratchet on the metal with his right gloved hand.,Unknown,Object Transfer,"The action of dropping the ratchet onto the metal surface is a deliberate placement, which fits the criteria for 'Object Transfer'."
287845,fa8a5802-fc36-488d-b646-9831f6afeea5,716.8569066666666,#C C drops the spanner on the metal with his right gloved hand.,Unknown,Object Transfer,"The action of dropping the spanner onto the metal surface is a deliberate placement, which fits the criteria for 'Object Transfer'."
287867,fa8a5802-fc36-488d-b646-9831f6afeea5,794.3769366666667,#C C drops the spanner on the metal with his right gloved hand.,Unknown,Object Transfer,"The action of dropping the spanner onto the metal surface is a deliberate placement, which fits the criteria for 'Object Transfer'."
287869,fa8a5802-fc36-488d-b646-9831f6afeea5,798.9623966666667,#C C drops the spanner on the metal with his right gloved hand.,Unknown,Object Transfer,"The action of dropping the spanner onto the metal surface is a deliberate placement, which fits the criteria for 'Object Transfer'."
287920,fa8a5802-fc36-488d-b646-9831f6afeea5,973.5878566666668,#C C drops the grinder on the ground with his right gloved hand.,Unknown,Object Transfer,"The action of dropping the grinder onto the ground is a deliberate placement of the object onto a surface, which fits the criteria for 'Object Transfer'."
287938,fa8a5802-fc36-488d-b646-9831f6afeea5,997.2625266666666,#C C drops the nut on the workbench with his right gloved hand. #Unsure,Unknown,Object Transfer,"The action of dropping the nut onto the workbench is a deliberate placement, which fits the criteria for 'Object Transfer'."
287953,fa8a5802-fc36-488d-b646-9831f6afeea5,1041.6656766666665,#C C drops a nut on the workbench with his right gloved hand. #Unsure,Unknown,Object Transfer,"The action of dropping a nut onto the workbench is a deliberate placement, which fits the criteria for 'Object Transfer'."
288088,fa8a5802-fc36-488d-b646-9831f6afeea5,1356.6182833333332,#C C drops the spanner on the workbench with his right gloved hand.,Unknown,Object Transfer,"The action of dropping the spanner onto the workbench is a deliberate placement, which fits the criteria for 'Object Transfer'."
288131,fa8a5802-fc36-488d-b646-9831f6afeea5,1457.7941033333334,#C C drops the plier on the metal with his left gloved hand.,Unknown,Object Transfer,"The action of dropping the plier onto the metal surface is a deliberate placement, which fits the criteria for 'Object Transfer'."
288138,fa8a5802-fc36-488d-b646-9831f6afeea5,1473.1797633333333,#C C drops the plier on the metal with his left gloved hand.,Unknown,Object Transfer,"The action of dropping the plier onto the metal is a deliberate placement, which fits the criteria for 'Object Transfer'."
288145,fa8a5802-fc36-488d-b646-9831f6afeea5,1487.4114333333332,#C C drops the ratchet on the metal with his right gloved hand.,Unknown,Object Transfer,"The action of dropping the ratchet onto the metal surface is a deliberate placement, which fits the criteria for 'Object Transfer'."
288170,fa8a5802-fc36-488d-b646-9831f6afeea5,1539.0531433333333,#C C drops the hammer on the metal with his right gloved hand.,Unknown,Object Transfer,"The action of dropping the hammer onto the metal surface is a deliberate placement, which fits the criteria for 'Object Transfer'."
288176,fa8a5802-fc36-488d-b646-9831f6afeea5,1546.8384033333332,#C C drops the hammer on the metal with his right gloved hand,Unknown,Object Transfer,"The action of dropping the hammer onto the metal surface is a deliberate placement, which fits the criteria for 'Object Transfer'."
288177,fa8a5802-fc36-488d-b646-9831f6afeea5,1547.5527333333334,#C C drops the plier on the metal with his left gloved hand,Unknown,Object Transfer,"The action of dropping the plier onto the metal surface is a deliberate placement, which fits the criteria for 'Object Transfer'."
288206,fa8a5802-fc36-488d-b646-9831f6afeea5,1602.562148,#C C drops the wrench on the metal with his left gloved hand.,Unknown,Object Transfer,"The action of dropping the wrench onto the metal surface is a deliberate placement, which fits the criteria for 'Object Transfer'."
288252,fa8a5802-fc36-488d-b646-9831f6afeea5,1688.29553,#C C drops the tissue on the metal with his right gloved hand.,Unknown,Object Transfer,"The action involves deliberately placing the tissue onto the metal surface, which fits the criteria for Object Transfer."
288629,e91bd0fd-abaa-4aa8-90db-21eae97c25f3,384.9189109546634,#C C drops the wiper.,Unknown,Object Transfer,"The action of dropping the wiper is a deliberate placement of the object onto a surface, which fits the criteria for 'Object Transfer'."
288636,e91bd0fd-abaa-4aa8-90db-21eae97c25f3,383.2127409546634,#C C drops the foam.,Unknown,Object Transfer,"The action of dropping the foam is a deliberate placement of the object onto a surface, which fits the criteria for 'Object Transfer'."
288662,e91bd0fd-abaa-4aa8-90db-21eae97c25f3,607.3612976213301,#C C drops the windscreen wiper with his left hand,Unknown,Object Transfer,"The action of dropping the windscreen wiper with the left hand indicates a deliberate placement of the object onto a surface, which fits the criteria for 'Object Transfer'."
288666,e91bd0fd-abaa-4aa8-90db-21eae97c25f3,624.0714576213301,#C C drops the windscreen wiper with his left hand,Unknown,Object Transfer,"The action of dropping the windscreen wiper is a deliberate placement onto a surface, which fits the criteria for 'Object Transfer'."
288717,e91bd0fd-abaa-4aa8-90db-21eae97c25f3,981.42984762133,#C C drops the windscreen wiper with his left hand,Unknown,Object Transfer,"The action of dropping the windscreen wiper is a deliberate placement onto a surface, which fits the criteria for 'Object Transfer'."
288909,e91bd0fd-abaa-4aa8-90db-21eae97c25f3,1904.8760509546632,#C C drops the high pressure wheel blaster on the ground.,Unknown,Object Transfer,"The action of dropping the high pressure wheel blaster onto the ground is a deliberate placement, which fits the criteria for 'Object Transfer'."
289451,d98901fb-305a-4e96-a6a6-41fc02295648,162.32709859999997,#c c drops a carpet,Unknown,Object Transfer,"The action of dropping a carpet is a deliberate placement onto a surface, which fits the criteria for Object Transfer."
290013,23e0af07-6932-4ccf-8551-3a720d141b89,2491.1353471517127,#C C drops the #unsure,Unknown,Object Transfer,"The action of dropping an object is a deliberate placement onto a surface, which fits the criteria for 'Object Transfer'."
290083,e5a9f6d7-e7df-4209-a825-0a391c4815ba,6.34078,#C C drops the stool on the ground,Unknown,Object Transfer,"The action of dropping the stool onto the ground is a deliberate placement, which fits the criteria for 'Object Transfer'."
290190,e5a9f6d7-e7df-4209-a825-0a391c4815ba,274.63943,#C C drops the screwdriver on the ground,Unknown,Object Transfer,"The action of dropping the screwdriver onto the ground is a deliberate placement of the object onto a surface, which fits the criteria for 'Object Transfer'."
290213,e5a9f6d7-e7df-4209-a825-0a391c4815ba,336.86063,#C C drops the bolts and screwdriver on the ground,Unknown,Object Transfer,"The action of dropping the bolts and screwdriver on the ground is a deliberate placement of objects onto a surface, which fits the criteria for 'Object Transfer'."
290253,e5a9f6d7-e7df-4209-a825-0a391c4815ba,464.30479,#C C drops the impact drill on the ground,Unknown,Object Transfer,"The action of dropping the impact drill onto the ground is a deliberate placement of the object onto a surface, which fits the criteria for 'Object Transfer'."
290260,e5a9f6d7-e7df-4209-a825-0a391c4815ba,478.01172,#C C drops the nylon on the ground,Unknown,Object Transfer,"The action of dropping the nylon onto the ground is a deliberate placement, which fits the criteria for 'Object Transfer'."
290299,e5a9f6d7-e7df-4209-a825-0a391c4815ba,591.5419166666667,#C C drops the impact drill on the ground,Unknown,Object Transfer,"The action of dropping the impact drill onto the ground is a deliberate placement of the object, which fits the criteria for 'Object Transfer'."
290323,e5a9f6d7-e7df-4209-a825-0a391c4815ba,633.3729566666667,#C C drops the impact drill on his lap,Unknown,Object Transfer,"The action of dropping the impact drill onto C's lap indicates a deliberate placement of the object, which fits the criteria for 'Object Transfer'."
290327,e5a9f6d7-e7df-4209-a825-0a391c4815ba,657.5274566666667,#C C drops the pair of scissors on the ground #unsure,Unknown,Object Transfer,"The action of dropping the pair of scissors onto the ground is a deliberate placement, which fits the criteria for 'Object Transfer'."
290347,e5a9f6d7-e7df-4209-a825-0a391c4815ba,699.7914066666667,#C C drops the impact drill on the ground,Unknown,Object Transfer,"The action of dropping the impact drill onto the ground is a deliberate placement of the object onto a surface, which fits the criteria for 'Object Transfer'."
290359,e5a9f6d7-e7df-4209-a825-0a391c4815ba,733.9623566666667,#C C drops the pair of scissors on the ground #unsure,Unknown,Object Transfer,"The action of dropping the pair of scissors onto the ground is a deliberate placement, which fits the criteria for 'Object Transfer'."
290361,e5a9f6d7-e7df-4209-a825-0a391c4815ba,736.6075966666667,#C C shakes the bike's mudguard with his left hand,Unknown,Stationary,Shaking the bike's mudguard is a stationary action as it does not involve movement from one location to another or a transfer of objects.
290380,e5a9f6d7-e7df-4209-a825-0a391c4815ba,791.2629966666667,#C C drops the impact drill on the ground,Unknown,Object Transfer,"The action of dropping the impact drill onto the ground is a deliberate placement of the object onto a surface, which fits the criteria for 'Object Transfer'."
290419,e5a9f6d7-e7df-4209-a825-0a391c4815ba,876.2671466666667,#C C tears the paper,Unknown,Essential Operation,"Tearing paper is a basic task that does not involve locomotion, search, or stationary behavior. It is an essential operation in many work environments."
290443,e5a9f6d7-e7df-4209-a825-0a391c4815ba,902.2762466666668,#C C drops the impact drill on the ground,Unknown,Object Transfer,"The action of dropping the impact drill onto the ground is a deliberate placement of the object, which fits the criteria for 'Object Transfer'."
290448,e5a9f6d7-e7df-4209-a825-0a391c4815ba,918.6555566666666,#C C drops the pair of scissors on the ground,Unknown,Object Transfer,"The action of dropping the pair of scissors onto the ground is a deliberate placement, which fits the criteria for 'Object Transfer'."
290458,e5a9f6d7-e7df-4209-a825-0a391c4815ba,990.0946266666668,#C C touches his head camera #unsure,Unknown,Essential Operation,"Touching the head camera is likely an essential operation, such as adjusting or checking the camera's status."
290650,5613f20a-991f-43c1-9a7d-87632ef6795c,832.2009085763998,#C C drops a bottle in the dust bin,Unknown,Object Transfer,"The action of dropping a bottle into the dust bin is a deliberate placement, which fits the criteria for 'Object Transfer'."
290652,5613f20a-991f-43c1-9a7d-87632ef6795c,835.5762085763997,#C C drops a bottle in the dust bin,Unknown,Object Transfer,"The action of dropping a bottle into the dust bin is a deliberate placement, which fits the criteria for 'Object Transfer'."
290654,5613f20a-991f-43c1-9a7d-87632ef6795c,838.0382385763999,#C C drops a bottle in the dust bin,Unknown,Object Transfer,"The action of dropping a bottle into the dust bin is a deliberate placement, which fits the criteria for 'Object Transfer'."
290989,f2e4ad31-16ab-4663-9f3c-b0a644262016,1.79976,#C C drops a screwdriver on the platform with his left hand.,Unknown,Object Transfer,"The action involves deliberately placing the screwdriver onto the platform, which fits the criteria for 'Object Transfer'."
290992,f2e4ad31-16ab-4663-9f3c-b0a644262016,24.3036,#C C drops the screwdriver on the platform with his right hand.,Unknown,Object Transfer,"The action involves deliberately placing the screwdriver onto the platform, which fits the criteria for Object Transfer."
291000,f2e4ad31-16ab-4663-9f3c-b0a644262016,47.62837,#C C drops the nut on the platform with his left hand.,Unknown,Object Transfer,"The action involves deliberately placing the nut onto the platform, which fits the criteria for Object Transfer."
291006,f2e4ad31-16ab-4663-9f3c-b0a644262016,61.53399,#C C drops the nut on the platform with his right hand.,Unknown,Object Transfer,"The action of dropping the nut onto the platform is a deliberate placement, which fits the criteria for 'Object Transfer'."
291014,f2e4ad31-16ab-4663-9f3c-b0a644262016,78.64377,#C C drops the screwdriver on the platform with his left hand.,Unknown,Object Transfer,"The action involves deliberately placing the screwdriver onto the platform, which fits the criteria for Object Transfer."
291019,f2e4ad31-16ab-4663-9f3c-b0a644262016,97.08755,#C C drops the nut on the platform with his left hand.,Unknown,Object Transfer,"The action of dropping the nut onto the platform is a deliberate placement, which fits the criteria for Object Transfer."
291857,ed5791ed-49ec-4dca-8071-fa1024442841,1691.9029552666666,#y y drops ball,Unknown,Object Transfer,"The action of dropping the ball is a deliberate placement of the object onto a surface, which fits the criteria for 'Object Transfer'."
292119,2bd5c29e-ef5c-451c-aa2e-961d4257de9b,939.6017602904768,#C C drops the wire,Unknown,Object Transfer,"The action of dropping the wire is a deliberate placement of the object onto a surface, which fits the criteria for 'Object Transfer'."
292146,2bd5c29e-ef5c-451c-aa2e-961d4257de9b,1062.70312362381,#C C drops the wire,Unknown,Object Transfer,"The action of dropping the wire is a deliberate placement of the object onto a surface, which fits the criteria for 'Object Transfer'."
292298,1def75d5-bd39-4638-8b3d-a4e1c2ceefeb,255.8211796,#C C shakes the lid.,Unknown,Stationary,"Shaking a lid is a stationary action as it does not involve movement from one location to another, nor does it fit into the categories of locomotion, essential operation, object transfer, or search."
292329,1def75d5-bd39-4638-8b3d-a4e1c2ceefeb,319.6938209546634,#C C shakes the hand.,Unknown,Object Transfer,"Shaking hands involves a deliberate interaction with another person, which can be considered a form of object transfer as it involves a physical exchange between two entities."
292923,162c1bc4-89df-4475-a549-3faa7ef27c1e,1518.9599609546633,#C C drops the power adapter in his right hand on the cabinet.,Unknown,Object Transfer,"The action involves deliberately placing the power adapter onto the cabinet, which fits the criteria for an Object Transfer action."
293050,162c1bc4-89df-4475-a549-3faa7ef27c1e,2130.9580709546635,#C C drops the game controller in his left hand on the chair.,Unknown,Object Transfer,"The action involves deliberately placing the game controller onto the chair, which fits the criteria for an Object Transfer."
293211,9252292c-b444-40a8-8df1-facd8e1a583b,101.56405,#C C drops the electric nail gun on the white table,Unknown,Object Transfer,"The action of dropping the electric nail gun onto the table is a deliberate placement, which fits the criteria for 'Object Transfer'."
293239,9252292c-b444-40a8-8df1-facd8e1a583b,158.48844,#C C drops back the electric nail gun,Unknown,Object Transfer,"The action of dropping the electric nail gun back onto the table is a deliberate placement, which fits the criteria for 'Object Transfer'."
293298,9252292c-b444-40a8-8df1-facd8e1a583b,311.93855,#C C drops the stapler gun.,Unknown,Object Transfer,"The action of dropping the stapler gun is a deliberate placement of the object onto a surface, which fits the criteria for 'Object Transfer'."
293315,9252292c-b444-40a8-8df1-facd8e1a583b,384.40796,#C C drops the stapler gun.,Unknown,Object Transfer,"The action of dropping the stapler gun indicates a deliberate placement of the object onto a surface, which fits the criteria for 'Object Transfer'."
293322,9252292c-b444-40a8-8df1-facd8e1a583b,450.84396,#C C drops the stapler gun,Unknown,Object Transfer,"The action of dropping the stapler gun indicates a deliberate placement of the object onto a surface, which fits the criteria for 'Object Transfer'."
293326,9252292c-b444-40a8-8df1-facd8e1a583b,471.30389,#C C drops the stapler gun.,Unknown,Object Transfer,"The action of dropping the stapler gun indicates a deliberate placement of the object onto a surface, which fits the criteria for 'Object Transfer'."
293330,72792612-73d1-482e-8717-1997466968b4,11.5137496,#C C drops the paint.,Unknown,Object Transfer,"The action of dropping the paint is a deliberate placement of the object onto a surface, which fits the criteria for 'Object Transfer'."
293722,f9a98d72-b5f1-4840-9093-d351586269c0,809.7643983035991,#C C hits a tin of peas on a cabinet,Unknown,Object Transfer,"The action of hitting a tin of peas on a cabinet appears to be a deliberate placement or interaction with the object, which fits the 'Object Transfer' category."
294507,f9a98d72-b5f1-4840-9093-d351586269c0,2914.0739372804264,#C C hits the spoon on the blender,Unknown,Object Transfer,"The action of hitting the spoon on the blender can be interpreted as a deliberate placement or interaction with the blender, which fits the 'Object Transfer' category as it involves the manipulation and interaction with an object."
294600,f9a98d72-b5f1-4840-9093-d351586269c0,3464.2590861585936,#C C leaks the fork,Unknown,Essential Operation,"Leaking the fork is likely an action related to the use of the fork, such as letting sauce drip off it while stirring food. This action is part of the process of using the fork to manipulate food, which falls under 'Essential Operation'."
294630,f9a98d72-b5f1-4840-9093-d351586269c0,3557.247976890684,#C C moves her dress on the hand,Unknown,Object Transfer,"The action involves moving an object (dress) onto another surface (hand), which fits the definition of placing or moving an object."
294837,f9a98d72-b5f1-4840-9093-d351586269c0,4084.5735757950506,#C C leaks her fingers,Unknown,Essential Operation,"Leaking fingers typically indicates an essential bodily function or a necessary action, such as wiping or cleaning hands, rather than a deliberate placement or movement of an object."
294875,f9a98d72-b5f1-4840-9093-d351586269c0,4153.248675795051,#C C drops the fish slice,Unknown,Object Transfer,"The action of dropping the fish slice onto a surface is a deliberate placement, which fits the criteria for 'Object Transfer'."
294913,f9a98d72-b5f1-4840-9093-d351586269c0,4293.493885795051,#C C drops the folk,Unknown,Object Transfer,"The action of dropping the folk is a deliberate placement of the object onto a surface, which fits the criteria for 'Object Transfer'."
294922,f9a98d72-b5f1-4840-9093-d351586269c0,4318.9976157950505,#C C drops the knife,Unknown,Object Transfer,"The action of dropping the knife is a deliberate placement of the object onto a surface, which fits the criteria for 'Object Transfer'."
294946,f9a98d72-b5f1-4840-9093-d351586269c0,4376.306405172265,#C C drops the bottle,Unknown,Object Transfer,"The action of dropping the bottle is a deliberate placement of the object onto a surface, which fits the criteria for Object Transfer."
294949,f9a98d72-b5f1-4840-9093-d351586269c0,4386.095035172265,#C C drops the bottle,Unknown,Object Transfer,"The action of dropping the bottle is a deliberate placement onto a surface, which fits the criteria for 'Object Transfer'."
294956,f9a98d72-b5f1-4840-9093-d351586269c0,4399.5896851722655,#C C drops the bottle of ingredient,Unknown,Object Transfer,"The action of dropping the bottle of ingredient is a deliberate placement of the object onto a surface, which fits the criteria for 'Object Transfer'."
294961,f9a98d72-b5f1-4840-9093-d351586269c0,4408.290715172265,#C C drops the bottle of ingredient,Unknown,Object Transfer,"The action of dropping the bottle of ingredient is a deliberate placement of the object onto a surface, which fits the criteria for 'Object Transfer'."
294971,f9a98d72-b5f1-4840-9093-d351586269c0,4436.731025172265,#C C drops the chaff,Unknown,Object Transfer,"The action of dropping the chaff is a deliberate placement of the unwanted part onto a surface, which fits the criteria for 'Object Transfer'."
295001,f9a98d72-b5f1-4840-9093-d351586269c0,4519.940765172265,#C C drops the folk,Unknown,Object Transfer,"The action of dropping the folk onto a surface is a deliberate placement, which fits the criteria for 'Object Transfer'."
295033,f9a98d72-b5f1-4840-9093-d351586269c0,4594.875215172266,#C C drops the rag,Unknown,Object Transfer,"The action of dropping the rag is a deliberate placement of the object onto a surface, which fits the criteria for 'Object Transfer'."
295168,28bc1ee7-b0c1-4f30-934a-0ab665779d90,611.776807613672,#C C drops the knife,Unknown,Object Transfer,"The action of dropping the knife is a deliberate placement of the object onto a surface, which fits the criteria for 'Object Transfer'."
295180,28bc1ee7-b0c1-4f30-934a-0ab665779d90,653.3864676136719,#C C drops the knife,Unknown,Object Transfer,"The action of dropping the knife is a deliberate placement of the object onto a surface, which fits the criteria for 'Object Transfer'."
295206,28bc1ee7-b0c1-4f30-934a-0ab665779d90,708.249207613672,#C C drops the knife,Unknown,Object Transfer,"The action of dropping the knife is a deliberate placement of the object onto a surface, which fits the criteria for 'Object Transfer'."
295210,28bc1ee7-b0c1-4f30-934a-0ab665779d90,712.665577613672,#C C drops the knife,Unknown,Object Transfer,"The action of dropping the knife is a deliberate placement of the object onto a surface, which fits the criteria for 'Object Transfer'."
295299,28bc1ee7-b0c1-4f30-934a-0ab665779d90,979.1710981829664,#C C shakes the bottle top,Unknown,Essential Operation,Shaking the bottle top is an essential operation to remove any residue or to open the bottle top.
295308,28bc1ee7-b0c1-4f30-934a-0ab665779d90,994.0620681829664,#C C drops the super bright,Unknown,Object Transfer,"The action of dropping the super bright is a deliberate placement onto a surface, which fits the criteria for 'Object Transfer'."
295382,28bc1ee7-b0c1-4f30-934a-0ab665779d90,1248.1478371449218,#C C drops the knife,Unknown,Object Transfer,"The action of dropping the knife is a deliberate placement of the object onto a surface, which fits the criteria for 'Object Transfer'."
295396,28bc1ee7-b0c1-4f30-934a-0ab665779d90,1295.8204271449215,#C C drops the knife,Unknown,Object Transfer,"The action of dropping the knife is a deliberate placement of the object onto a surface, which fits the criteria for 'Object Transfer'."
295420,28bc1ee7-b0c1-4f30-934a-0ab665779d90,1377.931966921533,#C C drops the cooking stick,Unknown,Object Transfer,"The action of dropping the cooking stick is a deliberate placement of an object onto a surface, which fits the criteria for 'Object Transfer'."
295447,002ad105-bd9a-4858-953e-54e88dc7587e,240.45012526666667,#C C drops cooking pot,Unknown,Object Transfer,"The action of dropping the cooking pot is a deliberate placement of the object onto a surface, which fits the criteria for 'Object Transfer'."
295460,002ad105-bd9a-4858-953e-54e88dc7587e,21.870935266666667,#C C drops container,Unknown,Object Transfer,"The action of dropping the container is a deliberate placement onto a surface, which fits the criteria for Object Transfer."
295462,002ad105-bd9a-4858-953e-54e88dc7587e,30.688695266666667,#C C drops #unsure,Unknown,Object Transfer,"The action of dropping the container is a deliberate placement of the object onto a surface, which fits the criteria for 'Object Transfer'."
295584,a7a4014b-f938-49ca-bd5f-f5bb88843ac4,108.63453,#C C drops the plier on the lift with his right hand.,Unknown,Object Transfer,"The action of dropping the plier onto the lift is a deliberate placement of an object, which fits the criteria for 'Object Transfer'."
295675,e7bb40bd-2ba3-4ac9-8e10-b209504f2964,363.36902095466337,#C C drops the fork in the kitchen sink.,Unknown,Object Transfer,"The action of dropping the fork into the kitchen sink is a deliberate placement of the object onto a surface, which fits the criteria for 'Object Transfer'."
295682,e7bb40bd-2ba3-4ac9-8e10-b209504f2964,463.5381809546634,#C C drops the mayonnaise jar cover on the kitchen countertop. #unsure,Unknown,Object Transfer,"The action involves deliberately placing the mayonnaise jar cover onto the kitchen countertop, which fits the definition of 'Object Transfer'."
295737,e7bb40bd-2ba3-4ac9-8e10-b209504f2964,713.2517969546635,#C C drops the cover of margarine on the kitchen counter. #unsure,Unknown,Object Transfer,"The action involves deliberately placing the cover of the margarine onto the kitchen counter, which fits the definition of an Object Transfer."
295842,e7bb40bd-2ba3-4ac9-8e10-b209504f2964,1053.2777009546635,#C C drops liquid soap on the kitchen countertop.,Unknown,Object Transfer,"The action involves deliberately placing the liquid soap onto the kitchen countertop, which fits the definition of an Object Transfer."
295959,824e7896-904a-4ff5-b7ee-e21df21918c2,381.5849709546634,#c c throws the bottle,Unknown,Object Transfer,"The action of throwing the bottle can be considered a form of deliberate placement, as it involves transferring the bottle to a new location (likely the trash or a disposal area)."
295972,824e7896-904a-4ff5-b7ee-e21df21918c2,583.8601342879967,#o person y plays the gitter,Unknown,Essential Operation,Playing an instrument is considered an essential operation as it involves a deliberate and purposeful action by the person.
296457,47c9a6a5-b6e4-4d09-8916-da61344e94cf,68.84142,#C C the wall the surface,Unknown,Object Transfer,"The current action describes an interaction with the wall surface, which likely involves placing or dropping the pliers onto the surface. This fits the definition of 'Object Transfer' as it involves a deliberate placement of an object."
296482,47c9a6a5-b6e4-4d09-8916-da61344e94cf,220.61667,#C C hits the pliers,Unknown,Essential Operation,"Hitting an object typically implies using it for a specific purpose or function, which falls under performing an essential operation."
297011,d256e7bd-131c-498b-8398-52e996264fa8,450.2741809546634,#C C hits the wire casing.,Unknown,Essential Operation,"The action of hitting the wire casing is a deliberate interaction with an object, likely for inspection or testing purposes, which falls under the category of Essential Operation."
297012,d256e7bd-131c-498b-8398-52e996264fa8,451.8484409546634,#C C touches the wire casing.,Unknown,Essential Operation,"The action of touching the wire casing is likely part of a process to inspect or manipulate the wire, which falls under the category of Essential Operation."
297039,d256e7bd-131c-498b-8398-52e996264fa8,567.20290762133,#C C drops the plier. #unsure,Unknown,Object Transfer,"The action of dropping the plier is a deliberate placement of the object onto a surface, which fits the criteria for 'Object Transfer'."
297040,d256e7bd-131c-498b-8398-52e996264fa8,567.1635276213301,#C C drops the electrical wire,Unknown,Object Transfer,"The action of dropping the electrical wire is a deliberate placement of the object onto a surface, which fits the criteria for 'Object Transfer'."
297069,d256e7bd-131c-498b-8398-52e996264fa8,679.32785762133,#C C drops the cables strippers in the electrical box,Unknown,Object Transfer,"The action of dropping the cables strippers into the electrical box is a deliberate placement of an object onto a surface, which fits the criteria for 'Object Transfer'."
297076,d256e7bd-131c-498b-8398-52e996264fa8,715.77661762133,#C C drops the wire on his right hand,Unknown,Object Transfer,"The action of dropping the wire onto his right hand indicates a deliberate placement of the object, which fits the criteria for 'Object Transfer'."
297091,d256e7bd-131c-498b-8398-52e996264fa8,593.81778762133,#C C drops the plier. #unsure,Unknown,Object Transfer,"The action of dropping the plier is a deliberate placement of the object onto a surface, which fits the criteria for 'Object Transfer'."
297095,d256e7bd-131c-498b-8398-52e996264fa8,682.9969676213301,#C C drops a plier. #unsure,Unknown,Object Transfer,"The action of dropping the plier is a deliberate placement of the object onto a surface, which fits the criteria for 'Object Transfer'."
297097,d256e7bd-131c-498b-8398-52e996264fa8,711.6858276213301,#C C drops a plier. #unsure,Unknown,Object Transfer,"The action of dropping a plier is a deliberate placement of the object onto a surface, which fits the criteria for 'Object Transfer'."
297429,666beb29-be82-4f5f-8556-644ed5af8d90,33.97682,#C C drops the wrench on the platform.,Unknown,Object Transfer,"The action of dropping the wrench onto the platform is a deliberate placement, which fits the criteria for 'Object Transfer'."
297476,666beb29-be82-4f5f-8556-644ed5af8d90,164.66435,#C C drops the screw driver on the platform.,Unknown,Object Transfer,"The action of dropping the screw driver onto the platform is a deliberate placement, which fits the criteria for 'Object Transfer'."
297481,666beb29-be82-4f5f-8556-644ed5af8d90,184.60808,#C C drops the screw extractor on the platform.,Unknown,Object Transfer,"The action of dropping the screw extractor onto the platform is a deliberate placement, which fits the criteria for 'Object Transfer'."
297488,666beb29-be82-4f5f-8556-644ed5af8d90,198.57382,#C C drops the screw on the platform.,Unknown,Object Transfer,"The action involves deliberately placing the screw onto the platform, which fits the criteria for Object Transfer."
297490,666beb29-be82-4f5f-8556-644ed5af8d90,205.90754,#C C drops the screw on the platform.,Unknown,Object Transfer,"The action of dropping the screw onto the platform is a deliberate placement, which fits the criteria for 'Object Transfer'."
297491,666beb29-be82-4f5f-8556-644ed5af8d90,205.90754,#C C drops the screw driver on the platform.,Unknown,Object Transfer,"The action of dropping the screwdriver onto the platform is a deliberate placement, which fits the criteria for 'Object Transfer'."
297526,666beb29-be82-4f5f-8556-644ed5af8d90,344.95923,#C C drops the screwdriver on the platform.,Unknown,Object Transfer,"The action of dropping the screwdriver onto the platform is a deliberate placement of the object onto a surface, which fits the criteria for 'Object Transfer'."
297533,666beb29-be82-4f5f-8556-644ed5af8d90,367.28538,#C C drops the spanner on the platform.,Unknown,Object Transfer,"The action of dropping the spanner onto the platform is a deliberate placement of the object onto a surface, which fits the criteria for 'Object Transfer'."
297534,666beb29-be82-4f5f-8556-644ed5af8d90,367.28538,#C C drops the screwdriver on the platform.,Unknown,Object Transfer,"The action of dropping the screwdriver on the platform is a deliberate placement of the object onto a surface, which fits the criteria for 'Object Transfer'."
297539,666beb29-be82-4f5f-8556-644ed5af8d90,381.65465,#C C drops the screwdriver on the platform,Unknown,Object Transfer,"The action of dropping the screwdriver onto the platform is a deliberate placement, which fits the criteria for 'Object Transfer'."
297666,e84c2ee8-0e6a-4d77-953d-00fb5afd76c4,1025.3696766666667,#C C drops the spanner on the motorcycle.,Unknown,Object Transfer,"The action involves deliberately placing the spanner onto the motorcycle, which fits the criteria for Object Transfer."
297698,887a1aaa-2b7e-41d4-86c6-fa0c9d1015a0,95.812,#C C drops the side mirror on the workshop stool.,Unknown,Object Transfer,"The action of dropping the side mirror onto the workshop stool is a deliberate placement, which fits the criteria for 'Object Transfer'."
297762,887a1aaa-2b7e-41d4-86c6-fa0c9d1015a0,326.63674000000003,#C C drops the valve in his right hand on a stool.,Unknown,Object Transfer,"The action of dropping the valve onto a stool is a deliberate placement, which fits the criteria for 'Object Transfer'."
298062,5baf4e1b-582a-4fbc-9391-3e794057c759,516.9120286766179,#O female B does # #unsure,Unknown,Essential Operation,"The current action involves a female performing an unspecified task, which is likely an essential operation such as preparing food or cleaning."
298354,5baf4e1b-582a-4fbc-9391-3e794057c759,1101.2609433884113,#C C drops whisk,Unknown,Object Transfer,"The action of dropping the whisk is a deliberate placement of the object onto a surface, which fits the criteria for 'Object Transfer'."
298368,5baf4e1b-582a-4fbc-9391-3e794057c759,1139.9826433884114,#C C drops whisk,Unknown,Object Transfer,"The action of dropping the whisk is a deliberate placement of the object onto a surface, which fits the criteria for 'Object Transfer'."
298373,5baf4e1b-582a-4fbc-9391-3e794057c759,1154.4293533884115,#C C drops whisk,Unknown,Object Transfer,"The action of dropping the whisk is a deliberate placement of the object onto a surface, which fits the criteria for 'Object Transfer'."
298379,5baf4e1b-582a-4fbc-9391-3e794057c759,1188.5286933884113,#C C drops whisk,Unknown,Object Transfer,"The action of dropping the whisk is a deliberate placement of the object onto a surface, which fits the criteria for 'Object Transfer'."
298388,5baf4e1b-582a-4fbc-9391-3e794057c759,1215.1619433884114,#C C drops whisk,Unknown,Object Transfer,"The action of dropping the whisk onto a surface is a deliberate placement, which fits the criteria for 'Object Transfer'."
298393,5baf4e1b-582a-4fbc-9391-3e794057c759,1224.7887533884114,#C C drops paper tissue,Unknown,Object Transfer,"The action of dropping a paper tissue is a deliberate placement onto a surface, which fits the criteria for Object Transfer."
298405,5baf4e1b-582a-4fbc-9391-3e794057c759,1256.2344633884113,#C C drops whisk,Unknown,Object Transfer,"The action of dropping a whisk is a deliberate placement of the object onto a surface, which fits the criteria for 'Object Transfer'."
298409,5baf4e1b-582a-4fbc-9391-3e794057c759,1266.2899733884117,#C C drops spoon,Unknown,Object Transfer,"The action of dropping the spoon is a deliberate placement of the object onto a surface, which fits the criteria for 'Object Transfer'."
298411,5baf4e1b-582a-4fbc-9391-3e794057c759,1268.979143388411,#C C drops spatula,Unknown,Object Transfer,"The action of dropping the spatula is a deliberate placement onto a surface, which fits the criteria for 'Object Transfer'."
298423,5baf4e1b-582a-4fbc-9391-3e794057c759,1293.8476833884115,#C C drops tin,Unknown,Object Transfer,"The action of dropping the tin is a deliberate placement onto a surface, which fits the criteria for 'Object Transfer'."
298424,5baf4e1b-582a-4fbc-9391-3e794057c759,1295.641163388411,#C C drops spatula,Unknown,Object Transfer,"The action of dropping the spatula is a deliberate placement onto a surface, which fits the criteria for 'Object Transfer'."
298431,5baf4e1b-582a-4fbc-9391-3e794057c759,1314.0583533884114,#C C drops whisk,Unknown,Object Transfer,"The action of dropping a whisk indicates a deliberate placement of the object onto a surface, which fits the criteria for 'Object Transfer'."
298440,5baf4e1b-582a-4fbc-9391-3e794057c759,1320.8170533884113,#C C shakes tin,Unknown,Locomotion,"Shaking a tin does not fit into the categories of Object Transfer, Essential Operation, Search, or Stationary. It is a deliberate movement that involves the use of physical force to shake the tin, which is best categorized under Locomotion as it involves movement of the body."
298445,5baf4e1b-582a-4fbc-9391-3e794057c759,1325.9464933884117,#C C drops spoon,Unknown,Object Transfer,"The action of dropping the spoon is a deliberate placement onto a surface, which fits the criteria for 'Object Transfer'."
298448,5baf4e1b-582a-4fbc-9391-3e794057c759,1330.8879833884114,#C C drops kitchen towel,Unknown,Object Transfer,"The action of dropping the kitchen towel is a deliberate placement onto a surface, which fits the criteria for 'Object Transfer'."
298450,5baf4e1b-582a-4fbc-9391-3e794057c759,1332.8427133884115,#C C drops tin,Unknown,Object Transfer,"The action of dropping the tin is a deliberate placement onto a surface, which fits the criteria for 'Object Transfer'."
298459,5baf4e1b-582a-4fbc-9391-3e794057c759,1351.8030233884117,#C C drops whisk,Unknown,Object Transfer,"The action of dropping the whisk is a deliberate placement of the object onto a surface, which fits the criteria for 'Object Transfer'."
299324,4164ea72-e2bb-45a3-95b2-53c7e28d4bd7,74.48447,#C C shakes the case with his right hand,Unknown,Essential Operation,Shaking the case is likely an attempt to ensure that the drill bits are properly distributed or to check if there are any remaining bits inside the case.
299334,4164ea72-e2bb-45a3-95b2-53c7e28d4bd7,100.88277,#C C drops the caliper with his right hand,Unknown,Object Transfer,"The action of dropping the caliper is a deliberate placement of the object onto a surface, which fits the criteria for 'Object Transfer'."
299350,4164ea72-e2bb-45a3-95b2-53c7e28d4bd7,167.91773,#C C drops the thread,Unknown,Object Transfer,"The action of dropping the thread is a deliberate placement of the object onto a surface, which fits the criteria for 'Object Transfer'."
299363,4164ea72-e2bb-45a3-95b2-53c7e28d4bd7,211.34351,#C C drops the screwdriver in the woodwork,Unknown,Object Transfer,"The action of dropping the screwdriver onto the woodwork is a deliberate placement of the object onto a surface, which fits the criteria for 'Object Transfer'."
300179,ceba5343-c1d5-4f8a-a6bb-ef39c3923e6e,31.7602186,#C C drops mug,Unknown,Object Transfer,"The action of dropping the mug is a deliberate placement of the object onto a surface, which fits the criteria for 'Object Transfer'."
300181,ceba5343-c1d5-4f8a-a6bb-ef39c3923e6e,36.6078986,#C C drops mug,Unknown,Object Transfer,"The action of dropping the mug is a deliberate placement onto a surface, which fits the criteria for 'Object Transfer'."
300183,ceba5343-c1d5-4f8a-a6bb-ef39c3923e6e,42.3999286,#C C drops mug,Unknown,Object Transfer,"The action of dropping the mug is a deliberate placement onto a surface, which fits the criteria for 'Object Transfer'."
300185,ceba5343-c1d5-4f8a-a6bb-ef39c3923e6e,48.6355086,#C C drops mug,Unknown,Object Transfer,"The action of dropping the mug is a deliberate placement onto a surface, which fits the criteria for 'Object Transfer'."
300191,ceba5343-c1d5-4f8a-a6bb-ef39c3923e6e,61.3819686,#C C drops wine glass,Unknown,Object Transfer,"The current action involves C dropping the wine glass, which is a deliberate placement of the object onto a surface. This fits the criteria for 'Object Transfer' as it involves handling and placing an object."
300193,ceba5343-c1d5-4f8a-a6bb-ef39c3923e6e,68.8229486,#C C drops wine glass,Unknown,Object Transfer,"The action of dropping the wine glass is a deliberate placement of the object onto a surface, which fits the criteria for 'Object Transfer'."
300195,ceba5343-c1d5-4f8a-a6bb-ef39c3923e6e,72.5764786,#C C drop the glass,Unknown,Object Transfer,"The action of dropping the glass is a deliberate placement onto a surface, which fits the criteria for 'Object Transfer'."
300197,ceba5343-c1d5-4f8a-a6bb-ef39c3923e6e,75.8065486,#C C drop the glass,Unknown,Object Transfer,"The action of dropping the glass is a deliberate placement onto a surface, which fits the criteria for 'Object Transfer'."
300200,ceba5343-c1d5-4f8a-a6bb-ef39c3923e6e,81.08571859999999,#C C drops the mug,Unknown,Object Transfer,"The action of dropping the mug is a deliberate placement onto a surface, which fits the criteria for 'Object Transfer'."
300203,ceba5343-c1d5-4f8a-a6bb-ef39c3923e6e,86.9208286,#C C drops the mug,Unknown,Object Transfer,"The action of dropping the mug is a deliberate placement onto a surface, which fits the criteria for 'Object Transfer'."
300208,ceba5343-c1d5-4f8a-a6bb-ef39c3923e6e,105.6802486,#C C drops dishes,Unknown,Object Transfer,"The action of dropping dishes is a deliberate placement onto a surface, which fits the criteria for 'Object Transfer'."
300215,ceba5343-c1d5-4f8a-a6bb-ef39c3923e6e,149.03295859999997,#C C drops the knife,Unknown,Object Transfer,"The action of dropping the knife is a deliberate placement of the object onto a surface, which fits the criteria for 'Object Transfer'."
300217,ceba5343-c1d5-4f8a-a6bb-ef39c3923e6e,153.44297859999998,#C C drops cooking spoon,Unknown,Object Transfer,"The action of dropping the cooking spoon is a deliberate placement of the object onto a surface, which fits the criteria for 'Object Transfer'."
300219,ceba5343-c1d5-4f8a-a6bb-ef39c3923e6e,161.7462886,#C C drops glass,Unknown,Object Transfer,"The action of dropping the glass is a deliberate placement onto a surface, which fits the criteria for 'Object Transfer'."
300222,ceba5343-c1d5-4f8a-a6bb-ef39c3923e6e,171.6534586,#C C drops tin top,Unknown,Object Transfer,"The action of dropping the tin top is a deliberate placement onto a surface, which fits the criteria for 'Object Transfer'."
300223,ceba5343-c1d5-4f8a-a6bb-ef39c3923e6e,174.74448859999998,#C C drops the mug,Unknown,Object Transfer,"The action of dropping the mug is a deliberate placement onto a surface, similar to the previous action of dropping the tin top."
300226,ceba5343-c1d5-4f8a-a6bb-ef39c3923e6e,182.6886986,#C C drops #unsure,Unknown,Object Transfer,"The action of dropping an object onto a surface is considered a deliberate placement, which falls under the 'Object Transfer' category."
300229,ceba5343-c1d5-4f8a-a6bb-ef39c3923e6e,192.0486186,#C C drops the plate,Unknown,Object Transfer,"The action of dropping the plate is a deliberate placement of the object onto a surface, which fits the criteria for 'Object Transfer'."
300231,ceba5343-c1d5-4f8a-a6bb-ef39c3923e6e,195.8719386,#C C drops the plates,Unknown,Object Transfer,"The action of dropping the plates is a deliberate placement onto a surface, which fits the criteria for 'Object Transfer'."
300235,ceba5343-c1d5-4f8a-a6bb-ef39c3923e6e,208.8349386,#C C drops the plates,Unknown,Object Transfer,"The action of dropping the plates is a deliberate placement onto a surface, which fits the criteria for Object Transfer."
300240,ceba5343-c1d5-4f8a-a6bb-ef39c3923e6e,224.2598486,#C C drops knife,Unknown,Object Transfer,"The action of dropping the knife is a deliberate placement of the object onto a surface, which fits the criteria for 'Object Transfer'."
300241,ceba5343-c1d5-4f8a-a6bb-ef39c3923e6e,241.3798786,#C C drops the spoon,Unknown,Object Transfer,"The action of dropping the spoon is a deliberate placement onto a surface, which fits the criteria for 'Object Transfer'."
300242,ceba5343-c1d5-4f8a-a6bb-ef39c3923e6e,249.4910586,#C C drops the fork,Unknown,Object Transfer,"The action of dropping an object onto a surface is a deliberate placement, which fits the definition of 'Object Transfer'."
300243,ceba5343-c1d5-4f8a-a6bb-ef39c3923e6e,252.7081586,#C C drops the spoon,Unknown,Object Transfer,"The action of dropping an object onto a surface is considered a deliberate placement, which fits the criteria for 'Object Transfer'."
300244,ceba5343-c1d5-4f8a-a6bb-ef39c3923e6e,255.4438086,#C C drops the scissors,Unknown,Object Transfer,"The action of dropping an object onto a surface is a deliberate placement, which fits the definition of 'Object Transfer'."
300250,ceba5343-c1d5-4f8a-a6bb-ef39c3923e6e,277.39903860000004,#C C drops the bowls,Unknown,Object Transfer,"The action of dropping the bowls is a deliberate placement onto a surface, which fits the criteria for 'Object Transfer'."
300252,ceba5343-c1d5-4f8a-a6bb-ef39c3923e6e,281.2040986,#C C drops the bowls,Unknown,Object Transfer,"The action of dropping the bowls is a deliberate placement onto a surface, which fits the criteria for 'Object Transfer'."
300258,ceba5343-c1d5-4f8a-a6bb-ef39c3923e6e,293.6197033326276,#C C drops plate,Unknown,Object Transfer,"The action of dropping the plate is a deliberate placement of the object onto a surface, which fits the criteria for 'Object Transfer'."
300259,ceba5343-c1d5-4f8a-a6bb-ef39c3923e6e,295.6434833326276,#C C drops tumbler,Unknown,Object Transfer,"The action of dropping the tumbler is a deliberate placement onto a surface, similar to the previous action of dropping the plate."
300263,ceba5343-c1d5-4f8a-a6bb-ef39c3923e6e,305.9817033326276,#C C drops plate,Unknown,Object Transfer,"The action of dropping the plate is a deliberate placement of the object onto a surface, which fits the criteria for 'Object Transfer'."
300268,ceba5343-c1d5-4f8a-a6bb-ef39c3923e6e,322.9858633326276,#C C drops the mug,Unknown,Object Transfer,"The action of dropping the mug is a deliberate placement of the object onto a surface, which fits the criteria for 'Object Transfer'."
300273,ceba5343-c1d5-4f8a-a6bb-ef39c3923e6e,356.7320533326276,#C C drops the tin,Unknown,Object Transfer,"The action involves deliberately placing the tin onto a surface, which fits the definition of Object Transfer."
300279,ceba5343-c1d5-4f8a-a6bb-ef39c3923e6e,368.4929933326276,#C C drops the mug,Unknown,Object Transfer,"The action of dropping the mug is a deliberate placement of the object onto a surface, which fits the criteria for 'Object Transfer'."
300282,ceba5343-c1d5-4f8a-a6bb-ef39c3923e6e,374.5276933326276,#C C drops the mug,Unknown,Object Transfer,"The action of dropping the mug is a deliberate placement onto a surface, which fits the criteria for 'Object Transfer'."
300285,ceba5343-c1d5-4f8a-a6bb-ef39c3923e6e,377.8993733326276,#C C drops the mug,Unknown,Object Transfer,"The action of dropping the mug is a deliberate placement onto a surface, which fits the criteria for 'Object Transfer'."
300289,ceba5343-c1d5-4f8a-a6bb-ef39c3923e6e,391.0018433326276,#C C drops the glass,Unknown,Object Transfer,"The action of dropping the glass is a deliberate placement onto a surface, which fits the criteria for Object Transfer."
300291,ceba5343-c1d5-4f8a-a6bb-ef39c3923e6e,394.7370533326276,#C C drops the glass,Unknown,Object Transfer,"The action of dropping the glass is a deliberate placement onto a surface, which fits the criteria for 'Object Transfer'."
300293,ceba5343-c1d5-4f8a-a6bb-ef39c3923e6e,398.0703133326276,#C C drops the mug,Unknown,Object Transfer,"The action of dropping the mug is a deliberate placement onto a surface, which fits the criteria for 'Object Transfer'."
300295,ceba5343-c1d5-4f8a-a6bb-ef39c3923e6e,401.8600433326276,#C C drops the wine glass,Unknown,Object Transfer,"The action of dropping the wine glass is a deliberate placement of the object onto a surface, which fits the criteria for 'Object Transfer'."
300297,ceba5343-c1d5-4f8a-a6bb-ef39c3923e6e,404.7037433326276,#C C drops the wine glass,Unknown,Object Transfer,"The action of dropping the wine glass is a deliberate placement of the object onto a surface, which fits the criteria for 'Object Transfer'."
300299,ceba5343-c1d5-4f8a-a6bb-ef39c3923e6e,411.1270933326276,#C C drops the tin,Unknown,Object Transfer,"The action of dropping the tin is a deliberate placement onto a surface, which fits the criteria for 'Object Transfer'."
300302,ceba5343-c1d5-4f8a-a6bb-ef39c3923e6e,422.3724533326276,#C C drops the mug,Unknown,Object Transfer,"The action involves deliberately placing the mug onto a surface, which fits the definition of an Object Transfer."
300306,ceba5343-c1d5-4f8a-a6bb-ef39c3923e6e,428.7566733326276,#C C drops the mug,Unknown,Object Transfer,"The action of dropping the mug is a deliberate placement onto a surface, which fits the criteria for 'Object Transfer'."
300308,ceba5343-c1d5-4f8a-a6bb-ef39c3923e6e,431.4705033326276,#C C drops the glass,Unknown,Object Transfer,"The action of dropping the glass is a deliberate placement onto a surface, which fits the criteria for 'Object Transfer'."
300313,ceba5343-c1d5-4f8a-a6bb-ef39c3923e6e,493.1613033326276,#C C drops the cutlery,Unknown,Object Transfer,"The action of dropping the cutlery holder is a deliberate placement onto a surface, which fits the criteria for 'Object Transfer'."
300315,ceba5343-c1d5-4f8a-a6bb-ef39c3923e6e,509.5544133326276,#C C drops the cutlery,Unknown,Object Transfer,"The action of dropping the cutlery is a deliberate placement onto a surface, which fits the criteria for 'Object Transfer'."
300319,ceba5343-c1d5-4f8a-a6bb-ef39c3923e6e,526.7193033326275,#C C drops the plate,Unknown,Object Transfer,"The current action involves C dropping the plate, which is a deliberate placement of the object onto a surface, similar to the previous actions of picking up and dropping objects."
300321,ceba5343-c1d5-4f8a-a6bb-ef39c3923e6e,529.4641233326277,#C C drops the plate,Unknown,Object Transfer,"The action of dropping the plate is a deliberate placement onto a surface, which fits the criteria for 'Object Transfer'."
300323,ceba5343-c1d5-4f8a-a6bb-ef39c3923e6e,541.0456933326276,#C C drops the plate,Unknown,Object Transfer,"The action of dropping the plate is a deliberate placement onto a surface, which fits the criteria for 'Object Transfer'."
300325,ceba5343-c1d5-4f8a-a6bb-ef39c3923e6e,548.7623333326277,#C C drops bowl,Unknown,Object Transfer,"The action of dropping the bowl is a deliberate placement onto a surface, which fits the criteria for Object Transfer."
300568,7303d3a9-90fd-433d-987c-8c90ce49c821,1271.645317613672,#C C throws dust inn the bun,Unknown,Essential Operation,"The action of throwing dust into the bun seems to be a deliberate and purposeful action, likely as part of a cleaning or preparation process."
302010,3b7d314b-9c2c-466e-8b73-495a61e4d059,184.3879996,#C C does #unsure with left hand,Unknown,Stationary,"The action described as '#C C does #unsure with left hand' suggests a stationary action, such as holding or resting the hand without any movement or purposeful interaction with objects or the environment."
302344,0f809826-2ccb-4a75-abbd-81125f65994c,226.6228286,#C C drops the drawer knob.,Unknown,Object Transfer,"The action of dropping the drawer knob is a deliberate placement of the knob onto a surface, which fits the criteria for 'Object Transfer'."
302650,0f809826-2ccb-4a75-abbd-81125f65994c,1126.900349820703,#C C drops the kitchen sponge.,Unknown,Essential Operation,The action of dropping the kitchen sponge is considered an essential operation as it is a routine task involved in cleaning and maintaining kitchen hygiene.
302745,dfa06e1b-6823-4fa0-b7f8-194bac7bc7f3,131.23363859999998,#C C drops the wallet,Unknown,Object Transfer,"The action of dropping the wallet is a deliberate placement of the object onto a surface, which fits the criteria for 'Object Transfer'."
302980,1b9c07d3-0656-48ad-bae4-cca25f6664c9,463.92558381991927,#C C pours #Unsure on a dustbin,Unknown,Object Transfer,"The action involves pouring an object onto a dustbin, which can be considered a form of deliberate placement or transfer of an object."
304359,969866a7-2393-4bca-851a-885ddd7f627d,969.74668,#O a person P interacts with the C,Unknown,Object Transfer,"The current action describes a person interacting with another individual, which can be interpreted as a form of object transfer if it involves handing over an object or making physical contact."
304937,05a6d5f7-e1d5-4af3-9ae8-f07d0ac12657,1644.3084166666667,#C C drops the cheese slices in the trolley,Unknown,Object Transfer,"The current action involves C deliberately placing the cheese slices into the trolley, which fits the criteria for an Object Transfer action."
305544,8e5c3d75-8a5c-45c7-ad7c-3dec1c7615ed,12.13184,#C C drops the spanner and the plier in both gloved hands on the workshop lift table.,Unknown,Object Transfer,"The action involves deliberately placing the spanner and plier onto the workshop lift table, which fits the criteria for Object Transfer."
305552,8e5c3d75-8a5c-45c7-ad7c-3dec1c7615ed,24.42632,#C C drops the plier in his gloved left hand on the workshop lift table.,Unknown,Object Transfer,"The action of dropping the plier onto the workshop lift table is a deliberate placement, which fits the criteria for 'Object Transfer'."
305576,8e5c3d75-8a5c-45c7-ad7c-3dec1c7615ed,82.78346,#C C drops the spanner on the workshop lift table with his gloved right hand.,Unknown,Object Transfer,"The action of dropping the spanner onto the workshop lift table is a deliberate placement, which fits the criteria for 'Object Transfer'."
305899,3fb3f4e8-5620-4632-ab68-0b01f9f17577,1376.3697333333334,#O woman X & woman J pet dog,Unknown,Stationary,"The current action involves two women petting a dog, which is a stationary activity as it does not involve movement or transfer of objects."
305900,3fb3f4e8-5620-4632-ab68-0b01f9f17577,1379.9460433333334,"#O woman X, woman J & child Z pet dog",Unknown,Stationary,"The current action involves multiple people interacting with a dog, which is a stationary activity as it does not involve movement or transfer of objects."
305920,3fb3f4e8-5620-4632-ab68-0b01f9f17577,1448.596902666667,#O woman X & child Z pet dog,Unknown,Stationary,"The current action describes a scene where the woman X and child Z are with the pet dog, which indicates a state of rest or inaction, similar to the previous stationary actions."
306764,223a838a-385b-46c8-b750-b590580e6cab,1977.9978309546632,#C C drops a yarn on the seat,Unknown,Object Transfer,"The action of dropping a yarn onto the seat is a deliberate placement, which fits the criteria for 'Object Transfer'."
306774,223a838a-385b-46c8-b750-b590580e6cab,2030.976460954663,#C C drops the yarn on her lap,Unknown,Object Transfer,"The action of dropping the yarn onto her lap is a deliberate placement of the object onto a surface, which fits the criteria for 'Object Transfer'."
306911,34250d8a-e771-468f-8b54-17f14d0cc53b,196.69146,#C C picks up #unsure,Unknown,Object Transfer,"The action of picking up an object, such as a nylon bag, indicates a deliberate transfer or acquisition of the object, which fits the 'Object Transfer' category."
306947,34250d8a-e771-468f-8b54-17f14d0cc53b,281.73996,#C C pulls the steel #unsure into two,Unknown,Object Transfer,"The action of pulling the steel into two pieces appears to be a deliberate placement or modification of the object, which fits the 'Object Transfer' category."
307622,c4456909-4530-44ac-ba6d-67ac04cd5f8f,577.6004709546634,#C C drops the piece of wood,Unknown,Object Transfer,"The action of dropping the piece of wood is a deliberate placement onto a surface, which fits the criteria for 'Object Transfer'."
307717,cf279625-1654-43e7-8b96-9139132b1b47,506.8776686,#C C sucks mantle the,Unknown,Essential Operation,
308037,516c9abc-dbf3-4f87-b78e-db0ab9d657ea,22.9996696,#C C drops the bottle of dish soap on the kitchen counter.,Unknown,Object Transfer,"The action of dropping the bottle of dish soap onto the kitchen counter is a deliberate placement, which fits the criteria for 'Object Transfer'."
308061,516c9abc-dbf3-4f87-b78e-db0ab9d657ea,148.7531096,#C C drops the plate on the kitchen counter with her right hand.,Unknown,Object Transfer,"The action of dropping the plate onto the kitchen counter is a deliberate placement, similar to the previous action of dropping the sponge. Both actions involve placing an object onto a surface."
308081,516c9abc-dbf3-4f87-b78e-db0ab9d657ea,204.7192096,#C C drops the chopsticks on the kitchen counter with her left hand.,Unknown,Object Transfer,"The action of dropping the chopsticks onto the kitchen counter is a deliberate placement, which fits the criteria for 'Object Transfer'."
308125,516c9abc-dbf3-4f87-b78e-db0ab9d657ea,360.7341509546634,#C C drops the knife on the kitchen counter with her left hand.,Unknown,Object Transfer,"The action of dropping the knife onto the kitchen counter is a deliberate placement, which fits the criteria for 'Object Transfer'."
308143,516c9abc-dbf3-4f87-b78e-db0ab9d657ea,409.8331209546634,#C C drops the bottle of dish wash soap on the kitchen counter.,Unknown,Object Transfer,"The action of dropping the bottle of dish wash soap onto the kitchen counter is a deliberate placement, which fits the criteria for 'Object Transfer'."
308174,516c9abc-dbf3-4f87-b78e-db0ab9d657ea,531.1173909546634,#C C drops the bottle of dish wash soap on the kitchen counter.,Unknown,Object Transfer,"The action of dropping the bottle of dish wash soap onto the kitchen counter is a deliberate placement, which fits the criteria for 'Object Transfer'."
308240,516c9abc-dbf3-4f87-b78e-db0ab9d657ea,680.2438276213301,#C C drops the cup in the cupboard with her right hand.,Unknown,Object Transfer,"The action involves C deliberately placing the cup into the cupboard, which fits the criteria for an Object Transfer."
308302,516c9abc-dbf3-4f87-b78e-db0ab9d657ea,820.3560576213301,#C C drops a plate in her right hand inside the cupboard.,Unknown,Object Transfer,"The action involves C deliberately placing a plate inside the cupboard, which fits the criteria for Object Transfer."
308377,516c9abc-dbf3-4f87-b78e-db0ab9d657ea,960.81851762133,#C C drops the spoon rack in the dishwasher.,Unknown,Object Transfer,"The action involves deliberately placing the spoon rack back into the dishwasher, which fits the criteria for an Object Transfer action."
308401,516c9abc-dbf3-4f87-b78e-db0ab9d657ea,1007.42002762133,#C C drops the spoon in the dishwasher with her right hand.,Unknown,Object Transfer,"The action involves C deliberately placing the spoon into the dishwasher, which fits the definition of an Object Transfer."
308485,516c9abc-dbf3-4f87-b78e-db0ab9d657ea,1239.9484342879966,#C C drops the dish washer soap on the kitchen counter.,Unknown,Object Transfer,"The action involves deliberately placing the dish washer soap on the kitchen counter, which fits the criteria for Object Transfer."
308675,54843f87-c3c1-40a3-910e-5e72540995d5,527.8451829474027,#C C drops the shoe lace in the bucket of water.,Unknown,Object Transfer,"The action involves deliberately placing the shoe lace into the bucket of water, which fits the definition of Object Transfer as a deliberate placement."
308933,465282ac-5fea-4571-8328-665a693b97cd,83.74608959999999,#C C drops the pen.,Unknown,Object Transfer,"The action of dropping the pen is a deliberate placement of the object onto a surface, which fits the criteria for 'Object Transfer'."
308937,465282ac-5fea-4571-8328-665a693b97cd,162.7388196,#C C drops the cut out.,Unknown,Object Transfer,"The action of dropping the cut out is a deliberate placement onto a surface, which fits the criteria for 'Object Transfer'."
308957,465282ac-5fea-4571-8328-665a693b97cd,291.4972209546634,#C C drops the circular saw on the plank.,Unknown,Object Transfer,"The action of dropping the circular saw onto the plank is a deliberate placement, which fits the criteria for 'Object Transfer'."
309006,465282ac-5fea-4571-8328-665a693b97cd,411.9309709546634,#C C drops the jigsaw on the plank. #unsure,Unknown,Object Transfer,"The action of dropping the jigsaw onto the plank is a deliberate placement, which fits the criteria for 'Object Transfer'."
309323,1bc1f5e9-9d74-4a07-9d1b-39e5410436b6,348.24260095466343,#C C drops the plastic container and the pencil on the wall,Unknown,Object Transfer,"The action of dropping the plastic container and the pencil onto the wall is a deliberate placement, which fits the criteria for 'Object Transfer'."
310084,60bfacbb-063f-4e3f-bc74-fe993c7a521a,118.1952996,#C C drops the towel,Unknown,Object Transfer,"The current action involves deliberately placing the towel onto a surface, which fits the definition of an Object Transfer action."
310126,60bfacbb-063f-4e3f-bc74-fe993c7a521a,145.5566496,#C C drops the nylon paper bag,Unknown,Object Transfer,"The action of dropping the nylon paper bag is a deliberate placement onto a surface, which fits the criteria for 'Object Transfer'."
310234,60bfacbb-063f-4e3f-bc74-fe993c7a521a,267.3685196,#C C drops the left hand,Unknown,Object Transfer,"The action of dropping the left hand is a deliberate placement onto a surface, which fits the criteria for 'Object Transfer'."
310242,60bfacbb-063f-4e3f-bc74-fe993c7a521a,273.13739960000004,#C C drops #Unsure,Unknown,Object Transfer,"The action of dropping an object is a deliberate placement onto a surface, which fits the criteria for Object Transfer."
310247,60bfacbb-063f-4e3f-bc74-fe993c7a521a,278.52495960000005,#C C drops #Unsure on the bucket,Unknown,Object Transfer,"The action of dropping something onto a surface is a deliberate placement, which fits the criteria for 'Object Transfer'."
310277,60bfacbb-063f-4e3f-bc74-fe993c7a521a,301.5080609546634,#C C throws #Unsure,Unknown,Object Transfer,"The action of throwing an object onto a surface is a deliberate placement, which fits the criteria for 'Object Transfer'."
310406,60bfacbb-063f-4e3f-bc74-fe993c7a521a,427.6067609546634,#C C drops the nylon paper bag,Unknown,Object Transfer,"The action of dropping the nylon paper bag is a deliberate placement, which fits the criteria for 'Object Transfer'."
310767,ebae32c1-6ad1-4b96-851c-166e1784d50a,1228.6926666666666,#C C attaches the plant to the other plant,Unknown,Essential Operation,The action of attaching one plant to another is considered an essential operation in the context of gardening or plant care.
311096,6442d14c-c02a-4b90-bd52-8b3c187b851b,279.32205960000005,#C C adjusts leaves,Unknown,Object Transfer,"Adjusting leaves suggests a deliberate placement or arrangement of the leaves, which fits the criteria for an Object Transfer action."
311161,6442d14c-c02a-4b90-bd52-8b3c187b851b,786.1531552666667,#C C drops a scissors,Unknown,Object Transfer,"The action of dropping a scissors is a deliberate placement onto a surface, which fits the criteria for 'Object Transfer'."
311245,6442d14c-c02a-4b90-bd52-8b3c187b851b,1124.1136419333332,#C C looses grip on the sandpaper in her right hand.,Unknown,Essential Operation,"The action of loosening grip on the sandpaper is part of the ongoing process of smoothing the front porch, which is an essential operation."
311273,6442d14c-c02a-4b90-bd52-8b3c187b851b,1193.7597019333332,#C C looses grip on the sandpaper in her right hand.,Unknown,Object Transfer,"The action of loosening grip on the sandpaper in her right hand indicates a deliberate placement of the sandpaper, which fits the criteria for 'Object Transfer'."
311540,aa5c1090-05fd-41e7-86a8-1bc601226c51,288.21016865364595,#C C fixes the camera,Unknown,Stationary,"Fixing the camera is a deliberate action that does not involve movement or transfer of objects, and it is a stationary activity."
311590,aa5c1090-05fd-41e7-86a8-1bc601226c51,408.4242553203126,#C C drops the sponge,Unknown,Object Transfer,"The action of dropping the sponge is a deliberate placement onto a surface, which fits the criteria for 'Object Transfer'."
311606,aa5c1090-05fd-41e7-86a8-1bc601226c51,454.87465532031257,#C C drops the towel,Unknown,Object Transfer,"The action of dropping the towel is a deliberate placement of the object onto a surface, which fits the criteria for 'Object Transfer'."
311735,9fd1b645-da67-4fb1-8615-952a37bc7728,149.9896496,#C C drops wood saw machine.,Unknown,Object Transfer,"The action of dropping the wood saw machine indicates a deliberate placement of the object onto a surface, which fits the criteria for 'Object Transfer'."
311894,9fd1b645-da67-4fb1-8615-952a37bc7728,677.1646509546634,#C C drops the jigsaw on the wood,Unknown,Object Transfer,"The action of dropping the jigsaw onto the wood is a deliberate placement, which fits the criteria for 'Object Transfer'."
312185,7a8330bb-336d-48a0-9dfb-c9ae34ff9145,736.1874566666667,#C C inserts fingers inside hole on the ceiling,Unknown,Search,The action of inserting fingers into a hole on the ceiling indicates that C is likely searching for something or feeling around to understand the environment better.
312302,261edec2-f089-4a74-b25f-ddf32c92f90c,122.27681,#C C drops the cellphone,Unknown,Object Transfer,"The action of dropping the cellphone is a deliberate placement of the object onto a surface, which fits the criteria for 'Object Transfer'."
312923,dfcb327c-c3c9-4865-8bec-d3ab453a49d3,44.61493,#O man Y interacts with C,Unknown,Essential Operation,"The current action involves the man interacting with the bike (C), which is an essential operation related to using or maintaining the bike."
313257,bdb29a9e-d6d4-4918-9870-464abeae48d2,477.9621986,#O A man z interacts with c,Unknown,Object Transfer,"The current action involves a man interacting with an object, which suggests a deliberate placement or manipulation of the object, fitting the 'Object Transfer' category."
313342,bdb29a9e-d6d4-4918-9870-464abeae48d2,847.9325086,#O A man x interacts with c,Unknown,Object Transfer,"The current action describes a man interacting with an object, which suggests a deliberate placement or manipulation of the object, fitting the 'Object Transfer' category."
313488,141b24d2-2fc1-4f9d-89ef-8dc3055213f7,154.99421859999998,#C C drops a cloth detergent measure,Unknown,Object Transfer,"The action of dropping a cloth detergent measure onto a surface is a deliberate placement, which fits the criteria for 'Object Transfer'."
313632,0066ab25-04ad-41b2-89ab-283d2bfa1c4b,30.20678,#C C drops the grease brush on the workbench with his right hand.,Unknown,Object Transfer,"The action of dropping the grease brush onto the workbench is a deliberate placement, which fits the criteria for 'Object Transfer'."
313813,df10e714-4e7b-4173-9025-3f13277343a9,14.49006,#C C drops the metal cup.,Unknown,Object Transfer,"The action of dropping the metal cup onto a surface is a deliberate placement, which fits the criteria for Object Transfer."
313825,df10e714-4e7b-4173-9025-3f13277343a9,53.476,#C C drops the iron sponge.,Unknown,Object Transfer,"The action of dropping the iron sponge onto a surface is a deliberate placement, which fits the criteria for 'Object Transfer'."
313830,df10e714-4e7b-4173-9025-3f13277343a9,86.72928,#C C drops the frying pan.,Unknown,Object Transfer,"The action of dropping the frying pan is a deliberate placement of the object onto a surface, which fits the criteria for 'Object Transfer'."
313839,df10e714-4e7b-4173-9025-3f13277343a9,127.15892,#C C drops the iron sponge.,Unknown,Object Transfer,"The action of dropping the iron sponge onto a surface is a deliberate placement, which fits the criteria for 'Object Transfer'."
313845,df10e714-4e7b-4173-9025-3f13277343a9,161.837,#C C drops the sponge.,Unknown,Object Transfer,"The action of dropping the sponge is a deliberate placement of the object onto a surface, which fits the criteria for 'Object Transfer'."
313885,df10e714-4e7b-4173-9025-3f13277343a9,331.87494,#C C drops cup,Unknown,Object Transfer,"The current action involves C dropping the cup, which is a deliberate placement of the object onto a surface, similar to the previous actions where covers and cups were placed or dropped onto surfaces."
314284,fdcdf464-a350-452d-9741-f6725e138192,234.82922,#O The man X drops the plier on the stool.,Unknown,Object Transfer,"The action of dropping the plier onto the stool is a deliberate placement, which fits the criteria for 'Object Transfer'."
314330,406dd4ef-ac1e-48cc-be05-40dab5979549,0.3972786,#C C drops phone,Unknown,Object Transfer,"The action of dropping the phone onto a surface is a deliberate placement, which fits the criteria for 'Object Transfer'."
314332,406dd4ef-ac1e-48cc-be05-40dab5979549,5.1399186,#C C drops tooth brush,Unknown,Object Transfer,"The action of dropping the toothbrush is a deliberate placement onto a surface, which fits the criteria for 'Object Transfer'."
314348,406dd4ef-ac1e-48cc-be05-40dab5979549,47.4710286,#C C drops bic razor,Unknown,Object Transfer,"The action of dropping the bic razor is a deliberate placement onto a surface, which fits the criteria for 'Object Transfer'."
314351,406dd4ef-ac1e-48cc-be05-40dab5979549,63.8275986,#C C drops soap,Unknown,Object Transfer,"The action of dropping the soap is a deliberate placement onto a surface, which fits the criteria for 'Object Transfer'."
314353,406dd4ef-ac1e-48cc-be05-40dab5979549,71.3205686,#C C drops bottle of #unsure,Unknown,Object Transfer,"The action of dropping the bottle is a deliberate placement onto a surface, which fits the criteria for 'Object Transfer'."
314367,406dd4ef-ac1e-48cc-be05-40dab5979549,112.9362386,#C C drops sponge,Unknown,Object Transfer,"The action of dropping the sponge is a deliberate placement of the object onto a surface, which fits the criteria for 'Object Transfer'."
314375,406dd4ef-ac1e-48cc-be05-40dab5979549,137.86820859999995,#C C drops #unsure,Unknown,Object Transfer,"The action of dropping an object onto a surface is considered a deliberate placement, which falls under the 'Object Transfer' category."
314399,406dd4ef-ac1e-48cc-be05-40dab5979549,226.1170286,#C C drops #unsure,Unknown,Object Transfer,"The action of dropping an object onto a surface is a deliberate placement, which fits the criteria for 'Object Transfer'."
314417,406dd4ef-ac1e-48cc-be05-40dab5979549,303.9929892853613,#C C drops spout,Unknown,Object Transfer,"The action of dropping the spout is a deliberate placement onto a surface, which fits the criteria for 'Object Transfer'."
314426,406dd4ef-ac1e-48cc-be05-40dab5979549,325.39056928536127,#C C drops #unsure,Unknown,Object Transfer,"The current action involves C dropping an object, which is a deliberate placement onto a surface, fitting the criteria for 'Object Transfer'."
314437,406dd4ef-ac1e-48cc-be05-40dab5979549,391.8807392853613,#C C drops spout,Unknown,Object Transfer,"The action of dropping the spout onto a surface is a deliberate placement, which fits the criteria for 'Object Transfer'."
314446,406dd4ef-ac1e-48cc-be05-40dab5979549,411.3723692853613,#C C drops phone,Unknown,Object Transfer,"The action of dropping a phone is a deliberate placement of the object onto a surface, which fits the criteria for 'Object Transfer'."
314471,406dd4ef-ac1e-48cc-be05-40dab5979549,544.6409992853613,#C C drops spout,Unknown,Object Transfer,"The action of dropping the spout indicates a deliberate placement of an object onto a surface, which fits the criteria for 'Object Transfer'."
314623,406dd4ef-ac1e-48cc-be05-40dab5979549,1093.2692116989583,#C C drops #unsure,Unknown,Object Transfer,"The action of dropping an object onto a surface is a form of deliberate placement, which falls under the 'Object Transfer' category."
314629,406dd4ef-ac1e-48cc-be05-40dab5979549,1110.6494616989582,#C C drops tin,Unknown,Object Transfer,"The action of dropping the tin is a deliberate placement of the object onto a surface, which fits the criteria for 'Object Transfer'."
314631,406dd4ef-ac1e-48cc-be05-40dab5979549,1113.7676716989583,#C C drops tooth brush,Unknown,Object Transfer,"The action of dropping the toothbrush is a deliberate placement onto a surface, which fits the criteria for 'Object Transfer'."
314642,406dd4ef-ac1e-48cc-be05-40dab5979549,1135.1038716989583,#C C drops bottle of #unsure,Unknown,Object Transfer,"The current action involves C dropping a bottle, which is a deliberate placement of an object onto a surface, similar to the previous action of dropping the sponge."
314643,406dd4ef-ac1e-48cc-be05-40dab5979549,1137.2837816989584,#C C drops tin,Unknown,Object Transfer,"The action of dropping an object (tin) onto a surface is a deliberate placement, which fits the criteria for 'Object Transfer'."
314644,406dd4ef-ac1e-48cc-be05-40dab5979549,1138.2823316989584,#C C drops cloth,Unknown,Object Transfer,"The action of dropping an object (bottle, tin, cloth) onto a surface is a deliberate placement, which fits the criteria for 'Object Transfer'."
314650,406dd4ef-ac1e-48cc-be05-40dab5979549,1162.6546816989585,#C C drops vacuum cleaner,Unknown,Object Transfer,"The action of dropping the vacuum cleaner is a deliberate placement onto a surface, which fits the criteria for Object Transfer."
314659,406dd4ef-ac1e-48cc-be05-40dab5979549,1203.0368916989582,#C C drops vacuum cleaner,Unknown,Object Transfer,"The action of dropping the vacuum cleaner is a deliberate placement of the object onto a surface, which fits the criteria for 'Object Transfer'."
314665,406dd4ef-ac1e-48cc-be05-40dab5979549,1213.6486016989584,#C C drops phone,Unknown,Object Transfer,"The action of dropping the phone onto a surface is a deliberate placement, which fits the criteria for 'Object Transfer'."
314680,406dd4ef-ac1e-48cc-be05-40dab5979549,1326.2763716989584,#C C drops curtain,Unknown,Object Transfer,"The action of dropping the curtain onto a surface is a deliberate placement, which fits the criteria for 'Object Transfer'."
314718,406dd4ef-ac1e-48cc-be05-40dab5979549,1731.9849176608725,#c c removes the cable in the sorcket,Unknown,Essential Operation,The action of removing the cable from the socket is an essential operation as it involves turning off or disconnecting an electrical device.
315501,01ce4fd6-197a-4792-8778-775b03780369,56.6251086,#C C drops the t-shirt on the sweater top,Unknown,Object Transfer,"The action of dropping the t-shirt onto the sweater top is a deliberate placement, which fits the criteria for 'Object Transfer'."
316062,7e78a081-96fa-48ad-894a-8c55e93ac4a8,517.2721709546635,#C C touches his face with his left hand. #unsure,Unknown,Essential Operation,"The action of touching one's face is a common essential operation, such as wiping sweat or adjusting glasses."
316213,aa37b427-5980-4bf5-be29-87bdb2e60154,273.5323596,#C C drops #unsure outside.,Unknown,Locomotion,The action of dropping something outside is a continuation of the movement towards the door and can be considered part of the locomotion process as it involves moving and releasing an object in a specific location.
316237,aa37b427-5980-4bf5-be29-87bdb2e60154,328.8136609546634,#C C lets go of #unsure inside the shelf.,Unknown,Object Transfer,"The action of letting go of an object inside the shelf indicates a deliberate placement, which fits the criteria for 'Object Transfer'."
316909,15d2dc4a-b935-49f4-ae91-4c9100b681c8,1271.3377353138671,#C C drops the cloth,Unknown,Object Transfer,"The action of dropping the cloth is a deliberate placement of the object onto a surface, which fits the criteria for 'Object Transfer'."
316929,e826857f-8b94-4168-bc5a-7aaff9cdc7c0,14.8924086,#C C drops back pack,Unknown,Object Transfer,"The action of dropping the backpack is a deliberate placement of the object onto a surface, which fits the criteria for 'Object Transfer'."
316960,e826857f-8b94-4168-bc5a-7aaff9cdc7c0,152.09664859999998,#C C drops kettle,Unknown,Object Transfer,"The action of dropping the kettle is a deliberate placement of the object onto a surface, which fits the criteria for 'Object Transfer'."
316962,e826857f-8b94-4168-bc5a-7aaff9cdc7c0,156.7312786,#C C drops glass,Unknown,Object Transfer,"The action of dropping the glass onto a surface can be considered a deliberate placement, which fits the criteria for 'Object Transfer'."
316967,e826857f-8b94-4168-bc5a-7aaff9cdc7c0,171.3626386,#C C drops phone,Unknown,Object Transfer,"The action of dropping a phone is a deliberate placement of the object onto a surface, which fits the criteria for 'Object Transfer'."
316981,e826857f-8b94-4168-bc5a-7aaff9cdc7c0,250.9770686,#C C drops glass,Unknown,Object Transfer,"The action of dropping the glass is a deliberate placement of the object onto a surface, which fits the criteria for 'Object Transfer'."
316986,e826857f-8b94-4168-bc5a-7aaff9cdc7c0,271.53871860000004,#C C drops back pack,Unknown,Object Transfer,"The action of dropping the backpack is a deliberate placement onto a surface, which fits the criteria for 'Object Transfer'."
316992,e826857f-8b94-4168-bc5a-7aaff9cdc7c0,303.1882959631039,#C C drops water glass,Unknown,Object Transfer,"The action of dropping the water glass is a deliberate placement of the object onto a surface, which fits the criteria for 'Object Transfer'."
317008,e826857f-8b94-4168-bc5a-7aaff9cdc7c0,366.0271059631039,#C C drops bag,Unknown,Object Transfer,"The action of dropping a bag is a deliberate placement of the object onto a surface, which fits the criteria for 'Object Transfer'."
317019,e826857f-8b94-4168-bc5a-7aaff9cdc7c0,386.3757759631039,#C C drops kettle,Unknown,Object Transfer,"The action of dropping the kettle is a deliberate placement of the object onto a surface, which fits the criteria for 'Object Transfer'."
317022,e826857f-8b94-4168-bc5a-7aaff9cdc7c0,390.2855659631039,#C C drops water glass,Unknown,Object Transfer,"The action of dropping the water glass is a deliberate placement onto a surface, which fits the criteria for 'Object Transfer'."
317036,e826857f-8b94-4168-bc5a-7aaff9cdc7c0,474.3172759631039,#C C drops glass,Unknown,Object Transfer,"The action of dropping the glass is a deliberate placement of the object onto a surface, which fits the criteria for 'Object Transfer'."
317042,e826857f-8b94-4168-bc5a-7aaff9cdc7c0,507.7694359631039,#C C drops glass,Unknown,Object Transfer,"The action of dropping the glass is a deliberate placement of the object onto a surface, which fits the criteria for 'Object Transfer'."
317066,e826857f-8b94-4168-bc5a-7aaff9cdc7c0,599.8880304310549,#C C drops clothes drying rack,Unknown,Object Transfer,"The action of dropping the clothes drying rack is a deliberate placement onto a surface, which fits the criteria for 'Object Transfer'."
317079,e826857f-8b94-4168-bc5a-7aaff9cdc7c0,651.2443604310548,#C C drops rope,Unknown,Object Transfer,"The action of dropping the rope is a deliberate placement of the object onto a surface, which fits the criteria for 'Object Transfer'."
317082,e826857f-8b94-4168-bc5a-7aaff9cdc7c0,656.3015704310548,#C C drops clothes drying rack,Unknown,Object Transfer,"The action of dropping the clothes drying rack is a deliberate placement onto a surface, which fits the criteria for 'Object Transfer'."
317121,5607d99f-d48e-484a-8d35-50f3be65fde4,103.9991096,#C C drops the pillow cover on a pillow,Unknown,Object Transfer,"The action involves deliberately placing the pillow cover onto the pillow, which fits the definition of an Object Transfer."
318099,326eb377-b02b-43c8-b736-43057a9355a8,2893.595139333333,#C C takes #unsure,Unknown,Object Transfer,"The current action involves taking an object, which aligns with the previous actions of putting aside and putting down objects."
318292,18edc157-d1d7-4ad6-bfb9-355c14560a65,4.6129996,#C C drops the dustpan with his left hand,Unknown,Object Transfer,"The action involves deliberately placing the dustpan onto a surface, which fits the definition of an Object Transfer."
318305,18edc157-d1d7-4ad6-bfb9-355c14560a65,202.0163096,#C C drops the dustpan with his left hand,Unknown,Object Transfer,"The action of dropping the dustpan is a deliberate placement of the object onto a surface, which fits the criteria for 'Object Transfer'."
318311,18edc157-d1d7-4ad6-bfb9-355c14560a65,261.8626896,#C C drops the broom,Unknown,Object Transfer,"The action of dropping the broom is a deliberate placement of the object onto a surface, which fits the criteria for 'Object Transfer'."
318660,adf4d8c5-2c49-4d25-9a20-7dc29bbda0ce,830.9487749378907,#C C drops the fish fillet.,Unknown,Object Transfer,"The action of dropping the fish fillet is a deliberate placement onto a surface, which fits the criteria for 'Object Transfer'."
318695,adf4d8c5-2c49-4d25-9a20-7dc29bbda0ce,910.4293049378906,#C C drops the bottle can.,Unknown,Object Transfer,"The action of dropping the bottle can is a deliberate placement of the object onto a surface, which fits the criteria for 'Object Transfer'."
318908,fc9824ed-63c1-4844-a80a-2c223d4ff7c1,265.50654172669954,#C C drops plants,Unknown,Object Transfer,"The action of dropping plants is a deliberate placement of the plants onto a surface, which fits the criteria for 'Object Transfer'."
318921,fc9824ed-63c1-4844-a80a-2c223d4ff7c1,340.46191172669955,#C C drops string,Unknown,Object Transfer,"The action of dropping the string is a deliberate placement of the object onto a surface, which fits the criteria for 'Object Transfer'."
318938,fc9824ed-63c1-4844-a80a-2c223d4ff7c1,433.6391817266996,#C C drops shear,Unknown,Object Transfer,"The action of dropping the shear onto a surface is a deliberate placement, which fits the criteria for 'Object Transfer'."
318957,fc9824ed-63c1-4844-a80a-2c223d4ff7c1,498.2459817266996,#C C drops shear,Unknown,Object Transfer,"The action of dropping the shear is a deliberate placement onto a surface, which fits the criteria for 'Object Transfer'."
318959,fc9824ed-63c1-4844-a80a-2c223d4ff7c1,502.4484017266996,#C C drops shear,Unknown,Object Transfer,"The action of dropping the shear is a deliberate placement onto a surface, which fits the criteria for 'Object Transfer'."
318961,fc9824ed-63c1-4844-a80a-2c223d4ff7c1,507.0470417266996,#C C drops string,Unknown,Object Transfer,"The action of dropping the string is a deliberate placement onto a surface, which fits the criteria for 'Object Transfer'."
318968,fc9824ed-63c1-4844-a80a-2c223d4ff7c1,539.3788217266996,#C C drops plant,Unknown,Object Transfer,"The action of dropping the plant is a deliberate placement onto a surface, which fits the criteria for 'Object Transfer'."
318983,fc9824ed-63c1-4844-a80a-2c223d4ff7c1,596.056837613672,#C C drops string,Unknown,Object Transfer,"The action of dropping the string onto a surface is a deliberate placement, which fits the criteria for 'Object Transfer'."
318990,fc9824ed-63c1-4844-a80a-2c223d4ff7c1,610.8961476136719,#C C drops string,Unknown,Object Transfer,"The action of dropping the string onto a surface is a deliberate placement, which fits the criteria for 'Object Transfer'."
318991,fc9824ed-63c1-4844-a80a-2c223d4ff7c1,611.4722076136719,#C C drops pruning pliers,Unknown,Object Transfer,"The action of dropping the pruning pliers is a deliberate placement onto a surface, which fits the criteria for 'Object Transfer'."
319006,fc9824ed-63c1-4844-a80a-2c223d4ff7c1,659.735607613672,#C C drops glove,Unknown,Object Transfer,"The action involves deliberately placing the glove somewhere, which fits the definition of 'Object Transfer'."
319034,fc9824ed-63c1-4844-a80a-2c223d4ff7c1,749.6178076136719,#C C drops trash bin,Unknown,Object Transfer,"The action of dropping the trash bin is a deliberate placement of the object onto a surface, which fits the criteria for 'Object Transfer'."
319049,fc9824ed-63c1-4844-a80a-2c223d4ff7c1,794.2371276136719,#C C drops plant,Unknown,Object Transfer,"The action involves deliberately placing an object (the plant) onto a surface, which fits the definition of Object Transfer."
319056,fc9824ed-63c1-4844-a80a-2c223d4ff7c1,805.0733876136719,#C C drops stick,Unknown,Object Transfer,"The action of dropping the stick is a deliberate placement onto a surface, which fits the criteria for 'Object Transfer'."
319071,fc9824ed-63c1-4844-a80a-2c223d4ff7c1,845.4022933788417,#C C drops plants,Unknown,Object Transfer,"The action of dropping plants is a deliberate placement of an object onto a surface, which fits the criteria for 'Object Transfer'."
319081,fc9824ed-63c1-4844-a80a-2c223d4ff7c1,892.5728933788416,#C C drops plant,Unknown,Object Transfer,"The action of dropping a plant is a deliberate placement onto a surface, which fits the criteria for Object Transfer."
319098,fc9824ed-63c1-4844-a80a-2c223d4ff7c1,913.8671033788416,#C C drops plant,Unknown,Object Transfer,"The action of dropping the plant onto a surface is a deliberate placement, which fits the criteria for 'Object Transfer'."
319100,fc9824ed-63c1-4844-a80a-2c223d4ff7c1,915.2000833788416,#C C drops plant,Unknown,Object Transfer,"The action of dropping the plant onto a surface is a deliberate placement, which fits the criteria for 'Object Transfer'."
319493,18c12e08-e269-4ba7-bb5c-095bcaf0537c,101.20660526666666,#C C drops #unsure on the dust pin,Unknown,Object Transfer,"The action of dropping an object onto a surface is a deliberate placement, which fits the criteria for 'Object Transfer'."
319748,f8514af9-61ce-49d9-9628-fbc0bcc736f9,27.8588286,#C C drops the caliper onto the round wood making machine with both hands.,Unknown,Object Transfer,"The action of dropping the caliper onto the round wood making machine with both hands indicates a deliberate placement of the object onto the surface, which fits the criteria for 'Object Transfer'."
319791,f8514af9-61ce-49d9-9628-fbc0bcc736f9,263.2751986,#C C drops the caliper onto the round wood making machine with his right hand.,Unknown,Object Transfer,"The action of dropping the caliper onto the round wood making machine is a deliberate placement, which fits the criteria for 'Object Transfer'."
319870,f8514af9-61ce-49d9-9628-fbc0bcc736f9,591.4022186,#C C drops the caliper on the round wood making machine with his right hand.,Unknown,Object Transfer,"The action of dropping the caliper onto the round wood making machine is a deliberate placement, which fits the criteria for 'Object Transfer'."
319880,f8514af9-61ce-49d9-9628-fbc0bcc736f9,610.3938986,#C C drops the chisel on the round wood making machine with his right hand.,Unknown,Object Transfer,"The action of dropping the chisel onto the round wood making machine with his right hand indicates a deliberate placement of the object onto a surface, which fits the criteria for 'Object Transfer'."
319913,f8514af9-61ce-49d9-9628-fbc0bcc736f9,841.1743786000001,#C C drops the Vernier Caliper on the lathe machine.,Unknown,Object Transfer,"The action of dropping the Vernier Caliper onto the lathe machine can be considered a deliberate placement, which fits the criteria for 'Object Transfer'."
320017,d72003de-42f9-4e11-b06a-8321b8662ca6,49.41547,#C C drops the plastic material,Unknown,Object Transfer,"The action of dropping the plastic material is a deliberate placement onto a surface, which fits the criteria for Object Transfer."
320022,d72003de-42f9-4e11-b06a-8321b8662ca6,62.96956,#C C drops the screwdriver,Unknown,Object Transfer,"The action of dropping the screwdriver is a deliberate placement of the object onto a surface, which fits the criteria for 'Object Transfer'."
320025,d72003de-42f9-4e11-b06a-8321b8662ca6,85.04577,#C C drops the pliers,Unknown,Object Transfer,"The action of dropping the pliers is a deliberate placement onto a surface, which fits the criteria for 'Object Transfer'."
320040,d72003de-42f9-4e11-b06a-8321b8662ca6,143.89203,#C C drops the box,Unknown,Object Transfer,"The action of dropping the box is a deliberate placement onto a surface, which fits the criteria for 'Object Transfer'."
320044,d72003de-42f9-4e11-b06a-8321b8662ca6,151.30656,#C C drops the box,Unknown,Object Transfer,"The action of dropping the box is a deliberate placement of the object onto a surface, which fits the criteria for 'Object Transfer'."
320052,d72003de-42f9-4e11-b06a-8321b8662ca6,164.13007,#C C drops the paper,Unknown,Object Transfer,"The action involves deliberately placing the paper onto a surface, which fits the definition of Object Transfer."
320054,d72003de-42f9-4e11-b06a-8321b8662ca6,165.71472,#C C drops the wire,Unknown,Object Transfer,"The action of dropping the wire is a deliberate placement onto a surface, which fits the criteria for 'Object Transfer'."
320060,d72003de-42f9-4e11-b06a-8321b8662ca6,178.71179,#C C drops the paper,Unknown,Object Transfer,"The action involves deliberately placing the paper onto a surface, which fits the definition of Object Transfer."
320065,d72003de-42f9-4e11-b06a-8321b8662ca6,186.68582,#C C drops the paper,Unknown,Object Transfer,"The action of dropping the paper is a deliberate placement of the object onto a surface, which fits the criteria for 'Object Transfer'."
320067,d72003de-42f9-4e11-b06a-8321b8662ca6,190.31817,#C C drops the paper,Unknown,Object Transfer,"The action of dropping the paper is a deliberate placement onto a surface, which fits the criteria for 'Object Transfer'."
320071,d72003de-42f9-4e11-b06a-8321b8662ca6,204.56846,#C C drops the bulb holder,Unknown,Object Transfer,"The action of dropping the bulb holder is a deliberate placement onto a surface, which fits the criteria for 'Object Transfer'."
320089,d72003de-42f9-4e11-b06a-8321b8662ca6,279.22278,#C C drops the ladder,Unknown,Object Transfer,"The action of dropping the ladder is a deliberate placement of the object onto a surface, which fits the criteria for 'Object Transfer'."
320092,d72003de-42f9-4e11-b06a-8321b8662ca6,288.92331,#C C touches the wire,Unknown,Essential Operation,"The action of touching the wire is likely part of a process to check the wire's condition or to prepare for an electrical task, which falls under essential operations."
320110,d72003de-42f9-4e11-b06a-8321b8662ca6,362.20281,#C C drops the bulb holder,Unknown,Object Transfer,"The action of dropping the bulb holder is a deliberate placement onto a surface, which fits the criteria for 'Object Transfer'."
320135,d72003de-42f9-4e11-b06a-8321b8662ca6,484.2438,#C C drops the ladder,Unknown,Object Transfer,"The action of dropping the ladder is a deliberate placement of the object onto a surface, which fits the criteria for 'Object Transfer'."
320163,d72003de-42f9-4e11-b06a-8321b8662ca6,585.9406266666666,#C C drops the paper,Unknown,Object Transfer,"The action of dropping the paper is a deliberate placement onto a surface, which fits the criteria for 'Object Transfer'."
320166,d72003de-42f9-4e11-b06a-8321b8662ca6,592.3372466666667,#C C drops the box,Unknown,Object Transfer,"The action of dropping the box is a deliberate placement onto a surface, which fits the criteria for 'Object Transfer'."
320170,d72003de-42f9-4e11-b06a-8321b8662ca6,599.2246866666667,#C C drops box,Unknown,Object Transfer,"The action of dropping the box is a deliberate placement of the object onto a surface, which fits the criteria for 'Object Transfer'."
320176,d72003de-42f9-4e11-b06a-8321b8662ca6,613.9750466666667,#C C drops the paper,Unknown,Object Transfer,"The action of dropping the paper is a deliberate placement onto a surface, which fits the criteria for Object Transfer."
320177,d72003de-42f9-4e11-b06a-8321b8662ca6,615.8624366666667,#C C drops the bulb holder,Unknown,Object Transfer,"The action of dropping the bulb holder is a deliberate placement onto a surface, similar to the previous action of dropping the paper."
320830,c71d3ead-2f10-41d9-a78b-8a954c0d1f0d,936.2972433333332,#O person K serves a tennis ball in the tennis court,Unknown,Locomotion,"The action described is a continuous movement of serving a tennis ball, which is part of the ongoing tennis game. This action is best categorized under Locomotion as it involves movement in the context of playing tennis."
321142,74d05939-ec8d-4da5-9a6f-35a0b97e22e2,108.2313496,#C C drops the sponge on the soap dish.,Unknown,Object Transfer,"The action of dropping the sponge onto the soap dish is a deliberate placement, which fits the criteria for 'Object Transfer'."
321172,74d05939-ec8d-4da5-9a6f-35a0b97e22e2,178.7990896,#C C drops the bottle of soap beside the faucet.,Unknown,Object Transfer,"The action involves deliberately placing the bottle of soap beside the faucet, which fits the criteria for Object Transfer."
321851,e58a1cd6-cf82-4477-b8a3-8f749ebceffe,1486.9455085283512,#C C,Unknown,Essential Operation,"The current action continues the pattern of adjusting or manipulating the tap, which falls under the category of Essential Operation."
322039,b3bc7cb1-88b2-41e1-86cf-6ecdb8e0dbca,9.5140286,#C C drops the cable,Unknown,Object Transfer,"The action of dropping the cable is a deliberate placement of the object onto a surface, which fits the criteria for 'Object Transfer'."
322107,b3bc7cb1-88b2-41e1-86cf-6ecdb8e0dbca,320.7670286,#C C over turns the art in his hands,Unknown,Object Transfer,"The action involves moving an object (the part) from one hand to another, which fits the definition of Object Transfer."
322431,919492eb-9aa4-4a82-a2ba-4640d0ea316d,64.3533796,#C C drops some pieces of the scraper to the ground,Unknown,Object Transfer,"The action of dropping the pieces of the scraper onto the ground is a deliberate placement of objects, which fits the criteria for 'Object Transfer'."
322621,254029e5-fed4-40a7-bef1-12b9faff3202,43.9467,#C C drops the pack of disposable spoons in a drawer,Unknown,Object Transfer,"The action involves deliberately placing the pack of disposable spoons into a drawer, which fits the criteria for Object Transfer."
323141,d64d376b-88b3-4820-b002-8b265df08bef,311.1443009546634,#C C touches her face with her left hand #unsure,Unknown,Essential Operation,"The action of touching one's face is a common essential operation, such as adjusting glasses, wiping sweat, or touching the face for comfort."
324244,f442873e-6f2b-493f-a6db-718cd20a732a,100.3705296,#C C drops the soap container from the kitchen counter with his left hand.,Unknown,Object Transfer,"The action of dropping the soap container onto the kitchen counter is a deliberate placement, which fits the criteria for 'Object Transfer'."
324477,d978d448-478c-40a9-b160-e56bade3a562,79.3321496,#C C drops the wood file on a pavement,Unknown,Object Transfer,"The action of dropping the wood file onto the pavement is a deliberate placement of the object onto a surface, which fits the criteria for 'Object Transfer'."
324491,d978d448-478c-40a9-b160-e56bade3a562,112.6272396,#C C drops the scissor on the pavement. #unsure,Unknown,Object Transfer,"The action of dropping the scissor onto the pavement is a deliberate placement, which fits the criteria for 'Object Transfer'."
324560,1fb7b18b-03a7-4a3a-a795-a2da80be3c56,126.9872796,#C C drops the cable with the cable coupler.,Unknown,Object Transfer,"The action involves deliberately placing the cable with the cable coupler onto a surface, which fits the criteria for 'Object Transfer'."
324612,1fb7b18b-03a7-4a3a-a795-a2da80be3c56,337.6421909546634,#C C drops the scissors in the circuit box.,Unknown,Object Transfer,"The action of dropping the scissors into the circuit box is a deliberate placement, similar to the previous action of dropping the cable tie into the bucket."
324666,a724d611-35fa-498b-af1f-bb0955622242,74.3708496,#C C turns up on the floor,Unknown,Stationary,"The action of turning up on the floor suggests a pause or a stationary position, rather than movement or an essential operation."
324984,d731d55b-a67c-498e-9016-2758185a2553,192.0618896,#C C flicks his left hand.,Unknown,Stationary,"The action of flicking one's hand does not involve movement to a new location, transfer of objects, or any form of locomotion. It is a minor, often involuntary movement that can be classified as a stationary action."
325065,3a9a814d-222f-4712-97b4-a71d9f8b5a4a,73.84873,#C C drops the ladder,Unknown,Object Transfer,"The action of dropping the ladder onto a surface can be considered a deliberate placement, which fits the criteria for 'Object Transfer'."
325067,3a9a814d-222f-4712-97b4-a71d9f8b5a4a,81.77752,#C C drops the spirit level,Unknown,Object Transfer,"The action of dropping the spirit level onto a surface can be considered a deliberate placement, which fits the criteria for 'Object Transfer'."
325068,3a9a814d-222f-4712-97b4-a71d9f8b5a4a,84.10729,#C C tries to connect the drill,Unknown,Essential Operation,"The current action involves an essential operation, which is trying to connect the drill. This action is distinct from the previous actions of dropping objects and holding a tool, as it pertains to the functional use of equipment."
325070,3a9a814d-222f-4712-97b4-a71d9f8b5a4a,89.50407,#C C drops the drill,Unknown,Object Transfer,"The action of dropping the drill is a deliberate placement of the object onto a surface, which fits the criteria for 'Object Transfer'."
325075,3a9a814d-222f-4712-97b4-a71d9f8b5a4a,102.86096,#C C drops the drill bit,Unknown,Object Transfer,"The action of dropping the drill bit is a deliberate placement of the object onto a surface, which fits the criteria for 'Object Transfer'."
325096,3a9a814d-222f-4712-97b4-a71d9f8b5a4a,257.48611,#C C drops the drilling gun,Unknown,Object Transfer,"The action of dropping the drilling gun indicates a deliberate placement of the object onto a surface, which fits the criteria for 'Object Transfer'."
325112,3a9a814d-222f-4712-97b4-a71d9f8b5a4a,294.94353,#C C drops the screw,Unknown,Object Transfer,"The action of dropping the screw is a deliberate placement onto a surface, which fits the criteria for 'Object Transfer'."
325116,3a9a814d-222f-4712-97b4-a71d9f8b5a4a,309.26729,#C C drops the #unsure,Unknown,Object Transfer,"The action of dropping an object is a deliberate placement onto a surface, which fits the criteria for 'Object Transfer'."
325129,3a9a814d-222f-4712-97b4-a71d9f8b5a4a,357.53799,#C C drops the drill,Unknown,Object Transfer,"The action of dropping the drill is a deliberate placement of the object onto a surface, which fits the criteria for 'Object Transfer'."
325136,3a9a814d-222f-4712-97b4-a71d9f8b5a4a,389.36661,#C C drops the drill,Unknown,Object Transfer,"The action of dropping the drill is a deliberate placement of the object onto a surface, which fits the criteria for 'Object Transfer'."
325335,58e39e0e-9bbb-4e7f-98b4-14b2fa325fa3,15.8617486,#C C drops the scraper,Unknown,Object Transfer,"The action of dropping the scraper is a deliberate placement of the object onto a surface, which fits the criteria for 'Object Transfer'."
325375,58e39e0e-9bbb-4e7f-98b4-14b2fa325fa3,74.5155086,#C C drops the sponge,Unknown,Object Transfer,"The action of dropping the sponge is a deliberate placement of the object onto a surface, which fits the criteria for 'Object Transfer'."
325384,58e39e0e-9bbb-4e7f-98b4-14b2fa325fa3,88.1863686,#C C drops the sponge,Unknown,Object Transfer,"The action of dropping the sponge is a deliberate placement of the object onto a surface, which fits the criteria for 'Object Transfer'."
325390,58e39e0e-9bbb-4e7f-98b4-14b2fa325fa3,96.3514286,#C C drops the sponge,Unknown,Object Transfer,"The action of dropping the sponge is a deliberate placement of the object onto a surface, which fits the criteria for 'Object Transfer'."
325442,58e39e0e-9bbb-4e7f-98b4-14b2fa325fa3,185.2667486,#C C drops the sponge,Unknown,Object Transfer,"The action of dropping the sponge is a deliberate placement of the object onto a surface, which fits the criteria for 'Object Transfer'."
325452,58e39e0e-9bbb-4e7f-98b4-14b2fa325fa3,210.3203286,#C C drops the sponge,Unknown,Object Transfer,"The action of dropping the sponge is a deliberate placement of the object onto a surface, which fits the criteria for 'Object Transfer'."
325466,58e39e0e-9bbb-4e7f-98b4-14b2fa325fa3,234.0567086,#C C drops the sponge,Unknown,Object Transfer,"The action of dropping the sponge onto a surface is a deliberate placement, which fits the criteria for 'Object Transfer'."
325474,58e39e0e-9bbb-4e7f-98b4-14b2fa325fa3,251.2307786,#C C drops the sponge,Unknown,Object Transfer,"The action of dropping the sponge is a deliberate placement of the object onto a surface, which fits the criteria for 'Object Transfer'."
325484,58e39e0e-9bbb-4e7f-98b4-14b2fa325fa3,265.77957860000004,#C C drops the sponge,Unknown,Object Transfer,"The action of dropping the sponge onto a surface is a deliberate placement, which fits the criteria for 'Object Transfer'."
325491,58e39e0e-9bbb-4e7f-98b4-14b2fa325fa3,283.66901798964847,#C C drops the sponge,Unknown,Object Transfer,"The action of dropping the sponge is a deliberate placement of the object onto a surface, which fits the criteria for 'Object Transfer'."
325536,414d6a22-44f1-438d-9561-4a111d94110b,10.3801096,#C C fixes the camera,Unknown,Essential Operation,"Fixing the camera is an action that involves adjusting or maintaining a device, which falls under the category of Essential Operation."
325699,8922d2ba-9a4e-415e-9717-b9a085c153c7,0.99777,#C C touches her face with her left hand #unsure,Unknown,Essential Operation,"Touching one's face is considered an essential operation, such as adjusting clothing or wiping one's face."
325970,72f48fb2-90ff-4add-bd1b-7fe57fe4dc4e,46.61769,#C C drops the two hinges.,Unknown,Object Transfer,"The action of dropping the two hinges is a deliberate placement onto a surface, which fits the criteria for 'Object Transfer'."
325979,72f48fb2-90ff-4add-bd1b-7fe57fe4dc4e,125.45654,#C C drops the saw.,Unknown,Object Transfer,"The action of dropping the saw onto a surface is a deliberate placement, which fits the criteria for 'Object Transfer'."
326018,72f48fb2-90ff-4add-bd1b-7fe57fe4dc4e,306.3239,#C C drops the nut on the work bench,Unknown,Object Transfer,"The action of dropping the nut onto the workbench is a deliberate placement, which fits the criteria for 'Object Transfer'."
326027,72f48fb2-90ff-4add-bd1b-7fe57fe4dc4e,329.27353,#C C drops the file on the workbench,Unknown,Object Transfer,"The action of dropping the file onto the workbench is a deliberate placement, which fits the criteria for 'Object Transfer'."
326043,72f48fb2-90ff-4add-bd1b-7fe57fe4dc4e,315.30778,#C C drops the nut on the workbench,Unknown,Object Transfer,"The action involves deliberately placing the nut onto the workbench, which fits the definition of an Object Transfer."
326131,119cd9ee-665e-477c-a271-80c06e78e3d4,140.2050496,#C C drops the bucket on the slider,Unknown,Object Transfer,"The action of dropping the bucket onto the slider is a deliberate placement, which fits the criteria for 'Object Transfer'."
326142,119cd9ee-665e-477c-a271-80c06e78e3d4,157.5694996,#C C drops the bucket on the wooden base #unsure,Unknown,Object Transfer,"The action of dropping the bucket onto the wooden base is a deliberate placement, which fits the criteria for 'Object Transfer'."
326473,119cd9ee-665e-477c-a271-80c06e78e3d4,691.0241709546634,#C C drops the chisel on the workbench,Unknown,Object Transfer,"The action of dropping the chisel onto the workbench is a deliberate placement, which fits the criteria for 'Object Transfer'."
326484,119cd9ee-665e-477c-a271-80c06e78e3d4,722.5276809546634,#C C drops the chisel on the workbench,Unknown,Object Transfer,"The action of dropping the chisel onto the workbench is a deliberate placement, which fits the criteria for 'Object Transfer'."
326558,1b204c9b-30da-47cc-b793-8813169e72c7,620.314111021544,#C C lenses cup,Unknown,Object Transfer,"The current action involves C handling and placing the cup, which aligns with the definition of Object Transfer as a deliberate placement of an object."
326791,1b204c9b-30da-47cc-b793-8813169e72c7,1666.1008876844726,#c c drops the wooden spoon,Unknown,Object Transfer,"The action of dropping the wooden spoon onto a surface is a deliberate placement, which fits the criteria for 'Object Transfer'."
326812,4e3fd705-5ab8-4672-817d-37627660880a,0.26871,#C C drops his right hand,Unknown,Stationary,The action of dropping one's hand is a stationary action as it does not involve movement or interaction with the environment.
326832,4e3fd705-5ab8-4672-817d-37627660880a,56.33059,#C C drops both objects with his left hand,Unknown,Object Transfer,"The action of dropping both objects with his left hand is a deliberate placement of the objects onto a surface, which fits the criteria for 'Object Transfer'."
326888,4e3fd705-5ab8-4672-817d-37627660880a,194.5756,#C C drops the brush on the keg cap,Unknown,Object Transfer,"The action of dropping the brush onto the keg cap is a deliberate placement, which fits the criteria for 'Object Transfer'."
326904,4e3fd705-5ab8-4672-817d-37627660880a,243.06415,#C C drops the object in his left hand,Unknown,Object Transfer,"The action of dropping the object in his left hand is a deliberate placement, which fits the criteria for 'Object Transfer'."
326909,4e3fd705-5ab8-4672-817d-37627660880a,266.01871,#C C drops the object in his left hand,Unknown,Object Transfer,"The action of dropping the object is a deliberate placement, which fits the criteria for 'Object Transfer'."
326919,4e3fd705-5ab8-4672-817d-37627660880a,280.99982,#C C drops the object in his right hand,Unknown,Object Transfer,"The action of dropping an object is a deliberate placement onto a surface, which fits the criteria for 'Object Transfer'."
326922,4e3fd705-5ab8-4672-817d-37627660880a,22.72392,#C C drops the object in his right hand,Unknown,Object Transfer,"The action of dropping an object is a deliberate placement, which fits the criteria for 'Object Transfer'."
326996,4e3fd705-5ab8-4672-817d-37627660880a,563.1100566666667,#C C hammers the screw driver with his right hand,Unknown,Object Transfer,
327073,d51cd3c2-dc8a-42ad-90c7-a130f6481b7d,118.7159296,#C C drops the book,Unknown,Object Transfer,"The action of dropping the book is a deliberate placement of the object onto a surface, which fits the criteria for 'Object Transfer'."
327370,a37407ca-4581-4a11-8465-7b1df53c82c7,29.9513886,#C C drops vacuum cleaner,Unknown,Object Transfer,"The action of dropping the vacuum cleaner indicates a deliberate placement of the object onto a surface, which fits the criteria for 'Object Transfer'."
327383,a37407ca-4581-4a11-8465-7b1df53c82c7,214.5991586,#C C drops throw pillow,Unknown,Object Transfer,"The current action involves C dropping a throw pillow, which is a deliberate placement of an object onto a surface. This fits the criteria for 'Object Transfer'."
327395,a37407ca-4581-4a11-8465-7b1df53c82c7,260.64079860000004,#C C drops throw pillow,Unknown,Object Transfer,"The current action involves C dropping the throw pillow, which is a deliberate placement of the object onto a surface, fitting the criteria for 'Object Transfer'."
327398,a37407ca-4581-4a11-8465-7b1df53c82c7,264.4539886,#C C drops throw pillow,Unknown,Object Transfer,"The action of dropping the throw pillow is a deliberate placement of the object onto a surface, which fits the criteria for 'Object Transfer'."
327401,a37407ca-4581-4a11-8465-7b1df53c82c7,270.4092786,#C C drops throw pillow,Unknown,Object Transfer,"The action of dropping the throw pillow is a deliberate placement onto a surface, which fits the criteria for 'Object Transfer'."
327417,a37407ca-4581-4a11-8465-7b1df53c82c7,314.96989883437504,#C C drops the clothes,Unknown,Object Transfer,"The action of dropping the clothes is a deliberate placement onto a surface, which fits the criteria for Object Transfer."
327435,a37407ca-4581-4a11-8465-7b1df53c82c7,359.11939883437503,#C C drops the machine,Unknown,Object Transfer,"The action of dropping the mop machine onto a surface is a deliberate placement, which fits the criteria for 'Object Transfer'."
327740,56d0a3e8-58c0-4d4d-b1a8-097b8cabcc95,948.206277473698,#C C pulls the shirt sleeve,Unknown,Essential Operation,"Pulling a shirt sleeve is an essential operation related to dressing or adjusting clothing, rather than a form of locomotion, search, or object transfer."
327837,4dc58b9f-75f4-4f27-aa19-2b8ebd1daad6,283.8390696,#C C drops the black wire underneath the table.,Unknown,Object Transfer,"The action of dropping the black wire underneath the table is a deliberate placement, which fits the criteria for 'Object Transfer'."
327841,4dc58b9f-75f4-4f27-aa19-2b8ebd1daad6,290.8555109546634,#C C removes the cello-tape from his hand.,Unknown,Essential Operation,"The action involves removing cello-tape from his hand, which is a necessary step in the process of handling the wire. This action is not related to locomotion, object transfer, search, or stationary behavior."
327918,4dc58b9f-75f4-4f27-aa19-2b8ebd1daad6,855.86734762133,#C C drops the drill gun in his left hand on the ground.,Unknown,Object Transfer,"The action of dropping the drill gun onto the ground is a deliberate placement, which fits the criteria for 'Object Transfer'."
328210,85e88c3e-e332-4287-87e2-b93b50880bc7,1212.3587142879967,#C C falls the cable hider on the floor.,Unknown,Object Transfer,"The action of falling the cable hider on the floor can be interpreted as a deliberate placement of the object onto the floor, which fits the criteria for 'Object Transfer'."
328211,85e88c3e-e332-4287-87e2-b93b50880bc7,1213.531814287997,#C C hits the other part of the cable hider in his hand on the floor.,Unknown,Object Transfer,"The action describes C hitting the cable hider on the floor, which can be interpreted as a deliberate placement or interaction with the object, fitting the 'Object Transfer' category."
328251,85e88c3e-e332-4287-87e2-b93b50880bc7,1383.7883042879969,#C C falls a part of the cable hider on the floor.,Unknown,Object Transfer,"The action of falling a part of the cable hider onto the floor can be interpreted as a deliberate placement or transfer of an object, even if it is unintentional in the context of the action. Therefore, it fits best under the 'Object Transfer' category."
328585,55ced083-da04-4853-acc4-53ae68c5d283,244.6215396,#C C interacts with man A,Unknown,Stationary,"The action described in the current time step involves C interacting with man A, which can be interpreted as a form of pointing or gesturing, similar to the previous actions labeled as 'Stationary'."
328587,55ced083-da04-4853-acc4-53ae68c5d283,248.7847996,#O The man A interacts with C.,Unknown,Essential Operation,"The current action involves man A interacting with C, which is likely a continuation of an essential operation such as handing over an object, giving information, or engaging in a conversation."
328835,55ced083-da04-4853-acc4-53ae68c5d283,846.4334809546634,#C C interacts with the Man A,Unknown,Essential Operation,"The current action involves interacting with another person, which is an essential operation rather than an object transfer or any other category."
328871,55ced083-da04-4853-acc4-53ae68c5d283,928.1555009546636,#O The man E drops the cards in his right hand.,Unknown,Object Transfer,"The action of dropping the cards is a deliberate placement onto a surface, which fits the criteria for 'Object Transfer'."
328873,55ced083-da04-4853-acc4-53ae68c5d283,929.0390609546636,#C C drops the cards in his right hand.,Unknown,Object Transfer,"The action of dropping the cards in the right hand is a deliberate placement of the object onto a surface, which fits the criteria for 'Object Transfer'."
328874,55ced083-da04-4853-acc4-53ae68c5d283,929.7161209546634,#O The man B drops the cards in his right hand.,Unknown,Object Transfer,"The action of dropping the cards onto a surface is a deliberate placement, which fits the criteria for 'Object Transfer'."
328875,55ced083-da04-4853-acc4-53ae68c5d283,930.6621309546634,#O The man A drops the cards in his right hand.,Unknown,Object Transfer,"The action of dropping the cards in the right hand appears to be a deliberate placement, which fits the criteria for 'Object Transfer'."
329348,c431062e-857c-4e9f-ad5c-94f925acc822,150.81755859999998,#C C drops plate,Unknown,Object Transfer,"The action of dropping the plate is a deliberate placement of the object onto a surface, which fits the criteria for 'Object Transfer'."
329352,c431062e-857c-4e9f-ad5c-94f925acc822,161.5683186,#C C drops sponge in cup,Unknown,Object Transfer,"The action of dropping the sponge into the cup is a deliberate placement of the object, which fits the criteria for 'Object Transfer'."
329363,c431062e-857c-4e9f-ad5c-94f925acc822,190.5652786,#C C shakes plate in sink,Unknown,Essential Operation,"Shaking the plate in the sink is likely part of the cleaning process, which falls under essential operations."
329771,96ab5d66-36b6-4d07-a3d5-c935d40ba2e1,4.06783,#C C hits the motorcycle with his right hand.,Unknown,Essential Operation,"The action of hitting the motorcycle with his right hand seems to be part of the process of assembling or maintaining the motorcycle, which is an essential operation."
329794,96ab5d66-36b6-4d07-a3d5-c935d40ba2e1,55.87519,#C C drops the screw on the auto lift with his left hand.,Unknown,Object Transfer,"The action of dropping the screw onto the auto lift is a deliberate placement, which fits the criteria for 'Object Transfer'."
329800,96ab5d66-36b6-4d07-a3d5-c935d40ba2e1,80.07212,#C C drops the screwdriver in his right hand on the auto lift.,Unknown,Object Transfer,"The action of dropping the screwdriver onto the auto lift can be considered a deliberate placement, which fits the criteria for 'Object Transfer'."
329810,96ab5d66-36b6-4d07-a3d5-c935d40ba2e1,103.86889,#C C drops the second screwdriver on the auto lift with his left hand.,Unknown,Object Transfer,"The action of dropping the screwdriver onto the auto lift is a deliberate placement, which fits the criteria for 'Object Transfer'."
330374,4ed53432-e1f5-4e3f-a614-ffcaff444aca,308.53128,#C C swings both hands,Unknown,Stationary,"The action of swinging both hands does not indicate any movement towards a specific goal or interaction with an object. It is more likely a gesture or a non-purposeful movement, which falls under the 'Stationary' category."
330384,4ed53432-e1f5-4e3f-a614-ffcaff444aca,323.4629,#C C drops the left hand,Unknown,Object Transfer,"The action of dropping the left hand is a deliberate placement onto a surface, which fits the criteria for 'Object Transfer'."
330389,4ed53432-e1f5-4e3f-a614-ffcaff444aca,328.40137,#C C drops the right hand,Unknown,Object Transfer,"The action of dropping the right hand is a deliberate placement onto a surface, which fits the criteria for 'Object Transfer'."
330429,4ed53432-e1f5-4e3f-a614-ffcaff444aca,428.73253,#C C drops the right hand,Unknown,Object Transfer,"The action of dropping the right hand is a deliberate placement onto a surface, which fits the criteria for 'Object Transfer'."
330534,4ed53432-e1f5-4e3f-a614-ffcaff444aca,690.7293099999999,#C C drops the left hand,Unknown,Object Transfer,"The action of dropping the left hand can be considered a deliberate placement onto a surface, which fits the criteria for 'Object Transfer'."
330555,4ed53432-e1f5-4e3f-a614-ffcaff444aca,775.84205,#C C drops both hands,Unknown,Object Transfer,"The action of dropping both hands indicates a deliberate placement of the hands onto a surface, which fits the criteria for 'Object Transfer'."
330606,4ed53432-e1f5-4e3f-a614-ffcaff444aca,968.47959,#C C drops both hands,Unknown,Stationary,"The action of dropping both hands is a continuation of stationary actions such as looking down and lifting hands. These actions do not involve movement, object interaction, or searching."
330622,4ed53432-e1f5-4e3f-a614-ffcaff444aca,977.27949,#C C drops both hands,Unknown,Stationary,"The action of dropping both hands is a continuation of the previous stationary actions, such as lifting hands and looking down. These actions do not involve movement, object interaction, or searching."
330623,4ed53432-e1f5-4e3f-a614-ffcaff444aca,977.68937,#C C drops both hands,Unknown,Stationary,"The action of dropping both hands without any movement towards an object or location change indicates a stationary state, possibly indicating rest or contemplation."
330656,4ed53432-e1f5-4e3f-a614-ffcaff444aca,1021.95655,#C C drops the rope,Unknown,Object Transfer,"The current action involves deliberately placing the rope onto a surface, which fits the definition of 'Object Transfer'."
330755,4ed53432-e1f5-4e3f-a614-ffcaff444aca,1168.18772,#C C drops both hands,Unknown,Object Transfer,"The action of dropping both hands can be interpreted as a deliberate placement of the hands onto a surface, which fits the definition of 'Object Transfer'."
330758,4ed53432-e1f5-4e3f-a614-ffcaff444aca,1171.72138,#C C drops both hands,Unknown,Object Transfer,"The action of dropping both hands is a deliberate placement onto a surface, which fits the criteria for 'Object Transfer'."
331168,4ed53432-e1f5-4e3f-a614-ffcaff444aca,1747.95798,#C C drops the right hand,Unknown,Object Transfer,"The action of dropping the right hand is a deliberate placement onto a surface, which fits the criteria for 'Object Transfer'."
331172,4ed53432-e1f5-4e3f-a614-ffcaff444aca,1756.74331,#C C drops both hands,Unknown,Stationary,"The action of dropping both hands suggests a pause or end to movement, indicating a transition to a stationary state."
332197,c13a54ee-5354-414c-8cbc-18879e22d258,76.25623,#C C drops a container,Unknown,Object Transfer,"The current action involves C dropping a container, which is a deliberate placement onto a surface, fitting the criteria for an Object Transfer action."
332689,263105fb-18d9-4628-90b5-c5e7b228c705,629.0795621677084,#C C opens paper with #unsure,Unknown,Object Transfer,"Opening a paper can be considered a form of placing or manipulating an object, which fits the 'Object Transfer' category."
332710,263105fb-18d9-4628-90b5-c5e7b228c705,729.9042521677084,#C C attaches squash on #unsure,Unknown,Object Transfer,"The action of attaching squash to an object or surface indicates a deliberate placement, which fits the criteria for 'Object Transfer'."
333539,f2a257e6-01da-4856-b145-2947ce5dcb0e,405.4513509546634,#C C drops the wires on his right hand,Unknown,Object Transfer,"The action of dropping the wires onto his right hand indicates a deliberate placement of the wires onto a surface (his hand), which fits the criteria for 'Object Transfer'."
333661,af4828ab-2ff7-4935-87e0-08881989f178,38.452709600000006,#C C drops the sachet on the slab.,Unknown,Object Transfer,"The action of dropping the sachet onto the slab is a deliberate placement, which fits the criteria for 'Object Transfer'."
333678,af4828ab-2ff7-4935-87e0-08881989f178,135.73535959999998,#C C drops the cup on the slab.,Unknown,Object Transfer,"The action of dropping the cup onto the slab can be considered a deliberate placement of the object onto a surface, which fits the criteria for 'Object Transfer'."
334010,fc8618e6-3159-4122-aa39-0c21ae68b9b2,312.22196958632816,#C C drops the bowl in the water,Unknown,Object Transfer,"The action of dropping the bowl into the water is a deliberate placement of the object onto a surface (the water), which fits the criteria for 'Object Transfer'."
334074,fc8618e6-3159-4122-aa39-0c21ae68b9b2,487.8989795863281,#C C drops the cloth in the water,Unknown,Object Transfer,"The action of dropping the cloth into the water is a deliberate placement of the object onto a surface, which fits the criteria for 'Object Transfer'."
334081,fc8618e6-3159-4122-aa39-0c21ae68b9b2,499.0580295863281,#C C drops the sponge,Unknown,Object Transfer,"The action of dropping the sponge is a deliberate placement of the object onto a surface, which fits the criteria for 'Object Transfer'."
334410,c80584bf-4405-45e8-9e8b-4818b15b0ca1,103.16711,#C C drops the screw on the scooter with his left hand.,Unknown,Object Transfer,"The action of dropping the screw onto the scooter is a deliberate placement, which fits the criteria for 'Object Transfer'."
334458,c80584bf-4405-45e8-9e8b-4818b15b0ca1,210.43199,#C C drops the napkin with his right hand.,Unknown,Object Transfer,"The action of dropping the napkin is a deliberate placement of the object onto a surface, which fits the criteria for 'Object Transfer'."
334525,7bb47140-606f-4775-b5a1-fc8cb5ed118c,114.37874,#C C drops the impact wrench on the ground,Unknown,Object Transfer,"The action of dropping the impact wrench onto the ground is a deliberate placement of the object, which fits the criteria for 'Object Transfer'."
334540,7bb47140-606f-4775-b5a1-fc8cb5ed118c,154.57553,#C C drops screwdriver on the bike,Unknown,Object Transfer,"The action of dropping the screwdriver onto the bike is a deliberate placement, which fits the criteria for 'Object Transfer'."
334564,7bb47140-606f-4775-b5a1-fc8cb5ed118c,255.10325,#C C drops the bolt on the ground #unsure,Unknown,Object Transfer,"The action of dropping the bolt onto the ground is a deliberate placement of the object, which fits the criteria for 'Object Transfer'."
334566,7bb47140-606f-4775-b5a1-fc8cb5ed118c,260.25833,#C C drops a bolt on the ground with his right hand,Unknown,Object Transfer,"The action of dropping the bolt on the ground is a deliberate placement of the object, which fits the criteria for 'Object Transfer'."
334572,7bb47140-606f-4775-b5a1-fc8cb5ed118c,304.18585,#C C drops the engine cover on the ground,Unknown,Object Transfer,"The action of dropping the engine cover onto the ground is a deliberate placement of the object, which fits the criteria for 'Object Transfer'."
334594,7bb47140-606f-4775-b5a1-fc8cb5ed118c,341.4178,#C C drops the screwdriver on the ground,Unknown,Object Transfer,"The action of dropping the screwdriver onto the ground is a deliberate placement of the object, which fits the criteria for 'Object Transfer'."
334609,7bb47140-606f-4775-b5a1-fc8cb5ed118c,358.81576,#C C touches his head camera #unsure,Unknown,Stationary,"The action of touching one's head camera is a minor, non-movement related activity that does not involve locomotion, essential operation, object transfer, or search. It is more appropriately classified as a stationary action."
334879,65afadae-9410-43e5-a61d-ae75ae711e56,125.1994396,#C C lets go of #unsure,Unknown,Object Transfer,"The action of letting go of an object is a deliberate placement, which fits the criteria for 'Object Transfer'."
335030,20400762-1e47-462d-a7d1-64a1b162b1f9,532.89402,#C C drops the trafficator of the motorbike with his gloved right hand.,Unknown,Object Transfer,"The action of dropping the trafficator switch onto a surface is a deliberate placement, which fits the criteria for 'Object Transfer'."
335054,20400762-1e47-462d-a7d1-64a1b162b1f9,600.00404,#C C fiddles with the trafficator switch with both gloved hands.,Unknown,Stationary,"The action involves manipulating the trafficator switch without any movement or transfer of objects, indicating a stationary behavior."
335082,20400762-1e47-462d-a7d1-64a1b162b1f9,689.09537,#C C drops the screwdriver on the work table with his right gloved hand.,Unknown,Object Transfer,"The action of dropping the screwdriver onto the work table is a deliberate placement, which fits the criteria for 'Object Transfer'."
335270,20400762-1e47-462d-a7d1-64a1b162b1f9,1126.4027866666668,#C C drops the case in his gloved left hand on the ground.,Unknown,Object Transfer,"The action involves deliberately placing the case onto the ground, which fits the definition of 'Object Transfer' as a deliberate placement onto a surface."
335304,20400762-1e47-462d-a7d1-64a1b162b1f9,1187.7465466666667,#C C drops the case on the ground with his gloved left hand.,Unknown,Object Transfer,"The action of dropping the case onto the ground is a deliberate placement, which fits the criteria for 'Object Transfer'."
335308,20400762-1e47-462d-a7d1-64a1b162b1f9,1132.7969566666666,#C C drops the screw in his gloved left hand.,Unknown,Object Transfer,"The action of dropping the screw is a deliberate placement of the object onto a surface, which fits the criteria for 'Object Transfer'."
335309,20400762-1e47-462d-a7d1-64a1b162b1f9,1127.7945566666667,#C C drops the screws in his gloved left hand on the ground.,Unknown,Object Transfer,"The action involves a deliberate placement of the screws onto the ground, which fits the criteria for 'Object Transfer'."
335320,c8f8ebf1-5613-4f4a-802c-ada5e4c4b651,44.7749486,#C C drops the cellphone.,Unknown,Object Transfer,"The action of dropping the cellphone is a deliberate placement of the object onto a surface, which fits the criteria for 'Object Transfer'."
335323,c8f8ebf1-5613-4f4a-802c-ada5e4c4b651,73.9085686,#C C drops the cellphone.,Unknown,Object Transfer,"The action of dropping the cellphone is a deliberate placement onto a surface, which fits the criteria for 'Object Transfer'."
335620,df01a6a0-2404-4a91-bd95-1ca04a4bcb05,608.6146866666667,#C C drops the paint brush on the ladder.,Unknown,Object Transfer,"The action of dropping the paint brush onto the ladder indicates a deliberate placement of the object onto a surface, which fits the criteria for 'Object Transfer'."
335627,df01a6a0-2404-4a91-bd95-1ca04a4bcb05,643.6889966666666,#C C wipes his right hand on the wall.,Unknown,Essential Operation,"Wiping one's hand on the wall is a common action to clean one's hands, which falls under the category of Essential Operation."
335735,2dec618c-137e-47d5-9f0b-f927a407eabb,363.10243,#C c attaches the seal revolver to the bulb holder on the ceiling,Unknown,Essential Operation,"The current action involves attaching the seal revolver to the bulb holder on the ceiling, which is a continuation of the previous essential operations performed by the individual."
335893,84020280-95d3-47c3-9716-647c25a9cb3c,321.91676348281254,#c c drops the glass of water on the kitchen counter,Unknown,Object Transfer,"The action of dropping the glass of water onto the kitchen counter is a deliberate placement, which fits the criteria for 'Object Transfer'."
336067,85020424-0ed9-4dcd-9a39-e5ab84ec6b6d,571.4459833333333,#C C hits tennis ball,Unknown,Essential Operation,"The current action involves person X hitting a tennis ball, which is a repetitive and deliberate action in the context of playing tennis. This action is consistent with the previous actions labeled as 'Essential Operation'."
336078,85020424-0ed9-4dcd-9a39-e5ab84ec6b6d,850.9417033333334,#O person X hits tennis ball,Unknown,Essential Operation,"The action of hitting a tennis ball is a repetitive and deliberate motion, which falls under the category of Essential Operation as it is a core part of the activity being performed (playing tennis)."
336079,85020424-0ed9-4dcd-9a39-e5ab84ec6b6d,853.1800433333333,#C C hits tennis ball,Unknown,Essential Operation,"The action of hitting a tennis ball is a repetitive and deliberate motion, likely part of a game or practice session. This action is best categorized under 'Essential Operation' as it is a fundamental and necessary action in the context of playing tennis."
336085,85020424-0ed9-4dcd-9a39-e5ab84ec6b6d,871.1296833333333,#O person X hits tennis ball,Unknown,Essential Operation,"The action of hitting a tennis ball is a repetitive and deliberate motion, which is part of the essential operation of playing tennis."
336086,85020424-0ed9-4dcd-9a39-e5ab84ec6b6d,873.4090533333333,#C C hits tennis ball,Unknown,Essential Operation,"The action of hitting a tennis ball is a repetitive and deliberate motion, likely part of a game or practice session. This action does not fit into the 'Object Transfer' category as it does not involve placing an object onto a surface. It is a continuous action that is essential to the activity being performed."
336090,85020424-0ed9-4dcd-9a39-e5ab84ec6b6d,909.0009133333332,#O person X hits tennis ball,Unknown,Essential Operation,"The action of hitting a tennis ball is a repetitive and deliberate motion, which falls under the category of Essential Operation as it is a core part of the activity being performed (playing tennis)."
336091,85020424-0ed9-4dcd-9a39-e5ab84ec6b6d,911.6007333333332,#C C hits tennis ball,Unknown,Essential Operation,"The action of hitting a tennis ball is a repetitive and deliberate motion, likely part of a game or practice session. This action is consistent with an essential operation as it involves a key activity in the context of playing tennis."
336096,85020424-0ed9-4dcd-9a39-e5ab84ec6b6d,1008.5007733333332,#C C hits tennis ball,Unknown,Essential Operation,"The current action involves hitting a tennis ball, which is a deliberate and repetitive motion related to the game. This action is consistent with the previous labels of 'Essential Operation' for similar actions."
336213,1252589c-8732-4404-ac89-d57f78634ce5,734.29795762133,#C C drops the paint .,Unknown,Object Transfer,"The action of dropping the paint is a deliberate placement of the object onto a surface, which fits the criteria for 'Object Transfer'."
336257,1252589c-8732-4404-ac89-d57f78634ce5,1002.88794762133,#C C drops the paint.,Unknown,Object Transfer,"The action of dropping the paint is a deliberate placement of the object onto a surface, which fits the criteria for 'Object Transfer'."
336269,1252589c-8732-4404-ac89-d57f78634ce5,1090.1037922879966,#C C drops the paint.,Unknown,Object Transfer,"The action of dropping the paint is a deliberate placement of the object onto a surface, which fits the criteria for 'Object Transfer'."
336581,a1cc6952-7ffe-45e3-9c40-6fdfa331b857,540.4802192543503,#C C dinks #Unsure,Unknown,Essential Operation,"The action described as '#C C dinks #Unsure' likely refers to an essential operation, such as drinking from a bottle that was just opened in the previous action."
336676,23a1b043-771f-4769-916a-34163f2ea2ef,0.5135495999999999,#C C drops her right hand,Unknown,Stationary,The action of dropping one's hand is considered a stationary action as it does not involve movement or interaction with the environment.
336754,81be6ac3-8fe1-49c1-849f-06aebada2849,182.58722,#C C does # #unsure,Unknown,Object Transfer,"The current action appears to be a continuation of the previous actions where the subject is placing the cable onto a surface, which fits the definition of Object Transfer."
336816,9da4b8a6-d09f-433e-ab23-96032e2b7aa7,7.07473,#C C drops the spanner on the lift with his right hand.,Unknown,Object Transfer,"The action of dropping the spanner onto the lift is a deliberate placement, which fits the criteria for 'Object Transfer'."
336818,9da4b8a6-d09f-433e-ab23-96032e2b7aa7,8.3948,#C C losses the screw on the motorcycle on the lift with both hands.,Unknown,Essential Operation,"The action of losing a screw is considered an Essential Operation as it is a necessary step in the process of working on the motorcycle, such as during maintenance or repair."
336820,9da4b8a6-d09f-433e-ab23-96032e2b7aa7,16.43576,#C C losses the screw on the motorcycle with his right hand.,Unknown,Essential Operation,The action of losing a screw is considered an essential operation as it involves handling and losing a small part of the motorcycle.
336828,9da4b8a6-d09f-433e-ab23-96032e2b7aa7,35.70484,#C C losses another screw on the motorcycle with spanner in his right hand.,Unknown,Object Transfer,"The action involves C losing a screw, which can be interpreted as a deliberate placement of the screw onto the motorcycle. This fits the criteria for 'Object Transfer' as it involves dropping an object onto a surface."
336829,9da4b8a6-d09f-433e-ab23-96032e2b7aa7,39.50702,#C C drops the spanner on the lift with his right hand.,Unknown,Object Transfer,"The action involves deliberately placing the spanner onto the lift, which fits the criteria for 'Object Transfer'."
336831,9da4b8a6-d09f-433e-ab23-96032e2b7aa7,41.36672,#C C losses another screw on the motorcycle with spanner in his right hand.,Unknown,Essential Operation,The action of losing a screw on the motorcycle is considered an essential operation as it is directly related to the task of working on the motorcycle.
336833,9da4b8a6-d09f-433e-ab23-96032e2b7aa7,44.02511,#C C drops the spanner in his right hand.,Unknown,Object Transfer,"The action of dropping the spanner is a deliberate placement of the object onto a surface, which fits the criteria for 'Object Transfer'."
336835,9da4b8a6-d09f-433e-ab23-96032e2b7aa7,46.86964,#C C losses another screw on the motorcycle with spanner in his right hand.,Unknown,Essential Operation,The action of losing a screw is considered an essential operation during the process of working on the motorcycle.
336837,9da4b8a6-d09f-433e-ab23-96032e2b7aa7,51.32328,#C C losses another screw on the motorcycle with spanner in his right hand.,Unknown,Essential Operation,"The action involves using a tool (spanner) to perform a necessary task (removing a screw from the motorcycle), which is an essential operation."
336844,9da4b8a6-d09f-433e-ab23-96032e2b7aa7,70.32587,#C C losses the screw on the motorcycle with spanner in his right hand.,Unknown,Object Transfer,"The action involves C losing the screw, which can be interpreted as an unintentional transfer of the screw from his possession to the motorcycle."
336846,9da4b8a6-d09f-433e-ab23-96032e2b7aa7,88.95046,#C C losses the screw on the motorcycle with his right hand.,Unknown,Object Transfer,"The action of losing the screw can be interpreted as a deliberate placement or dropping of the screw, which falls under the 'Object Transfer' category."
336849,9da4b8a6-d09f-433e-ab23-96032e2b7aa7,95.69885,#C C losses the screw on the motorcycle with his right hand.,Unknown,Object Transfer,"The action of losing the screw can be interpreted as a deliberate placement of the screw onto the motorcycle, which fits the criteria for 'Object Transfer'."
336851,9da4b8a6-d09f-433e-ab23-96032e2b7aa7,105.138,#C C losses the screw on the motorcycle with his right hand.,Unknown,Object Transfer,"The action of losing the screw on the motorcycle can be interpreted as a deliberate placement of the screw, even if unintentional. This fits the criteria for 'Object Transfer' as it involves the screw being dropped onto a surface."
336940,52b99e0c-0f75-43fd-abbb-84ae2389c9c4,23.1112296,#C C injures his hand on arranging the camera.,Unknown,Essential Operation,"The current action describes C injuring his hand while arranging the camera, which is an essential operation rather than a transfer of the object."
337090,b65f4313-9e42-422e-87fe-b7bdb91cd56c,857.6756576213301,#C C flips the brush,Unknown,Essential Operation,The action of flipping the brush is part of the process of painting and can be considered an essential operation in the context of using the brush to apply paint.
337300,62117f20-5e86-480d-b0c5-277f9ebc3615,1052.1156709546633,#C C drops the paint container on the white polythene sheet,Unknown,Object Transfer,"The action of dropping the paint container onto the white polythene sheet is a deliberate placement, which fits the criteria for 'Object Transfer'."
337430,62117f20-5e86-480d-b0c5-277f9ebc3615,1560.7195509546632,#C C drops the paint container on the white polythene sheet,Unknown,Object Transfer,"The action of dropping the paint container onto the white polythene sheet is a deliberate placement, which fits the criteria for 'Object Transfer'."
337671,6767f3a8-9a7e-4978-8939-5a988bd44c7e,54.27645,#C C drops the bolts in his left gloved hand in the cylinder head cover.,Unknown,Object Transfer,"The action of dropping the bolts into the cylinder head cover indicates a deliberate placement of the object, which fits the criteria for 'Object Transfer'."
337719,6767f3a8-9a7e-4978-8939-5a988bd44c7e,207.55262,#C C drops the bolts in his gloved right hand in the cylinder head cover.,Unknown,Object Transfer,"The action of dropping the bolts into the cylinder head cover is a deliberate placement, which fits the criteria for 'Object Transfer'."
337724,6767f3a8-9a7e-4978-8939-5a988bd44c7e,216.07374,#C C drops the rotor in his gloved right hand in the cylinder head cover.,Unknown,Object Transfer,"The action involves deliberately placing the rotor in the cylinder head cover, which fits the definition of a deliberate placement action."
337725,6767f3a8-9a7e-4978-8939-5a988bd44c7e,216.67434,#C C hits the cylinder body with his gloved right hand.,Unknown,Locomotion,"The action of hitting the cylinder body does not fit into the categories of Object Transfer, Essential Operation, Search, or Stationary. It could be interpreted as a form of locomotion if it is part of a process to move or test the stability/mounting of the object. However, since 'Locomotion' is the closest match among the given categories, it is more appropriate to classify it as an action that involves movement or interaction with the environment."
337772,6767f3a8-9a7e-4978-8939-5a988bd44c7e,426.29212,"#C C drops the T spanner in his gloved left hand on the worktable,",Unknown,Object Transfer,"The action involves deliberately placing the T spanner onto the worktable, which fits the criteria for Object Transfer."
337920,f97a54fe-82ad-4a82-b611-08e6b860a082,412.70399,#C C drops a pencil in the bucket,Unknown,Object Transfer,"The action involves deliberately placing an object (the pencil) into another object (the bucket), which fits the definition of 'Object Transfer'."
337946,f97a54fe-82ad-4a82-b611-08e6b860a082,492.83002,#C C drops the pencil in a bucket,Unknown,Object Transfer,"The action involves deliberately placing the pencil into the bucket, which fits the criteria for an Object Transfer action."
338184,256701cd-3317-47ee-b6e3-439dc2ad2bd5,0.6635752666666667,#C C drops a brush,Unknown,Object Transfer,"The action of dropping a brush is a deliberate placement of the object onto a surface, which fits the criteria for 'Object Transfer'."
338265,256701cd-3317-47ee-b6e3-439dc2ad2bd5,218.28476526666665,#C C drops down goggles,Unknown,Object Transfer,"The action of dropping the goggles is a deliberate placement onto a surface, which fits the criteria for 'Object Transfer'."
338267,256701cd-3317-47ee-b6e3-439dc2ad2bd5,220.31378526666663,#C C drops down goggles,Unknown,Object Transfer,"The action of dropping down the goggles is a deliberate placement onto a surface, which fits the criteria for 'Object Transfer'."
338361,256701cd-3317-47ee-b6e3-439dc2ad2bd5,565.0624952666667,#C C flashes the toile,Unknown,Search,"The action of 'flashing the toilet' could imply that C is looking for something or inspecting the toilet, which aligns with the 'Search' category."
338755,d1f59fb1-5f81-4bd4-b3f1-81d69ab71ef6,376.2717509546634,#C C drops the pointed mouth of the drilling tool with his right hand #unsure,Unknown,Object Transfer,"The action of dropping the pointed mouth of the drilling tool with his right hand is a deliberate placement onto a surface, which fits the criteria for 'Object Transfer'."
338810,d1f59fb1-5f81-4bd4-b3f1-81d69ab71ef6,548.1953156213301,#C C drops both hands,Unknown,Object Transfer,"The action of dropping both hands can be interpreted as a deliberate placement of the hands onto a surface, which fits the criteria for 'Object Transfer'."
338835,d1f59fb1-5f81-4bd4-b3f1-81d69ab71ef6,706.61610762133,#C C drops the wires.,Unknown,Object Transfer,"The action of dropping the wires onto a surface is a deliberate placement, which fits the criteria for 'Object Transfer'."
338884,d1f59fb1-5f81-4bd4-b3f1-81d69ab71ef6,868.1814376213301,#C C drops the bunch of cable ties,Unknown,Object Transfer,"The action of dropping the bunch of cable ties is a deliberate placement onto a surface, which fits the criteria for 'Object Transfer'."
338890,d1f59fb1-5f81-4bd4-b3f1-81d69ab71ef6,890.23336762133,#C C drops the bunch of cable ties,Unknown,Object Transfer,"The action of dropping the bunch of cable ties is a deliberate placement onto a surface, which fits the criteria for 'Object Transfer'."
338894,d1f59fb1-5f81-4bd4-b3f1-81d69ab71ef6,905.01191762133,#C C drops the pliers,Unknown,Object Transfer,"The action of dropping the pliers is a deliberate placement of the object onto a surface, which fits the criteria for 'Object Transfer'."
338899,d1f59fb1-5f81-4bd4-b3f1-81d69ab71ef6,922.03311762133,#C C drops the bunch of cable ties,Unknown,Object Transfer,"The action of dropping the bunch of cable ties is a deliberate placement onto a surface, which fits the criteria for 'Object Transfer'."
338920,d1f59fb1-5f81-4bd4-b3f1-81d69ab71ef6,1027.41675762133,#C C drops the pliers,Unknown,Object Transfer,"The action of dropping the pliers onto a surface is a deliberate placement, which fits the criteria for 'Object Transfer'."
338964,fe6d1a78-c9bd-4570-8cce-0b9fccd219b9,102.73817526666666,#CC breaks the ice,Unknown,Essential Operation,"The action '#CC breaks the ice' is a continuation of an essential operation, as it involves initiating or continuing a conversation or interaction, which is a necessary social activity."
338978,fe6d1a78-c9bd-4570-8cce-0b9fccd219b9,149.53460526666666,#CC picks the superb rite,Unknown,Object Transfer,"The action of picking up an object, such as 'the superb rite', indicates a deliberate placement or transfer of the object."
339028,fe6d1a78-c9bd-4570-8cce-0b9fccd219b9,340.9693309546634,#C C shakes the cup,Unknown,Essential Operation,"Shaking the cup is a continuation of the essential operation of preparing the cup, following the actions of opening the tap, rinsing the cup, and closing the tap."
339695,36224c74-dfb0-44c0-a59e-e35d874f39e7,319.3759040931641,#C C fixes the rubber band.,Unknown,Essential Operation,Fixing a rubber band is considered an essential operation as it involves maintaining or repairing an object for functionality.
340296,e5bbd2ea-2ffd-4d6a-a187-060e664e30c6,5.3386886,#C C drops the cloth,Unknown,Object Transfer,"The action of dropping the cloth is a deliberate placement of the object onto a surface, which fits the criteria for 'Object Transfer'."
340298,e5bbd2ea-2ffd-4d6a-a187-060e664e30c6,9.3064286,#C C drops the cloth,Unknown,Object Transfer,"The action of dropping the cloth is a deliberate placement onto a surface, which fits the criteria for 'Object Transfer'."
340300,e5bbd2ea-2ffd-4d6a-a187-060e664e30c6,13.0897686,#C C drops the cloth,Unknown,Object Transfer,"The action of dropping the cloth is a deliberate placement onto a surface, which fits the criteria for 'Object Transfer'."
340302,e5bbd2ea-2ffd-4d6a-a187-060e664e30c6,14.6920286,#C C drops the cloth,Unknown,Object Transfer,"The action of dropping the cloth is a deliberate placement onto a surface, which fits the criteria for 'Object Transfer'."
340313,e5bbd2ea-2ffd-4d6a-a187-060e664e30c6,45.2940486,#C C drops the socks,Unknown,Object Transfer,"The action of dropping the socks is a deliberate placement onto a surface, which fits the criteria for 'Object Transfer'."
340316,e5bbd2ea-2ffd-4d6a-a187-060e664e30c6,55.9096986,#C C drops the socks,Unknown,Object Transfer,"The action of dropping the socks is a deliberate placement onto a surface, which fits the criteria for 'Object Transfer'."
340319,e5bbd2ea-2ffd-4d6a-a187-060e664e30c6,63.6416586,#C C drops the socks,Unknown,Object Transfer,"The action of dropping the socks is a deliberate placement onto a surface, which fits the criteria for 'Object Transfer'."
340322,e5bbd2ea-2ffd-4d6a-a187-060e664e30c6,71.00167859999999,#C C drops the socks,Unknown,Object Transfer,"The action of dropping the socks is a deliberate placement onto a surface, which fits the criteria for 'Object Transfer'."
340325,e5bbd2ea-2ffd-4d6a-a187-060e664e30c6,75.2790886,#C C drops the short,Unknown,Object Transfer,"The action of dropping the short is a deliberate placement onto a surface, which fits the criteria for 'Object Transfer'."
340328,e5bbd2ea-2ffd-4d6a-a187-060e664e30c6,80.39964859999999,#C C drops the short,Unknown,Object Transfer,"The action of dropping the short is a deliberate placement onto a surface, which fits the criteria for 'Object Transfer'."
340331,e5bbd2ea-2ffd-4d6a-a187-060e664e30c6,84.3861086,#C C drops the short,Unknown,Object Transfer,"The action of dropping the short is a deliberate placement onto a surface, which fits the criteria for 'Object Transfer'."
340334,e5bbd2ea-2ffd-4d6a-a187-060e664e30c6,89.1124186,#C C drops the short,Unknown,Object Transfer,"The action of dropping the short is a deliberate placement onto a surface, which fits the criteria for 'Object Transfer'."
340337,e5bbd2ea-2ffd-4d6a-a187-060e664e30c6,94.8537386,#C C drops the short,Unknown,Object Transfer,"The action of dropping the short is a deliberate placement onto a surface, which fits the criteria for 'Object Transfer'."
340339,e5bbd2ea-2ffd-4d6a-a187-060e664e30c6,96.5311686,#C C drops the cloth,Unknown,Object Transfer,"The action of dropping the cloth is a deliberate placement onto a surface, which fits the criteria for 'Object Transfer'."
340346,e5bbd2ea-2ffd-4d6a-a187-060e664e30c6,106.3086186,#C C drops the socks,Unknown,Object Transfer,"The action involves deliberately placing the socks onto a surface, which fits the definition of Object Transfer."
340350,e5bbd2ea-2ffd-4d6a-a187-060e664e30c6,116.0016386,#C C drops the socks,Unknown,Object Transfer,"The action of dropping the socks is a deliberate placement onto a surface, which fits the criteria for 'Object Transfer'."
340370,4fc422f7-d6e1-454b-b11c-f6c2a4b9fbcb,89.4164686,W,Unknown,Stationary,"The sequence shows repeated actions of moving a piece on the draughtboard, which are labeled as 'Stationary'. The current action 'W' is likely a continuation of the previous actions, indicating no movement or change in position."
341080,4a091f2f-d14d-474f-b8a2-f7e2493d5cd4,1669.3922586,#C C Raises his hand towards #unsure,Unknown,Essential Operation,"Raising one's hand is typically an intentional and deliberate action, such as signaling or reaching for something, which falls under the category of Essential Operation."
341189,4a091f2f-d14d-474f-b8a2-f7e2493d5cd4,2322.140760954664,#C C Drops his left hand,Unknown,Object Transfer,"The action of dropping the left hand indicates a deliberate placement of the hand onto a surface, which fits the criteria for 'Object Transfer'."
341263,58b2a4a4-b721-4753-bfc3-478cdb5bd1a8,108.5221996,#C C drops the plate in his right hand,Unknown,Object Transfer,"The action of dropping the plate is a deliberate placement of the object onto a surface, which fits the criteria for 'Object Transfer'."
341289,dd08bc58-b614-4ba7-b883-a213560621dd,172.267,#C C drops the foot wear,Unknown,Object Transfer,"The action of dropping footwear is a deliberate placement onto a surface, which fits the criteria for 'Object Transfer'."
341943,3b8a77f0-153c-4e93-82f9-ae2aa84596ed,268.6783386,#C C drops a manual structure,Unknown,Object Transfer,"The action of dropping a manual structure is a deliberate placement onto a surface, which fits the criteria for Object Transfer."
341992,3b8a77f0-153c-4e93-82f9-ae2aa84596ed,775.3512593600199,#C C drops the robot part,Unknown,Object Transfer,"The action of dropping the robot part is a deliberate placement onto a surface, which fits the criteria for 'Object Transfer'."
341995,3b8a77f0-153c-4e93-82f9-ae2aa84596ed,782.9884493600199,#C C drops a manual structure,Unknown,Object Transfer,"The action of dropping a manual structure is a deliberate placement onto a surface, which fits the criteria for 'Object Transfer'."
342482,f2c1136a-0b6a-47c0-809f-72e231cfcef8,25.803635266666667,#C C drops the pair of slippers on the floor.,Unknown,Object Transfer,"The action of dropping the pair of slippers onto the floor is a deliberate placement, which fits the criteria for 'Object Transfer'."
342720,0b90f635-f966-4b97-988d-6594183bc08d,564.4239209546633,#C C drops the ruler on the frames with his right hand,Unknown,Object Transfer,"The action of dropping the ruler onto the frames is a deliberate placement, which fits the criteria for 'Object Transfer'."
343375,d9eb1ae4-acee-457e-a0bf-b0e49b4576ce,426.50366095466336,#C C drops the watermelon on the ground,Unknown,Object Transfer,"The action of dropping the watermelon onto the ground is a deliberate placement, which fits the criteria for 'Object Transfer'."
343409,d9eb1ae4-acee-457e-a0bf-b0e49b4576ce,606.0386442879967,#C C drops the pumpkin flower on the ground,Unknown,Object Transfer,"The action of dropping the pumpkin flower onto the ground is a deliberate placement of the object onto a surface, which fits the criteria for 'Object Transfer'."
343417,d9eb1ae4-acee-457e-a0bf-b0e49b4576ce,655.0480142879967,#C C drops the pumpkin flower on the ground,Unknown,Object Transfer,"The action of dropping the pumpkin flower onto the ground is a deliberate placement, which fits the criteria for 'Object Transfer'."
343438,d9eb1ae4-acee-457e-a0bf-b0e49b4576ce,807.2178442879967,#C C drops the pumpkin flower on the ground,Unknown,Object Transfer,"The action of dropping the pumpkin flower onto the ground is a deliberate placement, which fits the criteria for 'Object Transfer'."
343527,2931b191-15a1-4420-8b49-c2a59fc8912f,70.63482959999999,#C C drops the plier.,Unknown,Object Transfer,"The action of dropping the plier is a deliberate placement of the object onto a surface, which fits the criteria for 'Object Transfer'."
343530,2931b191-15a1-4420-8b49-c2a59fc8912f,74.1221396,#C C drops the table plug socket,Unknown,Object Transfer,"The action of dropping the table plug socket is a deliberate placement onto a surface, which fits the criteria for 'Object Transfer'."
343541,2931b191-15a1-4420-8b49-c2a59fc8912f,147.4073196,#C C drops the wire.,Unknown,Object Transfer,"The action of dropping the wire is a deliberate placement of the object onto a surface, which fits the criteria for 'Object Transfer'."
343546,c9117666-37a5-4416-8527-e08bdce74cba,5.2137886,#C C drops a phone,Unknown,Object Transfer,"The action of dropping a phone is a deliberate placement onto a surface, which fits the criteria for 'Object Transfer'."
343602,c9117666-37a5-4416-8527-e08bdce74cba,92.4406786,#C C drops sponge,Unknown,Object Transfer,"The action of dropping the sponge onto a surface is a deliberate placement, which fits the criteria for 'Object Transfer'."
343609,c9117666-37a5-4416-8527-e08bdce74cba,102.4963086,#C C drops surface wipe pack,Unknown,Object Transfer,"The action of dropping the surface wipe pack is a deliberate placement onto a surface, which fits the criteria for Object Transfer."
343613,c9117666-37a5-4416-8527-e08bdce74cba,110.6287386,#C C drops surface wipes pack,Unknown,Object Transfer,"The action of dropping the surface wipes pack is a deliberate placement of an object onto a surface, which fits the definition of 'Object Transfer'."
343624,c9117666-37a5-4416-8527-e08bdce74cba,146.29523859999998,#C C drops used wipe,Unknown,Object Transfer,"The action of dropping a used wipe is a deliberate placement onto a surface, which fits the criteria for Object Transfer."
343629,c9117666-37a5-4416-8527-e08bdce74cba,181.9419586,#C C drops used wipe,Unknown,Object Transfer,"The action of dropping a used wipe is a deliberate placement of the object onto a surface, which fits the criteria for 'Object Transfer'."
343639,c9117666-37a5-4416-8527-e08bdce74cba,209.4325186,#C C drops used wipe,Unknown,Object Transfer,"The action of dropping the used wipe is a deliberate placement of the object onto a surface, which fits the criteria for 'Object Transfer'."
343656,c9117666-37a5-4416-8527-e08bdce74cba,255.3089786,#C C drops wipe,Unknown,Object Transfer,"The action of dropping the wipe onto a surface is a deliberate placement, which fits the criteria for 'Object Transfer'."
343661,c9117666-37a5-4416-8527-e08bdce74cba,262.58453860000003,#C C drops wipes pack,Unknown,Object Transfer,"The current action involves the deliberate placement of the wipe pack onto a surface, which fits the criteria for an Object Transfer action."
343662,c9117666-37a5-4416-8527-e08bdce74cba,262.88316860000003,#C C drops wipe,Unknown,Object Transfer,"The action of dropping a wipe is a deliberate placement onto a surface, which fits the criteria for 'Object Transfer'."
343682,c9117666-37a5-4416-8527-e08bdce74cba,303.54700027846684,#C C drops wipes pack,Unknown,Object Transfer,"The current action involves C dropping the wipes pack, which is a deliberate placement of an object onto a surface, fitting the criteria for 'Object Transfer'."
343949,ea603bd5-207f-4679-90c5-b480d8b286b9,110.67381,#C C drops the wire connector in his right hand in the junction box.,Unknown,Object Transfer,"The action involves deliberately placing the wire connector into the junction box, which fits the criteria for Object Transfer."
343950,ea603bd5-207f-4679-90c5-b480d8b286b9,110.977,#C C drops the screwdriver in his right hand in the junction box.,Unknown,Object Transfer,"The action of dropping the screwdriver into the junction box is a deliberate placement, which fits the criteria for 'Object Transfer'."
344252,9c785597-7d3e-4831-a8b9-9e640e3bbb83,169.5721,#C C drops the piece of rubber on the ground.,Unknown,Object Transfer,"The action of dropping the piece of rubber onto the ground is a deliberate placement, which fits the criteria for 'Object Transfer'."
344556,aa746a74-9e1b-49c6-9e27-f0c8d2f58642,41.5825796,#C C drops the cutter to the floor,Unknown,Object Transfer,"The action of dropping the cutter to the floor is a deliberate placement, which fits the criteria for 'Object Transfer'."
344560,aa746a74-9e1b-49c6-9e27-f0c8d2f58642,66.12842959999999,#C C drops the pen cover,Unknown,Object Transfer,"The action of dropping the pen cover is a deliberate placement of an object onto a surface, which fits the criteria for 'Object Transfer'."
344708,8e23dc43-7025-4548-a2bd-0f7d85631602,377.7192609546634,#C C drops the cloth in his right hand.,Unknown,Object Transfer,"The action of dropping the cloth in his right hand is a deliberate placement of the object onto a surface, which fits the criteria for 'Object Transfer'."
345114,837ec104-8bd9-4fe3-9c19-44417c546f91,356.02872,#C C drops the sponge on the kitchen table,Unknown,Object Transfer,"The action of dropping the sponge onto the kitchen table is a deliberate placement, which fits the criteria for 'Object Transfer'."
345405,52d248bf-0d93-4418-a767-c4dd3cc2d668,469.2819709546634,#C C drops the tool from the workbench.,Unknown,Object Transfer,"The action of dropping the tool from the workbench is a deliberate placement of the object onto the surface, which fits the criteria for 'Object Transfer'."
345713,e739f98c-a5f6-454f-a0b9-8f2fd024c1cf,5.29193,#C C drops the packs of brake pads on the ground,Unknown,Object Transfer,"The action of dropping the packs of brake pads onto the ground is a deliberate placement, which fits the criteria for 'Object Transfer'."
345718,e739f98c-a5f6-454f-a0b9-8f2fd024c1cf,17.37144,#C C drops the spanner on the ground,Unknown,Object Transfer,"The action of dropping the spanner onto the ground is a deliberate placement of the object onto a surface, which fits the criteria for 'Object Transfer'."
345733,e739f98c-a5f6-454f-a0b9-8f2fd024c1cf,37.97713,#C C drops the screwdriver on the ground,Unknown,Object Transfer,"The action of dropping the screwdriver onto the ground is a deliberate placement, which fits the criteria for 'Object Transfer'."
345736,e739f98c-a5f6-454f-a0b9-8f2fd024c1cf,42.46258,#C C touches his face #unsure,Unknown,Essential Operation,"Touching one's face can be an essential operation, such as wiping sweat, adjusting glasses, or simply touching the face for comfort or to scratch an itch."
345737,e739f98c-a5f6-454f-a0b9-8f2fd024c1cf,41.65596,#C C drops the screwdriver on the ground,Unknown,Object Transfer,"The action of dropping the screwdriver onto the ground is a deliberate placement, which fits the criteria for 'Object Transfer'."
345744,e739f98c-a5f6-454f-a0b9-8f2fd024c1cf,49.78603,#C C drops the plier on the ground,Unknown,Object Transfer,"The action of dropping the plier onto the ground is a deliberate placement, which fits the criteria for 'Object Transfer'."
345747,e739f98c-a5f6-454f-a0b9-8f2fd024c1cf,57.18846,#C C drops the spray gun on the ground #unsure,Unknown,Object Transfer,"The action of dropping the spray gun on the ground is a deliberate placement, which fits the criteria for 'Object Transfer'."
345750,e739f98c-a5f6-454f-a0b9-8f2fd024c1cf,71.90014,#C C drops the plier on the ground,Unknown,Object Transfer,"The action of dropping the pliers onto the ground is a deliberate placement of the object onto a surface, which fits the criteria for 'Object Transfer'."
345756,e739f98c-a5f6-454f-a0b9-8f2fd024c1cf,77.90093,#C C drops the brake pads on his left hand,Unknown,Object Transfer,"The action involves deliberately placing the brake pads onto C's left hand, which fits the definition of an Object Transfer."
345757,e739f98c-a5f6-454f-a0b9-8f2fd024c1cf,79.73846,#C C throws the pack off brake pads,Unknown,Locomotion,"The action of throwing the pack of brake pads is a form of locomotion, as it involves moving an object through the air."
345761,e739f98c-a5f6-454f-a0b9-8f2fd024c1cf,84.0536,#C C drops the brake pad on the ground,Unknown,Object Transfer,"The action involves C dropping the brake pad onto the ground, which is a deliberate placement of an object onto a surface."
345780,e739f98c-a5f6-454f-a0b9-8f2fd024c1cf,128.86475,#C C drops the spanner on the ground,Unknown,Object Transfer,"The action of dropping the spanner onto the ground is a deliberate placement of the object, which fits the criteria for 'Object Transfer'."
345788,e739f98c-a5f6-454f-a0b9-8f2fd024c1cf,146.36568,#C C drops the wheel spanner on the ground,Unknown,Object Transfer,"The action of dropping the wheel spanner onto the ground is a deliberate placement of the object, which fits the criteria for 'Object Transfer'."
346055,f00d5909-4828-4475-be3a-474b12c9eccf,257.70426960000003,#C C drops the joint magnetic beads on her lap.,Unknown,Object Transfer,"The action of dropping the joint magnetic beads onto her lap is a deliberate placement, which fits the criteria for 'Object Transfer'."
346258,0c8c2f4b-a006-47ca-8826-133af1dfb632,7.82616,#C C drops the bucket of soapy water,Unknown,Object Transfer,"The action of dropping the bucket of soapy water is a deliberate placement of the object onto a surface, which fits the criteria for 'Object Transfer'."
346286,7d43e858-fc76-4f75-83b7-0da80e3a8a46,0.2905,#C C drops his left hand.,Unknown,Stationary,"The action describes a person dropping their hand, which is a stationary action as it does not involve movement or interaction with the environment."
346406,a772f23c-3789-4e8b-8352-5495eea6e94d,140.8321296,#C C drops the L-square on the industrial table saw.,Unknown,Object Transfer,"The action of dropping the L-square onto the industrial table saw is a deliberate placement, which fits the criteria for 'Object Transfer'."
346995,32eb7ed6-bea2-4b2f-a201-22e8f1f70caa,67.8316986,#C C drops #unsure on a kitchen worktop,Unknown,Object Transfer,"The action of dropping an object onto a surface is a form of deliberate placement, which falls under the 'Object Transfer' category."
347073,6e0a6558-c212-4cab-b374-007671edb59c,363.3254609546634,#C C drops the mop bucket on the ground.,Unknown,Object Transfer,"The action of dropping the mop bucket onto the ground is a deliberate placement of the object, which fits the criteria for 'Object Transfer'."
347386,c5852e18-5b6a-4270-8358-b271feaa5a26,35.8734096,#C C drops the piece of wood in his left hand,Unknown,Object Transfer,"The action of dropping the piece of wood is a deliberate placement onto a surface, which fits the criteria for 'Object Transfer'."
347438,c5852e18-5b6a-4270-8358-b271feaa5a26,279.52979960000005,#C C drops the two pieces of flexible wood on the cutting machine #unsure,Unknown,Object Transfer,"The action of dropping the two pieces of flexible wood onto the cutting machine is a deliberate placement, which fits the criteria for 'Object Transfer'."
347444,c5852e18-5b6a-4270-8358-b271feaa5a26,88.8368096,#C C drops the rhino ruler,Unknown,Object Transfer,"The action of dropping the rhino ruler is a deliberate placement onto a surface, which fits the criteria for 'Object Transfer'."
347462,c5852e18-5b6a-4270-8358-b271feaa5a26,315.9722309546634,#C C drops the ruler,Unknown,Object Transfer,"The action of dropping the ruler is a deliberate placement of the object onto a surface, which fits the criteria for 'Object Transfer'."
347463,c5852e18-5b6a-4270-8358-b271feaa5a26,318.0568709546634,#C C drops the pencil.,Unknown,Object Transfer,"The action of dropping the ruler in t-1 is classified as 'Object Transfer' because it involves a deliberate placement of the object onto a surface. Similarly, dropping the pencil is also a deliberate placement, thus it should be classified as 'Object Transfer'."
347474,c5852e18-5b6a-4270-8358-b271feaa5a26,343.3283909546634,#C C drops the wooden piece,Unknown,Object Transfer,"The action of dropping the wooden piece is a deliberate placement onto a surface, which fits the criteria for 'Object Transfer'."
347475,c5852e18-5b6a-4270-8358-b271feaa5a26,344.6205909546634,#C C looses an aluminum rod from a table saw machine,Unknown,Object Transfer,"The action of dropping the wooden piece in t-1 is a deliberate placement, which fits the criteria for 'Object Transfer'. The current action of loosening an aluminum rod from a table saw machine is also a deliberate placement, thus it should be labeled as 'Object Transfer'."
347509,c5852e18-5b6a-4270-8358-b271feaa5a26,450.5982909546634,#C C drops the cut-out wooden piece.,Unknown,Object Transfer,"The action of dropping the cut-out wooden piece is a deliberate placement onto a surface, which fits the criteria for 'Object Transfer'."
347515,c5852e18-5b6a-4270-8358-b271feaa5a26,465.8557309546634,#C C drops the wooden piece,Unknown,Object Transfer,"The action of dropping the wooden piece is a deliberate placement of the object onto a surface, which fits the criteria for 'Object Transfer'."
347547,c5852e18-5b6a-4270-8358-b271feaa5a26,562.7930209546633,#C C drops wood on his right hand,Unknown,Object Transfer,"The action involves C dropping wood onto his right hand, which is a deliberate placement of the object. This fits the criteria for 'Object Transfer'."
347566,c5852e18-5b6a-4270-8358-b271feaa5a26,585.0039609546634,#C C drops wood with right hand,Unknown,Object Transfer,"The current action involves C dropping a wood with their right hand, which is a deliberate placement of the object onto a surface, consistent with previous actions of picking up and dropping woods."
347570,c5852e18-5b6a-4270-8358-b271feaa5a26,595.4887509546634,#C C drops wood with left hand,Unknown,Object Transfer,"The action of dropping the wood with the left hand is a deliberate placement of the object onto a surface, which fits the definition of 'Object Transfer'."
347584,c5852e18-5b6a-4270-8358-b271feaa5a26,618.9976909546634,#C C drops wood on left hand,Unknown,Object Transfer,"The action involves picking up and dropping the wood, which are deliberate placements and transfers of the object between hands."
348412,c115ba6e-cc76-4d8c-b28e-b659a558fc43,660.5036566666665,#C C drops the iron sponge.,Unknown,Object Transfer,"The action of dropping the iron sponge onto a surface is a deliberate placement, which fits the criteria for 'Object Transfer'."
348421,c115ba6e-cc76-4d8c-b28e-b659a558fc43,711.8332666666665,#C C drops the iron sponge.,Unknown,Object Transfer,"The action involves deliberately placing the iron sponge onto a surface, which fits the definition of Object Transfer."
348728,2d84b078-6f77-4964-a74a-b916153f83b7,488.43724095466337,#C C drops her right hand,Unknown,Object Transfer,"The action of dropping her right hand can be interpreted as a deliberate placement of her hand, which fits the criteria for 'Object Transfer'."
348740,f00332a6-d29f-4bf5-89a2-0284965b3f23,15.36628,#C C drops the tape and the screw driver,Unknown,Object Transfer,"The action of dropping the tape and the screwdriver indicates a deliberate placement of objects onto a surface, which fits the criteria for 'Object Transfer'."
348741,f00332a6-d29f-4bf5-89a2-0284965b3f23,17.70136,#C C drops the cable cuter,Unknown,Object Transfer,"The action involves deliberately placing the cable cutter onto a surface, which fits the criteria for Object Transfer."
348756,f00332a6-d29f-4bf5-89a2-0284965b3f23,85.4142,#C C drops the holder and screw driver,Unknown,Object Transfer,"The action of dropping the holder and screwdriver indicates a deliberate placement onto a surface, which fits the criteria for 'Object Transfer'."
348775,f00332a6-d29f-4bf5-89a2-0284965b3f23,203.27619,#C C drops the screw driver,Unknown,Object Transfer,"The action of dropping the screwdriver onto a surface is a deliberate placement, which fits the criteria for 'Object Transfer'."
348805,f00332a6-d29f-4bf5-89a2-0284965b3f23,376.63885,#C C drops the holder,Unknown,Object Transfer,"The action involves deliberately placing the holder onto a surface, which fits the criteria for Object Transfer."
348818,f00332a6-d29f-4bf5-89a2-0284965b3f23,472.01348,#C C drops the screw driver,Unknown,Object Transfer,"The action of dropping the screwdriver is a deliberate placement of the object onto a surface, which fits the criteria for 'Object Transfer'."
348879,7ed8365c-37f5-4033-978a-2d3c1faa0e33,99.6858686,#C C shakes the plate,Unknown,Locomotion,"Shaking the plate is an action that involves movement and does not fit into the categories of Essential Operation, Object Transfer, Search, or Stationary. It is a deliberate action that involves the manipulation of the plate, indicating movement or an attempt to alter the state of the plate."
349043,83af5740-e2a0-44e2-a504-d24cdedec4cd,78.30757,#C C drops the red terminal in his right hand.,Unknown,Object Transfer,"The action involves dropping an object (the red terminal) onto a surface, which is a form of deliberate placement."
349044,83af5740-e2a0-44e2-a504-d24cdedec4cd,78.95901,#C C drops the black terminal in his left hand.,Unknown,Object Transfer,"The action involves C dropping the black terminal in his left hand, which is a deliberate placement of an object onto a surface. This fits the criteria for 'Object Transfer'."
349067,83af5740-e2a0-44e2-a504-d24cdedec4cd,142.13455,#C C drops both terminals. #unsure,Unknown,Essential Operation,"The action of dropping both terminals is a continuation of the previous essential operation of removing them. Dropping can be considered a part of the process of clearing or disposing of items, which falls under essential operations."
350161,f2024ae7-3da0-4c90-8c12-6cfde6f0ab82,365.1386918861329,#C C wipes hand on floor,Unknown,Essential Operation,"The action of wiping one's hand on the floor is a form of cleaning or maintaining personal hygiene, which falls under the category of Essential Operation."
350168,f2024ae7-3da0-4c90-8c12-6cfde6f0ab82,375.3858118861328,#C C drops bottle on stand,Unknown,Object Transfer,"The action of dropping the bottle onto the stand is a deliberate placement, which fits the criteria for Object Transfer."
350252,cce95cd8-188e-4d6b-996f-07f58fc9d117,187.52007,#C C drops the second brake hose.,Unknown,Object Transfer,"The action of dropping the second brake hose is a deliberate placement of the object onto a surface, which fits the criteria for 'Object Transfer'."
350255,cce95cd8-188e-4d6b-996f-07f58fc9d117,189.88024,#C C drops the brake hose in his left hand.,Unknown,Object Transfer,"The action involves deliberately placing the brake hose onto a surface, which fits the criteria for Object Transfer."
350317,cce95cd8-188e-4d6b-996f-07f58fc9d117,348.0337,#C C drops the screwdriver on the tool holder.,Unknown,Object Transfer,"The action of dropping the screwdriver onto the tool holder is a deliberate placement, which fits the criteria for 'Object Transfer'."
350334,cce95cd8-188e-4d6b-996f-07f58fc9d117,376.92498,#C C drops the metal strip under the table. #Unsure,Unknown,Object Transfer,"The action involves C dropping the metal strip under the table, which is a deliberate placement of an object. This fits the criteria for 'Object Transfer' as it involves moving an object to a specific location."
350427,82a3744e-cedb-4a4f-8e47-bc5c1a2b3ac0,176.5587396,#C C drops the leg massager with his right hand.,Unknown,Object Transfer,"The action of dropping the leg massager is a deliberate placement onto a surface, which fits the criteria for 'Object Transfer'."
350524,3fa54ca6-3988-4a7f-9295-41236f4ee925,41.73742,#C C drops the screw driver in his left hand on the ground.,Unknown,Object Transfer,"The action of dropping the screwdriver onto the ground is a deliberate placement of the object, which fits the criteria for 'Object Transfer'."
350559,3fa54ca6-3988-4a7f-9295-41236f4ee925,99.43982,#C C drops a spare part on the ground with his right hand.,Unknown,Object Transfer,"The action of dropping a spare part onto the ground is a deliberate placement, which fits the criteria for 'Object Transfer'."
350564,3fa54ca6-3988-4a7f-9295-41236f4ee925,129.08158,#C C drops the screw driver in his right hand on the ground.,Unknown,Object Transfer,"The action of dropping the screwdriver onto the ground is a deliberate placement of the object, which fits the criteria for 'Object Transfer'."
350686,0cb2dd94-afb1-4e30-a62f-724f34d81777,98.4434886,#C C brushes the paint brush on his left hand,Unknown,Essential Operation,"The action of brushing the paint brush on his left hand is likely an attempt to clean or maintain the brush, which falls under the category of Essential Operation."
350690,0cb2dd94-afb1-4e30-a62f-724f34d81777,119.8231286,#C C brushes the paint brush on his left hand,Unknown,Essential Operation,"The action of brushing the paint brush on his left hand is likely an attempt to clean or maintain the paint brush, which falls under the category of Essential Operation."
350731,0cb2dd94-afb1-4e30-a62f-724f34d81777,279.01167860000004,#C C brushes the paint brush on his left hand,Unknown,Essential Operation,The action of brushing the paint brush on his left hand is an essential operation as it likely involves cleaning or maintaining the paint brush.
351029,e3c61fe7-0b38-40b3-b3db-efb48fc5d0df,195.3345455482421,#C C shakes off the avocado from his hand,Unknown,Stationary,"Shaking off something from one's hand is a brief, stationary action that does not involve locomotion, essential operation, or transferring an object to a new location."
351128,11f51f72-c0bd-4631-aabb-6ecbe17d95c9,158.6448,#C C hammers the screwdriver with his gloved right hand. #Unsure,Unknown,Essential Operation,The action of hammering the screwdriver is an essential operation as it involves using a tool (screwdriver) with another tool (hammer) to perform a task.
351208,11f51f72-c0bd-4631-aabb-6ecbe17d95c9,334.14268,#C C drops the grease container on the workbench with his gloved left hand.,Unknown,Object Transfer,"The action involves deliberately placing the grease container onto the workbench, which fits the criteria for Object Transfer."
351235,11f51f72-c0bd-4631-aabb-6ecbe17d95c9,418.70411,#C C drops the grease container on the workbench with his gloved left hand,Unknown,Object Transfer,"The action of dropping the grease container onto the workbench is a deliberate placement, which fits the criteria for 'Object Transfer'."
351424,bcdf2c7a-fdf3-40a4-836c-c4d2bcef274b,77.8592496,#C C falls a cup and a pencil with the piece of cloth.,Unknown,Object Transfer,"The current action involves C falling a cup and a pencil with a piece of cloth, which indicates a deliberate placement or transfer of multiple objects. This aligns with the 'Object Transfer' category as it involves moving and placing objects."
351599,061df4a0-dbe4-4c05-bb44-e7cdc6b235c9,22.10232,#C C hits the motorcycle seat with his right hand.,Unknown,Object Transfer,"The action of hitting the motorcycle seat with his right hand can be interpreted as a deliberate placement or interaction with the motorcycle seat, similar to the previous actions involving the key. This action appears to be part of a sequence of transferring objects or interacting with the motorcycle."
351642,061df4a0-dbe4-4c05-bb44-e7cdc6b235c9,94.54784,#C C drops the cordless wrench on the workbench with his right hand.,Unknown,Object Transfer,"The action of dropping the cordless wrench onto the workbench is a deliberate placement, which fits the criteria for 'Object Transfer'."
351793,7d3d85d3-88e4-4bb9-9175-e37107100f2e,7.4809686,#C C Moves a thread on the floor,Unknown,Object Transfer,"The action involves moving a thread on the floor, which can be considered a deliberate placement or manipulation of an object, fitting the 'Object Transfer' category."
351796,7d3d85d3-88e4-4bb9-9175-e37107100f2e,12.5379086,#C C Adjusts a thread on the floor,Unknown,Object Transfer,"The action of adjusting a thread on the floor implies a deliberate placement or manipulation of the object, which fits the definition of 'Object Transfer'."
351798,7d3d85d3-88e4-4bb9-9175-e37107100f2e,16.2090786,#C C Adjusts a thread on the floor,Unknown,Essential Operation,"The action of adjusting a thread on the floor is a deliberate and fine-tuned manipulation, which falls under the category of Essential Operation."
351860,7d3d85d3-88e4-4bb9-9175-e37107100f2e,182.1993086,#C C Adjusts a thread on the floor,Unknown,Essential Operation,"The current action involves making adjustments to a thread on the floor, which is a task-oriented activity aimed at improving or fixing something. This aligns with the 'Essential Operation' category as it pertains to performing a necessary task."
351869,7d3d85d3-88e4-4bb9-9175-e37107100f2e,198.7009586,#C C Adjusts a thread on the floor,Unknown,Object Transfer,"The action of adjusting a thread on the floor indicates a deliberate manipulation or placement of an object, which fits the 'Object Transfer' category."
351874,7d3d85d3-88e4-4bb9-9175-e37107100f2e,208.3317586,#C C Adjusts a thread on the floor,Unknown,Essential Operation,"The action of adjusting a thread on the floor is a deliberate and purposeful activity, which falls under the category of Essential Operation."
351885,7d3d85d3-88e4-4bb9-9175-e37107100f2e,233.6404186,#C C Adjusts a thread on the floor,Unknown,Essential Operation,"The current action involves adjusting a thread on the floor, which is a deliberate and purposeful action aimed at modifying or arranging the thread. This aligns with the definition of Essential Operation, as it pertains to a necessary task or activity."
351888,7d3d85d3-88e4-4bb9-9175-e37107100f2e,241.8684986,#C C Adjusts a thread on the floor,Unknown,Object Transfer,"The action of adjusting a thread on the floor suggests a deliberate placement or manipulation of the object, which fits the criteria for 'Object Transfer'."
351892,7d3d85d3-88e4-4bb9-9175-e37107100f2e,250.3147286,#C C Adjusts a thread on the floor,Unknown,Object Transfer,"The action of adjusting a thread on the floor indicates a deliberate placement or manipulation of an object, which fits the 'Object Transfer' category."
351894,7d3d85d3-88e4-4bb9-9175-e37107100f2e,256.6816286,#C C Adjusts a thread on the floor,Unknown,Essential Operation,"Adjusting a thread on the floor is an action that involves manipulating an object for a specific purpose, which falls under the category of Essential Operation."
351902,7d3d85d3-88e4-4bb9-9175-e37107100f2e,283.62906860000004,#C C Adjusts a thread on the floor,Unknown,Object Transfer,"The action of adjusting a thread on the floor suggests a deliberate manipulation or placement of an object, which fits the 'Object Transfer' category."
352087,9567030a-6a75-45b2-80c2-9af812271e7c,126.21865,#C C drops the spanner on motorcycle stand.,Unknown,Object Transfer,"The action of dropping the spanner onto the motorcycle stand indicates a deliberate placement of the object onto a surface, which fits the criteria for 'Object Transfer'."
352142,9567030a-6a75-45b2-80c2-9af812271e7c,295.78395,#C C drops the bolt on a flat metal.,Unknown,Object Transfer,"The action of dropping the bolt onto a flat metal surface is a deliberate placement, which fits the criteria for 'Object Transfer'."
352222,c044c28d-3968-4d7a-9680-ca4280322d05,122.8137296,#C C drops pen,Unknown,Object Transfer,"The action of dropping the pen is a deliberate placement of the object onto a surface, which fits the criteria for 'Object Transfer'."
352227,c044c28d-3968-4d7a-9680-ca4280322d05,148.4590896,#C C drops pen,Unknown,Object Transfer,"The action of dropping the pen is a deliberate placement of the object onto a surface, which fits the criteria for 'Object Transfer'."
352229,c044c28d-3968-4d7a-9680-ca4280322d05,158.7210296,#C C drops pen,Unknown,Object Transfer,"The action of dropping the pen is a deliberate placement of the object onto a surface, which fits the criteria for 'Object Transfer'."
352232,c044c28d-3968-4d7a-9680-ca4280322d05,171.4668596,#C C drops pen,Unknown,Object Transfer,"The action of dropping the pen is a deliberate placement onto a surface, which fits the criteria for 'Object Transfer'."
352234,c044c28d-3968-4d7a-9680-ca4280322d05,179.1915096,#C C drops pen,Unknown,Object Transfer,"The action of dropping the pen is a deliberate placement of the object onto a surface, which fits the criteria for 'Object Transfer'."
352482,df7bdd06-c392-4a3d-ae1a-cdc234582472,47.0687396,#C C raises his hand to his face. #unsure,Unknown,Essential Operation,"The action of raising his hand to his face could be considered an essential operation, such as wiping sweat or adjusting glasses."
352530,ea229192-82eb-49a3-b235-4902eb355f7b,66.7911986,#C C drops the face towel in .,Unknown,Object Transfer,"The action of dropping the face towel is a deliberate placement onto a surface, which fits the criteria for Object Transfer."
352728,d5c53bd8-8d48-4242-9893-09e40ee75927,77.16120959999999,#C C drops the log of wood in his right hand on the one in his left hand,Unknown,Object Transfer,"The action of dropping the log of wood in his right hand onto the one in his left hand is a deliberate placement, which fits the criteria for 'Object Transfer'."
352965,672c902a-7871-4e8f-bae5-6e12e2a4e342,27.58719,#C C drops the pot of egg on the kitchen worktop.,Unknown,Object Transfer,"The action involves deliberately placing the pot of eggs onto the kitchen worktop, which fits the criteria for Object Transfer."
352981,672c902a-7871-4e8f-bae5-6e12e2a4e342,53.93566,#C C shakes her fingers.,Unknown,Essential Operation,"Shaking fingers is a common action to relieve tension or discomfort, which falls under essential operations for the individual."
352999,672c902a-7871-4e8f-bae5-6e12e2a4e342,78.97635,#C C drops the carton of milk on the kitchen worktop.,Unknown,Object Transfer,"The action of dropping the carton of milk onto the kitchen worktop is a deliberate placement, which fits the criteria for 'Object Transfer'."
353004,672c902a-7871-4e8f-bae5-6e12e2a4e342,111.39707,#C C drops the carton of milk on the kitchen worktop.,Unknown,Object Transfer,"The action of dropping the carton of milk onto the kitchen worktop is a deliberate placement, which fits the criteria for 'Object Transfer'."
353009,672c902a-7871-4e8f-bae5-6e12e2a4e342,152.8272,#C C drops the carton of milk on the kitchen worktop.,Unknown,Object Transfer,"The action of dropping the carton of milk onto the kitchen worktop is a deliberate placement, which fits the criteria for 'Object Transfer'."
353013,672c902a-7871-4e8f-bae5-6e12e2a4e342,182.27859,#C C drops the cover on the kitchen worktop.,Unknown,Object Transfer,"The action of dropping the cover onto the kitchen worktop is a deliberate placement, which fits the criteria for 'Object Transfer'."
353026,672c902a-7871-4e8f-bae5-6e12e2a4e342,212.29834,#C C shakes her fingers.,Unknown,Stationary,"Shaking fingers is a repetitive motion that does not involve movement from one place to another, nor does it involve transferring objects or searching for something. It is a stationary action."
353261,56e92c65-c82e-413b-aaf9-26a0dd5fbbe2,543.0310686,#C C drops #unsure,Unknown,Object Transfer,"The action of dropping an object onto a surface is considered a deliberate placement, which falls under the 'Object Transfer' category."
353265,56e92c65-c82e-413b-aaf9-26a0dd5fbbe2,551.7252789051759,#C C drops the cloth,Unknown,Object Transfer,"The action of dropping the cloth is a deliberate placement of the object onto a surface, which fits the criteria for 'Object Transfer'."
353323,c3361017-8999-4dfb-88cd-90f1f13d58b2,2.3337796,#C C drops the container. #unsure,Unknown,Object Transfer,"The action of dropping the container is a deliberate placement onto a surface, which fits the criteria for Object Transfer."
353332,c3361017-8999-4dfb-88cd-90f1f13d58b2,15.5899096,#C C drops the foam wrap,Unknown,Object Transfer,"The action of dropping the foam wrap onto a surface is a deliberate placement, which fits the criteria for 'Object Transfer'."
353337,c3361017-8999-4dfb-88cd-90f1f13d58b2,27.9771196,#C C drops the foam wrap,Unknown,Object Transfer,"The action of dropping the foam wrap is a deliberate placement of the object onto a surface, which fits the criteria for 'Object Transfer'."
353339,c3361017-8999-4dfb-88cd-90f1f13d58b2,29.1175996,#C C drops the blade,Unknown,Object Transfer,"The action of dropping the blade is a deliberate placement onto a surface, which fits the criteria for 'Object Transfer'."
353341,c3361017-8999-4dfb-88cd-90f1f13d58b2,31.5580896,#C C drops bicycle wheel padding,Unknown,Object Transfer,"The action of dropping the bicycle wheel padding is a deliberate placement onto a surface, which fits the criteria for 'Object Transfer'."
353343,c3361017-8999-4dfb-88cd-90f1f13d58b2,32.9274296,#C C drops the bicycle wheel padding,Unknown,Object Transfer,"The action of dropping the bicycle wheel padding is a deliberate placement onto a surface, which fits the criteria for 'Object Transfer'."
353347,c3361017-8999-4dfb-88cd-90f1f13d58b2,53.8108696,#C C drops steering wrapping,Unknown,Object Transfer,"The action of dropping the steering wrapping is a deliberate placement of an object onto a surface, which fits the criteria for 'Object Transfer'."
353352,c3361017-8999-4dfb-88cd-90f1f13d58b2,75.38173959999999,#C C drops manual,Unknown,Object Transfer,"The action of dropping the manual is a deliberate placement of the object onto a surface, which fits the criteria for 'Object Transfer'."
353354,c3361017-8999-4dfb-88cd-90f1f13d58b2,85.0460796,#C C drops the pincer,Unknown,Object Transfer,"The action of dropping the pincer is a deliberate placement onto a surface, which fits the criteria for 'Object Transfer'."
353359,c3361017-8999-4dfb-88cd-90f1f13d58b2,90.1601196,#C C drops the blade,Unknown,Object Transfer,"The action of dropping the blade onto a surface is a deliberate placement, which fits the criteria for 'Object Transfer'."
353361,c3361017-8999-4dfb-88cd-90f1f13d58b2,93.1436496,#C C drops one bicycle pedal,Unknown,Object Transfer,"The action of dropping the bicycle pedal is a deliberate placement of the object onto a surface, which fits the criteria for 'Object Transfer'."
353369,c3361017-8999-4dfb-88cd-90f1f13d58b2,109.9662296,#C C drops grease container,Unknown,Object Transfer,"The action involves deliberately placing the grease container onto a surface, which fits the criteria for Object Transfer."
353376,c3361017-8999-4dfb-88cd-90f1f13d58b2,124.0301896,#C C drops handkerchief,Unknown,Object Transfer,"The action of dropping the handkerchief is a deliberate placement of the object onto a surface, which fits the criteria for 'Object Transfer'."
353377,c3361017-8999-4dfb-88cd-90f1f13d58b2,75.38173959999999,#C C drops bicycle wrapping,Unknown,Object Transfer,"The action of dropping the bicycle wrapping is a deliberate placement of an object onto a surface, which fits the criteria for 'Object Transfer'."
353381,c3361017-8999-4dfb-88cd-90f1f13d58b2,140.7060196,#C C drops spanner,Unknown,Object Transfer,"The action of dropping the spanner onto a surface after completing several essential operations with the bicycle pedal indicates a deliberate placement of the tool, which fits the criteria for 'Object Transfer'."
353385,c3361017-8999-4dfb-88cd-90f1f13d58b2,154.2169396,#C C drops the bicycle,Unknown,Object Transfer,"The action of dropping the bicycle onto a surface can be considered a deliberate placement, which fits the criteria for 'Object Transfer'."
353390,c3361017-8999-4dfb-88cd-90f1f13d58b2,165.0578696,#C C drops the stand,Unknown,Object Transfer,"The action of dropping the stand is a deliberate placement onto a surface, which fits the criteria for 'Object Transfer'."
353396,c3361017-8999-4dfb-88cd-90f1f13d58b2,182.7202996,#C C drops spanner,Unknown,Object Transfer,"The action of dropping the spanner is a deliberate placement of the object onto a surface, which fits the criteria for 'Object Transfer'."
353421,c3361017-8999-4dfb-88cd-90f1f13d58b2,280.47601960000003,#C C drops brake lever part pack,Unknown,Object Transfer,"The action of dropping the brake lever part pack is a deliberate placement onto a surface, which fits the criteria for 'Object Transfer'."
353609,e3082331-86f8-469d-a45d-cd69dac91dbd,28.9786,#C C drops the third bolt on the ground with his right hand,Unknown,Object Transfer,"The action of dropping the bolt onto the ground is a deliberate placement, which fits the criteria for 'Object Transfer'."
353613,e3082331-86f8-469d-a45d-cd69dac91dbd,34.32875,#C C drops the Brake Caliper with his left hand,Unknown,Object Transfer,"The action of dropping the Brake Caliper is a deliberate placement onto a surface, which fits the criteria for 'Object Transfer'."
353616,e3082331-86f8-469d-a45d-cd69dac91dbd,43.95943,#C C drops the Brake Caliper with his left hand,Unknown,Object Transfer,"The action of dropping the Brake Caliper is a deliberate placement onto a surface, which fits the criteria for 'Object Transfer'."
353628,e3082331-86f8-469d-a45d-cd69dac91dbd,63.19404,#C C drops the T Hex Key in his right hand on the ground,Unknown,Object Transfer,"The action of dropping the T Hex Key on the ground is a deliberate placement, which fits the criteria for 'Object Transfer'."
353633,e3082331-86f8-469d-a45d-cd69dac91dbd,75.00922,#C C drops the bolt in his right hand on the ground,Unknown,Object Transfer,"The action involves deliberately placing the bolt on the ground, which fits the criteria for 'Object Transfer'."
353642,e3082331-86f8-469d-a45d-cd69dac91dbd,93.14054,#C C drops the Brake Caliper with his left hand,Unknown,Object Transfer,"The action involves C dropping the Brake Caliper, which is a deliberate placement of an object onto a surface, fitting the criteria for 'Object Transfer'."
353654,e3082331-86f8-469d-a45d-cd69dac91dbd,116.43138,#C C drops the Brake pads on the metal bench with his left hand,Unknown,Object Transfer,"The action of dropping the brake pads onto the metal bench is a deliberate placement, which fits the criteria for 'Object Transfer'."
353729,23910a31-45bb-4c41-9b74-91ba2bb8be60,1.1349296,#C C drops his right hand,Unknown,Stationary,"Dropping one's hand is typically a stationary action, indicating a pause or rest rather than movement or interaction with an object."
353739,23910a31-45bb-4c41-9b74-91ba2bb8be60,21.8841196,#C C drops the first piece of wood on a metal surface,Unknown,Object Transfer,"The action of dropping the first piece of wood onto a metal surface is a deliberate placement, which fits the criteria for 'Object Transfer'."
353745,23910a31-45bb-4c41-9b74-91ba2bb8be60,33.848099600000005,#C C drops the second piece of wood on a metal surface,Unknown,Object Transfer,"The action of dropping the second piece of wood onto a metal surface indicates a deliberate placement, which fits the criteria for 'Object Transfer'."
353752,23910a31-45bb-4c41-9b74-91ba2bb8be60,47.577819600000005,#C C drops the third piece of wood on a metal surface,Unknown,Object Transfer,"The action of dropping the third piece of wood onto a metal surface is a deliberate placement, which fits the criteria for 'Object Transfer'."
353757,23910a31-45bb-4c41-9b74-91ba2bb8be60,57.784909600000006,#C C drops the fourth piece of wood on a metal surface,Unknown,Object Transfer,"The action of dropping the fourth piece of wood onto a metal surface is a deliberate placement, which fits the criteria for 'Object Transfer'."
353780,23910a31-45bb-4c41-9b74-91ba2bb8be60,89.7846096,#C C drops the eighth piece of wood on the metal surface,Unknown,Object Transfer,"The action of dropping the eighth piece of wood onto the metal surface is a deliberate placement, which fits the criteria for 'Object Transfer'."
353792,23910a31-45bb-4c41-9b74-91ba2bb8be60,105.2713696,#C C drops the tenth piece of wood on the metal surface,Unknown,Object Transfer,"The action of dropping the tenth piece of wood onto the metal surface is a deliberate placement, which fits the criteria for 'Object Transfer'."
353806,23910a31-45bb-4c41-9b74-91ba2bb8be60,135.0786796,#C C drops the twelfth piece of wood on the machine,Unknown,Object Transfer,"The action of dropping the twelfth piece of wood onto the machine is a deliberate placement, which fits the criteria for 'Object Transfer'."
353811,23910a31-45bb-4c41-9b74-91ba2bb8be60,144.3647696,#C C drops the thirteenth piece of wood on the machine,Unknown,Object Transfer,"The action of dropping the thirteenth piece of wood onto the machine is a deliberate placement, which fits the criteria for 'Object Transfer'."
353947,3de8336c-a505-46eb-bd9c-01d9fb9ce168,12.99562,#C C drops a screw on a motorcycle lift,Unknown,Object Transfer,"The action of dropping a screw onto a motorcycle lift is a deliberate placement of an object, which fits the criteria for 'Object Transfer'."
353951,3de8336c-a505-46eb-bd9c-01d9fb9ce168,23.08863,#C C drops the screw on the motorcycle lift,Unknown,Object Transfer,"The action of dropping the screw onto the motorcycle lift is a deliberate placement, which fits the criteria for 'Object Transfer'."
353955,3de8336c-a505-46eb-bd9c-01d9fb9ce168,29.34475,#C C drops the screws on the motorcycle lift,Unknown,Object Transfer,"The action of dropping the screws onto the motorcycle lift is a deliberate placement, which fits the criteria for 'Object Transfer'."
353965,3de8336c-a505-46eb-bd9c-01d9fb9ce168,43.45815,#C C drops the screw on the motorcycle lift,Unknown,Object Transfer,"The action of dropping the screw onto the motorcycle lift is a deliberate placement, which fits the criteria for 'Object Transfer'."
353974,3de8336c-a505-46eb-bd9c-01d9fb9ce168,56.87956,#C C drops the screw on the motorcycle lift,Unknown,Object Transfer,"The action of dropping the screw onto the motorcycle lift is a deliberate placement, which fits the criteria for 'Object Transfer'."
353978,3de8336c-a505-46eb-bd9c-01d9fb9ce168,60.77265,#C C drops the screw on the motorcycle lift,Unknown,Object Transfer,"The action of dropping the screw onto the motorcycle lift is a deliberate placement, which fits the criteria for 'Object Transfer'."
353986,3de8336c-a505-46eb-bd9c-01d9fb9ce168,70.7888,#C C drops the screw on the motorcycle lift,Unknown,Object Transfer,"The action of dropping the screw onto the motorcycle lift is a deliberate placement, which fits the criteria for 'Object Transfer'."
353990,3de8336c-a505-46eb-bd9c-01d9fb9ce168,75.9559,#C C drops the screw on the motorcycle lift,Unknown,Object Transfer,"The action of dropping the screw onto the motorcycle lift is a deliberate placement of the object, which fits the criteria for 'Object Transfer'."
354009,f96d4def-ffba-400e-8838-346145a890ec,4.5444496,#C C drops the paper,Unknown,Object Transfer,"The action of dropping the paper onto a surface is a deliberate placement, which fits the criteria for 'Object Transfer'."
354017,f96d4def-ffba-400e-8838-346145a890ec,46.7405196,#C C drops the glue brush,Unknown,Object Transfer,"The action of dropping the glue brush is a deliberate placement of the object onto a surface, which fits the criteria for 'Object Transfer'."
354021,f96d4def-ffba-400e-8838-346145a890ec,53.0765396,#C C drops the glue can with his left hand,Unknown,Object Transfer,"The action of dropping the glue can is a deliberate placement of the object onto a surface, which fits the criteria for 'Object Transfer'."
354024,f96d4def-ffba-400e-8838-346145a890ec,62.4885496,#C C drops the pot with his right hand,Unknown,Object Transfer,"The action of dropping the pot with his right hand is a deliberate placement of the object onto a surface, which fits the criteria for 'Object Transfer'."
354029,f96d4def-ffba-400e-8838-346145a890ec,81.8313496,#C C drops the glue can,Unknown,Object Transfer,"The action of dropping the glue can is a deliberate placement of an object onto a surface, which fits the criteria for 'Object Transfer'."
354034,f96d4def-ffba-400e-8838-346145a890ec,127.5632796,#C C drops a scissor,Unknown,Object Transfer,"The action of dropping a scissor is a deliberate placement onto a surface, which fits the criteria for 'Object Transfer'."
354063,f96d4def-ffba-400e-8838-346145a890ec,243.5999796,#C C drops the glue brush,Unknown,Object Transfer,"The action of dropping the glue brush indicates a deliberate placement of the object onto a surface, which fits the criteria for 'Object Transfer'."
354064,f96d4def-ffba-400e-8838-346145a890ec,245.6540096,#C C drops the glue can,Unknown,Object Transfer,"The action of dropping the glue can is a deliberate placement, similar to the previous action of dropping the glue brush. Both actions involve the intentional placement of an object onto a surface."
354073,f96d4def-ffba-400e-8838-346145a890ec,282.5551896,#C C drops the glue brush,Unknown,Object Transfer,"The action of dropping the glue brush indicates a deliberate placement of the object onto a surface, which fits the criteria for 'Object Transfer'."
354076,f96d4def-ffba-400e-8838-346145a890ec,79.13531959999999,#C C drops the glue brush,Unknown,Object Transfer,"The action of dropping the glue brush is a deliberate placement of the object onto a surface, which fits the criteria for 'Object Transfer'."
354078,f96d4def-ffba-400e-8838-346145a890ec,84.3461696,#C C drops the glue brush,Unknown,Object Transfer,"The action of dropping the glue brush is a deliberate placement onto a surface, which fits the criteria for 'Object Transfer'."
354342,03be7d83-7394-45b9-9f36-b55ad721aee1,19.37892,#C C unties a ladder on a car,Unknown,Object Transfer,"The action of untieing a ladder on a car indicates a deliberate placement or interaction with an object, which fits the 'Object Transfer' category."
354572,8b633bf7-5585-4bb1-bb68-eea38ac9f14a,281.2458340931641,#C C moves #unsure from mouth,Unknown,Essential Operation,"The action of moving something from the mouth is likely part of a process involving the manipulation or preparation of the cell tape, which is an essential operation."
