action,batch,corrected_action,dataset_rows_covered_if_validated,global_rank,high_priority_reason,high_priority_review,historical_bad_count,historical_bad_rate,historical_checked_count,narration_text,normalized_narration_stage2,reasoning,round,scenario,secondary_action,timestamp_sec,verdict,video_uid,watchlist_hit
Stationary,11,,8,2067,,no,0,0.0,0,#C C conserves with a man X,conserves with man x,"Low body/hand motion, likely involves speaking.",r002,Cleaning,,0.0210286,Gold,01111831-9107-43c4-bf0e-6b26e9b32a2b,no
Object Transfer,11,,3,11392,,no,0,0.0,0,#C C picks the shoes from the washing machine,picks shoes from washing machine,Logistics step involving picking up objects.,r002,Cleaning,,104.4605386,Gold,01111831-9107-43c4-bf0e-6b26e9b32a2b,no
Object Transfer,11,,4,6527,,no,0,0.0,0,#C C drops the shoes,drops shoes,"[CtxFixed] The action of dropping the shoes is a deliberate placement of the object onto a surface, which fits the criteria for 'Object Transfer'.",r002,Cleaning,,108.5839886,Gold,01111831-9107-43c4-bf0e-6b26e9b32a2b,no
Stationary,11,Object Transfer,37,114,watchlist_verb,yes,0,0.0,0,#C C closes the washing machine,closes washing machine,"Low energy motion, mostly hand activity.",r002,Cleaning,,122.4551086,Bad,01111831-9107-43c4-bf0e-6b26e9b32a2b,yes
Stationary,11,Task Operation,3,8665,watchlist_verb,yes,0,0.0,0,#C C adjusts the washing machine,adjusts washing machine,Adjusting a machine typically involves minimal body movement and is more about interaction with the machine's controls.,r002,Cleaning,,124.7250986,Bad,01111831-9107-43c4-bf0e-6b26e9b32a2b,yes
Stationary,11,Search,7,3105,,no,0,0.0,0,#C C watches the laptop,watches laptop,"Low body/hand motion, focused attention.",r002,Cleaning,,1116.6940186,Bad,01111831-9107-43c4-bf0e-6b26e9b32a2b,no
Object Transfer,11,,5,4541,,no,0,0.0,0,#C C drops the bedsheet on the bed,drops bedsheet on bed,"[CtxFixed] The action of dropping the bedsheet onto the bed is a deliberate placement, which fits the definition of 'Object Transfer'.",r002,Cleaning,,2129.6635553125,Gold,01111831-9107-43c4-bf0e-6b26e9b32a2b,no
Object Transfer,11,,3,10379,,no,0,0.0,0,#C C lifts the bed sheet,lifts bed sheet,"The action involves picking up the bed sheet, which is a logistics step.",r002,Cleaning,,2130.9970353125,Gold,01111831-9107-43c4-bf0e-6b26e9b32a2b,no
Object Transfer,11,,11,1200,,no,0,0.0,0,#C C picks a pillow case,picks pillow case,"Logistics step, picking up an object.",r002,Cleaning,,2194.429910954664,Gold,01111831-9107-43c4-bf0e-6b26e9b32a2b,no
Object Transfer,11,,27,220,,no,0,0.0,0,#C C picks a pillow,picks pillow,"Logistics step, picking up an object.",r002,Cleaning,,2206.259840954664,Gold,01111831-9107-43c4-bf0e-6b26e9b32a2b,no
Object Transfer,11,,4,7171,,no,0,0.0,0,#C C picks pillows,picks pillows,Logistics step involving picking up objects.,r002,Cleaning,,2224.579190954664,Gold,01111831-9107-43c4-bf0e-6b26e9b32a2b,no
Stationary,11,,4,5913,watchlist_verb,yes,0,0.0,0,#C C holds bedsheet,holds bedsheet,Holding an object with minimal movement.,r002,Cleaning,,2275.446060954664,Gold,01111831-9107-43c4-bf0e-6b26e9b32a2b,yes
Object Transfer,11,Task Operation,6,4049,,no,1,1.0,1,#C C tucks bedsheet,tucks bedsheet,"Logistics of arranging the bedsheet, involves picking up and placing the sheet.",r002,Cleaning,,2280.054940954664,Bad,01111831-9107-43c4-bf0e-6b26e9b32a2b,no
Search,11,,4,6747,,no,0,0.0,0,#C C looks at bed,looks at bed,"Head movement (visual inspection), hands mostly still.",r002,Cleaning,,2305.501630954664,Gold,01111831-9107-43c4-bf0e-6b26e9b32a2b,no
Object Transfer,11,,3,11178,,no,0,0.0,0,#C C picks duvet cover,picks duvet cover,Logistics step involving picking up an object.,r002,Cleaning,,2386.186160954664,Gold,01111831-9107-43c4-bf0e-6b26e9b32a2b,no
Stationary,11,Task Operation,5,5610,,no,0,0.0,0,#C C stretches duvet cover,stretches duvet cover,Stretches involve minimal movement and are generally low energy.,r002,Cleaning,,2433.923360954664,Bad,01111831-9107-43c4-bf0e-6b26e9b32a2b,no
Stationary,11,,5,5568,,no,0,0.0,0,#C C stares at the bed,stares at bed,"Low body/hand motion, indicating an idle or waiting state.",r002,Cleaning,,2479.859108645833,Gold,01111831-9107-43c4-bf0e-6b26e9b32a2b,no
Stationary,11,Task Operation,4,8130,,no,0,0.0,0,#C C spreads the bed,spreads bed,"The action of spreading a bed is typically performed while standing or sitting in one place, with minimal body movement.",r002,Cleaning,,2573.725778645833,Bad,01111831-9107-43c4-bf0e-6b26e9b32a2b,no
Locomotion,11,,3,9006,watchlist_verb,yes,0,0.0,0,#C C moves around the bedroom,moves around bedroom,"Body moving through space, indicative of movement around the room.",r002,Cleaning,,2635.595518645833,Gold,01111831-9107-43c4-bf0e-6b26e9b32a2b,yes
Object Transfer,11,,3,11135,,no,0,0.0,0,#C C picks the cloths on the floor,picks cloths on floor,Logistics step involving picking up an object.,r002,Cleaning,Task Operation,2646.1448186458333,Gold,01111831-9107-43c4-bf0e-6b26e9b32a2b,no
Locomotion,11,,10,1557,,no,0,0.0,0,#C C walks in the bedroom,walks in bedroom,Body moving through space (walking).,r002,Cleaning,,2652.035618645833,Gold,01111831-9107-43c4-bf0e-6b26e9b32a2b,no
Object Transfer,11,,5,4339,watchlist_verb,yes,0,0.0,0,# C C opens the laundry machine,opens laundry machine,Opening the laundry machine is a logistics step involving interaction with an object.,r002,Cleaning,,2690.9459486458336,Gold,01111831-9107-43c4-bf0e-6b26e9b32a2b,yes
Stationary,11,Task Operation,7,3016,,no,0,0.0,0,#C C sets the washing machine,sets washing machine,Setting the washing machine involves minimal movement.,r002,Cleaning,,2694.9964486458334,Bad,01111831-9107-43c4-bf0e-6b26e9b32a2b,no
Task Operation,11,,9,1827,,no,0,0.0,0,#C C pours the detergent in the washing machine,pours detergent in washing machine,Core task involving high hand activity.,r002,Cleaning,,2709.388048645834,Gold,01111831-9107-43c4-bf0e-6b26e9b32a2b,no
Locomotion,11,,5,5741,,no,0,0.0,0,#C C walks towards a room,walks towards room,"Body moving through space, indicative of walking.",r002,Cleaning,,2727.4850186000003,Gold,01111831-9107-43c4-bf0e-6b26e9b32a2b,no
Search,11,,3,10495,,no,0,0.0,0,#C C looks on the left,looks on left,"Head movement (visual search), hands mostly still.",r002,Cleaning,,2801.1015886000005,Gold,01111831-9107-43c4-bf0e-6b26e9b32a2b,no
Object Transfer,11,,5,5649,,no,0,0.0,0,#C C takes the phone on the table,takes phone on table,"Logistics step, picking up an object.",r002,Cleaning,,3568.124661979167,Gold,01111831-9107-43c4-bf0e-6b26e9b32a2b,no
Stationary,11,,3,8825,watchlist_verb,yes,0,0.0,0,#C C holds lighting cables with both hands,holds lighting cables with both hands,"Low body/hand motion, holding position.",r002,Carpentry,,132.59092,Gold,03be7d83-7394-45b9-9f36-b55ad721aee1,yes
Stationary,11,,7,2484,watchlist_verb,yes,0,0.0,0,#C C holds lighting cables with the left hand,holds lighting cables with left hand,"Low body/hand motion, holding position.",r002,Carpentry,,151.70267,Gold,03be7d83-7394-45b9-9f36-b55ad721aee1,yes
Task Operation,11,,3,9702,,no,0,0.0,0,#C C connects lighting cables with both hands,connects lighting cables with both hands,Core manual task involving high hand activity.,r002,Carpentry,,177.96566,Gold,03be7d83-7394-45b9-9f36-b55ad721aee1,no
Locomotion,11,,3,10643,,no,0,0.0,0,#O a man H rides on the scooter,man h rides on scooter,"Body moving through space (riding a scooter), high body acceleration.",r002,Cleaning,,90.1216,Gold,09c98c4f-dc2a-429b-8afa-624211cd4bfd,no
Search,11,,100,13,,no,0,0.0,0,#C C looks left,looks left,"Head movement (visual search), hands mostly still.",r002,Mechanical Repair,,833.7510333333333,Gold,0daaa66c-fb5f-4680-b84c-2f65f0f0bd9b,no
Stationary,11,Search,3,10472,,no,0,0.0,0,#C C looks at the pavement,looks at pavement,"Low body/hand motion, focus on visual inspection.",r002,Mechanical Repair,,1285.9907066666667,Bad,0daaa66c-fb5f-4680-b84c-2f65f0f0bd9b,no
Object Transfer,11,Stationary,3,9392,watchlist_verb,yes,0,0.0,0,#C C touches the tap knob,touches tap knob,"Logistics step, short burst of hand activity.",r002,Cooking,,13.6038886,Bad,105d3303-8e2d-4c20-96ff-e9a8ff325109,yes
Object Transfer,11,,9,1937,,no,0,0.0,0,#C C throws waste in the trash bin,throws waste in trash bin,Logistics action of placing an object into the trash bin.,r002,Cooking,,181.3575486,Gold,105d3303-8e2d-4c20-96ff-e9a8ff325109,no
Object Transfer,11,,4,7045,,no,0,0.0,0,#C C picks broccoli from the chopping board,picks broccoli from chopping board,Logistics step involving picking up an object.,r002,Cooking,,240.6248286,Gold,105d3303-8e2d-4c20-96ff-e9a8ff325109,no
Object Transfer,11,,4,6064,watchlist_verb,yes,0,0.0,0,#C C moves a bowl on the countertop,moves bowl on countertop,Logistics step involving moving an object.,r002,Cooking,,593.703947613672,Gold,105d3303-8e2d-4c20-96ff-e9a8ff325109,yes
Object Transfer,11,,7,2808,,no,0,0.0,0,#C C picks a measuring cup from the countertop,picks measuring cup from countertop,Logistics step involving picking up an object.,r002,Cooking,,598.6505676136719,Gold,105d3303-8e2d-4c20-96ff-e9a8ff325109,no
Search,11,,4,8107,,no,1,1.0,1,#C C sniffs liquid in the measuring cup,sniffs liquid in measuring cup,"Visual and olfactory inspection, minimal body motion.",r002,Cooking,,604.3621076136719,Skip,105d3303-8e2d-4c20-96ff-e9a8ff325109,no
Object Transfer,11,,5,5144,,no,0,0.0,0,#C C places measuring cup on the kitchen countertop,places measuring cup on kitchen countertop,Logistics step involving placing an object.,r002,Cooking,,609.8282476136719,Gold,105d3303-8e2d-4c20-96ff-e9a8ff325109,no
Object Transfer,11,,7,2872,,no,0,0.0,0,#C C places paper on the countertop,places paper on countertop,Logistics step involving placing an object.,r002,Cooking,,686.934227613672,Gold,105d3303-8e2d-4c20-96ff-e9a8ff325109,no
Task Operation,11,,12,1063,,no,0,0.0,0,#C C stirs ingredients in the cooking pan,stirs ingredients in cooking pan,Core task involving high hand activity.,r002,Cooking,,795.4132576136719,Gold,105d3303-8e2d-4c20-96ff-e9a8ff325109,no
Object Transfer,11,,8,2223,,no,0,0.0,0,#C C picks the stirring spoon,picks stirring spoon,"Logistics step, picking up an object.",r002,Cooking,,833.3170109374354,Gold,105d3303-8e2d-4c20-96ff-e9a8ff325109,no
Object Transfer,11,,3,11805,,no,0,0.0,0,#C C places the solids in a measuring cup,places solids in measuring cup,Logistics step involving picking up and placing objects.,r002,Cooking,,883.9084909374354,Gold,105d3303-8e2d-4c20-96ff-e9a8ff325109,no
Object Transfer,11,,5,5021,,no,0,0.0,0,#C C picks a sieving bowl,picks sieving bowl,"Logistics action, picking up an object.",r002,Cooking,,979.0230709374354,Gold,105d3303-8e2d-4c20-96ff-e9a8ff325109,no
Object Transfer,11,,3,11397,,no,0,0.0,0,#C C picks the sieving spoon,picks sieving spoon,"Logistics step, picking up an object.",r002,Cooking,,990.6763909374354,Gold,105d3303-8e2d-4c20-96ff-e9a8ff325109,no
Task Operation,11,,4,7461,,no,0,0.0,0,#C C pours the liquid in the sink,pours liquid in sink,Core task involving high hand activity.,r002,Cooking,,1115.2355871449215,Gold,105d3303-8e2d-4c20-96ff-e9a8ff325109,no
Object Transfer,11,,20,374,,no,0,0.0,0,#C C puts the spoon on the chopping board,puts spoon on chopping board,Logistics/Setup step involving placing an object.,r002,Cooking,,1117.4622271449218,Gold,105d3303-8e2d-4c20-96ff-e9a8ff325109,no
Stationary,11,,5,4365,watchlist_verb,yes,0,0.0,0,#C C touches the food with her left hand,touches food with her left hand,"Low body/hand motion, possibly inspecting the food.",r002,Cooking,,1147.226617144922,Gold,105d3303-8e2d-4c20-96ff-e9a8ff325109,yes
Task Operation,11,,4,8347,,no,0,0.0,0,#C C turns the food with the spoon,turns food with spoon,"Core task involving manipulation with hands, high hand activity.",r002,Cooking,,1375.3746635238172,Gold,105d3303-8e2d-4c20-96ff-e9a8ff325109,no
Task Operation,11,,4,7987,,no,0,0.0,0,#C C rinses the cooking pan with water,rinses cooking pan with water,Core manual task involving high hand activity.,r002,Cooking,,1480.1293235238172,Gold,105d3303-8e2d-4c20-96ff-e9a8ff325109,no
Object Transfer,11,,3,9942,,no,0,0.0,0,#C C drops the hand towel on the table,drops hand towel on table,Refined via regex fallback,r002,Cooking,,1577.0687135238172,Gold,105d3303-8e2d-4c20-96ff-e9a8ff325109,no
Object Transfer,11,,6,3682,,no,0,0.0,0,#C C picks tin from the drawer,picks tin from drawer,"Logistics/Setup step, picking up an object.",r002,Cooking,,1588.1720235238172,Gold,105d3303-8e2d-4c20-96ff-e9a8ff325109,no
Object Transfer,11,,4,7094,,no,0,0.0,0,#C C picks some food with her left hand,picks food with her left hand,Logistics step involving picking up an object.,r002,Cooking,,1621.9811135238174,Gold,105d3303-8e2d-4c20-96ff-e9a8ff325109,no
Object Transfer,11,,3,9219,watchlist_verb,yes,0,0.0,0,#C C opens a the cooker top,opens cooker top,Logistics/Setup step (opening an object).,r002,Cooking,,1740.896944093164,Gold,105d3303-8e2d-4c20-96ff-e9a8ff325109,yes
Object Transfer,11,,3,8692,watchlist_verb,yes,0,0.0,0,#C C closes the cooker top,closes cooker top,"Closing an object, which involves a specific action rather than continuous motion or search.",r002,Cooking,,1746.207864093164,Gold,105d3303-8e2d-4c20-96ff-e9a8ff325109,yes
Object Transfer,11,,5,5174,,no,0,0.0,0,#C C places the wood on the slider,places wood on slider,Logistics step involving placing an object.,r002,Carpentry,,36.1309496,Gold,119cd9ee-665e-477c-a271-80c06e78e3d4,no
Task Operation,11,,6,3793,,no,0,0.0,0,#C C pushes the slider,pushes slider,"Core task involving manual effort, likely with high hand acceleration.",r002,Carpentry,,201.1790196,Gold,119cd9ee-665e-477c-a271-80c06e78e3d4,no
Object Transfer,11,Task Operation,3,10211,,no,0,0.0,0,#C C gathers pieces of wood on the sliding table saw,gathers pieces of wood on sliding table saw,"Logistics of moving pieces of wood, short bursts of hand activity.",r002,Carpentry,,280.4460996,Bad,119cd9ee-665e-477c-a271-80c06e78e3d4,no
Object Transfer,11,,3,9997,,no,0,0.0,0,#C C drops the piece of wood in the bucket,drops piece of wood in bucket,"[CtxFixed] The action of dropping the piece of wood into the bucket appears to be a deliberate placement, which fits the definition of 'Object Transfer'.",r002,Carpentry,,288.3987009546634,Gold,119cd9ee-665e-477c-a271-80c06e78e3d4,no
Locomotion,11,,4,8429,,no,0,0.0,0,#C C walks to a wooden base #unsure,walks to wooden base,Movement through space to reach a destination.,r002,Carpentry,,520.2692909546635,Gold,119cd9ee-665e-477c-a271-80c06e78e3d4,no
Task Operation,11,,4,6598,,no,0,0.0,0,#C C fixes the wood in the part of the workbench with his right hand,fixes wood in part of workbench with his right hand,Core manual task involving high hand activity.,r002,Carpentry,,601.3339109546633,Gold,119cd9ee-665e-477c-a271-80c06e78e3d4,no
Task Operation,11,,6,3979,,no,0,0.0,0,#C C smoothens an edge of the wood with the chisel,smoothens edge of wood with chisel,Core manual task involving high hand activity.,r002,Carpentry,,608.6538309546634,Gold,119cd9ee-665e-477c-a271-80c06e78e3d4,no
Task Operation,11,,4,8325,,no,0,0.0,0,#C C tightens the knob with his left hand,tightens knob with his left hand,Core manual task involving high hand activity.,r002,Carpentry,,628.8436609546634,Gold,119cd9ee-665e-477c-a271-80c06e78e3d4,no
Object Transfer,11,,4,7242,,no,0,0.0,0,#C C picks up the chisel from the workbench,picks up chisel from workbench,Logistics step of picking up an object.,r002,Carpentry,,630.3425909546634,Gold,119cd9ee-665e-477c-a271-80c06e78e3d4,no
Object Transfer,11,,5,4551,,no,0,0.0,0,#C C drops the chisel on the workbench,drops chisel on workbench,"[CtxFixed] The action of dropping the chisel onto the workbench is a deliberate placement, indicating that the chisel is being transferred to a specific location.",r002,Carpentry,,650.5145109546634,Gold,119cd9ee-665e-477c-a271-80c06e78e3d4,no
Stationary,11,Task Operation,4,5850,watchlist_verb,yes,0,0.0,0,#C C adjusts his head camera #unsure,adjusts his head camera,"Low body/hand motion, head movement is likely minimal and does not involve a task.",r002,Carpentry,,765.6719609546634,Bad,119cd9ee-665e-477c-a271-80c06e78e3d4,yes
Stationary,11,,5,4250,watchlist_verb,yes,0,0.0,0,#C C holds a wire with his right hand.,holds wire with his right hand,"Low body/hand motion, holding an object without movement.",r002,Carpentry,,20.1874496,Gold,127392a3-036a-4af6-9db9-ca00141229db,yes
Locomotion,11,,5,5734,,no,0,0.0,0,#C C walks to the other side of the building.,walks to other side of building,"Body moving through space, high body acceleration.",r002,Carpentry,,29.820069600000004,Gold,127392a3-036a-4af6-9db9-ca00141229db,no
Task Operation,11,Stationary,5,4646,,no,0,0.0,0,#C C folds the wire.,folds wire,Core task involving fine manual manipulation.,r002,Carpentry,,38.2893096,Bad,127392a3-036a-4af6-9db9-ca00141229db,no
Object Transfer,11,,4,7379,,no,0,0.0,0,#C C places the plastic material on the wall. #unsure,places plastic material on wall,"The action involves placing an object, which is a logistics step.",r002,Carpentry,,456.4925709546634,Gold,127392a3-036a-4af6-9db9-ca00141229db,no
Stationary,11,,3,8869,watchlist_verb,yes,0,0.0,0,#C C holds the plastic material with his hands. #unsure,holds plastic material with his hands,"Low body/hand motion, holding an object without movement.",r002,Carpentry,,500.5523609546634,Gold,127392a3-036a-4af6-9db9-ca00141229db,yes
Locomotion,11,,4,8283,,no,0,0.0,0,#C C takes some steps forward.,takes steps forward,"Body moving through space, indicative of walking or stepping.",r002,Carpentry,,521.9452609546634,Gold,127392a3-036a-4af6-9db9-ca00141229db,no
Object Transfer,11,,4,7191,,no,0,0.0,0,#C C picks a sachet from the dish,picks sachet from dish,Logistics action involving picking up an object.,r002,Cooking,,26.8295986,Gold,12bf3659-40c4-4094-a4d3-507ec04bc512,no
Object Transfer,11,,3,11364,,no,0,0.0,0,#C C picks a sachet from the table,picks sachet from table,Logistics step involving picking up an object.,r002,Cooking,,80.4836786,Gold,12bf3659-40c4-4094-a4d3-507ec04bc512,no
Task Operation,11,,6,4118,,no,0,0.0,0,#C C wipes the knife with the finger,wipes knife with finger,Core manual task involving high hand activity.,r002,Cooking,,179.95335859999997,Gold,12bf3659-40c4-4094-a4d3-507ec04bc512,no
Object Transfer,11,,4,5900,watchlist_verb,yes,0,0.0,0,#C C closes the sachet,closes sachet,"Closing an object, involves logistics of handling and manipulating the sachet.",r002,Cooking,,212.9804886,Gold,12bf3659-40c4-4094-a4d3-507ec04bc512,yes
Task Operation,11,,4,6924,,no,0,0.0,0,#C C mixes the ingredients in the bowl,mixes ingredients in bowl,Core manual task involving active hand movements.,r002,Cooking,,238.3837686,Gold,12bf3659-40c4-4094-a4d3-507ec04bc512,no
Object Transfer,11,,6,3683,,no,0,0.0,0,#C C picks the tin from the table,picks tin from table,Logistics step involving picking up an object.,r002,Cooking,,243.2906786,Gold,12bf3659-40c4-4094-a4d3-507ec04bc512,no
Stationary,11,Search,4,6758,,no,0,0.0,0,#C C looks at the sink,looks at sink,"Low body/hand motion, visual inspection.",r002,Cooking,,315.60327731263703,Bad,12bf3659-40c4-4094-a4d3-507ec04bc512,no
Task Operation,11,,3,9755,,no,0,0.0,0,#C C cuts the paper with a scissors,cuts paper with scissors,Core task involving high hand activity.,r002,Cooking,,328.10151731263704,Gold,12bf3659-40c4-4094-a4d3-507ec04bc512,no
Object Transfer,11,,13,831,,no,0,0.0,0,#C C lifts the fish fillet,lifts fish fillet,Logistics step involving picking up an object.,r002,Cooking,,335.40608731263706,Gold,12bf3659-40c4-4094-a4d3-507ec04bc512,no
Object Transfer,11,,4,7339,,no,0,0.0,0,#C C places the fish fillet on the chopping board,places fish fillet on chopping board,Logistics step involving picking up and placing an object.,r002,Cooking,,336.77259731263706,Gold,12bf3659-40c4-4094-a4d3-507ec04bc512,no
Stationary,11,,13,800,watchlist_verb,yes,0,0.0,0,#C C holds the fish fillet,holds fish fillet,"Low body/hand motion, holding an object.",r002,Cooking,,349.31162731263703,Gold,12bf3659-40c4-4094-a4d3-507ec04bc512,yes
Object Transfer,11,,3,11732,,no,0,0.0,0,#C C places the knife on the sink,places knife on sink,Logistics step involving placing an object.,r002,Cooking,,484.498097312637,Gold,12bf3659-40c4-4094-a4d3-507ec04bc512,no
Object Transfer,11,,9,1823,,no,0,0.0,0,#C C places the tin on the shelf,places tin on shelf,Logistics step involving picking up and placing an object.,r002,Cooking,,518.1059673126371,Gold,12bf3659-40c4-4094-a4d3-507ec04bc512,no
Object Transfer,11,,4,7359,,no,0,0.0,0,#C C places the lid on the cooker,places lid on cooker,Logistics step involving picking up and placing an object.,r002,Cooking,,565.5023876136719,Gold,12bf3659-40c4-4094-a4d3-507ec04bc512,no
Stationary,11,,4,6195,watchlist_verb,yes,0,0.0,0,#C C touches the fish fillet,touches fish fillet,"Low body/hand motion, likely involves fine motor skills with minimal acceleration.",r002,Cooking,,567.5864376136719,Gold,12bf3659-40c4-4094-a4d3-507ec04bc512,yes
Object Transfer,11,,4,6471,,no,0,0.0,0,#C C drops the fish fillet on a bowl of egg,drops fish fillet on bowl of egg,Refined via regex fallback,r002,Cooking,,611.8342276136719,Gold,12bf3659-40c4-4094-a4d3-507ec04bc512,no
Stationary,11,,3,8793,watchlist_verb,yes,0,0.0,0,#C C holds a fish fillet with a fork,holds fish fillet with fork,"Low body/hand motion, holding an object.",r002,Cooking,,626.482757613672,Gold,12bf3659-40c4-4094-a4d3-507ec04bc512,yes
Object Transfer,11,,5,5425,,no,0,0.0,0,#C C removes the fish fillet from the fork,removes fish fillet from fork,Logistics step involving picking up and putting down the fish fillet.,r002,Cooking,,635.674277613672,Gold,12bf3659-40c4-4094-a4d3-507ec04bc512,no
Task Operation,11,,7,3002,,no,0,0.0,0,#C C rubs the fish filet on #Unsure,rubs fish filet on,Core task involving high hand activity.,r002,Cooking,,673.9869476136719,Gold,12bf3659-40c4-4094-a4d3-507ec04bc512,no
Task Operation,11,,10,1508,,no,0,0.0,0,#C C rubs the fish fillet on #unsure,rubs fish fillet on,"Core task involving manual manipulation, likely with high hand acceleration.",r002,Cooking,,720.6449276136719,Gold,12bf3659-40c4-4094-a4d3-507ec04bc512,no
Object Transfer,11,,5,5099,,no,0,0.0,0,#C C places the broccoli on the chopping board,places broccoli on chopping board,Logistics step of placing an object.,r002,Cooking,,788.2208076136719,Gold,12bf3659-40c4-4094-a4d3-507ec04bc512,no
Object Transfer,11,,3,11290,,no,0,0.0,0,#C C picks a pair of scissors on the floor,picks pair of scissors on floor,Logistics step involving picking up an object.,r002,Cleaning,,4.4939986,Gold,14d6ec93-4a74-4776-8837-abe5a305271f,no
Object Transfer,11,,3,11164,,no,0,0.0,0,#C C picks dog fur on the floor with the left hand,picks dog fur on floor with left hand,Logistics step involving picking up an object.,r002,Cleaning,,210.7373586,Gold,14d6ec93-4a74-4776-8837-abe5a305271f,no
Object Transfer,11,,10,1546,,no,0,0.0,0,#C C throws dog fur on the floor with the left hand,throws dog fur on floor with left hand,Logistics step involving moving an object (dog fur).,r002,Cleaning,,211.7607886,Gold,14d6ec93-4a74-4776-8837-abe5a305271f,no
Object Transfer,11,,5,4470,,no,0,0.0,0,#C C collects dog fur on the floor with the left hand,collects dog fur on floor with left hand,Logistics step involving picking up and moving an object.,r002,Cleaning,,303.3868285030023,Gold,14d6ec93-4a74-4776-8837-abe5a305271f,no
Object Transfer,11,,5,5152,,no,0,0.0,0,#C C places a pair of scissors on the floor,places pair of scissors on floor,"Placing an object, involves picking up and putting down an item.",r002,Cleaning,,452.2875785030023,Gold,14d6ec93-4a74-4776-8837-abe5a305271f,no
Task Operation,11,,7,3075,,no,0,0.0,0,#C C trims dog fur with a hair clipper,trims dog fur with hair clipper,Core manual task involving high hand activity.,r002,Cleaning,,457.2689385030023,Gold,14d6ec93-4a74-4776-8837-abe5a305271f,no
Task Operation,11,,6,3915,,no,0,0.0,0,#C C removes dog fur from the hair clipper,removes dog fur from hair clipper,Core task involving high hand activity.,r002,Cleaning,,472.8324885030023,Gold,14d6ec93-4a74-4776-8837-abe5a305271f,no
Object Transfer,11,,3,11096,,no,0,0.0,0,#C C picks cable on the table,picks cable on table,Logistics action involving picking up an object.,r002,Carpentry,,18.11407,Gold,15ce76af-7eb0-4d27-9289-c9c71863f603,no
Object Transfer,11,,3,11629,,no,0,0.0,0,#C C places cable on the table,places cable on table,"The action involves placing an object, which is a logistics step.",r002,Carpentry,,26.64691,Gold,15ce76af-7eb0-4d27-9289-c9c71863f603,no
Stationary,11,Task Operation,6,4079,,no,0,0.0,0,#C C unties the rope,unties rope,The action of untieing a rope is a fine motor skill that does not involve significant body or hand acceleration.,r002,Carpentry,,163.41098,Bad,15ce76af-7eb0-4d27-9289-c9c71863f603,no
Stationary,11,Task Operation,4,6610,,no,0,0.0,0,#C C folds the rope,folds rope,The action of folding a rope is a fine motor skill that likely involves minimal body movement and low energy expenditure.,r002,Carpentry,,211.47629,Bad,15ce76af-7eb0-4d27-9289-c9c71863f603,no
Stationary,11,Task Operation,5,4152,watchlist_verb,yes,0,0.0,0,#C C adjusts the machine,adjusts machine,"Adjusting a machine typically involves fine-tuning and monitoring, which are low-energy activities.",r002,Carpentry,,341.17586,Bad,15ce76af-7eb0-4d27-9289-c9c71863f603,yes
Stationary,11,,5,4146,watchlist_verb,yes,0,0.0,0,#C C adjusts the glove,adjusts glove,"Low body/hand motion, likely involves minor hand movements.",r002,Carpentry,,488.50267,Gold,15ce76af-7eb0-4d27-9289-c9c71863f603,yes
Search,11,,5,4445,,no,0,0.0,0,#C C checks his watch,checks his watch,"Head movement (visual check), passive hands.",r002,Carpentry,,877.7375633333334,Gold,15ce76af-7eb0-4d27-9289-c9c71863f603,no
Stationary,11,,4,8383,,no,0,0.0,1,#C C unlocks phone,unlocks phone,"Minimal body movement, likely involves fine hand manipulation but overall low energy activity.",r002,Carpentry,,1104.5620366666667,,15ce76af-7eb0-4d27-9289-c9c71863f603,no
Task Operation,11,,14,706,,no,0,0.0,0,#C C dips the paintbrush in his gloved right hand into the paint bucket on the floor.,dips paintbrush in his gloved right hand into paint bucket on floor,The action involves a core manual task with high hand activity.,r002,Mechanical Repair,,22.9999996,Gold,18be74c1-9b20-41ca-8a89-7d0a1832ff55,no
Stationary,11,,5,5126,,no,0,0.0,0,#C C places his gloved left hand on the wooden top rail. #Unsure,places his gloved left hand on wooden top rail,The action describes a static position with minimal movement.,r002,Mechanical Repair,,33.920089600000004,Gold,18be74c1-9b20-41ca-8a89-7d0a1832ff55,no
Task Operation,11,,12,983,,no,0,0.0,0,#C C paints the wooden top rail with the paintbrush in his gloved right hand.,paints wooden top rail with paintbrush in his gloved right hand,Core manual task involving high hand activity.,r002,Mechanical Repair,,34.3344096,Gold,18be74c1-9b20-41ca-8a89-7d0a1832ff55,no
Stationary,11,,4,6223,watchlist_verb,yes,0,0.0,0,#C C touches the wooden top rail with his gloved left hand.,touches wooden top rail with his gloved left hand,"Low body/hand motion, touch action indicates inspection or confirmation.",r002,Mechanical Repair,,298.3356009546634,Gold,18be74c1-9b20-41ca-8a89-7d0a1832ff55,yes
Object Transfer,11,Stationary,3,10521,,no,0,0.0,0,#C C lowers his gloved left hand.,lowers his gloved left hand,The action describes a hand movement related to logistics or setup.,r002,Mechanical Repair,,313.9789709546634,Bad,18be74c1-9b20-41ca-8a89-7d0a1832ff55,no
Task Operation,11,,6,3380,,no,0,0.0,0,#C C dips the brush in his gloved right hand into the paint in a paint bucket on the floor.,dips brush in his gloved right hand into paint in paint bucket on floor,Core task involving high hand activity with the brush.,r002,Mechanical Repair,,317.7902609546634,Gold,18be74c1-9b20-41ca-8a89-7d0a1832ff55,no
Stationary,11,,3,8741,watchlist_verb,yes,0,0.0,0,#C C holds a baluster of the wooden rail with his gloved left hand.,holds baluster of wooden rail with his gloved left hand,"The action describes holding an object, which involves minimal motion.",r002,Mechanical Repair,,484.3644409546634,Gold,18be74c1-9b20-41ca-8a89-7d0a1832ff55,yes
Task Operation,11,,3,10863,,no,0,0.0,0,#C C paints the baluster of the wooden rail with the paint brush in his gloved right hand.,paints baluster of wooden rail with paint brush in his gloved right hand,Core manual task with high hand activity.,r002,Mechanical Repair,,488.5640709546634,Gold,18be74c1-9b20-41ca-8a89-7d0a1832ff55,no
Task Operation,11,,3,10868,,no,0,0.0,0,#C C paints the wooden rail baluster with the paintbrush in his gloved right hand.,paints wooden rail baluster with paintbrush in his gloved right hand,Core manual task involving high hand activity.,r002,Mechanical Repair,,543.1356152666667,Gold,18be74c1-9b20-41ca-8a89-7d0a1832ff55,no
Task Operation,11,,5,4523,,no,0,0.0,0,#C C dips the paintbrush in his gloved right hand into the paint in a paint bucket on the floor.,dips paintbrush in his gloved right hand into paint in paint bucket on floor,Core manual task involving high hand activity.,r002,Mechanical Repair,,585.0909952666667,Gold,18be74c1-9b20-41ca-8a89-7d0a1832ff55,no
Stationary,11,,3,9385,watchlist_verb,yes,0,0.0,0,#C C touches a polythene sheet on the ground with his gloved left hand.,touches polythene sheet on ground with his gloved left hand,"Low body/hand motion, indicative of a pause or inspection.",r002,Mechanical Repair,,636.9875952666666,Gold,18be74c1-9b20-41ca-8a89-7d0a1832ff55,yes
Task Operation,11,,4,6952,,no,0,0.0,0,#C C paints the of the wooden rail baluster with the paintbrush in his gloved right hand.,paints of wooden rail baluster with paintbrush in his gloved right hand,Core manual task involving high hand activity.,r002,Mechanical Repair,,651.8036252666667,Gold,18be74c1-9b20-41ca-8a89-7d0a1832ff55,no
Locomotion,11,,5,5731,,no,0,0.0,0,#C C walks to his left towards the paint bucket on the floor.,walks to his left towards paint bucket on floor,Body moving through space (walking).,r002,Mechanical Repair,,883.3461852666667,Gold,18be74c1-9b20-41ca-8a89-7d0a1832ff55,no
Object Transfer,11,Stationary,4,7927,,no,0,0.0,0,#C C removes her left hand from a polythene on the floor,removes her left hand from polythene on floor,"The action involves removing a hand from an object, which is a logistical step.",r002,Mechanical Repair,,1365.9943042879966,Bad,18be74c1-9b20-41ca-8a89-7d0a1832ff55,no
Stationary,11,Task Operation,4,8012,,no,0,0.0,0,#C C rotates the food,rotates food,"Rotation of food indicates low body motion, potentially while standing still.",r002,Cooking,,275.0413486,Bad,1b204c9b-30da-47cc-b793-8813169e72c7,no
Object Transfer,11,,4,7978,,no,0,0.0,0,#C C returns unknown to the fidge,returns unknown to fidge,Returning an object to a location (logistics step).,r002,Cooking,,292.29773080703126,Gold,1b204c9b-30da-47cc-b793-8813169e72c7,no
Task Operation,11,,11,1174,,no,0,0.0,0,#C C peels off the outer layer,peels off outer layer,Core manual task involving high hand activity.,r002,Cooking,,896.5960273792969,Gold,1b204c9b-30da-47cc-b793-8813169e72c7,no
Task Operation,11,,3,9719,,no,0,0.0,0,#C C crashes the garlic with the knife,crashes garlic with knife,Core task involving manual operation with the hands.,r002,Cooking,,1177.161027379297,Gold,1b204c9b-30da-47cc-b793-8813169e72c7,no
Object Transfer,11,,3,11535,,no,0,0.0,0,#C C picks up a piece of garlic,picks up piece of garlic,Logistics step involving picking up an object.,r002,Cooking,,1323.9050273792968,Gold,1b204c9b-30da-47cc-b793-8813169e72c7,no
Task Operation,11,,4,8381,,no,0,0.0,0,#C C unfolds the napkin with both hands.,unfolds napkin with both hands,Core manual task involving precise hand movements.,r002,Cleaning,,22.373829600000004,Gold,1bfe5ac2-cbf8-4364-8a30-60d97dd395df,no
Task Operation,11,,13,818,,no,0,0.0,0,#C C dips the napkin in the bucket of water.,dips napkin in bucket of water,Core task involving hand movement and interaction with objects.,r002,Cleaning,,36.418459600000006,Gold,1bfe5ac2-cbf8-4364-8a30-60d97dd395df,no
Task Operation,11,,16,586,,no,0,0.0,0,#C C squeezes water from the napkin in to the bucket of water.,squeezes water from napkin in to bucket of water,Core task involving manual effort with hands.,r002,Cleaning,,38.7932496,Gold,1bfe5ac2-cbf8-4364-8a30-60d97dd395df,no
Object Transfer,11,Task Operation,7,3088,,no,0,0.0,0,#C C unfolds the napkin with both hands.,unfolds napkin with both hands,Action involves picking up and unfolding an object.,r002,Cleaning,,179.6284096,Bad,1bfe5ac2-cbf8-4364-8a30-60d97dd395df,no
Locomotion,11,Object Transfer,3,11991,,no,0,0.0,0,#C C pulls the bucket of water to herself.,pulls bucket of water to herself,"Body moving through space to pull the bucket, indicating high body acceleration.",r002,Cleaning,,206.0219396,Bad,1bfe5ac2-cbf8-4364-8a30-60d97dd395df,no
Object Transfer,11,,3,9312,watchlist_verb,yes,0,0.0,0,#C C pulls the bucket of water close to her.,pulls bucket of water close to her,Logistics step involving moving an object (bucket).,r002,Cleaning,,563.4770609546634,Gold,1bfe5ac2-cbf8-4364-8a30-60d97dd395df,yes
Object Transfer,11,,4,7874,,no,0,0.0,0,#c c puts a water bottle in the fridge,puts water bottle in fridge,Logistics step involving picking up and putting down an object.,r002,Desk Work,,270.1754986,Gold,1e5cd1c1-7023-4800-b743-16a9c2753ac2,no
Object Transfer,11,,7,3052,,no,0,0.0,0,#C C takes a flower pot.,takes flower pot,Logistics/Setup step involving picking up an object.,r002,Gardening,,22.529858593568644,Gold,1f84d80d-6f8d-4e40-aabb-b33aad3ba594,no
Object Transfer,11,,16,582,,no,0,0.0,0,#C C puts the soil in the flower pot.,puts soil in flower pot,Logistics step involving transferring soil to a flower pot.,r002,Gardening,,62.77748526023531,Gold,1f84d80d-6f8d-4e40-aabb-b33aad3ba594,no
Locomotion,11,Object Transfer,3,9066,watchlist_verb,yes,0,0.0,0,#C C moves the flower pot.,moves flower pot,"Body moving through space to move an object, likely involves walking or carrying.",r002,Gardening,,81.73177526023531,Bad,1f84d80d-6f8d-4e40-aabb-b33aad3ba594,yes
Task Operation,11,,5,4707,,no,0,0.0,0,#C C levels the soil.,levels soil,Core manual task involving high hand activity.,r002,Gardening,,146.3125952602353,Gold,1f84d80d-6f8d-4e40-aabb-b33aad3ba594,no
Object Transfer,11,Task Operation,4,8032,,no,0,0.0,0,#C C scoops the flower plant.,scoops flower plant,Logistics step involving picking up and moving an object.,r002,Gardening,,173.4567552602353,Bad,1f84d80d-6f8d-4e40-aabb-b33aad3ba594,no
Task Operation,11,,4,7422,,no,0,0.0,0,#C C plants the flower in the flower pot.,plants flower in flower pot,"Core task involving manual manipulation, high hand activity.",r002,Gardening,,204.3410552602353,Gold,1f84d80d-6f8d-4e40-aabb-b33aad3ba594,no
Task Operation,11,,4,7424,,no,0,0.0,0,#C C plants the seedlings,plants seedlings,Core manual task involving high hand activity.,r002,Gardening,,316.6402350322917,Gold,1f84d80d-6f8d-4e40-aabb-b33aad3ba594,no
Task Operation,11,,5,5450,,no,0,0.0,0,#C C removes the soil using hands,removes soil using hands,Core manual task involving high hand activity.,r002,Gardening,,374.93852503229175,Gold,1f84d80d-6f8d-4e40-aabb-b33aad3ba594,no
Object Transfer,11,,9,1871,,no,0,0.0,0,#C C puts the soil to the seedling tray,puts soil to seedling tray,Logistics step involving the movement of soil to a seedling tray.,r002,Gardening,,380.12601503229166,Gold,1f84d80d-6f8d-4e40-aabb-b33aad3ba594,no
Task Operation,11,,4,7423,,no,0,0.0,0,#C C plants the seedling,plants seedling,Core task involving manual labor with the hands.,r002,Gardening,,505.09944503229167,Gold,1f84d80d-6f8d-4e40-aabb-b33aad3ba594,no
Stationary,11,,6,3952,,no,0,0.0,0,#C C rubs her hands together,rubs her hands together,"Low body/hand motion, likely preparing for a task.",r002,Gardening,,564.0652010671463,Gold,1f84d80d-6f8d-4e40-aabb-b33aad3ba594,no
Object Transfer,11,,4,7775,,no,0,0.0,0,#C C puts the plants in the yellow bucket,puts plants in yellow bucket,Logistics step involving picking up and placing the plants.,r002,Gardening,,897.8621223410996,Gold,1f84d80d-6f8d-4e40-aabb-b33aad3ba594,no
Task Operation,11,,3,11861,,no,0,0.0,0,#C C plucks the plants with her right hand,plucks plants with her right hand,Core manual task involving high hand activity.,r002,Gardening,,898.7003423410996,Gold,1f84d80d-6f8d-4e40-aabb-b33aad3ba594,no
Object Transfer,11,,11,1260,,no,0,0.0,0,#C C puts the spinach leaves in the bucket,puts spinach leaves in bucket,Logistics step involving the transfer of spinach leaves into a bucket.,r002,Gardening,,962.2829123410996,Gold,1f84d80d-6f8d-4e40-aabb-b33aad3ba594,no
Task Operation,11,,5,5190,,no,0,0.0,0,#C C plucks the spinach leaves with her right hand,plucks spinach leaves with her right hand,"Core manual task, high hand activity.",r002,Gardening,,1036.5567823410995,Gold,1f84d80d-6f8d-4e40-aabb-b33aad3ba594,no
Stationary,11,,5,5410,,no,0,0.0,0,#C C reads the paper,reads paper,"Low body/hand motion, likely involves visual focus with minimal physical activity.",r002,Playing Instrument,,26.556908600000003,Gold,271d7528-09b8-4649-bb55-183a94d6a626,no
Object Transfer,11,,7,2728,,no,0,0.0,0,#O man X picks labyrinth board game piece,man x picks labyrinth board game piece,"The action involves picking up an object, which is a logistics step.",r002,Playing Instrument,,44.5061986,Gold,271d7528-09b8-4649-bb55-183a94d6a626,no
Object Transfer,11,,7,2806,,no,0,0.0,0,#C C picks labyrinth board game piece,picks labyrinth board game piece,Logistics step of picking up an object.,r002,Playing Instrument,,58.3637986,Gold,271d7528-09b8-4649-bb55-183a94d6a626,no
Search,11,,3,10468,,no,0,0.0,0,#C C looks at the labyrinth board game,looks at labyrinth board game,"Head movement (visual search), hands mostly still.",r002,Playing Instrument,,135.56674859999998,Gold,271d7528-09b8-4649-bb55-183a94d6a626,no
Stationary,11,,3,8987,watchlist_verb,yes,0,0.0,0,#O man X touches his face,man x touches his face,"Low body/hand motion, likely focused or paused.",r002,Playing Instrument,,718.4200421677084,Gold,271d7528-09b8-4649-bb55-183a94d6a626,yes
Stationary,11,,3,8986,watchlist_verb,yes,0,0.0,0,#O man X touches the card,man x touches card,"Low body/hand motion, likely involves fine motor skills with minimal acceleration.",r002,Playing Instrument,,725.5962521677084,Gold,271d7528-09b8-4649-bb55-183a94d6a626,yes
Object Transfer,11,,5,4801,,no,0,0.0,0,#O man X picks the piece of labyrinth board game,man x picks piece of labyrinth board game,"The action involves picking up an object, which is a logistics step.",r002,Playing Instrument,,746.8722521677084,Gold,271d7528-09b8-4649-bb55-183a94d6a626,no
Task Operation,11,,3,11957,,no,0,0.0,0,#C C presses the brush against the paint container,presses brush against paint container,Core task involving manual dexterity and fine motor skills.,r002,Mechanical Repair,,21.13704,Gold,277e72e5-013a-446d-8463-778f1c786105,no
Stationary,11,,5,4198,watchlist_verb,yes,0,0.0,0,#C C holds down a nylon on the floor with left hand.,holds down nylon on floor with left hand,"Low body/hand motion, holding position.",r002,Mechanical Repair,,107.1185596,Gold,2991b1be-bdae-4fa4-a529-ac46cefb4487,yes
Stationary,11,,3,8988,watchlist_verb,yes,0,0.0,0,#O The man X touches his face with his left hand.,man x touches his face with his left hand,"Low body/hand motion, likely idle or thinking.",r002,Mechanical Repair,,309.63049,Gold,2d1bf98e-a133-4f63-bc1d-91f718078a52,yes
Task Operation,11,,3,9617,,no,0,0.0,0,#C C cleans the bicycle with the cloth in his right hand.,cleans bicycle with cloth in his right hand,Core manual task involving high hand activity.,r002,Mechanical Repair,,317.0995,Gold,2d1bf98e-a133-4f63-bc1d-91f718078a52,no
Object Transfer,11,,6,3578,,no,0,0.0,0,#C C passes the cloth from his left hand to his right hand.,passes cloth from his left hand to his right hand,Logistics step involving the transfer of an object between hands.,r002,Mechanical Repair,,321.68883,Gold,2d1bf98e-a133-4f63-bc1d-91f718078a52,no
Object Transfer,11,,3,10727,,no,0,0.0,0,#C The man X lifts the bicycle up with both hands for C.,man x lifts bicycle up with both hands for,"The action involves lifting an object, which is a logistics step.",r002,Mechanical Repair,,338.73768,Gold,2d1bf98e-a133-4f63-bc1d-91f718078a52,no
Stationary,11,,6,3167,watchlist_verb,yes,0,0.0,0,#C C holds the bicycle with his right hand.,holds bicycle with his right hand,"The action describes holding an object, which implies minimal movement.",r002,Mechanical Repair,,357.56717000000003,Gold,2d1bf98e-a133-4f63-bc1d-91f718078a52,yes
Locomotion,11,,3,10766,,no,0,0.0,0,#O The man X walks out of the workshop.,man x walks out of workshop,Body moving through space (walking).,r002,Mechanical Repair,,397.76237,Gold,2d1bf98e-a133-4f63-bc1d-91f718078a52,no
Task Operation,11,,3,8567,watchlist_verb,yes,0,0.0,0,#C C adjusts the basket on the bicycle with both hands.,adjusts basket on bicycle with both hands,Core manual task involving fine hand movements.,r002,Mechanical Repair,,421.77468,Gold,2d1bf98e-a133-4f63-bc1d-91f718078a52,yes
Object Transfer,11,,11,1091,watchlist_verb,yes,0,0.0,0,#C C closes the drawer with his left hand.,closes drawer with his left hand,"The action involves closing a drawer, which is a logistics step.",r002,Mechanical Repair,,480.21938,Gold,2d1bf98e-a133-4f63-bc1d-91f718078a52,yes
Object Transfer,11,,3,11039,,no,0,0.0,0,#C C picks another cable from a shelf.,picks another cable from shelf,Logistics step involving picking up an object.,r002,Mechanical Repair,,596.4491366666666,Gold,2d1bf98e-a133-4f63-bc1d-91f718078a52,no
Task Operation,11,,4,6587,,no,0,0.0,0,#C C fixes a cable to the basket #unsure,fixes cable to basket,Core manual task involving high hand activity.,r002,Mechanical Repair,,602.3445366666667,Gold,2d1bf98e-a133-4f63-bc1d-91f718078a52,no
Task Operation,11,,12,953,,no,0,0.0,0,#C C cuts the cables.,cuts cables,Core task involving manual dexterity and high hand activity.,r002,Mechanical Repair,,721.9303866666667,Gold,2d1bf98e-a133-4f63-bc1d-91f718078a52,no
Task Operation,11,,6,3666,,no,0,0.0,0,#C c picks pipette in the machine,picks pipette in machine,"Core manual task, high hand activity.",r002,Walking Outdoors,,15.06022,Gold,2e04b2bb-e5d3-4f66-a16e-f7756e14e749,no
Stationary,11,Search,7,2573,,no,0,0.0,0,#C c checks pipette,checks pipette,"The action described does not involve movement or high activity, but rather a check which is likely to be a low energy, stationary activity.",r002,Walking Outdoors,,17.17124,Bad,2e04b2bb-e5d3-4f66-a16e-f7756e14e749,no
Object Transfer,11,,8,2308,,no,0,0.0,0,#C c puts pipette in the container,puts pipette in container,"Action involves placing an object into a container, which is a logistics step.",r002,Walking Outdoors,,19.15529,Gold,2e04b2bb-e5d3-4f66-a16e-f7756e14e749,no
Stationary,11,,6,3290,watchlist_verb,yes,0,0.0,0,#C c touches a machine,touches machine,The action implies a brief interaction with a machine which is likely to involve low body/hand motion.,r002,Walking Outdoors,,92.8829,Gold,2e04b2bb-e5d3-4f66-a16e-f7756e14e749,yes
Object Transfer,11,,3,11771,,no,0,0.0,0,#C c places pipette on the table,places pipette on table,"Placing an object, short burst of hand activity.",r002,Walking Outdoors,,127.41932,Gold,2e04b2bb-e5d3-4f66-a16e-f7756e14e749,no
Stationary,11,Object Transfer,4,6169,watchlist_verb,yes,0,0.0,0,#C c opens the tray cell,opens tray cell,"The action described does not indicate movement but rather an interaction with an object, suggesting a low energy state.",r002,Walking Outdoors,,333.61031,Bad,2e04b2bb-e5d3-4f66-a16e-f7756e14e749,yes
Task Operation,11,,18,451,,no,0,0.0,0,#C c picks micropipette,picks micropipette,Core manual task with high hand activity.,r002,Walking Outdoors,,338.36136,Gold,2e04b2bb-e5d3-4f66-a16e-f7756e14e749,no
Object Transfer,11,,7,2816,,no,0,0.0,0,#C c picks pen on the table,picks pen on table,Logistics step of picking up an object.,r002,Walking Outdoors,,344.04266,Gold,2e04b2bb-e5d3-4f66-a16e-f7756e14e749,no
Stationary,11,Object Transfer,3,8724,watchlist_verb,yes,0,0.0,0,#C c closes tray cell,closes tray cell,The action described does not involve movement or significant body/hand activity.,r002,Walking Outdoors,,387.65143,Bad,2e04b2bb-e5d3-4f66-a16e-f7756e14e749,yes
Object Transfer,11,,9,1791,,no,0,0.0,0,#C c picks pipette pipe in a container,picks pipette pipe in container,"The action involves picking up an object, which is a logistics step.",r002,Walking Outdoors,,395.65953,Gold,2e04b2bb-e5d3-4f66-a16e-f7756e14e749,no
Task Operation,11,,5,4343,watchlist_verb,yes,0,0.0,0,#C c opens pipette pipe,opens pipette pipe,Core manual task involving fine hand movements.,r002,Walking Outdoors,,405.37979,Gold,2e04b2bb-e5d3-4f66-a16e-f7756e14e749,yes
Task Operation,11,,11,1248,,no,0,0.0,0,#C c puts liquid substance in the pipette pipe,puts liquid substance in pipette pipe,Core task involving precise hand movements.,r002,Walking Outdoors,,406.756,Gold,2e04b2bb-e5d3-4f66-a16e-f7756e14e749,no
Stationary,11,Object Transfer,8,2212,,no,0,0.0,0,#C c picks pipette pipe on the holder,picks pipette pipe on holder,"The action described involves selecting an object, which is a precise task that doesn't involve significant body movement.",r002,Walking Outdoors,,414.06008,Bad,2e04b2bb-e5d3-4f66-a16e-f7756e14e749,no
Stationary,11,Object Transfer,5,5145,,no,0,0.0,0,#C c places micropipette on the table,places micropipette on table,"The action describes placing an object, which is a brief, low-energy motion.",r002,Walking Outdoors,,423.21978,Bad,2e04b2bb-e5d3-4f66-a16e-f7756e14e749,no
Task Operation,11,,3,10295,,no,0,0.0,0,#C c inserts micropipette in the tray cell,inserts micropipette in tray cell,Core manual task with high hand activity.,r002,Walking Outdoors,,496.05954,Gold,2e04b2bb-e5d3-4f66-a16e-f7756e14e749,no
Object Transfer,11,,20,368,,no,0,0.0,0,#C c picks pipette pipe on the container,picks pipette pipe on container,"Action involves picking up an object, which is a logistics step.",r002,Walking Outdoors,,572.8085333333333,Gold,2e04b2bb-e5d3-4f66-a16e-f7756e14e749,no
Task Operation,11,,5,4972,,no,0,0.0,0,#C c picks liquid from the cell tray,picks liquid from cell tray,"Core task involving fine motor skills with hands, likely requiring precise movements.",r002,Walking Outdoors,,603.3968633333334,Gold,2e04b2bb-e5d3-4f66-a16e-f7756e14e749,no
Object Transfer,11,,10,1486,,no,0,0.0,0,#C c puts micropipette on the table,puts micropipette on table,"Logistics step of placing an object, short bursts of hand acceleration.",r002,Walking Outdoors,,623.8868933333333,Gold,2e04b2bb-e5d3-4f66-a16e-f7756e14e749,no
Stationary,11,Object Transfer,3,8716,watchlist_verb,yes,0,0.0,0,#C c closes pipette pipe,closes pipette pipe,"The action described does not correspond to locomotion or any other category. It seems to be an unrelated or out-of-context action, likely stationary and low energy.",r002,Walking Outdoors,,726.2128933333333,Bad,2e04b2bb-e5d3-4f66-a16e-f7756e14e749,yes
Task Operation,11,,6,3645,,no,0,0.0,0,#C c picks liquid substance on the cell tray,picks liquid substance on cell tray,"The action involves a core manual task, such as picking up a liquid substance, which is associated with high hand acceleration and irregular motion.",r002,Walking Outdoors,,864.9083733333333,Gold,2e04b2bb-e5d3-4f66-a16e-f7756e14e749,no
Task Operation,11,,5,4328,watchlist_verb,yes,0,0.0,1,#C c opens bottle,opens bottle,Opening a bottle is a core manual task involving high hand activity.,r002,Walking Outdoors,,931.8847233333332,Gold,2e04b2bb-e5d3-4f66-a16e-f7756e14e749,yes
Task Operation,11,,25,250,,no,0,0.0,0,#C c inserts micropipette in the pipette,inserts micropipette in pipette,"Core manual task, high hand activity.",r002,Walking Outdoors,,1108.548266666667,Gold,2e04b2bb-e5d3-4f66-a16e-f7756e14e749,no
Task Operation,11,,7,2819,,no,0,0.0,0,#C c picks pipette in the container,picks pipette in container,Core task involving precise manual activity.,r002,Walking Outdoors,,1120.086096666667,Gold,2e04b2bb-e5d3-4f66-a16e-f7756e14e749,no
Task Operation,11,,20,358,,no,0,0.0,0,#C c inserts micropipette on the nest pipette tips,inserts micropipette on nest pipette tips,Core manual task involving precise hand movement.,r002,Walking Outdoors,,1126.2465566666667,Gold,2e04b2bb-e5d3-4f66-a16e-f7756e14e749,no
Object Transfer,11,,10,1455,,no,0,0.0,0,#C C picks a syringe from the table,picks syringe from table,"Action involves picking up an object, which is a logistics step.",r002,Walking Outdoors,,1391.6901466666668,Gold,2e04b2bb-e5d3-4f66-a16e-f7756e14e749,no
Object Transfer,11,,7,2977,,no,0,0.0,0,#C C puts the syringe on the table,puts syringe on table,"Action involves placing an object, indicative of short bursts of hand acceleration.",r002,Walking Outdoors,,1392.6853666666666,Gold,2e04b2bb-e5d3-4f66-a16e-f7756e14e749,no
Object Transfer,11,,13,879,,no,0,0.0,0,#C C puts the test tube in a blue test tube rank,puts test tube in blue test tube rank,"The action involves placing an object in a specific location, which is a logistics step.",r002,Walking Outdoors,,1410.0811866666668,Gold,2e04b2bb-e5d3-4f66-a16e-f7756e14e749,no
Object Transfer,11,,11,1205,,no,0,0.0,0,#C C picks a test tube from a blue test tube rank,picks test tube from blue test tube rank,Logistics step involving picking up an object.,r002,Walking Outdoors,,1416.7493866666666,Gold,2e04b2bb-e5d3-4f66-a16e-f7756e14e749,no
Task Operation,11,,4,8218,,no,0,0.0,0,#C C suckles chemical with a syringe from the test tube,suckles chemical with syringe from test tube,Core manual task involving high hand activity.,r002,Walking Outdoors,,1418.5570366666666,Gold,2e04b2bb-e5d3-4f66-a16e-f7756e14e749,no
Task Operation,11,,4,7448,,no,0,0.0,0,#C C pours the chemical in a test tube with a syringe,pours chemical in test tube with syringe,Core task involving precise hand movements.,r002,Walking Outdoors,,1427.1734066666668,Gold,2e04b2bb-e5d3-4f66-a16e-f7756e14e749,no
Object Transfer,11,,5,5388,,no,0,0.0,0,#C C puts the test tubes in a blue test tube rank,puts test tubes in blue test tube rank,Logistics step involving placing objects.,r002,Walking Outdoors,,1503.4625066666667,Gold,2e04b2bb-e5d3-4f66-a16e-f7756e14e749,no
Task Operation,11,,3,11888,,no,0,0.0,0,#C C pours the chemical remains from the syringe in a red plastic bin,pours chemical remains from syringe in red plastic bin,Core manual task involving hand activity with the syringe and bin.,r002,Walking Outdoors,,1505.8285666666666,Gold,2e04b2bb-e5d3-4f66-a16e-f7756e14e749,no
Stationary,11,Task Operation,3,8655,watchlist_verb,yes,0,0.0,0,#C C Adjusts the syringe,adjusts syringe,Adjusting an object is a fine motor task that does not involve significant movement.,r002,Walking Outdoors,,1638.0704,Bad,2e04b2bb-e5d3-4f66-a16e-f7756e14e749,yes
Locomotion,11,,5,5733,,no,0,0.0,0,#C C walks to the left,walks to left,"Body moving through space, high body acceleration.",r002,Walking Outdoors,,1746.23588,Gold,2e04b2bb-e5d3-4f66-a16e-f7756e14e749,no
Object Transfer,11,,3,11446,,no,0,0.0,0,#C C Picks the test tubes,picks test tubes,Logistics step of picking up objects.,r002,Walking Outdoors,,1758.70121,Gold,2e04b2bb-e5d3-4f66-a16e-f7756e14e749,no
Search,11,,5,4741,,no,0,0.0,0,#C C Looks at the syringe,looks at syringe,"Head movement (visual search), hands mostly still.",r002,Walking Outdoors,,1809.37814,Gold,2e04b2bb-e5d3-4f66-a16e-f7756e14e749,no
Object Transfer,11,,6,3604,,no,0,0.0,0,#C C Picks the box from the table,picks box from table,Logistics action of picking up an object.,r002,Walking Outdoors,,1835.59003,Gold,2e04b2bb-e5d3-4f66-a16e-f7756e14e749,no
Object Transfer,11,,3,11439,,no,0,0.0,0,#C C Picks the syringe pipette,picks syringe pipette,Short burst of hand activity as the syringe pipette is picked up.,r002,Walking Outdoors,,1898.44261,Gold,2e04b2bb-e5d3-4f66-a16e-f7756e14e749,no
Object Transfer,11,,3,10246,,no,0,0.0,0,#C C grabs a cobas influenza machine,grabs cobas influenza machine,"[CtxFixed] The action of grabbing a machine can be interpreted as moving or transferring an object (the machine) from one location to another, which fits the 'Object Transfer' category.",r002,Walking Outdoors,,1923.28905,Gold,2e04b2bb-e5d3-4f66-a16e-f7756e14e749,no
Object Transfer,11,,3,11273,,no,0,0.0,0,#C C picks needle seals from the container,picks needle seals from container,Logistics step involving picking up objects.,r002,Walking Outdoors,,2033.76269,Gold,2e04b2bb-e5d3-4f66-a16e-f7756e14e749,no
Task Operation,11,,4,8327,,no,0,0.0,0,#C C tightens the syringe,tightens syringe,Core manual task involving fine motor skills.,r002,Walking Outdoors,,2074.92705,Gold,2e04b2bb-e5d3-4f66-a16e-f7756e14e749,no
Task Operation,11,,5,4463,,no,0,0.0,0,#C C cleans the table with a white paper,cleans table with white paper,"Core manual task involving cleaning, high hand activity.",r002,Walking Outdoors,,2415.4500233333333,Gold,2e04b2bb-e5d3-4f66-a16e-f7756e14e749,no
Task Operation,11,,4,6333,,no,0,0.0,0,#C C clicks a button on a printing machine,clicks button on printing machine,"Core manual task involving a button click, high hand activity.",r002,Walking Outdoors,,2820.492776666667,Gold,2e04b2bb-e5d3-4f66-a16e-f7756e14e749,no
Stationary,11,Task Operation,4,6332,,no,0,0.0,0,#C C clicks a button on a printing machine,clicks button on printing machine,The action involves a button click which is a low-energy activity.,r002,Walking Outdoors,,2824.361586666667,Bad,2e04b2bb-e5d3-4f66-a16e-f7756e14e749,no
Stationary,11,Task Operation,4,6942,,no,0,0.0,0,#C C operates on a computer,operates on computer,"Low body/hand motion, indicating a computer operation which is generally performed while sitting or standing still.",r002,Walking Outdoors,,2986.3681466666667,Bad,2e04b2bb-e5d3-4f66-a16e-f7756e14e749,no
Object Transfer,11,,4,7129,,no,0,0.0,0,#C C picks a lid on the table,picks lid on table,Logistics step involving picking up an object.,r002,Walking Outdoors,,2993.2264066666667,Gold,2e04b2bb-e5d3-4f66-a16e-f7756e14e749,no
Stationary,11,Task Operation,4,6944,,no,0,0.0,0,#C C operates on a laptop,operates on laptop,Typing and operating a laptop involves minimal body movement.,r002,Desk Work,,18.442249600000004,Bad,2fa72a4f-b318-4e04-97b8-efdc3b039258,no
Stationary,11,Search,28,206,,no,0,0.0,1,#C C stares around,stares around,"Low body/hand motion, possibly with slight head movements but no significant action.",r002,Desk Work,,158.9214396,Bad,2fa72a4f-b318-4e04-97b8-efdc3b039258,no
Stationary,11,,3,10429,,no,0,0.0,0,#C C lifts up her hands,lifts up her hands,"Low body/hand motion, likely a gesture or pause during work.",r002,Desk Work,,450.79968095466336,Gold,2fa72a4f-b318-4e04-97b8-efdc3b039258,no
Locomotion,11,,52,68,,no,0,0.0,2,#c c stands,stands,Body moving through space (standing up). High Body Accel.,r002,Desk Work,,888.1847386,Skip,2fa72a4f-b318-4e04-97b8-efdc3b039258,no
Locomotion,11,,5,5726,,no,0,0.0,0,#c c walks into the house,walks into house,Body moving through space (walking).,r002,Desk Work,,940.5465186,Gold,2fa72a4f-b318-4e04-97b8-efdc3b039258,no
Object Transfer,11,,3,11252,,no,0,0.0,0,#c c picks lid from the kitchen counter,picks lid from kitchen counter,Logistics step involving picking up an object.,r002,Desk Work,,984.0177186,Gold,2fa72a4f-b318-4e04-97b8-efdc3b039258,no
Stationary,11,,5,5511,,no,0,0.0,0,#c c seats down,seats down,Seating down indicates a transition to a stationary position with minimal movement.,r002,Desk Work,,1000.6336286,Skip,2fa72a4f-b318-4e04-97b8-efdc3b039258,no
Task Operation,11,,12,950,,no,0,0.0,0,#C C clicks a mouse on a table with his right hand.,clicks mouse on table with his right hand,Core manual task involving precise hand movement.,r002,Playing Instrument,,288.5412509546634,Gold,36ee5431-8d3f-4773-b158-2b42932666aa,no
Stationary,11,Object Transfer,3,9113,watchlist_verb,yes,0,0.0,0,#C C moves the mouse on the table with his right hand.,moves mouse on table with his right hand,"Low body/hand motion, likely involves minimal physical movement.",r002,Playing Instrument,,701.4029176213301,Bad,36ee5431-8d3f-4773-b158-2b42932666aa,yes
Object Transfer,11,,13,875,,no,0,0.0,0,#C C puts down the book,puts down book,Logistics step involving placing an object down.,r002,Carpentry,,17.1565486,Gold,3b8a77f0-153c-4e93-82f9-ae2aa84596ed,no
Object Transfer,11,,3,11249,,no,0,0.0,0,#C C picks lego pieces,picks lego pieces,Logistics step involving picking up objects.,r002,Carpentry,,18.4449786,Gold,3b8a77f0-153c-4e93-82f9-ae2aa84596ed,no
Object Transfer,11,,19,404,,no,0,0.0,0,#C C picks a robot part,picks robot part,Logistics action involving picking up an object.,r002,Carpentry,,259.98702860000003,Gold,3b8a77f0-153c-4e93-82f9-ae2aa84596ed,no
Stationary,11,Task Operation,5,5409,,no,0,0.0,0,#C C reads the manual structure,reads manual structure,"Low body/hand motion, primarily cognitive activity.",r002,Carpentry,,263.97308860000004,Bad,3b8a77f0-153c-4e93-82f9-ae2aa84596ed,no
Search,11,,5,5510,,no,0,0.0,0,#C C searches for robot part,searches for robot part,"Head movement (visual search), hands mostly still.",r002,Carpentry,,613.1439293600198,Gold,3b8a77f0-153c-4e93-82f9-ae2aa84596ed,no
Object Transfer,11,Task Operation,20,355,,no,0,0.0,0,#C C fixes the lego piece,fixes lego piece,"[CtxFixed] The action of fixing the lego piece involves placing or adjusting the piece, which is a form of deliberate placement onto a surface or within a structure.",r002,Carpentry,,841.5868176136719,Bad,3b8a77f0-153c-4e93-82f9-ae2aa84596ed,no
Locomotion,11,Object Transfer,9,1707,,no,0,0.0,0,#C C lifts the robot,lifts robot,"Body moving through space (lifting), high body acceleration.",r002,Carpentry,,1078.882677613672,Bad,3b8a77f0-153c-4e93-82f9-ae2aa84596ed,no
Object Transfer,11,,3,11201,,no,0,0.0,0,#C C picks #unsure from the dish box,picks from dish box,Logistics step involving picking an item.,r002,Carpentry,,1085.1719476136718,Gold,3b8a77f0-153c-4e93-82f9-ae2aa84596ed,no
Task Operation,11,,7,2659,,no,0,0.0,0,#C C fixes the parts of the robot,fixes parts of robot,Core manual task involving high hand activity.,r002,Carpentry,,1120.497977613672,Gold,3b8a77f0-153c-4e93-82f9-ae2aa84596ed,no
Object Transfer,11,,6,3670,,no,0,0.0,0,#C C picks robot from the dish box,picks robot from dish box,Logistics step involving picking an object.,r002,Carpentry,,1173.472527613672,Gold,3b8a77f0-153c-4e93-82f9-ae2aa84596ed,no
Object Transfer,11,,3,11300,,no,0,0.0,0,#C C picks the parts of the robot from the dish box,picks parts of robot from dish box,Logistics step involving picking up objects.,r002,Carpentry,,1384.515288307169,Gold,3b8a77f0-153c-4e93-82f9-ae2aa84596ed,no
Task Operation,11,,3,11859,,no,0,0.0,0,#C C plucks dead leaf from the flower,plucks dead leaf from flower,Core task involving fine motor skills and hand activity.,r002,Gardening,,9.4748286,Gold,3ebd870a-d4bd-488d-bd5c-5a606747ad84,no
Object Transfer,11,,8,2089,,no,0,0.0,0,#C C drops a leaf on the table,drops leaf on table,Refined via regex fallback,r002,Gardening,,13.7561286,Gold,3ebd870a-d4bd-488d-bd5c-5a606747ad84,no
Stationary,11,Task Operation,3,9560,,no,0,0.0,0,#C C capture photo with the phone,capture photo with phone,"The action involves a momentary pause for capturing a photo, which is a low-energy activity.",r002,Walking Outdoors,,1279.2010598207032,Bad,3fc60e72-91ad-4320-bd07-1cf753f4a5f1,no
Stationary,11,,27,212,watchlist_verb,yes,0,0.0,0,#C C holds post,holds post,"Low body/hand motion, likely holding a position or object.",r002,Mechanical Repair,,17.339719600000002,Gold,466019aa-4c4c-415a-b8b6-a87c0a61fe8f,yes
Task Operation,11,,3,9080,watchlist_verb,yes,0,0.0,0,#C C moves hand on post,moves hand on post,Implies a core manual task involving high hand activity.,r002,Mechanical Repair,,157.5912396,Gold,466019aa-4c4c-415a-b8b6-a87c0a61fe8f,yes
Stationary,11,,9,1713,,no,0,0.0,1,#C C looks at hand,looks at hand,"Low body/hand motion, likely inspection or observation.",r002,Mechanical Repair,,158.3139196,Gold,466019aa-4c4c-415a-b8b6-a87c0a61fe8f,no
Stationary,11,,8,2051,,no,0,0.0,0,#C C breaths heavily,breaths heavily,"Low body/hand motion, indicating a pause or moment of rest.",r002,Mechanical Repair,,305.4067909546634,Gold,466019aa-4c4c-415a-b8b6-a87c0a61fe8f,no
Stationary,11,,5,5306,,no,0,0.0,0,#C C puts hand on post,puts hand on post,"The action describes a static interaction with an object, indicating low energy and motion.",r002,Mechanical Repair,,348.8495509546634,Gold,466019aa-4c4c-415a-b8b6-a87c0a61fe8f,no
Search,11,,3,10446,,no,0,0.0,0,#C C looks at brush,looks at brush,"Head movement (visual search), hands mostly still.",r002,Mechanical Repair,,376.9948809546634,Gold,466019aa-4c4c-415a-b8b6-a87c0a61fe8f,no
Stationary,11,,3,10189,,no,0,0.0,0,#C C folds leg,folds leg,The action 'folding leg' implies a static motion without significant body or hand acceleration.,r002,Mechanical Repair,,662.1481452666667,Gold,466019aa-4c4c-415a-b8b6-a87c0a61fe8f,no
Object Transfer,11,,5,4928,,no,0,0.0,0,#C C picks chair,picks chair,Logistics action involving picking up an object.,r002,Mechanical Repair,,984.7528452666668,Gold,466019aa-4c4c-415a-b8b6-a87c0a61fe8f,no
Stationary,11,,7,2735,,no,0,0.0,0,#o man y speaks to c,man y speaks to,"Low body/hand motion, likely involves speaking.",r002,Mechanical Repair,,69.65547,Skip,4884c61e-a61b-4ba6-8071-4314c6c217b6,no
Stationary,11,,9,1916,,no,0,0.0,0,#c c stops on the road,stops on road,"The action describes stopping, which implies a state of rest with low body and hand motion.",r002,Mechanical Repair,,274.54112,Gold,4884c61e-a61b-4ba6-8071-4314c6c217b6,no
Locomotion,11,Task Operation,4,6955,,no,0,0.0,0,#c c parks the bicycle,parks bicycle,"The action involves moving the bicycle to a stationary position, which is a form of locomotion with high body acceleration.",r002,Mechanical Repair,,652.0257033333334,Bad,4884c61e-a61b-4ba6-8071-4314c6c217b6,no
Object Transfer,11,,3,11149,,no,0,0.0,0,#C C picks a cotton wool from the table with his right hand,picks cotton wool from table with his right hand,Logistics step involving picking up an object.,r002,Cleaning,,10.923819599999998,Gold,4e3fc1e9-424f-4921-9068-d468c135f347,no
Task Operation,11,,16,552,,no,0,0.0,0,#C C cleans the camera,cleans camera,Core task involving manual cleaning activity.,r002,Cleaning,,107.7219796,Gold,4e3fc1e9-424f-4921-9068-d468c135f347,no
Object Transfer,11,,5,4980,,no,0,0.0,0,#C C picks an object from the table with his right hand,picks object from table with his right hand,Logistics step of picking up an object.,r002,Cleaning,,126.1989996,Gold,4e3fc1e9-424f-4921-9068-d468c135f347,no
Object Transfer,11,,5,4855,,no,0,0.0,0,#C C passes the object to his left hand,passes object to his left hand,"The action involves passing an object, which is a logistics step.",r002,Cleaning,,126.5948696,Gold,4e3fc1e9-424f-4921-9068-d468c135f347,no
Locomotion,11,,5,5722,,no,0,0.0,0,#C C walks in the pitch,walks in pitch,"Movement through space, likely involves walking.",r002,Mechanical Repair,,287.953,Gold,584fd34c-9bd5-44fd-8266-9d3161d8c790,no
Stationary,11,,11,1278,,no,0,0.0,0,#C C stares at the pitch,stares at pitch,"Low body/hand motion, focused attention.",r002,Mechanical Repair,,313.085,Gold,584fd34c-9bd5-44fd-8266-9d3161d8c790,no
Search,11,Locomotion,3,9031,watchlist_verb,yes,0,0.0,0,#C C moves the camera around,moves camera around,"Head movement (visual inspection), hands mostly still.",r002,Mechanical Repair,,323.88562,Bad,584fd34c-9bd5-44fd-8266-9d3161d8c790,yes
Locomotion,11,,4,8440,,no,0,0.0,0,#C C walks towards the post,walks towards post,"Body moving through space, indicative of walking.",r002,Mechanical Repair,,1960.83955,Gold,584fd34c-9bd5-44fd-8266-9d3161d8c790,no
Object Transfer,11,,79,27,,no,0,0.0,0,#C C picks the ball,picks ball,Logistics step of picking up an object.,r002,Mechanical Repair,,2313.591813333333,Gold,584fd34c-9bd5-44fd-8266-9d3161d8c790,no
Object Transfer,11,,6,3687,,no,0,0.0,0,#C C picks up the ball,picks up ball,"The action involves picking up an object, which is a logistics step.",r002,Mechanical Repair,,2649.6730933333333,Gold,584fd34c-9bd5-44fd-8266-9d3161d8c790,no
Locomotion,11,,34,134,historical_bad,yes,2,0.6667,3,#O a man X hits the ball,man x hits ball,"[CtxFixed] The action 'hits the ball' is part of playing tennis, which is a form of locomotion involving movement and physical activity.",r002,Mechanical Repair,,2715.132196666667,Bad,584fd34c-9bd5-44fd-8266-9d3161d8c790,no
Locomotion,11,,21,324,historical_bad,yes,2,0.6667,3,#C C hits the ball,hits ball,"[CtxFixed] The action of hitting the ball is a continuation of the previous locomotion action (throwing the ball up) and involves movement, thus it is classified as Locomotion.",r002,Mechanical Repair,,2723.0739366666667,Bad,584fd34c-9bd5-44fd-8266-9d3161d8c790,no
Object Transfer,11,,9,1600,historical_bad,yes,2,0.6667,3,#O a man X hits the ball,man x hits ball,"[CtxFixed] The action of hitting the ball can be considered as part of a sequence involving the transfer of the ball from one location to another (in this case, hitting it). This is a deliberate action and not an error or correction.",r002,Mechanical Repair,,2766.267926666667,Skip,584fd34c-9bd5-44fd-8266-9d3161d8c790,no
Object Transfer,11,,15,609,historical_bad,yes,2,0.6667,3,#C C hits the ball,hits ball,"[CtxFixed] The action involves a person hitting a ball, which can be interpreted as transferring the ball from one location to another. This action is deliberate and involves the movement of an object.",r002,Mechanical Repair,,2772.2269066666668,Skip,584fd34c-9bd5-44fd-8266-9d3161d8c790,no
Stationary,11,,8,2146,,no,0,0.0,0,#O a man X drinks water,man x drinks water,Drinking involves minimal body and hand movement.,r002,Mechanical Repair,,2962.649096666667,Gold,584fd34c-9bd5-44fd-8266-9d3161d8c790,no
Stationary,11,,23,303,,no,0,0.0,0,#C C raises hand up,raises hand up,The action of raising a hand is a brief movement and does not involve continuous motion or high activity.,r002,Mechanical Repair,,3319.571550000001,Gold,584fd34c-9bd5-44fd-8266-9d3161d8c790,no
Task Operation,11,,3,10281,,no,0,0.0,0,#C C hits in the ball,hits in ball,"[CtxFixed] The action of hitting a ball is a deliberate and intentional movement, which falls under the category of an essential operation.",r002,Mechanical Repair,,3783.9522893333337,Skip,584fd34c-9bd5-44fd-8266-9d3161d8c790,no
Locomotion,11,,14,785,,no,0,0.0,0,#C C walks on the field,walks on field,Body moving through space (walking).,r002,Mechanical Repair,,3799.587363333334,Gold,584fd34c-9bd5-44fd-8266-9d3161d8c790,no
Object Transfer,11,,10,1466,,no,0,0.0,0,#C C places a chopping board on the counter,places chopping board on counter,Logistics step involving placing an object.,r002,Cooking,,4.3152286,Gold,597b1ca1-e2ea-4a0e-8be0-31b713151ba2,no
Object Transfer,11,,8,2248,,no,0,0.0,0,#C C places a jug on the counter,places jug on counter,Logistics step involving placing an object.,r002,Cooking,,15.0758186,Gold,597b1ca1-e2ea-4a0e-8be0-31b713151ba2,no
Object Transfer,11,,11,1197,,no,0,0.0,0,#C C picks a lid from the counter,picks lid from counter,"Logistics/Setup step, picking up an object.",r002,Cooking,,28.2569686,Gold,597b1ca1-e2ea-4a0e-8be0-31b713151ba2,no
Object Transfer,11,,4,5890,watchlist_verb,yes,0,0.0,0,#C C closes a jug with a lid,closes jug with lid,Logistics step involving closing an object.,r002,Cooking,,28.5385686,Gold,597b1ca1-e2ea-4a0e-8be0-31b713151ba2,yes
Object Transfer,11,,14,739,,no,0,0.0,0,#C C places a knife on the counter,places knife on counter,"Logistics step, placing an object.",r002,Cooking,,41.3817386,Gold,597b1ca1-e2ea-4a0e-8be0-31b713151ba2,no
Object Transfer,11,,5,4921,,no,0,0.0,0,#C C picks a can from the counter,picks can from counter,Logistics/Setup step involving picking up an object.,r002,Cooking,,146.6165786,Gold,597b1ca1-e2ea-4a0e-8be0-31b713151ba2,no
Object Transfer,11,,9,1812,,no,0,0.0,0,#C C places a can on the counter,places can on counter,Logistics step involving picking up and placing an object.,r002,Cooking,,148.1623286,Gold,597b1ca1-e2ea-4a0e-8be0-31b713151ba2,no
Object Transfer,11,,3,11123,,no,0,0.0,0,#C C picks a chopping board from the counter,picks chopping board from counter,"Logistics/Setup step, picking up an object.",r002,Cooking,,184.0164086,Gold,597b1ca1-e2ea-4a0e-8be0-31b713151ba2,no
Object Transfer,11,,14,738,,no,0,0.0,0,#C C places a cooking stick on the counter,places cooking stick on counter,Logistics step involving placing an object.,r002,Cooking,,233.0760186,Gold,597b1ca1-e2ea-4a0e-8be0-31b713151ba2,no
Object Transfer,11,,5,4912,,no,0,0.0,0,#C C picks a bowl from the counter,picks bowl from counter,Logistics step involving picking up an object.,r002,Cooking,,330.4965139515625,Gold,597b1ca1-e2ea-4a0e-8be0-31b713151ba2,no
Object Transfer,11,,6,3709,,no,0,0.0,0,#C C places a bowl on the chopping board,places bowl on chopping board,"Logistics step, moving an object to a location.",r002,Cooking,,331.4704439515625,Gold,597b1ca1-e2ea-4a0e-8be0-31b713151ba2,no
Object Transfer,11,,4,7406,,no,0,0.0,0,#C C places sweet potato in the bowl,places sweet potato in bowl,Logistics step involving placing an object.,r002,Cooking,,332.0524039515625,Gold,597b1ca1-e2ea-4a0e-8be0-31b713151ba2,no
Task Operation,11,,12,955,,no,0,0.0,0,#C C cuts a sweet potato into pieces,cuts sweet potato into pieces,Core task involving repetitive hand movements.,r002,Cooking,,338.2166339515625,Gold,597b1ca1-e2ea-4a0e-8be0-31b713151ba2,no
Object Transfer,11,,4,7407,,no,0,0.0,0,#C C places a sweet potato on the chopping board,places sweet potato on chopping board,Logistics step involving picking up and placing the sweet potato.,r002,Cooking,,393.6748039515625,Gold,597b1ca1-e2ea-4a0e-8be0-31b713151ba2,no
Object Transfer,11,,8,2204,,no,0,0.0,0,#C C picks a glass from the counter,picks glass from counter,Logistics step involving picking up an object.,r002,Cooking,,577.9966681113877,Gold,597b1ca1-e2ea-4a0e-8be0-31b713151ba2,no
Object Transfer,11,,8,2025,watchlist_verb,yes,0,0.0,0,#C C opens another drawer,opens another drawer,Logistics/Setup step.,r002,Cooking,,623.2705181113877,Gold,597b1ca1-e2ea-4a0e-8be0-31b713151ba2,yes
Task Operation,11,,5,5662,,no,0,0.0,0,#C C tears the box,tears box,"[CtxFixed] Tearing a box is an action that typically serves a functional purpose, such as opening the box to access its contents. This action is not about moving from one place to another (locomotion), nor is it about transferring an object from one place to another (object transfer). It is a deliberate action to access the contents of the box, which falls under the category of an essential operation.",r002,Cooking,,668.0561581113877,Gold,597b1ca1-e2ea-4a0e-8be0-31b713151ba2,no
Task Operation,11,,9,1703,,no,0,0.0,0,#C C hits a pan with a cooking stick,hits pan with cooking stick,Core task involving high hand activity.,r002,Cooking,,809.1905081113878,Gold,597b1ca1-e2ea-4a0e-8be0-31b713151ba2,no
Task Operation,11,,3,11946,,no,0,0.0,0,#C C pours water in food,pours water in food,Core task involving high hand activity.,r002,Cooking,,819.8074381113877,Gold,597b1ca1-e2ea-4a0e-8be0-31b713151ba2,no
Object Transfer,11,,7,2867,,no,0,0.0,0,#C C places a glass on the counter,places glass on counter,"Logistics step, placing an object.",r002,Cooking,,822.1396881113876,Gold,597b1ca1-e2ea-4a0e-8be0-31b713151ba2,no
Object Transfer,11,,4,5895,watchlist_verb,yes,0,0.0,0,#C C closes a pan with a lid,closes pan with lid,Logistics action involving picking up and placing the lid on the pan.,r002,Cooking,,896.226967613672,Gold,597b1ca1-e2ea-4a0e-8be0-31b713151ba2,yes
Object Transfer,11,,3,11234,,no,0,0.0,0,#C C picks a jug from the counter,picks jug from counter,"Logistics/Setup step, picking up an object.",r002,Cooking,,923.247227613672,Gold,597b1ca1-e2ea-4a0e-8be0-31b713151ba2,no
Object Transfer,11,,3,11668,,no,0,0.0,0,#C C places dirt in the bin,places dirt in bin,Logistics action of putting the dirt into the bin.,r002,Cooking,,977.963977613672,Gold,597b1ca1-e2ea-4a0e-8be0-31b713151ba2,no
Task Operation,11,,5,4675,,no,0,0.0,0,#C C hits a spoon on the pan,hits spoon on pan,Core task involving high hand activity.,r002,Cooking,,1143.536907613672,Gold,597b1ca1-e2ea-4a0e-8be0-31b713151ba2,no
Object Transfer,11,,5,4913,,no,0,0.0,0,#c C picks a bowl from the drawer,picks bowl from drawer,Logistics/Setup step involving picking up an object.,r002,Cooking,,1293.351667613672,Gold,597b1ca1-e2ea-4a0e-8be0-31b713151ba2,no
Object Transfer,11,,4,8287,,no,0,0.0,0,#C C takes a thread,takes thread,"Logistics/Setup step, picking up an item.",r002,Cooking,,1349.180298266755,Gold,597b1ca1-e2ea-4a0e-8be0-31b713151ba2,no
Stationary,11,,3,9396,watchlist_verb,yes,0,0.0,0,#C C touches the utensils,touches utensils,"Low body/hand motion, likely inspecting or feeling the utensils.",r002,Cooking,,1363.9642182667549,Gold,597b1ca1-e2ea-4a0e-8be0-31b713151ba2,yes
Object Transfer,11,,6,4025,,no,0,0.0,0,#C C takes the mushroom,takes mushroom,Logistics step involving picking up an object.,r002,Cooking,,1377.344148266755,Gold,597b1ca1-e2ea-4a0e-8be0-31b713151ba2,no
Object Transfer,11,,4,7732,,no,0,0.0,0,#C C puts the mushroom in the pan,puts mushroom in pan,Logistics step involving picking up and placing an object.,r002,Cooking,,1377.830498266755,Gold,597b1ca1-e2ea-4a0e-8be0-31b713151ba2,no
Locomotion,11,Task Operation,11,1273,,no,0,0.0,1,#C C shakes the pan,shakes pan,"Shaking the pan involves movement through space, likely with significant body acceleration.",r002,Cooking,,1379.6072982667552,Bad,597b1ca1-e2ea-4a0e-8be0-31b713151ba2,no
Stationary,11,Task Operation,8,2359,,no,0,0.0,1,#C C shakes the pan,shakes pan,Shaking the pan involves minimal movement and can be considered a stationary action with low overall energy.,r002,Cooking,,1425.771658266755,Bad,597b1ca1-e2ea-4a0e-8be0-31b713151ba2,no
Task Operation,11,,8,2383,,no,0,0.0,0,#C C stirs the mushroom,stirs mushroom,"Core task, high hand activity.",r002,Cooking,,1435.690668266755,Gold,597b1ca1-e2ea-4a0e-8be0-31b713151ba2,no
Stationary,11,,4,6218,watchlist_verb,yes,0,0.0,0,#C C touches the sweater,touches sweater,"Low body/hand motion, likely involves minimal movement.",r002,Cooking,,1471.775828266755,Gold,597b1ca1-e2ea-4a0e-8be0-31b713151ba2,yes
Stationary,11,,12,921,watchlist_verb,yes,0,0.0,0,#C C holds a pan handle,holds pan handle,"Low body/hand motion, holding an object.",r002,Cooking,,1632.3727951722656,Gold,597b1ca1-e2ea-4a0e-8be0-31b713151ba2,yes
Object Transfer,11,,3,11526,,no,0,0.0,0,#C C picks up a measuring bowl,picks up measuring bowl,Logistics/Setup step involving picking up an object.,r002,Cooking,,1642.5280851722655,Gold,597b1ca1-e2ea-4a0e-8be0-31b713151ba2,no
Object Transfer,11,,3,9222,watchlist_verb,yes,0,0.0,0,#C C opens the cooking pan,opens cooking pan,Logistics step involving opening an object.,r002,Cooking,,1652.6345351722655,Gold,597b1ca1-e2ea-4a0e-8be0-31b713151ba2,yes
Object Transfer,11,,5,5307,,no,0,0.0,0,#C C puts the jug on the counter,puts jug on counter,Logistics step involving picking up and placing an object.,r002,Cooking,,1738.7818651722655,Gold,597b1ca1-e2ea-4a0e-8be0-31b713151ba2,no
Stationary,11,,6,3390,,no,0,0.0,0,#C C dries his hands with a towel,dries his hands with towel,"Low body/hand motion, hands being dried.",r002,Cooking,,1843.7834751722653,Gold,597b1ca1-e2ea-4a0e-8be0-31b713151ba2,no
Object Transfer,11,,9,1805,,no,0,0.0,0,#C C picks up a pan,picks up pan,"Logistics/Setup step, involves picking up an object.",r002,Cooking,,1895.1199051722656,Gold,597b1ca1-e2ea-4a0e-8be0-31b713151ba2,no
Object Transfer,11,,9,1875,,no,0,0.0,0,#C C puts the tin in the cabinet,puts tin in cabinet,Logistics step involving picking up and putting down an object.,r002,Cooking,,1904.6802151722648,Gold,597b1ca1-e2ea-4a0e-8be0-31b713151ba2,no
Task Operation,11,,6,4114,,no,0,0.0,0,#C C wipes the counter with a paper towel,wipes counter with paper towel,Core task involving high hand activity.,r002,Cooking,,1936.091134821224,Gold,597b1ca1-e2ea-4a0e-8be0-31b713151ba2,no
Object Transfer,11,,4,7128,,no,0,0.0,0,#C C picks a lid from the cooking pot,picks lid from cooking pot,Logistics step involving picking up an object.,r002,Cooking,,2236.496969820703,Gold,597b1ca1-e2ea-4a0e-8be0-31b713151ba2,no
Object Transfer,11,,4,7834,,no,0,0.0,0,#C C puts the spoon on the countertop,puts spoon on countertop,Logistics/Setup step involving placing an object.,r002,Cooking,,2247.966409820703,Gold,597b1ca1-e2ea-4a0e-8be0-31b713151ba2,no
Object Transfer,11,,4,7073,,no,0,0.0,0,#C C picks a cooking pot from the cooker,picks cooking pot from cooker,Logistics step involving picking up an object.,r002,Cooking,,2250.867369820703,Gold,597b1ca1-e2ea-4a0e-8be0-31b713151ba2,no
Object Transfer,11,,6,3882,,no,0,0.0,0,#C C puts the rice in the bowl,puts rice in bowl,"Logistics step, moving the rice to the bowl.",r002,Cooking,,2279.934689820703,Gold,597b1ca1-e2ea-4a0e-8be0-31b713151ba2,no
Object Transfer,11,,5,5401,,no,0,0.0,0,#C C puts the wooden spoon in the cooking pot,puts wooden spoon in cooking pot,Logistics step involving picking up and placing an object.,r002,Cooking,,2327.584029820703,Gold,597b1ca1-e2ea-4a0e-8be0-31b713151ba2,no
Object Transfer,11,,7,2852,,no,0,0.0,0,#C C picks a wooden spoon from the cooking pot,picks wooden spoon from cooking pot,Logistics step involving picking up an object.,r002,Cooking,,2331.736639820703,Gold,597b1ca1-e2ea-4a0e-8be0-31b713151ba2,no
Object Transfer,11,,9,1846,,no,0,0.0,0,#C C puts the food in the bowl,puts food in bowl,Logistics step involving the transfer of an object.,r002,Cooking,,2353.844069820703,Gold,597b1ca1-e2ea-4a0e-8be0-31b713151ba2,no
Object Transfer,11,,3,10377,,no,0,0.0,0,#C C lift the bowl,lift bowl,Logistics step involving lifting an object.,r002,Cooking,,2377.793889820703,Gold,597b1ca1-e2ea-4a0e-8be0-31b713151ba2,no
Stationary,11,,3,8856,watchlist_verb,yes,0,0.0,0,#C C holds the peanut with his left hand,holds peanut with his left hand,"Low body/hand motion, holding an object.",r002,Cooking,,2407.450119820703,Gold,597b1ca1-e2ea-4a0e-8be0-31b713151ba2,yes
Object Transfer,11,,3,11304,,no,0,0.0,0,#C C picks a peanut from the countertop,picks peanut from countertop,Logistics step involving picking up an object.,r002,Cooking,,2409.452879820703,Gold,597b1ca1-e2ea-4a0e-8be0-31b713151ba2,no
Object Transfer,11,,4,6163,watchlist_verb,yes,0,0.0,0,#C C opens the rice cooker,opens rice cooker,Logistics step involving opening a container.,r002,Cooking,,40.5353386,Gold,5baf4e1b-582a-4fbc-9391-3e794057c759,yes
Task Operation,11,,4,6916,,no,0,0.0,0,#C C measures the rice,measures rice,Core task involving precise hand movements.,r002,Cooking,,108.2962686,Gold,5baf4e1b-582a-4fbc-9391-3e794057c759,no
Object Transfer,11,,4,7801,,no,0,0.0,0,#C C puts rice in the cooking pot,puts rice in cooking pot,"Logistics/Setup step, involves picking up and placing the rice.",r002,Cooking,,110.2251386,Gold,5baf4e1b-582a-4fbc-9391-3e794057c759,no
Object Transfer,11,,5,4181,watchlist_verb,yes,0,0.0,0,#C C closes the rice cooker,closes rice cooker,"Closing an object, a logistics step.",r002,Cooking,,270.4896886,Gold,5baf4e1b-582a-4fbc-9391-3e794057c759,yes
Object Transfer,11,,4,6135,watchlist_verb,yes,0,0.0,0,#C C open the rice cooker,open rice cooker,Logistics step involving opening a container.,r002,Cooking,,272.7725886,Gold,5baf4e1b-582a-4fbc-9391-3e794057c759,yes
Object Transfer,11,,4,6153,watchlist_verb,yes,0,0.0,0,#C C opens fridge with hand,opens fridge with hand,Logistics step involving opening a fridge.,r002,Cooking,,458.5241886766179,Gold,5baf4e1b-582a-4fbc-9391-3e794057c759,yes
Task Operation,11,,4,8044,,no,0,0.0,0,#C C scoops rice with spoon,scoops rice with spoon,Core task involving high hand activity.,r002,Cooking,,659.2507021677084,Gold,5baf4e1b-582a-4fbc-9391-3e794057c759,no
Object Transfer,11,,3,9212,watchlist_verb,yes,0,0.0,0,#C C opens bowl with hand,opens bowl with hand,Logistics/Setup step (opening an object).,r002,Cooking,,756.8397121677084,Skip,5baf4e1b-582a-4fbc-9391-3e794057c759,yes
Task Operation,11,,3,10144,,no,0,0.0,0,#O female B stirs food with cooking stick,female b stirs food with cooking stick,Core task involving manual operation with high hand activity.,r002,Cooking,,774.1490021677084,Gold,5baf4e1b-582a-4fbc-9391-3e794057c759,no
Object Transfer,11,Task Operation,5,5513,,no,0,0.0,0,#C C serves food in the bowl,serves food in bowl,Logistics step involving the transfer of food to a bowl.,r002,Cooking,,814.2868021677084,Bad,5baf4e1b-582a-4fbc-9391-3e794057c759,no
Object Transfer,11,,3,9434,,no,0,0.0,0,#C C adds soup in the plate.,adds soup in plate,"The action involves transferring soup from one container to a plate, which is a logistics step.",r002,Cooking,,859.0305686458333,Gold,5baf4e1b-582a-4fbc-9391-3e794057c759,no
Object Transfer,11,,3,9934,,no,0,0.0,0,#C C drops garlic peel in the dustbin.,drops garlic peel in dustbin,"[CtxFixed] The action involves deliberately placing the garlic peel into the dustbin, which fits the criteria for Object Transfer.",r002,Cooking,,899.2564686458334,Gold,5baf4e1b-582a-4fbc-9391-3e794057c759,no
Task Operation,11,,4,8189,,no,0,0.0,0,#C C stirs garlic in the pan.,stirs garlic in pan,Core task involving high hand activity.,r002,Cooking,,973.5531086458334,Gold,5baf4e1b-582a-4fbc-9391-3e794057c759,no
Locomotion,11,,7,2761,,no,0,0.0,0,#O person Q walks in the room.,person q walks in room,"Movement through space, indicative of walking.",r002,Cooking,,982.1962986458334,Gold,5baf4e1b-582a-4fbc-9391-3e794057c759,no
Stationary,11,Search,5,4691,,no,0,0.0,0,#C is browsing on the laptop,is browsing on laptop,"Low body/hand motion, primarily visual engagement.",r002,Desk Work,,287.7485352666667,Bad,5dc1c853-352d-49ae-886a-b72f6d6e70a4,no
Task Operation,11,,4,6682,,no,0,0.0,0,#C is eating cake.,is eating cake,"Core task involving hands, potentially with utensils.",r002,Desk Work,,429.9087452666667,Gold,5dc1c853-352d-49ae-886a-b72f6d6e70a4,no
Object Transfer,11,,4,7201,,no,0,0.0,0,#C C picks the skateboard,picks skateboard,"Picking up an object, logistics step.",r002,Mechanical Repair,,10.34358,Gold,5e97e33c-b3ca-48b2-9e7e-069fe39199fb,no
Locomotion,11,,11,1108,watchlist_verb,yes,0,0.0,0,#C C moves skateboard with the leg,moves skateboard with leg,Body moving through space using leg movement.,r002,Mechanical Repair,,78.26632,Gold,5e97e33c-b3ca-48b2-9e7e-069fe39199fb,yes
Locomotion,11,,3,9681,,no,0,0.0,0,#C C climbs the ramp,climbs ramp,Body moving through space (climbing). High body acceleration expected.,r002,Mechanical Repair,,302.54165,Gold,5e97e33c-b3ca-48b2-9e7e-069fe39199fb,no
Locomotion,11,,4,8415,,no,0,0.0,0,#C C walks on the deck,walks on deck,Body moving through space (walking).,r002,Mechanical Repair,,310.79794,Gold,5e97e33c-b3ca-48b2-9e7e-069fe39199fb,no
Locomotion,11,,3,10751,,no,0,0.0,0,#O man X runs on the pavement,man x runs on pavement,"Movement through space, high body acceleration.",r002,Mechanical Repair,,329.11992,Gold,5e97e33c-b3ca-48b2-9e7e-069fe39199fb,no
Locomotion,11,,5,4809,,no,0,0.0,0,#O Man X skates,man x skates,"Body moving through space, likely involves movement and balance.",r002,Mechanical Repair,,331.14711,Gold,5e97e33c-b3ca-48b2-9e7e-069fe39199fb,no
Stationary,11,,5,4224,watchlist_verb,yes,0,0.0,0,#C C holds the railing,holds railing,Holding onto a railing typically involves minimal movement.,r002,Mechanical Repair,,382.01194,Gold,5e97e33c-b3ca-48b2-9e7e-069fe39199fb,yes
Locomotion,11,,5,4810,,no,0,0.0,0,#O man X skates on the ramp,man x skates on ramp,"Body moving through space (skating), high body acceleration.",r002,Mechanical Repair,,448.29784,Gold,5e97e33c-b3ca-48b2-9e7e-069fe39199fb,no
Locomotion,11,,3,10750,,no,0,0.0,0,#O Man X runs after the skateboard,man x runs after skateboard,Body moving through space at a fast pace.,r002,Mechanical Repair,,735.7343933333334,Gold,5e97e33c-b3ca-48b2-9e7e-069fe39199fb,no
Locomotion,11,,3,8985,watchlist_verb,yes,0,0.0,0,#O Man X moves skateboard with the leg,man x moves skateboard with leg,Body moving through space using leg movement.,r002,Mechanical Repair,,745.7864933333333,Gold,5e97e33c-b3ca-48b2-9e7e-069fe39199fb,yes
Locomotion,11,,4,6050,watchlist_verb,yes,0,0.0,0,#O man X moves the skateboard,man x moves skateboard,"Movement of an object through space, likely involves high body acceleration.",r002,Mechanical Repair,,1514.0864466666667,Gold,5e97e33c-b3ca-48b2-9e7e-069fe39199fb,yes
Locomotion,11,,3,10718,,no,0,0.0,0,#O Man X drives on the road,man x drives on road,Body moving through space (driving). High body acceleration.,r002,Mechanical Repair,,1969.244316666667,Gold,5e97e33c-b3ca-48b2-9e7e-069fe39199fb,no
Stationary,11,,6,3296,watchlist_verb,yes,0,0.0,0,#C C watches move on the phone.,watches move on phone,"Low body/hand motion, focused attention.",r002,Cooking,,813.1282409546634,Gold,5e9e692b-dd68-4618-bfa3-012a7934abc2,yes
Object Transfer,11,,3,11111,,no,0,0.0,0,#C C picks a cardboard box on the fridge shelf,picks cardboard box on fridge shelf,Logistics step involving picking up an object.,r002,Mechanical Repair,,4.6284386,Gold,655e0641-f92b-4db0-acb3-223525247c90,no
Object Transfer,11,,5,5037,,no,0,0.0,0,#C C picks a tin drink in the cardboard box,picks tin drink in cardboard box,Logistics step involving picking up an object.,r002,Mechanical Repair,,10.2865486,Gold,655e0641-f92b-4db0-acb3-223525247c90,no
Object Transfer,11,,5,5389,,no,0,0.0,0,#C C puts a tin drink on the fridge shelf,puts tin drink on fridge shelf,Logistics step involving moving an object to a specific location.,r002,Mechanical Repair,,10.9810286,Gold,655e0641-f92b-4db0-acb3-223525247c90,no
Object Transfer,11,,17,505,,no,0,0.0,0,#C C picks #unsure on the fridge shelf,picks on fridge shelf,Logistics step involving picking up an object.,r002,Mechanical Repair,,43.1585286,Gold,655e0641-f92b-4db0-acb3-223525247c90,no
Object Transfer,11,,10,1344,watchlist_verb,yes,0,0.0,0,#C C moves #unsure on the fridge shelf,moves on fridge shelf,"[CtxFixed] The action involves moving an object (previously labeled as 'unsure') on the fridge shelf, which indicates a deliberate placement or transfer of the object.",r002,Mechanical Repair,,57.0760686,Gold,655e0641-f92b-4db0-acb3-223525247c90,yes
Object Transfer,11,,9,1858,,no,0,0.0,0,#C C puts #unsure on the fridge shelf,puts on fridge shelf,"Action involves placing an object, indicating logistics.",r002,Mechanical Repair,,65.2069186,Gold,655e0641-f92b-4db0-acb3-223525247c90,no
Object Transfer,11,,3,11297,,no,0,0.0,0,#C C picks a paper on the fridge shelf,picks paper on fridge shelf,Logistics step involving picking up an item.,r002,Mechanical Repair,,115.3827486,Gold,655e0641-f92b-4db0-acb3-223525247c90,no
Object Transfer,11,,3,11230,,no,0,0.0,0,#C C picks #unsure in the cardboard box,picks in cardboard box,Logistics step involving picking an object.,r002,Mechanical Repair,,217.1234586,Gold,655e0641-f92b-4db0-acb3-223525247c90,no
Stationary,11,,3,8764,watchlist_verb,yes,0,0.0,0,#C C holds the cardboard box with her hands,holds cardboard box with her hands,Holding the box indicates a static posture with minimal motion.,r002,Mechanical Repair,,236.4529686,Gold,655e0641-f92b-4db0-acb3-223525247c90,yes
Object Transfer,11,,7,2956,,no,0,0.0,0,#C C puts packages of #unsure in the fridge,puts packages of in fridge,Logistics step involving moving objects.,r002,Mechanical Repair,,9.6853686,Gold,671a4c5a-1ab5-4ea1-8940-c2983e2edb25,no
Object Transfer,11,,3,11285,,no,0,0.0,0,#C C picks package in a drawer on the floor,picks package in drawer on floor,Logistics step involving picking up an object.,r002,Mechanical Repair,,23.5293686,Gold,671a4c5a-1ab5-4ea1-8940-c2983e2edb25,no
Object Transfer,11,,3,9120,watchlist_verb,yes,0,0.0,0,#C C moves packages of #unsure in the fridge,moves packages of in fridge,Logistics step involving moving objects.,r002,Mechanical Repair,,29.0459186,Gold,671a4c5a-1ab5-4ea1-8940-c2983e2edb25,yes
Object Transfer,11,,6,3657,,no,0,0.0,0,#C C picks package of #unsure in the fridge,picks package of in fridge,Logistics step of picking up an item.,r002,Mechanical Repair,,48.1298986,Gold,671a4c5a-1ab5-4ea1-8940-c2983e2edb25,no
Object Transfer,11,,3,11139,,no,0,0.0,0,#C C picks a container in a bag,picks container in bag,Logistics step involving picking up an object.,r002,Mechanical Repair,,137.43359859999998,Gold,671a4c5a-1ab5-4ea1-8940-c2983e2edb25,no
Object Transfer,11,,3,11603,,no,0,0.0,0,#C C picks zipper bag in the bag,picks zipper bag in bag,Logistics step involving picking up an object.,r002,Mechanical Repair,,205.3235086,Gold,671a4c5a-1ab5-4ea1-8940-c2983e2edb25,no
Object Transfer,11,,4,7508,,no,0,0.0,0,#C C pulls crisper drawer,pulls crisper drawer,Logistics action involving moving an object (drawer).,r002,Mechanical Repair,,216.3948286,Gold,671a4c5a-1ab5-4ea1-8940-c2983e2edb25,no
Object Transfer,11,,3,11546,,no,0,0.0,0,#C C picks up a polythene bag from the floor,picks up polythene bag from floor,Logistics step involving picking up an object.,r002,Mechanical Repair,,379.4365692103517,Gold,671a4c5a-1ab5-4ea1-8940-c2983e2edb25,no
Stationary,11,Object Transfer,4,5887,watchlist_verb,yes,0,0.0,0,#C C closes the dry cleaner,closes dry cleaner,"Low body/hand motion, likely involves minimal movement.",r002,Cleaning,,30.5490786,Bad,6c0a8bc3-1a83-4f90-bb7f-6baf959b2364,yes
Locomotion,11,Object Transfer,4,6647,,no,0,0.0,0,#C C hangs the clothes in the clothe line,hangs clothes in clothe line,Body moving through space to hang clothes.,r002,Cleaning,,43.3221186,Bad,6c0a8bc3-1a83-4f90-bb7f-6baf959b2364,no
Object Transfer,11,,3,9233,watchlist_verb,yes,0,0.0,0,#C C opens the dry cleaner,opens dry cleaner,"Opening an object, involves logistics/setup step.",r002,Cleaning,,260.9424386,Gold,6c0a8bc3-1a83-4f90-bb7f-6baf959b2364,yes
Stationary,11,,4,5980,watchlist_verb,yes,0,0.0,0,#C C holds the plank to the slab wood with his left hand.,holds plank to slab wood with his left hand,"The action describes a stable, fixed position with minimal movement.",r002,Carpentry,,33.806509600000005,Gold,6cc68770-4f61-4c1c-a890-833b2e097eb7,yes
Stationary,11,,6,3933,,no,0,0.0,0,#C C rests cooking stick on the pan,rests cooking stick on pan,"Low body/hand motion, indicating a pause in activity.",r002,Cooking,,32.2247586,Gold,6cd747b9-9f90-4642-b848-e16a353e28f4,no
Object Transfer,11,,3,9944,,no,0,0.0,0,#C C drops #unsure in the pan,drops in pan,Refined via regex fallback,r002,Cooking,,63.2295786,Gold,6cd747b9-9f90-4642-b848-e16a353e28f4,no
Task Operation,11,,13,836,,no,0,0.0,0,#O Man Q stirs #unsure,man q stirs,Core task involving high hand activity.,r002,Cooking,,65.6268886,Gold,6cd747b9-9f90-4642-b848-e16a353e28f4,no
Stationary,11,,5,5215,,no,0,0.0,0,#C C presses on #unsure,presses on,"Low body/hand motion, possibly indicating uncertainty or waiting.",r002,Cooking,,109.8405786,Gold,6cd747b9-9f90-4642-b848-e16a353e28f4,no
Object Transfer,11,,3,10676,,no,0,0.0,0,#O Man Q picks kitchen towel,man q picks kitchen towel,"Logistics step, picking up an object.",r002,Cooking,,246.8684486,Gold,6cd747b9-9f90-4642-b848-e16a353e28f4,no
Object Transfer,11,,3,10675,,no,0,0.0,0,#O Man Q drops kitchen towel on the counter,man q drops kitchen towel on counter,Refined via regex fallback,r002,Cooking,,247.5421886,Gold,6cd747b9-9f90-4642-b848-e16a353e28f4,no
Object Transfer,11,,3,9871,,no,0,0.0,0,#C C drops butter,drops butter,"[CtxFixed] The action of dropping the butter is a deliberate placement of the object onto a surface, which fits the criteria for 'Object Transfer'.",r002,Cooking,,533.928761951992,Gold,6cd747b9-9f90-4642-b848-e16a353e28f4,no
Task Operation,11,,3,9788,,no,0,0.0,0,#C C dips brush into the can of wood polish.,dips brush into can of wood polish,Core task involving high hand activity.,r002,Mechanical Repair,,13.6905996,Gold,70b1eb5c-49a6-4249-88bb-53606589a6ea,no
Task Operation,11,,4,6353,,no,0,0.0,0,#C C continues to polish the wood with the brush.,continues to polish wood with brush,"Core task involving manual work with the hands, likely causing irregular and high hand acceleration.",r002,Mechanical Repair,,80.4612896,Gold,70b1eb5c-49a6-4249-88bb-53606589a6ea,no
Task Operation,11,,4,7453,,no,0,0.0,0,#C C pours the egg in the pan,pours egg in pan,Core task involving active hand movement.,r002,Cooking,,1596.5324850425495,Gold,7303d3a9-90fd-433d-987c-8c90ce49c821,no
Object Transfer,11,,3,9247,watchlist_verb,yes,0,0.0,0,#C C opens laundry,opens laundry,Logistics step involving opening a drawer or container.,r002,Mechanical Repair,,97.3546486,Gold,7844c399-e3ce-42f7-a31b-324d477217aa,yes
Stationary,11,Task Operation,3,9493,,no,1,1.0,1,#C C arranging clothe,arranging clothe,"The action described seems to involve low body and hand motion, possibly indicating a pause or setup phase.",r002,Mechanical Repair,,233.3777086,Bad,7844c399-e3ce-42f7-a31b-324d477217aa,no
Stationary,11,Task Operation,10,1362,,no,1,1.0,1,#C C arranges clothe,arranges clothe,Arranging an object typically involves minimal movement and can be considered a low-energy activity.,r002,Mechanical Repair,,336.2006839515625,Bad,7844c399-e3ce-42f7-a31b-324d477217aa,no
Stationary,11,,5,4366,watchlist_verb,yes,0,0.0,0,#C C touches hanger,touches hanger,"Low body/hand motion, likely inspecting or feeling the hanger.",r002,Mechanical Repair,,586.3852093320909,Gold,7844c399-e3ce-42f7-a31b-324d477217aa,yes
Object Transfer,11,,9,1701,,no,0,0.0,0,#C C hangs a cloth on the hanger,hangs cloth on hanger,Logistics step involving picking up and placing an object.,r002,Mechanical Repair,,846.7183386,Gold,7844c399-e3ce-42f7-a31b-324d477217aa,no
Task Operation,11,,5,4431,,no,0,0.0,0,#C C buttons the cloth,buttons cloth,Core manual task involving hand activity.,r002,Mechanical Repair,,855.7301986,Gold,7844c399-e3ce-42f7-a31b-324d477217aa,no
Stationary,11,,3,8800,watchlist_verb,yes,0,0.0,0,#C C holds the funnel,holds funnel,"Low body/hand motion, holding object.",r002,Cleaning,,67.7427196,Gold,7aca7552-56d2-4ac0-be30-aed9c5dfc8ea,yes
Stationary,11,,3,8894,watchlist_verb,yes,0,0.0,0,#C C holds the shower,holds shower,"Low body/hand motion, holding an object.",r002,Cleaning,,162.8699896,Gold,7aca7552-56d2-4ac0-be30-aed9c5dfc8ea,yes
Task Operation,11,,3,9645,,no,0,0.0,0,#C C cleans the kitchen table,cleans kitchen table,"Core manual task, high hand activity.",r002,Cleaning,,387.5567809546634,Gold,7aca7552-56d2-4ac0-be30-aed9c5dfc8ea,no
Stationary,11,,3,8913,watchlist_verb,yes,0,0.0,0,#C C holds the tissue paper with the left hand,holds tissue paper with left hand,"Low body/hand motion, holding an object without movement.",r002,Cleaning,,420.81188095466337,Gold,7aca7552-56d2-4ac0-be30-aed9c5dfc8ea,yes
Stationary,11,,3,8914,watchlist_verb,yes,0,0.0,0,#C C holds the tissue with the left hand,holds tissue with left hand,"Low body/hand motion, holding an object without movement.",r002,Cleaning,,424.5220409546634,Gold,7aca7552-56d2-4ac0-be30-aed9c5dfc8ea,yes
Task Operation,11,,3,9649,,no,0,0.0,0,#C C cleans on the gas cooker,cleans on gas cooker,Core manual task involving high hand activity.,r002,Cleaning,,479.13235095466337,Gold,7aca7552-56d2-4ac0-be30-aed9c5dfc8ea,no
Stationary,11,,7,2479,watchlist_verb,yes,0,0.0,0,#C C holds the hand towel with both hands,holds hand towel with both hands,"Low body/hand motion, holding the towel indicates a pause.",r002,Cleaning,,544.0388509546634,Gold,7aca7552-56d2-4ac0-be30-aed9c5dfc8ea,yes
Task Operation,11,,3,10204,,no,0,0.0,0,#C C folds the tissue paper,folds tissue paper,Core manual task involving hand manipulation.,r002,Cleaning,,745.6799109546635,Gold,7aca7552-56d2-4ac0-be30-aed9c5dfc8ea,no
Object Transfer,11,,6,3805,,no,0,0.0,0,#C C puts the bucket of water on the floor,puts bucket of water on floor,"Logistics step, moving an object from one location to another.",r002,Cleaning,,953.7121809546634,Gold,7aca7552-56d2-4ac0-be30-aed9c5dfc8ea,no
Task Operation,11,,4,6318,,no,0,0.0,0,#C C cleans on the mirror,cleans on mirror,Core task involving manual cleaning activity.,r002,Cleaning,,1054.9951209546634,Gold,7aca7552-56d2-4ac0-be30-aed9c5dfc8ea,no
Task Operation,11,,3,9647,,no,0,0.0,0,#C C cleans the mirror,cleans mirror,"Core task involving manual effort, likely with high hand activity.",r002,Cleaning,,1325.4095609546632,Gold,7aca7552-56d2-4ac0-be30-aed9c5dfc8ea,no
Task Operation,11,,6,4115,,no,0,0.0,0,#C C wipes door with a cloth,wipes door with cloth,Core manual task involving high hand activity.,r002,Cleaning,,1381.8032409546634,Gold,7aca7552-56d2-4ac0-be30-aed9c5dfc8ea,no
Task Operation,11,,5,5616,,no,0,0.0,0,#C C sweeps dirt on a dust pan with a broom,sweeps dirt on dust pan with broom,Core manual task involving high hand activity.,r002,Cleaning,,1628.650540954663,Gold,7aca7552-56d2-4ac0-be30-aed9c5dfc8ea,no
Locomotion,11,Task Operation,78,31,,no,0,0.0,0,#C C mops floor with a mop,mops floor with mop,Body moving through space while performing a task that involves significant body movement.,r002,Cleaning,,2109.652030954663,Bad,7aca7552-56d2-4ac0-be30-aed9c5dfc8ea,no
Object Transfer,11,,6,3608,,no,0,0.0,0,#C C picks a bucket of water,picks bucket of water,Logistics step involving picking up an object.,r002,Cleaning,,2232.570590954664,Gold,7aca7552-56d2-4ac0-be30-aed9c5dfc8ea,no
Task Operation,11,,4,7481,,no,0,0.0,0,#C C pours water in a toilet bowl,pours water in toilet bowl,Core task involving manual operation with hands.,r002,Cleaning,,2653.5250409546634,Gold,7aca7552-56d2-4ac0-be30-aed9c5dfc8ea,no
Task Operation,11,,12,1018,,no,0,0.0,0,#C C pours soap on the floor,pours soap on floor,Core manual task involving high hand activity.,r002,Cleaning,,2994.065310954664,Gold,7aca7552-56d2-4ac0-be30-aed9c5dfc8ea,no
Stationary,11,Task Operation,5,5692,,no,0,0.0,0,#C C turns off the switch,turns off switch,"Low body/hand motion, likely involves minimal movement.",r002,Cleaning,,3261.8858909546634,Bad,7aca7552-56d2-4ac0-be30-aed9c5dfc8ea,no
Locomotion,11,,5,4816,,no,0,0.0,0,#O A man X walks around the room,man x walks around room,"Body moving through space, high body acceleration.",r002,Walking Outdoors,,4.498,Gold,7bc527d6-f3f4-4a6e-bf0f-e6c176e0504d,no
Locomotion,11,,8,2341,,no,0,0.0,0,#C C rides the motorcycle,rides motorcycle,"Body moving through space via a vehicle, indicative of high body acceleration.",r002,Walking Outdoors,,84.963,Gold,7bc527d6-f3f4-4a6e-bf0f-e6c176e0504d,no
Object Transfer,11,,3,11483,,no,0,0.0,0,#C C picks up the bottle from the box,picks up bottle from box,Logistics step involving picking up an object.,r002,Walking Outdoors,,274.314,Gold,7bc527d6-f3f4-4a6e-bf0f-e6c176e0504d,no
Object Transfer,11,,4,7163,,no,0,0.0,0,#CC picks the phone from the bag,picks phone from bag,"The action involves picking up an object, which is a logistics step.",r002,Walking Outdoors,,339.828,Gold,7bc527d6-f3f4-4a6e-bf0f-e6c176e0504d,no
Locomotion,11,Task Operation,6,3948,,no,1,1.0,1,#C C rolls the bicycle wheel on the wheel truing stand.,rolls bicycle wheel on wheel truing stand,"Body moving through space, involving the movement of the wheel.",r002,Mechanical Repair,,23.603279600000004,Bad,7f334458-5c4c-4223-b04d-80616499adbb,no
Stationary,11,Task Operation,5,5600,,no,1,1.0,1,#C C stops the bicycle from rolling on the wheel truing stand.,stops bicycle from rolling on wheel truing stand,"The action involves stabilizing the bicycle, resulting in low body and hand motion.",r002,Mechanical Repair,,29.5097996,Bad,7f334458-5c4c-4223-b04d-80616499adbb,no
Task Operation,11,,6,3151,watchlist_verb,yes,0,0.0,0,#C C adjusts the wheel truing stand.,adjusts wheel truing stand,"Core manual task, high hand activity.",r002,Mechanical Repair,,30.4618396,Gold,7f334458-5c4c-4223-b04d-80616499adbb,yes
Stationary,11,Task Operation,19,421,,no,0,0.0,0,#C C turns on the light,turns on light,"Low body/hand motion, simple action.",r002,Cooking,,11.918469599999998,Bad,7f9f75fd-a660-4635-8890-239c6ad82023,no
Task Operation,11,,7,3100,,no,0,0.0,0,#C C washes the basin,washes basin,Core task involving high hand activity.,r002,Cooking,,683.2495609546634,Gold,7f9f75fd-a660-4635-8890-239c6ad82023,no
Object Transfer,11,,15,647,,no,0,0.0,0,#C C picks ginger,picks ginger,Logistics step of picking up an object.,r002,Cooking,,697.8864909546634,Gold,7f9f75fd-a660-4635-8890-239c6ad82023,no
Task Operation,11,,11,1265,,no,0,0.0,0,#C C removes the vegetable peel,removes vegetable peel,Core task involving high hand activity.,r002,Cooking,,781.9311709546635,Gold,7f9f75fd-a660-4635-8890-239c6ad82023,no
Object Transfer,11,,10,1496,,no,0,0.0,0,#C C puts the vegetable peel on a bowl,puts vegetable peel on bowl,Logistics step involving picking up and placing an object.,r002,Cooking,,782.8417309546634,Gold,7f9f75fd-a660-4635-8890-239c6ad82023,no
Task Operation,11,,6,3463,,no,0,0.0,0,#C C folds the polythene bag,folds polythene bag,Core manual task involving high hand activity.,r002,Cooking,,971.8630409546632,Gold,7f9f75fd-a660-4635-8890-239c6ad82023,no
Object Transfer,11,,14,741,,no,0,0.0,0,#C C places the tin on the table,places tin on table,"Logistics step, moving an object from one place to another.",r002,Cooking,,987.7685109546634,Gold,7f9f75fd-a660-4635-8890-239c6ad82023,no
Object Transfer,11,,3,11208,,no,0,0.0,0,#C C picks garlic peel,picks garlic peel,Logistics step involving picking up an object.,r002,Cooking,,1097.5588509546633,Gold,7f9f75fd-a660-4635-8890-239c6ad82023,no
Object Transfer,11,,5,4991,,no,0,0.0,0,#C C picks a piece of garlic,picks piece of garlic,Logistics step of picking an object.,r002,Cooking,,1098.6873409546631,Gold,7f9f75fd-a660-4635-8890-239c6ad82023,no
Object Transfer,11,,7,2637,,no,0,0.0,0,#C C drops the knife on the table,drops knife on table,Refined via regex fallback,r002,Cooking,,1170.4931109546633,Gold,7f9f75fd-a660-4635-8890-239c6ad82023,no
Object Transfer,11,,9,1680,,no,0,0.0,0,#C C drops #unsure in the dustbin,drops in dustbin,"[CtxFixed] The action of dropping an item into the dustbin is a deliberate placement, which fits the definition of 'Object Transfer'.",r002,Cooking,,1249.4634709546633,Gold,7f9f75fd-a660-4635-8890-239c6ad82023,no
Object Transfer,11,,3,11359,,no,0,0.0,0,#C C picks rice,picks rice,Logistics step involving picking up an object.,r002,Cooking,,1269.734270954663,Gold,7f9f75fd-a660-4635-8890-239c6ad82023,no
Object Transfer,11,,7,2465,watchlist_verb,yes,0,0.0,0,#C C closes the polythene bag,closes polythene bag,"Closing an object, which involves picking up and manipulating an item.",r002,Cooking,,1285.6362909546633,Gold,7f9f75fd-a660-4635-8890-239c6ad82023,yes
Object Transfer,11,,3,11832,,no,0,0.0,0,#C C places water in the glass,places water in glass,Logistics step of placing an item (water in the glass).,r002,Cooking,,1343.7817009546634,Gold,7f9f75fd-a660-4635-8890-239c6ad82023,no
Object Transfer,11,,5,5091,,no,0,0.0,0,#C C picks the wire cable,picks wire cable,Logistics/Setup step involving picking up an object.,r002,Cooking,,1372.4425409546634,Gold,7f9f75fd-a660-4635-8890-239c6ad82023,no
Object Transfer,11,,3,9945,,no,0,0.0,0,#C C drops #unsure in the sink,drops in sink,Refined via regex fallback,r002,Cooking,,1379.3343109546634,Gold,7f9f75fd-a660-4635-8890-239c6ad82023,no
Object Transfer,11,Task Operation,15,608,watchlist_verb,yes,0,0.0,0,#C C closes tap water,closes tap water,"Logistics action, short burst of hand activity.",r002,Cooking,,1381.4861409546634,Bad,7f9f75fd-a660-4635-8890-239c6ad82023,yes
Object Transfer,11,,3,11831,,no,0,0.0,0,#C C places water in the bowl,places water in bowl,"Logistics step, moving an object (water).",r002,Cooking,,1406.4474409546633,Gold,7f9f75fd-a660-4635-8890-239c6ad82023,no
Task Operation,11,,5,4639,,no,0,0.0,0,#C C folds the foil paper,folds foil paper,Core task involving manual dexterity and hand movements.,r002,Cooking,,1572.6151509546632,Gold,7f9f75fd-a660-4635-8890-239c6ad82023,no
Object Transfer,11,,20,369,,no,0,0.0,0,#C C picks #unsure with a spoon,picks with spoon,"Logistics step, picking up an item with a spoon.",r002,Cooking,,1638.659890954663,Gold,7f9f75fd-a660-4635-8890-239c6ad82023,no
Stationary,11,Task Operation,7,2661,,no,0,0.0,0,#C C folds #unsure,folds,Folding typically involves precise hand movements but does not involve significant body acceleration.,r002,Cooking,,1644.180170954663,Bad,7f9f75fd-a660-4635-8890-239c6ad82023,no
Object Transfer,11,,3,11048,,no,0,0.0,0,#C C picks an apron,picks apron,Logistics/Setup step (picking up an object).,r002,Cooking,,1698.280400954663,Gold,7f9f75fd-a660-4635-8890-239c6ad82023,no
Stationary,11,,18,456,,no,0,0.0,0,#C C presses #unsure,presses,"Low body/hand motion, possibly indicating a pause or interaction with a device.",r002,Cooking,,1720.1885109546631,Skip,7f9f75fd-a660-4635-8890-239c6ad82023,no
Locomotion,11,Object Transfer,47,80,watchlist_verb,yes,0,0.0,0,#C C moves pan,moves pan,Movement of the pan involves body motion through space.,r002,Cooking,,1724.2376609546632,Bad,7f9f75fd-a660-4635-8890-239c6ad82023,yes
Stationary,11,,4,6285,,no,0,0.0,0,#C C checks #unsure,checks,"Low body/hand motion, likely involves head movement but no active task.",r002,Cooking,,1731.1265409546631,Skip,7f9f75fd-a660-4635-8890-239c6ad82023,no
Locomotion,11,Object Transfer,4,6114,watchlist_verb,yes,0,0.0,0,#C C moves the pan on the cooker,moves pan on cooker,Movement of the pan involves body motion to reposition an object.,r002,Cooking,,1757.471270954663,Bad,7f9f75fd-a660-4635-8890-239c6ad82023,yes
Object Transfer,11,,6,3654,,no,0,0.0,0,#C C picks oil,picks oil,Logistics action involving picking up an object.,r002,Cooking,,1822.7862209546631,Gold,7f9f75fd-a660-4635-8890-239c6ad82023,no
Object Transfer,11,,5,4330,watchlist_verb,yes,0,0.0,0,#C C opens the cooking oil,opens cooking oil,Logistics/Setup step.,r002,Cooking,,1828.682080954663,Gold,7f9f75fd-a660-4635-8890-239c6ad82023,yes
Task Operation,11,,5,5192,,no,0,0.0,0,#C C pours cooking oil on the pan,pours cooking oil on pan,"Core task, high hand activity.",r002,Cooking,,1831.0554809546632,Gold,7f9f75fd-a660-4635-8890-239c6ad82023,no
Object Transfer,11,,4,7323,,no,0,0.0,0,#C C places the cooking oil on the table,places cooking oil on table,"Logistics step, placing an object.",r002,Cooking,,1847.405680954663,Gold,7f9f75fd-a660-4635-8890-239c6ad82023,no
Locomotion,11,Object Transfer,3,9068,watchlist_verb,yes,0,0.0,0,#C C moves the frying pan,moves frying pan,"Body moving through space to move an object, high body acceleration.",r002,Cooking,,1853.065620954663,Bad,7f9f75fd-a660-4635-8890-239c6ad82023,yes
Object Transfer,11,,3,9932,,no,0,0.0,0,#C C drops the garlic in the pan,drops garlic in pan,Refined via regex fallback,r002,Cooking,,1902.2707309546631,Gold,7f9f75fd-a660-4635-8890-239c6ad82023,no
Object Transfer,11,,3,9875,,no,0,0.0,0,#C C drops the cabbage in the dustbin,drops cabbage in dustbin,"[CtxFixed] The action of dropping the cabbage into the dustbin is a deliberate placement of the object, which fits the criteria for 'Object Transfer'.",r002,Cooking,,1972.559230954663,Gold,7f9f75fd-a660-4635-8890-239c6ad82023,no
Object Transfer,11,,6,3713,,no,0,0.0,0,#C C places the chopsticks on a plate,places chopsticks on plate,Logistics step involving placing an object.,r002,Cooking,,1990.6511309546631,Gold,7f9f75fd-a660-4635-8890-239c6ad82023,no
Task Operation,11,,13,869,,no,0,0.0,0,#C C pours #unsure in the pan,pours in pan,Core task involving manual pouring activity.,r002,Cooking,,2118.016840954663,Gold,7f9f75fd-a660-4635-8890-239c6ad82023,no
Object Transfer,11,,5,5153,,no,0,0.0,0,#C C places the pan in the sink,places pan in sink,Logistics step involving placing an object.,r002,Cooking,,2149.4824309546634,Gold,7f9f75fd-a660-4635-8890-239c6ad82023,no
Task Operation,11,,4,8504,,no,0,0.0,0,#C C wipes the pan,wipes pan,Core task involving high hand activity.,r002,Cooking,,2222.291620954664,Gold,7f9f75fd-a660-4635-8890-239c6ad82023,no
Object Transfer,11,,3,9125,watchlist_verb,yes,0,0.0,0,#C C moves the paper towel,moves paper towel,"Moving an object (paper towel), short bursts of hand acceleration.",r002,Cooking,,2356.410850954664,Gold,7f9f75fd-a660-4635-8890-239c6ad82023,yes
Stationary,11,Task Operation,4,6561,,no,0,0.0,0,#C C eats the meat,eats meat,"Low body/hand motion, eating involves minimal movement.",r002,Cooking,,2471.7057309546635,Bad,7f9f75fd-a660-4635-8890-239c6ad82023,no
Object Transfer,11,,5,5035,,no,0,0.0,0,#C C picks a table mat,picks table mat,Logistics step involving picking up an object.,r002,Cooking,,2476.755080954664,Gold,7f9f75fd-a660-4635-8890-239c6ad82023,no
Object Transfer,11,,3,11624,,no,0,0.0,0,#C C places the bowls in the sink,places bowls in sink,"Logistics/Setup step, moving objects to a location.",r002,Cooking,,2563.693950954664,Gold,7f9f75fd-a660-4635-8890-239c6ad82023,no
Object Transfer,11,,7,2528,watchlist_verb,yes,0,0.0,0,#C C opens a bowl,opens bowl,Logistics step involving opening an object.,r002,Cooking,,2595.5132809546635,Gold,7f9f75fd-a660-4635-8890-239c6ad82023,yes
Object Transfer,11,,4,7025,,no,0,0.0,0,#c c pick the leek,pick leek,Logistics step involving picking up an object.,r002,Cooking,,42.5470086,Gold,84ccc9f7-8e02-4bfd-bd44-1658814df7cc,no
Object Transfer,11,,6,3720,,no,0,0.0,0,#c c places the frying pan on the cooker,places frying pan on cooker,Logistics action of placing an object.,r002,Cooking,,283.6180485958416,Gold,84ccc9f7-8e02-4bfd-bd44-1658814df7cc,no
Task Operation,11,,11,1282,,no,0,0.0,0,#c c stirs the onions in the frying pan,stirs onions in frying pan,Core task involving high hand activity.,r002,Cooking,,284.0499485958416,Gold,84ccc9f7-8e02-4bfd-bd44-1658814df7cc,no
Stationary,11,Task Operation,9,1886,,no,0,0.0,0,#c c regulates the heat,regulates heat,"Adjusting the heat typically involves minimal body movement and could be done with one hand, indicating low energy activity.",r002,Cooking,,292.0720785958416,Bad,84ccc9f7-8e02-4bfd-bd44-1658814df7cc,no
Object Transfer,11,,10,1393,,no,0,0.0,0,#c c drops the wooden spoon,drops wooden spoon,"[CtxFixed] The action of dropping the wooden spoon can be considered a deliberate placement of the object onto a surface, which fits the criteria for 'Object Transfer'.",r002,Cooking,,307.5919585958416,Gold,84ccc9f7-8e02-4bfd-bd44-1658814df7cc,no
Object Transfer,11,,4,6167,watchlist_verb,yes,0,0.0,0,#c c opens the specie,opens specie,"Opening an object, a logistics step.",r002,Cooking,,311.9217485958416,Gold,84ccc9f7-8e02-4bfd-bd44-1658814df7cc,yes
Object Transfer,11,,4,7121,,no,0,0.0,0,#c c picks the knife from the kitchen counter,picks knife from kitchen counter,"Logistics/Setup step, picking up an object.",r002,Cooking,,544.518661929175,Gold,84ccc9f7-8e02-4bfd-bd44-1658814df7cc,no
Object Transfer,11,,3,9203,watchlist_verb,yes,0,0.0,0,#c c open the dustbin,open dustbin,Logistics/Setup step involving opening a container.,r002,Cooking,,575.7647116281577,Gold,84ccc9f7-8e02-4bfd-bd44-1658814df7cc,yes
Object Transfer,11,,9,1924,,no,0,0.0,0,#C C takes a charger,takes charger,Logistics action involving picking up an item.,r002,Desk Work,,107.43657,Gold,8519778b-f5f1-4e6f-8426-c6a7fe262920,no
Object Transfer,11,,12,1070,,no,0,0.0,0,#C C takes an iPad pen,takes ipad pen,Logistics/Setup step.,r002,Desk Work,,310.58327,Gold,8519778b-f5f1-4e6f-8426-c6a7fe262920,no
Object Transfer,11,,4,6105,watchlist_verb,yes,0,0.0,0,#C C moves the iPad,moves ipad,Movement of an object from one location to another.,r002,Desk Work,,381.60847,Gold,8519778b-f5f1-4e6f-8426-c6a7fe262920,yes
Object Transfer,11,,3,11661,,no,0,0.0,0,#C C places the cup on the desk,places cup on desk,"Logistics/Setup step, placing an object.",r002,Desk Work,,537.1215746666667,Gold,8519778b-f5f1-4e6f-8426-c6a7fe262920,no
Stationary,11,,5,4298,watchlist_verb,yes,0,0.0,0,#C C moves on the seat,moves on seat,"Low body/hand motion, minor seat movement.",r002,Desk Work,,937.4561666666666,Skip,8519778b-f5f1-4e6f-8426-c6a7fe262920,yes
Search,11,,31,167,,no,1,1.0,1,#C C turns his head,turns his head,"Head movement (visual search), hands mostly still.",r002,Desk Work,,1115.98669,Skip,8519778b-f5f1-4e6f-8426-c6a7fe262920,no
Task Operation,11,,3,10194,,no,0,0.0,0,#C C folds the paper bag,folds paper bag,Core manual task involving high hand activity.,r002,Cooking,,10.261415266666669,Gold,869aa0d2-9557-4f3e-8bc9-c46ca5e2c8ff,no
Task Operation,11,,20,351,,no,0,0.0,0,#C C cleans the bowl,cleans bowl,Core task involving manual effort and manipulation.,r002,Cooking,,53.08188526666667,Gold,869aa0d2-9557-4f3e-8bc9-c46ca5e2c8ff,no
Task Operation,11,,4,6327,,no,0,0.0,0,#C C cleans a utensil,cleans utensil,Core manual task involving high hand activity.,r002,Cooking,,62.57257526666667,,869aa0d2-9557-4f3e-8bc9-c46ca5e2c8ff,no
Task Operation,11,,9,1648,,no,0,0.0,0,#C C cleans a pan,cleans pan,Core manual task involving high hand activity.,r002,Cooking,,99.71300526666666,Gold,869aa0d2-9557-4f3e-8bc9-c46ca5e2c8ff,no
Task Operation,11,,8,2342,,no,0,0.0,0,#C C rinses her hands,rinses her hands,Core task involving high hand activity.,r002,Cooking,,162.40710526666666,Gold,869aa0d2-9557-4f3e-8bc9-c46ca5e2c8ff,no
Object Transfer,11,,7,2970,,no,0,0.0,0,#C C puts sponge in the sink,puts sponge in sink,Logistics step involving placing an object.,r002,Cooking,,194.82418526666663,Gold,869aa0d2-9557-4f3e-8bc9-c46ca5e2c8ff,no
Task Operation,11,,14,760,,no,0,0.0,0,#C C rinses the sieve,rinses sieve,Core manual task involving hand movement.,r002,Cooking,,250.96705526666668,Gold,869aa0d2-9557-4f3e-8bc9-c46ca5e2c8ff,no
Stationary,11,Task Operation,14,780,,no,0,0.0,0,#C C turns on stove,turns on stove,Turning on a stove involves minimal body movement and is a preparatory action.,r002,Cooking,,318.3862352666667,Bad,869aa0d2-9557-4f3e-8bc9-c46ca5e2c8ff,no
Object Transfer,11,,5,4929,,no,0,0.0,0,#C C picks chopstick,picks chopstick,Logistics step involving picking up an object.,r002,Cooking,,340.2052252666667,Gold,869aa0d2-9557-4f3e-8bc9-c46ca5e2c8ff,no
Object Transfer,11,,8,2048,,no,0,0.0,0,#C C arranges table,arranges table,"Logistics of setting up the table, involves picking up and placing items.",r002,Cooking,,343.19071526666664,Gold,869aa0d2-9557-4f3e-8bc9-c46ca5e2c8ff,no
Object Transfer,11,,4,7785,,no,0,0.0,0,#C C puts plates together,puts plates together,Logistics step involving picking up and placing objects.,r002,Cooking,,358.33655526666666,Gold,869aa0d2-9557-4f3e-8bc9-c46ca5e2c8ff,no
Stationary,11,Task Operation,4,8356,,no,0,0.0,0,#C C turns off stove,turns off stove,"Low body/hand motion, end of an action.",r002,Cooking,,475.5208252666667,Bad,869aa0d2-9557-4f3e-8bc9-c46ca5e2c8ff,no
Task Operation,11,,4,8492,,no,0,0.0,0,#C C wipes hands with fabric,wipes hands with fabric,Core manual task involving high hand activity.,r002,Cooking,,482.4662252666666,Gold,869aa0d2-9557-4f3e-8bc9-c46ca5e2c8ff,no
Object Transfer,11,,3,11185,,no,0,0.0,0,#C C picks facemask,picks facemask,Logistics step involving picking up an object.,r002,Cooking,,508.3328952666666,Gold,869aa0d2-9557-4f3e-8bc9-c46ca5e2c8ff,no
Task Operation,11,,6,4101,,no,0,0.0,0,#C C washes the face mask,washes face mask,Core manual task involving hand activity.,r002,Cooking,,566.4881219333334,Gold,869aa0d2-9557-4f3e-8bc9-c46ca5e2c8ff,no
Task Operation,11,,5,5753,,no,0,0.0,0,#C C washes the face mask with a soap,washes face mask with soap,Core manual task involving high hand activity.,r002,Cooking,,573.2019519333334,Gold,869aa0d2-9557-4f3e-8bc9-c46ca5e2c8ff,no
Object Transfer,11,,6,3743,,no,0,0.0,0,#C C places a soap on the soap dish,places soap on soap dish,"Logistics/Setup step, placing an object.",r002,Cooking,,581.2600519333334,Gold,869aa0d2-9557-4f3e-8bc9-c46ca5e2c8ff,no
Task Operation,11,,14,781,,no,0,0.0,0,#C C turns the tap,turns tap,Core task involving manual operation of a tap.,r002,Cooking,,660.3478419333334,Gold,869aa0d2-9557-4f3e-8bc9-c46ca5e2c8ff,no
Object Transfer,11,,4,7280,,no,0,0.0,0,#C C picks up the socks,picks up socks,Logistics step involving picking up an object.,r002,Cooking,,905.3426519333334,Gold,869aa0d2-9557-4f3e-8bc9-c46ca5e2c8ff,no
Stationary,11,,3,8896,watchlist_verb,yes,0,0.0,0,#C C holds the socks together,holds socks together,"Low body/hand motion, holding an object.",r002,Cooking,,908.3491619333334,Gold,869aa0d2-9557-4f3e-8bc9-c46ca5e2c8ff,yes
Object Transfer,11,,3,9099,watchlist_verb,yes,0,0.0,0,#C C moves in the drawer,moves in drawer,Logistics step involving moving within a drawer.,r002,Cooking,,1001.1101919333336,Skip,869aa0d2-9557-4f3e-8bc9-c46ca5e2c8ff,yes
Task Operation,11,,4,8470,,no,0,0.0,0,#C C washes the teddy bear cloth with a soap inside the sink,washes teddy bear cloth with soap inside sink,Core manual task involving hand activity and interaction with an object.,r002,Cooking,,1068.5272919333331,Gold,869aa0d2-9557-4f3e-8bc9-c46ca5e2c8ff,no
Task Operation,11,,6,3771,,no,0,0.0,0,#C C pours water inside the sink,pours water inside sink,Core task involving high hand activity.,r002,Cooking,,1093.0730119333332,Gold,869aa0d2-9557-4f3e-8bc9-c46ca5e2c8ff,no
Task Operation,11,,6,3382,,no,0,0.0,0,#C C dips cloth in the bowl,dips cloth in bowl,Core manual task involving hand activity.,r002,Cooking,,1100.9133619333334,Gold,869aa0d2-9557-4f3e-8bc9-c46ca5e2c8ff,no
Stationary,11,Task Operation,14,779,,no,0,0.0,0,#C C turns off the lights,turns off lights,"Low body/hand motion, simple action.",r002,Cooking,,1174.9213619333334,Bad,869aa0d2-9557-4f3e-8bc9-c46ca5e2c8ff,no
Object Transfer,11,,4,6148,watchlist_verb,yes,0,0.0,0,#C C opens door with hand,opens door with hand,Logistics action involving opening a door.,r002,Cooking,,1190.5363619333332,Gold,869aa0d2-9557-4f3e-8bc9-c46ca5e2c8ff,yes
Object Transfer,11,,5,4278,watchlist_verb,yes,0,0.0,0,#C C moves bowl aside,moves bowl aside,Logistics of moving an object (bowl).,r002,Cooking,,1220.9493619333332,Gold,869aa0d2-9557-4f3e-8bc9-c46ca5e2c8ff,yes
Object Transfer,11,,5,4583,,no,0,0.0,0,#C C drops paper in the bin,drops paper in bin,"The action involves picking up and putting down an object, which is a logistics step.",r002,Cooking,,1287.6854219333334,Gold,869aa0d2-9557-4f3e-8bc9-c46ca5e2c8ff,no
Object Transfer,11,,4,6141,watchlist_verb,yes,0,0.0,0,#C C opens box with both hands,opens box with both hands,Logistics step involving opening a box with both hands.,r002,Cooking,,1296.8862119333332,Gold,869aa0d2-9557-4f3e-8bc9-c46ca5e2c8ff,yes
Object Transfer,11,,11,1217,,no,0,0.0,0,#C C places # #unsure in the shelf,places in shelf,Logistics step involving placing an item.,r002,Cooking,,1356.4464519333333,Gold,869aa0d2-9557-4f3e-8bc9-c46ca5e2c8ff,no
Stationary,11,,4,5853,watchlist_verb,yes,0,0.0,0,#C C adjusts the mask,adjusts mask,Adjusting the mask involves minimal body movement and is a stationary activity.,r002,Cooking,,1366.649601933333,Skip,869aa0d2-9557-4f3e-8bc9-c46ca5e2c8ff,yes
Object Transfer,11,,9,1787,,no,0,0.0,0,#C C picks a pair of scissors,picks pair of scissors,Logistics step of picking up an object.,r002,Cooking,,1412.3785619333332,Gold,869aa0d2-9557-4f3e-8bc9-c46ca5e2c8ff,no
Task Operation,11,,4,8322,,no,0,0.0,0,#C C ties the thread,ties thread,Core manual task involving high hand activity.,r002,Cooking,,1504.7080319333334,Gold,869aa0d2-9557-4f3e-8bc9-c46ca5e2c8ff,no
Task Operation,11,,4,6607,,no,0,0.0,0,#C C folds the mask,folds mask,Core manual task involving precise hand movements.,r002,Cooking,,1519.4974119333333,Gold,869aa0d2-9557-4f3e-8bc9-c46ca5e2c8ff,no
Object Transfer,11,,5,4976,,no,0,0.0,0,#C C picks the needle,picks needle,Logistics step involving picking up an object.,r002,Cooking,,1540.4778919333332,Gold,869aa0d2-9557-4f3e-8bc9-c46ca5e2c8ff,no
Task Operation,11,,4,8200,,no,0,0.0,0,#C C stitches the mask with a needle,stitches mask with needle,Core manual task involving high hand activity.,r002,Cooking,,1551.8276219333334,Gold,869aa0d2-9557-4f3e-8bc9-c46ca5e2c8ff,no
Task Operation,11,,3,11971,,no,0,0.0,0,#C C presses the needle on the band,presses needle on band,"Core manual task, high hand activity.",r002,Cooking,,1653.9393019333334,Gold,869aa0d2-9557-4f3e-8bc9-c46ca5e2c8ff,no
Task Operation,11,,5,5230,,no,0,0.0,0,#C C pulls the needle,pulls needle,Core task involving fine hand manipulation.,r002,Cooking,,1656.7294319333332,Gold,869aa0d2-9557-4f3e-8bc9-c46ca5e2c8ff,no
Search,11,,5,4736,,no,0,0.0,0,#C C looks at the mask,looks at mask,"Head movement (visual inspection), hands mostly still.",r002,Cooking,,1668.857361933333,Gold,869aa0d2-9557-4f3e-8bc9-c46ca5e2c8ff,no
Task Operation,11,,5,4512,,no,0,0.0,0,#C C cuts thread with scissors,cuts thread with scissors,Core task involving precise hand movements.,r002,Cooking,,1815.798631933333,Gold,869aa0d2-9557-4f3e-8bc9-c46ca5e2c8ff,no
Stationary,11,,4,5938,watchlist_verb,yes,0,0.0,0,#C C holds face mask,holds face mask,"Low body/hand motion, holding an object without movement.",r002,Cooking,,1933.343661933333,Gold,869aa0d2-9557-4f3e-8bc9-c46ca5e2c8ff,yes
Object Transfer,11,,5,4602,,no,0,0.0,0,#C C drops water bottle,drops water bottle,"[CtxFixed] The action of dropping the water bottle is a deliberate placement of the object onto a surface, which fits the criteria for 'Object Transfer'.",r002,Cooking,,2083.211761933333,Gold,869aa0d2-9557-4f3e-8bc9-c46ca5e2c8ff,no
Stationary,11,,10,1358,watchlist_verb,yes,0,0.0,0,#C C touches box,touches box,"Low body/hand motion, likely involves minimal movement.",r002,Cooking,,2087.173871933333,Gold,869aa0d2-9557-4f3e-8bc9-c46ca5e2c8ff,yes
Object Transfer,11,,11,1132,,no,0,0.0,0,#C C drops broom,drops broom,"[CtxFixed] The action of dropping the broom can be interpreted as a deliberate placement of the broom onto a surface, which fits the definition of 'Object Transfer'.",r002,Cooking,,2114.0377719333337,Gold,869aa0d2-9557-4f3e-8bc9-c46ca5e2c8ff,no
Object Transfer,11,,9,1603,watchlist_verb,yes,0,0.0,0,#C C moves a can,moves can,"Logistics step, moving an object.",r002,Cooking,,2129.2657919333337,Gold,869aa0d2-9557-4f3e-8bc9-c46ca5e2c8ff,yes
Object Transfer,11,,7,2776,,no,0,0.0,0,#C C picks a bottle cap,picks bottle cap,Logistics/Setup step involving picking up an object.,r002,Cooking,,2161.450191933334,Gold,869aa0d2-9557-4f3e-8bc9-c46ca5e2c8ff,no
Task Operation,11,,13,899,,no,0,0.0,0,#C C sweeps the floor using a hand broom with both hands,sweeps floor using hand broom with both hands,Core manual task involving high hand activity.,r002,Cooking,,2184.2147819333336,Gold,869aa0d2-9557-4f3e-8bc9-c46ca5e2c8ff,no
Stationary,11,,5,4746,,no,1,1.0,1,#C C looks sideways,looks sideways,"Low body/hand motion, just a glance to the side.",r002,Cooking,,2354.219291933334,Skip,869aa0d2-9557-4f3e-8bc9-c46ca5e2c8ff,no
Locomotion,11,,4,8397,,no,0,0.0,0,#C C walks back to the living room,walks back to living room,"Movement through space, indicative of walking.",r002,Cooking,,2410.6092919333337,Gold,869aa0d2-9557-4f3e-8bc9-c46ca5e2c8ff,no
Locomotion,11,Task Operation,6,4014,,no,0,0.0,0,#C C sweeps a room,sweeps room,Body moving through space while sweeping.,r002,Cooking,,2469.257831933334,Bad,869aa0d2-9557-4f3e-8bc9-c46ca5e2c8ff,no
Locomotion,11,Task Operation,5,5615,,no,0,0.0,0,#C C sweeps the dirt,sweeps dirt,"Body moving through space while sweeping, involves significant body acceleration.",r002,Cooking,,2617.1280119333337,Bad,869aa0d2-9557-4f3e-8bc9-c46ca5e2c8ff,no
Object Transfer,11,,4,6727,,no,0,0.0,0,#C C lifts a dust pan,lifts dust pan,"The action involves picking up an object, which is a logistics step.",r002,Cooking,,2748.9867186,Gold,869aa0d2-9557-4f3e-8bc9-c46ca5e2c8ff,no
Object Transfer,11,,5,5297,,no,0,0.0,0,#C C puts a dust pan down,puts dust pan down,Logistics action involving placing an object.,r002,Cooking,,2767.7290786000003,Gold,869aa0d2-9557-4f3e-8bc9-c46ca5e2c8ff,no
Object Transfer,11,,9,1841,,no,0,0.0,0,#C C puts a cooking pot down,puts cooking pot down,Logistics step of placing the pot down.,r002,Cooking,,2778.5439186000003,Gold,869aa0d2-9557-4f3e-8bc9-c46ca5e2c8ff,no
Object Transfer,11,,6,3868,,no,0,0.0,0,#C C puts a pan down,puts pan down,Logistics step involving the placement of an object.,r002,Cooking,,2783.2328186000004,Gold,869aa0d2-9557-4f3e-8bc9-c46ca5e2c8ff,no
Object Transfer,11,,4,7630,,no,0,0.0,0,#C C puts down a basin,puts down basin,Logistics step involving placing an object down.,r002,Cooking,,2855.1035186000004,Gold,869aa0d2-9557-4f3e-8bc9-c46ca5e2c8ff,no
Object Transfer,11,,11,1207,,no,0,0.0,0,#C C picks up a garlic,picks up garlic,"Logistics step, picking up an object.",r002,Cooking,,2867.7152986,Gold,869aa0d2-9557-4f3e-8bc9-c46ca5e2c8ff,no
Stationary,11,,5,4216,watchlist_verb,yes,0,0.0,0,#C C holds a nylon bag,holds nylon bag,"The action involves holding a bag, which does not involve significant motion or activity.",r002,Cooking,,2879.1898586,Gold,869aa0d2-9557-4f3e-8bc9-c46ca5e2c8ff,yes
Object Transfer,11,,4,7529,,no,0,0.0,0,#C C pushes a bottle,pushes bottle,Movement of an object from one place to another.,r002,Cooking,,2905.9085786,Gold,869aa0d2-9557-4f3e-8bc9-c46ca5e2c8ff,no
Locomotion,11,Object Transfer,6,3792,,no,0,0.0,0,#C C pushes a bucket,pushes bucket,"Body moving through space with a bucket, likely involves high body acceleration.",r002,Cooking,,2917.7312686,Bad,869aa0d2-9557-4f3e-8bc9-c46ca5e2c8ff,no
Object Transfer,11,,17,510,,no,0,0.0,0,#C C picks up a bucket,picks up bucket,Logistics step involving picking up an object.,r002,Cooking,,2919.7297186,Gold,869aa0d2-9557-4f3e-8bc9-c46ca5e2c8ff,no
Object Transfer,11,,6,3697,,no,0,0.0,0,#C C picks up the paper bag,picks up paper bag,Logistics/Setup step involving picking up an object.,r002,Cooking,,3125.9050286,Gold,869aa0d2-9557-4f3e-8bc9-c46ca5e2c8ff,no
Stationary,11,,7,2487,watchlist_verb,yes,0,0.0,0,#C C holds the paper bag,holds paper bag,"Low body/hand motion, holding an object without moving.",r002,Cooking,,3138.5970286,Gold,869aa0d2-9557-4f3e-8bc9-c46ca5e2c8ff,yes
Task Operation,11,,5,5488,,no,0,0.0,0,#C C scoops some flour,scoops flour,"Core manual task, high hand activity.",r002,Cooking,,3244.1770286,Gold,869aa0d2-9557-4f3e-8bc9-c46ca5e2c8ff,no
Object Transfer,11,,4,7666,,no,0,0.0,0,#C C puts the flour in the bag,puts flour in bag,Logistics step involving picking up and placing an object.,r002,Cooking,,3245.8820286000005,Gold,869aa0d2-9557-4f3e-8bc9-c46ca5e2c8ff,no
Task Operation,11,,8,2260,,no,0,0.0,0,#C C pours the flour in the bowl,pours flour in bowl,Core task involving hand activity.,r002,Cooking,,3256.5607786,Gold,869aa0d2-9557-4f3e-8bc9-c46ca5e2c8ff,no
Object Transfer,11,,7,2825,,no,0,0.0,0,#C C picks a sachet,picks sachet,Logistics/Setup step.,r002,Cooking,,3273.5974586,Gold,869aa0d2-9557-4f3e-8bc9-c46ca5e2c8ff,no
Object Transfer,11,,6,3658,,no,0,0.0,0,#C C picks the packet of flour,picks packet of flour,Logistics step involving picking up an object.,r002,Cooking,,3325.5764886,Gold,869aa0d2-9557-4f3e-8bc9-c46ca5e2c8ff,no
Object Transfer,11,,13,854,,no,0,0.0,0,#C C picks the rag,picks rag,"Logistics step, picking up an object.",r002,Cooking,,3348.9479586,Gold,869aa0d2-9557-4f3e-8bc9-c46ca5e2c8ff,no
Task Operation,11,,4,8555,,no,0,0.0,0,#C C wrings the scouring pad,wrings scouring pad,Core task involving high hand activity.,r002,Cooking,,3423.4865286000004,Gold,869aa0d2-9557-4f3e-8bc9-c46ca5e2c8ff,no
Task Operation,11,,5,5563,,no,0,0.0,0,#C C squeezes the rag,squeezes rag,Core task involving high hand activity.,r002,Cooking,,3507.9330486000003,Gold,869aa0d2-9557-4f3e-8bc9-c46ca5e2c8ff,no
Task Operation,11,,3,10259,,no,0,0.0,0,#C C gums the duct tape on the side mirror holder.,gums duct tape on side mirror holder,Core manual task involving high hand activity.,r002,Mechanical Repair,,129.41688,Gold,887a1aaa-2b7e-41d4-86c6-fa0c9d1015a0,no
Task Operation,11,,3,9738,,no,0,0.0,0,#C C cuts the duct tape with the scissors.,cuts duct tape with scissors,Core task involving precise hand movements.,r002,Mechanical Repair,,144.91104,Gold,887a1aaa-2b7e-41d4-86c6-fa0c9d1015a0,no
Object Transfer,11,,3,11396,,no,0,0.0,0,#C C picks the side mirror holder from the table.,picks side mirror holder from table,Logistics step involving picking up an object.,r002,Mechanical Repair,,151.51766,Gold,887a1aaa-2b7e-41d4-86c6-fa0c9d1015a0,no
Task Operation,11,,3,8664,watchlist_verb,yes,0,0.0,0,#C C adjusts the valve on the handlebar with his left hand.,adjusts valve on handlebar with his left hand,Core manual task involving precise hand movements.,r002,Mechanical Repair,,392.8791,Gold,887a1aaa-2b7e-41d4-86c6-fa0c9d1015a0,yes
Object Transfer,11,,3,11384,,no,0,0.0,0,#c c picks a scrubber pad,picks scrubber pad,Logistics step of picking up an object.,r002,Mechanical Repair,,313.3955709546634,Gold,88aaba00-ad94-4e76-9b7d-583cd8744fd2,no
Task Operation,11,,3,9672,,no,0,0.0,0,#c c cleanses the blender base with water,cleanses blender base with water,"Core task involving manual cleaning, high hand activity.",r002,Mechanical Repair,,420.19553095466335,Gold,88aaba00-ad94-4e76-9b7d-583cd8744fd2,no
Object Transfer,11,,19,400,,no,0,0.0,0,#c c picks grapes,picks grapes,"Action involves picking up objects, which is a logistics step.",r002,Mechanical Repair,,731.8679909546634,Gold,88aaba00-ad94-4e76-9b7d-583cd8744fd2,no
Task Operation,11,,3,9699,,no,0,0.0,0,#c c connects the blender,connects blender,"Core manual task, high hand activity.",r002,Mechanical Repair,,888.6689009546634,Gold,88aaba00-ad94-4e76-9b7d-583cd8744fd2,no
Object Transfer,11,,6,3924,,no,0,0.0,0,#c c removes the phone from the pocket,removes phone from pocket,"The action involves taking the phone out of the pocket, which is a logistics step.",r002,Mechanical Repair,,942.6613309546634,Gold,88aaba00-ad94-4e76-9b7d-583cd8744fd2,no
Object Transfer,11,,8,2218,,no,0,0.0,0,#c c picks the smoothie,picks smoothie,"Picking up an object, involves logistics and handling.",r002,Mechanical Repair,,973.9825809546634,Gold,88aaba00-ad94-4e76-9b7d-583cd8744fd2,no
Stationary,11,,3,10108,,no,0,0.0,0,#c c eats the cheese and bread,eats cheese and bread,"The action describes eating, which involves minimal movement and is typically stationary.",r002,Mechanical Repair,,1620.7604609546631,Skip,88aaba00-ad94-4e76-9b7d-583cd8744fd2,no
Object Transfer,11,,7,2965,,no,0,0.0,0,#c c puts smoothie on the table,puts smoothie on table,Logistics step involving placing an object.,r002,Mechanical Repair,,1637.814780954663,Gold,88aaba00-ad94-4e76-9b7d-583cd8744fd2,no
Object Transfer,11,,11,1182,,no,0,0.0,0,#c c picks bread,picks bread,"The action involves picking up an object, which is a logistics step.",r002,Mechanical Repair,,1639.3821109546632,Gold,88aaba00-ad94-4e76-9b7d-583cd8744fd2,no
Object Transfer,11,,3,11055,,no,0,0.0,0,#c c picks biscuits,picks biscuits,Logistics step involving picking up objects.,r002,Mechanical Repair,,1762.6342509546632,Gold,88aaba00-ad94-4e76-9b7d-583cd8744fd2,no
Object Transfer,11,,12,932,watchlist_verb,yes,0,0.0,0,#c c opens the dish,opens dish,Opening an object involves logistics and setup steps.,r002,Mechanical Repair,,1878.5126109546632,Gold,88aaba00-ad94-4e76-9b7d-583cd8744fd2,yes
Stationary,11,,4,6720,,no,0,0.0,0,#C C licks fingers,licks fingers,"Low body/hand motion, likely a preparatory action before handling parts.",r002,Mechanical Repair,,1900.7518086458333,Gold,88aaba00-ad94-4e76-9b7d-583cd8744fd2,no
Object Transfer,11,,13,865,,no,0,0.0,0,#C C places a knife on a plate,places knife on plate,Logistics step involving the placement of an object.,r002,Mechanical Repair,,1908.647768645833,Gold,88aaba00-ad94-4e76-9b7d-583cd8744fd2,no
Stationary,11,,5,4611,,no,0,0.0,0,#C C eats a piece of cake on a plate,eats piece of cake on plate,"Low body/hand motion, eating involves minimal movement.",r002,Mechanical Repair,,1909.8093086458327,Gold,88aaba00-ad94-4e76-9b7d-583cd8744fd2,no
Stationary,11,,3,9830,,no,0,0.0,0,#C C drinks a beverage from a pitcher on and off a dinning table,drinks beverage from pitcher on and off dinning table,Drinking is a low-energy activity with minimal body motion.,r002,Mechanical Repair,,1923.400388645833,Gold,88aaba00-ad94-4e76-9b7d-583cd8744fd2,no
Search,11,,3,10439,,no,0,0.0,0,#C C looks around a dinning table,looks around dinning table,"Head movement (looking around), passive hands.",r002,Mechanical Repair,,2021.361208645833,Gold,88aaba00-ad94-4e76-9b7d-583cd8744fd2,no
Locomotion,11,,5,5566,,no,0,0.0,0,#C C stands from a chair,stands from chair,"Body movement (standing up), high body acceleration.",r002,Mechanical Repair,,2118.5846786458333,Skip,88aaba00-ad94-4e76-9b7d-583cd8744fd2,no
Object Transfer,11,,5,4337,watchlist_verb,yes,0,0.0,0,#C C opens kitchen cupboard,opens kitchen cupboard,Logistics/Setup step involving opening a cupboard.,r002,Mechanical Repair,,2158.051440954664,Gold,88aaba00-ad94-4e76-9b7d-583cd8744fd2,yes
Object Transfer,11,,3,8709,watchlist_verb,yes,0,0.0,0,#C C closes kitchen cupboard,closes kitchen cupboard,"Logistics step involving closing a cupboard, short burst of hand activity.",r002,Mechanical Repair,,2159.976160954664,Gold,88aaba00-ad94-4e76-9b7d-583cd8744fd2,yes
Object Transfer,11,,4,7751,,no,0,0.0,0,#C C puts a packet of milk in the fridge,puts packet of milk in fridge,Logistics step involving picking up and putting down an object.,r002,Mechanical Repair,,2176.552340954664,Gold,88aaba00-ad94-4e76-9b7d-583cd8744fd2,no
Stationary,11,,7,2619,,no,0,0.0,0,#C C drinks milk,drinks milk,Drinking involves minimal body motion and is a relatively stationary activity.,r002,Mechanical Repair,,2182.527420954664,Gold,88aaba00-ad94-4e76-9b7d-583cd8744fd2,no
Object Transfer,11,Task Operation,39,109,,no,0,0.0,1,#C C turns tap on,turns tap on,"Action involves turning a tap, which is a logistics step.",r002,Mechanical Repair,,2198.944220954664,Bad,88aaba00-ad94-4e76-9b7d-583cd8744fd2,no
Task Operation,11,,5,4405,,no,0,0.0,0,#C C applies soap on the sponge,applies soap on sponge,Core task involving manual activity with hands.,r002,Mechanical Repair,,2208.167520954664,Gold,88aaba00-ad94-4e76-9b7d-583cd8744fd2,no
Stationary,11,Task Operation,12,1077,,no,0,0.0,1,#C C turns tap off,turns tap off,"Low body/hand motion, simple action.",r002,Mechanical Repair,,2252.456050954664,Bad,88aaba00-ad94-4e76-9b7d-583cd8744fd2,no
Object Transfer,11,,35,127,watchlist_verb,yes,0,0.0,0,#C C closes wardrobe,closes wardrobe,Logistics step involving the closing of an object.,r002,Mechanical Repair,,2368.0538209546635,Gold,88aaba00-ad94-4e76-9b7d-583cd8744fd2,yes
Object Transfer,11,,8,2284,,no,0,0.0,0,#C C puts detergent on the floor,puts detergent on floor,Logistics step of placing an object.,r002,Mechanical Repair,,2978.8031709546635,Gold,88aaba00-ad94-4e76-9b7d-583cd8744fd2,no
Object Transfer,11,,4,6123,watchlist_verb,yes,0,0.0,0,#C C moves the scissors aside,moves scissors aside,"Moving an object to another location, logistics step.",r002,Cooking,,19.1673386,Gold,8b72b54f-f87c-4fdb-84dc-97e42ab111ac,yes
Object Transfer,11,,9,1855,,no,0,0.0,0,#C C puts the inner parts on the chocking board,puts inner parts on chocking board,"Logistics step, moving objects to a specific location.",r002,Cooking,,281.8643709748144,Gold,8b72b54f-f87c-4fdb-84dc-97e42ab111ac,no
Object Transfer,11,,10,1446,,no,0,0.0,0,#C C picks the onion from the table,picks onion from table,Logistics step involving picking up an object.,r002,Cooking,,294.5686309748144,Gold,8b72b54f-f87c-4fdb-84dc-97e42ab111ac,no
Object Transfer,11,,7,2925,,no,0,0.0,0,#C C puts down the knife on the table,puts down knife on table,Logistics step involving the placement of an object.,r002,Cooking,,303.73843097481443,Gold,8b72b54f-f87c-4fdb-84dc-97e42ab111ac,no
Task Operation,11,,7,2583,,no,0,0.0,0,#C C cleans the knife with his hand,cleans knife with his hand,Core manual task involving high hand activity.,r002,Cooking,,466.0276009748144,Gold,8b72b54f-f87c-4fdb-84dc-97e42ab111ac,no
Object Transfer,11,,5,5284,,no,0,0.0,0,#C C puts down the chocking board on the table,puts down chocking board on table,"Logistics step, placing an object down.",r002,Cooking,,472.34800097481445,Gold,8b72b54f-f87c-4fdb-84dc-97e42ab111ac,no
Object Transfer,11,,4,7056,,no,0,0.0,0,#C C picks the carrot from the table,picks carrot from table,Logistics step involving picking up an object.,r002,Cooking,,473.3987409748144,Gold,8b72b54f-f87c-4fdb-84dc-97e42ab111ac,no
Stationary,11,Task Operation,4,6255,,no,0,0.0,0,#C C arranges the pieces in order,arranges pieces in order,"Low body/hand motion, arranging involves minimal movement.",r002,Cooking,,493.8703509748144,Bad,8b72b54f-f87c-4fdb-84dc-97e42ab111ac,no
Task Operation,11,,3,9735,,no,0,0.0,0,#C C cuts the cucumber into pieces,cuts cucumber into pieces,"Core task, high hand activity.",r002,Cooking,,588.9754476136719,Gold,8b72b54f-f87c-4fdb-84dc-97e42ab111ac,no
Task Operation,11,,4,8097,,no,0,0.0,0,#C C slices the cucumber on the chocking board,slices cucumber on chocking board,Core task involving precise hand movements.,r002,Cooking,,598.0639276136719,Gold,8b72b54f-f87c-4fdb-84dc-97e42ab111ac,no
Task Operation,11,,3,10824,,no,0,0.0,0,#C C mixes the cucumber with the carrot inside the plate,mixes cucumber with carrot inside plate,"Core task involving mixing ingredients, high hand activity.",r002,Cooking,,605.3054576136719,Gold,8b72b54f-f87c-4fdb-84dc-97e42ab111ac,no
Object Transfer,11,,4,7746,,no,0,0.0,0,#C C puts the onion on the chocking board,puts onion on chocking board,Logistics step involving picking up and placing the onion.,r002,Cooking,,660.5704076136719,Gold,8b72b54f-f87c-4fdb-84dc-97e42ab111ac,no
Task Operation,11,,4,8098,,no,0,0.0,0,#C C slices the onion on the chocking board,slices onion on chocking board,Core task involving high hand activity.,r002,Cooking,,684.5965276136719,Gold,8b72b54f-f87c-4fdb-84dc-97e42ab111ac,no
Task Operation,11,,5,4502,,no,0,0.0,0,#C C cuts the onion into pieces on the chocking board,cuts onion into pieces on chocking board,Core task involving high hand activity.,r002,Cooking,,695.391357613672,Gold,8b72b54f-f87c-4fdb-84dc-97e42ab111ac,no
Object Transfer,11,,3,11277,,no,0,0.0,0,#C C picks one of Irish potato from the bowl,picks one of irish potato from bowl,"Logistics step, picking up an object.",r002,Cooking,,824.0160496799912,Gold,8b72b54f-f87c-4fdb-84dc-97e42ab111ac,no
Object Transfer,11,,4,7166,,no,0,0.0,0,#C C picks a piece of the Irish potato from the chocking board,picks piece of irish potato from chocking board,Logistics step involving picking up an object.,r002,Cooking,,829.3229596799911,Gold,8b72b54f-f87c-4fdb-84dc-97e42ab111ac,no
Task Operation,11,,7,2603,,no,0,0.0,0,#C C cuts the Irish potato into pieces,cuts irish potato into pieces,"Core task, high hand activity.",r002,Cooking,,832.8898396799912,Gold,8b72b54f-f87c-4fdb-84dc-97e42ab111ac,no
Object Transfer,11,,9,1765,,no,0,0.0,0,#C C picks the bowl from the table,picks bowl from table,Logistics step involving picking up an object.,r002,Cooking,,911.3867296799912,Gold,8b72b54f-f87c-4fdb-84dc-97e42ab111ac,no
Stationary,11,,4,6196,watchlist_verb,yes,0,0.0,0,#C C touches the food on the plate,touches food on plate,"Low body/hand motion, likely involves touch without significant movement.",r002,Cooking,,1003.9000596799912,Gold,8b72b54f-f87c-4fdb-84dc-97e42ab111ac,yes
Object Transfer,11,,3,11865,,no,0,0.0,0,#C C plugs the leaves of flower #unsure from the flower pot,plugs leaves of flower from flower pot,"[CtxFixed] The action involves deliberately placing the leaves of the flower from the flower pot, which fits the criteria for Object Transfer as it involves a deliberate placement of an object.",r002,Cooking,,1035.2473296799913,Gold,8b72b54f-f87c-4fdb-84dc-97e42ab111ac,no
Task Operation,11,,6,3941,,no,0,0.0,0,#C C rinses his hand,rinses his hand,Core manual task involving high hand activity.,r002,Cooking,,1066.7919430133245,Gold,8b72b54f-f87c-4fdb-84dc-97e42ab111ac,no
Search,11,,5,4364,watchlist_verb,yes,0,0.0,0,#C C touches the food in the plate,touches food in plate,"Implies a visual or tactile search, low hand activity.",r002,Cooking,,1093.5021116989583,Skip,8b72b54f-f87c-4fdb-84dc-97e42ab111ac,yes
Object Transfer,11,,12,1030,,no,0,0.0,0,#C C puts #unsure in the food,puts in food,Refined via regex fallback,r002,Cooking,,1136.2398816989582,Gold,8b72b54f-f87c-4fdb-84dc-97e42ab111ac,no
Stationary,11,Task Operation,4,5855,watchlist_verb,yes,0,0.0,0,#C C adjusts the oven,adjusts oven,"Adjusting the oven typically involves minimal movement, mostly using hands to change settings.",r002,Cooking,,1187.1789216989582,Bad,8b72b54f-f87c-4fdb-84dc-97e42ab111ac,yes
Object Transfer,11,,4,7101,,no,0,0.0,0,#C C picks #unsure from the plate,picks from plate,Logistics step involving picking up an item.,r002,Cooking,,1233.3112916989585,Gold,8b72b54f-f87c-4fdb-84dc-97e42ab111ac,no
Object Transfer,11,,5,5350,,no,0,0.0,0,#C C puts a piece of onion on the table,puts piece of onion on table,Logistics step involving picking up and placing an object.,r002,Cooking,,1293.6731016989584,Gold,8b72b54f-f87c-4fdb-84dc-97e42ab111ac,no
Object Transfer,11,,10,1488,,no,0,0.0,0,#C C puts a piece of onion down on the table,puts piece of onion down on table,Logistics/Setup step involving picking up and putting down an object.,r002,Cooking,,1319.0968016989582,Gold,8b72b54f-f87c-4fdb-84dc-97e42ab111ac,no
Task Operation,11,,10,1501,,no,0,0.0,0,#c c remove the peeling from the garlic,remove peeling from garlic,Core task involving fine motor skills and hand activity.,r002,Cooking,,1376.89405071263,Gold,8b72b54f-f87c-4fdb-84dc-97e42ab111ac,no
Object Transfer,11,,3,11027,,no,0,0.0,0,#c c pick the phone,pick phone,"Picking up an object, involves short bursts of hand acceleration.",r002,Cooking,,1522.25348071263,Gold,8b72b54f-f87c-4fdb-84dc-97e42ab111ac,no
Task Operation,11,,7,2587,,no,0,0.0,0,#C C cleans the side of a car with the cloth.,cleans side of car with cloth,Core task involving manual cleaning activity.,r002,Cleaning,,3.5512096000000004,Gold,8c1b30cd-f67f-479a-b723-7367528ccb8e,no
Task Operation,11,,6,3342,,no,0,0.0,0,#C C cleans the windshield of the car with the cloth.,cleans windshield of car with cloth,"Core manual task involving cleaning, high hand activity.",r002,Cleaning,,18.931179600000004,Gold,8c1b30cd-f67f-479a-b723-7367528ccb8e,no
Task Operation,11,,10,1526,,no,0,0.0,0,#C C squeezes the cloth together.,squeezes cloth together,Core manual task involving high hand activity.,r002,Cleaning,,76.07269959999999,Gold,8c1b30cd-f67f-479a-b723-7367528ccb8e,no
Stationary,11,,5,5127,,no,0,0.0,0,#C C places his left hand on the car.,places his left hand on car,"The action involves placing a hand, which indicates a pause or stabilization rather than movement or task execution.",r002,Cleaning,,218.4552896,Gold,8c1b30cd-f67f-479a-b723-7367528ccb8e,no
Task Operation,11,,8,2059,,no,0,0.0,0,#C cleans the back of the car with the cloth.,cleans back of car with cloth,Core manual task involving cleaning activity with high hand acceleration.,r002,Cleaning,,220.9643596,Gold,8c1b30cd-f67f-479a-b723-7367528ccb8e,no
Task Operation,11,,3,9619,,no,0,0.0,0,#C cleans the body of the car with the cloth.,cleans body of car with cloth,Core task involving manual cleaning activity.,r002,Cleaning,,233.0518096,Gold,8c1b30cd-f67f-479a-b723-7367528ccb8e,no
Task Operation,11,,3,9683,,no,0,0.0,0,#C C clutches the cloth with both hands.,clutches cloth with both hands,Core manual task involving high hand activity.,r002,Cleaning,,295.3369509546634,Gold,8c1b30cd-f67f-479a-b723-7367528ccb8e,no
Stationary,11,,3,11712,,no,0,0.0,0,#C C places his left hand on the headlight of the car.,places his left hand on headlight of car,The action involves placing a hand and does not indicate any significant movement or activity.,r002,Cleaning,,312.5117109546634,Gold,8c1b30cd-f67f-479a-b723-7367528ccb8e,no
Task Operation,11,,7,2662,,no,0,0.0,0,#C C folds the cloth together with both hands.,folds cloth together with both hands,Core manual task involving high hand activity.,r002,Cleaning,,347.9120609546634,Gold,8c1b30cd-f67f-479a-b723-7367528ccb8e,no
Object Transfer,11,Stationary,4,7691,,no,0,0.0,0,#C C puts his right hand in the boot of the car.,puts his right hand in boot of car,"Movement involving the placement of a body part into a container, which is a logistics action.",r002,Cleaning,,596.91800762133,Bad,8c1b30cd-f67f-479a-b723-7367528ccb8e,no
Object Transfer,11,,4,6483,,no,0,0.0,0,#C C drops the iron on the floor. #unsure,drops iron on floor,Refined via regex fallback,r002,Cleaning,,661.5025576213301,Gold,8c1b30cd-f67f-479a-b723-7367528ccb8e,no
Object Transfer,11,,4,6472,,no,0,0.0,0,#C C drops the floor mat on the ground.,drops floor mat on ground,"[CtxFixed] The action of dropping the floor mat onto the ground is a deliberate placement, indicating that the mat is being transferred from the driver's seat to the ground.",r002,Cleaning,,837.7472676213301,Gold,8c1b30cd-f67f-479a-b723-7367528ccb8e,no
Stationary,11,,5,4242,watchlist_verb,yes,0,0.0,0,#C C holds the tip of the vacuum hose with his left hand.,holds tip of vacuum hose with his left hand,"Low body/hand motion, holding position.",r002,Cleaning,,919.28095762133,Gold,8c1b30cd-f67f-479a-b723-7367528ccb8e,yes
Object Transfer,11,,9,1927,,no,0,0.0,0,#C C takes the glass from the table,takes glass from table,Logistics/Setup step involving picking up an object.,r002,Cooking,,7.8016296,Gold,8d27f903-5c76-4a63-9d0b-2ff2d29ae9a9,no
Object Transfer,11,,6,3875,,no,0,0.0,0,#C C puts the piece of cloth on table,puts piece of cloth on table,Logistics step involving picking up and placing an object.,r002,Cooking,,802.2873342879968,Gold,8d27f903-5c76-4a63-9d0b-2ff2d29ae9a9,no
Object Transfer,11,,4,8250,,no,0,0.0,0,#C C takes the drink from the table,takes drink from table,Logistics/Setup step involving picking up an object.,r002,Cooking,,844.7150542879967,Gold,8d27f903-5c76-4a63-9d0b-2ff2d29ae9a9,no
Object Transfer,11,,3,10210,,no,0,0.0,0,#C C gathers the noodles together,gathers noodles together,Logistics step involving the manipulation of objects.,r002,Cooking,Task Operation,2049.794694287997,Gold,8d27f903-5c76-4a63-9d0b-2ff2d29ae9a9,no
Task Operation,11,,14,764,,no,0,0.0,0,#C C scoops the noodles with the spoon,scoops noodles with spoon,Core task involving high hand activity.,r002,Cooking,,2065.053484287997,Gold,8d27f903-5c76-4a63-9d0b-2ff2d29ae9a9,no
Stationary,11,,4,6599,,no,0,0.0,0,#C C flexes his neck.,flexes his neck,Neck movement alone does not indicate significant body or hand motion.,r002,Desk Work,,364.1837709546634,Gold,8dfb9329-a70c-4a5a-85c2-39dae4caf3f0,no
Object Transfer,11,,3,11548,,no,0,0.0,0,#C C picks up pump,picks up pump,Logistics step involving picking up an object.,r002,Mechanical Repair,,131.90370959999998,Gold,8e7ed55a-4c81-4b87-802f-7e28c8190c50,no
Stationary,11,Object Transfer,5,5428,,no,0,0.0,0,#C C removes glove,removes glove,"The action of removing a glove is a brief, stationary activity with minimal motion.",r002,Mechanical Repair,,259.1000996,Bad,8e7ed55a-4c81-4b87-802f-7e28c8190c50,no
Object Transfer,11,,3,11480,,no,0,0.0,0,#C C picks up the bicycle tire,picks up bicycle tire,Logistics action of picking up an object.,r002,Mechanical Repair,,362.9064609546634,Gold,8e7ed55a-4c81-4b87-802f-7e28c8190c50,no
Stationary,11,,3,8743,watchlist_verb,yes,0,0.0,0,#C C holds the bicycle tire,holds bicycle tire,"Low body/hand motion, holding an object.",r002,Mechanical Repair,,421.3078809546634,Gold,8e7ed55a-4c81-4b87-802f-7e28c8190c50,yes
Stationary,11,,3,8857,watchlist_verb,yes,0,0.0,0,#C C holds the pedal,holds pedal,"Low body/hand motion, holding an object in place.",r002,Mechanical Repair,,447.0092809546634,Gold,8e7ed55a-4c81-4b87-802f-7e28c8190c50,yes
Stationary,11,,3,8879,watchlist_verb,yes,0,0.0,0,#C C holds pump,holds pump,"Low body/hand motion, holding an object without movement.",r002,Mechanical Repair,,646.8667409546634,Gold,8e7ed55a-4c81-4b87-802f-7e28c8190c50,yes
Stationary,11,Task Operation,4,8229,,no,0,0.0,0,#C C switch off the lights,switch off lights,"Low body/hand motion, likely standing still while performing the action.",r002,Mechanical Repair,,1005.5880609546634,Bad,8e7ed55a-4c81-4b87-802f-7e28c8190c50,no
Task Operation,11,Stationary,7,2512,watchlist_verb,yes,0,0.0,0,#C C moves his left hand,moves his left hand,Core task involving high hand activity.,r002,Playing Instrument,,311.0611809546634,Bad,9184a7fc-f1bf-42ee-b0f7-d6a76bba84a5,yes
Stationary,11,,3,9093,watchlist_verb,yes,0,0.0,0,#C C moves his left hand to the left,moves his left hand to left,"The action described is a minor movement that does not indicate significant body or hand acceleration, suggesting a preparatory or positional adjustment rather than active playing.",r002,Playing Instrument,,448.1105509546634,Gold,9184a7fc-f1bf-42ee-b0f7-d6a76bba84a5,yes
Task Operation,11,,5,5184,,no,0,0.0,0,#C C plays the game on the desktop with the mouse and the keyboard,plays game on desktop with mouse and keyboard,Core manual task involving hands with high activity.,r002,Playing Instrument,,700.5475209546634,Gold,9184a7fc-f1bf-42ee-b0f7-d6a76bba84a5,no
Task Operation,11,,9,1626,watchlist_verb,yes,0,0.0,0,#C C touches a keyboard with his left hand,touches keyboard with his left hand,Core task involving high hand activity.,r002,Playing Instrument,,1723.116940954663,Skip,9184a7fc-f1bf-42ee-b0f7-d6a76bba84a5,yes
Stationary,11,,3,8860,watchlist_verb,yes,0,0.0,0,#C C holds the phone with the other hand,holds phone with other hand,"Low body/hand motion, holding an object.",r002,Desk Work,,26.856375266666667,Gold,93f5cc14-13bf-44b3-8cf6-309aaf265a5d,yes
Stationary,11,,5,4688,,no,0,0.0,0,#C C interacts with #unsure,interacts with,"Unclear action, likely low body/hand motion.",r002,Desk Work,,866.3498552666667,Skip,93f5cc14-13bf-44b3-8cf6-309aaf265a5d,no
Stationary,11,Task Operation,3,10373,,no,0,0.0,0,#C C lets go of the mouse.,lets go of mouse,"The action involves releasing an object, which is a brief, low-energy motion.",r002,Desk Work,,1712.1160219333333,Bad,93f5cc14-13bf-44b3-8cf6-309aaf265a5d,no
Stationary,11,,3,9074,watchlist_verb,yes,0,0.0,0,#C C moves hand away from keyboard,moves hand away from keyboard,"Low body/hand motion, likely a brief pause or transition.",r002,Desk Work,,1993.3125619333327,Gold,93f5cc14-13bf-44b3-8cf6-309aaf265a5d,yes
Stationary,11,Task Operation,3,9678,,no,0,0.0,0,#C C Clicks a mouse with his hand,clicks mouse with his hand,"Low body/hand motion, high finger activity (not captured by IMU/Motion).",r002,Desk Work,,2471.5009186,Bad,93f5cc14-13bf-44b3-8cf6-309aaf265a5d,no
Locomotion,11,,33,146,,no,0,0.0,0,# C C plays badminton,plays badminton,"Body moving through space, likely involves walking or running.",r002,Playing Instrument,,54.37453,Gold,9632b0a9-cf21-4773-b95b-83aae9a23d0a,no
Object Transfer,11,,4,6627,,no,0,0.0,0,#c c gives #o person y the shuttlecock,gives person y shuttlecock,"Logistics/Setup step, transferring object.",r002,Playing Instrument,,444.14863,Gold,9632b0a9-cf21-4773-b95b-83aae9a23d0a,no
Locomotion,11,,4,7979,,no,0,0.0,0,#C C ride the bicycle along the road,ride bicycle along road,"Body moving through space, indicative of walking or running.",r002,Mechanical Repair,,118.82888,Gold,9b34e344-494d-4664-8180-a8ff2a692ab2,no
Stationary,11,,3,8584,watchlist_verb,yes,0,0.0,0,#C C adjusts the cap on her head,adjusts cap on her head,"Low body/hand motion, likely involves minor adjustments with minimal movement.",r002,Mechanical Repair,,125.81509,Gold,9b34e344-494d-4664-8180-a8ff2a692ab2,yes
Search,11,,9,1708,,no,0,0.0,0,#C C looks around in a ferry. #unsure,looks around in ferry,"Head movement (visual search), hands mostly still.",r002,Mechanical Repair,,559.40842,Gold,9b34e344-494d-4664-8180-a8ff2a692ab2,no
Stationary,11,,3,9559,,no,0,0.0,0,#O captain Z uses gestures.,captain z uses gestures,"Low body/hand motion, possibly indicating communication or demonstration.",r002,Mechanical Repair,,747.25924,Skip,9b34e344-494d-4664-8180-a8ff2a692ab2,no
Locomotion,11,,3,9201,watchlist_verb,yes,0,0.0,0,# O Person E moves around,o person e moves around,"Body moving through space, indicative of walking or moving around.",r002,Mechanical Repair,,1201.21381,Gold,9b34e344-494d-4664-8180-a8ff2a692ab2,yes
Stationary,11,,4,7892,,no,0,0.0,0,#C C raises his left hand up.,raises his left hand up,The action describes a static movement where the hand is raised but there is no indication of continued motion or activity that would classify it under other categories.,r002,Playing Instrument,,467.0294209546634,Gold,a3a1246c-97fd-4824-be9e-f4e261ab525c,no
Object Transfer,11,Task Operation,3,8601,watchlist_verb,yes,0,0.0,0,#C C adjusts the guitar body with his right hand.,adjusts guitar body with his right hand,Logistics action involving the manipulation of the guitar body.,r002,Playing Instrument,,490.0051209546634,Bad,a3a1246c-97fd-4824-be9e-f4e261ab525c,yes
Object Transfer,11,,5,5430,,no,0,0.0,0,#C C removes the guitar capo with his right hand.,removes guitar capo with his right hand,"Removing an object, involves logistics.",r002,Playing Instrument,,520.9309709546634,Gold,a3a1246c-97fd-4824-be9e-f4e261ab525c,no
Object Transfer,11,Stationary,12,1069,,no,0,0.0,0,#C C takes his left hand off the phone on the chair.,takes his left hand off phone on chair,"The action involves removing his hand from an object, which is a logistics step.",r002,Playing Instrument,,1120.0259709546633,Bad,a3a1246c-97fd-4824-be9e-f4e261ab525c,no
Stationary,11,,10,1426,,no,0,0.0,0,#C C operates the phone on the chair with his left hand.,operates phone on chair with his left hand,The action involves operating a phone which is likely to be a low-energy activity while the person remains in one place.,r002,Playing Instrument,,1121.7260609546634,Gold,a3a1246c-97fd-4824-be9e-f4e261ab525c,no
Task Operation,11,,16,578,,no,0,0.0,0,#C C plays the ukulele on his laps with both hands.,plays ukulele on his laps with both hands,Core task involving high hand activity and manipulation.,r002,Playing Instrument,,1170.063430954663,Gold,a3a1246c-97fd-4824-be9e-f4e261ab525c,no
Object Transfer,11,Stationary,7,3054,,no,0,0.0,0,#C C takes his left hand off the ukulele on his laps.,takes his left hand off ukulele on his laps,Logistics step of moving hand away from the instrument.,r002,Playing Instrument,,1275.4079709546634,Bad,a3a1246c-97fd-4824-be9e-f4e261ab525c,no
Stationary,11,,4,6020,watchlist_verb,yes,0,0.0,0,#C C holds the ukulele on his laps with both hands.,holds ukulele on his laps with both hands,"The action describes holding the instrument, which involves minimal movement.",r002,Playing Instrument,,1326.1639709546632,Gold,a3a1246c-97fd-4824-be9e-f4e261ab525c,yes
Object Transfer,11,Stationary,7,3055,,no,0,0.0,0,#C C takes his right hand off the ukulele on his laps.,takes his right hand off ukulele on his laps,"The action involves moving his hand away from the instrument, which is a logistics step.",r002,Playing Instrument,,1437.6231509546633,Bad,a3a1246c-97fd-4824-be9e-f4e261ab525c,no
Object Transfer,11,Task Operation,4,5840,watchlist_verb,yes,0,0.0,0,#C C adjusts the clip on the ukulele with his right hand.,adjusts clip on ukulele with his right hand,Logistics step involving picking up or adjusting an object.,r002,Playing Instrument,,1484.7548309546632,Bad,a3a1246c-97fd-4824-be9e-f4e261ab525c,yes
Stationary,11,,11,1100,watchlist_verb,yes,0,0.0,0,#C C holds the ukulele on his laps with his left hand.,holds ukulele on his laps with his left hand,The action describes a static position with minimal movement.,r002,Playing Instrument,,1505.3149709546633,Gold,a3a1246c-97fd-4824-be9e-f4e261ab525c,yes
Stationary,11,,3,10853,,no,0,0.0,0,#C C operates a phone on the chair in the room with his right hand.,operates phone on chair in room with his right hand,"Low body/hand motion, operating a phone is generally not accompanied by significant physical movement.",r002,Playing Instrument,,1691.118290954663,Skip,a3a1246c-97fd-4824-be9e-f4e261ab525c,no
Task Operation,11,,7,2881,,no,0,0.0,0,#C C plays the ukulele in the room with both hands.,plays ukulele in room with both hands,Core task involving manual dexterity and high hand activity.,r002,Playing Instrument,,2489.9789709546635,Gold,a3a1246c-97fd-4824-be9e-f4e261ab525c,no
Stationary,11,,7,2498,watchlist_verb,yes,0,0.0,0,#C C holds the ukulele in the room with his left hand.,holds ukulele in room with his left hand,"Low body/hand motion, holding the instrument.",r002,Playing Instrument,,2667.874830954664,Gold,a3a1246c-97fd-4824-be9e-f4e261ab525c,yes
Stationary,11,,3,9360,watchlist_verb,yes,0,0.0,0,#C C touches his head with his left hand. #Unsure,touches his head with his left hand,"Low body/hand motion, likely involves minimal movement.",r002,Playing Instrument,,2682.560110954664,Gold,a3a1246c-97fd-4824-be9e-f4e261ab525c,yes
Task Operation,11,,4,7434,,no,0,0.0,0,#C C plays the ukulele on his thighs with both hands.,plays ukulele on his thighs with both hands,Core manual task involving high hand activity.,r002,Playing Instrument,,2741.097230954664,Gold,a3a1246c-97fd-4824-be9e-f4e261ab525c,no
Stationary,11,,8,2390,,no,0,0.0,0,#C C takes his right hand off the phone in between his thighs.,takes his right hand off phone in between his thighs,The action describes a change in position but does not indicate any significant movement or task.,r002,Playing Instrument,,3033.596970954663,Gold,a3a1246c-97fd-4824-be9e-f4e261ab525c,no
Stationary,11,,4,6201,watchlist_verb,yes,1,1.0,1,#C C touches his head with his right hand.,touches his head with his right hand,"Low body/hand motion, likely involves minimal movement.",r002,Playing Instrument,,3284.9809709546635,Gold,a3a1246c-97fd-4824-be9e-f4e261ab525c,yes
Stationary,11,,25,260,,no,0,0.0,0,#C C scrolls through the phone,scrolls through phone,"Low body/hand motion, focusing on phone.",r002,Walking Outdoors,,0.0,Gold,a5bf18b5-15d4-4843-8269-3f31154e3736,no
Search,11,,6,3522,,no,0,0.0,0,#C C looks inside the car,looks inside car,"Visual inspection (looking inside the car), head movement, hands mostly still.",r002,Walking Outdoors,,103.28878,Gold,a5bf18b5-15d4-4843-8269-3f31154e3736,no
Locomotion,11,,45,84,,no,0,0.0,0,#C C drives the car on the road,drives car on road,Body moving through space (driving involves locomotion).,r002,Walking Outdoors,,301.23727,Gold,a5bf18b5-15d4-4843-8269-3f31154e3736,no
Locomotion,11,,4,8363,,no,0,0.0,0,#C C turns right on the road,turns right on road,"Turning while moving, involves body motion through space.",r002,Walking Outdoors,,329.12392,Gold,a5bf18b5-15d4-4843-8269-3f31154e3736,no
Search,11,,5,4728,,no,0,0.0,0,#C C looks around the car,looks around car,"Head movement (visual search), hands mostly still.",r002,Walking Outdoors,,355.59179,Gold,a5bf18b5-15d4-4843-8269-3f31154e3736,no
Stationary,11,,9,1908,,no,0,0.0,0,#C C sits in the car,sits in car,"Low body/hand motion, indicating a pause or idle state.",r002,Walking Outdoors,,395.59457,Gold,a5bf18b5-15d4-4843-8269-3f31154e3736,no
Search,11,,10,1408,,no,0,0.0,0,#C C looks at himself in the mirror,looks at himself in mirror,"Head movement (visual inspection), hands mostly still.",r002,Walking Outdoors,,477.37171,Gold,a5bf18b5-15d4-4843-8269-3f31154e3736,no
Stationary,11,,33,151,,no,1,1.0,1,#C C swipes on the phone's screen,swipes on phone s screen,"Low body/hand motion, focusing on the phone.",r002,Walking Outdoors,,548.3866946666667,Gold,a5bf18b5-15d4-4843-8269-3f31154e3736,no
Stationary,11,Task Operation,13,811,,no,0,0.0,0,#C C controls the drone with the remote,controls drone with remote,"Control involves minimal body movement, primarily hand gestures.",r002,Walking Outdoors,,628.4119466666666,Bad,a5bf18b5-15d4-4843-8269-3f31154e3736,no
Stationary,11,Task Operation,19,409,,no,0,0.0,0,#C C presses the remote control,presses remote control,Pressing a remote control is a brief action with minimal body movement.,r002,Walking Outdoors,,937.6556566666668,Bad,a5bf18b5-15d4-4843-8269-3f31154e3736,no
Stationary,11,,3,8881,watchlist_verb,yes,0,0.0,0,#C C holds the remote control,holds remote control,Holding an object with low body and hand motion.,r002,Walking Outdoors,,1697.7125366666664,Gold,a5bf18b5-15d4-4843-8269-3f31154e3736,yes
Object Transfer,11,,5,4413,,no,0,0.0,0,#C C bends down,bends down,"The action of bending down typically involves picking up or putting down an object, which corresponds to logistics or setup steps.",r002,Walking Outdoors,,1834.0597266666664,Skip,a5bf18b5-15d4-4843-8269-3f31154e3736,no
Locomotion,11,,3,9410,watchlist_verb,yes,0,0.0,0,#C C walks on the road holding drone controller,walks on road holding drone controller,Body moving through space (walking).,r002,Walking Outdoors,,1926.7589266666664,Gold,a5bf18b5-15d4-4843-8269-3f31154e3736,yes
Stationary,11,Task Operation,7,2746,,no,0,0.0,0,#C C operates the remote control,operates remote control,Operating a remote control involves minimal body movement.,r002,Walking Outdoors,,2298.5567566666664,Bad,a5bf18b5-15d4-4843-8269-3f31154e3736,no
Locomotion,11,,10,1396,,no,0,0.0,0,#C C enters the car,enters car,"Body moving through space, entering a vehicle.",r002,Walking Outdoors,,3102.8289166666664,Gold,a5bf18b5-15d4-4843-8269-3f31154e3736,no
Locomotion,11,,10,1507,,no,0,0.0,0,#C C reverses the car,reverses car,"Reversing the car involves movement and control of the vehicle, which corresponds to a form of locomotion.",r002,Walking Outdoors,,3237.2642066666667,Gold,a5bf18b5-15d4-4843-8269-3f31154e3736,no
Object Transfer,11,,3,11551,,no,0,0.0,0,#C C picks up the ruler on the flat wood with his right hand,picks up ruler on flat wood with his right hand,Logistics step involving picking up an object.,r002,Carpentry,,28.168819600000003,Gold,a772f23c-3789-4e8b-8352-5495eea6e94d,no
Task Operation,11,,3,10286,,no,0,0.0,0,#C C hits the piece of wood with his right hand.#unsure,hits piece of wood with his right hand,Core task involving high hand activity (hitting the wood).,r002,Carpentry,,143.5177496,Gold,a772f23c-3789-4e8b-8352-5495eea6e94d,no
Object Transfer,11,,5,5244,,no,0,0.0,0,#C C pushes a part of the flat wood closer to another piece of wood on the industrial table saw,pushes part of flat wood closer to another piece of wood on industrial table saw,Moving an object (wood piece) to a specific location.,r002,Carpentry,,169.8033896,Gold,a772f23c-3789-4e8b-8352-5495eea6e94d,no
Locomotion,11,Task Operation,7,2901,,no,0,0.0,0,#C C pushes the other parts of the flat wood over the industrial table saw with both hands,pushes other parts of flat wood over industrial table saw with both hands,Movement of the body to push the wood over the table saw.,r002,Carpentry,,174.2224296,Bad,a772f23c-3789-4e8b-8352-5495eea6e94d,no
Object Transfer,11,,8,2272,,no,0,0.0,0,#C C pushes the other parts of the flat wood closer to another piece of wood on the industrial table saw.,pushes other parts of flat wood closer to another piece of wood on industrial table saw,Movement of objects to rearrange them on a surface.,r002,Carpentry,,180.5790296,Gold,a772f23c-3789-4e8b-8352-5495eea6e94d,no
Object Transfer,11,,3,11758,,no,0,0.0,0,#C C places the part of the flat wood on the industrial table saw.,places part of flat wood on industrial table saw,"The action involves placing an object on a surface, which is a logistics step.",r002,Carpentry,,222.9685496,Gold,a772f23c-3789-4e8b-8352-5495eea6e94d,no
Task Operation,11,,4,7537,,no,0,0.0,0,#C C pushes the part of the flat wood closer to another piece of wood on the industrial table saw.,pushes part of flat wood closer to another piece of wood on industrial table saw,Core manual task involving high hand activity.,r002,Carpentry,,223.7196896,Gold,a772f23c-3789-4e8b-8352-5495eea6e94d,no
Locomotion,11,Task Operation,8,2273,,no,0,0.0,0,#C C pushes the part of the flat wood over the industrial table saw with both hands,pushes part of flat wood over industrial table saw with both hands,"Body moving through space while pushing an object, involves significant body acceleration.",r002,Carpentry,,224.9454496,Bad,a772f23c-3789-4e8b-8352-5495eea6e94d,no
Object Transfer,11,,8,2236,,no,0,0.0,0,#C C picks up pieces of wood with his right hand from the industrial table saw.,picks up pieces of wood with his right hand from industrial table saw,"The action involves picking up objects, which is a logistics step.",r002,Carpentry,,232.4406496,Gold,a772f23c-3789-4e8b-8352-5495eea6e94d,no
Object Transfer,11,,7,2641,,no,0,0.0,0,#C C drops pieces of wood with his right hand on the industrial table saw.,drops pieces of wood with his right hand on industrial table saw,"[CtxFixed] The action of dropping pieces of wood onto the industrial table saw is a deliberate placement, which fits the definition of 'Object Transfer'.",r002,Carpentry,,232.7697596,Gold,a772f23c-3789-4e8b-8352-5495eea6e94d,no
Task Operation,11,,5,5505,,no,0,0.0,0,#C C scrubs bowl with a dish scrubber,scrubs bowl with dish scrubber,Core task involving high hand activity.,r002,Cleaning,,186.74872864583327,Gold,ab22264a-91ce-4c3f-96b0-e6405a46f92f,no
Object Transfer,11,,6,3801,,no,0,0.0,0,#C C puts the bottle in the sink,puts bottle in sink,Logistics of moving the bottle to the sink.,r002,Cleaning,,587.6330076136719,Gold,ab22264a-91ce-4c3f-96b0-e6405a46f92f,no
Object Transfer,11,,3,9488,,no,0,0.0,0,#C C arranges utensils,arranges utensils,"Logistics/Setup step, moving objects from one place to another.",r002,Cleaning,,927.3383533299708,Gold,ab22264a-91ce-4c3f-96b0-e6405a46f92f,no
Object Transfer,11,,6,3813,,no,0,0.0,0,#C C puts the clothe in the washing machine,puts clothe in washing machine,Logistics step involving the placement of an object.,r002,Cleaning,,1242.9976116989585,Gold,ab22264a-91ce-4c3f-96b0-e6405a46f92f,no
Object Transfer,11,,5,5326,,no,0,0.0,0,#C C puts on the laundry machine,puts on laundry machine,"Logistics step, such as placing items into the laundry machine.",r002,Cleaning,,1415.2597113229815,Skip,ab22264a-91ce-4c3f-96b0-e6405a46f92f,no
Task Operation,11,,6,3371,,no,0,0.0,0,#C C cuts the packet,cuts packet,"Core task, high hand activity.",r002,Cooking,,29.201148600000003,Gold,ae0300cd-994f-4e7d-9d61-78c823c292b6,no
Object Transfer,11,,4,8263,,no,0,0.0,0,#C C takes the milk,takes milk,Logistics/Setup step involving picking up an object.,r002,Cooking,,65.2418586,Gold,ae0300cd-994f-4e7d-9d61-78c823c292b6,no
Object Transfer,11,,53,62,,no,0,0.0,0,#C C takes a lid,takes lid,Logistics/Setup step.,r002,Cooking,,177.7920486,Gold,ae0300cd-994f-4e7d-9d61-78c823c292b6,no
Object Transfer,11,,9,1932,,no,0,0.0,0,#C C takes a wiping cloth,takes wiping cloth,"Logistics step, picking up an item.",r002,Cooking,,193.8477386,Gold,ae0300cd-994f-4e7d-9d61-78c823c292b6,no
Stationary,11,,7,2499,watchlist_verb,yes,0,0.0,0,#C C holds the wiping cloth,holds wiping cloth,"Low body/hand motion, holding an object without movement.",r002,Cooking,,203.0626186,Gold,ae0300cd-994f-4e7d-9d61-78c823c292b6,yes
Task Operation,11,,4,6666,,no,0,0.0,0,#C C inserts the screw on the part,inserts screw on part,Core task involving manual operation with high hand activity.,r002,Carpentry,,323.1118386,Gold,b3bc7cb1-88b2-41e1-86cf-6ecdb8e0dbca,no
Object Transfer,11,,6,3956,,no,0,0.0,0,#C C scatters the items in the bucket,scatters items in bucket,"Logistics step, moving items into a container.",r002,Carpentry,,342.4980286,Gold,b3bc7cb1-88b2-41e1-86cf-6ecdb8e0dbca,no
Object Transfer,11,,4,7253,,no,0,0.0,0,#C C picks up the fuse holder,picks up fuse holder,Logistics step involving picking up an object.,r002,Carpentry,,396.1300286,Gold,b3bc7cb1-88b2-41e1-86cf-6ecdb8e0dbca,no
Object Transfer,11,,3,11721,,no,0,0.0,0,#C C places the holder in the part of the breaker,places holder in part of breaker,Logistics step involving placing an object.,r002,Carpentry,,399.3280286,Gold,b3bc7cb1-88b2-41e1-86cf-6ecdb8e0dbca,no
Object Transfer,11,,5,5061,,no,0,0.0,0,#C C picks up the fuse box,picks up fuse box,Logistics step of picking up an object.,r002,Carpentry,,591.3514252666666,Gold,b3bc7cb1-88b2-41e1-86cf-6ecdb8e0dbca,no
Object Transfer,11,,4,7344,,no,0,0.0,0,#C C places the fuse holders on the fuse box,places fuse holders on fuse box,Logistics step involving placing objects.,r002,Carpentry,,642.8526952666667,Gold,b3bc7cb1-88b2-41e1-86cf-6ecdb8e0dbca,no
Object Transfer,11,,5,5101,,no,0,0.0,0,#C C places the cable in the fuse holder,places cable in fuse holder,Logistics step involving moving an object to a specific location.,r002,Carpentry,,778.3145552666667,Gold,b3bc7cb1-88b2-41e1-86cf-6ecdb8e0dbca,no
Object Transfer,11,,4,7790,,no,0,0.0,0,#C C puts the pliers on a bucket,puts pliers on bucket,Logistics/Setup step involving placing an object.,r002,Carpentry,,1203.7846719333334,Gold,b3bc7cb1-88b2-41e1-86cf-6ecdb8e0dbca,no
Object Transfer,11,,4,7791,,no,0,0.0,0,#C C puts the pliers on a mesh,puts pliers on mesh,Logistics step involving placing an object.,r002,Carpentry,,1260.0468619333333,Gold,b3bc7cb1-88b2-41e1-86cf-6ecdb8e0dbca,no
Task Operation,11,,3,11993,,no,0,0.0,0,#C C pulls the cables with his hands,pulls cables with his hands,Core task involving high hand activity.,r002,Carpentry,,1701.5637109546633,Gold,b3bc7cb1-88b2-41e1-86cf-6ecdb8e0dbca,no
Stationary,11,,3,9943,,no,0,0.0,0,#C C drops his left hand from his head. #unsure,drops his left hand from his head,"The action describes a hand movement that does not involve any active task or motion, suggesting a pause or idle state.",r002,Mechanical Repair,,0.3453,Gold,b4a8cf83-6f0e-40ca-811a-f1e1435d501f,no
Locomotion,11,Task Operation,4,8006,,no,0,0.0,0,#C C rolls the tyre.,rolls tyre,"Body movement through space, likely involves rolling or moving an object.",r002,Mechanical Repair,,149.73064,Bad,b4a8cf83-6f0e-40ca-811a-f1e1435d501f,no
Object Transfer,11,,19,412,,no,0,0.0,0,#C C puts the rolling pin on the kitchen counter,puts rolling pin on kitchen counter,"Logistics step, placing an object.",r002,Cooking,,19.7251586,Gold,b9c91169-7019-4bfa-8a63-97df8cbefe97,no
Task Operation,11,,6,3765,,no,0,0.0,0,#C C pours flour on the dough,pours flour on dough,Core task involving high hand activity.,r002,Cooking,,65.6559286,Gold,b9c91169-7019-4bfa-8a63-97df8cbefe97,no
Task Operation,11,,9,1903,,no,0,0.0,0,#C C scoops #unsure with the knife,scoops with knife,Core task involving high hand activity.,r002,Cooking,,157.42999859999998,Gold,b9c91169-7019-4bfa-8a63-97df8cbefe97,no
Object Transfer,11,,4,6109,watchlist_verb,yes,0,0.0,0,#C C moves #unsure on the kitchen counter,moves on kitchen counter,"[CtxFixed] The action describes moving an object (even if it's unclear what the object is) onto the kitchen counter, which fits the definition of placing an object deliberately onto a surface.",r002,Cooking,,302.544430675388,Gold,b9c91169-7019-4bfa-8a63-97df8cbefe97,yes
Object Transfer,11,,17,522,,no,0,0.0,0,#C C puts the container on the kitchen counter,puts container on kitchen counter,Logistics step involving picking up and placing down an object.,r002,Cooking,,303.595730675388,Gold,b9c91169-7019-4bfa-8a63-97df8cbefe97,no
Object Transfer,11,,15,617,watchlist_verb,yes,0,0.0,0,#C C opens the jar,opens jar,Logistics step involving opening an object.,r002,Cooking,,334.675650675388,Gold,b9c91169-7019-4bfa-8a63-97df8cbefe97,yes
Object Transfer,11,,6,3962,,no,0,0.0,0,#C C scoops #unsure with the spoon,scoops with spoon,Logistics step involving the use of a utensil to transfer an item.,r002,Cooking,,335.926910675388,Gold,b9c91169-7019-4bfa-8a63-97df8cbefe97,no
Task Operation,11,,48,78,,no,0,0.0,0,#C C rolls the dough,rolls dough,Core manual task involving high hand activity.,r002,Cooking,,366.092890675388,Gold,b9c91169-7019-4bfa-8a63-97df8cbefe97,no
Task Operation,11,,6,3303,,no,0,0.0,0,#C C applies flour on the dough,applies flour on dough,"Core task involving manual application, high hand activity.",r002,Cooking,,530.104220675388,Gold,b9c91169-7019-4bfa-8a63-97df8cbefe97,no
Object Transfer,11,,4,6098,watchlist_verb,yes,0,0.0,0,#C C moves the glass jar,moves glass jar,Logistics step involving moving an object.,r002,Cooking,,545.6039440087214,Gold,b9c91169-7019-4bfa-8a63-97df8cbefe97,yes
Task Operation,11,,5,5663,,no,0,0.0,0,#C C tears the parchment paper,tears parchment paper,Core task involving manual dexterity and hand activity.,r002,Cooking,,635.8212521677084,Gold,b9c91169-7019-4bfa-8a63-97df8cbefe97,no
Object Transfer,11,,6,3869,,no,0,0.0,0,#C C puts the parchment paper on the tray,puts parchment paper on tray,Logistics step involving picking up and placing down an object.,r002,Cooking,,639.4425921677084,Gold,b9c91169-7019-4bfa-8a63-97df8cbefe97,no
Locomotion,11,,4,8439,,no,0,0.0,0,#C C walks towards the oven,walks towards oven,Body moving through space (walking).,r002,Cooking,,691.9242221677084,Gold,b9c91169-7019-4bfa-8a63-97df8cbefe97,no
Object Transfer,11,,8,2200,,no,0,0.0,0,#C C picks flour from the packet,picks flour from packet,"Logistics step, picking up an object.",r002,Cooking,,721.1258421677084,Gold,b9c91169-7019-4bfa-8a63-97df8cbefe97,no
Task Operation,11,,5,5195,,no,0,0.0,0,#C C pours the flour on the kitchen counter,pours flour on kitchen counter,Core task involving manual operation with the hand.,r002,Cooking,,751.8761521677084,Gold,b9c91169-7019-4bfa-8a63-97df8cbefe97,no
Object Transfer,11,,4,7249,,no,0,0.0,0,#C C picks up dough from the bowl,picks up dough from bowl,Logistics step involving picking up an object.,r002,Cooking,,1200.1060352666666,Gold,b9c91169-7019-4bfa-8a63-97df8cbefe97,no
Task Operation,11,,4,8034,,no,0,0.0,0,#C C scoops #unsure from the container with a knife,scoops from container with knife,Core task involving manual operation with a knife.,r002,Cooking,,1305.9832452666667,Gold,b9c91169-7019-4bfa-8a63-97df8cbefe97,no
Task Operation,11,,16,557,,no,0,0.0,0,#C C folds the dough,folds dough,"Core manual task involving hands, high hand activity.",r002,Cooking,,1371.079435369522,Gold,b9c91169-7019-4bfa-8a63-97df8cbefe97,no
Task Operation,11,,5,5526,,no,0,0.0,0,#C C shapes the dough with the rolling pin,shapes dough with rolling pin,"Core task involving manual shaping of dough, high hand activity.",r002,Cooking,,1540.703605369522,Gold,b9c91169-7019-4bfa-8a63-97df8cbefe97,no
Object Transfer,11,,5,5051,,no,0,0.0,0,#C C picks up a bottle from the shelf,picks up bottle from shelf,Logistics step involving picking up an object.,r002,Cooking,,2068.379419386465,Gold,b9c91169-7019-4bfa-8a63-97df8cbefe97,no
Object Transfer,11,,3,11530,,no,0,0.0,0,#C C picks up the oil bottle,picks up oil bottle,"Logistics/Setup step, picking up an object.",r002,Cooking,,2139.2819127197986,Gold,b9c91169-7019-4bfa-8a63-97df8cbefe97,no
Stationary,11,Task Operation,5,5693,,no,0,0.0,0,#C C turns off the water,turns off water,"Low body/hand motion, turning off a tap is a quick action.",r002,Cooking,,2291.4420964401693,Bad,b9c91169-7019-4bfa-8a63-97df8cbefe97,no
Object Transfer,11,,6,3274,watchlist_verb,yes,0,0.0,0,#C C opens the wall cabinet,opens wall cabinet,Logistics action involving opening a cabinet.,r002,Cleaning,,57.4244886,Gold,bd16e1a8-5119-4f24-ac6f-d4a388bc78bc,yes
Task Operation,11,,3,9637,,no,0,0.0,0,#C C cleans the floor using brush cleaner,cleans floor using brush cleaner,Core manual task involving high hand activity.,r002,Cleaning,,834.1907581211262,Gold,bd16e1a8-5119-4f24-ac6f-d4a388bc78bc,no
Task Operation,11,,4,6606,,no,0,0.0,0,#C C folds the carpet,folds carpet,Core manual task involving high hand activity.,r002,Cleaning,,1206.62714567972,Gold,bd16e1a8-5119-4f24-ac6f-d4a388bc78bc,no
Locomotion,11,Task Operation,8,2415,,no,0,0.0,0,#C C vacuums the floor,vacuums floor,Body moving through space while performing a task that involves continuous movement.,r002,Cleaning,,1221.94556567972,Bad,bd16e1a8-5119-4f24-ac6f-d4a388bc78bc,no
Stationary,11,Task Operation,3,9628,,no,0,0.0,0,#C C cleans the carpet using vacuum cleaner machine,cleans carpet using vacuum cleaner machine,"Using a tool (vacuum cleaner) for a sustained action, likely with minimal body movement.",r002,Cleaning,,1487.4646498105794,Bad,bd16e1a8-5119-4f24-ac6f-d4a388bc78bc,no
Locomotion,11,Object Transfer,4,5904,watchlist_verb,yes,0,0.0,0,#c c closes the store door,closes store door,"Closing a door involves a physical movement, likely accompanied by walking or moving towards the door.",r002,Cleaning,,1922.597288589876,Bad,bd16e1a8-5119-4f24-ac6f-d4a388bc78bc,yes
Stationary,11,,3,10807,,no,0,0.0,0,#O A man z talks over the phone,man z talks over phone,"Low body/hand motion, talking activity.",r002,Mechanical Repair,,630.0224386,Gold,bdb29a9e-d6d4-4918-9870-464abeae48d2,no
Stationary,11,,3,10768,,no,0,0.0,0,#O A man x writes on a piece of paper,man x writes on piece of paper,"Low body/hand motion, primarily focused activity.",r002,Mechanical Repair,,715.2617086,Gold,bdb29a9e-d6d4-4918-9870-464abeae48d2,no
Task Operation,11,,5,5553,,no,0,0.0,0,#C C spread bed sheet,spread bed sheet,Core task involving high hand activity.,r002,Cleaning,,116.6654596,Gold,bdf00ef0-4616-40ab-ab2e-4437cb93f39e,no
Locomotion,11,,3,10714,,no,0,0.0,0,#O man X bends down,man x bends down,Body movement through space (bending down).,r002,Playing Instrument,,74.56701,Skip,bfde0e71-dbdb-468c-bf5b-3b9f6cb577ce,no
Object Transfer,11,,6,3133,watchlist_verb,yes,0,0.0,0,#C C adjusts a carpet on the floor,adjusts carpet on floor,Logistics step involving the placement of an object.,r002,Playing Instrument,,78.79013,Gold,bfde0e71-dbdb-468c-bf5b-3b9f6cb577ce,yes
Object Transfer,11,,11,1172,,no,0,0.0,0,#C C passes a paint brush to his right hand,passes paint brush to his right hand,"The action involves passing an object, which is a logistical step.",r002,Mechanical Repair,,0.8165496,Gold,c4f06549-15b5-49b8-b2d7-bf2a1c26edaa,no
Task Operation,11,,55,58,,no,0,0.0,0,#C C dips the paint brush in the paint can,dips paint brush in paint can,Core task involving manual dexterity with the hand.,r002,Mechanical Repair,,36.4124196,Gold,c4f06549-15b5-49b8-b2d7-bf2a1c26edaa,no
Task Operation,11,,5,4158,watchlist_verb,yes,0,0.0,0,#C C adjusts the plant with his left hand,adjusts plant with his left hand,Core manual task involving high hand activity.,r002,Mechanical Repair,,124.0677196,Gold,c4f06549-15b5-49b8-b2d7-bf2a1c26edaa,yes
Object Transfer,11,,14,727,,no,0,0.0,0,#C C passes the paint brush to his left hand,passes paint brush to his left hand,"Passing an object from one hand to another, a logistical step.",r002,Mechanical Repair,,147.5489796,Gold,c4f06549-15b5-49b8-b2d7-bf2a1c26edaa,no
Stationary,11,,9,1939,,no,0,0.0,0,#C C turns a book.,turns book,"Turning a book is a low-energy, fine motor action.",r002,Playing Instrument,,1111.9423986,Skip,c70d130e-4696-41a0-b727-c1b71808038a,no
Object Transfer,11,,3,11608,,no,0,0.0,0,#C C places the battery cover on a compartment of the scooter with his hands. #Unsure,places battery cover on compartment of scooter with his hands,"The action involves placing an object (battery cover) into a specific location (compartment of the scooter), which is a logistics or setup step.",r002,Mechanical Repair,,17.20547,Gold,c80584bf-4405-45e8-9e8b-4818b15b0ca1,no
Object Transfer,11,,4,7030,,no,0,0.0,0,#C C picks another screw from the scooter with his left hand.,picks another screw from scooter with his left hand,Logistics step involving picking up an object.,r002,Mechanical Repair,,95.959,Gold,c80584bf-4405-45e8-9e8b-4818b15b0ca1,no
Task Operation,11,,3,10174,,no,0,0.0,0,#C C fixes the screw on the battery cover with the screwdriver. #Unsure,fixes screw on battery cover with screwdriver,Core manual task involving hand activity with a tool.,r002,Mechanical Repair,,98.60534,Gold,c80584bf-4405-45e8-9e8b-4818b15b0ca1,no
Object Transfer,11,,3,11087,,no,0,0.0,0,#C C picks a broom with his left hand.,picks broom with his left hand,Logistics action of picking up the broom.,r002,Cleaning,,0.4618196,Gold,c98a5a59-ff86-44fd-a091-9a6c54778a99,no
Search,11,,7,2691,,no,0,0.0,0,#C C looks around the houses,looks around houses,"Head movement (looking around), passive hands.",r002,Walking Outdoors,,32.90142,Gold,caba19ad-381f-4600-8ffe-11b12a6249ca,no
Stationary,11,,3,10798,,no,0,0.0,0,#O a man Y stands on the side walk,man y stands on side walk,"The action describes a person standing still, which corresponds to low body motion.",r002,Walking Outdoors,,97.07431,Gold,caba19ad-381f-4600-8ffe-11b12a6249ca,no
Locomotion,11,,4,6907,,no,0,0.0,0,#O a man Y walks along side walk,man y walks along side walk,"Body moving through space (walking), high body acceleration.",r002,Walking Outdoors,,137.17096,Gold,caba19ad-381f-4600-8ffe-11b12a6249ca,no
Locomotion,11,,7,3091,,no,0,0.0,0,#C C walks along the side walk,walks along side walk,"Body moving through space, characteristic of walking.",r002,Walking Outdoors,,138.37834,Gold,caba19ad-381f-4600-8ffe-11b12a6249ca,no
Object Transfer,11,,3,11053,,no,0,0.0,0,#C C picks bike helmet,picks bike helmet,Logistics step of picking up an object.,r002,Walking Outdoors,,466.54855,Gold,caba19ad-381f-4600-8ffe-11b12a6249ca,no
Object Transfer,11,,4,6555,,no,0,0.0,0,#C C drops wine glass,drops wine glass,"[CtxFixed] The current action involves C dropping the wine glass, which is a deliberate placement of the object onto a surface. This fits the criteria for 'Object Transfer' as it involves handling and placing an object.",r002,Cleaning,,61.3819686,Gold,ceba5343-c1d5-4f8a-a6bb-ef39c3923e6e,no
Object Transfer,11,,6,3894,,no,0,0.0,0,#C C puts the spoon in the dish rack,puts spoon in dish rack,Logistics step involving moving an object to a specific location.,r002,Cleaning,,586.3890734828126,Gold,ceba5343-c1d5-4f8a-a6bb-ef39c3923e6e,no
Task Operation,11,,4,8457,,no,0,0.0,0,#C C washes her hands under the tap.,washes her hands under tap,Core task involving high hand activity.,r002,Cooking,,22.0489996,Gold,d2495931-34b0-4287-9e1a-f501c50580de,no
Object Transfer,11,,5,4970,,no,0,0.0,0,#C C picks a knife on the tray.,picks knife on tray,Logistics/Setup step involving picking up an object.,r002,Cooking,,48.7681296,Gold,d2495931-34b0-4287-9e1a-f501c50580de,no
Locomotion,11,Object Transfer,4,6118,watchlist_verb,yes,0,0.0,0,#C C moves the piece of meat.,moves piece of meat,"Body moving through space to move the piece of meat, likely involves high body acceleration.",r002,Cooking,,54.0287596,Bad,d2495931-34b0-4287-9e1a-f501c50580de,yes
Object Transfer,11,,4,7134,,no,0,0.0,0,#C C picks the meat bone on the tray.,picks meat bone on tray,Logistics action involving picking up an object.,r002,Cooking,,98.6989996,Gold,d2495931-34b0-4287-9e1a-f501c50580de,no
Object Transfer,11,,11,1135,,no,0,0.0,0,#C C drops the meat bone in the waste bag.,drops meat bone in waste bag,"[CtxFixed] The action involves moving the meat bone from C's hand to the waste bag, which is a deliberate placement of an object.",r002,Cooking,,100.3713696,Gold,d2495931-34b0-4287-9e1a-f501c50580de,no
Object Transfer,11,,3,10209,,no,0,0.0,0,#C C gathers the meats with the knife.,gathers meats with knife,Logistics step involving picking up and moving objects.,r002,Cooking,,138.30699959999998,Gold,d2495931-34b0-4287-9e1a-f501c50580de,no
Object Transfer,11,,6,3664,,no,0,0.0,0,#C C picks a piece of meat with her left hand.,picks piece of meat with her left hand,Logistics step involving picking up an object.,r002,Cooking,,179.6152296,Gold,d2495931-34b0-4287-9e1a-f501c50580de,no
Object Transfer,11,,3,9033,watchlist_verb,yes,0,0.0,0,#C C moves some cans..,moves cans,"Logistics/moving objects (cans), short bursts of hand activity.",r002,Cooking,,339.0675809546634,Gold,d2495931-34b0-4287-9e1a-f501c50580de,yes
Object Transfer,11,,5,4603,,no,0,0.0,0,#C C drops the wiper.,drops wiper,"[CtxFixed] The action of dropping the wiper is a deliberate placement onto a surface, which fits the definition of an Object Transfer.",r002,Cooking,,359.38235095466337,Gold,d2495931-34b0-4287-9e1a-f501c50580de,no
Object Transfer,11,,4,6124,watchlist_verb,yes,0,0.0,0,#C C moves the sliced celeries to the meat on the tray.,moves sliced celeries to meat on tray,Logistics step involving moving items from one place to another.,r002,Cooking,,500.91707095466336,Gold,d2495931-34b0-4287-9e1a-f501c50580de,yes
Object Transfer,11,,4,7058,,no,0,0.0,0,#C C picks some celeries from the plate.,picks celeries from plate,Logistics/Setup step involving picking up objects.,r002,Cooking,,502.1105509546634,Gold,d2495931-34b0-4287-9e1a-f501c50580de,no
Object Transfer,11,,3,9888,,no,0,0.0,0,#C C drops the celeries on the tray.,drops celeries on tray,Refined via regex fallback,r002,Cooking,,504.4354209546634,Gold,d2495931-34b0-4287-9e1a-f501c50580de,no
Object Transfer,11,,5,4852,,no,0,0.0,0,#C C packs some vegetables with the spoon.,packs vegetables with spoon,Logistics of moving vegetables with a spoon.,r002,Cooking,,609.2740509546634,Gold,d2495931-34b0-4287-9e1a-f501c50580de,no
Object Transfer,11,,6,3661,,no,0,0.0,0,#C C picks a piece of cheese.,picks piece of cheese,Logistics step involving picking up an object.,r002,Cooking,,939.3937409546634,Gold,d2495931-34b0-4287-9e1a-f501c50580de,no
Stationary,11,,7,2656,,no,0,0.0,0,#C C eats the piece of cheese. #unsure,eats piece of cheese,"Low body/hand motion, eating is a relatively static activity.",r002,Cooking,,940.2862409546634,Skip,d2495931-34b0-4287-9e1a-f501c50580de,no
Object Transfer,11,,3,11047,,no,0,0.0,0,#C C picks the apple plate.,picks apple plate,Logistics step involving picking up an object.,r002,Cooking,,1057.6253809546631,Gold,d2495931-34b0-4287-9e1a-f501c50580de,no
Object Transfer,11,Task Operation,7,2747,,no,0,0.0,0,#C C packs the potatoes in the pot with the cooking spoon.,packs potatoes in pot with cooking spoon,"Logistics of packing items, short bursts of hand activity.",r002,Cooking,,1105.1361709546634,Bad,d2495931-34b0-4287-9e1a-f501c50580de,no
Object Transfer,11,,7,2886,,no,0,0.0,0,#C C pours the potatoes into the blue bowl.,pours potatoes into blue bowl,Logistics step involving picking up and putting down an object.,r002,Cooking,,1110.6210309546632,Gold,d2495931-34b0-4287-9e1a-f501c50580de,no
Object Transfer,11,,4,7133,,no,0,0.0,0,#C C picks a masher.,picks masher,Logistics/Setup step (pick up).,r002,Cooking,,1153.676540954663,Gold,d2495931-34b0-4287-9e1a-f501c50580de,no
Task Operation,11,,3,10814,,no,0,0.0,0,#C C mashes the potatoes with the masher.,mashes potatoes with masher,Core task involving high hand activity.,r002,Cooking,,1352.1595609546632,Gold,d2495931-34b0-4287-9e1a-f501c50580de,no
Object Transfer,11,,5,5443,,no,0,0.0,0,#C C removes the plate from the microwave.,removes plate from microwave,Logistics step involving picking up and moving an object.,r002,Cooking,,1422.5150309546634,Gold,d2495931-34b0-4287-9e1a-f501c50580de,no
Stationary,11,,3,10117,,no,0,0.0,0,#C C eats the potatoes. #unsure,eats potatoes,"Consumption involves minimal movement, mostly hands to mouth.",r002,Cooking,,1534.3151509546633,Skip,d2495931-34b0-4287-9e1a-f501c50580de,no
Object Transfer,11,,6,3408,,no,0,0.0,0,#C C drops the fork in the bowl.,drops fork in bowl,Refined via regex fallback,r002,Cooking,,1754.984360954663,Gold,d2495931-34b0-4287-9e1a-f501c50580de,no
Object Transfer,11,,9,1681,,no,0,0.0,0,#C C drops the meat on the flat plate.,drops meat on flat plate,"[CtxFixed] The action of dropping the meat onto the flat plate is a deliberate placement of the object, which fits the definition of 'Object Transfer'.",r002,Cooking,,1838.912230954663,Gold,d2495931-34b0-4287-9e1a-f501c50580de,no
Object Transfer,11,,9,1782,,no,0,0.0,0,#C C picks a meats with his left hand.,picks meats with his left hand,Logistics step of picking up an object.,r002,Cooking,,1846.011970954663,Gold,d2495931-34b0-4287-9e1a-f501c50580de,no
Stationary,11,Object Transfer,4,7672,,no,0,0.0,0,#C C puts the fork in his mouth. #unsure,puts fork in his mouth,"Low body/hand motion, likely involves minimal movement.",r002,Cooking,,1904.1322209546631,Bad,d2495931-34b0-4287-9e1a-f501c50580de,no
Object Transfer,11,,6,3164,watchlist_verb,yes,0,0.0,0,#C C closes the tray.,closes tray,"Closing an object, involves a short burst of hand activity.",r002,Cooking,,2049.995610954663,Gold,d2495931-34b0-4287-9e1a-f501c50580de,yes
Object Transfer,11,,6,3787,,no,0,0.0,0,#C C pulls out the rack from the dish washer.,pulls out rack from dish washer,Logistics action involving moving an object.,r002,Cooking,,2191.661420954664,Gold,d2495931-34b0-4287-9e1a-f501c50580de,no
Object Transfer,11,,5,4581,,no,0,0.0,0,#C C drops the nylon on the table.,drops nylon on table,Refined via regex fallback,r002,Cooking,,2377.410740954664,Gold,d2495931-34b0-4287-9e1a-f501c50580de,no
Stationary,11,,4,6567,,no,0,0.0,0,#C C eats watermelon piece #Unsure,eats watermelon piece,"Low body/hand motion, eating is a relatively still activity.",r002,Cooking,,2535.4388509546634,Skip,d2495931-34b0-4287-9e1a-f501c50580de,no
Object Transfer,11,,4,7538,,no,0,0.0,0,#C C pushes the rack back into the dish washer,pushes rack back into dish washer,Logistics step involving moving an object (rack) into a specific location (dishwasher).,r002,Cooking,,2910.5578509546635,Gold,d2495931-34b0-4287-9e1a-f501c50580de,no
Task Operation,11,,5,4462,,no,0,0.0,0,#C C cleans the table with the cloth.,cleans table with cloth,Core manual task involving high hand activity.,r002,Cooking,,3082.2909309546635,Gold,d2495931-34b0-4287-9e1a-f501c50580de,no
Stationary,11,,4,8369,,no,0,0.0,0,#C C turns towards the counter,turns towards counter,Turning towards an object indicates a change in orientation but does not involve significant motion or activity.,r002,Cooking,,1.5770286,Skip,d2606d87-2a9b-48df-96b2-5df1a4457215,no
Locomotion,11,,4,8435,,no,0,0.0,0,#C C walks towards the blender,walks towards blender,Body moving through space (walking).,r002,Cooking,,73.5298286,Gold,d2606d87-2a9b-48df-96b2-5df1a4457215,no
Task Operation,11,,5,4416,,no,0,0.0,0,#C C blends the stew,blends stew,Core task involving manual operation with high hand activity.,r002,Cooking,,95.7490286,Gold,d2606d87-2a9b-48df-96b2-5df1a4457215,no
Task Operation,11,,3,11937,,no,0,0.0,0,#C C pours the #unsure to the pot,pours to pot,Core task involving manual activity with the hands.,r002,Cooking,,362.2459968410295,Gold,d2606d87-2a9b-48df-96b2-5df1a4457215,no
Object Transfer,11,,5,5644,,no,0,0.0,0,#C C takes a glove,takes glove,Logistics/Setup step (taking an object).,r002,Gardening,,4.4402886,Gold,d38f271c-53f3-4771-8c17-a5157e723067,no
Object Transfer,11,,12,1022,,no,0,0.0,0,#C C put the weeds in a metal bin,put weeds in metal bin,Logistics step involving moving the weeds to the bin.,r002,Gardening,,20.852438600000003,Gold,d38f271c-53f3-4771-8c17-a5157e723067,no
Task Operation,11,,5,5562,,no,0,0.0,0,#C C squeezes the concrete stones with a garden trowel,squeezes concrete stones with garden trowel,Core manual task involving high hand activity.,r002,Gardening,,45.1685986,Gold,d38f271c-53f3-4771-8c17-a5157e723067,no
Task Operation,11,,5,5554,,no,0,0.0,0,#C C spread concrete stones with hand,spread concrete stones with hand,Core manual task involving high hand activity.,r002,Gardening,,107.8117186,Gold,d38f271c-53f3-4771-8c17-a5157e723067,no
Stationary,11,,5,4185,watchlist_verb,yes,0,0.0,0,#C C hold the garden trowel,hold garden trowel,"Low body/hand motion, holding an object without moving.",r002,Gardening,,169.0446586,Gold,d38f271c-53f3-4771-8c17-a5157e723067,yes
Object Transfer,11,,3,11589,,no,0,0.0,0,#C C picks weeds from the floor,picks weeds from floor,Logistics step involving picking up and removing objects.,r002,Gardening,,304.58546989603417,Gold,d38f271c-53f3-4771-8c17-a5157e723067,no
Locomotion,11,Object Transfer,7,2508,watchlist_verb,yes,1,1.0,1,#C C moves the bin,moves bin,Body moving through space to move an object.,r002,Gardening,,350.0436665627008,Bad,d38f271c-53f3-4771-8c17-a5157e723067,yes
Locomotion,11,Object Transfer,5,5665,,no,0,0.0,0,#C C throws the firewood,throws firewood,"The action involves movement through space, likely with a throw which includes body acceleration.",r002,Gardening,,609.536967942448,Bad,d38f271c-53f3-4771-8c17-a5157e723067,no
Object Transfer,11,,5,4954,,no,0,0.0,0,#C C picks the firewood,picks firewood,"The action involves picking up an object, which is a logistics step.",r002,Gardening,,611.734807942448,Gold,d38f271c-53f3-4771-8c17-a5157e723067,no
Task Operation,11,,6,3366,,no,0,0.0,0,#C C cuts the firewood using flower scissors,cuts firewood using flower scissors,Core task involving high hand activity.,r002,Gardening,,614.299577942448,Gold,d38f271c-53f3-4771-8c17-a5157e723067,no
Object Transfer,11,,3,11468,,no,0,0.0,0,#C C picks a twig from the ground,picks twig from ground,Logistics action of picking up an object.,r002,Gardening,,819.072457641481,Gold,d38f271c-53f3-4771-8c17-a5157e723067,no
Locomotion,11,Object Transfer,4,8301,,no,0,0.0,0,#C C throws branch on the ground,throws branch on ground,"Body moving through space to throw an object, involves high body acceleration.",r002,Gardening,,875.457007641481,Bad,d38f271c-53f3-4771-8c17-a5157e723067,no
Object Transfer,11,Task Operation,4,6341,,no,0,0.0,0,#C C collects leaves,collects leaves,Logistics of picking up and moving leaves.,r002,Gardening,,1377.544157810775,Bad,d38f271c-53f3-4771-8c17-a5157e723067,no
Object Transfer,11,,4,7713,,no,0,0.0,0,#C C puts the leaves in the dustbin,puts leaves in dustbin,Logistics step of moving leaves from one location to another.,r002,Gardening,,1379.3843578107749,Gold,d38f271c-53f3-4771-8c17-a5157e723067,no
Object Transfer,11,,6,3417,,no,0,0.0,0,#C C drops the leaves in the dustbin,drops leaves in dustbin,The action involves moving an object (leaves) to a destination (dustbin).,r002,Gardening,,1427.3928611441083,Gold,d38f271c-53f3-4771-8c17-a5157e723067,no
Object Transfer,11,,4,6281,,no,0,0.0,0,#C C carries the dustbin,carries dustbin,Moving an object from one place to another.,r002,Gardening,,1428.1513011441084,Gold,d38f271c-53f3-4771-8c17-a5157e723067,no
Object Transfer,11,,3,11469,,no,0,0.0,0,#C C picks twigs,picks twigs,Logistics step of picking up twigs.,r002,Gardening,,1434.5757411441082,Gold,d38f271c-53f3-4771-8c17-a5157e723067,no
Object Transfer,11,,5,5294,,no,0,0.0,0,#C C puts dry leaves in a bucket,puts dry leaves in bucket,Logistics step involving picking up and placing dry leaves into a bucket.,r002,Gardening,,1639.8208351722656,Gold,d38f271c-53f3-4771-8c17-a5157e723067,no
Object Transfer,11,,3,11169,,no,0,0.0,0,#C C picks dry leaves with a rake and his hand,picks dry leaves with rake and his hand,Logistics action involving picking up and moving leaves.,r002,Gardening,,1704.5887051722657,Gold,d38f271c-53f3-4771-8c17-a5157e723067,no
Stationary,11,,4,7531,,no,0,0.0,0,#c c pushes the door,pushes door,The action of pushing a door is typically brief and does not involve continuous movement or high energy activity.,r002,Gardening,,2186.965500125879,Gold,d38f271c-53f3-4771-8c17-a5157e723067,no
Object Transfer,11,,5,5032,,no,0,0.0,0,#c c picks a sweatshirt,picks sweatshirt,Logistics step involving picking up an object.,r002,Cleaning,,0.3826586,Gold,d9e86651-f7ea-4656-bc74-1591f18f9a38,no
Object Transfer,11,,5,5043,,no,0,0.0,0,#c c picks a top,picks top,Logistics action of picking up an object.,r002,Cleaning,,67.5186886,Gold,d9e86651-f7ea-4656-bc74-1591f18f9a38,no
Object Transfer,11,,5,5372,,no,0,0.0,0,#c c puts the socks on the table,puts socks on table,Logistics step involving picking up and placing an object.,r002,Cleaning,,98.1852786,Gold,d9e86651-f7ea-4656-bc74-1591f18f9a38,no
Task Operation,11,,3,11860,,no,0,0.0,0,#C C plucks parts of the watermelon plant,plucks parts of watermelon plant,Core task involving manual dexterity with the hands.,r002,Gardening,,-3.999999999976245e-07,Gold,d9eb1ae4-acee-457e-a0bf-b0e49b4576ce,no
Search,11,Stationary,3,9398,watchlist_verb,yes,0,0.0,0,#C C touches the watermelon plant,touches watermelon plant,"Implies a visual or tactile inspection, likely with minimal hand activity.",r002,Gardening,,29.480059600000004,Bad,d9eb1ae4-acee-457e-a0bf-b0e49b4576ce,yes
Task Operation,11,,3,11862,,no,0,0.0,0,#C C plucks the pumpkin flower,plucks pumpkin flower,Core task involving high hand activity.,r002,Gardening,,74.80030959999999,Gold,d9eb1ae4-acee-457e-a0bf-b0e49b4576ce,no
Object Transfer,11,Task Operation,5,4159,watchlist_verb,yes,0,0.0,0,#C C adjusts the plastic bag,adjusts plastic bag,Logistics action involving picking up or putting down an object.,r002,Gardening,,332.3924109546634,Bad,d9eb1ae4-acee-457e-a0bf-b0e49b4576ce,yes
Object Transfer,11,Task Operation,4,8321,,no,0,0.0,0,#C C ties the plastic bag,ties plastic bag,"This action involves the logistics of manipulating objects, which typically includes picking up, putting down, or transferring objects.",r002,Gardening,,414.9308709546634,Bad,d9eb1ae4-acee-457e-a0bf-b0e49b4576ce,no
Task Operation,11,,4,6608,,no,0,0.0,0,#C C folds the pumpkin flower,folds pumpkin flower,Core task involving fine manual manipulation.,r002,Gardening,,579.6560542879968,Gold,d9eb1ae4-acee-457e-a0bf-b0e49b4576ce,no
Object Transfer,11,,3,10017,,no,0,0.0,0,#C C drops the pumpkin flower on the ground,drops pumpkin flower on ground,"[CtxFixed] The action of dropping the pumpkin flower onto the ground is a deliberate placement of the object onto a surface, which fits the criteria for 'Object Transfer'.",r002,Gardening,,606.0386442879967,Gold,d9eb1ae4-acee-457e-a0bf-b0e49b4576ce,no
Search,11,,6,3292,watchlist_verb,yes,1,1.0,1,#C C touches the watermelon plantation,touches watermelon plantation,Implies a visual or tactile search for the watermelon plantation.,r002,Gardening,,838.0735642879968,Skip,d9eb1ae4-acee-457e-a0bf-b0e49b4576ce,yes
Task Operation,11,,3,9757,,no,0,0.0,0,#C C cuts parts of the watermelon plant with the scissor,cuts parts of watermelon plant with scissor,Core task involving manual dexterity and hand activity.,r002,Gardening,,1043.4245742879966,Gold,d9eb1ae4-acee-457e-a0bf-b0e49b4576ce,no
Locomotion,11,,4,8407,,no,0,0.0,0,#C C walks in the underground parking space,walks in underground parking space,"Body moving through space, indicative of walking.",r002,Walking Outdoors,,1986.1929766666667,Gold,dbfced7f-d9be-4a93-9238-980f4b17a335,no
Task Operation,11,,5,5552,,no,0,0.0,0,#C C sprays the towel,sprays towel,Core manual task involving high hand activity.,r002,Cleaning,,191.7654586,Gold,dfa06e1b-6823-4fa0-b7f8-194bac7bc7f3,no
Task Operation,11,,4,8126,,no,0,0.0,0,#C C sprays the stool,sprays stool,Core task involving high hand activity.,r002,Cleaning,,242.6743086,Gold,dfa06e1b-6823-4fa0-b7f8-194bac7bc7f3,no
Task Operation,11,,6,4122,,no,0,0.0,0,#C C wipes the stool,wipes stool,Core manual task involving high hand activity.,r002,Cleaning,,244.3062986,Gold,dfa06e1b-6823-4fa0-b7f8-194bac7bc7f3,no
Task Operation,11,,12,988,,no,0,0.0,0,#C C picks ball pepper,picks ball pepper,"Core task involving manual manipulation, high hand activity.",r002,Cooking,,14.5500186,Gold,e6bdfe96-48c7-48c9-a5c8-5f09aee849b7,no
Object Transfer,11,Task Operation,3,9947,,no,0,0.0,0,#C C drops inner part of ball pepper,drops inner part of ball pepper,"[CtxFixed] The action of dropping the inner part of the ball pepper onto a surface is a deliberate placement, which fits the criteria for 'Object Transfer'.",r002,Cooking,,33.5679686,Bad,e6bdfe96-48c7-48c9-a5c8-5f09aee849b7,no
Object Transfer,11,,7,2622,,no,0,0.0,0,#C C drops ball pepper,drops ball pepper,"[CtxFixed] The action of dropping the ball pepper is a deliberate placement onto a surface, which fits the criteria for 'Object Transfer'.",r002,Cooking,,34.2715486,Gold,e6bdfe96-48c7-48c9-a5c8-5f09aee849b7,no
Object Transfer,11,,3,9062,watchlist_verb,yes,0,0.0,0,#C C moves cutting board,moves cutting board,"Moving an object (cutting board), short bursts of hand acceleration.",r002,Cooking,,64.0277886,Gold,e6bdfe96-48c7-48c9-a5c8-5f09aee849b7,yes
Task Operation,11,Object Transfer,5,4275,watchlist_verb,yes,0,0.0,0,#C C moves ball peppers,moves ball peppers,Core task involving manipulation of ingredients.,r002,Cooking,,101.1131386,Bad,e6bdfe96-48c7-48c9-a5c8-5f09aee849b7,yes
Stationary,11,,9,1897,,no,0,0.0,0,#C C rubs a hand,rubs hand,"Low body/hand motion, likely idle or contemplative action.",r002,Cooking,,106.0689786,Skip,e6bdfe96-48c7-48c9-a5c8-5f09aee849b7,no
Object Transfer,11,,10,1487,,no,0,0.0,0,#C C puts onion on cutting board,puts onion on cutting board,Logistics step involving picking up and placing the onion.,r002,Cooking,,184.7478486,Gold,e6bdfe96-48c7-48c9-a5c8-5f09aee849b7,no
Task Operation,11,,5,5440,,no,0,0.0,0,#C C removes onion skins,removes onion skins,Core task involving manual dexterity and manipulation.,r002,Cooking,,194.4182186,Gold,e6bdfe96-48c7-48c9-a5c8-5f09aee849b7,no
Object Transfer,11,,4,6416,,no,0,0.0,0,#C C disposes onion skins,disposes onion skins,Logistics step of moving onion skins to disposal.,r002,Cooking,,208.2647386,Gold,e6bdfe96-48c7-48c9-a5c8-5f09aee849b7,no
Object Transfer,11,,6,3386,,no,0,0.0,0,#C C disposes onion skin,disposes onion skin,Logistics step of moving the onion skin to dispose of it.,r002,Cooking,,214.8579486,Gold,e6bdfe96-48c7-48c9-a5c8-5f09aee849b7,no
Stationary,11,,4,5972,watchlist_verb,yes,0,0.0,0,#C C holds onion with the other hand,holds onion with other hand,"Low body/hand motion, holding an object.",r002,Cooking,,243.3655586,Gold,e6bdfe96-48c7-48c9-a5c8-5f09aee849b7,yes
Object Transfer,11,,6,3423,,no,0,0.0,0,#C C drops onion,drops onion,"[CtxFixed] The action of dropping an onion onto a surface is a deliberate placement, which fits the criteria for 'Object Transfer'.",r002,Cooking,,282.56580196079113,Gold,e6bdfe96-48c7-48c9-a5c8-5f09aee849b7,no
Task Operation,11,Object Transfer,4,6112,watchlist_verb,yes,0,0.0,0,#C C moves onions with knife,moves onions with knife,Core task involving manipulation with high hand activity.,r002,Cooking,,343.52462196079114,Bad,e6bdfe96-48c7-48c9-a5c8-5f09aee849b7,yes
Stationary,11,,7,3003,,no,0,0.0,0,#C C rubs her hand,rubs her hand,"Low body/hand motion, likely idle or calming action.",r002,Cooking,,395.3901719607911,Gold,e6bdfe96-48c7-48c9-a5c8-5f09aee849b7,no
Object Transfer,11,,5,4984,,no,0,0.0,0,#C C picks onion pieces,picks onion pieces,Logistics step involving picking up objects.,r002,Cooking,,427.85912196079113,Gold,e6bdfe96-48c7-48c9-a5c8-5f09aee849b7,no
Stationary,11,,8,2039,watchlist_verb,yes,0,0.0,0,#C C touches the cooker,touches cooker,"Low body/hand motion, likely involves light touch without significant movement.",r002,Cooking,,511.0227019607912,Gold,e6bdfe96-48c7-48c9-a5c8-5f09aee849b7,yes
Task Operation,11,,3,9693,,no,0,0.0,0,#C C collects food particles,collects food particles,Core task involving high hand activity.,r002,Cooking,,522.5324219607911,Gold,e6bdfe96-48c7-48c9-a5c8-5f09aee849b7,no
Object Transfer,11,,3,11403,,no,0,0.0,0,#C C picks slotted spoon,picks slotted spoon,"Logistics step, picking up an object.",r002,Cooking,,557.7225676136719,Gold,e6bdfe96-48c7-48c9-a5c8-5f09aee849b7,no
Object Transfer,11,,3,10136,,no,0,0.0,0,#C C exchanges spoon to the other hand,exchanges spoon to other hand,Logistics of transferring the spoon between hands.,r002,Cooking,,558.9939576136719,Gold,e6bdfe96-48c7-48c9-a5c8-5f09aee849b7,no
Stationary,11,,8,1995,watchlist_verb,yes,0,0.0,0,#C C holds cooking spoon,holds cooking spoon,"Low body/hand motion, holding an object without active movement.",r002,Cooking,,578.961747613672,Gold,e6bdfe96-48c7-48c9-a5c8-5f09aee849b7,yes
Stationary,11,,8,1993,watchlist_verb,yes,0,0.0,0,#C C holds cabinet door,holds cabinet door,"Low body/hand motion, holding a position.",r002,Cooking,,642.3302276136719,Gold,e6bdfe96-48c7-48c9-a5c8-5f09aee849b7,yes
Stationary,11,,4,5930,watchlist_verb,yes,0,0.0,0,#C C holds cooking pot with the other hand,holds cooking pot with other hand,"Low body/hand motion, holding an object without movement.",r002,Cooking,,648.9648776136719,Gold,e6bdfe96-48c7-48c9-a5c8-5f09aee849b7,yes
Object Transfer,11,,3,9164,watchlist_verb,yes,0,0.0,0,#C C moves spice,moves spice,Logistics step involving moving an object.,r002,Cooking,,683.2045276136719,Gold,e6bdfe96-48c7-48c9-a5c8-5f09aee849b7,yes
Stationary,11,,4,5943,watchlist_verb,yes,0,0.0,0,#C C holds garlic,holds garlic,"Low body/hand motion, holding an object without movement.",r002,Cooking,,742.7429176136719,Gold,e6bdfe96-48c7-48c9-a5c8-5f09aee849b7,yes
Task Operation,11,,6,3318,,no,0,0.0,0,#C C breaks garlic,breaks garlic,Core task involving manual dexterity and hand activity.,r002,Cooking,,750.9782376136719,Gold,e6bdfe96-48c7-48c9-a5c8-5f09aee849b7,no
Object Transfer,11,,5,4564,,no,0,0.0,0,#C C drops garlic skin,drops garlic skin,"[CtxFixed] The action of dropping the garlic skin after breaking the garlic can be considered a deliberate placement of the garlic onto a surface, which fits the 'Object Transfer' category.",r002,Cooking,,764.5535076136719,Gold,e6bdfe96-48c7-48c9-a5c8-5f09aee849b7,no
Object Transfer,11,,3,9931,,no,0,0.0,0,#C C drops garlic in minced meat,drops garlic in minced meat,"[CtxFixed] The action of dropping the garlic into the minced meat is a deliberate placement of the garlic, which is part of the cooking process.",r002,Cooking,,783.7705676136719,Gold,e6bdfe96-48c7-48c9-a5c8-5f09aee849b7,no
Object Transfer,11,,3,9238,watchlist_verb,yes,0,0.0,0,#C C opens garlic press,opens garlic press,Logistics step involving opening an object.,r002,Cooking,,786.0719676136719,Gold,e6bdfe96-48c7-48c9-a5c8-5f09aee849b7,yes
Stationary,11,,8,2332,,no,0,0.0,0,#C C removes hand from the pan,removes hand from pan,"The action indicates a pause or cessation of motion, suggesting low energy activity.",r002,Cooking,,842.330870974463,Skip,e6bdfe96-48c7-48c9-a5c8-5f09aee849b7,no
Object Transfer,11,Task Operation,9,1657,,no,0,0.0,0,#C C collects vegetables,collects vegetables,Logistics step involving picking up and moving objects.,r002,Cooking,,844.488430974463,Bad,e6bdfe96-48c7-48c9-a5c8-5f09aee849b7,no
Object Transfer,11,,3,9970,,no,0,0.0,0,#C C drops onion in the pan,drops onion in pan,Refined via regex fallback,r002,Cooking,,854.6274109744629,Gold,e6bdfe96-48c7-48c9-a5c8-5f09aee849b7,no
Task Operation,11,,12,1055,,no,0,0.0,0,#C C shakes cooking pot,shakes cooking pot,High hand activity involved in mixing or stirring the contents of the pot.,r002,Cooking,,878.261310974463,Gold,e6bdfe96-48c7-48c9-a5c8-5f09aee849b7,no
Object Transfer,11,,6,3287,watchlist_verb,yes,1,1.0,1,#C C touches a knife,touches knife,Logistics action involving interaction with an object.,r002,Cooking,,912.6320109744628,Skip,e6bdfe96-48c7-48c9-a5c8-5f09aee849b7,yes
Task Operation,11,,6,3474,,no,0,0.0,0,#C C hits cooking pot,hits cooking pot,Core task involving high hand activity.,r002,Cooking,,919.457000974463,Gold,e6bdfe96-48c7-48c9-a5c8-5f09aee849b7,no
Stationary,11,,3,8891,watchlist_verb,yes,0,0.0,0,#C C holds seasoning mix with the other hand,holds seasoning mix with other hand,"Low body/hand motion, holding position.",r002,Cooking,,930.046960974463,Gold,e6bdfe96-48c7-48c9-a5c8-5f09aee849b7,yes
Object Transfer,11,,3,10096,,no,0,0.0,0,#C C drops a wrapper,drops wrapper,"[CtxFixed] The action of dropping a wrapper can be interpreted as a deliberate placement of the wrapper onto a surface, which fits the definition of 'Object Transfer'.",r002,Cooking,,935.7329509744628,Gold,e6bdfe96-48c7-48c9-a5c8-5f09aee849b7,no
Object Transfer,11,,3,9925,,no,0,0.0,0,#C C drops food particle in the pan,drops food particle in pan,Refined via regex fallback,r002,Cooking,,955.082190974463,Gold,e6bdfe96-48c7-48c9-a5c8-5f09aee849b7,no
Object Transfer,11,,3,9926,,no,0,0.0,0,#C C drops food particles in the pan,drops food particles in pan,Refined via regex fallback,r002,Cooking,,1045.100990974463,Gold,e6bdfe96-48c7-48c9-a5c8-5f09aee849b7,no
Object Transfer,11,,3,9277,watchlist_verb,yes,0,0.0,0,#C C opens tomato paste can,opens tomato paste can,"Logistics/Setup step, opening a can.",r002,Cooking,,1123.426257144922,Gold,e6bdfe96-48c7-48c9-a5c8-5f09aee849b7,yes
Task Operation,11,,6,3972,,no,0,0.0,0,#C C shakes the can,shakes can,"[CtxFixed] Shaking the can is a continuation of the previous actions involving the can, such as pressing and pouring, which are essential operations.",r002,Cooking,,1149.2911171449218,Gold,e6bdfe96-48c7-48c9-a5c8-5f09aee849b7,no
Stationary,11,,3,8763,watchlist_verb,yes,0,0.0,0,#C C holds can with the other hand,holds can with other hand,"Low body/hand motion, holding an object.",r002,Cooking,,1158.7651871449218,Gold,e6bdfe96-48c7-48c9-a5c8-5f09aee849b7,yes
Object Transfer,11,,3,9882,,no,0,0.0,0,#C C drops a can,drops can,"[CtxFixed] The action of dropping a can is a deliberate placement of the object onto a surface, which fits the criteria for 'Object Transfer'.",r002,Cooking,,1270.7875071449218,Gold,e6bdfe96-48c7-48c9-a5c8-5f09aee849b7,no
Object Transfer,11,,4,8249,,no,0,0.0,0,#C C takes cutting board,takes cutting board,Logistics step involving picking up and moving the cutting board.,r002,Cooking,,1323.1066271449215,Gold,e6bdfe96-48c7-48c9-a5c8-5f09aee849b7,no
Object Transfer,11,,3,11456,,no,0,0.0,0,#C C picks tomato paste can,picks tomato paste can,Logistics step involving picking up an object.,r002,Cooking,,1328.502467144922,Gold,e6bdfe96-48c7-48c9-a5c8-5f09aee849b7,no
Object Transfer,11,,6,3414,,no,0,0.0,0,#C C drops knife in the sink,drops knife in sink,Refined via regex fallback,r002,Cooking,,1347.6659771449215,Gold,e6bdfe96-48c7-48c9-a5c8-5f09aee849b7,no
Locomotion,11,Object Transfer,3,9184,watchlist_verb,yes,0,0.0,0,#C C moves Tortilla wraps,moves tortilla wraps,Body moving through space to move objects.,r002,Cooking,,1439.8986921088797,Bad,e6bdfe96-48c7-48c9-a5c8-5f09aee849b7,yes
Object Transfer,11,,3,10422,,no,0,0.0,0,#C C lifts tortilla wraps,lifts tortilla wraps,Logistics step involving picking up an object.,r002,Cooking,,1440.2866421088795,Gold,e6bdfe96-48c7-48c9-a5c8-5f09aee849b7,no
Object Transfer,11,,3,10074,,no,0,0.0,0,#C C drops tortilla wraps,drops tortilla wraps,"[CtxFixed] The action of dropping the tortilla wraps is a deliberate placement onto a surface, which fits the criteria for 'Object Transfer'.",r002,Cooking,,1450.9981121088797,Gold,e6bdfe96-48c7-48c9-a5c8-5f09aee849b7,no
Stationary,11,,4,6219,watchlist_verb,yes,0,0.0,0,#C C touches tortilla wraps,touches tortilla wraps,"Low body/hand motion, likely involves light touch and inspection.",r002,Cooking,,1451.4016721088794,Gold,e6bdfe96-48c7-48c9-a5c8-5f09aee849b7,yes
Object Transfer,11,,3,9981,,no,0,0.0,0,#C C drops paper towel,drops paper towel,"[CtxFixed] The action of dropping the paper towel is a deliberate placement onto a surface, which fits the criteria for 'Object Transfer'.",r002,Cooking,,1485.1186521088794,Gold,e6bdfe96-48c7-48c9-a5c8-5f09aee849b7,no
Stationary,11,,4,7924,,no,0,0.0,0,#C C removes hand from cooking pot,removes hand from cooking pot,"The action involves removing the hand from the cooking pot, indicating a pause or end to an action, which is typically associated with low energy activity.",r002,Cooking,,1503.3974321088797,Skip,e6bdfe96-48c7-48c9-a5c8-5f09aee849b7,no
Object Transfer,11,,3,10059,,no,0,0.0,0,#C C drops spoon on the countertop,drops spoon on countertop,Refined via regex fallback,r002,Cooking,,1504.7673221088794,Gold,e6bdfe96-48c7-48c9-a5c8-5f09aee849b7,no
Object Transfer,11,,3,10084,,no,0,0.0,0,#C C drops vegetables on tortilla wrap,drops vegetables on tortilla wrap,"[CtxFixed] The action involves moving vegetables from one location to another (onto the tortilla wrap), which fits the definition of transferring an object.",r002,Cooking,,1602.9676721088797,Gold,e6bdfe96-48c7-48c9-a5c8-5f09aee849b7,no
Task Operation,11,,4,8340,,no,0,0.0,0,#C C turns cheese,turns cheese,"Core task involving manipulation, high hand activity.",r002,Cooking,,1632.284407144922,Gold,e6bdfe96-48c7-48c9-a5c8-5f09aee849b7,no
Object Transfer,11,,6,3440,,no,0,0.0,0,#C C drops spoon in the sink,drops spoon in sink,Refined via regex fallback,r002,Cooking,,1837.507397144922,Gold,e6bdfe96-48c7-48c9-a5c8-5f09aee849b7,no
Task Operation,11,,4,8344,,no,0,0.0,0,#C C turns cooking pot,turns cooking pot,Turning a cooking pot is a core manual task involving high hand activity.,r002,Cooking,,1873.2033971449216,Gold,e6bdfe96-48c7-48c9-a5c8-5f09aee849b7,no
Task Operation,11,,4,6339,,no,0,0.0,0,#C C collects cheese particles,collects cheese particles,Core task involving fine motor skills and hand activity.,r002,Cooking,,1880.484897144922,Gold,e6bdfe96-48c7-48c9-a5c8-5f09aee849b7,no
Object Transfer,11,,3,9890,,no,0,0.0,0,#C C drops cheese particle,drops cheese particle,"[CtxFixed] The action involves deliberately placing a cheese particle, which aligns with the definition of Object Transfer.",r002,Cooking,,1883.4668071449216,Gold,e6bdfe96-48c7-48c9-a5c8-5f09aee849b7,no
Stationary,11,,4,6227,watchlist_verb,yes,0,0.0,0,#O A woman X moves her hand,woman x moves her hand,"The action described is a hand movement while the body is in motion (walking), but the focus is on the hand movement which is low energy and not a core task or object transfer.",r002,Walking Outdoors,,46.41391,Gold,e750d46b-2c3a-468e-88db-4169a9d65a9a,yes
Locomotion,11,,4,8544,,no,0,0.0,0,#O A woman X walks on the road,woman x walks on road,"Body moving through space, indicative of walking.",r002,Walking Outdoors,,60.39824,Gold,e750d46b-2c3a-468e-88db-4169a9d65a9a,no
Stationary,11,,8,2131,,no,0,0.0,1,#C C looks on the other side,looks on other side,Looking in a specific direction indicates a stationary action with minimal body movement.,r002,Walking Outdoors,,95.80872,Skip,e750d46b-2c3a-468e-88db-4169a9d65a9a,no
Stationary,11,,4,6707,,no,0,0.0,0,#O A lady X drinks the soft drink,lady x drinks soft drink,"The action involves a lady drinking a soft drink, which is a low-energy, stationary activity.",r002,Walking Outdoors,,1575.8306766666667,Gold,e750d46b-2c3a-468e-88db-4169a9d65a9a,no
Stationary,11,,17,490,,no,0,0.0,0,#C C eats the crisp,eats crisp,Eating a crisp is a relatively stationary action with minimal body movement.,r002,Walking Outdoors,,1648.55309,Skip,e750d46b-2c3a-468e-88db-4169a9d65a9a,no
Object Transfer,11,,12,993,,no,0,0.0,0,#C C picks the crisp,picks crisp,Logistics step of picking an object.,r002,Walking Outdoors,,1696.74287,Gold,e750d46b-2c3a-468e-88db-4169a9d65a9a,no
Stationary,11,,5,4698,,no,0,0.0,0,#O A lady X gestures out,lady x gestures out,The action describes a gesture which is likely to involve minimal movement of the body and hands.,r002,Walking Outdoors,,1908.7726,Gold,e750d46b-2c3a-468e-88db-4169a9d65a9a,no
Stationary,11,,3,10374,,no,0,0.0,0,#C C licks the figures,licks figures,The action involves a hand motion but does not involve movement through space.,r002,Walking Outdoors,,2025.53429,Gold,e750d46b-2c3a-468e-88db-4169a9d65a9a,no
Object Transfer,11,,3,10046,,no,0,0.0,0,#C C drops the slice of banana on the plate with his right hand.,drops slice of banana on plate with his right hand,Refined via regex fallback,r002,Cooking,,858.0944909546635,Gold,e7bb40bd-2ba3-4ac9-8e10-b209504f2964,no
Stationary,11,,3,11709,,no,0,0.0,0,#C C places her right hand on the wooden hand rail,places her right hand on wooden hand rail,"The action involves placing a hand on a rail, which indicates a low energy, stationary position.",r002,Mechanical Repair,,24.498479600000003,Gold,e81f33e5-b5d0-4fe1-84d0-4c7fdea2efeb,no
Task Operation,11,,12,945,,no,0,0.0,0,#C C brushes the wooden hand rail with the brush.,brushes wooden hand rail with brush,Core task involving high hand activity.,r002,Mechanical Repair,,146.6796596,Gold,e81f33e5-b5d0-4fe1-84d0-4c7fdea2efeb,no
Object Transfer,11,,8,2161,,no,0,0.0,0,#C C passes the brush to her left hand.,passes brush to her left hand,Transfer of an object (brush) from one hand to another.,r002,Mechanical Repair,,181.0690896,Gold,e81f33e5-b5d0-4fe1-84d0-4c7fdea2efeb,no
Stationary,11,,13,830,,no,0,0.0,0,#C C leans forward,leans forward,"Low body/hand motion, indicative of a stationary action.",r002,Mechanical Repair,,220.1753196,Skip,e81f33e5-b5d0-4fe1-84d0-4c7fdea2efeb,no
Stationary,11,Task Operation,3,10099,,no,0,0.0,0,#C C dusts the brush with her left hand.,dusts brush with her left hand,"Low body/hand motion, primarily hand activity with minimal movement.",r002,Mechanical Repair,,234.7357196,Bad,e81f33e5-b5d0-4fe1-84d0-4c7fdea2efeb,no
Stationary,11,,7,3039,,no,0,0.0,0,#C C stops brushing the wooden hand rail.,stops brushing wooden hand rail,"The action indicates a pause in motion, suggesting low body and hand activity.",r002,Mechanical Repair,,327.0679709546634,Gold,e81f33e5-b5d0-4fe1-84d0-4c7fdea2efeb,no
Task Operation,11,,4,5834,watchlist_verb,yes,0,0.0,0,#C C adjusts the brush with her left hand.,adjusts brush with her left hand,Core manual task involving precise hand movements.,r002,Mechanical Repair,,327.3788309546634,Gold,e81f33e5-b5d0-4fe1-84d0-4c7fdea2efeb,yes
Task Operation,11,,3,9557,,no,0,0.0,0,#C C brushes the wooden hand rail.,brushes wooden hand rail,Core task involving manual activity with the hands.,r002,Mechanical Repair,,377.8584009546634,Gold,e81f33e5-b5d0-4fe1-84d0-4c7fdea2efeb,no
Stationary,11,,27,222,,no,0,0.0,0,#C C stops brushing,stops brushing,"Low body/hand motion, indicating a pause or stop in action.",r002,Mechanical Repair,,451.2849809546634,Gold,e81f33e5-b5d0-4fe1-84d0-4c7fdea2efeb,no
Stationary,11,Task Operation,5,4429,,no,0,0.0,0,#C C brushes the top of the rail.,brushes top of rail,"Low body/hand motion, likely involves fine, controlled hand movement.",r002,Mechanical Repair,,577.4150576213301,Bad,e81f33e5-b5d0-4fe1-84d0-4c7fdea2efeb,no
Locomotion,11,,3,9179,watchlist_verb,yes,0,0.0,0,#C C moves to the right a bit.,moves to right bit,"Body movement through space, likely involves walking or shifting position.",r002,Mechanical Repair,,582.58767762133,Gold,e81f33e5-b5d0-4fe1-84d0-4c7fdea2efeb,yes
Stationary,11,,5,5122,,no,0,0.0,0,#C C places her left hand on the rail.,places her left hand on rail,"The action involves stabilizing herself by placing her hand on a rail, indicating a low level of movement.",r002,Mechanical Repair,,657.1601876213301,Gold,e81f33e5-b5d0-4fe1-84d0-4c7fdea2efeb,no
Stationary,11,,7,2988,,no,0,0.0,0,#C C removes her left hand from the rail.,removes her left hand from rail,"The action describes a removal of a hand from a rail, which is likely a preparatory or idle action with minimal movement.",r002,Mechanical Repair,,662.4275676213301,Gold,e81f33e5-b5d0-4fe1-84d0-4c7fdea2efeb,no
Object Transfer,11,,3,9026,watchlist_verb,yes,0,0.0,0,#C C moves the brush to the top of the rail.,moves brush to top of rail,Movement of an object (the brush) from one location to another.,r002,Mechanical Repair,,720.11781762133,Gold,e81f33e5-b5d0-4fe1-84d0-4c7fdea2efeb,yes
Task Operation,11,,4,6351,,no,0,0.0,0,#C C continues to brush the top of the rail.,continues to brush top of rail,Core task involving manual activity with a brush.,r002,Mechanical Repair,,758.9302476213301,Gold,e81f33e5-b5d0-4fe1-84d0-4c7fdea2efeb,no
Locomotion,11,,5,4320,watchlist_verb,yes,0,0.0,0,#C C moves to the right.,moves to right,"Movement through space, likely involves walking or moving body to a new position.",r002,Mechanical Repair,,885.87815762133,Gold,e81f33e5-b5d0-4fe1-84d0-4c7fdea2efeb,yes
Object Transfer,11,,3,11465,,no,0,0.0,0,#C C picks the tray of eggs,picks tray of eggs,Logistics step involving picking up an object.,r002,Cooking,,78.96347526666666,Gold,ebc9f0f8-924b-47d1-a639-de4f2d6e6a4c,no
Object Transfer,11,,11,1191,,no,0,0.0,0,#C C picks an egg from the tray,picks egg from tray,Logistics step involving picking up an object.,r002,Cooking,,117.91120526666666,Gold,ebc9f0f8-924b-47d1-a639-de4f2d6e6a4c,no
Object Transfer,11,,7,2931,,no,0,0.0,0,#C C puts an egg on the cooking pan,puts egg on cooking pan,Logistics step involving the transfer of an object.,r002,Cooking,,127.88190526666666,Gold,ebc9f0f8-924b-47d1-a639-de4f2d6e6a4c,no
Task Operation,11,,5,5454,,no,0,0.0,0,#C C removes water from an egg,removes water from egg,"Core task involving manipulation of an object, high hand activity.",r002,Cooking,,176.09903526666668,Gold,ebc9f0f8-924b-47d1-a639-de4f2d6e6a4c,no
Stationary,11,,6,3193,watchlist_verb,yes,0,0.0,0,#C C holds orange,holds orange,"Low body/hand motion, holding an object.",r002,Cooking,,604.8296919333334,Gold,ebc9f0f8-924b-47d1-a639-de4f2d6e6a4c,yes
Object Transfer,11,,5,5458,,no,0,0.0,0,#C C repositions orange,repositions orange,"Repositioning the orange involves picking it up and putting it down, which is a logistics step.",r002,Cooking,,608.3373819333334,Gold,ebc9f0f8-924b-47d1-a639-de4f2d6e6a4c,no
Task Operation,11,,8,2338,,no,0,0.0,0,#C C removes orange skin,removes orange skin,"Core task, high hand activity.",r002,Cooking,,643.4995819333334,Gold,ebc9f0f8-924b-47d1-a639-de4f2d6e6a4c,no
Object Transfer,11,,11,1136,,no,0,0.0,0,#C C drops orange skin,drops orange skin,"[CtxFixed] The action of dropping the orange skin is a deliberate placement onto a surface, which fits the criteria for 'Object Transfer'.",r002,Cooking,,655.5410219333334,Gold,ebc9f0f8-924b-47d1-a639-de4f2d6e6a4c,no
Object Transfer,11,,5,4985,,no,0,0.0,0,#C C picks orange skin,picks orange skin,Logistics step of picking up an object.,r002,Cooking,,681.1277919333335,Gold,ebc9f0f8-924b-47d1-a639-de4f2d6e6a4c,no
Stationary,11,,4,8090,,no,0,0.0,0,#C C sits in a room,sits in room,"Low body/hand motion, sitting position.",r002,Cooking,,-3.999999999976245e-07,Gold,ec344610-74f4-4765-9c3f-0837ef78055d,no
Task Operation,11,,8,2435,,no,0,0.0,0,#C C wipes knife with hand,wipes knife with hand,Core task involving manual operation with high hand activity.,r002,Cooking,,152.1474696,Gold,ec344610-74f4-4765-9c3f-0837ef78055d,no
Object Transfer,11,,3,10403,,no,0,0.0,0,#C C lifts a pan from a cooker,lifts pan from cooker,"The action involves picking up an object (lifting a pan), which is a logistics step.",r002,Cooking,,206.9254596,Gold,ec344610-74f4-4765-9c3f-0837ef78055d,no
Object Transfer,11,,8,2196,,no,0,0.0,0,#C C picks cooking oil,picks cooking oil,Logistics step involving picking up an object.,r002,Cooking,,216.7279896,Gold,ec344610-74f4-4765-9c3f-0837ef78055d,no
Task Operation,11,,3,11922,,no,0,0.0,0,#C C pours oil into a pan,pours oil into pan,Core task involving high hand activity.,r002,Cooking,,220.6266696,Gold,ec344610-74f4-4765-9c3f-0837ef78055d,no
Task Operation,11,,6,4106,,no,0,0.0,0,#C C washes spoons,washes spoons,Core manual task involving high hand activity.,r002,Cooking,,354.2056209546634,Gold,ec344610-74f4-4765-9c3f-0837ef78055d,no
Object Transfer,11,,4,7057,,no,0,0.0,0,#C C picks carrots from chopping board,picks carrots from chopping board,Logistics action involving picking up objects.,r002,Cooking,,564.6661219333333,Gold,ec344610-74f4-4765-9c3f-0837ef78055d,no
Task Operation,11,,4,8195,,no,0,0.0,0,#C C stirs mixture in a pan,stirs mixture in pan,Core task involving repetitive hand movements.,r002,Cooking,,571.9524219333334,Gold,ec344610-74f4-4765-9c3f-0837ef78055d,no
Object Transfer,11,,8,2202,,no,0,0.0,0,#C C picks #unsure from a cabinet,picks from cabinet,Logistics step of picking an item from a cabinet.,r002,Cooking,,704.4725419333333,Gold,ec344610-74f4-4765-9c3f-0837ef78055d,no
Locomotion,11,,5,5738,,no,0,0.0,0,#C C walks towards a kitchen counter,walks towards kitchen counter,"Body moving through space (walking), high body acceleration.",r002,Cooking,,725.4987219333334,Gold,ec344610-74f4-4765-9c3f-0837ef78055d,no
Object Transfer,11,,8,2293,,no,0,0.0,0,#C C puts a jug on a kitchen counter,puts jug on kitchen counter,Logistics step involving moving an object to a specific location.,r002,Cooking,,726.6949119333334,Gold,ec344610-74f4-4765-9c3f-0837ef78055d,no
Object Transfer,11,,11,1250,,no,0,0.0,0,#C C puts #unsure on kitchen counter,puts on kitchen counter,"Logistics step, placing an object on a surface.",r002,Cooking,,753.9556419333334,Gold,ec344610-74f4-4765-9c3f-0837ef78055d,no
Stationary,11,Task Operation,7,2952,,no,0,0.0,0,#C C puts on the gas,puts on gas,"Turning on the gas is a low-energy action, likely involves minimal movement.",r002,Cooking,,993.6297719333334,Bad,ec344610-74f4-4765-9c3f-0837ef78055d,no
Stationary,11,,3,9419,watchlist_verb,yes,0,0.0,0,#o woman x touches her hair,woman x touches her hair,"Low body/hand motion, likely involves minimal movement.",r002,Cooking,,1366.0606486,Gold,ec344610-74f4-4765-9c3f-0837ef78055d,yes
Object Transfer,11,,4,6910,,no,0,0.0,0,#o man z lift the dish towel,man z lift dish towel,Logistics action of picking up the dish towel.,r002,Cooking,,1371.9755786,Gold,ec344610-74f4-4765-9c3f-0837ef78055d,no
Object Transfer,11,,4,6908,,no,0,0.0,0,#o man z catch the dish towel,man z catch dish towel,Logistics step involving picking up an object.,r002,Cooking,,1373.9811186,Skip,ec344610-74f4-4765-9c3f-0837ef78055d,no
Stationary,11,,22,318,,no,0,0.0,0,#c c press the phone,press phone,"Low body/hand motion, likely involves pressing buttons on a phone.",r002,Cooking,,1578.7433486,Skip,ec344610-74f4-4765-9c3f-0837ef78055d,no
Stationary,11,,4,6186,watchlist_verb,yes,0,0.0,0,#c c touch the phone,touch phone,"Low body/hand motion, likely involves light touch or interaction.",r002,Cooking,,1581.7688186,Gold,ec344610-74f4-4765-9c3f-0837ef78055d,yes
Object Transfer,11,,4,6356,,no,0,0.0,0,#c c cover the cooking pot with a lid,cover cooking pot with lid,Logistics step involving picking up and placing the lid on the pot.,r002,Cooking,,1775.1601076213303,Gold,ec344610-74f4-4765-9c3f-0837ef78055d,no
Stationary,11,Task Operation,5,5683,,no,0,0.0,0,#c c turn on the cooker,turn on cooker,"Low body/hand motion, likely involves pressing a button or switch.",r002,Cooking,,1775.6898476213305,Bad,ec344610-74f4-4765-9c3f-0837ef78055d,no
Object Transfer,11,,3,11030,,no,0,0.0,0,#c c pick the wooden spoon,pick wooden spoon,Logistics action of picking up an object.,r002,Cooking,,1781.28193762133,Gold,ec344610-74f4-4765-9c3f-0837ef78055d,no
Object Transfer,11,,7,2526,watchlist_verb,yes,0,0.0,0,#c c open the fridge,open fridge,Logistics step involving opening a drawer or container.,r002,Cooking,,1853.7234076213304,Gold,ec344610-74f4-4765-9c3f-0837ef78055d,yes
Object Transfer,11,,8,1980,watchlist_verb,yes,0,0.0,0,#c c close the fridge,close fridge,Logistics step involving closing a drawer or container.,r002,Cooking,,1914.6977876213305,Gold,ec344610-74f4-4765-9c3f-0837ef78055d,yes
Task Operation,11,,4,8445,,no,0,0.0,0,#c c wash the plate,wash plate,Core task involving hand activity and repetitive motion.,r002,Cooking,,1969.5482876213305,Gold,ec344610-74f4-4765-9c3f-0837ef78055d,no
Object Transfer,11,,17,502,,no,0,0.0,0,#c c pick the knife,pick knife,Logistics step involving picking up an object.,r002,Cooking,,2014.7945776213303,Gold,ec344610-74f4-4765-9c3f-0837ef78055d,no
Object Transfer,11,,4,7541,,no,0,0.0,0,#c c put the bowl on the table,put bowl on table,"Logistics step, short bursts of hand acceleration.",r002,Cooking,,2087.58455762133,Gold,ec344610-74f4-4765-9c3f-0837ef78055d,no
Object Transfer,11,,3,9710,,no,0,0.0,0,#c c cover the food with a lid,cover food with lid,Logistics step involving picking up and placing the lid.,r002,Cooking,,2142.2592509546635,Gold,ec344610-74f4-4765-9c3f-0837ef78055d,no
Object Transfer,11,,5,5221,,no,0,0.0,0,#c c pull the rack,pull rack,Logistics action involving moving an object (pulling a rack).,r002,Cooking,,2169.6861509546634,Skip,ec344610-74f4-4765-9c3f-0837ef78055d,no
Object Transfer,11,,4,7024,,no,0,0.0,0,#c c pick the can,pick can,"Picking up an object, involves logistics.",r002,Cooking,,2256.2732986,Gold,ec344610-74f4-4765-9c3f-0837ef78055d,no
Object Transfer,11,,4,7026,,no,0,0.0,0,#c c pick the spoon,pick spoon,Logistics step involving picking up an object.,r002,Cooking,,2279.5070786,Gold,ec344610-74f4-4765-9c3f-0837ef78055d,no
Object Transfer,11,,7,2768,,no,0,0.0,0,#c c pick the cup,pick cup,"Logistics step, picking up an object.",r002,Cooking,,2367.1493186,Gold,ec344610-74f4-4765-9c3f-0837ef78055d,no
Stationary,11,,5,4272,watchlist_verb,yes,0,0.0,0,#c c move the hands,move hands,"Low body/hand motion, could imply idle or talking.",r002,Cooking,,3135.168605266668,Gold,ec344610-74f4-4765-9c3f-0837ef78055d,yes
Object Transfer,11,,3,11025,,no,0,0.0,0,#c c pick the chips from the plate,pick chips from plate,Logistics step involving picking up an object.,r002,Cooking,,3462.1661042879973,Gold,ec344610-74f4-4765-9c3f-0837ef78055d,no
Stationary,11,,3,8736,watchlist_verb,yes,0,0.0,0,#c c hold her knees with a hand,hold her knees with hand,"Low body/hand motion, holding position.",r002,Cooking,,3466.969984287997,Gold,ec344610-74f4-4765-9c3f-0837ef78055d,yes
Stationary,11,,6,3165,watchlist_verb,yes,0,0.0,0,#c c hold the lap with a hand,hold lap with hand,"Low body/hand motion, holding position.",r002,Cooking,,3524.8617642879976,Gold,ec344610-74f4-4765-9c3f-0837ef78055d,yes
Locomotion,11,,4,8564,,no,0,0.0,0,#Y Y talks while walking,y talks while walking,"Body moving through space (walking), with minimal additional hand activity.",r002,Cooking,,4593.477134287997,Gold,ec344610-74f4-4765-9c3f-0837ef78055d,no
Stationary,11,,3,11853,,no,0,0.0,0,#C C plays with a Cat X.,plays with cat x,"Interacting with a cat, likely involves minimal body movement.",r002,Playing Instrument,,8.1111396,Skip,ec6c99e0-4ced-4cb2-8e69-04e36d2bb2ea,no
Stationary,11,,3,9584,,no,0,0.0,0,#O the cat X plays with a plastic hanging.,cat x plays with plastic hanging,Playing with a hanging object likely involves minimal body movement and is a stationary activity.,r002,Playing Instrument,,47.4889996,Skip,ec6c99e0-4ced-4cb2-8e69-04e36d2bb2ea,no
Locomotion,11,Stationary,4,8150,,no,0,0.0,0,#C C stands from the exercise mat.,stands from exercise mat,"Body moving through space, transitioning from a stationary position.",r002,Desk Work,,287.51352,Bad,eebb7a06-e9ce-4982-92dc-ec4a5d74d725,no
Locomotion,11,,5,5717,,no,0,0.0,0,#C C walks around the courtyard.,walks around courtyard,"Body moving through space, high body acceleration.",r002,Desk Work,,620.2727600000001,Gold,eebb7a06-e9ce-4982-92dc-ec4a5d74d725,no
Locomotion,11,,3,9806,,no,0,0.0,0,#C C does front lunges in the courtyard.,does front lunges in courtyard,"Body moving through space (front lunges), high body acceleration.",r002,Desk Work,,713.64425,Gold,eebb7a06-e9ce-4982-92dc-ec4a5d74d725,no
Stationary,11,,4,6202,watchlist_verb,yes,0,0.0,0,#C C touches his tummy.,touches his tummy,"Low body/hand motion, likely idle or thinking.",r002,Desk Work,,1538.39102,Gold,eebb7a06-e9ce-4982-92dc-ec4a5d74d725,yes
Task Operation,11,,5,4457,,no,0,0.0,0,#C C cleans cup using a linen towel,cleans cup using linen towel,Core manual task involving high hand activity.,r002,Cleaning,,8.9695586,Gold,f4251612-a623-40a0-9fc4-2016c4aa607d,no
Object Transfer,11,,4,7618,,no,0,0.0,0,#C C puts cup in the cup board,puts cup in cup board,Logistics/Setup step involving picking up and placing an object.,r002,Cleaning,,30.783168600000003,Gold,f4251612-a623-40a0-9fc4-2016c4aa607d,no
Task Operation,11,,7,3116,,no,0,0.0,0,#C C wipes the sink board,wipes sink board,Core task involving high hand activity.,r002,Cleaning,,347.96665459381944,Gold,f4251612-a623-40a0-9fc4-2016c4aa607d,no
Object Transfer,11,Task Operation,4,6345,,no,0,0.0,0,#C C collects toys,collects toys,Logistics of picking up and organizing toys.,r002,Cleaning,,759.9783676136719,Bad,f4251612-a623-40a0-9fc4-2016c4aa607d,no
Stationary,11,,7,2577,,no,0,0.0,0,#C C claps her hands,claps her hands,"Low body/hand motion, brief action.",r002,Cooking,,5.0732786,Gold,f42ae9c2-d43e-45af-8adb-02d0b16b2ef7,no
Object Transfer,11,,4,7570,,no,0,0.0,0,#C C puts the bowl on the sink,puts bowl on sink,Logistics step involving the placement of an object.,r002,Cooking,,36.4497586,Gold,f42ae9c2-d43e-45af-8adb-02d0b16b2ef7,no
Object Transfer,11,,3,11572,,no,0,0.0,0,#C C picks up a wide neck bottle,picks up wide neck bottle,Logistics step involving picking up an object.,r002,Cooking,,41.2639786,Gold,f42ae9c2-d43e-45af-8adb-02d0b16b2ef7,no
Object Transfer,11,,14,693,watchlist_verb,yes,0,0.0,0,#C C opens a closet,opens closet,Logistics step involving opening a closet.,r002,Cooking,,54.6112886,Gold,f42ae9c2-d43e-45af-8adb-02d0b16b2ef7,yes
Object Transfer,11,,5,5072,,no,0,0.0,0,#C C picks up a potato,picks up potato,Logistics step involving picking up an object.,r002,Cooking,,94.5557786,Gold,f42ae9c2-d43e-45af-8adb-02d0b16b2ef7,no
Task Operation,11,,3,10730,,no,0,0.0,0,#O man X peels off the onion cover,man x peels off onion cover,Core task involving manual dexterity and repetitive hand movements.,r002,Cooking,,169.55384859999998,Gold,f42ae9c2-d43e-45af-8adb-02d0b16b2ef7,no
Stationary,11,,5,5497,,no,0,0.0,0,#C C scratches her face,scratches her face,"Low body/hand motion, minor facial movement.",r002,Cooking,,242.5254886,Gold,f42ae9c2-d43e-45af-8adb-02d0b16b2ef7,no
Task Operation,11,,3,10652,,no,0,0.0,0,#O man K chops carrot,man k chops carrot,"Core task, high hand activity.",r002,Cooking,,372.9470886,Gold,f42ae9c2-d43e-45af-8adb-02d0b16b2ef7,no
Task Operation,11,,5,4865,,no,0,0.0,0,#C C peels the leek,peels leek,"Core manual task involving hands, high hand activity.",r002,Cooking,,550.0963593601797,Gold,f42ae9c2-d43e-45af-8adb-02d0b16b2ef7,no
Task Operation,11,,3,10716,,no,0,0.0,0,#O man X chops a leek,man x chops leek,"Core task, high hand activity.",r002,Cooking,,560.1213593601797,Gold,f42ae9c2-d43e-45af-8adb-02d0b16b2ef7,no
Task Operation,11,,4,7914,,no,0,0.0,0,#C C removes dirt,removes dirt,"Core task involving manual activity, likely with high hand acceleration.",r002,Cooking,,651.8289393601797,Gold,f42ae9c2-d43e-45af-8adb-02d0b16b2ef7,no
Object Transfer,11,,7,2538,watchlist_verb,yes,0,0.0,0,#C C opens a paper bag,opens paper bag,Logistics step involving manipulation of an object.,r002,Cooking,,754.1671693601797,Gold,f42ae9c2-d43e-45af-8adb-02d0b16b2ef7,yes
Task Operation,11,,8,2421,,no,0,0.0,0,#C C washes the carrots,washes carrots,Core manual task involving high hand activity.,r002,Cooking,,786.0654793601797,Gold,f42ae9c2-d43e-45af-8adb-02d0b16b2ef7,no
Task Operation,11,,3,10748,,no,0,0.0,0,#O man X removes the garlic cover,man x removes garlic cover,"Core task, high hand activity.",r002,Cooking,,837.3574776136719,Gold,f42ae9c2-d43e-45af-8adb-02d0b16b2ef7,no
Task Operation,11,,3,10717,,no,0,0.0,0,#O man X cuts the potato into pieces,man x cuts potato into pieces,Core task involving manual dexterity and repetitive hand movements.,r002,Cooking,,964.930407613672,Gold,f42ae9c2-d43e-45af-8adb-02d0b16b2ef7,no
Task Operation,11,,3,10739,,no,0,0.0,0,#O man X pours the potatoes into the boiling food,man x pours potatoes into boiling food,Core task involving manual operation with high hand activity.,r002,Cooking,,981.493397613672,Gold,f42ae9c2-d43e-45af-8adb-02d0b16b2ef7,no
Stationary,11,Task Operation,5,5522,,no,0,0.0,0,#C C shakes the cooking stick,shakes cooking stick,"Low body/hand motion, shaking is a small movement.",r002,Cooking,,1010.028727613672,Bad,f42ae9c2-d43e-45af-8adb-02d0b16b2ef7,no
Search,11,,7,2657,,no,0,0.0,0,#C C examines the knife,examines knife,"Visual examination, likely with head movement and minimal hand activity.",r002,Cooking,,1014.735397613672,Gold,f42ae9c2-d43e-45af-8adb-02d0b16b2ef7,no
Task Operation,11,,3,10678,,no,0,0.0,0,#O man Q stirs food,man q stirs food,Core task involving high hand activity.,r002,Cooking,,1117.1673863929689,Gold,f42ae9c2-d43e-45af-8adb-02d0b16b2ef7,no
Task Operation,11,,3,10677,,no,0,0.0,0,#O man Q sprinkles #unsure in the food,man q sprinkles in food,"Core task, high hand activity.",r002,Cooking,,1247.411246392969,Gold,f42ae9c2-d43e-45af-8adb-02d0b16b2ef7,no
Task Operation,11,,3,10653,,no,0,0.0,0,#O man K hits carrot with cooking stick,man k hits carrot with cooking stick,Core task involving high hand activity.,r002,Cooking,,1685.832477379297,Gold,f42ae9c2-d43e-45af-8adb-02d0b16b2ef7,no
Object Transfer,11,,10,1350,watchlist_verb,yes,0,0.0,0,#C C opens cupboard door,opens cupboard door,Logistics action involving opening a cupboard door.,r002,Cooking,,1745.6688173792968,Gold,f42ae9c2-d43e-45af-8adb-02d0b16b2ef7,yes
Object Transfer,11,,8,1986,watchlist_verb,yes,0,0.0,0,#C C closes cupboard door,closes cupboard door,Logistics step involving a closing action.,r002,Cooking,,1748.5683773792969,Gold,f42ae9c2-d43e-45af-8adb-02d0b16b2ef7,yes
Object Transfer,11,,3,9101,watchlist_verb,yes,0,0.0,0,#C C moves items in the fridge,moves items in fridge,"Logistics/moving items, short bursts of hand activity.",r002,Cooking,,1776.355087379297,Gold,f42ae9c2-d43e-45af-8adb-02d0b16b2ef7,yes
Object Transfer,11,,12,1028,,no,0,0.0,0,#C C puts the drug in the blue basket with his right hand. #unsure,puts drug in blue basket with his right hand,Logistics step involving picking up and placing an object.,r002,Carpentry,,18.50713,Gold,f83ec443-7495-4d47-b99a-88d2056cf662,no
Object Transfer,11,,9,1888,,no,0,0.0,0,#C C removes a drug from the medical refrigerator with his left hand. #unsure,removes drug from medical refrigerator with his left hand,Logistics action involving picking up an object.,r002,Carpentry,,39.8032,Gold,f83ec443-7495-4d47-b99a-88d2056cf662,no
Stationary,11,Object Transfer,3,10876,,no,0,0.0,0,#C C passes the drug to his right hand. #unsure,passes drug to his right hand,The action involves a transfer but does not imply continuous motion or activity beyond a brief moment.,r002,Carpentry,,42.48094,Bad,f83ec443-7495-4d47-b99a-88d2056cf662,no
Object Transfer,11,,25,253,,no,0,0.0,0,#C C passes the drug to his left hand. #unsure,passes drug to his left hand,The action involves passing an object (the drug) from one hand to another.,r002,Carpentry,,63.92024,Gold,f83ec443-7495-4d47-b99a-88d2056cf662,no
Object Transfer,11,,10,1351,watchlist_verb,yes,0,0.0,0,#C C opens the door with his right hand.,opens door with his right hand,Opening a door is a logistics step involving a specific action to interact with an object.,r002,Carpentry,,130.16604,Gold,f83ec443-7495-4d47-b99a-88d2056cf662,yes
Stationary,11,Object Transfer,5,4294,watchlist_verb,yes,0,0.0,0,#C C Moves the keyboard,moves keyboard,Moving the keyboard is a logistics step with minimal body acceleration.,r002,Carpentry,,328.26099,Bad,f83ec443-7495-4d47-b99a-88d2056cf662,yes
Locomotion,11,,4,8436,,no,0,0.0,0,#C C walks towards the computer,walks towards computer,Body moving through space (walking).,r002,Carpentry,,1135.97238,Gold,f83ec443-7495-4d47-b99a-88d2056cf662,no
Object Transfer,11,,3,11195,,no,0,0.0,0,#C C picks a food storage container from the table,picks food storage container from table,Logistics step involving picking up an object.,r002,Carpentry,,1185.09152,Gold,f83ec443-7495-4d47-b99a-88d2056cf662,no
Search,11,,4,8156,,no,0,0.0,0,#C C stares at the computer monitor,stares at computer monitor,"Head movement (visual search), hands mostly still.",r002,Carpentry,,1436.19023,Gold,f83ec443-7495-4d47-b99a-88d2056cf662,no
Locomotion,11,,6,4083,,no,0,0.0,0,#C C walks forward in the office.,walks forward in office,"Body moving through space, indicative of walking.",r002,Carpentry,,2060.52716,Gold,f83ec443-7495-4d47-b99a-88d2056cf662,no
Stationary,11,Task Operation,7,2892,,no,0,0.0,0,#C C Presses elevator button,presses elevator button,"Low body/hand motion, momentary action.",r002,Carpentry,,2526.32939,Bad,f83ec443-7495-4d47-b99a-88d2056cf662,no
Stationary,11,,4,8157,,no,0,0.0,0,#C C Stares at the elevator,stares at elevator,"Low body/hand motion, focused attention.",r002,Carpentry,,2553.7575,Skip,f83ec443-7495-4d47-b99a-88d2056cf662,no
Locomotion,11,,3,8995,watchlist_verb,yes,0,0.0,0,#O man Y moves around the house,man y moves around house,"Movement through space, likely involves walking or moving around.",r002,Mechanical Repair,,202.64265,Gold,f987286c-2ab4-4486-80f2-9124297f4be6,yes
