action,batch,corrected_action,narration_text,reasoning,round,scenario,status_main,status_secondary,timestamp_sec,video_uid
Object Transfer,9,,#C C places the spirit level beside the cable channel.,"The action involves placing an object, which is a logistics step.",r001,Carpentry,,,36.544779600000005,01d793c6-e235-4af1-8a1d-c70dcf0c8654
Essential Operation,9,,#C C pushes the cable channel against the wall with his right hand.,Core manual task involving high hand activity.,r001,Carpentry,,,43.9902996,01d793c6-e235-4af1-8a1d-c70dcf0c8654
Object Transfer,9,,#C C picks up a second power drill.,Logistics step involving picking up an object.,r001,Carpentry,,,96.0154796,01d793c6-e235-4af1-8a1d-c70dcf0c8654
Object Transfer,9,,#C C picks up a plier with his left hand.,Logistics step of picking up an object.,r001,Carpentry,,,154.8288696,01d793c6-e235-4af1-8a1d-c70dcf0c8654
Essential Operation,9,,#C C hammers the screw with the plier.,Core manual task involving high hand activity.,r001,Carpentry,,,156.48742959999998,01d793c6-e235-4af1-8a1d-c70dcf0c8654
Object Transfer,9,,#C C removes the cable channel from the wood platform.,Logistics step involving removing an object from a location.,r001,Carpentry,,,268.3498396,01d793c6-e235-4af1-8a1d-c70dcf0c8654
Essential Operation,9,,#C C marks the cable channel with the pen.,"Core manual task, high hand activity.",r001,Carpentry,,,270.0568996,01d793c6-e235-4af1-8a1d-c70dcf0c8654
Essential Operation,9,,#C C separates the cable channel with his hands.,Core task involving high hand activity.,r001,Carpentry,,,281.9858396,01d793c6-e235-4af1-8a1d-c70dcf0c8654
Essential Operation,9,,#C C disconnects one of the sides of the conduit with the screwdriver,Core manual task involving high hand activity.,r001,Carpentry,,,293.2683909546634,01d793c6-e235-4af1-8a1d-c70dcf0c8654
Essential Operation,9,,#C C turns the plastic conduit in both hands,"High hand activity, core manual task.",r001,Carpentry,,,302.8176309546634,01d793c6-e235-4af1-8a1d-c70dcf0c8654
Search,9,,#C C marks the ceiling with the pen around the plastic conduit,Visual search or monitoring (marking around the conduit),r001,Carpentry,,,391.4896309546634,01d793c6-e235-4af1-8a1d-c70dcf0c8654
Locomotion,9,,#C C raises the ceiling slab with both hands,"Body moving through space with a heavy object, indicating high body acceleration.",r001,Carpentry,,,465.6356709546634,01d793c6-e235-4af1-8a1d-c70dcf0c8654
Essential Operation,9,,#C C fixes a screw on the drill bit of the screw gun,Core manual task involving high hand activity.,r001,Carpentry,,,568.93845762133,01d793c6-e235-4af1-8a1d-c70dcf0c8654
Stationary,9,,#C C holds the plastic conduit with his left hand,"Low body/hand motion, holding an object without moving.",r001,Carpentry,,,572.42152762133,01d793c6-e235-4af1-8a1d-c70dcf0c8654
Stationary,9,,#C C adjusts the plastic conduit with his left thumb,"Fine motor adjustment with one thumb, minimal body movement.",r001,Carpentry,,,582.06169762133,01d793c6-e235-4af1-8a1d-c70dcf0c8654
Object Transfer,9,,#C C places the screw gun with the screw on the plastic conduit on the wall,"Logistics of placing objects, involves moving items to a specific location.",r001,Carpentry,,,595.95119762133,01d793c6-e235-4af1-8a1d-c70dcf0c8654
Essential Operation,9,,#C C pushes the chopping board,"Core task involving manual manipulation, high hand activity.",r001,Cooking,,,95.1181486,024713b7-b198-4502-a114-02ca0485353b
Object Transfer,9,,#C C places knife on the chopping board,Logistics step involving placing an object.,r001,Cooking,,,364.8514586458333,024713b7-b198-4502-a114-02ca0485353b
Object Transfer,9,,#C C places garlic on the chopping board,"Logistics step, placing an object.",r001,Cooking,,,441.4705686458333,024713b7-b198-4502-a114-02ca0485353b
Object Transfer,9,,#C C puts garlic skin in the bowl,Logistics step involving moving an object.,r001,Cooking,,,446.14425864583336,024713b7-b198-4502-a114-02ca0485353b
Essential Operation,9,,#C C stirs the food in the frying pan,Core manual task involving high hand activity.,r001,Cooking,,,454.0868386458333,024713b7-b198-4502-a114-02ca0485353b
Essential Operation,9,,#C C wets her hand,Core task involving manual operation with high hand activity.,r001,Cooking,,,592.8384721677083,024713b7-b198-4502-a114-02ca0485353b
Essential Operation,9,,#C C scoops the seasoning,Core task involving high hand activity.,r001,Cooking,,,659.3828821677084,024713b7-b198-4502-a114-02ca0485353b
Object Transfer,9,,#C C takes the double oven gloves from the oven rack,"Logistics/Setup step, picking up an object.",r001,Cooking,,,722.2541721677084,024713b7-b198-4502-a114-02ca0485353b
Object Transfer,9,,#C C takes the tray out of the oven,Logistics step involving picking up and moving an object.,r001,Cooking,,,729.2491121677084,024713b7-b198-4502-a114-02ca0485353b
Essential Operation,9,,#C C stirs the food with a wooden spoon,Core task involving repetitive hand movements.,r001,Cooking,,,751.6865721677084,024713b7-b198-4502-a114-02ca0485353b
Object Transfer,9,,#C C puts the cap on the counter,Logistics step involving placing an object.,r001,Cooking,,,773.9702221677084,024713b7-b198-4502-a114-02ca0485353b
Object Transfer,9,,#C C moves the wooden spoon onto the rack,Logistics action involving moving an object to a specific location.,r001,Cooking,,,859.8193521677083,024713b7-b198-4502-a114-02ca0485353b
Stationary,9,,#C C pushes the rack in,"Low body/hand motion, likely involves minimal movement.",r001,Cooking,,,889.0244821677084,024713b7-b198-4502-a114-02ca0485353b
Essential Operation,9,,#C C rinses her hand,Core task involving high hand activity.,r001,Cooking,,,893.9190421677083,024713b7-b198-4502-a114-02ca0485353b
Essential Operation,9,,#C C washes the pan scouring pad,Core manual task involving high hand activity.,r001,Cooking,,,926.2526621677084,024713b7-b198-4502-a114-02ca0485353b
Essential Operation,9,,#C C rinses the left hand,Core manual task involving high hand activity.,r001,Cooking,,,931.1489321677084,024713b7-b198-4502-a114-02ca0485353b
Essential Operation,9,,#C C pours the water from the pan,Core task involving manual operation with high hand activity.,r001,Cooking,,,934.2290621677084,024713b7-b198-4502-a114-02ca0485353b
Essential Operation,9,,#C C washes the pan with the scouring pad,Core task involving high hand activity.,r001,Cooking,,,936.8397521677084,024713b7-b198-4502-a114-02ca0485353b
Object Transfer,9,,#C C puts the kitchen towel back,Logistics/Setup step.,r001,Cooking,,,971.8142621677084,024713b7-b198-4502-a114-02ca0485353b
Object Transfer,9,,#C C takes the pasta from the counter,Logistics/Setup step.,r001,Cooking,,,1058.0610021677085,024713b7-b198-4502-a114-02ca0485353b
Locomotion,9,,#C C walks towards a dining area,Body moving through space (walking).,r001,Playing Instrument,,,131.96292526666667,025c24db-1ab3-462e-888a-3598fd777ee2
Search,9,,#C C looks at photos hanged on a wall,"Head movement (visual inspection), hands mostly still.",r001,Playing Instrument,,,145.20967526666666,025c24db-1ab3-462e-888a-3598fd777ee2
Stationary,9,,#C C reads from a tablet,"Low body/hand motion, focused activity.",r001,Playing Instrument,,,254.50711526666663,025c24db-1ab3-462e-888a-3598fd777ee2
Stationary,9,,#C C rests left leg on the right one.,The action describes a resting position with no significant movement.,r001,Playing Instrument,,,547.7871052666668,025c24db-1ab3-462e-888a-3598fd777ee2
Locomotion,9,,#C C moves the left leg,"Body moving through space, likely involves some level of body acceleration.",r001,Playing Instrument,,,766.2358219333335,025c24db-1ab3-462e-888a-3598fd777ee2
Object Transfer,9,,#C C places the tiles on the table,"The action involves placing objects (tiles) on a surface, which is a logistics step.",r001,Playing Instrument,,,1131.6216619333336,025c24db-1ab3-462e-888a-3598fd777ee2
Object Transfer,9,,#C C picks a tile from the table,Logistics step involving picking up an object.,r001,Playing Instrument,,,1148.4619719333336,025c24db-1ab3-462e-888a-3598fd777ee2
Object Transfer,9,,#O a child X picks a tile from the table,"The action involves picking up an object, which is a logistics step.",r001,Playing Instrument,,,1152.0518919333335,025c24db-1ab3-462e-888a-3598fd777ee2
Object Transfer,9,,#O a child X places the tile on rack,"Logistics step, placing an object.",r001,Playing Instrument,,,1159.923101933333,025c24db-1ab3-462e-888a-3598fd777ee2
Locomotion,9,,#O a woman Z walks to the table,"The action describes movement through space, indicating walking.",r001,Playing Instrument,,,1164.2321419333334,025c24db-1ab3-462e-888a-3598fd777ee2
Object Transfer,9,,#O a woman Z picks a bag of tiles from the table,"The action involves picking up an object, which is a logistics step.",r001,Playing Instrument,,,1173.3760819333334,025c24db-1ab3-462e-888a-3598fd777ee2
Object Transfer,9,,#O a woman Z places the tiles on the table,"Placing objects (tiles) on a surface, involves short bursts of hand activity.",r001,Playing Instrument,,,1236.4326619333333,025c24db-1ab3-462e-888a-3598fd777ee2
Object Transfer,9,,#C C picks a tile from the rack,"The action involves picking up an object, which is a logistics step.",r001,Playing Instrument,,,1257.2451819333332,025c24db-1ab3-462e-888a-3598fd777ee2
Object Transfer,9,,#C C pushes the tiles on the table,"The action involves moving objects (tiles), which is a logistics step.",r001,Playing Instrument,,,1264.0207319333335,025c24db-1ab3-462e-888a-3598fd777ee2
Stationary,9,,#O a child Y speaks,"Low body/hand motion, speaking involves minimal physical movement.",r001,Playing Instrument,,,1291.6039219333334,025c24db-1ab3-462e-888a-3598fd777ee2
Object Transfer,9,,#O a child Y places the tile on the rack,Logistics step involving placing an object.,r001,Playing Instrument,,,1309.7242619333333,025c24db-1ab3-462e-888a-3598fd777ee2
Object Transfer,9,,#O a child X places the tiles on the table,"The action involves placing objects, which is a logistics step.",r001,Playing Instrument,,,1328.3416519333337,025c24db-1ab3-462e-888a-3598fd777ee2
Object Transfer,9,,#O a woman Z picks a tile from the rack,Logistics step involving picking up an object.,r001,Playing Instrument,,,1360.8778419333337,025c24db-1ab3-462e-888a-3598fd777ee2
Object Transfer,9,,#C C moves dice on the table,Logistics step involving moving an object (dice).,r001,Playing Instrument,,,1398.1623319333337,025c24db-1ab3-462e-888a-3598fd777ee2
Object Transfer,9,,#C C removes dice from the purse,Logistics/Setup step involving picking up and transferring an object.,r001,Playing Instrument,,,1436.9430286,025c24db-1ab3-462e-888a-3598fd777ee2
Object Transfer,9,,#C C moves purse on the table,"Logistics step, moving an object.",r001,Playing Instrument,,,1440.7331486,025c24db-1ab3-462e-888a-3598fd777ee2
Stationary,9,,#O person A talks to person B,Low body/hand motion.,r001,Playing Instrument,,,1672.3621386,025c24db-1ab3-462e-888a-3598fd777ee2
Object Transfer,9,,#O person A hands over a bag of number tiles to person B,Logistics/Setup step involving transferring an object.,r001,Playing Instrument,,,1687.7846986,025c24db-1ab3-462e-888a-3598fd777ee2
Object Transfer,9,,#O person B hands over a bag of number tiles to #C,Logistics/Setup step involving handing over an object.,r001,Playing Instrument,,,1697.3278086,025c24db-1ab3-462e-888a-3598fd777ee2
Object Transfer,9,,#C C picks a bag of number tiles from a table,Logistics/Setup step involving picking up an object.,r001,Playing Instrument,,,1698.3465686,025c24db-1ab3-462e-888a-3598fd777ee2
Stationary,9,,#O person B touches his number tiles with his palms on a table,The action describes touching objects with hands while remaining in a stationary position.,r001,Playing Instrument,,,1705.4963386,025c24db-1ab3-462e-888a-3598fd777ee2
Stationary,9,,#O person B touches his number tiles,The action 'touches his number tiles' suggests a stationary activity with minimal body movement.,r001,Playing Instrument,,,1729.3686286,025c24db-1ab3-462e-888a-3598fd777ee2
Object Transfer,9,,#O person T hands over to person A a bag of number tiles,"Logistics/Transfer step, passing an object.",r001,Playing Instrument,,,1742.9941286,025c24db-1ab3-462e-888a-3598fd777ee2
Stationary,9,,#O person B gestures to person #c with his hands,"Low body/hand motion, likely involves hand gestures without significant movement.",r001,Playing Instrument,,,1770.6851986,025c24db-1ab3-462e-888a-3598fd777ee2
Object Transfer,9,,#O Person B picks a number tile from a table,"Logistics step, picking up an object.",r001,Playing Instrument,,,1839.3428286,025c24db-1ab3-462e-888a-3598fd777ee2
Object Transfer,9,,#o person B passes a number tile to person T,"Passing an object, involves short bursts of hand acceleration.",r001,Playing Instrument,,,1884.9141386,025c24db-1ab3-462e-888a-3598fd777ee2
Object Transfer,9,,#O a boy E places his scrabble tile on a scrabble racks,"The action involves placing an object (scrabble tile) onto a rack, which is a logistics step.",r001,Playing Instrument,,,1905.5518886,025c24db-1ab3-462e-888a-3598fd777ee2
Stationary,9,,#O a boy E leans on her hands,"Low body/hand motion, indicative of a resting or idle posture.",r001,Playing Instrument,,,1911.4141386,025c24db-1ab3-462e-888a-3598fd777ee2
Object Transfer,9,,#O a boy E organizes scrabble tiles,Logistics/Setup step (organizing scrabble tiles).,r001,Playing Instrument,,,1945.1495286,025c24db-1ab3-462e-888a-3598fd777ee2
Object Transfer,9,,#O a boy E picks a scrabble tile,"The action involves picking up an object, which is a logistics step.",r001,Playing Instrument,,,1961.2988486,025c24db-1ab3-462e-888a-3598fd777ee2
Essential Operation,9,,#O a boy E scraps his face,[CtxFixed] The action of scraping his face is an essential operation that involves a personal care activity.,r001,Playing Instrument,,,1985.1854086,025c24db-1ab3-462e-888a-3598fd777ee2
Object Transfer,9,,#O a boy E drops the scrabble tiles on the table,Refined via regex fallback,r001,Playing Instrument,,,2025.6588286,025c24db-1ab3-462e-888a-3598fd777ee2
Stationary,9,,#O a boy E touches his face,"Low body/hand motion, touching face is a minor action.",r001,Playing Instrument,,,2035.6069986,025c24db-1ab3-462e-888a-3598fd777ee2
Stationary,9,,#O a boy Q holds his head,The action describes a static pose with no significant movement.,r001,Playing Instrument,,,2151.807645266667,025c24db-1ab3-462e-888a-3598fd777ee2
Stationary,9,,#O a boy Q converses with C,"Low body/hand motion, likely involves speaking.",r001,Playing Instrument,,,2158.776175266667,025c24db-1ab3-462e-888a-3598fd777ee2
Stationary,9,,#O a boy Q touches a scrabble tile rack,"The action described involves touching an object, which likely involves minimal movement and can be categorized as a stationary action.",r001,Playing Instrument,,,2173.362475266667,025c24db-1ab3-462e-888a-3598fd777ee2
Search,9,,#O man R looks at the chips,"Head movement (visual inspection), hands mostly still.",r001,Playing Instrument,,,2200.6197552666667,025c24db-1ab3-462e-888a-3598fd777ee2
Stationary,9,,#C C stares at the tablet phone,"Low body/hand motion, focused attention.",r001,Playing Instrument,,,2465.445465266667,025c24db-1ab3-462e-888a-3598fd777ee2
Stationary,9,,#C C scrolls tablet phone,"Low body/hand motion, indicative of a stationary activity.",r001,Playing Instrument,,,2678.779815266667,025c24db-1ab3-462e-888a-3598fd777ee2
Object Transfer,9,,#O a boy K picks a table phone,"The action involves picking up an object, which is a logistics step.",r001,Playing Instrument,,,2922.8719119333336,025c24db-1ab3-462e-888a-3598fd777ee2
Stationary,9,,#C C twists the left leg,"Low body/hand motion, likely maintaining a seated position while playing.",r001,Playing Instrument,,,3384.5684319333336,025c24db-1ab3-462e-888a-3598fd777ee2
Search,9,,#O Child X looks at C,"Head movement (visual attention), passive hands.",r001,Playing Instrument,,,3444.429341933333,025c24db-1ab3-462e-888a-3598fd777ee2
Stationary,9,,#C C scrolls the screen with finger,"Low body/hand motion, focused on screen interaction.",r001,Playing Instrument,,,3458.222711933334,025c24db-1ab3-462e-888a-3598fd777ee2
Stationary,9,,#C C scrolls the phone with finger,"Low body/hand motion, focused on a small device.",r001,Playing Instrument,,,3783.4214186,025c24db-1ab3-462e-888a-3598fd777ee2
Stationary,9,,#C C scratches himself on the coach,"Low body/hand motion, likely idle or seated activity.",r001,Playing Instrument,,,3802.4335786,025c24db-1ab3-462e-888a-3598fd777ee2
Stationary,9,,#C C swings the feet.,Swinging the feet while playing an instrument suggests a stationary position with minimal body movement.,r001,Playing Instrument,,,4180.2952586,025c24db-1ab3-462e-888a-3598fd777ee2
Object Transfer,9,,#O female X gives back the luggage to C,"The action involves giving back an object (luggage), which is a logistics step.",r001,Walking Outdoors,,,477.92945,03634630-7d25-4d31-aeda-b9747f09034d
Locomotion,9,,#C C carries the luggage.,"Body moving through space with an object (luggage), high body acceleration.",r001,Walking Outdoors,,,479.61994,03634630-7d25-4d31-aeda-b9747f09034d
Stationary,9,,#C C scrolls the computer desktop,"Low body/hand motion, mostly finger movement.",r001,Desk Work,,,213.47129526666663,073d8415-2689-451c-a43d-147335ef0003
Essential Operation,9,,#C C Presses button on the keyboard,Core task involving high hand activity.,r001,Desk Work,,,286.94935526666666,073d8415-2689-451c-a43d-147335ef0003
Stationary,9,,#c c scrolls down using keyboard,"Low body/hand motion, primarily finger movement.",r001,Desk Work,,,1098.3546952666666,073d8415-2689-451c-a43d-147335ef0003
Search,9,,#C C watches the computer screen,"Head movement (visual monitoring), hands mostly still.",r001,Desk Work,,,1736.7834519333333,073d8415-2689-451c-a43d-147335ef0003
Search,9,,#C C looks at a mat on the floor,"Head movement (visual search), passive hands.",r001,Desk Work,,,2354.9377219333333,073d8415-2689-451c-a43d-147335ef0003
Search,9,,#C C looks at a corridor,"Head movement (visual search), hands mostly still.",r001,Desk Work,,,2358.7321619333334,073d8415-2689-451c-a43d-147335ef0003
Locomotion,9,,#C C descends the stairs,"Body moving through space (descending stairs), high body acceleration.",r001,Desk Work,,,2456.172661933333,073d8415-2689-451c-a43d-147335ef0003
Essential Operation,9,,#C C washes the utensil,Core task involving manual activity with high hand acceleration.,r001,Desk Work,,,2492.476221933334,073d8415-2689-451c-a43d-147335ef0003
Locomotion,9,,#C C walks about the kitchen,"Body moving through space, indicative of walking.",r001,Desk Work,,,2537.6816519333333,073d8415-2689-451c-a43d-147335ef0003
Essential Operation,9,,#C C folds the nylon with her hands,Core manual task involving high hand activity.,r001,Cooking,,,35.414159600000005,0b90f635-f966-4b97-988d-6594183bc08d
Essential Operation,9,,#C C cuts the loaf of bread in half with her right hand,Core task involving high hand activity.,r001,Cooking,,,92.7359896,0b90f635-f966-4b97-988d-6594183bc08d
Object Transfer,9,,#C C picks a cheese from the bowl with her left hand,Logistics step involving picking up an object.,r001,Cooking,,,130.4097696,0b90f635-f966-4b97-988d-6594183bc08d
Essential Operation,9,,#C C cuts the second piece of beef into pieces with her hands,Core task involving high hand activity.,r001,Cooking,,,155.4826596,0b90f635-f966-4b97-988d-6594183bc08d
Object Transfer,9,,#C C closes the covering of the plate of ham with her hands #unsure,"Closing the covering involves a logistics step, likely with short bursts of hand acceleration.",r001,Cooking,,,183.4077396,0b90f635-f966-4b97-988d-6594183bc08d
Object Transfer,9,,#C C puts the bottle of cream in the refrigerator door compartment with her right hand,Logistics step of placing the bottle in the refrigerator.,r001,Cooking,,,258.10474960000005,0b90f635-f966-4b97-988d-6594183bc08d
Object Transfer,9,,#C C opens the packaged cheese with her hands,Logistics step involving opening a package.,r001,Cooking,,,305.4582909546634,0b90f635-f966-4b97-988d-6594183bc08d
Object Transfer,9,,#C C closes an oven of the cooker with her left hand,"Closing an oven involves a specific interaction with an object, which is a logistics step.",r001,Cooking,,,325.8878509546634,0b90f635-f966-4b97-988d-6594183bc08d
Object Transfer,9,,#C C grabs a rub on the stair with her left hand,"[CtxFixed] The action involves C grabbing a rub, which is a deliberate movement to take an object (the rub). This fits the definition of Object Transfer as it involves moving an object.",r001,Cooking,,,345.1516009546634,0b90f635-f966-4b97-988d-6594183bc08d
Stationary,9,,#C C adjusts the cloth with her leg,"Adjusting the cloth with her leg indicates minimal movement, likely while standing still.",r001,Cooking,,,369.24267095466337,0b90f635-f966-4b97-988d-6594183bc08d
Locomotion,9,,#C C walks toward a dinning table,Body moving through space (walking).,r001,Cooking,,,466.50974095466336,0b90f635-f966-4b97-988d-6594183bc08d
Object Transfer,9,,#C C picks a picture frame on the dinning table with her hands,Logistics step involving picking up an object.,r001,Cooking,,,473.6597709546634,0b90f635-f966-4b97-988d-6594183bc08d
Essential Operation,9,,#C C reassembles the picture frame with her hands,Core manual task involving high hand activity.,r001,Cooking,,,499.4652809546634,0b90f635-f966-4b97-988d-6594183bc08d
Object Transfer,9,,#C C opens the picture frame stand with her left hand,"Action involves manipulating an object, indicative of logistics/setup.",r001,Cooking,,,544.0429109546634,0b90f635-f966-4b97-988d-6594183bc08d
Locomotion,9,,#C C walks toward the oven,"Body moving through space, high body acceleration.",r001,Cooking,,,566.8514809546634,0b90f635-f966-4b97-988d-6594183bc08d
Object Transfer,9,,#C C puts the remote on the table with his left hand,Logistics step involving picking up and placing an object.,r001,Cooking,,,684.9004409546634,0b90f635-f966-4b97-988d-6594183bc08d
Object Transfer,9,,#C C lifts the sandwich towards his mouth with his hands #unsure,"The action involves picking up the sandwich, which is a logistics step.",r001,Cooking,,,785.9284669546635,0b90f635-f966-4b97-988d-6594183bc08d
Search,9,,#C C visually inspects the sandwich in his right hand,Visual inspection involves head movement and focused observation.,r001,Cooking,,,822.7415369546635,0b90f635-f966-4b97-988d-6594183bc08d
Object Transfer,9,,#C C puts the can drink on the table with her right hand,Logistics step of placing an object down.,r001,Cooking,,,923.8948009546634,0b90f635-f966-4b97-988d-6594183bc08d
Stationary,9,,#C C holds the yellow nylon with her left hand,"Low body/hand motion, holding an object without movement.",r001,Cooking,,,946.0257209546636,0b90f635-f966-4b97-988d-6594183bc08d
Object Transfer,9,,#C C takes the biscuit toward her mouth with her right hand #unsure,"The action involves picking up the biscuit, which is a logistics step.",r001,Cooking,,,959.4506709546636,0b90f635-f966-4b97-988d-6594183bc08d
Stationary,9,,#C C scratches his right hand with his left hand. #Unsure,"Low body/hand motion, primarily a small, localized action.",r001,Desk Work,,,497.2554,0be670d2-3216-4261-ab73-f9941b69e04c
Stationary,9,,#C C touches his tummy with his right hand.,"Low body/hand motion, likely idle or talking.",r001,Desk Work,,,737.56075,0be670d2-3216-4261-ab73-f9941b69e04c
Stationary,9,,#C C touches his tummy with both hands.,"Low body/hand motion, indicative of a pause or idle moment.",r001,Desk Work,,,745.6359,0be670d2-3216-4261-ab73-f9941b69e04c
Stationary,9,,#C C holds his waist with his right hand.,"Low body/hand motion, indicative of a paused or idle action.",r001,Desk Work,,,920.24163,0be670d2-3216-4261-ab73-f9941b69e04c
Stationary,9,,#C C sits on a yoga mat.,Sitting on a yoga mat indicates a stationary position with minimal movement.,r001,Desk Work,,,1166.84867,0be670d2-3216-4261-ab73-f9941b69e04c
Stationary,9,,#C C looks back,"Looking back indicates a pause, with minimal body movement.",r001,Mechanical Repair,,,861.7092533333333,0daaa66c-fb5f-4680-b84c-2f65f0f0bd9b
Locomotion,9,,#O Man Y cycles a bicycle around,Body moving through space in a cyclical motion.,r001,Mechanical Repair,,,869.8763533333333,0daaa66c-fb5f-4680-b84c-2f65f0f0bd9b
Stationary,9,,#C C looks at child X,"Low body/hand motion, visual observation only.",r001,Mechanical Repair,,,895.4225933333333,0daaa66c-fb5f-4680-b84c-2f65f0f0bd9b
Stationary,9,,#C C looks at the grass,Looking at something does not involve much body or hand movement.,r001,Mechanical Repair,,,952.4168533333334,0daaa66c-fb5f-4680-b84c-2f65f0f0bd9b
Stationary,9,,#C C looks at man Y,Looking at someone involves minimal body movement.,r001,Mechanical Repair,,,1295.7402266666668,0daaa66c-fb5f-4680-b84c-2f65f0f0bd9b
Locomotion,9,,#O child X pushes the bicycle,The action involves moving the bicycle through space.,r001,Mechanical Repair,,,1314.8781566666669,0daaa66c-fb5f-4680-b84c-2f65f0f0bd9b
Stationary,9,,#C C removes the helmet,The action of removing a helmet is a quick motion that does not involve significant body or hand acceleration.,r001,Mechanical Repair,,,1321.7697966666667,0daaa66c-fb5f-4680-b84c-2f65f0f0bd9b
Object Transfer,9,,#C C puts the carrot peels in the dustbin,Logistics step involving picking up and disposing of an object.,r001,Cooking,,,157.19935859999998,0fedfa42-bfda-47c1-8f59-2c91b2c229fe
Essential Operation,9,,#C C removes the pieces of carrots on the knife,"Core task, high hand activity.",r001,Cooking,,,432.8710392852933,0fedfa42-bfda-47c1-8f59-2c91b2c229fe
Object Transfer,9,,#C C picks a bottle of cooking oil,Logistics step involving picking up an object.,r001,Cooking,,,628.3898876136719,0fedfa42-bfda-47c1-8f59-2c91b2c229fe
Essential Operation,9,,#C C moves the other pieces on the chopping board,Core task involving high hand activity.,r001,Cooking,,,682.749977613672,0fedfa42-bfda-47c1-8f59-2c91b2c229fe
Object Transfer,9,,#C C put the onions on the table,Logistics step involving picking up and placing the onions.,r001,Cooking,,,784.9241576136719,0fedfa42-bfda-47c1-8f59-2c91b2c229fe
Object Transfer,9,,#C C puts the garlic peel in the dustbin,Logistics step involving picking up and disposing of an item.,r001,Cooking,,,1028.0847982616542,0fedfa42-bfda-47c1-8f59-2c91b2c229fe
Object Transfer,9,,#C C puts the onion peels in the dustbin,Logistics step involving picking up and disposing of an item.,r001,Cooking,,,1120.350807144922,0fedfa42-bfda-47c1-8f59-2c91b2c229fe
Object Transfer,9,,#C C pushes the dustbin,Logistics action involving moving an object (dustbin).,r001,Cooking,,,1127.2721471449215,0fedfa42-bfda-47c1-8f59-2c91b2c229fe
Object Transfer,9,,#C C puts the knife on the sink,Logistics step involving placing an object.,r001,Cooking,,,1146.062897144922,0fedfa42-bfda-47c1-8f59-2c91b2c229fe
Stationary,9,,#O a man X converses with C,"Low body/hand motion, likely involves speaking.",r001,Cooking,,,1162.515167144922,0fedfa42-bfda-47c1-8f59-2c91b2c229fe
Essential Operation,9,,#C C beats the wooden spoon on the cooking pan,Core task involving high hand activity.,r001,Cooking,,,1265.9073771449218,0fedfa42-bfda-47c1-8f59-2c91b2c229fe
Object Transfer,9,,#C C picks some apples,"Logistics step, picking up objects.",r001,Cooking,,,1492.4353772389234,0fedfa42-bfda-47c1-8f59-2c91b2c229fe
Essential Operation,9,,#C C peels the apple,Core task involving high hand activity.,r001,Cooking,,,1537.6648772389235,0fedfa42-bfda-47c1-8f59-2c91b2c229fe
Essential Operation,9,,#C C gathers the pieces of the apple,Core task involving manual dexterity and manipulation.,r001,Cooking,,,1608.4640872389234,0fedfa42-bfda-47c1-8f59-2c91b2c229fe
Object Transfer,9,,#C C puts the container on the cabinet,Logistics step involving placing an object.,r001,Cooking,,,2057.7421872387827,0fedfa42-bfda-47c1-8f59-2c91b2c229fe
Object Transfer,9,,#C C picks up a knife from the drawer,Logistics/Setup step involving picking up an object.,r001,Cooking,,,2097.8832005721165,0fedfa42-bfda-47c1-8f59-2c91b2c229fe
Essential Operation,9,,#C C cuts the apple with the knife,"Core task, high hand activity.",r001,Cooking,,,2439.363985829818,0fedfa42-bfda-47c1-8f59-2c91b2c229fe
Object Transfer,9,,#C C puts the apple peels in the dustbin,Logistics step of moving the apple peels to the dustbin.,r001,Cooking,,,2606.436166515179,0fedfa42-bfda-47c1-8f59-2c91b2c229fe
Object Transfer,9,,#C C picks up a pan from the utensil rack,Logistics step involving picking up an object.,r001,Cooking,,,2636.43725651518,0fedfa42-bfda-47c1-8f59-2c91b2c229fe
Object Transfer,9,,#C C puts the packet on the kitchen counter,Logistics step involving picking up and placing an object.,r001,Cooking,,,2740.668625361068,0fedfa42-bfda-47c1-8f59-2c91b2c229fe
Object Transfer,9,,#C C opens the milk packet,Logistics/Setup step (opening an object).,r001,Cooking,,,2800.480605361068,0fedfa42-bfda-47c1-8f59-2c91b2c229fe
Essential Operation,9,,#C C mixes the flour mixture with the fork,Core task involving high hand activity.,r001,Cooking,,,2900.463175361068,0fedfa42-bfda-47c1-8f59-2c91b2c229fe
Essential Operation,9,,#C C pours the apples in the bowl with flour mixture,Core task involving manual activity with the hands.,r001,Cooking,,,3013.0290154638938,0fedfa42-bfda-47c1-8f59-2c91b2c229fe
Object Transfer,9,,#C C picks up a plate from the kitchen counter,Logistics step involving picking up an object.,r001,Cooking,,,3040.2884654638938,0fedfa42-bfda-47c1-8f59-2c91b2c229fe
Essential Operation,9,,#C C applies butter on the plate,Core task involving manual operation with high hand activity.,r001,Cooking,,,3050.8215354638937,0fedfa42-bfda-47c1-8f59-2c91b2c229fe
Essential Operation,9,,#C C pours the mixture in the plate,Core task involving high hand activity.,r001,Cooking,,,3109.6344254638934,0fedfa42-bfda-47c1-8f59-2c91b2c229fe
Object Transfer,9,,#C C puts the can on the kitchen counter,"Logistics/Setup step, moving an object to a location.",r001,Cooking,,,3262.2371089287763,0fedfa42-bfda-47c1-8f59-2c91b2c229fe
Essential Operation,9,,#C C chops the apple with a knife,Core task involving repetitive hand movements.,r001,Cooking,,,3472.990758928776,0fedfa42-bfda-47c1-8f59-2c91b2c229fe
Object Transfer,9,,#C C takes a container from the shelf,"Logistics/Setup step, picking up an object.",r001,Cooking,,,3576.0721883230804,0fedfa42-bfda-47c1-8f59-2c91b2c229fe
Object Transfer,9,,#C C puts the plate in the oven,Logistics step involving moving an object (plate) to a specific location (oven).,r001,Cooking,,,3715.72245832308,0fedfa42-bfda-47c1-8f59-2c91b2c229fe
Stationary,9,,#C C adjusts the furniture design on the furniture,"Adjusting a design is typically a low-energy, stationary activity.",r001,Carpentry,,,8.69155,15260985-2664-4bb5-af9c-d65e11ea8bb5
Object Transfer,9,,#C C picks up another furniture design from the table,Logistics step involving picking up an object.,r001,Carpentry,,,13.36329,15260985-2664-4bb5-af9c-d65e11ea8bb5
Object Transfer,9,,#C C drops the nail punch on the table,Refined via regex fallback,r001,Carpentry,,,107.6813,15260985-2664-4bb5-af9c-d65e11ea8bb5
Object Transfer,9,,#C C drops the hammer on the table,Refined via regex fallback,r001,Carpentry,,,122.74098,15260985-2664-4bb5-af9c-d65e11ea8bb5
Object Transfer,9,,#C C picks a nail from a paper on the table,Logistics step involving picking up an object.,r001,Carpentry,,,206.11141,15260985-2664-4bb5-af9c-d65e11ea8bb5
Object Transfer,9,,#C C sets the nail punch on another nail on the furniture design,Logistics step involving picking up and placing an object.,r001,Carpentry,,,227.23267,15260985-2664-4bb5-af9c-d65e11ea8bb5
Object Transfer,9,,#C C drops the hammer on the table with his right hand,Refined via regex fallback,r001,Carpentry,,,240.86709,15260985-2664-4bb5-af9c-d65e11ea8bb5
Object Transfer,9,,#C C sets the nail on the furniture design on the furniture,"Logistics step, placing the nail on the furniture.",r001,Carpentry,,,250.63459,15260985-2664-4bb5-af9c-d65e11ea8bb5
Stationary,9,,#C C adjusts the furniture on the table,"Adjusting furniture on a table involves minimal movement, likely involves fine adjustments and is not a dynamic action.",r001,Carpentry,,,317.91725,15260985-2664-4bb5-af9c-d65e11ea8bb5
Essential Operation,9,,#C C inserts the screws in the holes on the key lock,Core manual task involving precise hand movements.,r001,Carpentry,,,373.72342,15260985-2664-4bb5-af9c-d65e11ea8bb5
Object Transfer,9,,#C C sets the nail on the key lock on the furniture,Logistics step involving placing an object.,r001,Carpentry,,,476.24997,15260985-2664-4bb5-af9c-d65e11ea8bb5
Object Transfer,9,,#C C picks up a pincer from the table,Logistics step involving picking up an object.,r001,Carpentry,,,486.14132,15260985-2664-4bb5-af9c-d65e11ea8bb5
Object Transfer,9,,#C C drops the nail in the plastic box,"[CtxFixed] The action of dropping the nail into the plastic box is a deliberate placement, which fits the definition of 'Object Transfer'.",r001,Carpentry,,,503.499,15260985-2664-4bb5-af9c-d65e11ea8bb5
Locomotion,9,,#C C pulls the rope,"The action of pulling a rope can involve significant body movement, especially if it requires pulling with force over a distance.",r001,Carpentry,,,207.37297,15ce76af-7eb0-4d27-9289-c9c71863f603
Object Transfer,9,,#C C removes foil from the machine,"The action involves removing an object (foil) from another object (machine), which is a logistics step.",r001,Carpentry,,,1159.1398866666666,15ce76af-7eb0-4d27-9289-c9c71863f603
Stationary,9,,#C C waters the yard with hose in his hands,"The action involves holding a hose while watering, which typically does not involve significant body or hand movement beyond holding the hose.",r001,Gardening,,,128.94328,1680e3e9-d3fc-4903-94d8-aa8e74016d74
Object Transfer,9,,#C C packs the hose on the floor with both hands,Logistics step involving the placement of an object.,r001,Gardening,,,160.33789,1680e3e9-d3fc-4903-94d8-aa8e74016d74
Stationary,9,,#C C dusts off his hands,"Low body/hand motion, likely idle or paused.",r001,Gardening,,,242.59639,1680e3e9-d3fc-4903-94d8-aa8e74016d74
Locomotion,9,,#C C walks by the pavement in the yard,"Body moving through space, indicative of walking.",r001,Gardening,,,488.68477,1680e3e9-d3fc-4903-94d8-aa8e74016d74
Stationary,9,,#C C dusts off both hands,"Low body/hand motion, likely involves minimal movement.",r001,Gardening,,,499.81697,1680e3e9-d3fc-4903-94d8-aa8e74016d74
Stationary,9,,#C C switches on the cooker,The action of switching on the cooker is a momentary interaction and does not involve significant body or hand movement.,r001,Cleaning,,,51.56730526666667,18c12e08-e269-4ba7-bb5c-095bcaf0537c
Object Transfer,9,,#C C places the plate on the rack,Logistics step involving picking up and placing an object.,r001,Cleaning,,,249.21762526666663,18c12e08-e269-4ba7-bb5c-095bcaf0537c
Object Transfer,9,,#C C picks the washing soap on top of the cabinet,Logistics step involving picking up an object.,r001,Cleaning,,,619.5643519333335,18c12e08-e269-4ba7-bb5c-095bcaf0537c
Object Transfer,9,,#C C opens the washing soap bottle,Logistics step involving opening a container.,r001,Cleaning,,,620.1431919333335,18c12e08-e269-4ba7-bb5c-095bcaf0537c
Search,9,,#c c looks at the entrance,"Head movement (visual search), hands mostly still.",r001,Cleaning,,,1554.2934819333334,18c12e08-e269-4ba7-bb5c-095bcaf0537c
Object Transfer,9,,#C C puts #unsure in the fridge,"Logistics step, moving an object to a destination.",r001,Cleaning,,,229.1593496,20aef6e8-db69-4b84-910f-e8d90657cc1c
Object Transfer,9,,#C C puts the garlic on the counter,Logistics step of placing an object.,r001,Mechanical Repair,,,47.4746996,25b2f1d5-7266-401c-bdfa-32944607f564
Object Transfer,9,,#C C puts onions in the pan,Logistics step of placing onions in the pan.,r001,Mechanical Repair,,,349.1898609546634,25b2f1d5-7266-401c-bdfa-32944607f564
Stationary,9,,#C C tastes the noodles,Tasting involves minimal body movement and is a stationary action.,r001,Mechanical Repair,,,760.5029509546634,25b2f1d5-7266-401c-bdfa-32944607f564
Stationary,9,,#C C controls a phone,"Low body/hand motion, likely involves fine motor skills with the phone.",r001,Cooking,,,0.0070286,28bc1ee7-b0c1-4f30-934a-0ab665779d90
Stationary,9,,#C C dries hands with a towel,"Low body/hand motion, hands are being dried without significant movement.",r001,Cooking,,,60.8463086,28bc1ee7-b0c1-4f30-934a-0ab665779d90
Stationary,9,,#C C controls the gas stove,Adjusting the gas stove typically involves minimal body movement and is a low-energy activity.,r001,Cooking,,,62.4078286,28bc1ee7-b0c1-4f30-934a-0ab665779d90
Essential Operation,9,,#C C drains water,Core task involving high hand activity.,r001,Cooking,,,316.8472792852933,28bc1ee7-b0c1-4f30-934a-0ab665779d90
Object Transfer,9,,#C C picks a mango at the floor,Logistics step of picking up an object from the floor.,r001,Cooking,,,427.3073592852933,28bc1ee7-b0c1-4f30-934a-0ab665779d90
Object Transfer,9,,#C C puts the knife at the chop board,Logistics/Setup step involving the placement of an object.,r001,Cooking,,,465.2646492852933,28bc1ee7-b0c1-4f30-934a-0ab665779d90
Object Transfer,9,,#C C puts the mango at the buffet,Logistics step involving picking up and placing the mango.,r001,Cooking,,,482.3584092852933,28bc1ee7-b0c1-4f30-934a-0ab665779d90
Object Transfer,9,,#C C puts the fennel at the chop board,Logistics step involving the placement of an object.,r001,Cooking,,,562.3369592852933,28bc1ee7-b0c1-4f30-934a-0ab665779d90
Object Transfer,9,,#C C picks back the chopped lettuce,"Logistics step, picking up an object.",r001,Cooking,,,675.3220576136719,28bc1ee7-b0c1-4f30-934a-0ab665779d90
Essential Operation,9,,#C C washes the piece of lettuce,Core task involving manual activity with the hands.,r001,Cooking,,,682.7299076136719,28bc1ee7-b0c1-4f30-934a-0ab665779d90
Object Transfer,9,,#C C picks a potato,"Logistics step, picking up an object.",r001,Cooking,,,720.8591076136719,28bc1ee7-b0c1-4f30-934a-0ab665779d90
Essential Operation,9,,#C C dries the potatoes on a towel,Core task involving manual operation with hands.,r001,Cooking,,,809.1809976136719,28bc1ee7-b0c1-4f30-934a-0ab665779d90
Essential Operation,9,,#C C chops the potato into pieces,Core task involving repetitive hand movements.,r001,Cooking,,,875.4611681829665,28bc1ee7-b0c1-4f30-934a-0ab665779d90
Object Transfer,9,,#C C drops the powder into the water bottle,Action involves transferring an object (powder) to a specific location (water bottle).,r001,Cooking,,,968.9342981829664,28bc1ee7-b0c1-4f30-934a-0ab665779d90
Object Transfer,9,,#C C picks up a super bright,"Logistics step, picking up an object.",r001,Cooking,,,989.4276781829664,28bc1ee7-b0c1-4f30-934a-0ab665779d90
Object Transfer,9,,#C C picks up a dirt,Logistics action involving picking up an object.,r001,Cooking,,,994.8077281829663,28bc1ee7-b0c1-4f30-934a-0ab665779d90
Object Transfer,9,,#C C picks up the chopped pieces,Logistics step involving picking up objects.,r001,Cooking,,,1087.1045681829664,28bc1ee7-b0c1-4f30-934a-0ab665779d90
Object Transfer,9,,#C C collects the chopped stems,"Logistics step, picking up and moving objects.",r001,Cooking,,,1295.9938671449218,28bc1ee7-b0c1-4f30-934a-0ab665779d90
Essential Operation,9,,#C C spreads the chopped stems on a a platter,Core task involving high hand activity.,r001,Cooking,,,1299.323427144922,28bc1ee7-b0c1-4f30-934a-0ab665779d90
Stationary,9,,#C C touches the table plug socket,"Low body/hand motion, likely involves visual inspection or touch.",r001,Carpentry,,,149.3881996,2931b191-15a1-4420-8b49-c2a59fc8912f
Object Transfer,9,,#C C places the conjunction cover on the conjunction box .,Logistics step involving placing an object.,r001,Carpentry,,,128.9875396,2b5569df-5deb-4ebd-8a45-dd6524330eb8
Locomotion,9,,#C C walks back to the cupboard.,Body moving through space (walking).,r001,Carpentry,,,279.83437960000003,2b5569df-5deb-4ebd-8a45-dd6524330eb8
Object Transfer,9,,#C C adjusts the wire cover in-between the wood.,"Logistics step, moving and positioning an object.",r001,Carpentry,,,336.0186009546634,2b5569df-5deb-4ebd-8a45-dd6524330eb8
Object Transfer,9,,#C C drops the cover of the pen on the conjunction box.,"[CtxFixed] The action involves moving an object (the pen cover) to a specific location (the conjunction box), which fits the definition of Object Transfer.",r001,Carpentry,,,548.28084762133,2b5569df-5deb-4ebd-8a45-dd6524330eb8
Object Transfer,9,,#C C removes the wire cutter from the conjunction box.,Logistics step involving picking up an object.,r001,Carpentry,,,573.1112176213301,2b5569df-5deb-4ebd-8a45-dd6524330eb8
Locomotion,9,,#C C pulls a vacuum wire.,"Body movement through space, likely involves pulling the vacuum cord which requires physical movement.",r001,Cleaning,,,39.0401286,2bd5c29e-ef5c-451c-aa2e-961d4257de9b
Locomotion,9,,#C C cleans the house with a vacuum.,"Movement through space while performing a task, likely involves walking and sweeping motions.",r001,Cleaning,,,51.8190386,2bd5c29e-ef5c-451c-aa2e-961d4257de9b
Locomotion,9,,#C C cleans the house with a vacuum cleaner.,"Body moving through space while performing a task with a vacuum cleaner, indicating high body acceleration.",r001,Cleaning,,,296.03681067526406,2bd5c29e-ef5c-451c-aa2e-961d4257de9b
Essential Operation,9,,#C C cleans house corners with a vacuum pipe.,Core task involving manual operation with a tool (vacuum pipe).,r001,Cleaning,,,390.0622806752641,2bd5c29e-ef5c-451c-aa2e-961d4257de9b
Locomotion,9,,#C C moves a wooden lamp.,"Movement of the body to move an object, likely involves significant whole-body motion.",r001,Cleaning,,,517.9592806752642,2bd5c29e-ef5c-451c-aa2e-961d4257de9b
Locomotion,9,,#C C moves a metallic bin.,Body moving through space to move an object.,r001,Cleaning,,,659.148628036849,2bd5c29e-ef5c-451c-aa2e-961d4257de9b
Object Transfer,9,,#C C picks a wire.,Logistics step involving picking up an object.,r001,Cleaning,,,755.707188036849,2bd5c29e-ef5c-451c-aa2e-961d4257de9b
Locomotion,9,,#C C lifts the machine,"Body moving through space to lift the machine, high body acceleration.",r001,Cleaning,,,953.6880902904768,2bd5c29e-ef5c-451c-aa2e-961d4257de9b
Stationary,9,,#C C puts the machine off,"Low body/hand motion, action is completing a task which is not physically active.",r001,Cleaning,,,982.0755202904768,2bd5c29e-ef5c-451c-aa2e-961d4257de9b
Object Transfer,9,,#C C takes the sander machine,"Logistics/Setup step, picking up the sander machine.",r001,Cleaning,,,999.2276602904768,2bd5c29e-ef5c-451c-aa2e-961d4257de9b
Essential Operation,9,,#C C cleans dirt from corners with a suction pipe.,Core manual task involving high hand activity.,r001,Cleaning,,,1194.373377942448,2bd5c29e-ef5c-451c-aa2e-961d4257de9b
Stationary,9,,#C C reads on the monitor,"Low body/hand motion, focused visual activity.",r001,Desk Work,,,2690.7996086000003,2cc2710e-aae0-41eb-9a70-deb9217bb7ea
Search,9,,#C C looks on the cell phone,"Head movement (visual search), hands mostly still.",r001,Desk Work,,,3463.260455266667,2cc2710e-aae0-41eb-9a70-deb9217bb7ea
Stationary,9,,#C C scrolls on the desktop with mouse,"Low body/hand motion, primarily hand movement with the mouse.",r001,Desk Work,,,3682.893675266667,2cc2710e-aae0-41eb-9a70-deb9217bb7ea
Stationary,9,,#C C stretches her right hand,"Low body/hand motion, indicating a pause or preparation.",r001,Mechanical Repair,,,19.2582996,2d84b078-6f77-4964-a74a-b916153f83b7
Essential Operation,9,,#C C brushes the wooden balcony rail with the paint brush in her right hand.,Core task involving manual activity with the hand.,r001,Mechanical Repair,,,161.9456196,2d84b078-6f77-4964-a74a-b916153f83b7
Stationary,9,,#C C places her left hand on the wooden balcony rail,"Placing hand on a rail indicates a pause or support action, with minimal movement.",r001,Mechanical Repair,,,174.2586596,2d84b078-6f77-4964-a74a-b916153f83b7
Search,9,,#C C moves her left hand on the pole,Movement suggests a search or inspection activity with the hand.,r001,Mechanical Repair,,,463.7285209546634,2d84b078-6f77-4964-a74a-b916153f83b7
Stationary,9,,#C C removes her right glove.,"The action involves removing a glove, which is a preparatory step and does not involve significant body or hand motion.",r001,Mechanical Repair,,,503.5220009546634,2d84b078-6f77-4964-a74a-b916153f83b7
Locomotion,9,,#C C runs along the corridor.,Body moving through space at a high speed.,r001,Walking Outdoors,,,10.0338,2f0035c9-7efb-4229-9d94-4dcb3752da20
Stationary,9,,#C C stops at a door.,"Body is paused, indicating low body motion.",r001,Walking Outdoors,,,52.47238,2f0035c9-7efb-4229-9d94-4dcb3752da20
Locomotion,9,,#C C walks outside the building.,"Body moving through space, indicative of walking.",r001,Walking Outdoors,,,79.12416,2f0035c9-7efb-4229-9d94-4dcb3752da20
Locomotion,9,,#C C looks forward on the road.,Body moving through space while looking forward indicates walking.,r001,Walking Outdoors,,,232.57221,2f0035c9-7efb-4229-9d94-4dcb3752da20
Locomotion,9,,#C C cycles past a shade.,"Body moving through space, high body acceleration.",r001,Walking Outdoors,,,267.88727,2f0035c9-7efb-4229-9d94-4dcb3752da20
Locomotion,9,,#C C Rides a bicycle the road,Body moving through space via a mode of transportation.,r001,Walking Outdoors,,,389.65486,2f0035c9-7efb-4229-9d94-4dcb3752da20
Object Transfer,9,,#C C picks a piece of cotton,"Logistics step, picking up an object.",r001,Cleaning,,,650.9821666666667,3249fbee-78f6-44d9-80b9-b38a37bbaf6e
Essential Operation,9,,#C C wipes the camera using the brush,Core manual task involving high hand activity.,r001,Cleaning,,,726.6909966666667,3249fbee-78f6-44d9-80b9-b38a37bbaf6e
Essential Operation,9,,#C C wipes the camera using the piece of cotton,Core manual task involving high hand activity.,r001,Cleaning,,,767.5019666666667,3249fbee-78f6-44d9-80b9-b38a37bbaf6e
Object Transfer,9,,#C C puts the balloon sucker on the table,"Logistics step, placing an object.",r001,Cleaning,,,970.9314566666668,3249fbee-78f6-44d9-80b9-b38a37bbaf6e
Object Transfer,9,,#c c places the glasses on the table,"Logistics step, placing an object.",r001,Mechanical Repair,,,12.89596,326eb377-b02b-43c8-b736-43057a9355a8
Locomotion,9,,#c c walks out of the elevator,Body moving through space (walking).,r001,Mechanical Repair,,,90.6685,326eb377-b02b-43c8-b736-43057a9355a8
Locomotion,9,,#c c walks out of the door,Body moving through space (walking).,r001,Mechanical Repair,,,98.0122,326eb377-b02b-43c8-b736-43057a9355a8
Stationary,9,,#c c stands in the mosque,"The action describes a person standing still, indicating low body motion.",r001,Mechanical Repair,,,258.97132,326eb377-b02b-43c8-b736-43057a9355a8
Stationary,9,,#c c prays in the mosque,"Low body/hand motion, likely involves minimal physical activity.",r001,Mechanical Repair,,,277.55529,326eb377-b02b-43c8-b736-43057a9355a8
Stationary,9,,#C C stands takes a mat folds,"The action involves folding a mat, which is a low-energy activity with minimal body movement.",r001,Mechanical Repair,,,893.5732233333333,326eb377-b02b-43c8-b736-43057a9355a8
Object Transfer,9,,#C C opens the tube puts air,Logistics step involving opening and handling objects.,r001,Mechanical Repair,,,1308.614463333333,326eb377-b02b-43c8-b736-43057a9355a8
Stationary,9,,#C C orders food while talks to server,"Low body/hand motion, primarily verbal interaction.",r001,Mechanical Repair,,,1672.943716666667,326eb377-b02b-43c8-b736-43057a9355a8
Search,9,,#C C points at the fruits,"Head movement (pointing), passive hands.",r001,Mechanical Repair,,,1784.8237866666666,326eb377-b02b-43c8-b736-43057a9355a8
Object Transfer,9,,#C C carries food in a platter,"The action involves carrying an object (food in a platter), which is a logistics step.",r001,Mechanical Repair,,,1916.2614466666664,326eb377-b02b-43c8-b736-43057a9355a8
Object Transfer,9,,#OO takes the spoons too,Logistics/Setup step (taking the spoons).,r001,Mechanical Repair,,,2082.7155566666665,326eb377-b02b-43c8-b736-43057a9355a8
Object Transfer,9,,#OO puts down the meat bone,"The action involves putting down an object, which is a logistics step.",r001,Mechanical Repair,,,2888.164369333333,326eb377-b02b-43c8-b736-43057a9355a8
Object Transfer,9,,#O man A puts the seeds on the tray,Logistics step involving the placement of objects.,r001,Mechanical Repair,,,3000.7438933333333,326eb377-b02b-43c8-b736-43057a9355a8
Object Transfer,9,,#C C puts the spoon on the plate,Logistics step (placing the spoon on the plate).,r001,Mechanical Repair,,,3051.3347233333334,326eb377-b02b-43c8-b736-43057a9355a8
Object Transfer,9,,#C C places the pack of paper tissue on the table,"The action involves placing an object, which is a logistics step.",r001,Walking Outdoors,,,158.03362,34250d8a-e771-468f-8b54-17f14d0cc53b
Essential Operation,9,,#C C pours dirt on the table,Core task involving high hand activity.,r001,Walking Outdoors,,,163.11644,34250d8a-e771-468f-8b54-17f14d0cc53b
Object Transfer,9,,#C C picks up clothes,Logistics action of picking up objects.,r001,Walking Outdoors,,,201.61347,34250d8a-e771-468f-8b54-17f14d0cc53b
Object Transfer,9,,#C C picks up a steel #unsure,"The action involves picking up an object, which is a logistics step.",r001,Walking Outdoors,,,273.88156,34250d8a-e771-468f-8b54-17f14d0cc53b
Object Transfer,9,,#C C pulls the steel #unsure into two,"[CtxFixed] The action of pulling the steel into two pieces involves the manipulation and movement of the object, which fits the definition of Object Transfer.",r001,Walking Outdoors,,,275.09852,34250d8a-e771-468f-8b54-17f14d0cc53b
Essential Operation,9,,"#C C rinses the pieces of the steel #unsure, spoon and fork",Core manual task involving high hand activity.,r001,Walking Outdoors,,,302.80669,34250d8a-e771-468f-8b54-17f14d0cc53b
Object Transfer,9,,#C C places the bowl on the kitchen bench,"The action involves placing an object, which is a logistics step.",r001,Walking Outdoors,,,313.75141,34250d8a-e771-468f-8b54-17f14d0cc53b
Stationary,9,,#C C puts the #unsure in the bowl,"The action description is unclear, but it seems to involve placing something in a bowl, which is a low-energy activity.",r001,Walking Outdoors,,,315.58454,34250d8a-e771-468f-8b54-17f14d0cc53b
Object Transfer,9,,#C C puts the litter in the nylon bag,Logistics step involving putting an object into another.,r001,Walking Outdoors,,,380.23598,34250d8a-e771-468f-8b54-17f14d0cc53b
Locomotion,9,,#C C pushes a cap aside,"The action is part of walking, which involves body movement through space.",r001,Walking Outdoors,,,385.63865,34250d8a-e771-468f-8b54-17f14d0cc53b
Locomotion,9,,#C C enters the kitchen,"Movement from one location to another, indicating travel.",r001,Walking Outdoors,,,409.22328,34250d8a-e771-468f-8b54-17f14d0cc53b
Stationary,9,,#C C closes the other washing machine door,The action involves a specific task (closing a door) which is not locomotion and does not involve significant body movement.,r001,Walking Outdoors,,,464.04866,34250d8a-e771-468f-8b54-17f14d0cc53b
Object Transfer,9,,#C C drops a paper on other papers,"[CtxFixed] The action involves moving a paper onto other papers, which indicates a deliberate placement.",r001,Walking Outdoors,,,532.7299,34250d8a-e771-468f-8b54-17f14d0cc53b
Stationary,9,,#C C covers the box,The action 'covers the box' suggests a static activity rather than movement through space.,r001,Walking Outdoors,,,584.28557,34250d8a-e771-468f-8b54-17f14d0cc53b
Object Transfer,9,,#C C puts the shoes and sandals on the floor,Logistics action of putting items on the floor.,r001,Walking Outdoors,,,659.40585,34250d8a-e771-468f-8b54-17f14d0cc53b
Object Transfer,9,,#C C places the brush on the wall,Logistics step involving placing an object.,r001,Walking Outdoors,,,744.68079,34250d8a-e771-468f-8b54-17f14d0cc53b
Object Transfer,9,,#C C puts the paper in the nylon bag,"Action involves picking up and putting down an object, indicative of short bursts of hand acceleration.",r001,Walking Outdoors,,,749.5196100000001,34250d8a-e771-468f-8b54-17f14d0cc53b
Locomotion,9,,#C C walks on the verandah,"Body moving through space, characteristic of walking.",r001,Walking Outdoors,,,917.20076,34250d8a-e771-468f-8b54-17f14d0cc53b
Object Transfer,9,,#C C opens the small bag,Logistics action involving opening a small bag.,r001,Walking Outdoors,,,1036.08771,34250d8a-e771-468f-8b54-17f14d0cc53b
Search,9,,#C C looks around the office,"Head movement (visual search), hands mostly still.",r001,Desk Work,,,327.66351,3663482b-968f-4956-8fb8-0b127a4233ec
Essential Operation,9,,O female B scribbles on the book,Core manual task involving high hand activity.,r001,Desk Work,,,654.77679,3663482b-968f-4956-8fb8-0b127a4233ec
Stationary,9,,#C C Clicks on a laptop,"Low body/hand motion, primarily finger movement.",r001,Desk Work,,,1073.32029,3663482b-968f-4956-8fb8-0b127a4233ec
Stationary,9,,#C C Scrolls at laptop,"Low body/hand motion, focused on visual interaction.",r001,Desk Work,,,1296.27139,3663482b-968f-4956-8fb8-0b127a4233ec
Stationary,9,,#C C Clicks a computer,"Low body/hand motion, primarily hand activity on a stationary object.",r001,Desk Work,,,1386.33053,3663482b-968f-4956-8fb8-0b127a4233ec
Stationary,9,,#C C Clicks on a computer,"Low body/hand motion, primarily finger movement.",r001,Desk Work,,,1490.05804,3663482b-968f-4956-8fb8-0b127a4233ec
Stationary,9,,#C C Puts a hand on a book,"Low body/hand motion, indicating a pause or idle action.",r001,Desk Work,,,2925.815746666666,3663482b-968f-4956-8fb8-0b127a4233ec
Object Transfer,9,,#C C drops the plastic on the bike fuel tank with his right hand.,"[CtxFixed] The action of dropping the plastic onto the bike fuel tank can be considered a deliberate placement, even if it was not the intended location. This involves moving the object to a new location, which fits the definition of Object Transfer.",r001,Mechanical Repair,,,9.72092,3863821d-786d-4ce1-8cd3-5c56953d4ff7
Essential Operation,9,,#C C pulls the bike brake rod with his left hand.,Core manual task involving high hand activity.,r001,Mechanical Repair,,,65.19182,3863821d-786d-4ce1-8cd3-5c56953d4ff7
Object Transfer,9,,#C C transfer the metal from his right hand to his left hand.,"The action involves moving an object between hands, which is a logistics step.",r001,Mechanical Repair,,,158.68616,3863821d-786d-4ce1-8cd3-5c56953d4ff7
Essential Operation,9,,#C C inserts the screw in his let hand on the screwdriver in his right hand.,Core manual task involving precise hand movements.,r001,Mechanical Repair,,,201.07411,3863821d-786d-4ce1-8cd3-5c56953d4ff7
Object Transfer,9,,#C C opens a box on the rod in his left hand with his right hand.,"Logistics action involving opening a box, which is a setup step.",r001,Mechanical Repair,,,265.45475,3863821d-786d-4ce1-8cd3-5c56953d4ff7
Object Transfer,9,,#C C pic a remote control inside the box with his right hand.,Logistics step involving picking up an object.,r001,Mechanical Repair,,,266.38999,3863821d-786d-4ce1-8cd3-5c56953d4ff7
Object Transfer,9,,#C C drops the the remote control in his right hand on the table.,Refined via regex fallback,r001,Mechanical Repair,,,267.04673,3863821d-786d-4ce1-8cd3-5c56953d4ff7
Essential Operation,9,,#C C loosens a bolt in the box with the screwdriver in his right hand.,Core manual task involving high hand activity.,r001,Mechanical Repair,,,270.7885,3863821d-786d-4ce1-8cd3-5c56953d4ff7
Object Transfer,9,,#C C picks the motorcycle case from the workbench with his right hand.,Logistics step involving picking up an object.,r001,Mechanical Repair,,,307.93996,3863821d-786d-4ce1-8cd3-5c56953d4ff7
Essential Operation,9,,#C C screws the case on the motorcycle handle with his right hand.,Core manual task involving high hand activity.,r001,Mechanical Repair,,,323.99672,3863821d-786d-4ce1-8cd3-5c56953d4ff7
Object Transfer,9,,#C C passes the screwdriver to his left hand with his right hand.,"Passing an object between hands, logistics step.",r001,Mechanical Repair,,,328.86339,3863821d-786d-4ce1-8cd3-5c56953d4ff7
Stationary,9,,#C C holds the case on the motorcycle handle with his left hand.,Holding an object with minimal movement.,r001,Mechanical Repair,,,332.02547,3863821d-786d-4ce1-8cd3-5c56953d4ff7
Stationary,9,,#C C holds the motorcycle handle with his left hand.,Holding an object in place indicates low motion.,r001,Mechanical Repair,,,375.48785,3863821d-786d-4ce1-8cd3-5c56953d4ff7
Stationary,9,,#C C holds the motorcycle handle with his right hand.,"Low body/hand motion, holding position.",r001,Mechanical Repair,,,385.275,3863821d-786d-4ce1-8cd3-5c56953d4ff7
Object Transfer,9,,#C C picks a cloth from the motorcycle chassis with his right hand.,"Logistics step, picking up an object.",r001,Mechanical Repair,,,394.71122,3863821d-786d-4ce1-8cd3-5c56953d4ff7
Essential Operation,9,,#C C screws the motorcycle handle with the screwdriver in his right hand.,Core manual task involving high hand activity.,r001,Mechanical Repair,,,421.3171,3863821d-786d-4ce1-8cd3-5c56953d4ff7
Object Transfer,9,,#C C drops the screwdriver on the ground with his right hand.,"[CtxFixed] The action of dropping the screwdriver onto the ground is a deliberate placement of the object, which fits the criteria for 'Object Transfer'.",r001,Mechanical Repair,,,427.19745,3863821d-786d-4ce1-8cd3-5c56953d4ff7
Object Transfer,9,,#C C drops the motorcycle handle on the workbench with his right hand.,Logistics step involving placing an object down.,r001,Mechanical Repair,,,484.84985,3863821d-786d-4ce1-8cd3-5c56953d4ff7
Object Transfer,9,,#C C passes the package from his right hand to his left hand. #Unsure,Transfer of an object from one hand to another.,r001,Mechanical Repair,,,493.36466,3863821d-786d-4ce1-8cd3-5c56953d4ff7
Essential Operation,9,,#C C adjusts a nylon on the workbench with both hands.,Core task involving precise hand movements.,r001,Mechanical Repair,,,557.1080666666667,3863821d-786d-4ce1-8cd3-5c56953d4ff7
Stationary,9,,#C C holds the motorcycle handle bar with his right hand.,Holding an object with minimal movement.,r001,Mechanical Repair,,,572.2973866666666,3863821d-786d-4ce1-8cd3-5c56953d4ff7
Locomotion,9,,#O A dog X walks towards the motorcycle,The action describes movement through space.,r001,Mechanical Repair,,,703.6208466666667,3863821d-786d-4ce1-8cd3-5c56953d4ff7
Essential Operation,9,,#C C adjusts the motorcycle mirror with his right hand.,Core manual task involving precise hand movements.,r001,Mechanical Repair,,,729.7048066666666,3863821d-786d-4ce1-8cd3-5c56953d4ff7
Locomotion,9,,#C C turns the motorcycle with the handle in both hands.,"Body moving through space, likely involves turning or moving the motorcycle.",r001,Mechanical Repair,,,732.3715766666667,3863821d-786d-4ce1-8cd3-5c56953d4ff7
Stationary,9,,#C C holds swim fin,"Low body/hand motion, holding an object without moving.",r001,Cleaning,,,33.4121686,3b4a581f-2de7-4089-a3aa-8a28cb920331
Search,9,,#C C touches #unsure inside the bag,Implies visual inspection or searching inside the bag with hands.,r001,Cleaning,,,117.0772286,3b4a581f-2de7-4089-a3aa-8a28cb920331
Stationary,9,,#C C closes the wall drop,Closing a cabinet or drawer typically involves minimal movement.,r001,Cleaning,,,183.2019386,3b4a581f-2de7-4089-a3aa-8a28cb920331
Object Transfer,9,,#C C pulls swim fin bag,Logistics step involving picking up or moving an object.,r001,Cleaning,,,203.0664086,3b4a581f-2de7-4089-a3aa-8a28cb920331
Stationary,9,,#C C touches a polythene bag,"Low body/hand motion, likely involves minimal hand movement.",r001,Cleaning,,,236.3535586,3b4a581f-2de7-4089-a3aa-8a28cb920331
Search,9,,#C C looks at the swim fin bag,"Head movement (visual inspection), hands mostly still.",r001,Cleaning,,,252.8080586,3b4a581f-2de7-4089-a3aa-8a28cb920331
Stationary,9,,#C C holds swim fin bag,"The action involves holding a bag, which is a low energy, stationary activity.",r001,Cleaning,,,297.17292860000003,3b4a581f-2de7-4089-a3aa-8a28cb920331
Object Transfer,9,,#C C picks swimming googles,Logistics/Setup step (picking up an object).,r001,Cleaning,,,321.96639860000005,3b4a581f-2de7-4089-a3aa-8a28cb920331
Search,9,,#C C looks inside the wall drop,"Head movement (visual inspection), hands mostly still.",r001,Cleaning,,,345.2991086,3b4a581f-2de7-4089-a3aa-8a28cb920331
Object Transfer,9,,#C C puts the snorkel down,Logistics step of putting an object down.,r001,Cleaning,,,376.6244886,3b4a581f-2de7-4089-a3aa-8a28cb920331
Object Transfer,9,,#C C puts the google swim inside the bag,"Logistics step, moving an object.",r001,Cleaning,,,415.0896986,3b4a581f-2de7-4089-a3aa-8a28cb920331
Search,9,,#C C looks at the snorkel,"Head movement (visual search), hands mostly still.",r001,Cleaning,,,484.4130186,3b4a581f-2de7-4089-a3aa-8a28cb920331
Object Transfer,9,,#C C puts snorkel and google swim down,"Logistics of putting items down, short bursts of hand activity.",r001,Cleaning,,,519.4210686,3b4a581f-2de7-4089-a3aa-8a28cb920331
Stationary,9,,#C C holds baby,"Low body/hand motion, holding a baby typically involves minimal movement.",r001,Cleaning,,,528.5887286000001,3b4a581f-2de7-4089-a3aa-8a28cb920331
Stationary,9,,#C C talks with man X,"Low body/hand motion, likely involves speaking.",r001,Cleaning,,,545.2376186,3b4a581f-2de7-4089-a3aa-8a28cb920331
Essential Operation,9,,#C C irons clothe,Core manual task involving hands with repetitive motion.,r001,Cleaning,,,111.3105686,3d3d831b-34de-4d87-8155-f97a8b84b686
Object Transfer,9,,#C C hangs the clothe on the rail,Logistics step involving picking up and placing down the cloth.,r001,Cleaning,,,372.7194105059965,3d3d831b-34de-4d87-8155-f97a8b84b686
Object Transfer,9,,#C C picks the iron box from the ironing table,Logistics step involving picking up an object.,r001,Cleaning,,,479.0493705059964,3d3d831b-34de-4d87-8155-f97a8b84b686
Object Transfer,9,,#C C puts the iron box on the ironing board,Logistics step involving moving an object to a specific location.,r001,Cleaning,,,657.691207613672,3d3d831b-34de-4d87-8155-f97a8b84b686
Stationary,9,,#C C straightens the clothe,"Low body/hand motion, likely involves small adjustments.",r001,Cleaning,,,670.163597613672,3d3d831b-34de-4d87-8155-f97a8b84b686
Object Transfer,9,,#C C puts iron box on the ironing table,Logistics step involving picking up and placing an object.,r001,Cleaning,,,904.96680813718,3d3d831b-34de-4d87-8155-f97a8b84b686
Object Transfer,9,,#C C puts aside iron box,"Logistics/Setup step, moving an object to a location.",r001,Cleaning,,,1140.4430722621091,3d3d831b-34de-4d87-8155-f97a8b84b686
Essential Operation,9,,#C C irons cloth on the iron board,Core manual task involving repetitive hand movements.,r001,Cleaning,,,1218.7280122621091,3d3d831b-34de-4d87-8155-f97a8b84b686
Essential Operation,9,,#C C taps the pillow with his hand,Core task involving high hand activity.,r001,Cleaning,,,395.9034444025488,3f0aa3e8-6c8c-4eab-ad6e-00d3876768d8
Stationary,9,,#C C taps the cushion with his hand,"Low body/hand motion, indicative of minor action without significant movement.",r001,Cleaning,,,503.9057944025488,3f0aa3e8-6c8c-4eab-ad6e-00d3876768d8
Object Transfer,9,,#C C takes the vacuum cleaner,Logistics/Setup step involving picking up an object.,r001,Cleaning,,,633.2783176136719,3f0aa3e8-6c8c-4eab-ad6e-00d3876768d8
Object Transfer,9,,#C C slides the drawer,Movement involving logistics (sliding a drawer).,r001,Cleaning,,,785.501147613672,3f0aa3e8-6c8c-4eab-ad6e-00d3876768d8
Essential Operation,9,,#C C wipes the keyboard,Core task involving manual effort with the hands.,r001,Cleaning,,,911.5397982341054,3f0aa3e8-6c8c-4eab-ad6e-00d3876768d8
Locomotion,9,,#C C moves the plant pot,Body moving through space to move an object.,r001,Cleaning,,,927.0625182341056,3f0aa3e8-6c8c-4eab-ad6e-00d3876768d8
Object Transfer,9,,#C C puts down the wipe,Logistics step involving the placement of an object.,r001,Cleaning,,,939.5992682341056,3f0aa3e8-6c8c-4eab-ad6e-00d3876768d8
Object Transfer,9,,#C C puts the toys on the table,Logistics step involving picking up and placing objects.,r001,Cleaning,,,952.3474682341056,3f0aa3e8-6c8c-4eab-ad6e-00d3876768d8
Object Transfer,9,,#C C takes the other plant pot,Logistics step involving picking up or moving an object.,r001,Cleaning,,,1055.1661282341054,3f0aa3e8-6c8c-4eab-ad6e-00d3876768d8
Object Transfer,9,,#C C takes the small pot on the floor,Logistics/Setup step involving picking up and moving an object.,r001,Cleaning,,,1088.1271915674388,3f0aa3e8-6c8c-4eab-ad6e-00d3876768d8
Object Transfer,9,,#C C puts vacuum cleaner broom on the chair,Logistics step involving picking up and placing the broom.,r001,Cleaning,,,1192.2863216989583,3f0aa3e8-6c8c-4eab-ad6e-00d3876768d8
Object Transfer,9,,#C C picks the vacuum cleaner broom,Logistics step involving picking up an object.,r001,Cleaning,,,1309.2857516989584,3f0aa3e8-6c8c-4eab-ad6e-00d3876768d8
Stationary,9,,#C C touches the door,"Low body/hand motion, likely a touch with minimal movement.",r001,Cleaning,,,1340.1022516989583,3f0aa3e8-6c8c-4eab-ad6e-00d3876768d8
Object Transfer,9,,#C C moves the stone to the door,Logistics step involving moving an object.,r001,Cleaning,,,1364.2902118018137,3f0aa3e8-6c8c-4eab-ad6e-00d3876768d8
Essential Operation,9,,#C C tangles mop in the bucket,"[CtxFixed] The action involves manipulating the mop in the bucket, which is part of the cleaning process.",r001,Cleaning,,,1688.1336042803384,3f0aa3e8-6c8c-4eab-ad6e-00d3876768d8
Object Transfer,9,,#C C puts chimney cover down,Logistics step involving picking up or putting down an object.,r001,Cleaning,,,1750.9707042803384,3f0aa3e8-6c8c-4eab-ad6e-00d3876768d8
Object Transfer,9,,#C C hangs the dustpan on the hook,Logistics action involving picking up and placing the dustpan.,r001,Cleaning,,,1930.855994900772,3f0aa3e8-6c8c-4eab-ad6e-00d3876768d8
Locomotion,9,,#C C pushes the clothe hanger,"Body movement through space, likely involves pushing an object which implies motion.",r001,Cleaning,,,2740.4724509470057,3f0aa3e8-6c8c-4eab-ad6e-00d3876768d8
Search,9,,#C C looks inside the electric cabinet,"Head movement (visual search), hands mostly still.",r001,Cleaning,,,2881.2595109470053,3f0aa3e8-6c8c-4eab-ad6e-00d3876768d8
Locomotion,9,,#C C lifts a mopper,"Body moving through space to lift an object, involves high body acceleration.",r001,Cleaning,,,2921.069440947005,3f0aa3e8-6c8c-4eab-ad6e-00d3876768d8
Object Transfer,9,,#C C pulls a shoe,"Logistics step, picking up an object.",r001,Cleaning,,,3541.871196440169,3f0aa3e8-6c8c-4eab-ad6e-00d3876768d8
Object Transfer,9,,#C C lifts the nylon paper bags,Logistics step involving picking up objects.,r001,Cleaning,,,3596.5281764401693,3f0aa3e8-6c8c-4eab-ad6e-00d3876768d8
Essential Operation,9,,#C C brushes the metal with the paint brush,Core task involving high hand activity.,r001,Carpentry,,,2.14813,3f7ca133-cc34-47a3-aed5-0d312a9ba5a5
Object Transfer,9,,#C C takes the paint container from the table,Logistics/Setup step involving moving an object from one place to another.,r001,Carpentry,,,53.68572,3f7ca133-cc34-47a3-aed5-0d312a9ba5a5
Object Transfer,9,,#C C moves the keg cover to his left hand,Logistics step involving moving an object.,r001,Carpentry,,,58.31513,3f7ca133-cc34-47a3-aed5-0d312a9ba5a5
Locomotion,9,,#C C moves the keg on the table,"Body moving through space to place the keg on the table, involves high body acceleration.",r001,Carpentry,,,71.60401,3f7ca133-cc34-47a3-aed5-0d312a9ba5a5
Essential Operation,9,,#C C drives nail into the joined planks with the nailer in his right hand.,Core manual task with high hand activity.,r001,Carpentry,,,25.54064,407f8e81-9a21-4d21-ac02-dff9058fe61d
Stationary,9,,#C C holds the joined planks with his right hand.,"Low body/hand motion, holding position.",r001,Carpentry,,,47.3059,407f8e81-9a21-4d21-ac02-dff9058fe61d
Stationary,9,,#C C holds a part of the joined planks with his left hand.,"Low body/hand motion, holding position.",r001,Carpentry,,,137.39032,407f8e81-9a21-4d21-ac02-dff9058fe61d
Object Transfer,9,,#C C picks up the nailer from the table of planks with his left hand.,Logistics step involving picking up an object.,r001,Carpentry,,,169.65228,407f8e81-9a21-4d21-ac02-dff9058fe61d
Essential Operation,9,,#C C sprays the nailer with the nailer cleaner in his right hand.,Core task involving high hand activity with the nail cleaner.,r001,Carpentry,,,190.62804,407f8e81-9a21-4d21-ac02-dff9058fe61d
Object Transfer,9,,#C C places the plank on the table of planks with his left hand.,Logistics step involving the placement of an object.,r001,Carpentry,,,212.2017,407f8e81-9a21-4d21-ac02-dff9058fe61d
Object Transfer,9,,#C C places a plank on the table from his right hand.,Logistics step of moving an object (plank) from hand to table.,r001,Carpentry,,,212.88043,407f8e81-9a21-4d21-ac02-dff9058fe61d
Search,9,,#C C inspects the joined planks with his left hand.,Inspection involves visual search with minimal hand activity.,r001,Carpentry,,,274.89432,407f8e81-9a21-4d21-ac02-dff9058fe61d
Object Transfer,9,,#C C picks up two planks from a table of planks with his left hand.,"The action involves picking up objects, which is a logistics step.",r001,Carpentry,,,287.47767,407f8e81-9a21-4d21-ac02-dff9058fe61d
Object Transfer,9,,#C C transfers the nailer from his right hand to his left hand.,Movement of an object between hands.,r001,Carpentry,,,336.47104,407f8e81-9a21-4d21-ac02-dff9058fe61d
Object Transfer,9,,#C C places the plank on the joined planks on the table with his right hand.,Logistics action of placing an object.,r001,Carpentry,,,341.32326,407f8e81-9a21-4d21-ac02-dff9058fe61d
Object Transfer,9,,#C C transfers the nailer from his left hand to his right hand.,Logistics step involving moving an object between hands.,r001,Carpentry,,,353.10945,407f8e81-9a21-4d21-ac02-dff9058fe61d
Essential Operation,9,,#C C drives nails into the joined planks with the nailer in his right hand.,Core task involving high hand activity and focused action.,r001,Carpentry,,,354.64097,407f8e81-9a21-4d21-ac02-dff9058fe61d
Stationary,9,,#C C holds a part of the joined planks on the table with his left hand.,"Low body/hand motion, holding in place.",r001,Carpentry,,,503.87792,407f8e81-9a21-4d21-ac02-dff9058fe61d
Stationary,9,,#C C holds the planks on the table with his left hand.,"Low body/hand motion, holding position.",r001,Carpentry,,,593.6394566666667,407f8e81-9a21-4d21-ac02-dff9058fe61d
Essential Operation,9,,#C C drives nail into the planks on the table with the nailer in his right hand.,Core manual task involving high hand activity.,r001,Carpentry,,,599.7877466666666,407f8e81-9a21-4d21-ac02-dff9058fe61d
Object Transfer,9,,#O A man X pulls the electric cable,"The action involves moving an object (electric cable), which is a logistics step.",r001,Carpentry,,,183.127,424869c2-1d97-4754-9b06-82898ca0e888
Essential Operation,9,,#C C dips the sponge in water,Core task involving hand activity with a tool (sponge).,r001,Cooking,,,299.6916009546634,4572b198-2c1c-4920-bcf0-95fcebe12261
Essential Operation,9,,#C C cuts the pod,"Core task, high hand activity.",r001,Cooking,,,618.2426442879968,4572b198-2c1c-4920-bcf0-95fcebe12261
Object Transfer,9,,#C C places the green beans in the bowl,Logistics step involving pick up and put down motion.,r001,Cooking,,,650.9448742879968,4572b198-2c1c-4920-bcf0-95fcebe12261
Object Transfer,9,,#C C picks the green peas,Logistics step involving picking up an object.,r001,Cooking,,,857.2631642879967,4572b198-2c1c-4920-bcf0-95fcebe12261
Essential Operation,9,,#C C cuts the lower parts of the green peas,Core task involving fine hand movements.,r001,Cooking,,,941.4663742879968,4572b198-2c1c-4920-bcf0-95fcebe12261
Object Transfer,9,,#C C puts the green peas in the bowl,Logistics step involving picking up and putting down the green peas.,r001,Cooking,,,948.3816642879968,4572b198-2c1c-4920-bcf0-95fcebe12261
Object Transfer,9,,#C C puts the plate inside other plates,"Logistics/Setup step, moving objects into place.",r001,Cooking,,,1051.6279842879967,4572b198-2c1c-4920-bcf0-95fcebe12261
Object Transfer,9,,#C C puts the plates in the sink,Logistics action involving picking up and placing objects.,r001,Cooking,,,1110.79006762133,4572b198-2c1c-4920-bcf0-95fcebe12261
Object Transfer,9,,#C C puts down the chopping sticks,Logistics step involving the placement of an object.,r001,Cooking,,,1125.92351762133,4572b198-2c1c-4920-bcf0-95fcebe12261
Object Transfer,9,,#C C closes the dustbin lid,Logistics/Setup step involving a short burst of hand activity.,r001,Cooking,,,1183.23776762133,4572b198-2c1c-4920-bcf0-95fcebe12261
Essential Operation,9,,#C C washes the lid,Core task involving high hand activity.,r001,Cooking,,,1239.77966762133,4572b198-2c1c-4920-bcf0-95fcebe12261
Object Transfer,9,,#C C puts the plate on the counter,Logistics step of placing an object.,r001,Cooking,,,1288.31974762133,4572b198-2c1c-4920-bcf0-95fcebe12261
Object Transfer,9,,#C C removes water from the plates,Logistics step involving picking up and handling plates.,r001,Cooking,,,1335.86147762133,4572b198-2c1c-4920-bcf0-95fcebe12261
Object Transfer,9,,#C C puts the plates on the counter,"Logistics step of placing objects, short burst of hand activity.",r001,Cooking,,,1337.51407762133,4572b198-2c1c-4920-bcf0-95fcebe12261
Object Transfer,9,,#C C puts the cooking pan in the sink,Logistics/Setup step involving picking up and placing the pan.,r001,Cooking,,,1361.44058762133,4572b198-2c1c-4920-bcf0-95fcebe12261
Object Transfer,9,,#C C puts the lid on the counter,Logistics step involving placing an object.,r001,Cooking,,,1390.46155762133,4572b198-2c1c-4920-bcf0-95fcebe12261
Stationary,9,,#C C switches on the microwave,"Low body/hand motion, primarily an interaction with the appliance.",r001,Cooking,,,1585.01852762133,4572b198-2c1c-4920-bcf0-95fcebe12261
Essential Operation,9,,#C C wrings the towel,Core task involving active hand movement.,r001,Cooking,,,1620.1775189546634,4572b198-2c1c-4920-bcf0-95fcebe12261
Object Transfer,9,,#C C puts the chopping sticks in the bowl,Logistics step involving picking up and putting down objects.,r001,Cooking,,,1734.7087409546634,4572b198-2c1c-4920-bcf0-95fcebe12261
Object Transfer,9,,#C C puts the pair of scissors in the drawer,Logistics/Setup step involving placing an object.,r001,Cooking,,,1860.8641709546632,4572b198-2c1c-4920-bcf0-95fcebe12261
Object Transfer,9,,#C C puts the packets of powder in the dustbin,Logistics step involving moving objects from one place to another.,r001,Cooking,,,1866.741590954664,4572b198-2c1c-4920-bcf0-95fcebe12261
Object Transfer,9,,#C C switches a knob on the gas cooker,Logistics action involving a short burst of hand activity.,r001,Cooking,,,1876.818100954664,4572b198-2c1c-4920-bcf0-95fcebe12261
Essential Operation,9,,#C C puts the pieces of baking molds together,"Core manual task involving assembly, high hand activity.",r001,Cooking,,,1908.781810954664,4572b198-2c1c-4920-bcf0-95fcebe12261
Stationary,9,,#C C puts hand up,"Low body/hand motion, likely indicating a pause or idle action.",r001,Cooking,,,2152.020584287997,4572b198-2c1c-4920-bcf0-95fcebe12261
Object Transfer,9,,#C C picks the basin,Logistics step involving picking up an object.,r001,Cooking,,,2158.819634287997,4572b198-2c1c-4920-bcf0-95fcebe12261
Object Transfer,9,,#C C picks a dried leaf,Logistics step of picking an object.,r001,Cooking,,,2246.635574287997,4572b198-2c1c-4920-bcf0-95fcebe12261
Locomotion,9,,#C C uproots the weeds,"The action involves moving through space while performing a task, likely with significant body acceleration.",r001,Cooking,,,2264.9327442879967,4572b198-2c1c-4920-bcf0-95fcebe12261
Locomotion,9,,#C C walks into the garden,Body moving through space (walking).,r001,Cooking,,,2319.714664287997,4572b198-2c1c-4920-bcf0-95fcebe12261
Object Transfer,9,,#C C picks the spinach,Logistics step involving picking up an object.,r001,Cooking,,,2660.28831562133,4572b198-2c1c-4920-bcf0-95fcebe12261
Search,9,,#C C puts hand up,"Indicates a head or hand movement towards a target, likely with minimal body motion.",r001,Cooking,,,2735.03911762133,4572b198-2c1c-4920-bcf0-95fcebe12261
Essential Operation,9,,#C C washes the spinach,"Core task, high hand activity.",r001,Cooking,,,2915.31554762133,4572b198-2c1c-4920-bcf0-95fcebe12261
Object Transfer,9,,#C C puts the spinach in the bowl drainer,Logistics step involving moving the spinach to the bowl drainer.,r001,Cooking,,,2955.69855762133,4572b198-2c1c-4920-bcf0-95fcebe12261
Essential Operation,9,,#C C pours bacon in the pot.,Core task involving hand activity.,r001,Cooking,,,27.03547,47bb1fd4-d41f-42b4-8d0c-29c4e9fdff9f
Object Transfer,9,,#C C opens the jar.,Logistics action involving opening an object.,r001,Cooking,,,38.71099,47bb1fd4-d41f-42b4-8d0c-29c4e9fdff9f
Object Transfer,9,,#C C covers the jar.,"Action involves picking up and placing an object, indicative of logistics.",r001,Cooking,,,46.95168,47bb1fd4-d41f-42b4-8d0c-29c4e9fdff9f
Essential Operation,9,,#C C stirs the food with the spoon.,Core task involving repetitive hand movements.,r001,Cooking,,,68.36592,47bb1fd4-d41f-42b4-8d0c-29c4e9fdff9f
Object Transfer,9,,#C C picks up a jug of water from the counter.,Logistics step involving picking up an object.,r001,Cooking,,,74.24219,47bb1fd4-d41f-42b4-8d0c-29c4e9fdff9f
Object Transfer,9,,#C C the wall the surface,"[CtxFixed] The current action describes an interaction with the wall surface, which likely involves placing or dropping the pliers onto the surface. This fits the definition of 'Object Transfer' as it involves a deliberate placement of an object.",r001,Carpentry,,,68.84142,47c9a6a5-b6e4-4d09-8916-da61344e94cf
Search,9,,#C C measuring ruler on the floor,"Implies visual inspection or alignment, likely with head movement.",r001,Carpentry,,,252.54678,47c9a6a5-b6e4-4d09-8916-da61344e94cf
Essential Operation,9,,#C C cuts picks the pliers,Core manual task involving high hand activity.,r001,Carpentry,,,373.509,47c9a6a5-b6e4-4d09-8916-da61344e94cf
Essential Operation,9,,#C C twists the cable,"[CtxFixed] The action of twisting the cable appears to be a deliberate and necessary step in the process of handling the cables, similar to the previous action of pulling the cables.",r001,Carpentry,,,418.23899,47c9a6a5-b6e4-4d09-8916-da61344e94cf
Essential Operation,9,,#C C scraps the socket,Core task involving high hand activity.,r001,Carpentry,,,704.6686966666666,47c9a6a5-b6e4-4d09-8916-da61344e94cf
Search,9,,#C C measures the wall,"Head and hand movements are likely involved in measuring, with a focus on visual inspection.",r001,Carpentry,,,735.1177266666666,47c9a6a5-b6e4-4d09-8916-da61344e94cf
Essential Operation,9,,#C C screws the socket,Core manual task involving high hand activity.,r001,Carpentry,,,744.9504666666667,47c9a6a5-b6e4-4d09-8916-da61344e94cf
Object Transfer,9,,#C C picks the switch,Logistics action of picking up an object.,r001,Carpentry,,,1100.1519933333334,47c9a6a5-b6e4-4d09-8916-da61344e94cf
Object Transfer,9,,#C C puts a screw aside,Logistics step involving picking up and putting down objects.,r001,Carpentry,,,1203.8481433333334,47c9a6a5-b6e4-4d09-8916-da61344e94cf
Essential Operation,9,,#C C puts the sellotape on the surface,"Core manual task, high hand activity.",r001,Carpentry,,,1432.2197633333333,47c9a6a5-b6e4-4d09-8916-da61344e94cf
Locomotion,9,,#C C moves up a staircase to the other side of the wood frame.,Body moving through space (climbing stairs).,r001,Mechanical Repair,,,370.5012309546634,484249cf-8898-4d7a-bb1f-18bcbcf4dce9
Search,9,,#C C looks at the sky,"Head movement (visual search), hands mostly still.",r001,Desk Work,,,4.97861,4ed53432-e1f5-4e3f-a614-ffcaff444aca
Stationary,9,,#C C lifts the right leg,"Low body/hand motion, slight movement does not constitute locomotion.",r001,Desk Work,,,149.3162,4ed53432-e1f5-4e3f-a614-ffcaff444aca
Stationary,9,,#C C drops the left leg,"Low body/hand motion, likely a minor movement not indicative of any specific category.",r001,Desk Work,,,160.26599,4ed53432-e1f5-4e3f-a614-ffcaff444aca
Essential Operation,9,,#C C stretches the rope,Core task involving high hand activity.,r001,Desk Work,,,182.9651,4ed53432-e1f5-4e3f-a614-ffcaff444aca
Object Transfer,9,,#C C removes the rope on the metal rod,"The action involves manipulating and moving an object, which is a logistical step.",r001,Desk Work,,,201.3615,4ed53432-e1f5-4e3f-a614-ffcaff444aca
Essential Operation,9,,#C C pulls the rope with the left hand,Core manual task involving high hand activity.,r001,Desk Work,,,229.68559,4ed53432-e1f5-4e3f-a614-ffcaff444aca
Object Transfer,9,,#C C transfers the rope to the right hand,Logistics step involving moving an object from one hand to another.,r001,Desk Work,,,603.17325,4ed53432-e1f5-4e3f-a614-ffcaff444aca
Essential Operation,9,,#C C pulls a rope with the right hand,Core manual task involving high hand activity.,r001,Desk Work,,,607.42812,4ed53432-e1f5-4e3f-a614-ffcaff444aca
Object Transfer,9,,#C C moves the yoga mat,Logistics of moving an object (yoga mat).,r001,Desk Work,,,679.44652,4ed53432-e1f5-4e3f-a614-ffcaff444aca
Object Transfer,9,,#C C drops the left hand,"[CtxFixed] The action of dropping the left hand can be considered a deliberate placement onto a surface, which fits the criteria for 'Object Transfer'.",r001,Desk Work,,,690.7293099999999,4ed53432-e1f5-4e3f-a614-ffcaff444aca
Stationary,9,,#C C holds the yoga mat,Holding an object with minimal movement.,r001,Desk Work,,,717.37277,4ed53432-e1f5-4e3f-a614-ffcaff444aca
Stationary,9,,#C C drops both hands,[CtxFixed] The action of dropping both hands indicates a return to a stationary position after movement.,r001,Desk Work,,,771.79522,4ed53432-e1f5-4e3f-a614-ffcaff444aca
Stationary,9,,#C C swings the left hand,Swinging hand while stationary indicates low body motion.,r001,Desk Work,,,834.07668,4ed53432-e1f5-4e3f-a614-ffcaff444aca
Object Transfer,9,,#C C lifts the rope,"Action involves picking up an object, indicating a logistics step.",r001,Desk Work,,,1013.11085,4ed53432-e1f5-4e3f-a614-ffcaff444aca
Search,9,,#C C looks up the sky,"Head movement (looking up), hands mostly still.",r001,Desk Work,,,1193.54292,4ed53432-e1f5-4e3f-a614-ffcaff444aca
Locomotion,9,,#C C exercises on a yoga mat,"Body moving through space for exercise, high body acceleration.",r001,Desk Work,,,1223.01409,4ed53432-e1f5-4e3f-a614-ffcaff444aca
Stationary,9,,#C C looks up the sky,Looking up implies a static position with minimal body movement.,r001,Desk Work,,,1242.27885,4ed53432-e1f5-4e3f-a614-ffcaff444aca
Locomotion,9,,#C C pushes the right leg in front,"Body movement through space, likely involving a stepping action.",r001,Desk Work,,,1317.44388,4ed53432-e1f5-4e3f-a614-ffcaff444aca
Locomotion,9,,#C C pushes the left leg in front,"Movement through space, involving body motion.",r001,Desk Work,,,1336.56802,4ed53432-e1f5-4e3f-a614-ffcaff444aca
Locomotion,9,,#C C moves the right leg in front,"Body movement through space, specifically a leg movement.",r001,Desk Work,,,1346.33291,4ed53432-e1f5-4e3f-a614-ffcaff444aca
Stationary,9,,#C C moves the right leg,"Low body/hand motion, slight leg movement does not constitute significant locomotion.",r001,Desk Work,,,1351.13144,4ed53432-e1f5-4e3f-a614-ffcaff444aca
Stationary,9,,#C C looks on the down,"Low body/hand motion, likely inspecting or reading.",r001,Desk Work,,,1422.07327,4ed53432-e1f5-4e3f-a614-ffcaff444aca
Essential Operation,9,,#C C pulls back the right hand,Core manual task involving high hand activity.,r001,Desk Work,,,1531.88177,4ed53432-e1f5-4e3f-a614-ffcaff444aca
Stationary,9,,#C C drops the right leg,"Minimal body motion, likely in a seated position.",r001,Desk Work,,,1634.70589,4ed53432-e1f5-4e3f-a614-ffcaff444aca
Search,9,,#C C looks at the floor,"Head movement (visual search), hands mostly still.",r001,Desk Work,,,1672.14492,4ed53432-e1f5-4e3f-a614-ffcaff444aca
Search,9,,#C C looks at the legs,"Head movement (visual inspection), hands mostly still.",r001,Desk Work,,,1735.96679,4ed53432-e1f5-4e3f-a614-ffcaff444aca
Object Transfer,9,,#C C Picks food containers with onions,Logistics step involving picking up objects.,r001,Cleaning,,,111.2872286,52b42c33-ac42-435a-aef0-2b00d43516ec
Object Transfer,9,,#C C Puts down food containers and onions,Logistics step involving placing items down.,r001,Cleaning,,,113.6678586,52b42c33-ac42-435a-aef0-2b00d43516ec
Object Transfer,9,,#C C Closes a trash bin,Logistics step involving the interaction with an object (closing a trash bin).,r001,Cleaning,,,117.3935386,52b42c33-ac42-435a-aef0-2b00d43516ec
Object Transfer,9,,#C C puts the fridge shelf on the counter top,Logistics step involving moving an object from one place to another.,r001,Cleaning,,,308.4338086,52b42c33-ac42-435a-aef0-2b00d43516ec
Object Transfer,9,,#C C puts the liquid soap aside,"Logistics/Setup step, moving an object.",r001,Cleaning,,,537.0141186000001,52b42c33-ac42-435a-aef0-2b00d43516ec
Essential Operation,9,,#C C wipes the vegetable box,Core task involving manual effort with hands.,r001,Cleaning,,,704.4413593600199,52b42c33-ac42-435a-aef0-2b00d43516ec
Object Transfer,9,,#C C puts the containers on the counter top,Logistics step involving picking up and placing objects.,r001,Cleaning,,,794.6210693600199,52b42c33-ac42-435a-aef0-2b00d43516ec
Object Transfer,9,,#C C puts the container ontop of the containers,Logistics step involving picking up and placing an object.,r001,Cleaning,,,1031.2202076136718,52b42c33-ac42-435a-aef0-2b00d43516ec
Object Transfer,9,,#C C picks up the packets from the fridge,Logistics step involving picking up objects.,r001,Cleaning,,,1086.0678476136718,52b42c33-ac42-435a-aef0-2b00d43516ec
Essential Operation,9,,#C C washes the guard rail,Core manual task involving high hand activity.,r001,Cleaning,,,1116.994867613672,52b42c33-ac42-435a-aef0-2b00d43516ec
Essential Operation,9,,#C C wipes the guard rail with the kitchen towel,Core task involving manual activity with high hand acceleration.,r001,Cleaning,,,1176.6147776136718,52b42c33-ac42-435a-aef0-2b00d43516ec
Essential Operation,9,,#C C fixes the guard rail on the fridge,"Core manual task involving hands, likely with high hand acceleration.",r001,Cleaning,,,1197.7199576136718,52b42c33-ac42-435a-aef0-2b00d43516ec
Object Transfer,9,,#C C puts the bottles in the guard rail,Logistics of moving objects (putting bottles in a guard rail).,r001,Cleaning,,,1240.4412276136718,52b42c33-ac42-435a-aef0-2b00d43516ec
Object Transfer,9,,#C C puts the packet in the fridge,Logistics step involving picking up and placing an object.,r001,Cleaning,,,1437.9429994452307,52b42c33-ac42-435a-aef0-2b00d43516ec
Object Transfer,9,,#C C picks up the phone,"Logistics step, picking up an object.",r001,Cleaning,,,1463.0914994452305,52b42c33-ac42-435a-aef0-2b00d43516ec
Object Transfer,9,,#C C puts the bottle in the guard rail,Logistics/Setup step involving placing an object.,r001,Cleaning,,,1474.4467894452307,52b42c33-ac42-435a-aef0-2b00d43516ec
Object Transfer,9,,#C C puts the bottle on the kitchen counter,Logistics step involving picking up and placing an object.,r001,Cleaning,,,1505.8966194452307,52b42c33-ac42-435a-aef0-2b00d43516ec
Object Transfer,9,,#C C moves the containers on the kitchen counter,Logistics step involving moving objects.,r001,Cleaning,,,1522.0144194452307,52b42c33-ac42-435a-aef0-2b00d43516ec
Stationary,9,,#C C touches the slice of onion with her left finger,"Low body/hand motion, focused touch action.",r001,Cooking,,,53.4069486,538c2f0a-f89e-47b5-b012-047a1b98de27
Stationary,9,,#C C stares at the onion,"Low body/hand motion, focusing visually.",r001,Cooking,,,98.3884486,538c2f0a-f89e-47b5-b012-047a1b98de27
Essential Operation,9,,#C C peels the potato with the peeler,Core manual task involving high hand activity.,r001,Cooking,,,248.4062186,538c2f0a-f89e-47b5-b012-047a1b98de27
Essential Operation,9,,#C C drops the potato peel on the chopping board,Core task involving a manual action with the hand.,r001,Cooking,,,276.4529286,538c2f0a-f89e-47b5-b012-047a1b98de27
Essential Operation,9,,#C C picks the peel on the peeler,Core task involving manual dexterity and high hand activity.,r001,Cooking,,,441.5444886,538c2f0a-f89e-47b5-b012-047a1b98de27
Essential Operation,9,,#C C turns the sweet potato,"Core task involving manipulation, high hand activity.",r001,Cooking,,,484.7585086,538c2f0a-f89e-47b5-b012-047a1b98de27
Essential Operation,9,,#C C peels the sweet potato with the knife,Core task involving manual dexterity and repetitive hand movements.,r001,Cooking,,,527.9037886000001,538c2f0a-f89e-47b5-b012-047a1b98de27
Stationary,9,,#C C holds the knife with both hands,"Low body/hand motion, holding an object without movement.",r001,Cooking,,,558.3170793600199,538c2f0a-f89e-47b5-b012-047a1b98de27
Object Transfer,9,,#C C picks the half piece of sweet potato,"Logistics step, picking up an object.",r001,Cooking,,,581.8985993600198,538c2f0a-f89e-47b5-b012-047a1b98de27
Essential Operation,9,,#C C cuts the potato into two,"Core task, high hand activity.",r001,Cooking,,,590.6831893600198,538c2f0a-f89e-47b5-b012-047a1b98de27
Object Transfer,9,,#C C picks the potato on the chopping board,Logistics step involving picking up an object.,r001,Cooking,,,618.2795093600198,538c2f0a-f89e-47b5-b012-047a1b98de27
Essential Operation,9,,#C C cuts the potato into pieces,Core task involving repetitive hand movements.,r001,Cooking,,,621.1547493600199,538c2f0a-f89e-47b5-b012-047a1b98de27
Object Transfer,9,,#C C places the potato on the chopping board,"Logistics step, placing an object.",r001,Cooking,,,640.8663993600198,538c2f0a-f89e-47b5-b012-047a1b98de27
Object Transfer,9,,#C C pushes the knives on the countertop,Moving objects (knives) to a specific location (countertop).,r001,Cooking,,,697.7040293600198,538c2f0a-f89e-47b5-b012-047a1b98de27
Essential Operation,9,,#C C pours oil on the potato and sweet potato,Core task involving manual manipulation with high hand activity.,r001,Cooking,,,714.8703193600198,538c2f0a-f89e-47b5-b012-047a1b98de27
Object Transfer,9,,#C C places the bottle of curry powder on the countertop,Logistics step involving placing an object.,r001,Cooking,,,731.3211793600199,538c2f0a-f89e-47b5-b012-047a1b98de27
Stationary,9,,#C C moves her hands,"Low body/hand motion, could be idle or talking.",r001,Cooking,,,803.9090693600199,538c2f0a-f89e-47b5-b012-047a1b98de27
Essential Operation,9,,#C C turns the carrot,"Core task involving manipulation, high hand activity.",r001,Cooking,,,903.7895437171876,538c2f0a-f89e-47b5-b012-047a1b98de27
Essential Operation,9,,#C C removes the carrot pieces on the knife,Core task involving manual dexterity with the hands.,r001,Cooking,,,1040.6844937171877,538c2f0a-f89e-47b5-b012-047a1b98de27
Stationary,9,,#C C holds the carrot pieces with her hand,"Low body/hand motion, holding an object without movement.",r001,Cooking,,,1049.1892437171875,538c2f0a-f89e-47b5-b012-047a1b98de27
Essential Operation,9,,#C C turns the gas knob,"Core task, high hand activity.",r001,Cooking,,,1072.5733237171876,538c2f0a-f89e-47b5-b012-047a1b98de27
Essential Operation,9,,#C C pours water into the cooking pot,Core task involving high hand activity.,r001,Cooking,,,1102.2250337171877,538c2f0a-f89e-47b5-b012-047a1b98de27
Object Transfer,9,,#C C puts aside the pieces of broccoli on the chopping board,"Logistics step of moving objects, short bursts of hand acceleration.",r001,Cooking,,,1175.2794437171874,538c2f0a-f89e-47b5-b012-047a1b98de27
Essential Operation,9,,#C C cuts the broccoli florets into halves,"Core task, high hand activity.",r001,Cooking,,,1176.5657037171875,538c2f0a-f89e-47b5-b012-047a1b98de27
Essential Operation,9,,#C C cuts the broccoli florets into pieces,Core task involving high hand activity.,r001,Cooking,,,1198.5411137171875,538c2f0a-f89e-47b5-b012-047a1b98de27
Stationary,9,,#C C dust her hands off,"Low body/hand motion, brief action.",r001,Cooking,,,1220.2704937171875,538c2f0a-f89e-47b5-b012-047a1b98de27
Essential Operation,9,,#C C stirs the carrots and onions with the wooden spoon,Core task involving high hand activity.,r001,Cooking,,,1237.3340137171876,538c2f0a-f89e-47b5-b012-047a1b98de27
Essential Operation,9,,#C C cuts the ginger with the knife,"Core task, high hand activity.",r001,Cooking,,,1264.4354937171877,538c2f0a-f89e-47b5-b012-047a1b98de27
Search,9,,#C C looks at the cooking gas,"Head movement (visual inspection), hands mostly still.",r001,Cooking,,,1297.6265037171877,538c2f0a-f89e-47b5-b012-047a1b98de27
Object Transfer,9,,#C C collects the garlic skin on the chopping board,"Logistics step, moving object to a specific location.",r001,Cooking,,,1303.9493037171876,538c2f0a-f89e-47b5-b012-047a1b98de27
Essential Operation,9,,#C C cuts the root of the garlic,"Core task, high hand activity.",r001,Cooking,,,1323.8459837171877,538c2f0a-f89e-47b5-b012-047a1b98de27
Essential Operation,9,,#C C wipes the countertop with her left finger,"Core cleaning task, high hand activity.",r001,Cooking,,,1352.4872737171877,538c2f0a-f89e-47b5-b012-047a1b98de27
Object Transfer,9,,#C C picks the garlic skin,Logistics step of picking up an object.,r001,Cooking,,,1361.6798337171876,538c2f0a-f89e-47b5-b012-047a1b98de27
Stationary,9,,#C C moves the peeler on the countertop,"Movement is likely minimal and localized, indicating low energy activity.",r001,Cooking,,,1366.7067844772073,538c2f0a-f89e-47b5-b012-047a1b98de27
Stationary,9,,#C C places her right hand on the pot lids knob,"Placing hand on an object indicates a pause or setup, low motion.",r001,Cooking,,,1386.4117144772072,538c2f0a-f89e-47b5-b012-047a1b98de27
Essential Operation,9,,#C C cuts the tip of the chili pepper with the knife,Core task involving manual dexterity with high hand activity.,r001,Cooking,,,1492.104314477207,538c2f0a-f89e-47b5-b012-047a1b98de27
Object Transfer,9,,#C C places the chili pepper on the chopping board,Logistics step involving picking up and placing an object.,r001,Cooking,,,1505.9039644772072,538c2f0a-f89e-47b5-b012-047a1b98de27
Essential Operation,9,,#C C removes the seeds of the chili pepper with the knife,Core task involving precise hand movements.,r001,Cooking,,,1543.9927844772071,538c2f0a-f89e-47b5-b012-047a1b98de27
Essential Operation,9,,#C C cuts the chili pepper with the knife,Core task involving fine manual dexterity with the hands.,r001,Cooking,,,1612.7121444772072,538c2f0a-f89e-47b5-b012-047a1b98de27
Essential Operation,9,,#C C cuts the cayenne pepper into pieces,Core task involving manual dexterity and hand activity.,r001,Cooking,,,1668.514987144922,538c2f0a-f89e-47b5-b012-047a1b98de27
Essential Operation,9,,#C C rinses her hands with the water,Core task involving high hand activity.,r001,Cooking,,,1703.0720471449215,538c2f0a-f89e-47b5-b012-047a1b98de27
Essential Operation,9,,"#C C stirs the broccoli, carrots and onions with the wooden spoon",Core task involving high hand activity.,r001,Cooking,,,1731.4600671449218,538c2f0a-f89e-47b5-b012-047a1b98de27
Stationary,9,,#C C moves the kitchen towel in the oven,The action involves moving an object (kitchen towel) but does not imply significant body or hand acceleration typical of active tasks.,r001,Cooking,,,1803.1767471449216,538c2f0a-f89e-47b5-b012-047a1b98de27
Stationary,9,,#C C holds the turner spoon in her left hand,"Low body/hand motion, holding an object without moving.",r001,Cooking,,,1830.2789871449213,538c2f0a-f89e-47b5-b012-047a1b98de27
Essential Operation,9,,#C C cuts the potato with the turner spoon,"Core task involving manual dexterity with hands, high hand acceleration.",r001,Cooking,,,1857.6215271449216,538c2f0a-f89e-47b5-b012-047a1b98de27
Stationary,9,,#C C holds the kitchen towel in her right hand,"Low body/hand motion, holding position.",r001,Cooking,,,1901.7513971449216,538c2f0a-f89e-47b5-b012-047a1b98de27
Stationary,9,,#C C rubs her left foot on her right foot,"Low body/hand motion, likely seated or standing still.",r001,Cooking,,,1929.624927280287,538c2f0a-f89e-47b5-b012-047a1b98de27
Object Transfer,9,,#C C places the can on the countertop,"Logistics step, placing an object.",r001,Cooking,,,2013.412157280287,538c2f0a-f89e-47b5-b012-047a1b98de27
Object Transfer,9,,#C C places the can opener on top of the can,Logistics step involving placing an object.,r001,Cooking,,,2016.461887280287,538c2f0a-f89e-47b5-b012-047a1b98de27
Essential Operation,9,,#C C tears the pack of bell peppers,Core task involving manual dexterity and hand activity.,r001,Cooking,,,2024.068647280287,538c2f0a-f89e-47b5-b012-047a1b98de27
Essential Operation,9,,#C C wipes the piece of bell pepper with her right hand,Core task involving high hand activity.,r001,Cooking,,,2098.614147280287,538c2f0a-f89e-47b5-b012-047a1b98de27
Locomotion,9,,#C C walks to the dustbin,Body moving through space (walking).,r001,Cooking,,,2127.944367280287,538c2f0a-f89e-47b5-b012-047a1b98de27
Essential Operation,9,,#C C cuts the bell pepper into pieces,Core task involving high hand activity.,r001,Cooking,,,2150.283487280288,538c2f0a-f89e-47b5-b012-047a1b98de27
Essential Operation,9,,#C C cuts the bell pepper with the knife,Core task involving high hand activity.,r001,Cooking,,,2202.914297144922,538c2f0a-f89e-47b5-b012-047a1b98de27
Essential Operation,9,,#C C cuts the bell pepper into pieces with the knife,Core task involving repetitive hand movements.,r001,Cooking,,,2213.250597144922,538c2f0a-f89e-47b5-b012-047a1b98de27
Essential Operation,9,,#C C hits the wooden spoon on the cooking pot,Core task involving high hand activity.,r001,Cooking,,,2371.1336671449217,538c2f0a-f89e-47b5-b012-047a1b98de27
Object Transfer,9,,#C C places the packet of cayenne peppers in the fridge,Logistics step involving moving an object to a specific location.,r001,Cooking,,,2390.5227471449216,538c2f0a-f89e-47b5-b012-047a1b98de27
Locomotion,9,,#C C moves the turner spoon,"Body moving through space to move the turner spoon, likely involves significant body movement.",r001,Cooking,,,2392.7610471449216,538c2f0a-f89e-47b5-b012-047a1b98de27
Object Transfer,9,,#C C dips the spoon in the bottle,"Logistics step, short burst of hand motion.",r001,Cooking,,,2404.433507144922,538c2f0a-f89e-47b5-b012-047a1b98de27
Object Transfer,9,,#C C puts the curry powder in the bowl,"Logistics step, moving the curry powder to the bowl.",r001,Cooking,,,2409.540317144922,538c2f0a-f89e-47b5-b012-047a1b98de27
Object Transfer,9,,#C C sprinkles the ingredient in the bowl,"Logistics step, involves picking up and putting down the ingredient.",r001,Cooking,,,2474.6664671449216,538c2f0a-f89e-47b5-b012-047a1b98de27
Object Transfer,9,,#C C returns the weighing machine in the cupboard,Logistics step involving moving an object to a storage location.,r001,Cooking,,,2541.0535071449217,538c2f0a-f89e-47b5-b012-047a1b98de27
Object Transfer,9,,#C C places the wooden spoon on the counter,Logistics step involving placing an object.,r001,Cooking,,,2561.750447144922,538c2f0a-f89e-47b5-b012-047a1b98de27
Object Transfer,9,,#C C takes up the garlic crusher,Logistics step of picking up an object.,r001,Cooking,,,2600.828357144922,538c2f0a-f89e-47b5-b012-047a1b98de27
Stationary,9,,#C C stretches out the cloth,"The action involves stretching a cloth, which is a low-energy activity that does not involve significant movement.",r001,Cooking,,,2812.9440968869194,538c2f0a-f89e-47b5-b012-047a1b98de27
Object Transfer,9,,#C C places the tray back in the oven,Logistics step involving placing an object.,r001,Cooking,,,2842.38378688692,538c2f0a-f89e-47b5-b012-047a1b98de27
Essential Operation,9,,#C C pours ingredients in the sauce pan,Core task involving high hand activity.,r001,Cooking,,,2882.13396688692,538c2f0a-f89e-47b5-b012-047a1b98de27
Locomotion,9,,#C C moves the board,"Body moving through space to move the board, high body acceleration.",r001,Cooking,,,3094.9854461585937,538c2f0a-f89e-47b5-b012-047a1b98de27
Locomotion,9,,#C C drags out a tray of potato wedges,"The action involves moving an object through space, which implies significant body movement and acceleration.",r001,Cooking,,,3205.6390161585937,538c2f0a-f89e-47b5-b012-047a1b98de27
Locomotion,9,,#C C pushes the rack inside the oven,"Movement of the body to place the rack inside the oven, involves pushing which is a form of body locomotion.",r001,Cooking,,,3213.2065561585937,538c2f0a-f89e-47b5-b012-047a1b98de27
Locomotion,9,,#C C rides across the road,"Body moving through space (ride), high body acceleration.",r001,Mechanical Repair,,,777.1492633333334,569173d2-f5c0-4ccd-a04e-0b79f824aa2f
Locomotion,9,,#C C rides around the street,Body moving through space (riding). High Body Acceleration.,r001,Mechanical Repair,,,783.9817533333334,569173d2-f5c0-4ccd-a04e-0b79f824aa2f
Essential Operation,9,,#C C drills on the wall,Core manual task with high hand activity.,r001,Carpentry,,,45.36083,57433609-a139-4d16-9202-c138939b143a
Object Transfer,9,,#C C puts a steel plug on a hole,"The action involves placing an object into a specific location, which is a logistics step.",r001,Carpentry,,,58.60487,57433609-a139-4d16-9202-c138939b143a
Locomotion,9,,#C C does some exercise on the yoga mat,"Body moving through space, likely involves physical movement or exercise.",r001,Desk Work,,,22.1944796,57ee481e-2386-4a28-8d4c-ed8c9bdf08d8
Search,9,,#C C looks at the screen of a television set,"Head movement (visual inspection), passive hands.",r001,Desk Work,,,77.4255396,57ee481e-2386-4a28-8d4c-ed8c9bdf08d8
Stationary,9,,#C C continues his exercise on the yoga mat,"The action implies a continuous, low-energy state such as exercising on a yoga mat.",r001,Desk Work,,,411.68823095466337,57ee481e-2386-4a28-8d4c-ed8c9bdf08d8
Object Transfer,9,,#C C pours the water from the bottle into a glass cup on a table in the room,"The action involves transferring water from a bottle to a glass, which is a logistics step involving picking up and pouring.",r001,Desk Work,,,820.7730976213301,57ee481e-2386-4a28-8d4c-ed8c9bdf08d8
Search,9,,#C C looks at the screen of the television set in the room #Unsure,"Head movement (visual search), hands mostly still.",r001,Desk Work,,,862.5426876213301,57ee481e-2386-4a28-8d4c-ed8c9bdf08d8
Essential Operation,9,,#C C dips the cup in the water,Core task involving manipulation with high hand activity.,r001,Cleaning,,,65.1560586,58e39e0e-9bbb-4e7f-98b4-14b2fa325fa3
Search,9,,#C C looks on the other side,"Head movement (visual search), hands mostly still.",r001,Cleaning,,,274.7859186,58e39e0e-9bbb-4e7f-98b4-14b2fa325fa3
Object Transfer,9,,#C C scoops cooking fat from the can with a spoon,Logistics step involving picking up and transferring an object.,r001,Cooking,,,158.9578786,597b1ca1-e2ea-4a0e-8be0-31b713151ba2
Object Transfer,9,,#C C places a can on another counter,Logistics step involving picking up and placing an object.,r001,Cooking,,,174.4560286,597b1ca1-e2ea-4a0e-8be0-31b713151ba2
Essential Operation,9,,#C C stirs onions with a cooking stick,Core task involving high hand activity.,r001,Cooking,,,208.0271786,597b1ca1-e2ea-4a0e-8be0-31b713151ba2
Object Transfer,9,,#C C picks a sweet potato from the counter,Logistics step of picking up an object.,r001,Cooking,,,249.0696486,597b1ca1-e2ea-4a0e-8be0-31b713151ba2
Object Transfer,9,,#C C picks a cooking stick from the counter,Logistics/Setup step.,r001,Cooking,,,361.7513539515625,597b1ca1-e2ea-4a0e-8be0-31b713151ba2
Stationary,9,,#C C holds a sweet potato on the chopping board,"Low body/hand motion, holding an object.",r001,Cooking,,,424.5780639515625,597b1ca1-e2ea-4a0e-8be0-31b713151ba2
Object Transfer,9,,#C C places a paper towel on the counter,Logistics step involving placing an object.,r001,Cooking,,,457.1575139515625,597b1ca1-e2ea-4a0e-8be0-31b713151ba2
Object Transfer,9,,#C C picks a knife from the chopping board,Logistics step involving picking up an object.,r001,Cooking,,,499.33345395156255,597b1ca1-e2ea-4a0e-8be0-31b713151ba2
Essential Operation,9,,#C C cuts a white paper into pieces with a knife,Core manual task involving high hand activity.,r001,Cooking,,,513.0208039515626,597b1ca1-e2ea-4a0e-8be0-31b713151ba2
Essential Operation,9,,#C C food with a cooking stick,Core manual task involving high hand activity.,r001,Cooking,,,588.0586681113878,597b1ca1-e2ea-4a0e-8be0-31b713151ba2
Search,9,,#C C searches in the drawer,"Head movement (visual search), hands mostly still.",r001,Cooking,,,636.3452481113877,597b1ca1-e2ea-4a0e-8be0-31b713151ba2
Essential Operation,9,,#C C hits a cooking stick on the pan,Core task involving high hand activity and interaction with an object.,r001,Cooking,,,723.0908581113877,597b1ca1-e2ea-4a0e-8be0-31b713151ba2
Object Transfer,9,,#C C places a spoon on the counter,Logistics step of placing an object.,r001,Cooking,,,744.6479681113876,597b1ca1-e2ea-4a0e-8be0-31b713151ba2
Essential Operation,9,,#C C scoops food color with a spoon,Core task involving manual operation with a spoon.,r001,Cooking,,,758.3469981113877,597b1ca1-e2ea-4a0e-8be0-31b713151ba2
Object Transfer,9,,#C C places a cooking stick on the pan,"Logistics/Setup step, placing an object.",r001,Cooking,,,809.9511181113877,597b1ca1-e2ea-4a0e-8be0-31b713151ba2
Stationary,9,,#C C closes the sink,Closing the sink is a brief action that likely involves minimal motion.,r001,Cooking,,,918.304927613672,597b1ca1-e2ea-4a0e-8be0-31b713151ba2
Object Transfer,9,,#C C picks a spoon from the counter,"Logistics/Setup step, picking up an object.",r001,Cooking,,,980.657647613672,597b1ca1-e2ea-4a0e-8be0-31b713151ba2
Essential Operation,9,,#C C washes hands with water,Core task involving repetitive hand movements.,r001,Cooking,,,1009.127517613672,597b1ca1-e2ea-4a0e-8be0-31b713151ba2
Object Transfer,9,,#C C closes the can with a lid,Logistics action involving closing an object.,r001,Cooking,,,1079.634367613672,597b1ca1-e2ea-4a0e-8be0-31b713151ba2
Locomotion,9,,#C C walks around the counter,"Body moving through space, high body acceleration.",r001,Cooking,,,1086.661517613672,597b1ca1-e2ea-4a0e-8be0-31b713151ba2
Search,9,,#C C looks at the recipe,"Head movement (visual search), hands mostly still.",r001,Cooking,,,1087.425467613672,597b1ca1-e2ea-4a0e-8be0-31b713151ba2
Object Transfer,9,,#C C places powder in the can,Logistics step involving picking up and placing an object.,r001,Cooking,,,1097.4712176136718,597b1ca1-e2ea-4a0e-8be0-31b713151ba2
Essential Operation,9,,#C C stirs food with a cooking stick,Core task involving high hand activity.,r001,Cooking,,,1195.418997613672,597b1ca1-e2ea-4a0e-8be0-31b713151ba2
Object Transfer,9,,#C C places a grater in the drawer,Logistics/Setup step involving placing an object.,r001,Cooking,,,1293.8995376136718,597b1ca1-e2ea-4a0e-8be0-31b713151ba2
Object Transfer,9,,#C C closes the cooking pot,Closing the pot is a logistics step involving picking up and placing the lid on the pot.,r001,Cooking,,,1420.754028266755,597b1ca1-e2ea-4a0e-8be0-31b713151ba2
Essential Operation,9,,#C C shakes the pan,"High hand activity, core task during cooking.",r001,Cooking,,,1530.756068266755,597b1ca1-e2ea-4a0e-8be0-31b713151ba2
Object Transfer,9,,#C C lifts up the pan,"Logistics step, picking up an object.",r001,Cooking,,,1552.5560782667549,597b1ca1-e2ea-4a0e-8be0-31b713151ba2
Stationary,9,,#C C holds a packet of spice,"Low body/hand motion, holding an object.",r001,Cooking,,,1577.100058266755,597b1ca1-e2ea-4a0e-8be0-31b713151ba2
Stationary,9,,#C C operates the oven,"Operating the oven likely involves minimal movement, primarily using hands for a short duration, and may involve standing still while monitoring or setting the oven.",r001,Cooking,,,1663.7929451722655,597b1ca1-e2ea-4a0e-8be0-31b713151ba2
Search,9,,#C C reads the paper,"Head movement (reading), hands mostly still.",r001,Cooking,,,1671.5472051722656,597b1ca1-e2ea-4a0e-8be0-31b713151ba2
Object Transfer,9,,#C C closes the fridge door,"Closing an object (fridge door), logistics/interaction with an object.",r001,Cooking,,,1725.6560951722656,597b1ca1-e2ea-4a0e-8be0-31b713151ba2
Essential Operation,9,,#C C stirs food with a turner,Core task involving repetitive hand movements.,r001,Cooking,,,1744.8679451722655,597b1ca1-e2ea-4a0e-8be0-31b713151ba2
Stationary,9,,#C C switches the spoon to the other hand,"Low body/hand motion, likely involves a quick hand switch with minimal movement.",r001,Cooking,,,1820.1766251722656,597b1ca1-e2ea-4a0e-8be0-31b713151ba2
Stationary,9,,#C C covers the yoghurt,Covering an item involves minimal movement and is a static action.,r001,Cooking,,,1828.1753051722656,597b1ca1-e2ea-4a0e-8be0-31b713151ba2
Object Transfer,9,,#C C puts #unsure in a waste bin,Logistics step involving placing an item in a bin.,r001,Cooking,,,1870.5923351722656,597b1ca1-e2ea-4a0e-8be0-31b713151ba2
Stationary,9,,#C C holds a cooker button,"Low body/hand motion, holding a button indicates a pause or waiting action.",r001,Cooking,,,1889.7685051722656,597b1ca1-e2ea-4a0e-8be0-31b713151ba2
Locomotion,9,,#C C walks around the kicthen,"Body moving through space, indicative of walking.",r001,Cooking,,,1929.790724821224,597b1ca1-e2ea-4a0e-8be0-31b713151ba2
Object Transfer,9,,#C C picks a liter can from the counter,"Logistics step, picking up an object.",r001,Cooking,,,1994.057124821224,597b1ca1-e2ea-4a0e-8be0-31b713151ba2
Object Transfer,9,,#C C places a spatula in the liter can,Logistics step involving placing an object.,r001,Cooking,,,2056.947164821224,597b1ca1-e2ea-4a0e-8be0-31b713151ba2
Object Transfer,9,,#C C places a liter can on the chopping board,Logistics step involving placing an object.,r001,Cooking,,,2059.360874821224,597b1ca1-e2ea-4a0e-8be0-31b713151ba2
Object Transfer,9,,#C C places food color in food,Logistics step of placing an item.,r001,Cooking,,,2104.255124821224,597b1ca1-e2ea-4a0e-8be0-31b713151ba2
Object Transfer,9,,#C C opens the base cabinet door,Logistics/Setup step involving opening a cabinet door.,r001,Cooking,,,2210.965019820703,597b1ca1-e2ea-4a0e-8be0-31b713151ba2
Essential Operation,9,,#C C turns the cooker knob with his left hand,Core task involving manipulation with high hand activity.,r001,Cooking,,,2250.035759820703,597b1ca1-e2ea-4a0e-8be0-31b713151ba2
Essential Operation,9,,#C C scoops the rice with a slotted serving spoon,Core task involving manual scooping with high hand activity.,r001,Cooking,,,2272.601299820703,597b1ca1-e2ea-4a0e-8be0-31b713151ba2
Object Transfer,9,,#C C puts the rice in the plate,Logistics step involving picking up and placing an object.,r001,Cooking,,,2274.016409820703,597b1ca1-e2ea-4a0e-8be0-31b713151ba2
Object Transfer,9,,#C C puts the plate on the countertop,Logistics step of placing an object.,r001,Cooking,,,2349.614029820703,597b1ca1-e2ea-4a0e-8be0-31b713151ba2
Essential Operation,9,,#C C scoops the food with a wooden spoon,Core task involving high hand activity.,r001,Cooking,,,2363.954329820703,597b1ca1-e2ea-4a0e-8be0-31b713151ba2
Essential Operation,9,,#C C moves the food with a wooden spoon in the cooking pot,Core task involving high hand activity.,r001,Cooking,,,2391.767739820703,597b1ca1-e2ea-4a0e-8be0-31b713151ba2
Object Transfer,9,,#C C picks the peanuts from his left hand with his right hand,Logistics step involving picking up an object.,r001,Cooking,,,2416.263299820703,597b1ca1-e2ea-4a0e-8be0-31b713151ba2
Essential Operation,9,,#C C cleans the front of the car with his right hand.,Core task involving high hand activity.,r001,Cleaning,,,246.3096886,5efa966b-01b6-4bbb-a4b6-702ef89c3a10
Essential Operation,9,,#C C cleans the front of the car with the rag in his right hand.,Core manual task involving high hand activity.,r001,Cleaning,,,309.0502286,5efa966b-01b6-4bbb-a4b6-702ef89c3a10
Essential Operation,9,,#C C cleans the side of the car with the rag in his right hand.,Core manual task involving high hand activity.,r001,Cleaning,,,320.50487860000004,5efa966b-01b6-4bbb-a4b6-702ef89c3a10
Essential Operation,9,,#C C cleans the front windshield glass with the rag in his right hand.,"Core task involving manual cleaning activity, high hand activity.",r001,Cleaning,,,484.7654086,5efa966b-01b6-4bbb-a4b6-702ef89c3a10
Essential Operation,9,,#C C cleans the car with the napkin in both hands.,Core task involving high hand activity.,r001,Cleaning,,,576.8158976213301,5efa966b-01b6-4bbb-a4b6-702ef89c3a10
Object Transfer,9,,#C C Switches a cell tape to the other hand,Logistics step involving the transfer of an object (cell tape) between hands.,r001,Mechanical Repair,,,162.0997186,5fa671a8-c6c9-40bc-9d3d-f97d94133965
Locomotion,9,,#C C Moves as packet on a box,"Body movement through space, likely involves moving a box.",r001,Mechanical Repair,,,260.2185786,5fa671a8-c6c9-40bc-9d3d-f97d94133965
Object Transfer,9,,#C C drops #unsure in the container,"[CtxFixed] The action of dropping an object into a container is a deliberate placement, which falls under the category of Object Transfer.",r001,Mechanical Repair,,,907.000647613672,5fa671a8-c6c9-40bc-9d3d-f97d94133965
Object Transfer,9,,#C C moves items,Moving items involves logistics and setup steps.,r001,Mechanical Repair,,,920.570847613672,5fa671a8-c6c9-40bc-9d3d-f97d94133965
Object Transfer,9,,#C C picks face mask,Logistics step of picking up an object.,r001,Mechanical Repair,,,946.405687613672,5fa671a8-c6c9-40bc-9d3d-f97d94133965
Object Transfer,9,,#C C puts shower curtain down,Logistics step involving placing an object.,r001,Mechanical Repair,,,963.050587613672,5fa671a8-c6c9-40bc-9d3d-f97d94133965
Object Transfer,9,,#C C puts both tray and mat down,Logistics step involving placing objects down.,r001,Mechanical Repair,,,981.220817613672,5fa671a8-c6c9-40bc-9d3d-f97d94133965
Object Transfer,9,,#C C picks a blanket,Logistics step involving picking up an object.,r001,Mechanical Repair,,,1003.023287613672,5fa671a8-c6c9-40bc-9d3d-f97d94133965
Stationary,9,,#C C touches cups,"Low body/hand motion, likely inspecting or feeling the cups.",r001,Mechanical Repair,,,1055.434607613672,5fa671a8-c6c9-40bc-9d3d-f97d94133965
Essential Operation,9,,#C C pulls tape,Core manual task involving high hand activity.,r001,Mechanical Repair,,,1367.63687850113,5fa671a8-c6c9-40bc-9d3d-f97d94133965
Object Transfer,9,,#C C puts box down,"The action involves logistics and setup, specifically the act of putting a box down.",r001,Mechanical Repair,,,1376.2610085011302,5fa671a8-c6c9-40bc-9d3d-f97d94133965
Essential Operation,9,,#C C tapes box,Core manual task involving hand activity.,r001,Mechanical Repair,,,1400.53403850113,5fa671a8-c6c9-40bc-9d3d-f97d94133965
Essential Operation,9,,#C C tapes carton,Core task involving high hand activity.,r001,Mechanical Repair,,,1413.20614850113,5fa671a8-c6c9-40bc-9d3d-f97d94133965
Essential Operation,9,,#C C tears tape,Core task involving high hand activity.,r001,Mechanical Repair,,,1468.2093585011298,5fa671a8-c6c9-40bc-9d3d-f97d94133965
Object Transfer,9,,#C C moves the serving spoon inside the box,Logistics step involving the movement of an object.,r001,Mechanical Repair,,,2228.176787144922,5fa671a8-c6c9-40bc-9d3d-f97d94133965
Object Transfer,9,,#C C picks up the house plant,Picking up an object involves logistics and handling.,r001,Mechanical Repair,,,2277.6834971449216,5fa671a8-c6c9-40bc-9d3d-f97d94133965
Object Transfer,9,,#C C picks up the nylon paper from the floor,Logistics step involving picking up an object.,r001,Mechanical Repair,,,2403.391727144922,5fa671a8-c6c9-40bc-9d3d-f97d94133965
Object Transfer,9,,#C C puts the frying pans on the table,"Logistics step, moving objects from one place to another.",r001,Mechanical Repair,,,2573.2839771449217,5fa671a8-c6c9-40bc-9d3d-f97d94133965
Object Transfer,9,,#C C picks up the box of glasses from the table,Logistics step involving picking up an object.,r001,Mechanical Repair,,,2600.515887144922,5fa671a8-c6c9-40bc-9d3d-f97d94133965
Object Transfer,9,,#C C picks up the box of cups from the table,Logistics step involving picking up an object.,r001,Mechanical Repair,,,2605.844077144922,5fa671a8-c6c9-40bc-9d3d-f97d94133965
Locomotion,9,,#C C moves the box on the floor,"Body moving through space to move the box, likely involves walking or stepping.",r001,Mechanical Repair,,,2907.9310046046453,5fa671a8-c6c9-40bc-9d3d-f97d94133965
Object Transfer,9,,#C C picks up the frying pans from the floor,Logistics step involving picking up objects.,r001,Mechanical Repair,,,2921.2915746046456,5fa671a8-c6c9-40bc-9d3d-f97d94133965
Object Transfer,9,,#C C puts the bottle inside the box,"Logistics/Setup step, involves placing an object.",r001,Mechanical Repair,,,2991.263023717187,5fa671a8-c6c9-40bc-9d3d-f97d94133965
Object Transfer,9,,#C C picks up the umbrella from the floor,Logistics step involving picking up an object.,r001,Mechanical Repair,,,3178.8080437171875,5fa671a8-c6c9-40bc-9d3d-f97d94133965
Stationary,9,,#C C stares the serving spoon in her hand,"Low body/hand motion, staring indicates idle observation.",r001,Mechanical Repair,,,3245.510563717188,5fa671a8-c6c9-40bc-9d3d-f97d94133965
Object Transfer,9,,#C C puts the container on the sink,Logistics step involving placing an object.,r001,Mechanical Repair,,,3468.107849586328,5fa671a8-c6c9-40bc-9d3d-f97d94133965
Object Transfer,9,,#C C picks up the container from another container,Logistics step involving picking up an object.,r001,Mechanical Repair,,,3489.262369586328,5fa671a8-c6c9-40bc-9d3d-f97d94133965
Object Transfer,9,,#C C picks up the #unsure from the bag,"Logistics step, picking up an object.",r001,Mechanical Repair,,,3498.542169586328,5fa671a8-c6c9-40bc-9d3d-f97d94133965
Object Transfer,9,,#C C drops the #unsure on the floor,Refined via regex fallback,r001,Mechanical Repair,,,3508.381349586328,5fa671a8-c6c9-40bc-9d3d-f97d94133965
Stationary,9,,#C C stares the phone in her hand,"Low body/hand motion, indicating an idle or waiting state.",r001,Mechanical Repair,,,3516.222709586328,5fa671a8-c6c9-40bc-9d3d-f97d94133965
Object Transfer,9,,#C C removes plate from the cabinet,Logistics step involving picking up and moving an object.,r001,Mechanical Repair,,,3576.738396920031,5fa671a8-c6c9-40bc-9d3d-f97d94133965
Stationary,9,,#C C turns in the room,"Turning in the room indicates a low level of movement, suggesting a stationary activity.",r001,Cleaning,,,2.611315266666667,63f0f27d-645c-4efc-9162-6f0cb0353bc8
Stationary,9,,#C C holds the bun with both hands,"Low body/hand motion, holding an object.",r001,Cleaning,,,57.94409526666667,63f0f27d-645c-4efc-9162-6f0cb0353bc8
Stationary,9,,#C C holds the kettle,"Low body/hand motion, holding an object without movement.",r001,Cleaning,,,88.30415526666667,63f0f27d-645c-4efc-9162-6f0cb0353bc8
Stationary,9,,#C C holds the spread tin,"Holding an object without moving, low energy activity.",r001,Cleaning,,,103.77243526666666,63f0f27d-645c-4efc-9162-6f0cb0353bc8
Object Transfer,9,,#C C places the spread tin on the table,Logistics step involving the placement of an object.,r001,Cleaning,,,114.79289526666666,63f0f27d-645c-4efc-9162-6f0cb0353bc8
Stationary,9,,#C C bites the sandwich,"Low body/hand motion, eating activity.",r001,Cleaning,,,173.54611526666667,63f0f27d-645c-4efc-9162-6f0cb0353bc8
Stationary,9,,#C C holds the sandwich,"Low body/hand motion, holding an object without movement.",r001,Cleaning,,,175.74862526666666,63f0f27d-645c-4efc-9162-6f0cb0353bc8
Essential Operation,9,,#C C scoops the carrot,"Core task, high hand activity.",r001,Cleaning,,,233.36718526666667,63f0f27d-645c-4efc-9162-6f0cb0353bc8
Stationary,9,,#C C bites a hamburger,"Low body/hand motion, eating activity.",r001,Cleaning,,,303.40275526666665,63f0f27d-645c-4efc-9162-6f0cb0353bc8
Object Transfer,9,,#C C places a beef in the bread,"Logistics step, placing an object.",r001,Cleaning,,,309.53007526666664,63f0f27d-645c-4efc-9162-6f0cb0353bc8
Stationary,9,,#C C sips the coffee,"Low body/hand motion, likely involves minimal movement.",r001,Cleaning,,,394.83727526666667,63f0f27d-645c-4efc-9162-6f0cb0353bc8
Object Transfer,9,,#C C takes a fork in the plate,Logistics step involving picking up an object.,r001,Cleaning,,,422.69284526666667,63f0f27d-645c-4efc-9162-6f0cb0353bc8
Object Transfer,9,,#C C picks up a container from the table,Logistics step involving picking up an object.,r001,Cleaning,,,526.9570352666667,63f0f27d-645c-4efc-9162-6f0cb0353bc8
Stationary,9,,#C C eats salad,"Low body/hand motion, eating is generally a slow process.",r001,Cleaning,,,555.2392352666667,63f0f27d-645c-4efc-9162-6f0cb0353bc8
Object Transfer,9,,#C C picks salad with a fork,Logistics step involving picking up an object.,r001,Cleaning,,,665.2941152666667,63f0f27d-645c-4efc-9162-6f0cb0353bc8
Essential Operation,9,,#C C eats salad with a fork,Core task involving high hand activity with a fork.,r001,Cleaning,,,724.8321519333334,63f0f27d-645c-4efc-9162-6f0cb0353bc8
Object Transfer,9,,#c c puts the fork on the plate,Logistics/Setup step involving picking up and placing an object.,r001,Cleaning,,,891.2677419333335,63f0f27d-645c-4efc-9162-6f0cb0353bc8
Object Transfer,9,,#c c puts a knife on a plate,Logistics step involving the placement of an object.,r001,Cleaning,,,944.7577819333334,63f0f27d-645c-4efc-9162-6f0cb0353bc8
Essential Operation,9,,#c c adds soap to the sponge,Core manual task involving high hand activity.,r001,Cleaning,,,956.2728519333334,63f0f27d-645c-4efc-9162-6f0cb0353bc8
Essential Operation,9,,#c c washes the fork with a sponge and water,Core manual task involving high hand activity.,r001,Cleaning,,,964.8165119333336,63f0f27d-645c-4efc-9162-6f0cb0353bc8
Stationary,9,,#c c rubs face,"Low body/hand motion, rubbing face is a minor action.",r001,Cleaning,,,1006.6229119333334,63f0f27d-645c-4efc-9162-6f0cb0353bc8
Search,9,,#C C looks herself at the mirror,"Head movement (visual inspection), hands mostly still.",r001,Cleaning,,,11.2710586,657e538b-af27-4236-9dfa-a1d6674f2e8c
Object Transfer,9,,#C C drops plastic bag on table,Refined via regex fallback,r001,Cleaning,,,54.3635286,657e538b-af27-4236-9dfa-a1d6674f2e8c
Search,9,,#C C looks inside washing machine,"Visual inspection, likely involves head movement to look inside the washing machine.",r001,Cleaning,,,84.66248859999999,657e538b-af27-4236-9dfa-a1d6674f2e8c
Essential Operation,9,,#C C draws water from grapes,"Core manual task, likely involves squeezing or handling grapes to extract water.",r001,Cleaning,,,237.9291886,657e538b-af27-4236-9dfa-a1d6674f2e8c
Object Transfer,9,,#C C collects grape from sink,Logistics step involving picking up an object.,r001,Cleaning,,,248.2601786,657e538b-af27-4236-9dfa-a1d6674f2e8c
Object Transfer,9,,#C C puts the tin on the counter.,Logistics step involving picking up and placing down an object.,r001,Cooking,,,15.9758396,65afadae-9410-43e5-a61d-ae75ae711e56
Object Transfer,9,,#C C reaches her phone on the counter.,"Logistics step, reaching for an object.",r001,Cooking,,,77.6341096,65afadae-9410-43e5-a61d-ae75ae711e56
Stationary,9,,#C C stops at the counter.,"The action indicates a pause or stop, which corresponds to low body/hand motion.",r001,Cooking,,,95.8952996,65afadae-9410-43e5-a61d-ae75ae711e56
Stationary,9,,#C C holds the cup with the left hand.,"Low body/hand motion, holding an object.",r001,Cooking,,,96.8759696,65afadae-9410-43e5-a61d-ae75ae711e56
Stationary,9,,#C C stretches her sweater.,"Low body/hand motion, stretching is generally a relaxed movement with minimal acceleration.",r001,Cooking,,,128.5199196,65afadae-9410-43e5-a61d-ae75ae711e56
Stationary,9,,#C C reads on the desktop,"Low body/hand motion, focused on reading.",r001,Desk Work,,,9.1902596,68143ed4-36a0-4194-b409-d28be53f8252
Stationary,9,,#C C scrolls on a desktop,"Low body/hand motion, mostly finger movement.",r001,Desk Work,,,181.6525396,68143ed4-36a0-4194-b409-d28be53f8252
Stationary,9,,#C C switches off the bicycle light,"The action involves a single motion of switching off a light, which does not involve significant body or hand movement.",r001,Walking Outdoors,,,1038.9201833333334,6ae63a5f-09ea-47d2-9ac8-97c04927da86
Locomotion,9,,#O A lady X parks the bicycle,"The action describes a transition related to movement (parking a bicycle), which is associated with locomotion.",r001,Walking Outdoors,,,1049.5148133333332,6ae63a5f-09ea-47d2-9ac8-97c04927da86
Search,9,,#C C looks around in a room,"Head movement (visual search), hands mostly still.",r001,Cooking,,,35.04519526666667,6af04762-9ccf-41aa-bbfb-48a443c7cec3
Locomotion,9,,#C C removes an oven rack,"Body moving through space to remove an oven rack, likely involves significant body acceleration.",r001,Cooking,,,72.71664526666666,6af04762-9ccf-41aa-bbfb-48a443c7cec3
Object Transfer,9,,#C C picks up Aluminum cooking pot,"Logistics step, picking up an object.",r001,Cooking,,,262.66281526666666,6af04762-9ccf-41aa-bbfb-48a443c7cec3
Search,9,,#C C looks inside a cooking pot,"Head movement (visual inspection), hands mostly still.",r001,Cooking,,,283.08768526666665,6af04762-9ccf-41aa-bbfb-48a443c7cec3
Essential Operation,9,,#C C scoops the chicken from the cooking pot,Core task involving high hand activity.,r001,Cooking,,,304.39769526666663,6af04762-9ccf-41aa-bbfb-48a443c7cec3
Object Transfer,9,,#C C picks a bowl from the utensil rack,Logistics step involving picking up an object.,r001,Cooking,,,376.4006952666667,6af04762-9ccf-41aa-bbfb-48a443c7cec3
Essential Operation,9,,#C C scoops soup from the cooking pot,Core task involving high hand activity.,r001,Cooking,,,416.5840852666667,6af04762-9ccf-41aa-bbfb-48a443c7cec3
Locomotion,9,,#C C pushes the bake tray in the oven,"Movement of the body to push the tray into the oven, involves significant body motion.",r001,Cooking,,,628.0924352666667,6af04762-9ccf-41aa-bbfb-48a443c7cec3
Object Transfer,9,,#C C puts the green vegetable in the container,Logistics step involving picking up and placing an object.,r001,Cooking,,,775.5973552666667,6af04762-9ccf-41aa-bbfb-48a443c7cec3
Essential Operation,9,,#C C washes the green vegetables,Core task involving high hand activity and repetitive motion.,r001,Cooking,,,794.8586652666667,6af04762-9ccf-41aa-bbfb-48a443c7cec3
Object Transfer,9,,#C C puts the spoilt cowpeas leaves in the dustbin,"Logistics step, moving the item to the dustbin.",r001,Cooking,,,885.4777052666667,6af04762-9ccf-41aa-bbfb-48a443c7cec3
Essential Operation,9,,#C C pushes the oven grill,"Core task involving manipulation and force application, high hand activity.",r001,Cooking,,,898.3006252666668,6af04762-9ccf-41aa-bbfb-48a443c7cec3
Essential Operation,9,,#C C drains off the water from the cowpeas leaves,Core task involving manipulation and handling.,r001,Cooking,,,967.7056052666668,6af04762-9ccf-41aa-bbfb-48a443c7cec3
Essential Operation,9,,#C C mixes the cowpeas leaves with his hand,"Core task involving manual mixing, high hand activity.",r001,Cooking,,,1004.1147352666668,6af04762-9ccf-41aa-bbfb-48a443c7cec3
Object Transfer,9,,#C C picks a cowpeas leaf,Logistics step involving picking up an object.,r001,Cooking,,,1066.9933352666667,6af04762-9ccf-41aa-bbfb-48a443c7cec3
Search,9,,#C C touches the paper,Implies head and hand movement towards the paper for inspection.,r001,Cooking,,,1100.1447952666665,6af04762-9ccf-41aa-bbfb-48a443c7cec3
Stationary,9,,#C C touches the food with the right hand,"Low body/hand motion, likely inspecting or feeling the food.",r001,Cooking,,,1146.9015552666667,6af04762-9ccf-41aa-bbfb-48a443c7cec3
Locomotion,9,,#C C slides the drum on the floor,"Body moving through space to slide an object, indicating movement.",r001,Cooking,,,1271.458665266667,6af04762-9ccf-41aa-bbfb-48a443c7cec3
Locomotion,9,,#C C pushes the oven rack,"Movement of the body to manipulate the oven rack, involving significant body acceleration.",r001,Cooking,,,1316.973795266667,6af04762-9ccf-41aa-bbfb-48a443c7cec3
Object Transfer,9,,#C C picks the serving spoon,"Logistics/Setup step, picking up an object.",r001,Cooking,,,1607.777121933333,6af04762-9ccf-41aa-bbfb-48a443c7cec3
Object Transfer,9,,#C C moves a phone on the table with his left hand,"Logistics step, moving an object.",r001,Cooking,,,1636.9569419333334,6af04762-9ccf-41aa-bbfb-48a443c7cec3
Search,9,,#C C looks around the house at the couch,"Head movement (visual search), hands mostly still.",r001,Cooking,,,1751.1190419333334,6af04762-9ccf-41aa-bbfb-48a443c7cec3
Search,9,,#C C looks at the plate of food,"Head movement (visual inspection), passive hands.",r001,Cooking,,,1790.971731933333,6af04762-9ccf-41aa-bbfb-48a443c7cec3
Essential Operation,9,,#C C scoops food with a spoon,Core manual task involving high hand activity.,r001,Cooking,,,1821.096181933333,6af04762-9ccf-41aa-bbfb-48a443c7cec3
Search,9,,#C C looks at the food in the plate,"Visual inspection, head movement focused on the plate.",r001,Cooking,,,1908.3872819333333,6af04762-9ccf-41aa-bbfb-48a443c7cec3
Object Transfer,9,,#C C picks the food in the plate with the spoon,Logistics step involving picking up an object.,r001,Cooking,,,1997.7679019333327,6af04762-9ccf-41aa-bbfb-48a443c7cec3
Stationary,9,,#C C looks at the food in the hand,"Low body/hand motion, focused observation.",r001,Cooking,,,2012.7067219333333,6af04762-9ccf-41aa-bbfb-48a443c7cec3
Object Transfer,9,,#C C picks the bone in the plate,Logistics step involving picking up an object.,r001,Cooking,,,2038.1994119333333,6af04762-9ccf-41aa-bbfb-48a443c7cec3
Object Transfer,9,,#C C puts the food together in the plate,Logistics step involving the movement of food to a plate.,r001,Cooking,,,2104.8606819333336,6af04762-9ccf-41aa-bbfb-48a443c7cec3
Stationary,9,,#C C holds the screwdriver in his right hand.,"The action describes holding an object, which involves minimal movement.",r001,Carpentry,,,42.27486,6b91041f-bd60-4738-8305-46b144ce725d
Locomotion,9,,#C C walks around the workshop.,"Movement through space, high body acceleration.",r001,Carpentry,,,116.99561,6b91041f-bd60-4738-8305-46b144ce725d
Essential Operation,9,,#C C tightens the screw into the nut of the drawer handle with the screwdriver in his right hand.,Core manual task involving high hand activity.,r001,Carpentry,,,201.09664,6b91041f-bd60-4738-8305-46b144ce725d
Object Transfer,9,,#C C picks up the drawer handle from the workshop table with his right hand.,"Logistics step, picking up an object.",r001,Carpentry,,,233.1061,6b91041f-bd60-4738-8305-46b144ce725d
Essential Operation,9,,#C C tightens the screw into the nut of the drawer handle with his right hand.,Core manual task involving high hand activity.,r001,Carpentry,,,242.25776,6b91041f-bd60-4738-8305-46b144ce725d
Object Transfer,9,,#C C picks up a drawer handle from the workshop table with his left hand.,Logistics step involving picking up an object.,r001,Carpentry,,,306.79337,6b91041f-bd60-4738-8305-46b144ce725d
Essential Operation,9,,#C C tightens the jaw of the bench vice with its handle in his right hand.,Core manual task involving high hand activity.,r001,Carpentry,,,317.50691,6b91041f-bd60-4738-8305-46b144ce725d
Object Transfer,9,,#C C moves a tool container on the workshop table with his left hand.,Movement of an object from one location to another.,r001,Carpentry,,,324.89856,6b91041f-bd60-4738-8305-46b144ce725d
Essential Operation,9,,#C C loosens the jaw of the bench vice with its handle in his left hand.,Core manual task involving high hand activity.,r001,Carpentry,,,472.99644,6b91041f-bd60-4738-8305-46b144ce725d
Object Transfer,9,,#C C places the drawer in his right hand on the workshop table.,Logistics step involving moving an object to a location.,r001,Carpentry,,,525.4343200000001,6b91041f-bd60-4738-8305-46b144ce725d
Object Transfer,9,,#C C picks up a hammer with his right hand.,Logistics step of picking up an object.,r001,Carpentry,,,541.0316646666666,6b91041f-bd60-4738-8305-46b144ce725d
Locomotion,9,,#C C does the sit up.,"Body moving through space, involves physical movement like standing up.",r001,Desk Work,,,963.2667612757812,6fab4528-101a-4a4b-bb90-a2a155a0bddb
Locomotion,9,,#C C walks back to fence side,"Movement through space, indicative of walking.",r001,Carpentry,,,72.4657696,72273bc9-f73a-42a3-b390-6cb5899c6668
Essential Operation,9,,#C C hits a part of machine with left hand #unsure,"High hand activity, likely associated with an action like striking or operating a tool.",r001,Carpentry,,,133.3594896,72273bc9-f73a-42a3-b390-6cb5899c6668
Essential Operation,9,,#C C tunes the guitar with his left hand. #Unsure,Core manual task involving high hand activity.,r001,Playing Instrument,,,134.8736396,75921506-bcce-4748-9b23-c13769653c03
Essential Operation,9,,#C C sieves the tomato paste,"Core task, high hand activity.",r001,Cooking,,,38.770759600000005,767dbef9-f625-4785-810c-7d8c78c1eddb
Locomotion,9,,#C C moves jug,"Body movement through space, likely involves carrying an object.",r001,Cooking,,,300.7064409546634,767dbef9-f625-4785-810c-7d8c78c1eddb
Object Transfer,9,,#C C puts sieve down,Logistics step involving placing an object down.,r001,Cooking,,,339.1813209546634,767dbef9-f625-4785-810c-7d8c78c1eddb
Object Transfer,9,,#C C puts sieve on the sieve,"Logistics step, placing an object.",r001,Cooking,,,466.0040709546634,767dbef9-f625-4785-810c-7d8c78c1eddb
Stationary,9,,#C C reads from the laptop screen. #Unsure,"Low body/hand motion, focused visual activity.",r001,Desk Work,,,610.78026762133,776749e2-dbd3-46f9-95f9-d20c431f4749
Stationary,9,,#C C holds a napkin.,"Low body/hand motion, holding an object without movement.",r001,Cleaning,,,1.51202,79001765-abc6-439b-a987-367dd4d1d5f6
Object Transfer,9,,#C C picks a pot cover.,"Logistics step, picking up an object.",r001,Cleaning,,,7.30643,79001765-abc6-439b-a987-367dd4d1d5f6
Object Transfer,9,,#C C puts the cover in the cabinet.,Logistics step involving moving an object to a specific location.,r001,Cleaning,,,51.37185,79001765-abc6-439b-a987-367dd4d1d5f6
Object Transfer,9,,#C C puts the pan in the cabinet.,Logistics/Setup step involving placing an object.,r001,Cleaning,,,87.41963,79001765-abc6-439b-a987-367dd4d1d5f6
Search,9,,#C C touches the pans in the cabinet.,Implies visual search or monitoring for specific pans.,r001,Cleaning,,,116.66506,79001765-abc6-439b-a987-367dd4d1d5f6
Object Transfer,9,,#C C puts the pot covers in the cabinet.,Logistics step involving picking up and placing objects.,r001,Cleaning,,,140.23387,79001765-abc6-439b-a987-367dd4d1d5f6
Essential Operation,9,,#C C cleans the pot cover.,"Core manual task involving cleaning, high hand activity.",r001,Cleaning,,,217.45364,79001765-abc6-439b-a987-367dd4d1d5f6
Essential Operation,9,,#C C Adjusts a thread on the floor,"[CtxFixed] The action of adjusting a thread on the floor seems to be a deliberate attempt to modify the position or state of the thread, which is an essential operation rather than an error or correction.",r001,Playing Instrument,,,3.4823086000000005,7d3d85d3-88e4-4bb9-9175-e37107100f2e
Object Transfer,9,,#C C Picks up a thread from the floor,Logistics step of picking up an object.,r001,Playing Instrument,,,8.7597886,7d3d85d3-88e4-4bb9-9175-e37107100f2e
Stationary,9,,#C C Pats a cat with her hands,"Low body/hand motion, likely involves gentle hand movement without significant acceleration.",r001,Playing Instrument,,,38.3630886,7d3d85d3-88e4-4bb9-9175-e37107100f2e
Object Transfer,9,,#C C Adjusts a thread on the floor,"[CtxFixed] The action of adjusting a thread on the floor can be interpreted as a deliberate placement or manipulation of the object, which aligns with the 'Object Transfer' category.",r001,Playing Instrument,,,195.2587786,7d3d85d3-88e4-4bb9-9175-e37107100f2e
Search,9,,#C C looks at a mirror on the vehicle,"Head movement (visual search), hands mostly still.",r001,Mechanical Repair,,,175.43125859999998,7e8b647a-e4ea-4573-9c6d-b6b61eb12510
Stationary,9,,#C C adjusts the power washer,Adjusting the power washer likely involves minimal body movement and could be done while standing still.,r001,Cleaning,,,45.8625096,7f1b26ab-ffc6-40c3-9cb3-572311ccf0d9
Essential Operation,9,,#C C washes the car with the power washer,Core manual task involving high hand activity.,r001,Cleaning,,,80.55240959999999,7f1b26ab-ffc6-40c3-9cb3-572311ccf0d9
Locomotion,9,,#C C pulls a hose of the power washer with both hands,"Body movement involved in pulling the hose, likely involves significant whole-body motion.",r001,Cleaning,,,149.1880496,7f1b26ab-ffc6-40c3-9cb3-572311ccf0d9
Locomotion,9,,#C C walks towards a bucket,Body moving through space (walking).,r001,Cleaning,,,151.9618496,7f1b26ab-ffc6-40c3-9cb3-572311ccf0d9
Essential Operation,9,,#C C scrubs the body of the car with the foam,Core task involving high hand activity.,r001,Cleaning,,,260.06962960000004,7f1b26ab-ffc6-40c3-9cb3-572311ccf0d9
Locomotion,9,,#C C walks towards a part of the car,"Movement through space, indicative of walking.",r001,Cleaning,,,608.1883876213301,7f1b26ab-ffc6-40c3-9cb3-572311ccf0d9
Object Transfer,9,,#C C drops the foam in the bucket,"[CtxFixed] The action of dropping the foam into the bucket is a deliberate placement of an object, which fits the definition of 'Object Transfer'.",r001,Cleaning,,,656.5671576213301,7f1b26ab-ffc6-40c3-9cb3-572311ccf0d9
Essential Operation,9,,#C C adjusts the pressure of the pressure washer with his left hand,"Core manual adjustment task, high hand activity.",r001,Cleaning,,,795.00676762133,7f1b26ab-ffc6-40c3-9cb3-572311ccf0d9
Stationary,9,,#C C switches off the water spray gun.,"Low body/hand motion, likely involves pressing a button or flipping a switch.",r001,Cleaning,,,948.05535762133,7f1b26ab-ffc6-40c3-9cb3-572311ccf0d9
Essential Operation,9,,#C C wipes the floor with a wet wipe,Core manual task involving high hand activity.,r001,Cleaning,,,62.4580586,802e8f99-1e19-489c-9256-496bbd13e1fd
Object Transfer,9,,#C C drops the wet wipe on the floor,Refined via regex fallback,r001,Cleaning,,,85.01721859999999,802e8f99-1e19-489c-9256-496bbd13e1fd
Locomotion,9,,#C C walks around with knees,"Body moving through space, indicative of walking.",r001,Cleaning,,,87.4145986,802e8f99-1e19-489c-9256-496bbd13e1fd
Essential Operation,9,,#C C lifts the wet wipe,Core manual task involving high hand activity.,r001,Cleaning,,,145.5076986,802e8f99-1e19-489c-9256-496bbd13e1fd
Essential Operation,9,,#C C squeezes the wet wipe on the floor,Core manual task involving high hand activity.,r001,Cleaning,,,223.6860386,802e8f99-1e19-489c-9256-496bbd13e1fd
Locomotion,9,,#c c walks towards the field,"Body moving through space, indicative of walking.",r001,Desk Work,,,328.73616,820d4b9e-6fba-472f-aa45-25b27241d4af
Locomotion,9,,#o man x kicks the ball to c,The action involves moving the body through space to kick a ball.,r001,Desk Work,,,431.81793,820d4b9e-6fba-472f-aa45-25b27241d4af
Object Transfer,9,,#o man x passes the ball to man y,Passing the ball involves transferring an object from one person to another.,r001,Desk Work,,,449.08526,820d4b9e-6fba-472f-aa45-25b27241d4af
Object Transfer,9,,#c c passes the ball to man x,"The action involves passing an object, which is a logistics step.",r001,Desk Work,,,467.48315,820d4b9e-6fba-472f-aa45-25b27241d4af
Stationary,9,,#C C stops at the elevator,"The action describes a pause or stop, indicating low body/hand motion.",r001,Playing Instrument,,,469.56047,8483fa90-f5dc-4d50-9561-244bfdf12ea3
Locomotion,9,,#C C walks in the laboratory,Body moving through space (walking).,r001,Playing Instrument,,,562.12861,8483fa90-f5dc-4d50-9561-244bfdf12ea3
Locomotion,9,,O a man D walks around the room,"Movement through space, indicative of walking.",r001,Playing Instrument,,,1007.6629,8483fa90-f5dc-4d50-9561-244bfdf12ea3
Object Transfer,9,,#C C puts the test tube on a surface,"Logistics/Setup step, putting an object down.",r001,Playing Instrument,,,1896.42714,8483fa90-f5dc-4d50-9561-244bfdf12ea3
Object Transfer,9,,#C C picks a test tube inside the machine,Logistics step involving picking up an object.,r001,Playing Instrument,,,2125.90734,8483fa90-f5dc-4d50-9561-244bfdf12ea3
Object Transfer,9,,#C C puts the test tube inside the machine,Logistics step involving placing an object.,r001,Playing Instrument,,,2128.33843,8483fa90-f5dc-4d50-9561-244bfdf12ea3
Stationary,9,,#O a man B controls a phone,"Low body/hand motion, likely interacting with the phone in a stationary position.",r001,Playing Instrument,,,2393.24198,8483fa90-f5dc-4d50-9561-244bfdf12ea3
Locomotion,9,,#C C moves in the house,"Body moving through space, indicative of walking.",r001,Walking Outdoors,,,393.93297,89a62985-3115-4c50-b802-17797f08cc8b
Stationary,9,,#C C switches off the bike lights,The action involves a static interaction (switching off lights) rather than movement or high activity.,r001,Walking Outdoors,,,401.00066,89a62985-3115-4c50-b802-17797f08cc8b
Essential Operation,9,,#C C pulls the cat X closer with his left hand.,The action involves a core manual task with high hand activity.,r001,Walking Outdoors,,,43.7306396,8bb4369f-a6e0-45a3-9d2d-fd5d5c686ccc
Stationary,9,,#C C blows the cat X with the hand drier in his right hand.,"The action involves using a hand dryer on a cat, which is a localized activity and does not involve significant locomotion or high body acceleration.",r001,Walking Outdoors,,,204.3245796,8bb4369f-a6e0-45a3-9d2d-fd5d5c686ccc
Object Transfer,9,,#C C puts cloth on the cat X with his left hand.,Logistics step involving placing an object on another.,r001,Walking Outdoors,,,246.0163596,8bb4369f-a6e0-45a3-9d2d-fd5d5c686ccc
Object Transfer,9,,#C C picks tools,"Logistics/Setup step, picking up objects.",r001,Mechanical Repair,,,44.7066086,8c05c45e-df59-44fa-8e58-1e9ea4edbc86
Object Transfer,9,,#C C pick cable,Logistics step involving picking up an object.,r001,Mechanical Repair,,,591.4125586,8c05c45e-df59-44fa-8e58-1e9ea4edbc86
Essential Operation,9,,#C C folds cable,Core manual task involving high hand activity.,r001,Mechanical Repair,,,602.9119886000001,8c05c45e-df59-44fa-8e58-1e9ea4edbc86
Object Transfer,9,,#C C puts cable on shelf,Logistics step involving the movement of an object (cable).,r001,Mechanical Repair,,,655.8415686000001,8c05c45e-df59-44fa-8e58-1e9ea4edbc86
Essential Operation,9,,#C C cleans the top of the car with the cloth.,"Core task involving cleaning activity, high hand activity.",r001,Cleaning,,,10.4494596,8c1b30cd-f67f-479a-b723-7367528ccb8e
Essential Operation,9,,#C C cleans the hood of the car with the cloth.,Core task involving manual cleaning activity.,r001,Cleaning,,,57.6151396,8c1b30cd-f67f-479a-b723-7367528ccb8e
Essential Operation,9,,#C C cleans the bumper of the car with the cloth.,"Core manual task involving cleaning, high hand activity.",r001,Cleaning,,,111.7008496,8c1b30cd-f67f-479a-b723-7367528ccb8e
Essential Operation,9,,#C cleans the roof of the car with the cloth.,"Core manual task involving cleaning, high hand activity.",r001,Cleaning,,,214.9064196,8c1b30cd-f67f-479a-b723-7367528ccb8e
Essential Operation,9,,#C cleans the outside mirror of the car with the cloth.,Core manual task involving high hand activity.,r001,Cleaning,,,228.2446496,8c1b30cd-f67f-479a-b723-7367528ccb8e
Essential Operation,9,,#C C cleans the car with the cloth.,Core manual task involving high hand activity.,r001,Cleaning,,,487.0480309546634,8c1b30cd-f67f-479a-b723-7367528ccb8e
Object Transfer,9,,#C C picks up the spray bottle with his right hand.,Logistics step involving picking up an object.,r001,Cleaning,,,519.9681009546633,8c1b30cd-f67f-479a-b723-7367528ccb8e
Locomotion,9,,#C C walks towards the disposable bag on the floor.,Body moving through space (walking).,r001,Cleaning,,,560.09582762133,8c1b30cd-f67f-479a-b723-7367528ccb8e
Object Transfer,9,,#C C places the box on top of the container.,Logistics step involving picking up and placing an object.,r001,Cleaning,,,582.5428676213301,8c1b30cd-f67f-479a-b723-7367528ccb8e
Object Transfer,9,,#C C puts the disposable bag in his left hand.,Logistics step involving picking up or putting down an object.,r001,Cleaning,,,587.98091762133,8c1b30cd-f67f-479a-b723-7367528ccb8e
Locomotion,9,,#C C walks towards the plastic bag on the floor.,Body moving through space (walking).,r001,Cleaning,,,591.3934576213301,8c1b30cd-f67f-479a-b723-7367528ccb8e
Object Transfer,9,,#C C opens the door at the right side of the car.,"Opening a door involves a specific action with the hand, indicating a logistics step.",r001,Cleaning,,,649.9944976213301,8c1b30cd-f67f-479a-b723-7367528ccb8e
Object Transfer,9,,#C C opens the door on the driver's side of the car.,Opening a door involves a specific action to manipulate an object (the car door).,r001,Cleaning,,,673.2386476213301,8c1b30cd-f67f-479a-b723-7367528ccb8e
Object Transfer,9,,#C C picks out a paper from the car door pocket. #unsure,Logistics step involving picking up an object.,r001,Cleaning,,,744.1820076213301,8c1b30cd-f67f-479a-b723-7367528ccb8e
Object Transfer,9,,#C C picks up a glove from the floor of the car.,Logistics step involving picking up an object.,r001,Cleaning,,,804.45074762133,8c1b30cd-f67f-479a-b723-7367528ccb8e
Essential Operation,9,,#C C cleans the floor mat in the boot with the vacuum cleaner.,Core task involving manual operation with a tool (vacuum cleaner).,r001,Cleaning,,,966.37681762133,8c1b30cd-f67f-479a-b723-7367528ccb8e
Essential Operation,9,,#C C inserts the bolt in the rear cassette of the bicycle wheel with both hands.,Core task involving high hand activity.,r001,Mechanical Repair,,,8.50943,8dd63cb0-6b7b-401d-bbc3-b5f113b67cd8
Object Transfer,9,,#C C raises a spoke rod with his right hand.,"The action involves picking up an object, which is a logistics step.",r001,Mechanical Repair,,,76.46243,8dd63cb0-6b7b-401d-bbc3-b5f113b67cd8
Essential Operation,9,,#C C turns the bicycle wheel with both hands.,Core manual task involving high hand activity.,r001,Mechanical Repair,,,104.28729,8dd63cb0-6b7b-401d-bbc3-b5f113b67cd8
Stationary,9,,#C C operates mobile phone in the room,"Low body/hand motion, likely involves holding the phone and interacting with it.",r001,Cooking,,,0.5443486,8dfdf47b-b446-4866-b38f-54add1a8e702
Object Transfer,9,,#C C takes snacks from the refrigerator,Logistics step involving picking up and moving objects.,r001,Cooking,,,21.2698186,8dfdf47b-b446-4866-b38f-54add1a8e702
Object Transfer,9,,#C C takes chopping board from the cabinet,Logistics step involving picking up and moving an object.,r001,Cooking,,,57.3047086,8dfdf47b-b446-4866-b38f-54add1a8e702
Object Transfer,9,,#C C opens cupboard kitchen cupboard,Logistics step involving opening a cupboard.,r001,Cooking,,,69.7164586,8dfdf47b-b446-4866-b38f-54add1a8e702
Object Transfer,9,,#C C puts water in the kettle,Logistics step involving picking up and placing the water.,r001,Cooking,,,92.8792486,8dfdf47b-b446-4866-b38f-54add1a8e702
Stationary,9,,#C C operates mobile phone,"Low body/hand motion, likely involves holding the phone and interacting with it.",r001,Cooking,,,145.23445859999998,8dfdf47b-b446-4866-b38f-54add1a8e702
Object Transfer,9,,#C C takes tray from the cabinet,Logistics/Setup step involving picking up and moving an object.,r001,Cooking,,,178.0031086,8dfdf47b-b446-4866-b38f-54add1a8e702
Object Transfer,9,,#C C puts #unsure on the cooking pan,Logistics step of placing an object on the cooking pan.,r001,Cooking,,,193.1258886,8dfdf47b-b446-4866-b38f-54add1a8e702
Essential Operation,9,,#C C cuts onions with the knife,Core task involving high hand activity.,r001,Cooking,,,269.5348986,8dfdf47b-b446-4866-b38f-54add1a8e702
Essential Operation,9,,#C C chops the onion on the chopping board,Core task involving repetitive and high hand activity.,r001,Cooking,,,323.5744835855443,8dfdf47b-b446-4866-b38f-54add1a8e702
Essential Operation,9,,#C C chops #unsure,Core task involving high hand activity.,r001,Cooking,,,391.2829135855442,8dfdf47b-b446-4866-b38f-54add1a8e702
Object Transfer,9,,#C C places the #unsure on the chopping board,Logistics step involving placing an object.,r001,Cooking,,,503.88834358554425,8dfdf47b-b446-4866-b38f-54add1a8e702
Stationary,9,,#C C presses a button on the cooker,"Low body/hand motion, brief action.",r001,Cooking,,,537.9534369188776,8dfdf47b-b446-4866-b38f-54add1a8e702
Object Transfer,9,,#C C pulls a cabin drawer,Logistics step involving opening a drawer.,r001,Cooking,,,543.9172469188776,8dfdf47b-b446-4866-b38f-54add1a8e702
Stationary,9,,#C C converses with Person M,"Low body/hand motion, likely standing or sitting still while talking.",r001,Cooking,,,622.4520621677084,8dfdf47b-b446-4866-b38f-54add1a8e702
Stationary,9,,#O Person M converses with C,Low body/hand motion during conversation.,r001,Cooking,,,654.5403921677084,8dfdf47b-b446-4866-b38f-54add1a8e702
Object Transfer,9,,#C C picks up the turner,Logistics step of picking up an object.,r001,Cooking,,,697.4574521677084,8dfdf47b-b446-4866-b38f-54add1a8e702
Essential Operation,9,,#C C cuts the nylon cover of a plastic tin,Core task involving high hand activity.,r001,Cooking,,,710.9121421677083,8dfdf47b-b446-4866-b38f-54add1a8e702
Essential Operation,9,,#C C slices a carrot on the chopping board with the knife in his right hand.,Core task involving high hand activity and precise movements.,r001,Cooking,,,926.8363852666668,8dfdf47b-b446-4866-b38f-54add1a8e702
Object Transfer,9,,#C C picks a cover from the counter with his left hand.,Logistics action of picking up an object.,r001,Cooking,,,1136.150585266667,8dfdf47b-b446-4866-b38f-54add1a8e702
Essential Operation,9,,#C C stirs the carrots and meat in the pan on the cooker with the spatula in his right hand.,Core task involving high hand activity.,r001,Cooking,,,1174.6626752666666,8dfdf47b-b446-4866-b38f-54add1a8e702
Object Transfer,9,,#C C closes the cupboard doors with his right hand.,Logistics step involving the closing of a cupboard door.,r001,Cooking,,,1194.4886052666666,8dfdf47b-b446-4866-b38f-54add1a8e702
Stationary,9,,#C C touches the counter with his left hand. #unsure,"Low body/hand motion, likely stabilizing or resting hand.",r001,Cooking,,,1195.888605266667,8dfdf47b-b446-4866-b38f-54add1a8e702
Object Transfer,9,,#C C picks two pictures from the floor with both hands.,Logistics step involving picking up objects with both hands.,r001,Cooking,,,1208.6205552666663,8dfdf47b-b446-4866-b38f-54add1a8e702
Object Transfer,9,,#C C removes a magnet from the fridge with his right hand.,"Logistics/Setup step, picking up an object.",r001,Cooking,,,1211.4301752666663,8dfdf47b-b446-4866-b38f-54add1a8e702
Essential Operation,9,,#C C operates the cooker with his left hand.,"Core task involving manual operation, high hand activity.",r001,Cooking,,,1215.1711352666666,8dfdf47b-b446-4866-b38f-54add1a8e702
Object Transfer,9,,#C C opens a drawer with his left hand.,Logistics/Setup step involving opening a drawer.,r001,Cooking,,,1254.1192552666666,8dfdf47b-b446-4866-b38f-54add1a8e702
Stationary,9,,#C C holds the jug handle with his left hand.,The action describes holding an object without any significant movement.,r001,Cooking,,,1291.6633052666666,8dfdf47b-b446-4866-b38f-54add1a8e702
Object Transfer,9,,#C C places the jug on the chopping board on the counter with his left hand.,Logistics step involving placing an object.,r001,Cooking,,,1332.2778752666666,8dfdf47b-b446-4866-b38f-54add1a8e702
Essential Operation,9,,#C C stirs the sauce in the pan on the counter with the spatula in his right hand.,Core manual task involving high hand activity.,r001,Cooking,,,1361.722445266667,8dfdf47b-b446-4866-b38f-54add1a8e702
Essential Operation,9,,#C C rinses both hands in the sink.,Core task involving high hand activity.,r001,Cooking,,,1432.9246552666666,8dfdf47b-b446-4866-b38f-54add1a8e702
Object Transfer,9,,#C C picks the knife from the cutting board on the counter with his right hand.,Logistics step of picking up the knife.,r001,Cooking,,,1488.9037552666666,8dfdf47b-b446-4866-b38f-54add1a8e702
Essential Operation,9,,#C C chops the basil leaves on the cutting board on the counter with the knife in both hands.,Core task involving high hand activity.,r001,Cooking,,,1552.5465752666669,8dfdf47b-b446-4866-b38f-54add1a8e702
Essential Operation,9,,#C C dusts both hands in the sink.,Core task involving high hand activity.,r001,Cooking,,,1597.3264419333334,8dfdf47b-b446-4866-b38f-54add1a8e702
Stationary,9,,#C C holds the handle of the pan on the cooker with his left hand.,"The action describes holding an object without any significant movement, indicating a low energy state.",r001,Cooking,,,1600.2268319333332,8dfdf47b-b446-4866-b38f-54add1a8e702
Object Transfer,9,,#C C picks up basil,Logistics step involving picking up an object.,r001,Cooking,,,1724.472868834375,8dfdf47b-b446-4866-b38f-54add1a8e702
Stationary,9,,#O Person Q converses with C,"Low body/hand motion, likely standing or sitting still while talking.",r001,Cooking,,,1739.598228834375,8dfdf47b-b446-4866-b38f-54add1a8e702
Object Transfer,9,,#C C puts the kettle on an electric base,Logistics step involving picking up and placing the kettle.,r001,Cooking,,,1941.7400279896483,8dfdf47b-b446-4866-b38f-54add1a8e702
Stationary,9,,#C C stares at the food in the frying pan,"Low body/hand motion, focusing visually.",r001,Cooking,,,1944.5490279896485,8dfdf47b-b446-4866-b38f-54add1a8e702
Essential Operation,9,,#C C tries to link the plastic white p.v.c adapter with hand to the conduit plastic pattress box hole,"[CtxFixed] The action involves connecting the plastic white p.v.c adapter to the conduit plastic pattress box hole, which is a deliberate and necessary step in a construction or assembly process.",r001,Carpentry,,,16.87835,9148ceed-6983-4303-a560-2cbde805ee85
Object Transfer,9,,#C C picks a pair of plastic cutting pliers on the bucket,Logistics step involving picking up an object.,r001,Carpentry,,,213.29484,9148ceed-6983-4303-a560-2cbde805ee85
Stationary,9,,#C C suspends an electric hand drill machine on a metal hanger,"The action involves placing or suspending an object, which is a brief, low-energy movement.",r001,Carpentry,,,237.40457,9148ceed-6983-4303-a560-2cbde805ee85
Object Transfer,9,,#C C removes the spirit level from the pattress box,"The action involves removing an object, which is a logistics step.",r001,Carpentry,,,283.31237,9148ceed-6983-4303-a560-2cbde805ee85
Locomotion,9,,#C C moves the leg back,"Body moving through space, likely involves walking or shifting position.",r001,Carpentry,,,302.79415,9148ceed-6983-4303-a560-2cbde805ee85
Essential Operation,9,,#C C drills the wall with the electric hand drilling machine,Core manual task involving high hand activity.,r001,Carpentry,,,325.89608,9148ceed-6983-4303-a560-2cbde805ee85
Object Transfer,9,,#C C puts an electric hand drilling machine on a metal hanger,Logistics step involving placing an object.,r001,Carpentry,,,350.02965,9148ceed-6983-4303-a560-2cbde805ee85
Essential Operation,9,,#C C tightens the chuck with hands,Core manual task involving high hand activity.,r001,Carpentry,,,371.01416,9148ceed-6983-4303-a560-2cbde805ee85
Search,9,,#O person X looks down to the floor,"Head movement (visual search), hands mostly still.",r001,Carpentry,,,501.67693,9148ceed-6983-4303-a560-2cbde805ee85
Stationary,9,,#C C conveys sign with hand to person X,"The action involves conveying a sign with the hand, which suggests a static position with minimal body movement.",r001,Carpentry,,,529.14401,9148ceed-6983-4303-a560-2cbde805ee85
Stationary,9,,#C C holds a china yellow plastic rope,Holding an object with minimal movement.,r001,Carpentry,,,644.9793866666666,9148ceed-6983-4303-a560-2cbde805ee85
Stationary,9,,#C C conveys action with hand to person X,"Low body/hand motion, likely involves gesturing or talking.",r001,Carpentry,,,662.0072666666667,9148ceed-6983-4303-a560-2cbde805ee85
Object Transfer,9,,#C C picks a side cutting pliers from a bucket,Logistics/Setup step involving picking up an object.,r001,Carpentry,,,712.8463666666667,9148ceed-6983-4303-a560-2cbde805ee85
Object Transfer,9,,#C C puts a pair of side cutting pliers in a white bucket,Logistics step involving placing an object.,r001,Carpentry,,,892.9252366666667,9148ceed-6983-4303-a560-2cbde805ee85
Search,9,,#CC stares to the wall,"Visual search or monitoring (staring at the wall), hands mostly still.",r001,Carpentry,,,904.1379166666668,9148ceed-6983-4303-a560-2cbde805ee85
Stationary,9,,#C C holds a yellow plastic curtain twist rope,"Holding an object without moving it, low energy activity.",r001,Carpentry,,,1112.8820633333332,9148ceed-6983-4303-a560-2cbde805ee85
Search,9,,#C C cruises the twisted black wire cables with hands over the mounted pattress wall box,"Visual search with hands, likely low body motion.",r001,Carpentry,,,1156.8883733333332,9148ceed-6983-4303-a560-2cbde805ee85
Essential Operation,9,,#C C cuts a piece of copper wires with a pair of side cutting pliers,Core task involving manual dexterity and fine motor skills.,r001,Carpentry,,,1188.4591833333334,9148ceed-6983-4303-a560-2cbde805ee85
Locomotion,9,,#C C walks in the compound,"Body moving through space, typical of walking.",r001,Walking Outdoors,,,13.77877,96a72022-f4b6-458e-b136-cd97336fb687
Stationary,9,,#C C folds the packet of cat food.,"The action of folding a packet is a low-energy, precise movement.",r001,Playing Instrument,,,40.2524586,9cd46f2b-df56-4a8f-a7e5-a68e3d18bf47
Object Transfer,9,,#C C collects cat food.,Logistics step involving picking up or putting down an object.,r001,Playing Instrument,,,280.5880186,9cd46f2b-df56-4a8f-a7e5-a68e3d18bf47
Stationary,9,,#C C looks at the cat.,"Low body/hand motion, visual observation.",r001,Playing Instrument,,,285.7134971935663,9cd46f2b-df56-4a8f-a7e5-a68e3d18bf47
Stationary,9,,#C C wipes the bed with his hand.,"The action describes a low-energy motion of wiping with the hand, indicating minimal movement.",r001,Playing Instrument,,,363.5153071935663,9cd46f2b-df56-4a8f-a7e5-a68e3d18bf47
Locomotion,9,,#C C cleans along the wooden belt around the room,"Body moving through space, likely involves walking or moving along the room.",r001,Cleaning,,,8.306388637640788,a4352ec3-fd76-4a34-a25d-328c128719d2
Essential Operation,9,,#C C wipes the top of the toilet flush,"Core cleaning task, high hand activity.",r001,Cleaning,,,33.851828637640786,a4352ec3-fd76-4a34-a25d-328c128719d2
Object Transfer,9,,#C C grabs the bottle with both hands,Logistics step involving picking up an object.,r001,Cleaning,,,139.7209486376408,a4352ec3-fd76-4a34-a25d-328c128719d2
Object Transfer,9,,#C C returns the bottle,"Logistics step, placing the bottle back.",r001,Cleaning,,,142.9656686376408,a4352ec3-fd76-4a34-a25d-328c128719d2
Essential Operation,9,,#C C pours detergent on the clothe,Core task involving manual activity with hands.,r001,Cleaning,,,177.7708286376408,a4352ec3-fd76-4a34-a25d-328c128719d2
Object Transfer,9,,#C C places the bottle on the sink,Logistics step involving picking up and putting down an object.,r001,Cleaning,,,272.1660886376408,a4352ec3-fd76-4a34-a25d-328c128719d2
Stationary,9,,#C C closes tap with left hand,"Low body/hand motion, likely minimal movement to close the tap.",r001,Cleaning,,,319.10138450678147,a4352ec3-fd76-4a34-a25d-328c128719d2
Stationary,9,,#C C holds tap with the left hand,Holding the tap with one hand indicates a relatively static position with minimal motion.,r001,Cleaning,,,359.3540945067815,a4352ec3-fd76-4a34-a25d-328c128719d2
Essential Operation,9,,#C C wipes the tab with the right hand,Core task involving high hand activity.,r001,Cleaning,,,381.6786145067815,a4352ec3-fd76-4a34-a25d-328c128719d2
Object Transfer,9,,#C C drops the three bottles on the floor,Refined via regex fallback,r001,Cleaning,,,399.85210450678153,a4352ec3-fd76-4a34-a25d-328c128719d2
Essential Operation,9,,#C C squeezes the detergent on the clothe with the right hand,Core task involving high hand activity.,r001,Cleaning,,,411.4957145067815,a4352ec3-fd76-4a34-a25d-328c128719d2
Object Transfer,9,,#C C places the detergent on the tab,Logistics step involving placing an object.,r001,Cleaning,,,421.1412245067815,a4352ec3-fd76-4a34-a25d-328c128719d2
Essential Operation,9,,#C C cleans the tap with the right hand,"Core manual task, high hand activity.",r001,Cleaning,,,425.7685245067815,a4352ec3-fd76-4a34-a25d-328c128719d2
Essential Operation,9,,#C C wipes the knob in the tab,"Core cleaning task, high hand activity.",r001,Cleaning,,,497.6970545067815,a4352ec3-fd76-4a34-a25d-328c128719d2
Essential Operation,9,,#C C scrubs the wall,Core task involving high hand activity.,r001,Cleaning,,,567.6165298207031,a4352ec3-fd76-4a34-a25d-328c128719d2
Essential Operation,9,,#C C cleans the wall,Core task involving manual cleaning activity.,r001,Cleaning,,,587.6401898207032,a4352ec3-fd76-4a34-a25d-328c128719d2
Essential Operation,9,,#C C rinses the bath tub,Core task involving manual operation with high hand activity.,r001,Cleaning,,,670.0100098207031,a4352ec3-fd76-4a34-a25d-328c128719d2
Object Transfer,9,,#C C Puts the cloth on a rack,Logistics step involving placing an object.,r001,Cleaning,,,96.5093486,a69d9469-60fe-46ba-b626-e2af188aa33c
Object Transfer,9,,#C C Picks a cloth from the bed,Logistics step involving picking up an object.,r001,Cleaning,,,124.7277986,a69d9469-60fe-46ba-b626-e2af188aa33c
Object Transfer,9,,#C C Puts the socks on a rack,Logistics step involving picking up and placing objects.,r001,Cleaning,,,230.3370786,a69d9469-60fe-46ba-b626-e2af188aa33c
Stationary,9,,#C C Turns to the bed,Turning to an object suggests a change in orientation rather than continuous movement or high activity.,r001,Cleaning,,,241.3678186,a69d9469-60fe-46ba-b626-e2af188aa33c
Search,9,,#C C Looks at the rack,"Head movement (visual inspection), hands mostly still.",r001,Cleaning,,,277.3060486,a69d9469-60fe-46ba-b626-e2af188aa33c
Object Transfer,9,,#C C hangs dress on the rack with both hands,Logistics step involving picking up and placing an object.,r001,Cleaning,,,303.90806982070313,a69d9469-60fe-46ba-b626-e2af188aa33c
Locomotion,9,,#C C moves towards the bed,Body moving through space (walking).,r001,Cleaning,,,307.75687982070315,a69d9469-60fe-46ba-b626-e2af188aa33c
Locomotion,9,,#C C lifts a vacuum cleaner,"Body moving through space, high body acceleration.",r001,Cleaning,,,248.8987686,a855cacc-0c0f-4ad3-9991-90cbd761637a
Locomotion,9,,#C C lifts the litter bin,"Body moving through space to lift an object, involves high body acceleration.",r001,Cleaning,,,306.5980609748144,a855cacc-0c0f-4ad3-9991-90cbd761637a
Essential Operation,9,,#C C cleans door cabinet.,Core task involving high hand activity.,r001,Cleaning,,,873.5118953125,a855cacc-0c0f-4ad3-9991-90cbd761637a
Object Transfer,9,,#C C drops gloves on the sink.,Refined via regex fallback,r001,Cleaning,,,973.4644453125,a855cacc-0c0f-4ad3-9991-90cbd761637a
Object Transfer,9,,#C C removes toys on the table.,Logistics of picking up and moving objects.,r001,Cleaning,,,1029.9799553125,a855cacc-0c0f-4ad3-9991-90cbd761637a
Object Transfer,9,,#C C picks box on the floor.,Logistics step involving picking up an object.,r001,Cleaning,,,1081.7022053125002,a855cacc-0c0f-4ad3-9991-90cbd761637a
Stationary,9,,#C C takes off her left hand from the cloth.,"Low body/hand motion, likely indicates a pause or transition.",r001,Mechanical Repair,,,8.8407296,ad09372b-2863-4de9-a86c-c46b2f502fe4
Stationary,9,,#C C touches the cloth with her left hand.,"Low body/hand motion, likely inspecting or holding the cloth.",r001,Mechanical Repair,,,14.5241496,ad09372b-2863-4de9-a86c-c46b2f502fe4
Stationary,9,,#C C removes both hands from the cloth.,"Action implies hands are no longer in motion, suggesting a pause or end of activity.",r001,Mechanical Repair,,,15.7831596,ad09372b-2863-4de9-a86c-c46b2f502fe4
Stationary,9,,#C C places her left hand on the cloth.,"Low body/hand motion, preparatory action before a task.",r001,Mechanical Repair,,,17.669719600000004,ad09372b-2863-4de9-a86c-c46b2f502fe4
Stationary,9,,#C C shifts her left hand to the left edge of the cloth.,"The action describes a minor adjustment, likely with minimal movement and no significant activity.",r001,Mechanical Repair,,,20.2659796,ad09372b-2863-4de9-a86c-c46b2f502fe4
Essential Operation,9,,#C C adjusts a section of the cloth with both hands.,Core task involving fine manual adjustments with high hand activity.,r001,Mechanical Repair,,,39.6205596,ad09372b-2863-4de9-a86c-c46b2f502fe4
Stationary,9,,#C C turns the cloth inside out.,"The action involves manipulating a cloth, which is likely to be a low-energy, fine motor task.",r001,Mechanical Repair,,,54.430859600000005,ad09372b-2863-4de9-a86c-c46b2f502fe4
Essential Operation,9,,#C C adjusts the cloth again with both hands.,Core manual task involving high hand activity.,r001,Mechanical Repair,,,63.078489600000005,ad09372b-2863-4de9-a86c-c46b2f502fe4
Object Transfer,9,,#C C picks up the iron from the ironing table.,Logistics step of picking up an object.,r001,Mechanical Repair,,,92.1428496,ad09372b-2863-4de9-a86c-c46b2f502fe4
Object Transfer,9,,#C C drops the iron on the ironing table.,"[CtxFixed] The action of dropping the iron onto the ironing table can be interpreted as a deliberate placement of the object, even if it was done accidentally. This involves moving the iron from the cloth to the table, which fits the criteria for Object Transfer.",r001,Mechanical Repair,,,155.3825796,ad09372b-2863-4de9-a86c-c46b2f502fe4
Stationary,9,,#C C removes her left hand from the cloth.,"Low body/hand motion, removal of hand from cloth indicates a pause or completion of a task.",r001,Mechanical Repair,,,158.9140396,ad09372b-2863-4de9-a86c-c46b2f502fe4
Stationary,9,,#C C adjusts the cloth with both hands.,"Adjusting the cloth with both hands suggests a precise, stationary task with minimal body movement.",r001,Mechanical Repair,,,168.0953996,ad09372b-2863-4de9-a86c-c46b2f502fe4
Essential Operation,9,,#C C adjusts the clothes with both hands.,Core task involving high hand activity.,r001,Mechanical Repair,,,205.2489696,ad09372b-2863-4de9-a86c-c46b2f502fe4
Essential Operation,9,,#C C adjusts the cloth with both hands.,Core manual task involving high hand activity.,r001,Mechanical Repair,,,266.85022960000003,ad09372b-2863-4de9-a86c-c46b2f502fe4
Stationary,9,,#C C lays jean short on pressing board,"The action involves placing an object down, which is a low-energy activity with minimal body movement.",r001,Mechanical Repair,,,534.84699562133,ad09372b-2863-4de9-a86c-c46b2f502fe4
Stationary,9,,#C C touches the black gown with her left hand.,"Low body/hand motion, likely a minor touch or adjustment.",r001,Mechanical Repair,,,571.93835762133,ad09372b-2863-4de9-a86c-c46b2f502fe4
Stationary,9,,#C C folds the black gown.,"The action involves a low-energy movement, such as putting on a gown, which does not involve significant body or hand acceleration.",r001,Mechanical Repair,,,604.85875762133,ad09372b-2863-4de9-a86c-c46b2f502fe4
Stationary,9,,#C C turns the black shirt inside out.,Turning a shirt inside out is a low-energy action with minimal body movement.,r001,Mechanical Repair,,,615.55863762133,ad09372b-2863-4de9-a86c-c46b2f502fe4
Object Transfer,9,,#C C places the black shirt on the ironing table.,Logistics step of placing an object.,r001,Mechanical Repair,,,663.90260762133,ad09372b-2863-4de9-a86c-c46b2f502fe4
Stationary,9,,#C C irons the black shirt.,"The action described does not involve significant body or hand movement, suggesting a low-energy, stationary activity.",r001,Mechanical Repair,,,675.50761762133,ad09372b-2863-4de9-a86c-c46b2f502fe4
Object Transfer,9,,#C C places the black shirt on top of the other clothes on the bed.,Logistics step involving placing an object.,r001,Mechanical Repair,,,803.3360676213301,ad09372b-2863-4de9-a86c-c46b2f502fe4
Essential Operation,9,,#C C irons the short.,"[CtxFixed] The action of ironing the short is a deliberate and purposeful activity, which falls under the category of Essential Operation as it is a necessary step in the process of preparing the clothing.",r001,Mechanical Repair,,,815.40735762133,ad09372b-2863-4de9-a86c-c46b2f502fe4
Stationary,9,,#C C adjusts the cloth on the pressing board,The action involves fine adjustments which are likely to be low in energy and mostly stationary.,r001,Mechanical Repair,,,883.38563762133,ad09372b-2863-4de9-a86c-c46b2f502fe4
Stationary,9,,#C C folds the boxer,"The action of folding is not indicative of locomotion, essential operation, object transfer, search, or error/correction. It is a relatively stationary task.",r001,Mechanical Repair,,,959.67096762133,ad09372b-2863-4de9-a86c-c46b2f502fe4
Object Transfer,9,,#C C drops the boxer,"[CtxFixed] The action of dropping the boxer appears to be a deliberate placement rather than a mistake, as it follows a sequence of folding the boxer (t-1).",r001,Mechanical Repair,,,966.05189762133,ad09372b-2863-4de9-a86c-c46b2f502fe4
Object Transfer,9,,#C C picks a short jean on the bed,Logistics action of picking up an object.,r001,Mechanical Repair,,,1000.82694762133,ad09372b-2863-4de9-a86c-c46b2f502fe4
Object Transfer,9,,#C C picks the jean from the pressing board,Logistics/Setup step (picking up an object).,r001,Mechanical Repair,,,1028.4657276213302,ad09372b-2863-4de9-a86c-c46b2f502fe4
Stationary,9,,#C C adjusts the jean cloth on the pressing board,Adjusting the cloth involves minimal movement and is more about positioning than active manipulation.,r001,Mechanical Repair,,,1028.9621276213302,ad09372b-2863-4de9-a86c-c46b2f502fe4
Stationary,9,,#C C touches the jean,"Low body/hand motion, likely inspection or touch.",r001,Mechanical Repair,,,1048.52738762133,ad09372b-2863-4de9-a86c-c46b2f502fe4
Object Transfer,9,,#C C picks the pressing iron,Logistics step of picking up an object.,r001,Mechanical Repair,,,1059.82521762133,ad09372b-2863-4de9-a86c-c46b2f502fe4
Stationary,9,,#C C rests the iron on the ironing board.,The action involves placing an object and likely results in minimal movement afterwards.,r001,Mechanical Repair,,,1173.9998542879966,ad09372b-2863-4de9-a86c-c46b2f502fe4
Object Transfer,9,,#C C picks the short from the ironing board with both hands.,"Logistics step, picking up an object.",r001,Mechanical Repair,,,1185.3337442879963,ad09372b-2863-4de9-a86c-c46b2f502fe4
Object Transfer,9,,#C C removes the hanger from the dress.,"The action involves picking up or removing an object, which falls under logistics or setup steps.",r001,Mechanical Repair,,,1231.5370842879963,ad09372b-2863-4de9-a86c-c46b2f502fe4
Essential Operation,9,,#C C presses the dress with the iron.,Core manual task involving high hand activity.,r001,Mechanical Repair,,,1255.1773042879963,ad09372b-2863-4de9-a86c-c46b2f502fe4
Stationary,9,,#C C lays the shirt's sleeve on the ironing board.,"The action involves placing an object, which results in minimal movement.",r001,Mechanical Repair,,,1567.896364287997,ad09372b-2863-4de9-a86c-c46b2f502fe4
Essential Operation,9,,#C C presses the shirt with the iron.,Core task involving high hand activity.,r001,Mechanical Repair,,,1583.1772042879966,ad09372b-2863-4de9-a86c-c46b2f502fe4
Object Transfer,9,,#C C picks up the shirt with her left hand.,Logistics action involving picking up an object.,r001,Mechanical Repair,,,1586.449504287997,ad09372b-2863-4de9-a86c-c46b2f502fe4
Essential Operation,9,,#C C shifts the iron on the ironing board with her right hand.,Core task involving manual manipulation with high hand activity.,r001,Mechanical Repair,,,1593.6692242879967,ad09372b-2863-4de9-a86c-c46b2f502fe4
Stationary,9,,#C C irons the sleeve of the shirt,"The action described does not fit typical locomotion, essential operation, object transfer, search, or error/correction scenarios. Ironing a sleeve is a stationary activity with minimal movement.",r001,Mechanical Repair,,,1642.5122409546632,ad09372b-2863-4de9-a86c-c46b2f502fe4
Stationary,9,,#C C turns the shirt,"Low body/hand motion, likely adjusting clothing.",r001,Mechanical Repair,,,1666.6951209546633,ad09372b-2863-4de9-a86c-c46b2f502fe4
Stationary,9,,#C C adjusts the cuff of the shirt with both hands,Adjusting the cuff is a fine motor task with low overall body and hand acceleration.,r001,Mechanical Repair,,,1672.8807209546633,ad09372b-2863-4de9-a86c-c46b2f502fe4
Stationary,9,,#C C lays the cuff on the ironing board,"The action involves placing an object on a surface, which is a low-energy, static motion.",r001,Mechanical Repair,,,1685.6457709546632,ad09372b-2863-4de9-a86c-c46b2f502fe4
Stationary,9,,#C C folds the cuff of the shirt,"Adjusting clothing, low body/hand motion.",r001,Mechanical Repair,,,1723.6609509546631,ad09372b-2863-4de9-a86c-c46b2f502fe4
Stationary,9,,#C C turns the sleeve of the shirt to the front side,"Adjusting clothing, minimal body movement.",r001,Mechanical Repair,,,1730.705360954663,ad09372b-2863-4de9-a86c-c46b2f502fe4
Object Transfer,9,,#C C passes the iron to his left hand,Logistics step involving passing the object.,r001,Mechanical Repair,,,1773.2679709546633,ad09372b-2863-4de9-a86c-c46b2f502fe4
Essential Operation,9,,#C C turns the sleeve to the other side,Turning an object involves high hand activity and focused manipulation.,r001,Mechanical Repair,,,1787.958060954663,ad09372b-2863-4de9-a86c-c46b2f502fe4
Stationary,9,,#C C holds the yoke of the shirt,The action describes a holding position which implies low body and hand motion.,r001,Mechanical Repair,,,1793.5593809546633,ad09372b-2863-4de9-a86c-c46b2f502fe4
Stationary,9,,#C c removes wool from the shirt #unsure,"The action description is unclear, but if it involves removing wool from a shirt without significant movement, it likely falls under low-energy activity.",r001,Mechanical Repair,,,1794.4807009546632,ad09372b-2863-4de9-a86c-c46b2f502fe4
Stationary,9,,#C C holds the cuff,"Low body/hand motion, likely holding an object without movement.",r001,Mechanical Repair,,,1812.4042209546635,ad09372b-2863-4de9-a86c-c46b2f502fe4
Stationary,9,,#C C holds the box plate of the shirt,Holding an object indicates low body and hand motion.,r001,Mechanical Repair,,,1886.750830954664,ad09372b-2863-4de9-a86c-c46b2f502fe4
Stationary,9,,#C C holds another part of the collar of the shirt,"Low body/hand motion, holding an object without movement.",r001,Mechanical Repair,,,1927.5584209546632,ad09372b-2863-4de9-a86c-c46b2f502fe4
Essential Operation,9,,#C C wets the shirt with the iron,"Core task involving manual operation with hands, likely high hand activity.",r001,Mechanical Repair,,,1939.9306009546635,ad09372b-2863-4de9-a86c-c46b2f502fe4
Stationary,9,,#C C holds the sleeve part close to the yoke,"The action describes holding an object, which involves low body and hand motion.",r001,Mechanical Repair,,,1956.0022209546632,ad09372b-2863-4de9-a86c-c46b2f502fe4
Stationary,9,,#C C adjusts the yoke of the shirt,Adjusting the yoke of a shirt is a fine motor task that likely involves minimal whole-body movement.,r001,Mechanical Repair,,,1968.4152909546635,ad09372b-2863-4de9-a86c-c46b2f502fe4
Object Transfer,9,,#C C returns the body front of the shirt to the front side,"[CtxFixed] The action of returning the body front of the shirt to the front side indicates a deliberate placement of the shirt, which fits the criteria for 'Object Transfer'.",r001,Mechanical Repair,,,1988.9419809546632,ad09372b-2863-4de9-a86c-c46b2f502fe4
Stationary,9,,#C C holds his right hand with his left hand,"Low body/hand motion, holding one hand with another.",r001,Mechanical Repair,,,1992.8838709546635,ad09372b-2863-4de9-a86c-c46b2f502fe4
Stationary,9,,#C C smoothens the shirt,"Low body/hand motion, likely involves minor adjustments or preparations.",r001,Mechanical Repair,,,1997.0366209546632,ad09372b-2863-4de9-a86c-c46b2f502fe4
Stationary,9,,#C C pulls the bottom part of the shirt,"The action involves adjusting clothing, which typically does not involve significant body or hand motion.",r001,Mechanical Repair,,,1997.8366809546635,ad09372b-2863-4de9-a86c-c46b2f502fe4
Object Transfer,9,,#C C returns the body front part of the shirt back to the front,"[CtxFixed] The action involves moving the front part of the shirt back to its original position, which can be considered a deliberate placement or adjustment.",r001,Mechanical Repair,,,2016.573480954664,ad09372b-2863-4de9-a86c-c46b2f502fe4
Stationary,9,,#C C holds the sleeve,"Low body/hand motion, holding an object without moving.",r001,Mechanical Repair,,,2056.4406509546634,ad09372b-2863-4de9-a86c-c46b2f502fe4
Essential Operation,9,,#C C adjusts the box plate of the shirt,"Core manual task, likely involves precise hand movements.",r001,Mechanical Repair,,,2072.843580954663,ad09372b-2863-4de9-a86c-c46b2f502fe4
Stationary,9,,#C C lifts his left hand,"Low body/hand motion, indicating a pause or preparatory action.",r001,Mechanical Repair,,,2082.3249709546635,ad09372b-2863-4de9-a86c-c46b2f502fe4
Essential Operation,9,,#C C adjusts the sleeve,Core manual task involving precise hand movements.,r001,Mechanical Repair,,,2092.8327309546635,ad09372b-2863-4de9-a86c-c46b2f502fe4
Stationary,9,,#C C adjusts the shirt,Adjusting clothing is a low energy activity with minimal movement.,r001,Mechanical Repair,,,2114.717110954663,ad09372b-2863-4de9-a86c-c46b2f502fe4
Stationary,9,,#C C holds the shirt with both hands,Holding an object with both hands indicates a static position with minimal movement.,r001,Mechanical Repair,,,2135.18812562133,ad09372b-2863-4de9-a86c-c46b2f502fe4
Object Transfer,9,,#C C places the iron on the blue shirt.,"The action involves placing an object, which is a logistics step.",r001,Mechanical Repair,,,2193.92425762133,ad09372b-2863-4de9-a86c-c46b2f502fe4
Stationary,9,,#C C stops ironing the blue shirt.,"The action indicates a pause in activity, suggesting low body and hand motion.",r001,Mechanical Repair,,,2315.45658762133,ad09372b-2863-4de9-a86c-c46b2f502fe4
Object Transfer,9,,#C C picks up a black trousers. #Unsure,"Logistics step (pick up item), short burst of hand activity.",r001,Mechanical Repair,,,2359.45195762133,ad09372b-2863-4de9-a86c-c46b2f502fe4
Object Transfer,9,,#C C drops the cap of the bottle water on the ironing board.,"[CtxFixed] The action involves deliberately placing the cap of the bottle water onto the ironing board, which fits the definition of a deliberate placement.",r001,Mechanical Repair,,,2371.46563762133,ad09372b-2863-4de9-a86c-c46b2f502fe4
Stationary,9,,#C C stops ironing the black trousers.,"The action indicates a pause or stop in activity, suggesting low energy and motion.",r001,Mechanical Repair,,,2421.89178762133,ad09372b-2863-4de9-a86c-c46b2f502fe4
Stationary,9,,#C C spreads the black trousers on the ironing board.,The action involves placing an object and is likely done with minimal body movement.,r001,Mechanical Repair,,,2423.03863762133,ad09372b-2863-4de9-a86c-c46b2f502fe4
Essential Operation,9,,#C C irons the trouser with the iron,"Core task involving manual operation with the hand, high hand activity.",r001,Mechanical Repair,,,2439.6437376213303,ad09372b-2863-4de9-a86c-c46b2f502fe4
Essential Operation,9,,#C C buttons the trouser,"[CtxFixed] Buttoning the trouser is a necessary step in completing the task of dressing or preparing the garment, which falls under the category of Essential Operation.",r001,Mechanical Repair,,,2604.61846762133,ad09372b-2863-4de9-a86c-c46b2f502fe4
Stationary,9,,#C C zips up the trouser,Zipping up trousers is a quick action that does not involve significant motion.,r001,Mechanical Repair,,,2610.84119762133,ad09372b-2863-4de9-a86c-c46b2f502fe4
Stationary,9,,#C C runs her left hand across the trouser,"[CtxFixed] The action of running her hand across the trouser is a form of inspection or adjustment, which falls under the 'Stationary' category as it does not involve movement from one location to another.",r001,Mechanical Repair,,,2620.39624762133,ad09372b-2863-4de9-a86c-c46b2f502fe4
Stationary,9,,#C C smoothens the trouser with her hands,"Low body/hand motion, smoothing is a fine motor task that doesn't involve significant movement.",r001,Mechanical Repair,,,2629.46887762133,ad09372b-2863-4de9-a86c-c46b2f502fe4
Stationary,9,,#C C adjusts the trouser on the ironing board,"Adjusting an object typically involves fine-tuning and minimal movement, indicating a low energy state.",r001,Mechanical Repair,,,2630.82314762133,ad09372b-2863-4de9-a86c-c46b2f502fe4
Object Transfer,9,,#C C picks up the trouser from the middle,Logistics action of picking up an object.,r001,Mechanical Repair,,,2644.3964576213302,ad09372b-2863-4de9-a86c-c46b2f502fe4
Stationary,9,,#C C adjusts the cuff of the shirt,"Low body/hand motion, likely involves minor hand adjustment.",r001,Mechanical Repair,,,2721.2984842879964,ad09372b-2863-4de9-a86c-c46b2f502fe4
Stationary,9,,#C C flips the hand of the shirt on the ironing board,The action described is a minor adjustment that likely involves low energy and minimal movement.,r001,Mechanical Repair,,,2838.497544287997,ad09372b-2863-4de9-a86c-c46b2f502fe4
Essential Operation,9,,#C C irons the shirt with the iron,"Core task involving manual operation with the iron, high hand activity.",r001,Mechanical Repair,,,2945.9588842879966,ad09372b-2863-4de9-a86c-c46b2f502fe4
Object Transfer,9,,#C C carries the cloth from the ironing table,Logistics step involving moving an object (cloth).,r001,Mechanical Repair,,,3081.7689942879965,ad09372b-2863-4de9-a86c-c46b2f502fe4
Stationary,9,,#C C straightens the trouser with both hands,"Low body/hand motion, adjusting clothing.",r001,Mechanical Repair,,,3276.380830954663,ad09372b-2863-4de9-a86c-c46b2f502fe4
Stationary,9,,#C C holds the trouser with her left hand,Holding an object with minimal movement.,r001,Mechanical Repair,,,3294.752820954663,ad09372b-2863-4de9-a86c-c46b2f502fe4
Object Transfer,9,,#C C drops the clothe on the bed,"[CtxFixed] The action of dropping the cloth onto the bed is a deliberate placement, which fits the criteria for 'Object Transfer'.",r001,Mechanical Repair,,,3322.812730954663,ad09372b-2863-4de9-a86c-c46b2f502fe4
Object Transfer,9,,#C C picks a guitar with the left hand,Logistics step of picking up the guitar.,r001,Playing Instrument,,,667.075617613672,ae15b414-41c8-478a-94a3-e69a87ebf318
Stationary,9,,#C C stares at the guitar,"Low body/hand motion, focused gaze.",r001,Playing Instrument,,,1373.261297247718,ae15b414-41c8-478a-94a3-e69a87ebf318
Object Transfer,9,,#C C places hands on the piano,"Logistics/setup step, placing hands on the instrument.",r001,Playing Instrument,,,1917.366826677584,ae15b414-41c8-478a-94a3-e69a87ebf318
Essential Operation,9,,#C C inserts the wheel part in his right hand into the wheel holder rod of the rear tire.,Core task involving precise hand movements.,r001,Mechanical Repair,,,23.16327,b29fc28f-d093-47a3-a9d8-0d1b466c0433
Essential Operation,9,,#C C rolls the rear tire with his left hand.,Core task involving high hand activity.,r001,Mechanical Repair,,,35.84233,b29fc28f-d093-47a3-a9d8-0d1b466c0433
Object Transfer,9,,#C C picks a nut tightener from the car lift with his right hand.,"The action involves picking up an object, which falls under logistics and setup.",r001,Mechanical Repair,,,92.56737,b29fc28f-d093-47a3-a9d8-0d1b466c0433
Essential Operation,9,,#C C attaches the exhaust pipe to the motorcycle with both hands.,Core manual task involving high hand activity.,r001,Mechanical Repair,,,135.32235,b29fc28f-d093-47a3-a9d8-0d1b466c0433
Object Transfer,9,,#C C picks the bolt and nut tightener in the wrench from the car lift with his right hand.,"The action involves picking up and transferring objects, which is a logistics step.",r001,Mechanical Repair,,,226.5687,b29fc28f-d093-47a3-a9d8-0d1b466c0433
Stationary,9,,#C C holds the bolt in his left hand.,"The action describes holding an object, which involves minimal movement.",r001,Mechanical Repair,,,241.26338,b29fc28f-d093-47a3-a9d8-0d1b466c0433
Essential Operation,9,,#C C tightens the bolt in the exhaust pipe of the motorcycle with the bolt and nut tightener in the wrench in his right hand.,Core manual task involving high hand activity and focused action.,r001,Mechanical Repair,,,252.72638,b29fc28f-d093-47a3-a9d8-0d1b466c0433
Stationary,9,,#C C holds the exhaust pipe with his left hand.,"The action describes holding an object, which involves minimal movement.",r001,Mechanical Repair,,,284.12072,b29fc28f-d093-47a3-a9d8-0d1b466c0433
Stationary,9,,#C C holds the other needle with right hand,"The action involves holding an object with the hand, indicating low movement.",r001,Cooking,,,148.8729996,c07fd00f-e660-4779-8f14-523fcbe80199
Stationary,9,,#C C holds the needle with right hand,Holding an object with minimal movement.,r001,Cooking,,,230.7779996,c07fd00f-e660-4779-8f14-523fcbe80199
Stationary,9,,#C C adjusts the yarn,Adjusting involves fine motor skills with minimal body movement.,r001,Cooking,,,280.22799960000003,c07fd00f-e660-4779-8f14-523fcbe80199
Essential Operation,9,,#C C knits the fabric,Core manual task involving high hand activity.,r001,Cooking,,,1299.7292309546633,c07fd00f-e660-4779-8f14-523fcbe80199
Essential Operation,9,,#C C straightens the thread,Core task involving precise hand movements.,r001,Cooking,,,1647.414710954663,c07fd00f-e660-4779-8f14-523fcbe80199
Stationary,9,,#C C talks to person Y,Low body/hand motion.,r001,Cooking,,,1861.682930954663,c07fd00f-e660-4779-8f14-523fcbe80199
Essential Operation,9,,#C C chops #unsure with the knife,Core manual task involving high hand activity.,r001,Cooking,,,2169.9674542879966,c07fd00f-e660-4779-8f14-523fcbe80199
Essential Operation,9,,#C C pours the almond juice in the blender,Core task involving high hand activity.,r001,Cooking,,,2404.650314287997,c07fd00f-e660-4779-8f14-523fcbe80199
Object Transfer,9,,#C C puts the mug on the table,Logistics step of placing an object.,r001,Cooking,,,2554.901174287997,c07fd00f-e660-4779-8f14-523fcbe80199
Search,9,,#C C looks at the fabric,"Head movement (visual inspection), hands mostly still.",r001,Cooking,,,2880.368814287997,c07fd00f-e660-4779-8f14-523fcbe80199
Stationary,9,,#C C scratches the face,"Low body/hand motion, face scratching is a minor action.",r001,Cooking,,,3249.453404287997,c07fd00f-e660-4779-8f14-523fcbe80199
Object Transfer,9,,#C C drops the silverware on the plate rack with her right hand.,Refined via regex fallback,r001,Cleaning,,,462.7198966666666,c115ba6e-cc76-4d8c-b28e-b659a558fc43
Essential Operation,9,,#C C washes the bowl in her left hand with the sponge in her right hand.,Core task involving high hand activity with both hands.,r001,Cleaning,,,516.1005866666667,c115ba6e-cc76-4d8c-b28e-b659a558fc43
Object Transfer,9,,#C C places the sponge in her right hand on the kitchen sink.,Logistics step involving picking up and placing an object.,r001,Cleaning,,,540.9058066666666,c115ba6e-cc76-4d8c-b28e-b659a558fc43
Object Transfer,9,,#C C passes the pot in her right hand to her left hand.,Logistics step involving the transfer of an object between hands.,r001,Cleaning,,,630.4309266666667,c115ba6e-cc76-4d8c-b28e-b659a558fc43
Locomotion,9,,#C C walks down the street,"Body moving through space, high body acceleration.",r001,Walking Outdoors,,,104.50793,c1dc6626-34c8-4367-a80a-42a44057f47b
Locomotion,9,,#O person X walks out of a shop,Body moving through space (walking).,r001,Walking Outdoors,,,732.2203833333333,c1dc6626-34c8-4367-a80a-42a44057f47b
Locomotion,9,,#O person Z walks out of a shop,Body moving through space (walking).,r001,Walking Outdoors,,,735.7119533333333,c1dc6626-34c8-4367-a80a-42a44057f47b
Essential Operation,9,,#O cashier P operates a computer,Core manual task involving interaction with a computer.,r001,Walking Outdoors,,,790.6386833333333,c1dc6626-34c8-4367-a80a-42a44057f47b
Object Transfer,9,,#O person X drops #unsure,"[CtxFixed] The action of dropping an object onto a surface is a deliberate placement, which fits the criteria for 'Object Transfer'.",r001,Walking Outdoors,,,855.9897433333333,c1dc6626-34c8-4367-a80a-42a44057f47b
Locomotion,9,,#O person R walks out of a shop,Body moving through space (walking).,r001,Walking Outdoors,,,1083.575028,c1dc6626-34c8-4367-a80a-42a44057f47b
Locomotion,9,,#C C walks towards the house,"Body moving through space, indicative of walking.",r001,Walking Outdoors,,,1691.9454733333337,c1dc6626-34c8-4367-a80a-42a44057f47b
Locomotion,9,,#C C plays with a dog,"Body moving through space, likely involves walking and interaction which includes movement.",r001,Walking Outdoors,,,2143.9007626666667,c1dc6626-34c8-4367-a80a-42a44057f47b
Object Transfer,9,,#C C removes clothes from the washing machine,Logistics step involving picking up and removing objects.,r001,Cleaning,,,83.6386886,c2eeeab4-1b2d-440d-a459-f105d65a2f11
Stationary,9,,#C C looks at the clothe,"Low body/hand motion, likely visual inspection.",r001,Cleaning,,,184.8733986,c2eeeab4-1b2d-440d-a459-f105d65a2f11
Object Transfer,9,,#C C puts scissor on the surface,Logistics step involving placing an object.,r001,Cleaning,,,268.5603686,c2eeeab4-1b2d-440d-a459-f105d65a2f11
Essential Operation,9,,#C C wipes the surface,Core task involving high hand activity.,r001,Cleaning,,,269.7582086,c2eeeab4-1b2d-440d-a459-f105d65a2f11
Locomotion,9,,#C C pulls a hose pipe the pressure washer,"Movement of the body through space, likely involves dragging or pulling an object which would cause significant body acceleration.",r001,Cleaning,,,9.80703,c396d137-e956-4a7f-ab2e-5a0b29c51afa
Object Transfer,9,,#C C places the car mat on a wall,Logistics step involving placing an object.,r001,Cleaning,,,22.68501,c396d137-e956-4a7f-ab2e-5a0b29c51afa
Stationary,9,,#C C scratches the right leg with the left hand,"Low body/hand motion, indicative of a stationary action.",r001,Cleaning,,,40.34204,c396d137-e956-4a7f-ab2e-5a0b29c51afa
Essential Operation,9,,#C C pours water from the bucket,Core task involving active hand movement.,r001,Cleaning,,,230.05956,c396d137-e956-4a7f-ab2e-5a0b29c51afa
Essential Operation,9,,#C C pours the detergent on a bucket of water,Core task involving manual operation with hands.,r001,Cleaning,,,271.17542,c396d137-e956-4a7f-ab2e-5a0b29c51afa
Object Transfer,9,,#C C places the detergent down,"Logistics step, placing an object down.",r001,Cleaning,,,279.1503,c396d137-e956-4a7f-ab2e-5a0b29c51afa
Essential Operation,9,,#C C washes the car with a sponge,Core manual task involving high hand activity.,r001,Cleaning,,,309.1895,c396d137-e956-4a7f-ab2e-5a0b29c51afa
Essential Operation,9,,#C C washes the wheel of the car,Core manual task involving high hand activity.,r001,Cleaning,,,382.56791,c396d137-e956-4a7f-ab2e-5a0b29c51afa
Essential Operation,9,,#C C dips the sponge on a bucket of water,Core task involving hand activity with the sponge.,r001,Cleaning,,,456.03614,c396d137-e956-4a7f-ab2e-5a0b29c51afa
Locomotion,9,,#C C lifts the windscreen wiper,"Body moving through space to lift the windscreen wiper, involves high body acceleration.",r001,Cleaning,,,478.72788,c396d137-e956-4a7f-ab2e-5a0b29c51afa
Essential Operation,9,,#C C lifts the sponge,Core task involving high hand activity.,r001,Cleaning,,,617.5028766666667,c396d137-e956-4a7f-ab2e-5a0b29c51afa
Essential Operation,9,,#C C dips the sponge inside a bucket of water,"Core cleaning task, high hand activity.",r001,Cleaning,,,696.2513466666667,c396d137-e956-4a7f-ab2e-5a0b29c51afa
Object Transfer,9,,#C C lefts go of the lid,"Action involves letting go of an object, which is a logistics step.",r001,Cleaning,,,1205.366623333333,c396d137-e956-4a7f-ab2e-5a0b29c51afa
Object Transfer,9,,#C C drops the cloth on the car,"[CtxFixed] The action of dropping the cloth onto the car indicates a deliberate placement of the object, which fits the criteria for 'Object Transfer'.",r001,Cleaning,,,1249.1814233333334,c396d137-e956-4a7f-ab2e-5a0b29c51afa
Essential Operation,9,,#C C lifts the piece of cloth,Core manual task involving high hand activity.,r001,Cleaning,,,1310.2960733333334,c396d137-e956-4a7f-ab2e-5a0b29c51afa
Essential Operation,9,,#C C wipes the car with a piece of cloth,Core manual task involving high hand activity.,r001,Cleaning,,,1427.207943333333,c396d137-e956-4a7f-ab2e-5a0b29c51afa
Essential Operation,9,,#C C wipes the windshield of the car with a piece of cloth,Core manual task involving high hand activity.,r001,Cleaning,,,1577.6910933333334,c396d137-e956-4a7f-ab2e-5a0b29c51afa
Essential Operation,9,,#C C wipes the car with a piece cloth,Core task involving high hand activity.,r001,Cleaning,,,1647.57423,c396d137-e956-4a7f-ab2e-5a0b29c51afa
Stationary,9,,#C C stretches the piece of cloth,The action involves a stretching motion which is likely to be low in overall body and hand acceleration.,r001,Cleaning,,,1663.18005,c396d137-e956-4a7f-ab2e-5a0b29c51afa
Essential Operation,9,,#C C squeezes the piece of cloth,"Core manual task, high hand activity.",r001,Cleaning,,,1720.32218,c396d137-e956-4a7f-ab2e-5a0b29c51afa
Search,9,,#C C looks at the car,"Head movement (visual inspection), hands mostly still.",r001,Cleaning,,,1731.225,c396d137-e956-4a7f-ab2e-5a0b29c51afa
Essential Operation,9,,#C C wipes the mirror of a car with a piece of cloth,Core task involving manual effort with repetitive hand movements.,r001,Cleaning,,,1755.52585,c396d137-e956-4a7f-ab2e-5a0b29c51afa
Locomotion,9,,#C C rides to the right side,"Body moving through space, likely indicating movement or riding.",r001,Cleaning,,,210.45456,c6534c1f-765e-42e7-86f4-da210d5211c3
Locomotion,9,,#C C walks inside the restaurant,Movement through space (walking).,r001,Cleaning,,,428.58144,c6534c1f-765e-42e7-86f4-da210d5211c3
Essential Operation,9,,#O A woman X writes on the disposable juice glass,Core task involving manual activity with hands.,r001,Cleaning,,,579.8568633333333,c6534c1f-765e-42e7-86f4-da210d5211c3
Object Transfer,9,,#O A woman X takes juice glass from Y,"Logistics/Setup step, transferring an object.",r001,Cleaning,,,752.6071533333334,c6534c1f-765e-42e7-86f4-da210d5211c3
Stationary,9,,#C C eats ice cream,"Low body/hand motion, likely involves minimal movement.",r001,Cleaning,,,1174.259816666667,c6534c1f-765e-42e7-86f4-da210d5211c3
Object Transfer,9,,#O A man X places soft drink on the table,Logistics step involving placing an object.,r001,Cleaning,,,1231.2759566666666,c6534c1f-765e-42e7-86f4-da210d5211c3
Stationary,9,,#O A man X uses the phone,"Low body/hand motion, likely holding the phone and talking.",r001,Cleaning,,,1360.5243366666666,c6534c1f-765e-42e7-86f4-da210d5211c3
Object Transfer,9,,#O A man X places juice on the table,Logistics step involving placing an object.,r001,Cleaning,,,1590.8402166666667,c6534c1f-765e-42e7-86f4-da210d5211c3
Object Transfer,9,,#O A man X places disposable glass on the table,Logistics step involving picking up and putting down an object.,r001,Cleaning,,,1753.32072,c6534c1f-765e-42e7-86f4-da210d5211c3
Object Transfer,9,,#C C Puts the wipe paper the table,"Logistics step, moving an object to a location.",r001,Cleaning,,,65.42727501249206,c7c429c7-7e3f-4e22-a623-00c16ce7b33c
Object Transfer,9,,#C C Puts the wipe towel on the table,"Logistics step, moving the wipe towel to the table.",r001,Cleaning,,,129.95792501249207,c7c429c7-7e3f-4e22-a623-00c16ce7b33c
Stationary,9,,#C C Holds the wipe paper,"Low body/hand motion, holding an object without movement.",r001,Cleaning,,,135.22745501249204,c7c429c7-7e3f-4e22-a623-00c16ce7b33c
Essential Operation,9,,#C C Sprays the table,Core manual task involving high hand activity.,r001,Cleaning,,,137.04725501249203,c7c429c7-7e3f-4e22-a623-00c16ce7b33c
Essential Operation,9,,#C C Pulls the sweater,Core manual task involving significant hand activity.,r001,Cleaning,,,147.19257501249206,c7c429c7-7e3f-4e22-a623-00c16ce7b33c
Locomotion,9,,#C C Moves the #unsure on the table,"Movement of the body through space, likely involves some level of body acceleration.",r001,Cleaning,,,153.72232501249204,c7c429c7-7e3f-4e22-a623-00c16ce7b33c
Stationary,9,,#C C Holds the piece of paper,"Low body/hand motion, holding an object without movement.",r001,Cleaning,,,157.01128501249207,c7c429c7-7e3f-4e22-a623-00c16ce7b33c
Locomotion,9,,#C C Moves beside the table,Body moving through space (moving beside the table).,r001,Cleaning,,,187.69971501249205,c7c429c7-7e3f-4e22-a623-00c16ce7b33c
Stationary,9,,#C C Puts the hand on the carpet,"Low body/hand motion, preparatory action before cleaning.",r001,Cleaning,,,240.59482501249204,c7c429c7-7e3f-4e22-a623-00c16ce7b33c
Locomotion,9,,#C C Wipes the table stands,Body movement through space (standing). High body acceleration.,r001,Cleaning,,,256.735325012492,c7c429c7-7e3f-4e22-a623-00c16ce7b33c
Essential Operation,9,,#C C Wipes the chair,"Core task, high hand activity.",r001,Cleaning,,,284.6993646563151,c7c429c7-7e3f-4e22-a623-00c16ce7b33c
Locomotion,9,,#C C Moves the tissue,"Movement through space, likely involves body motion.",r001,Cleaning,,,312.32077465631505,c7c429c7-7e3f-4e22-a623-00c16ce7b33c
Object Transfer,9,,#C C lifts the vinegar,"Logistics step, picking up an object.",r001,Cooking,,,149.32852859999997,cb235c78-e524-417a-89fd-57b682bb223b
Object Transfer,9,,#C C removes the blender from the cabinet,"Logistics step, moving an object from one place to another.",r001,Cooking,,,163.25979859999998,cb235c78-e524-417a-89fd-57b682bb223b
Object Transfer,9,,#C C organizes the blender,Logistics/Setup step involving moving objects.,r001,Cooking,,,180.3070686,cb235c78-e524-417a-89fd-57b682bb223b
Object Transfer,9,,#C C picks the garlic from the chopping board,Logistics step involving picking up an object.,r001,Cooking,,,289.52011860000005,cb235c78-e524-417a-89fd-57b682bb223b
Stationary,9,,#C C holds the parsley,"Low body/hand motion, holding an item.",r001,Cooking,,,360.8271286,cb235c78-e524-417a-89fd-57b682bb223b
Object Transfer,9,,#C C place the packet in the countertop,Logistics step involving placing an object.,r001,Cooking,,,420.7623586,cb235c78-e524-417a-89fd-57b682bb223b
Object Transfer,9,,#C C places the container in the cabinet,Logistics step involving placing an object.,r001,Cooking,,,514.5109586000001,cb235c78-e524-417a-89fd-57b682bb223b
Locomotion,9,,#C C swings #unsure,"[CtxFixed] The action 'swings' implies a movement or gesture that is more related to locomotion or a physical motion rather than an essential operation, object transfer, search, or stationary action.",r001,Cooking,,,556.3723993320908,cb235c78-e524-417a-89fd-57b682bb223b
Object Transfer,9,,#C C places the carrot on the countertop,Logistics step involving placing an object.,r001,Cooking,,,580.9316993320908,cb235c78-e524-417a-89fd-57b682bb223b
Object Transfer,9,,#C C places the cutter knife on the countertop,Logistics/Setup step involving placing an object.,r001,Cooking,,,637.4769493320908,cb235c78-e524-417a-89fd-57b682bb223b
Object Transfer,9,,#C C places the pepper on the countertop,"Logistics step of placing the pepper, short burst of hand activity.",r001,Cooking,,,935.601397613672,cb235c78-e524-417a-89fd-57b682bb223b
Stationary,9,,#C C holds the cabbage,"Low body/hand motion, holding an object without movement.",r001,Cooking,,,1059.8470976136718,cb235c78-e524-417a-89fd-57b682bb223b
Object Transfer,9,,#C C picks tomato from the dish,Logistics step involving picking up an object.,r001,Cooking,,,1144.802767613672,cb235c78-e524-417a-89fd-57b682bb223b
Object Transfer,9,,#C C picks bottle from the cabinet,Logistics/Setup step involving picking up an object.,r001,Cooking,,,1255.525847613672,cb235c78-e524-417a-89fd-57b682bb223b
Essential Operation,9,,#C C rubs the lemon,Core task involving high hand activity.,r001,Cooking,,,1320.7844176136718,cb235c78-e524-417a-89fd-57b682bb223b
Locomotion,9,,#C C moves towards the countertop,Body moving through space towards a destination.,r001,Cooking,,,1328.704767613672,cb235c78-e524-417a-89fd-57b682bb223b
Essential Operation,9,,#C C mixes lemon in a bowl,"Core task involving mixing, high hand activity.",r001,Cooking,,,1467.7956682575386,cb235c78-e524-417a-89fd-57b682bb223b
Object Transfer,9,,#C C removes waste from the surface,Logistics step involving picking up and moving an object.,r001,Cooking,,,1625.7193682575385,cb235c78-e524-417a-89fd-57b682bb223b
Object Transfer,9,,#C C picks a spoon from the drawer,Logistics step involving picking up an object.,r001,Cooking,,,1651.053837613672,cb235c78-e524-417a-89fd-57b682bb223b
Object Transfer,9,,#C C pulls the chopping board,Logistics step involving moving an object.,r001,Cooking,,,1681.7375976136718,cb235c78-e524-417a-89fd-57b682bb223b
Object Transfer,9,,#C C picks part of a blender,"Logistics/Setup step, picking up an object.",r001,Cooking,,,1682.8856576136718,cb235c78-e524-417a-89fd-57b682bb223b
Object Transfer,9,,#C C puts a towel on the oven,Logistics step involving placing an object.,r001,Cooking,,,1722.2498576136718,cb235c78-e524-417a-89fd-57b682bb223b
Object Transfer,9,,#C C picks blended potato from the blender,Logistics action of picking up an item.,r001,Cooking,,,1749.0951776136717,cb235c78-e524-417a-89fd-57b682bb223b
Essential Operation,9,,#$C C rolls blended potato,Core manual task involving high hand activity.,r001,Cooking,,,1755.5717976136718,cb235c78-e524-417a-89fd-57b682bb223b
Search,9,,#C C counts potatoes on the tray,"Head and hand movement to count items, indicating a search or monitoring activity.",r001,Cooking,,,1794.3360876136717,cb235c78-e524-417a-89fd-57b682bb223b
Object Transfer,9,,#C C picks a towel from the floor,"Logistics step, picking up an object.",r001,Cooking,,,1864.794087613672,cb235c78-e524-417a-89fd-57b682bb223b
Essential Operation,9,,#C C peels the covering of the margarine,Core task involving manual dexterity and hand activity.,r001,Cooking,,,57.0000386,cd435f5e-95c4-440c-88c7-c65c19f94c4e
Object Transfer,9,,#C C opens the can,Logistics step involving opening an object.,r001,Cooking,,,153.3639586,cd435f5e-95c4-440c-88c7-c65c19f94c4e
Essential Operation,9,,#C C presses a toaster,Pressing a toaster involves a specific manual task with high hand activity.,r001,Cooking,,,369.3732786000001,cd435f5e-95c4-440c-88c7-c65c19f94c4e
Essential Operation,9,,#C C scrubs the plate using her fingers,Core task involving high hand activity.,r001,Cooking,,,53.02218526666667,cf7c12db-1a9e-46d3-96d6-38174bbe373c
Essential Operation,9,,#C C pours the water in the plate in the basin,Core task involving high hand activity.,r001,Cooking,,,57.20542526666667,cf7c12db-1a9e-46d3-96d6-38174bbe373c
Essential Operation,9,,#C C pours water in the tin in the other sink,"Core task involving manual pouring action, high hand activity.",r001,Cooking,,,93.43261526666666,cf7c12db-1a9e-46d3-96d6-38174bbe373c
Stationary,9,,#C C interacts with man W,"Low body/hand motion, likely involves talking or gesturing.",r001,Cooking,,,94.16312526666668,cf7c12db-1a9e-46d3-96d6-38174bbe373c
Essential Operation,9,,#C C pours the water in the other sink,Core task involving active hand movement.,r001,Cooking,,,142.27394526666666,cf7c12db-1a9e-46d3-96d6-38174bbe373c
Object Transfer,9,,#C C puts the water in the tin,Logistics step involving the transfer of an object.,r001,Cooking,,,146.97186526666667,cf7c12db-1a9e-46d3-96d6-38174bbe373c
Stationary,9,,#C C converses with man W,Low body/hand motion during conversation.,r001,Cooking,,,232.87872526666663,cf7c12db-1a9e-46d3-96d6-38174bbe373c
Locomotion,9,,#C C moves the a kettle on the cooker,"Body movement to place the kettle on the cooker, involves high body acceleration.",r001,Cooking,,,264.80864526666664,cf7c12db-1a9e-46d3-96d6-38174bbe373c
Essential Operation,9,,#C C washes a kitchen sink strainer with both hands,Core task involving manual labor with both hands.,r001,Cooking,,,311.80826526666664,cf7c12db-1a9e-46d3-96d6-38174bbe373c
Essential Operation,9,,#C C rinses kitchen sink strainer with the left hand,Core task involving high hand activity.,r001,Cooking,,,314.7983852666667,cf7c12db-1a9e-46d3-96d6-38174bbe373c
Object Transfer,9,,#C C picks a kitchen sink strainer with the right hand,Logistics step involving picking up an object.,r001,Cooking,,,326.39140526666665,cf7c12db-1a9e-46d3-96d6-38174bbe373c
Essential Operation,9,,#C C squeezes a sponge scrubber with the right hand,Core manual task involving high hand activity.,r001,Cooking,,,344.05969526666667,cf7c12db-1a9e-46d3-96d6-38174bbe373c
Essential Operation,9,,#C C scrubs kitchen sink with a sponge scrubber,Core manual task involving high hand activity.,r001,Cooking,,,345.92227526666665,cf7c12db-1a9e-46d3-96d6-38174bbe373c
Object Transfer,9,,#C C drops plastic container lids in the sink,Refined via regex fallback,r001,Cooking,,,387.32498526666666,cf7c12db-1a9e-46d3-96d6-38174bbe373c
Essential Operation,9,,#C C pours liquid soap detergent on the sponge scrubber,Core task involving manual dexterity with the hands.,r001,Cooking,,,397.2279152666667,cf7c12db-1a9e-46d3-96d6-38174bbe373c
Stationary,9,,#O A man V shakes a pan with the right hand,"Shaking a pan involves minimal movement of the body and is a repetitive, low-energy action.",r001,Cooking,,,407.2034452666667,cf7c12db-1a9e-46d3-96d6-38174bbe373c
Essential Operation,9,,#C C washes a plastic lid container with a sponge scrubber,Core manual task involving repetitive hand movements.,r001,Cooking,,,414.34727526666666,cf7c12db-1a9e-46d3-96d6-38174bbe373c
Essential Operation,9,,#C C closes a tap with the right hand,"Core task, high hand activity.",r001,Cooking,,,482.2131452666667,cf7c12db-1a9e-46d3-96d6-38174bbe373c
Stationary,9,,#O A man V sits in the room,"The action describes a person sitting in a room, which involves low body and hand motion.",r001,Cooking,,,513.8665452666668,cf7c12db-1a9e-46d3-96d6-38174bbe373c
Stationary,9,,#C C holds a tray with both hands in the room,"Low body/hand motion, holding an object.",r001,Cooking,,,538.7326352666668,cf7c12db-1a9e-46d3-96d6-38174bbe373c
Object Transfer,9,,#C C moves dish on the table with the left hand,"Moving an object (dish) to a location (table), short burst of hand activity.",r001,Cooking,,,555.7275752666667,cf7c12db-1a9e-46d3-96d6-38174bbe373c
Stationary,9,,#C C does #unsure with both hands,"[CtxFixed] The current action does not specify a clear movement or purpose, suggesting a pause or stationary action.",r001,Cooking,,,572.7969852666668,cf7c12db-1a9e-46d3-96d6-38174bbe373c
Object Transfer,9,,#C C places sponge on top of the sink `,Logistics step involving placing an object.,r001,Cooking,,,609.4510652666667,cf7c12db-1a9e-46d3-96d6-38174bbe373c
Stationary,9,,#C C closes tap with the right hand,"The action of closing a tap is a brief, low-energy movement that does not involve significant body or hand acceleration.",r001,Cooking,,,746.3740152666668,cf7c12db-1a9e-46d3-96d6-38174bbe373c
Object Transfer,9,,#C C opens tap with the right hand,Logistics action involving opening a tap.,r001,Cooking,,,748.5971052666667,cf7c12db-1a9e-46d3-96d6-38174bbe373c
Stationary,9,,#C C holds sink lid with the right hand,"Low body/hand motion, holding an object in place.",r001,Cooking,,,769.3522152666667,cf7c12db-1a9e-46d3-96d6-38174bbe373c
Object Transfer,9,,#C C drops sink lid in the sink with the right hand,Refined via regex fallback,r001,Cooking,,,802.9499352666668,cf7c12db-1a9e-46d3-96d6-38174bbe373c
Essential Operation,9,,#C C presses the sponge,Core task involving manual activity with the hands.,r001,Cooking,,,841.3008252666667,cf7c12db-1a9e-46d3-96d6-38174bbe373c
Stationary,9,,#O man K interacts with C,"The action does not specify any movement or task being performed, suggesting a stationary or low-energy interaction.",r001,Cooking,,,956.6269952666668,cf7c12db-1a9e-46d3-96d6-38174bbe373c
Object Transfer,9,,#C C takes pot lid,"Logistics/Setup step, picking up an object.",r001,Cooking,,,1146.346815266667,cf7c12db-1a9e-46d3-96d6-38174bbe373c
Stationary,9,,#C C holds cord,Holding an object with minimal movement.,r001,Cooking,,,1240.5638752666666,cf7c12db-1a9e-46d3-96d6-38174bbe373c
Object Transfer,9,,#C C picks cord,Logistics/Setup step (picking up an object).,r001,Cooking,,,1243.9690152666667,cf7c12db-1a9e-46d3-96d6-38174bbe373c
Essential Operation,9,,#C C wipes on bottle with a finger,Core manual task involving fine hand movement.,r001,Cooking,,,1387.7296952666666,cf7c12db-1a9e-46d3-96d6-38174bbe373c
Locomotion,9,,#C C moves frying pan on cooker,Movement of the frying pan involves significant body motion.,r001,Cooking,,,1492.2329452666663,cf7c12db-1a9e-46d3-96d6-38174bbe373c
Stationary,9,,#C C points with right hand,Pointing typically involves minimal body movement and is a static gesture.,r001,Cooking,,,1542.9162452666667,cf7c12db-1a9e-46d3-96d6-38174bbe373c
Object Transfer,9,,#C C puts plastic container down,Logistics step involving placing an object down.,r001,Cooking,,,1607.807015266667,cf7c12db-1a9e-46d3-96d6-38174bbe373c
Essential Operation,9,,#C C cleans pan with tap water,Core task involving high hand activity.,r001,Cooking,,,1691.1367852666665,cf7c12db-1a9e-46d3-96d6-38174bbe373c
Object Transfer,9,,#C C picks scoring pad from counter,Logistics step involving picking up an object.,r001,Cooking,,,1706.3397552666663,cf7c12db-1a9e-46d3-96d6-38174bbe373c
Essential Operation,9,,#C C cleans pan with scoring pad,Core manual task involving high hand activity.,r001,Cooking,,,1706.6858952666666,cf7c12db-1a9e-46d3-96d6-38174bbe373c
Essential Operation,9,,#C C runs tap water,Core task involving high hand activity to operate the tap.,r001,Cooking,,,1712.0891352666663,cf7c12db-1a9e-46d3-96d6-38174bbe373c
Object Transfer,9,,#C C picks paper towel from counter,Logistics step involving picking up an object.,r001,Cooking,,,1791.5619852666666,cf7c12db-1a9e-46d3-96d6-38174bbe373c
Search,9,,#C C looks at paper towel,"Head movement (visual search), hands mostly still.",r001,Cooking,,,1816.1720952666667,cf7c12db-1a9e-46d3-96d6-38174bbe373c
Stationary,9,,#C C feels pan with finger,"Low body/hand motion, focused touch action.",r001,Cooking,,,1846.2606852666663,cf7c12db-1a9e-46d3-96d6-38174bbe373c
Essential Operation,9,,#C C wipes pan with a paper towel,Core manual task involving high hand activity.,r001,Cooking,,,1851.7491152666664,cf7c12db-1a9e-46d3-96d6-38174bbe373c
Essential Operation,9,,#C C rubs the counter top with the sponge,Core manual task involving high hand activity.,r001,Cooking,,,1983.3440952666665,cf7c12db-1a9e-46d3-96d6-38174bbe373c
Stationary,9,,#C C seats on the couch,"Low body/hand motion, seated position.",r001,Cooking,,,2078.579615266666,cf7c12db-1a9e-46d3-96d6-38174bbe373c
Stationary,9,,#C C watches a tv,"Low body/hand motion, passive observation.",r001,Cooking,,,2544.9131119333333,cf7c12db-1a9e-46d3-96d6-38174bbe373c
Essential Operation,9,,#C C pours water on the plate,"Core task involving a pouring action, which requires hand manipulation.",r001,Cooking,,,3476.0405619333337,cf7c12db-1a9e-46d3-96d6-38174bbe373c
Stationary,9,,#C C drinks coffee,Drinking coffee involves minimal body movement and is generally a stationary activity.,r001,Cooking,,,3531.394781933333,cf7c12db-1a9e-46d3-96d6-38174bbe373c
Object Transfer,9,,#C C puts a knife in a bowl,Logistics/Setup step involving placing an object.,r001,Cooking,,,3831.823701933333,cf7c12db-1a9e-46d3-96d6-38174bbe373c
Stationary,9,,#C C holds a seed,"Low body/hand motion, seed holding is a static action.",r001,Cooking,,,3841.856151933333,cf7c12db-1a9e-46d3-96d6-38174bbe373c
Object Transfer,9,,#C C picks up a soap bottle,Logistics step involving picking up an object.,r001,Cooking,,,3888.529171933333,cf7c12db-1a9e-46d3-96d6-38174bbe373c
Stationary,9,,#C C removes his left hand from the cable,"The action implies a pause or removal of an object, suggesting low energy movement.",r001,Carpentry,,,48.4697396,d256e7bd-131c-498b-8398-52e996264fa8
Essential Operation,9,,#C C cuts the excess of the cable tie with a scissors.,Core task involving high hand activity.,r001,Carpentry,,,70.5723696,d256e7bd-131c-498b-8398-52e996264fa8
Object Transfer,9,,#C C puts the cable into the circuit box.,Logistics step involving placing the cable into the circuit box.,r001,Carpentry,,,87.2510396,d256e7bd-131c-498b-8398-52e996264fa8
Object Transfer,9,,#C C transfers a pin from his left hand to his right hand. #unsure,"The action involves moving an object between hands, which is a logistics step.",r001,Carpentry,,,137.05198959999998,d256e7bd-131c-498b-8398-52e996264fa8
Object Transfer,9,,#C C lifts up the wire with his left hand.,"Action involves picking up an object, which is a logistics step.",r001,Carpentry,,,212.0318796,d256e7bd-131c-498b-8398-52e996264fa8
Essential Operation,9,,#C C cleans the top of the conjunction box.,Core manual task involving hand activity.,r001,Carpentry,,,341.9569809546634,d256e7bd-131c-498b-8398-52e996264fa8
Essential Operation,9,,#C C removes the wire casing cover.,"Core task involving manual manipulation, high hand activity.",r001,Carpentry,,,367.5987209546634,d256e7bd-131c-498b-8398-52e996264fa8
Essential Operation,9,,#C C hits the wire casing.,"[CtxFixed] The action of hitting the wire casing seems to be a part of the process of securing or finishing the installation of the wire, which is an essential operation.",r001,Carpentry,,,435.3613809546634,d256e7bd-131c-498b-8398-52e996264fa8
Essential Operation,9,,#C C touches the wire casing.,"[CtxFixed] The action of touching the wire casing is likely part of a process to inspect or manipulate the wire, which falls under the category of Essential Operation.",r001,Carpentry,,,451.8484409546634,d256e7bd-131c-498b-8398-52e996264fa8
Locomotion,9,,#C C drags the ladder.,"Body moving through space with the ladder, high body acceleration.",r001,Carpentry,,,457.3178309546634,d256e7bd-131c-498b-8398-52e996264fa8
Locomotion,9,,#C C walks back to a conjunction box.,"Movement through space, indicative of walking.",r001,Carpentry,,,468.90739095466336,d256e7bd-131c-498b-8398-52e996264fa8
Essential Operation,9,,#C C uses pliers on the wire.,Core manual task involving hand manipulation.,r001,Carpentry,,,489.1762509546634,d256e7bd-131c-498b-8398-52e996264fa8
Object Transfer,9,,#C C removes his right hand from the electrical box,"The action involves removing a hand from an object, which is a logistics step.",r001,Carpentry,,,590.2979476213301,d256e7bd-131c-498b-8398-52e996264fa8
Essential Operation,9,,#C C fixes the cables in the electrical box,Core task involving manual dexterity and fine motor skills.,r001,Carpentry,,,648.83808762133,d256e7bd-131c-498b-8398-52e996264fa8
Essential Operation,9,,#C C adjusts the cables in the electrical box,Core manual task involving fine motor skills and hand manipulation.,r001,Carpentry,,,685.4633876213301,d256e7bd-131c-498b-8398-52e996264fa8
Stationary,9,,#C C removes his right hand from the cable,"The action describes a removal of hand from an object, indicating a pause or end to a motion rather than continuous movement or task.",r001,Carpentry,,,724.3208576213301,d256e7bd-131c-498b-8398-52e996264fa8
Locomotion,9,,#C C walks back to the first electrical box,"Body moving through space, indicative of walking.",r001,Carpentry,,,742.9883776213301,d256e7bd-131c-498b-8398-52e996264fa8
Object Transfer,9,,#C C leaves the broom on the wall,Logistics step involving placing the broom.,r001,Cleaning,,,17.7387796,d3075d27-12e9-40ec-9066-cb381eed8aa6
Locomotion,9,,#C C bends town,"Body movement through space, changing posture (bending down).",r001,Cleaning,,,29.7409196,d3075d27-12e9-40ec-9066-cb381eed8aa6
Essential Operation,9,,#C C cleans on the metal bar,Core manual task involving high hand activity.,r001,Cleaning,,,128.4193896,d3075d27-12e9-40ec-9066-cb381eed8aa6
Locomotion,9,,#C C sweeps on the floor,Body moving through space while performing a sweeping action.,r001,Cleaning,,,247.7348896,d3075d27-12e9-40ec-9066-cb381eed8aa6
Essential Operation,9,,#C C cleans the metal,"Core manual task involving cleaning, high hand activity.",r001,Cleaning,,,274.4102709546634,d3075d27-12e9-40ec-9066-cb381eed8aa6
Stationary,9,,#C C holds the broom with the right hand,"Low body/hand motion, holding an object without moving.",r001,Cleaning,,,364.6668109546634,d3075d27-12e9-40ec-9066-cb381eed8aa6
Object Transfer,9,,#C C puts the dirty on the dustpan,Logistics step involving picking up and putting down objects.,r001,Cleaning,,,370.6663309546634,d3075d27-12e9-40ec-9066-cb381eed8aa6
Locomotion,9,,#C C sweeps on the balcony,"Body moving through space with a sweeping motion, high body acceleration.",r001,Cleaning,,,455.9548609546634,d3075d27-12e9-40ec-9066-cb381eed8aa6
Stationary,9,,#C C looks at the laptop screen,"Low body/hand motion, focused visual activity.",r001,Desk Work,,,88.1701686,d5d01a08-b5ad-4bb5-be0b-60154583e82c
Essential Operation,9,,#C C marks the woods with a pencil,Core task involving fine hand movements.,r001,Carpentry,,,58.5300896,d845326e-9e4d-414b-9933-a5d2fde59df2
Essential Operation,9,,#C C adjusts the cutting table,Adjusting a tool involves a focused manual task with significant hand activity.,r001,Carpentry,,,113.8822996,d845326e-9e4d-414b-9933-a5d2fde59df2
Object Transfer,9,,#C C adjusts the sharpening stone and hammer on the plank,Logistics of moving objects (sharpening stone and hammer) on a surface.,r001,Carpentry,,,191.5087896,d845326e-9e4d-414b-9933-a5d2fde59df2
Object Transfer,9,,#C C keeps the detached casing on a table to his right,Logistics step (placing an object).,r001,Carpentry,,,324.1240009546634,d845326e-9e4d-414b-9933-a5d2fde59df2
Stationary,9,,#C C turns the frame,The action of turning a frame suggests a rotation or adjustment rather than movement through space or high activity.,r001,Carpentry,,,520.6561909546634,d845326e-9e4d-414b-9933-a5d2fde59df2
Stationary,9,,#C C takes his left hands off the smaller piece of wood,"Low body/hand motion, indicative of a pause or transition.",r001,Carpentry,,,560.4981609546634,d845326e-9e4d-414b-9933-a5d2fde59df2
Object Transfer,9,,#C C picks up the smaller piece of wood on the board,Logistics step involving picking up an object.,r001,Carpentry,,,581.2598309546634,d845326e-9e4d-414b-9933-a5d2fde59df2
Object Transfer,9,,#C C drops the bottle of soap on the dryer machine,"[CtxFixed] The action of dropping the bottle of soap onto the dryer machine is a deliberate placement, which fits the criteria for 'Object Transfer'.",r001,Cooking,,,424.6482352666666,dca2e9e2-acde-49b7-8b0e-5a150e536769
Search,9,,# C looks around,"Head movement (visual search), hands mostly still.",r001,Cooking,,,2537.4425986,dca2e9e2-acde-49b7-8b0e-5a150e536769
Object Transfer,9,,#C C puts the egg tray on the table,Logistics step involving picking up and placing the egg tray.,r001,Cooking,,,2739.5000286000004,dca2e9e2-acde-49b7-8b0e-5a150e536769
Object Transfer,9,,#C C puts the sliced bread on the frying pan,Logistics step involving moving an object to a specific location.,r001,Cooking,,,3033.4919386,dca2e9e2-acde-49b7-8b0e-5a150e536769
Object Transfer,9,,#C C puts the sponge on the kitchen table,Logistics step involving placing an object.,r001,Cooking,,,3040.0256386,dca2e9e2-acde-49b7-8b0e-5a150e536769
Essential Operation,9,,#C C rinses the plate with water,Core task involving manual operation with hands.,r001,Cooking,,,3048.7660886000003,dca2e9e2-acde-49b7-8b0e-5a150e536769
Stationary,9,,#O the man X on the phone call responds to C,"Low body/hand motion, likely engaged in conversation.",r001,Cooking,,,3101.4403286,dca2e9e2-acde-49b7-8b0e-5a150e536769
Essential Operation,9,,#C C flips the sliced bread on the frying pan,Core manual task involving high hand activity.,r001,Cooking,,,3121.2222986,dca2e9e2-acde-49b7-8b0e-5a150e536769
Object Transfer,9,,#C C puts the sliced bread on the plate,Logistics step involving picking up and placing an object.,r001,Cooking,,,3147.2368286,dca2e9e2-acde-49b7-8b0e-5a150e536769
Object Transfer,9,,#C C puts the avocado on the chopping board,Logistics step involving picking up and placing the avocado.,r001,Cooking,,,3168.2851086,dca2e9e2-acde-49b7-8b0e-5a150e536769
Object Transfer,9,,#C C takes the knife on the chopping board,Logistics/Setup step involving picking up and moving an object.,r001,Cooking,,,3249.404385266667,dca2e9e2-acde-49b7-8b0e-5a150e536769
Essential Operation,9,,#C C lifts a slice of bread.,"Core task, high hand activity.",r001,Cooking,,,3300.636345266667,dca2e9e2-acde-49b7-8b0e-5a150e536769
Object Transfer,9,,#C C collects a plate.,Logistics step involving picking up and moving an object.,r001,Cooking,,,3341.966165266667,dca2e9e2-acde-49b7-8b0e-5a150e536769
Stationary,9,,#C C eats a meal.,"Low body/hand motion, eating is a relatively stationary activity.",r001,Cooking,,,3375.373595266667,dca2e9e2-acde-49b7-8b0e-5a150e536769
Locomotion,9,,#C C gets into the car,"The action involves movement to a new location (getting into a car), which is a form of locomotion.",r001,Walking Outdoors,,,34.32043,e454170f-9b08-4861-97b7-a5bdc1b1528f
Stationary,9,,#C C stops the car on a junction,"The action describes coming to a stop, indicating low body motion.",r001,Walking Outdoors,,,79.67717,e454170f-9b08-4861-97b7-a5bdc1b1528f
Locomotion,9,,#C C drives the car on a high way,"Body moving through space, high body acceleration.",r001,Walking Outdoors,,,149.60036,e454170f-9b08-4861-97b7-a5bdc1b1528f
Locomotion,9,,#C C drives the car on a highway,"Body moving through space, high body acceleration.",r001,Walking Outdoors,,,355.90252,e454170f-9b08-4861-97b7-a5bdc1b1528f
Locomotion,9,,#O lady S walks in the park,"Body moving through space, characteristic of walking.",r001,Walking Outdoors,,,837.1436533333333,e454170f-9b08-4861-97b7-a5bdc1b1528f
Stationary,9,,#O lady Z dialogues with lady X,"Low body/hand motion, indicative of dialogue and interaction.",r001,Walking Outdoors,,,850.2921533333333,e454170f-9b08-4861-97b7-a5bdc1b1528f
Stationary,9,,#O man G and Baby H sits on a bench in the park,"The action involves sitting on a bench, which indicates a stationary position with low body and hand motion.",r001,Walking Outdoors,,,855.6152033333333,e454170f-9b08-4861-97b7-a5bdc1b1528f
Locomotion,9,,#O man D opens the door,Opening a door is part of the movement through space.,r001,Walking Outdoors,,,74.93709,e47119be-41e8-4fda-94cb-e59aabb2329f
Search,9,,#C C gazes at the ocean,"Visual search or monitoring (gazing), low hand activity.",r001,Walking Outdoors,,,402.04256,e47119be-41e8-4fda-94cb-e59aabb2329f
Search,9,,#C C turns head,"Head movement (visual search), hands and body mostly still.",r001,Walking Outdoors,,,470.37438,e47119be-41e8-4fda-94cb-e59aabb2329f
Locomotion,9,,#C C walks with man X on a pathway,"Body moving through space, indicative of walking.",r001,Walking Outdoors,,,472.35727,e47119be-41e8-4fda-94cb-e59aabb2329f
Search,9,,#C C gazes at cat,"Head movement (visual search), hands mostly still.",r001,Walking Outdoors,,,595.7413333333334,e47119be-41e8-4fda-94cb-e59aabb2329f
Locomotion,9,,#C C walks towards cat,"Body moving through space, indicative of walking.",r001,Walking Outdoors,,,743.7002433333333,e47119be-41e8-4fda-94cb-e59aabb2329f
Search,9,,#C C gazes at waterway,"Head movement (visual search), hands mostly still.",r001,Walking Outdoors,,,819.3640233333333,e47119be-41e8-4fda-94cb-e59aabb2329f
Stationary,9,,#C C holds cellphone,Holding an object with minimal movement.,r001,Walking Outdoors,,,847.2689433333333,e47119be-41e8-4fda-94cb-e59aabb2329f
Search,9,,#C C gazes at another cat,"Visual search with head movement, hands mostly still.",r001,Walking Outdoors,,,885.6670833333333,e47119be-41e8-4fda-94cb-e59aabb2329f
Search,9,,#C C gazes at man X,"Head movement (visual search), hands mostly still.",r001,Walking Outdoors,,,912.2776033333332,e47119be-41e8-4fda-94cb-e59aabb2329f
Locomotion,9,,#O man X moves closer to the cat,Movement through space (walking).,r001,Walking Outdoors,,,955.6955533333334,e47119be-41e8-4fda-94cb-e59aabb2329f
Search,9,,#C C gazes at #unsure,"Head movement (visual search), hands mostly still.",r001,Walking Outdoors,,,1038.2382333333337,e47119be-41e8-4fda-94cb-e59aabb2329f
Search,9,,#C C gazes at building,"Head movement (visual search), hands mostly still.",r001,Walking Outdoors,,,1396.5246966666666,e47119be-41e8-4fda-94cb-e59aabb2329f
Locomotion,9,,#O man X walks on the pathway,Body moving through space (walking).,r001,Walking Outdoors,,,1527.0459966666667,e47119be-41e8-4fda-94cb-e59aabb2329f
Search,9,,#C C gazes at water way,"Head movement (visual search), hands mostly still.",r001,Walking Outdoors,,,1619.422916,e47119be-41e8-4fda-94cb-e59aabb2329f
Locomotion,9,,#C C walks with man X on the sidewalk,"Body moving through space, indicative of walking.",r001,Walking Outdoors,,,1873.77224,e47119be-41e8-4fda-94cb-e59aabb2329f
Locomotion,9,,#C C walks across the pavement,"Body moving through space, high body acceleration.",r001,Walking Outdoors,,,605.1046966666667,e6b7692d-5e35-4524-8d2a-385475b95806
Locomotion,9,,#O man Y walks around with child X,"Body moving through space, indicative of walking.",r001,Walking Outdoors,,,878.0144966666667,e6b7692d-5e35-4524-8d2a-385475b95806
Stationary,9,,#O man Y points at #unsure,"The action involves pointing, which is a low-energy activity with minimal body movement.",r001,Walking Outdoors,,,1016.2816866666668,e6b7692d-5e35-4524-8d2a-385475b95806
Locomotion,9,,#O person Y walks infront of C,Body moving through space (walking).,r001,Walking Outdoors,,,1120.623,e6b7692d-5e35-4524-8d2a-385475b95806
Locomotion,9,,#O person Z walks towards the counter,Body moving through space (walking).,r001,Walking Outdoors,,,1128.1474,e6b7692d-5e35-4524-8d2a-385475b95806
Locomotion,9,,#O person Z walks across the store,"Body moving through space, indicative of walking.",r001,Walking Outdoors,,,1132.62159,e6b7692d-5e35-4524-8d2a-385475b95806
Object Transfer,9,,#O person Y puts the packet on the counter,Logistics step of placing an object on a surface.,r001,Walking Outdoors,,,1273.91392,e6b7692d-5e35-4524-8d2a-385475b95806
Object Transfer,9,,#O person Z puts the packet on the counter,"Logistics step, placing the packet on the counter.",r001,Walking Outdoors,,,1307.68405,e6b7692d-5e35-4524-8d2a-385475b95806
Stationary,9,,#O man T demonstrates with both hands,"The action involves a demonstration with both hands, indicating low body and hand motion.",r001,Walking Outdoors,,,1410.77609,e6b7692d-5e35-4524-8d2a-385475b95806
Search,9,,#O man T checks around,"Head movement (visual search), hands mostly still.",r001,Walking Outdoors,,,1448.21555,e6b7692d-5e35-4524-8d2a-385475b95806
Locomotion,9,,#O man T holds #unsure,"The action describes movement through space, likely walking.",r001,Walking Outdoors,,,1465.19558,e6b7692d-5e35-4524-8d2a-385475b95806
Locomotion,9,,#O man T picks #unsure,"The action involves movement through space, likely walking.",r001,Walking Outdoors,,,1492.79913,e6b7692d-5e35-4524-8d2a-385475b95806
Locomotion,9,,#O man T puts #unsure in the nylon,"The action describes a person walking outdoors, which involves body movement through space.",r001,Walking Outdoors,,,1494.26231,e6b7692d-5e35-4524-8d2a-385475b95806
Stationary,9,,#O man Y uses the phone,"Using a phone typically involves holding the device and interacting with it, which does not involve significant body or hand movement.",r001,Walking Outdoors,,,1497.0209,e6b7692d-5e35-4524-8d2a-385475b95806
Search,9,,#O man Y checks the nylon,"Head movement (visual search), hands mostly still.",r001,Walking Outdoors,,,1598.6150346666668,e6b7692d-5e35-4524-8d2a-385475b95806
Locomotion,9,,#O person Z holds person Y's hand,"The action involves walking outdoors, which is a form of locomotion.",r001,Walking Outdoors,,,1988.440646666667,e6b7692d-5e35-4524-8d2a-385475b95806
Object Transfer,9,,#C C removes a book from her bag,Logistics step involving picking up and removing an object.,r001,Walking Outdoors,,,2006.220276666667,e6b7692d-5e35-4524-8d2a-385475b95806
Stationary,9,,#C C touches person Y's head,The action involves a brief touch and does not indicate movement through space.,r001,Walking Outdoors,,,2083.6445366666667,e6b7692d-5e35-4524-8d2a-385475b95806
Locomotion,9,,#C C walks across the hallway,"Body moving through space, indicative of walking with high body acceleration.",r001,Walking Outdoors,,,2195.730243333333,e6b7692d-5e35-4524-8d2a-385475b95806
Locomotion,9,,#C C walks on the bridge,"Body moving through space, indicative of walking.",r001,Walking Outdoors,,,2400.771813333333,e6b7692d-5e35-4524-8d2a-385475b95806
Locomotion,9,,#C C walks around on the pavement with man Y and child X,"Body moving through space, involves walking.",r001,Walking Outdoors,,,2958.7630566666667,e6b7692d-5e35-4524-8d2a-385475b95806
Locomotion,9,,#O person X walks down the street,"Body moving through space, indicative of walking with high body acceleration.",r001,Walking Outdoors,,,3093.0761266666664,e6b7692d-5e35-4524-8d2a-385475b95806
Locomotion,9,,#O kid X walks down the street,"Body moving through space, indicative of walking.",r001,Walking Outdoors,,,3158.2592866666664,e6b7692d-5e35-4524-8d2a-385475b95806
Locomotion,9,,#O kid Y walks down the street,"Body moving through space, indicative of walking.",r001,Walking Outdoors,,,3499.45161,e6b7692d-5e35-4524-8d2a-385475b95806
Locomotion,9,,#O kid Y walks towards a car,"Body moving through space, indicative of walking.",r001,Walking Outdoors,,,3649.92954,e6b7692d-5e35-4524-8d2a-385475b95806
Stationary,9,,#C C wipes headband,"Low body/hand motion, likely a brief action while standing or paused.",r001,Walking Outdoors,,,3697.79825,e6b7692d-5e35-4524-8d2a-385475b95806
Object Transfer,9,,#C C drops shopping bags,"[CtxFixed] The action of dropping the shopping bags can be considered a deliberate placement, as it involves the intentional release of an object onto a surface.",r001,Walking Outdoors,,,4005.483033333333,e6b7692d-5e35-4524-8d2a-385475b95806
Search,9,,#C C points at a cat,Head and hand movement focused on a specific target (visual search).,r001,Walking Outdoors,,,4056.020713333333,e6b7692d-5e35-4524-8d2a-385475b95806
Locomotion,9,,#O kid Y walks around,"Body moving through space, indicative of walking.",r001,Walking Outdoors,,,4074.4292433333335,e6b7692d-5e35-4524-8d2a-385475b95806
Object Transfer,9,,#C C picks up a left hand glove from the kitchen slab,Logistics step involving picking up an object.,r001,Cleaning,,,0.77584,ecdc21d9-ee59-48ab-ae02-53e9aba05ef8
Object Transfer,9,,#C C lowers the glass plate on the kitchen slab,Logistics step involving the placement of an object.,r001,Cleaning,,,69.24892,ecdc21d9-ee59-48ab-ae02-53e9aba05ef8
Essential Operation,9,,#C C washes the white plastic plate with the sponge scourer,Core manual task involving high hand activity.,r001,Cleaning,,,84.33673,ecdc21d9-ee59-48ab-ae02-53e9aba05ef8
Object Transfer,9,,#C C raises the white plastic plate,"Action involves lifting an object, indicating a logistics step.",r001,Cleaning,,,94.13731,ecdc21d9-ee59-48ab-ae02-53e9aba05ef8
Essential Operation,9,,#C C washes the glass plate with the sponge scourer,Core task involving high hand activity.,r001,Cleaning,,,134.95574,ecdc21d9-ee59-48ab-ae02-53e9aba05ef8
Object Transfer,9,,#C C picks up another glass plate on top of a glass plate,Logistics step involving picking up objects.,r001,Cleaning,,,140.50023,ecdc21d9-ee59-48ab-ae02-53e9aba05ef8
Essential Operation,9,,#C C pours off water from the ceramic plate,Core task involving manual dexterity with high hand activity.,r001,Cleaning,,,234.13765,ecdc21d9-ee59-48ab-ae02-53e9aba05ef8
Object Transfer,9,,#C C drops the fork into the zinc,Refined via regex fallback,r001,Cleaning,,,257.4969,ecdc21d9-ee59-48ab-ae02-53e9aba05ef8
Essential Operation,9,,#C C washes the green plate,Core manual task involving high hand activity.,r001,Cleaning,,,318.15561,ecdc21d9-ee59-48ab-ae02-53e9aba05ef8
Object Transfer,9,,#C C drops the green plate on the previous green plate,"[CtxFixed] The action involves deliberately placing one green plate onto another green plate, which indicates a deliberate placement rather than an error or mistake.",r001,Cleaning,,,325.88772,ecdc21d9-ee59-48ab-ae02-53e9aba05ef8
Essential Operation,9,,#C C washes the glass dish,Core manual task involving high hand activity.,r001,Cleaning,,,328.46217,ecdc21d9-ee59-48ab-ae02-53e9aba05ef8
Object Transfer,9,,#C C drops the glass dish on the previous green plate,"[CtxFixed] The action of dropping the glass dish onto the green plate indicates a deliberate placement, which fits the criteria for Object Transfer.",r001,Cleaning,,,336.87105,ecdc21d9-ee59-48ab-ae02-53e9aba05ef8
Object Transfer,9,,#C C drops the fork in the blue plate on the kitchen slab,"[CtxFixed] The action describes a deliberate placement of the fork into the blue plate, which fits the criteria for 'Object Transfer'.",r001,Cleaning,,,377.43544,ecdc21d9-ee59-48ab-ae02-53e9aba05ef8
Object Transfer,9,,#C C drops the table spoon in the blue plate on the kitchen slab,"[CtxFixed] The action of dropping the table spoon into the blue plate on the kitchen slab appears to be a deliberate placement, which fits the definition of 'Object Transfer'.",r001,Cleaning,,,466.00343,ecdc21d9-ee59-48ab-ae02-53e9aba05ef8
Essential Operation,9,,#C C pours off water from the ceramic dish,Core task involving manual operation with high hand activity.,r001,Cleaning,,,505.85187,ecdc21d9-ee59-48ab-ae02-53e9aba05ef8
Essential Operation,9,,#C C washes the ceramic plate,Core manual task involving high hand activity.,r001,Cleaning,,,512.07113,ecdc21d9-ee59-48ab-ae02-53e9aba05ef8
Object Transfer,9,,#C C picks up a stainless steel cup from the gas burner,Logistics step involving picking up an object.,r001,Cleaning,,,594.8466966666666,ecdc21d9-ee59-48ab-ae02-53e9aba05ef8
Essential Operation,9,,#C C rinses the stainless steel cup,Core task involving high hand activity.,r001,Cleaning,,,619.2994966666666,ecdc21d9-ee59-48ab-ae02-53e9aba05ef8
Essential Operation,9,,#C C rinses the blue plate,"Core task involving hand activity, specifically washing.",r001,Cleaning,,,663.1588866666666,ecdc21d9-ee59-48ab-ae02-53e9aba05ef8
Object Transfer,9,,#C C picks up the yellow plate behind the blue plate in the plate rack,Logistics step involving picking up an object.,r001,Cleaning,,,819.2531366666667,ecdc21d9-ee59-48ab-ae02-53e9aba05ef8
Object Transfer,9,,#C C places the big ceramic plate behind the glass plates in the plate rack,Logistics step involving placing an object.,r001,Cleaning,,,830.5866766666667,ecdc21d9-ee59-48ab-ae02-53e9aba05ef8
Essential Operation,9,,#C C rinses the glass plate,Core task involving manual operation with high hand activity.,r001,Cleaning,,,861.2206166666667,ecdc21d9-ee59-48ab-ae02-53e9aba05ef8
Object Transfer,9,,#C C places the glass plate in the plate rack,Logistics step involving pick up and put down action.,r001,Cleaning,,,887.2558166666666,ecdc21d9-ee59-48ab-ae02-53e9aba05ef8
Essential Operation,9,,#C C drips off water from the sink brush,Core task involving high hand activity.,r001,Cleaning,,,978.3341566666668,ecdc21d9-ee59-48ab-ae02-53e9aba05ef8
Essential Operation,9,,#C C rinses the small ceramic dish,Core task involving manual activity with the hands.,r001,Cleaning,,,993.8365966666668,ecdc21d9-ee59-48ab-ae02-53e9aba05ef8
Object Transfer,9,,#C C passes the wooden spatula to his right hand,Logistics step involving the transfer of an object.,r001,Cleaning,,,1066.3575713333337,ecdc21d9-ee59-48ab-ae02-53e9aba05ef8
Object Transfer,9,,#C C places the wooden spatula in the plate rack,Logistics step involving picking up and placing an object.,r001,Cleaning,,,1067.1372013333337,ecdc21d9-ee59-48ab-ae02-53e9aba05ef8
Object Transfer,9,,#C C places the spoon in the plate rack,"Logistics/Setup step, placing object.",r001,Cleaning,,,1087.8798413333334,ecdc21d9-ee59-48ab-ae02-53e9aba05ef8
Essential Operation,9,,#C C rinses her left hand glove with tap water,Core task involving high hand activity.,r001,Cleaning,,,1103.8529533333333,ecdc21d9-ee59-48ab-ae02-53e9aba05ef8
Object Transfer,9,,#C C picks up a foam from the sink with her right hand,Logistics step involving picking up an object.,r001,Cleaning,,,1116.2058033333333,ecdc21d9-ee59-48ab-ae02-53e9aba05ef8
Object Transfer,9,,#C C picks up a sand paper with her left hand.,"Logistics/Setup step, picking up an object.",r001,Mechanical Repair,,,13.168649599999998,ee3e83ac-28ad-4f6d-ab48-51d7a6b5e497
Stationary,9,,#C C places both hands on top of the wood.,"Low body/hand motion, likely holding position.",r001,Mechanical Repair,,,18.148139600000004,ee3e83ac-28ad-4f6d-ab48-51d7a6b5e497
Stationary,9,,#C C removes her left hand from the top of the wood.,"The action describes a hand being removed from a stationary object, indicating low body and hand motion.",r001,Mechanical Repair,,,83.6316296,ee3e83ac-28ad-4f6d-ab48-51d7a6b5e497
Stationary,9,,#C C rest her right hand on top of the wood.,"Low body/hand motion, indicating a pause or resting state.",r001,Mechanical Repair,,,98.8325896,ee3e83ac-28ad-4f6d-ab48-51d7a6b5e497
Locomotion,9,,#C C moves sideways.,"Body moving through space, likely involves significant body acceleration.",r001,Mechanical Repair,,,175.9277496,ee3e83ac-28ad-4f6d-ab48-51d7a6b5e497
Stationary,9,,#C C rest both hands on top of the wood.,"Low body/hand motion, indicating a pause or rest.",r001,Mechanical Repair,,,182.3921896,ee3e83ac-28ad-4f6d-ab48-51d7a6b5e497
Essential Operation,9,,#C C continues to use the sand paper under the wood with her right hand.,Core task involving manual work with high hand activity.,r001,Mechanical Repair,,,186.3905796,ee3e83ac-28ad-4f6d-ab48-51d7a6b5e497
Essential Operation,9,,#C C continues to use the sand paper on the side of the wood with her right hand.,Core task involving high hand activity.,r001,Mechanical Repair,,,246.8309696,ee3e83ac-28ad-4f6d-ab48-51d7a6b5e497
Stationary,9,,#C C rest her left hand on top the wood.,The action describes a static position with minimal motion.,r001,Mechanical Repair,,,274.1099909546634,ee3e83ac-28ad-4f6d-ab48-51d7a6b5e497
Stationary,9,,#C C rest her left hand on the side of the wood.,"Low body/hand motion, hand resting.",r001,Mechanical Repair,,,276.7388409546634,ee3e83ac-28ad-4f6d-ab48-51d7a6b5e497
Essential Operation,9,,#C C uses a sand paper on the side of the wood with her right hand.,Core manual task with high hand activity.,r001,Mechanical Repair,,,279.5463809546634,ee3e83ac-28ad-4f6d-ab48-51d7a6b5e497
Object Transfer,9,,#C C passes the sand paper to her left hand.,Transfer of an object (sand paper) from one hand to another.,r001,Mechanical Repair,,,606.35266762133,ee3e83ac-28ad-4f6d-ab48-51d7a6b5e497
Stationary,9,,#C C cleans her face. #unsure,"Low body/hand motion, likely involves minimal movement.",r001,Mechanical Repair,,,608.2996476213301,ee3e83ac-28ad-4f6d-ab48-51d7a6b5e497
Essential Operation,9,,#C C continues using the sand paper on the wood.,Core manual task involving high hand activity.,r001,Mechanical Repair,,,660.0530376213301,ee3e83ac-28ad-4f6d-ab48-51d7a6b5e497
Stationary,9,,#C C raises her left hand.,"The action of raising one hand does not involve significant body or hand movement, indicating a stationary state.",r001,Mechanical Repair,,,717.02262762133,ee3e83ac-28ad-4f6d-ab48-51d7a6b5e497
Object Transfer,9,,#C C plugs a cord to a socket with his gloved right hand.,"The action involves connecting a cord to a socket, which is a logistics step.",r001,Mechanical Repair,,,163.30972,f0a5b497-94d3-47ec-8bd6-427d91d15adf
Object Transfer,9,,#C C passes the clip from his gloved left hand to his gloved right hand,Logistics step involving the transfer of an object between hands.,r001,Mechanical Repair,,,204.17283,f0a5b497-94d3-47ec-8bd6-427d91d15adf
Stationary,9,,#C C shakes the tail light in his gloved right hand.,"[CtxFixed] Shaking the tail light does not involve any significant movement or purposeful action that would classify it under other categories. It is more of an idle or exploratory action, which can be considered as part of a stationary state.",r001,Mechanical Repair,,,242.91028,f0a5b497-94d3-47ec-8bd6-427d91d15adf
Essential Operation,9,,#C C puts glue on the break light case with the glue gun on his right hand.,Core task involving manual application with high hand activity.,r001,Mechanical Repair,,,395.62483,f0a5b497-94d3-47ec-8bd6-427d91d15adf
Object Transfer,9,,#C C picks the glue gun on the table with his right hand.,Logistics step involving picking up an object.,r001,Mechanical Repair,,,415.38782,f0a5b497-94d3-47ec-8bd6-427d91d15adf
Object Transfer,9,,#C C picks a screw on the table with his right hand.,Logistics step involving picking up an object.,r001,Mechanical Repair,,,437.74753,f0a5b497-94d3-47ec-8bd6-427d91d15adf
Object Transfer,9,,#C C drops the glue gun on the table with his right hand.,Refined via regex fallback,r001,Mechanical Repair,,,507.45152,f0a5b497-94d3-47ec-8bd6-427d91d15adf
Object Transfer,9,,#C C drops the break light case on the bucket with his left hand.,"[CtxFixed] The action involves deliberately placing the break light case onto the bucket, which fits the criteria for Object Transfer.",r001,Mechanical Repair,,,515.99946,f0a5b497-94d3-47ec-8bd6-427d91d15adf
Object Transfer,9,,#O The man X hands C a chisel.,Passing an object from one person to another.,r001,Mechanical Repair,,,645.28228,f0a5b497-94d3-47ec-8bd6-427d91d15adf
Object Transfer,9,,#C C transfers the chisel from his right gloved hand to his left gloved hand.,"Movement of an object between hands, short bursts of hand activity.",r001,Mechanical Repair,,,645.77815,f0a5b497-94d3-47ec-8bd6-427d91d15adf
Stationary,9,,#C C holds the pin with his gloved hands.,"Low body/hand motion, holding the pin.",r001,Mechanical Repair,,,659.7906399999999,f0a5b497-94d3-47ec-8bd6-427d91d15adf
Object Transfer,9,,#C C places the pin on the chain with his gloved right hand.,Logistics step involving picking up and placing an object.,r001,Mechanical Repair,,,660.7957,f0a5b497-94d3-47ec-8bd6-427d91d15adf
Object Transfer,9,,#C C picks the chain with his left gloved hand.,Logistics step involving picking up an object.,r001,Mechanical Repair,,,728.79051,f0a5b497-94d3-47ec-8bd6-427d91d15adf
Object Transfer,9,,#C C picks the saw on the ground with his gloved left hand.,Logistics action of picking up an object.,r001,Mechanical Repair,,,798.8659700000001,f0a5b497-94d3-47ec-8bd6-427d91d15adf
Essential Operation,9,,#C C removes the rivet pin from the bike chain with the screw driver in his two hands,Core manual task involving high hand activity.,r001,Mechanical Repair,,,872.02151,f0a5b497-94d3-47ec-8bd6-427d91d15adf
Object Transfer,9,,#C C removes the chain with his left hand,"Removing an object, involves logistics and handling.",r001,Mechanical Repair,,,887.1171899999999,f0a5b497-94d3-47ec-8bd6-427d91d15adf
Object Transfer,9,,#C C picks up a flat washer from the work bench with his right hand,"Logistics step, picking up an object.",r001,Mechanical Repair,,,937.1781,f0a5b497-94d3-47ec-8bd6-427d91d15adf
Essential Operation,9,,#C C fixes the rivet pin on the bike chain with his two hands,Core manual task involving high hand activity.,r001,Mechanical Repair,,,1030.43564,f0a5b497-94d3-47ec-8bd6-427d91d15adf
Object Transfer,9,,#C C throws the chain on the floor with his left hand,"[CtxFixed] The action of throwing the chain onto the floor involves the deliberate movement and placement of an object, which fits the definition of Object Transfer.",r001,Mechanical Repair,,,1124.0570866666667,f0a5b497-94d3-47ec-8bd6-427d91d15adf
Stationary,9,,#C C holds a screw on the bike with his left hand,"Low body/hand motion, holding an object in place.",r001,Mechanical Repair,,,1135.5976066666667,f0a5b497-94d3-47ec-8bd6-427d91d15adf
Stationary,9,,#C C turns to a man X,"Turning the body does not involve continuous movement or high acceleration, indicating a change in orientation rather than a dynamic action.",r001,Mechanical Repair,,,1157.4455766666667,f0a5b497-94d3-47ec-8bd6-427d91d15adf
Object Transfer,9,,#C C picks up a spanner from the work bench with his left hand,"Logistics step, picking up an object.",r001,Mechanical Repair,,,1158.2803166666667,f0a5b497-94d3-47ec-8bd6-427d91d15adf
Object Transfer,9,,#C C picks up a pair of pliers from a work table with his right hand,Logistics action of picking up an object.,r001,Mechanical Repair,,,1175.7132166666668,f0a5b497-94d3-47ec-8bd6-427d91d15adf
Locomotion,9,,#O the man X bends down,"Body movement through space, specifically bending down which involves a change in posture and position.",r001,Mechanical Repair,,,1185.8497166666666,f0a5b497-94d3-47ec-8bd6-427d91d15adf
Essential Operation,9,,#C C adjusts the chain under the bike with his left hand,Core manual task involving high hand activity.,r001,Mechanical Repair,,,1229.6848266666666,f0a5b497-94d3-47ec-8bd6-427d91d15adf
Essential Operation,9,,#C C rubs his right hand on the wheel of the bike #unsure,"High hand activity, likely checking the condition or feeling the texture of the bike wheel.",r001,Mechanical Repair,,,1241.413096666667,f0a5b497-94d3-47ec-8bd6-427d91d15adf
Stationary,9,,#C C holds the work bench with his left hand,"The action describes holding a position, indicating low body and hand motion.",r001,Mechanical Repair,,,1252.7676966666668,f0a5b497-94d3-47ec-8bd6-427d91d15adf
Essential Operation,9,,#C C measures a screw on the bike with the Vernier caliper in his left hand,Core manual task involving precise hand activity.,r001,Mechanical Repair,,,1274.4871966666667,f0a5b497-94d3-47ec-8bd6-427d91d15adf
Object Transfer,9,,#C C picks up a spanner from the work bench with his right hand,Logistics step involving picking up an object.,r001,Mechanical Repair,,,1296.0342366666666,f0a5b497-94d3-47ec-8bd6-427d91d15adf
Stationary,9,,#C C removes his left hand from the work bench,"The action indicates a pause or removal of a hand, suggesting low energy movement.",r001,Mechanical Repair,,,1309.6637366666666,f0a5b497-94d3-47ec-8bd6-427d91d15adf
Essential Operation,9,,#C C loosens a screw on the bike tire with his left hand #unsure,Core task involving manipulation with high hand activity.,r001,Mechanical Repair,,,1312.803396666667,f0a5b497-94d3-47ec-8bd6-427d91d15adf
Object Transfer,9,,#C C drops the spanner in his left hand on the work bench,"[CtxFixed] The action of dropping the spanner onto the workbench can be interpreted as a deliberate placement, which fits the 'Object Transfer' category.",r001,Mechanical Repair,,,1331.5449166666667,f0a5b497-94d3-47ec-8bd6-427d91d15adf
Object Transfer,9,,#C C picks broccoli,Logistics step of picking an object.,r001,Cooking,,,14.22649,f3a0487b-70f6-4446-99a0-16dc78019ee7
Object Transfer,9,,#C C puts a packed vegetables in the fridge,Logistics step involving picking up and putting down an object.,r001,Cooking,,,29.77629,f3a0487b-70f6-4446-99a0-16dc78019ee7
Object Transfer,9,,#C C puts the knife on the sink counter,"Logistics step, short burst of hand activity.",r001,Cooking,,,129.59672,f3a0487b-70f6-4446-99a0-16dc78019ee7
Object Transfer,9,,#C C picks a peeler,Logistics/Setup step.,r001,Cooking,,,174.12219,f3a0487b-70f6-4446-99a0-16dc78019ee7
Essential Operation,9,,#C C washes broccoli,Core task involving high hand activity.,r001,Cooking,,,220.25825,f3a0487b-70f6-4446-99a0-16dc78019ee7
Essential Operation,9,,#C C cuts the tip of the carrot with a knife,Core task involving precise hand movements.,r001,Cooking,,,347.59431,f3a0487b-70f6-4446-99a0-16dc78019ee7
Essential Operation,9,,#C C pushes the peel from the chopping board,Core task involving high hand activity.,r001,Cooking,,,353.81676,f3a0487b-70f6-4446-99a0-16dc78019ee7
Object Transfer,9,,#C C takes a green radish from the basin,Logistics/Setup step involving picking up and moving an object.,r001,Cooking,,,369.18907,f3a0487b-70f6-4446-99a0-16dc78019ee7
Essential Operation,9,,#C C turns the radish,"Core task, high hand activity.",r001,Cooking,,,382.71553,f3a0487b-70f6-4446-99a0-16dc78019ee7
Essential Operation,9,,#C C moves the radish,"Core task involving manipulation of an object, high hand activity.",r001,Cooking,,,390.58306,f3a0487b-70f6-4446-99a0-16dc78019ee7
Essential Operation,9,,#C C mixes the vegetables with aa knife,"Core task involving mixing, which is a manual operation with high hand activity.",r001,Cooking,,,402.8299,f3a0487b-70f6-4446-99a0-16dc78019ee7
Essential Operation,9,,#C C presses the vegetables in the cooking pot,Core task involving high hand activity.,r001,Cooking,,,439.88747,f3a0487b-70f6-4446-99a0-16dc78019ee7
Essential Operation,9,,#C C cuts the kale off the stalk,"Core task, high hand activity.",r001,Cooking,,,447.25771,f3a0487b-70f6-4446-99a0-16dc78019ee7
Object Transfer,9,,#C C drops the kale into the cooking pot,The action involves moving an object (kale) from one location to another (pot).,r001,Cooking,,,450.21414,f3a0487b-70f6-4446-99a0-16dc78019ee7
Essential Operation,9,,#C C washes the kale,Core task involving high hand activity.,r001,Cooking,,,489.70532,f3a0487b-70f6-4446-99a0-16dc78019ee7
Essential Operation,9,,#C C throws the piece on the leafy vegetables,Core task involving high hand activity and interaction with ingredients.,r001,Cooking,,,574.1924133333333,f3a0487b-70f6-4446-99a0-16dc78019ee7
Object Transfer,9,,#C C moves the tin to the left hand,Logistics step involving moving an object between hands.,r001,Cooking,,,604.4752733333333,f3a0487b-70f6-4446-99a0-16dc78019ee7
Object Transfer,9,,#C C picks the lid from the board,Logistics step involving picking up an object.,r001,Cooking,,,722.3814033333333,f3a0487b-70f6-4446-99a0-16dc78019ee7
Object Transfer,9,,#C C returns the spice on the counter,Logistics/Setup step involving placing the spice back on the counter.,r001,Cooking,,,742.2395633333333,f3a0487b-70f6-4446-99a0-16dc78019ee7
Object Transfer,9,,#C C returns the bottle on the counter,Logistics step involving placing an object.,r001,Cooking,,,749.7712033333333,f3a0487b-70f6-4446-99a0-16dc78019ee7
Object Transfer,9,,#C C places the bowl on a cooker,Logistics step of placing an object.,r001,Cooking,,,762.8059833333333,f3a0487b-70f6-4446-99a0-16dc78019ee7
Essential Operation,9,,#C C smashes the vegetables,Core task involving high hand activity and forceful motion.,r001,Cooking,,,779.9898033333334,f3a0487b-70f6-4446-99a0-16dc78019ee7
Stationary,9,,#C C holds the bowl in the sink,"Low body/hand motion, holding an object in place.",r001,Cooking,,,814.5824833333334,f3a0487b-70f6-4446-99a0-16dc78019ee7
Object Transfer,9,,#C C throws the stalk to the dustbin in the drawer,Movement of an object from one location to another.,r001,Cooking,,,861.1914433333334,f3a0487b-70f6-4446-99a0-16dc78019ee7
Stationary,9,,#C C holds the vegetables in the basin,"Low body/hand motion, holding position.",r001,Cooking,,,862.8004933333334,f3a0487b-70f6-4446-99a0-16dc78019ee7
Object Transfer,9,,#C C moves the pieces to the basin,"Logistics of moving objects, short bursts of hand acceleration.",r001,Cooking,,,882.2058733333333,f3a0487b-70f6-4446-99a0-16dc78019ee7
Object Transfer,9,,#C C collects vegetables in the basin,Logistics step involving picking up and placing vegetables.,r001,Cooking,,,896.8328733333333,f3a0487b-70f6-4446-99a0-16dc78019ee7
Object Transfer,9,,#C C puts the vegetable on the board,Logistics step involving picking up and placing the vegetable on the board.,r001,Cooking,,,954.9560133333332,f3a0487b-70f6-4446-99a0-16dc78019ee7
Object Transfer,9,,#C C turns off the tap on with his right hand.,"Logistics step (turning off a tap), short burst of hand activity.",r001,Cooking,,,1007.9946733333334,f3a0487b-70f6-4446-99a0-16dc78019ee7
Stationary,9,,#C C holds a spice on the counter,"Low body/hand motion, holding an object without movement.",r001,Cooking,,,1114.6200566666666,f3a0487b-70f6-4446-99a0-16dc78019ee7
Essential Operation,9,,#C C turns the knob,Turning a knob is a core manual task involving high hand activity.,r001,Cooking,,,1195.4387166666666,f3a0487b-70f6-4446-99a0-16dc78019ee7
Essential Operation,9,,#C C unwraps the butter with both hands. #unsure,Core task involving fine manual manipulation.,r001,Cooking,,,1317.8818966666668,f3a0487b-70f6-4446-99a0-16dc78019ee7
Object Transfer,9,,#C C passes the knife to from her right hand to her left hand.,"Movement of the knife between hands, logistics step.",r001,Cooking,,,1334.5916866666666,f3a0487b-70f6-4446-99a0-16dc78019ee7
Object Transfer,9,,#C C closes the fridge with her right hand.,"Action involves closing the fridge, which is a logistics step.",r001,Cooking,,,1362.5184966666666,f3a0487b-70f6-4446-99a0-16dc78019ee7
Object Transfer,9,,#C C inserts the egg in the glass,Logistics step involving the movement of an object.,r001,Cooking,,,1397.5884966666667,f3a0487b-70f6-4446-99a0-16dc78019ee7
Essential Operation,9,,#C C shakes off water from the hands,"[CtxFixed] Shaking off water from the hands is a common step in the hand washing process, which is considered an essential operation.",r001,Cooking,,,1418.5006166666667,f3a0487b-70f6-4446-99a0-16dc78019ee7
Essential Operation,9,,#C C scrapes the egg yolk bowl with the fork in her right hand.,Core task involving high hand activity.,r001,Cooking,,,1515.5144566666668,f3a0487b-70f6-4446-99a0-16dc78019ee7
Stationary,9,,#C C holds the salt container with both hands.,"Low body/hand motion, holding an object without moving.",r001,Cooking,,,1519.8019066666666,f3a0487b-70f6-4446-99a0-16dc78019ee7
Essential Operation,9,,#C C pours the dried thyme into the oatmeal bowl with both hands. #unsure,Core task involving high hand activity.,r001,Cooking,,,1542.6689166666663,f3a0487b-70f6-4446-99a0-16dc78019ee7
Stationary,9,,#C C holds the clip on her right hand.,"Low body/hand motion, holding an object.",r001,Cooking,,,1546.8385866666667,f3a0487b-70f6-4446-99a0-16dc78019ee7
Essential Operation,9,,#C C stirs the dried oatmeal in the oatmeal bowl with the fork in her right hand. #unsure,Core task involving manual manipulation with high hand activity.,r001,Cooking,,,1588.9529766666667,f3a0487b-70f6-4446-99a0-16dc78019ee7
Object Transfer,9,,#C C picks the fork on the kitchen table with her right hand.,"Logistics step, picking up an object.",r001,Cooking,,,1659.2815333333333,f3a0487b-70f6-4446-99a0-16dc78019ee7
Object Transfer,9,,#C C drops phone on the kitchen table with right hand.,"[CtxFixed] The action involves C deliberately placing the phone onto the kitchen table, which fits the criteria for an Object Transfer.",r001,Cooking,,,1741.0410033333333,f3a0487b-70f6-4446-99a0-16dc78019ee7
Object Transfer,9,,#C C opens the refrigerator with her right hand.,Logistics action involving opening a drawer/refrigerator.,r001,Cooking,,,1746.0499233333333,f3a0487b-70f6-4446-99a0-16dc78019ee7
Essential Operation,9,,#C C mixes the batter in the green bowl with her right hand.,Core manual task involving high hand activity.,r001,Cooking,,,1803.9991533333327,f3a0487b-70f6-4446-99a0-16dc78019ee7
Essential Operation,9,,#C C turns the plate anticlockwise with both hands.,"Turning the plate involves high hand activity, indicating a core manual task.",r001,Cooking,,,1982.0881033333333,f3a0487b-70f6-4446-99a0-16dc78019ee7
Essential Operation,9,,#C C turns the fork upward with her right hand.,Core task involving manipulation with high hand activity.,r001,Cooking,,,2001.2267133333328,f3a0487b-70f6-4446-99a0-16dc78019ee7
Essential Operation,9,,#C C pricked the grains with the fork in her right hand. #Unsure,Core task involving high hand activity.,r001,Cooking,,,2003.8757033333327,f3a0487b-70f6-4446-99a0-16dc78019ee7
Stationary,9,,#C C uses the table towel to clean her hands.,"Low body/hand motion, cleaning hands is a minor action.",r001,Cooking,,,2029.052043333333,f3a0487b-70f6-4446-99a0-16dc78019ee7
Object Transfer,9,,#C C removes cucumber from the polythene bag with her right hand,Logistics step (removing an object from a container).,r001,Cooking,,,2190.14888,f3a0487b-70f6-4446-99a0-16dc78019ee7
Object Transfer,9,,#C C touches the fridge handle with both hands.,Logistics step involving interaction with an object (fridge handle).,r001,Cooking,,,2213.85562,f3a0487b-70f6-4446-99a0-16dc78019ee7
Object Transfer,9,,#C Copens the fridge with her right hand,Logistics step involving opening a drawer or container.,r001,Cooking,,,2216.0423399999995,f3a0487b-70f6-4446-99a0-16dc78019ee7
Object Transfer,9,,#C picks the polythene bag with her right hand.,Logistics action involving picking up an object.,r001,Cooking,,,2227.10883,f3a0487b-70f6-4446-99a0-16dc78019ee7
Object Transfer,9,,#C C picks the vegetable from the bowl with her left hand.,Logistics step involving picking up an object.,r001,Cooking,,,2303.4521199999995,f3a0487b-70f6-4446-99a0-16dc78019ee7
Essential Operation,9,,#C C shifts the vegetable with her left hand.,"Core task involving manipulation, high hand activity.",r001,Cooking,,,2305.4772299999995,f3a0487b-70f6-4446-99a0-16dc78019ee7
Object Transfer,9,,#C C drops the knife on her right hand.,"[CtxFixed] The action of dropping the knife onto her right hand is a deliberate placement of the object, which fits the criteria for 'Object Transfer'.",r001,Cooking,,,2306.11409,f3a0487b-70f6-4446-99a0-16dc78019ee7
Essential Operation,9,,#C C shifts the pepper with both hands.,Core manual task involving high hand activity.,r001,Cooking,,,2351.2179,f3a0487b-70f6-4446-99a0-16dc78019ee7
Object Transfer,9,,#C C picks the pepper with her right hand.,Logistics step involving picking up an object.,r001,Cooking,,,2357.4684999999995,f3a0487b-70f6-4446-99a0-16dc78019ee7
Essential Operation,9,,#C C shifts the pepper with her left hand.,Core task involving manipulation with the hand.,r001,Cooking,,,2381.84925,f3a0487b-70f6-4446-99a0-16dc78019ee7
Object Transfer,9,,#C C drops the knife in her right hand.,"[CtxFixed] The action of dropping the knife is a deliberate placement of the object onto a surface, which fits the criteria for 'Object Transfer'.",r001,Cooking,,,2398.179979999999,f3a0487b-70f6-4446-99a0-16dc78019ee7
Object Transfer,9,,#C C drops the ceramic bowl in he sink basin.,"[CtxFixed] The action of dropping the ceramic bowl into the sink basin is a deliberate placement of the object, which fits the definition of 'Object Transfer'.",r001,Cooking,,,2401.49071,f3a0487b-70f6-4446-99a0-16dc78019ee7
Essential Operation,9,,#C C places the carrot under the tap water.,Core task involving manual operation with hands.,r001,Cooking,,,2438.85019,f3a0487b-70f6-4446-99a0-16dc78019ee7
Object Transfer,9,,#C C picks a vegetable peeler on the kitchen counter to the right with their right hand.,"Logistics/Setup step, picking up an object.",r001,Cooking,,,2445.912,f3a0487b-70f6-4446-99a0-16dc78019ee7
Stationary,9,,#C C touches some vegetables in the bowl in the right basin with their right hand.,"Low body/hand motion, primarily tactile interaction.",r001,Cooking,,,2463.1733199999994,f3a0487b-70f6-4446-99a0-16dc78019ee7
Object Transfer,9,,#C C drops the chopped pieces in a bowl on the kitchen counter to the right.,"The action involves transferring chopped pieces into a bowl, which is a logistics step.",r001,Cooking,,,2503.1249999999995,f3a0487b-70f6-4446-99a0-16dc78019ee7
Search,9,,#C C rummages around the bowl in the right basin with their right hand.,"The action involves searching for something specific within the bowl, indicating head and hand movements focused on finding an item.",r001,Cooking,,,2574.78315,f3a0487b-70f6-4446-99a0-16dc78019ee7
Object Transfer,9,,#C C passes the broccoli piece to their left hand.,Logistics action of transferring an object from one hand to another.,r001,Cooking,,,2607.54415,f3a0487b-70f6-4446-99a0-16dc78019ee7
Object Transfer,9,,#C C throws the chopped broccoli pieces into the bowl on the kitchen counter.,"The action involves moving an object (chopped broccoli pieces) to a destination (bowl), which is a logistics step.",r001,Cooking,,,2610.90284,f3a0487b-70f6-4446-99a0-16dc78019ee7
Object Transfer,9,,#C C packs the remnants of the previously chopped carrots and broccoli in the bowl in the right basin with their right hand.,Logistics step involving picking up and placing objects.,r001,Cooking,,,2653.75187,f3a0487b-70f6-4446-99a0-16dc78019ee7
Object Transfer,9,,#C C removes their right hand from the cupboard.,Logistics step involving removing an object from a location.,r001,Cooking,,,2668.262889333333,f3a0487b-70f6-4446-99a0-16dc78019ee7
Object Transfer,9,,#C C turns on the tap with their right hand.,Turning on the tap is a logistics step involving the manipulation of an object.,r001,Cooking,,,2675.9703493333327,f3a0487b-70f6-4446-99a0-16dc78019ee7
Object Transfer,9,,#C C drops the polythene sheet inside the mushroom pack in his left hand.,Logistics step involving placing an object inside another.,r001,Cooking,,,2726.060983333333,f3a0487b-70f6-4446-99a0-16dc78019ee7
Object Transfer,9,,#C C places the mushroom on the chopping board with his left hand.,Logistics step involving picking up and placing an object.,r001,Cooking,,,2748.9099133333325,f3a0487b-70f6-4446-99a0-16dc78019ee7
Object Transfer,9,,#C C closes the oven with his right hand.,Closing the oven is a logistics step involving a specific action with the hand.,r001,Cooking,,,2827.753163333333,f3a0487b-70f6-4446-99a0-16dc78019ee7
Essential Operation,9,,#C C shreids the garlic into pieces with both hands.,Core task involving high hand activity.,r001,Cooking,,,2877.4279833333326,f3a0487b-70f6-4446-99a0-16dc78019ee7
Object Transfer,9,,#C C removes the onion from the tap with his left hand.,Logistics step involving picking up an object.,r001,Cooking,,,2984.9218933333327,f3a0487b-70f6-4446-99a0-16dc78019ee7
Essential Operation,9,,#C C rubs her both hands on the handkerchief.,Core task involving high hand activity.,r001,Cooking,,,3117.721933333333,f3a0487b-70f6-4446-99a0-16dc78019ee7
Essential Operation,9,,#C C scraps stainless steel manual squeezer extract with the knife in her right hand inside the fry pan.,"Core task involving manual operation with the knife, high hand activity.",r001,Cooking,,,3132.954453333333,f3a0487b-70f6-4446-99a0-16dc78019ee7
Essential Operation,9,,#C C dust off the onion slice at the edge of the cutting board with the longer knife in her right hand.,Core task involving fine hand movements.,r001,Cooking,,,3145.627463333333,f3a0487b-70f6-4446-99a0-16dc78019ee7
Stationary,9,,#C C adjust the cooker temperature with her right finger.,"Low body/hand motion, focused action with one finger.",r001,Cooking,,,3174.057403333333,f3a0487b-70f6-4446-99a0-16dc78019ee7
Stationary,9,,#C C cleans her face with the back of her left hand. #Unsure,"Low body/hand motion, primarily involves the face and hand in a non-locomotive, non-transfer action.",r001,Cooking,,,3177.5174733333324,f3a0487b-70f6-4446-99a0-16dc78019ee7
Object Transfer,9,,#C C turns the tap knob to turn off running water with her right hand.,Turning a knob is a logistics action involving picking up and manipulating an object.,r001,Cooking,,,3220.4845826666665,f3a0487b-70f6-4446-99a0-16dc78019ee7
Object Transfer,9,,#C C picks the handkerchief with her right hand from the kitchen table.,Logistics step involving picking up an object.,r001,Cooking,,,3222.1360426666665,f3a0487b-70f6-4446-99a0-16dc78019ee7
Object Transfer,9,,#C C drops the handkerchief in her left hand on the kitchen table.,"The action involves placing an object (handkerchief) on a surface, which is a logistics step.",r001,Cooking,,,3238.3513526666666,f3a0487b-70f6-4446-99a0-16dc78019ee7
Object Transfer,9,,#C C passes a leaf of the vegetable in the sieve to his left hand with his right. #Unsure,Transferring the leaf from one hand to another involves picking up and putting down the object.,r001,Cooking,,,3284.1464166666665,f3a0487b-70f6-4446-99a0-16dc78019ee7
Essential Operation,9,,#C C stirs onions in a frying pan on the cooker with the wooden spatula in his right hand.,Core task involving high hand activity.,r001,Cooking,,,3299.5793366666667,f3a0487b-70f6-4446-99a0-16dc78019ee7
Essential Operation,9,,#C C cuts the vegetable with knife in his right hand and the vegetable in his left on the chopping board.,Core task involving high hand activity with a knife and vegetable on a chopping board.,r001,Cooking,,,3312.8240066666667,f3a0487b-70f6-4446-99a0-16dc78019ee7
Stationary,9,,#C C holds the green bowl containing mushroom and broccoli with both hands.,Holding an object with both hands indicates a static position with minimal movement.,r001,Cooking,,,3337.055566666667,f3a0487b-70f6-4446-99a0-16dc78019ee7
Object Transfer,9,,#C C drops the water bottle a little further ahead the countertop with his right hand.,"[CtxFixed] The action involves deliberately placing the water bottle on the countertop, which fits the definition of 'Object Transfer'.",r001,Cooking,,,3340.0977666666668,f3a0487b-70f6-4446-99a0-16dc78019ee7
Object Transfer,9,,#C C lifts both the blue napkin and green bowl containing both mushroom and broccoli with both hands.,Logistics action involving picking up multiple objects.,r001,Cooking,,,3346.3749566666665,f3a0487b-70f6-4446-99a0-16dc78019ee7
Stationary,9,,#C C holds the handle of the frying pan with his left hand.,"Low body/hand motion, holding position.",r001,Cooking,,,3348.060916666667,f3a0487b-70f6-4446-99a0-16dc78019ee7
Essential Operation,9,,#C C stirs the onions in the frying pan with the wooden spatula in his right hand.,Core manual task involving high hand activity.,r001,Cooking,,,3356.5077666666666,f3a0487b-70f6-4446-99a0-16dc78019ee7
Object Transfer,9,,#C C picks up a tomato in a pack on the countertop with his right hand.,Logistics step involving picking up an object.,r001,Cooking,,,3380.2934766666667,f3a0487b-70f6-4446-99a0-16dc78019ee7
Essential Operation,9,,#C C rinses the tomatoes in his left hand with both hands.,Core task involving high hand activity.,r001,Cooking,,,3383.7195466666667,f3a0487b-70f6-4446-99a0-16dc78019ee7
Object Transfer,9,,#C C picks up the bigger knife on the chopping board with his right hand.,Logistics step involving picking up an object.,r001,Cooking,,,3391.2301466666668,f3a0487b-70f6-4446-99a0-16dc78019ee7
Stationary,9,,#C C places his left hand on the food processor motor.,The action involves a static position with minimal movement.,r001,Cooking,,,3414.2140466666665,f3a0487b-70f6-4446-99a0-16dc78019ee7
Essential Operation,9,,#C C moves the food processor motor to the right with his left hand.,Core task involving manipulation with high hand activity.,r001,Cooking,,,3414.5196866666665,f3a0487b-70f6-4446-99a0-16dc78019ee7
Object Transfer,9,,#C C lifts the blender on the countertop with his right hand.,Logistics step involving picking up an object.,r001,Cooking,,,3425.1161166666666,f3a0487b-70f6-4446-99a0-16dc78019ee7
Object Transfer,9,,#C C removes a pack of tofu from the fridge with his left hand.,Logistics step involving picking up an object.,r001,Cooking,,,3431.278476666667,f3a0487b-70f6-4446-99a0-16dc78019ee7
Stationary,9,,#C C holds the frying pan handle with his left hand.,"The action describes holding an object without movement, indicating a low energy state.",r001,Cooking,,,3468.999196666666,f3a0487b-70f6-4446-99a0-16dc78019ee7
Essential Operation,9,,#C C strokes the edge of the frying pan with the wooden spatula in his right hand.,Core task involving high hand activity.,r001,Cooking,,,3489.9421666666667,f3a0487b-70f6-4446-99a0-16dc78019ee7
Essential Operation,9,,"#C C stirs onions, mushroom and broccoli in a frying pan on the cooker with the wooden spatula in his right hand.",Core task involving high hand activity.,r001,Cooking,,,3518.8153666666667,f3a0487b-70f6-4446-99a0-16dc78019ee7
Essential Operation,9,,#C C touches soap with his right hand in a bowl inside the kitchen sink.,Core task involving manual activity with the hand.,r001,Cooking,,,3534.8085166666665,f3a0487b-70f6-4446-99a0-16dc78019ee7
Essential Operation,9,,#C C closes the kitchen tap with his right hand.,Closing the tap is a core manual task involving high hand activity.,r001,Cooking,,,3537.427506666667,f3a0487b-70f6-4446-99a0-16dc78019ee7
Locomotion,9,,#C C walks towards a table in the kitchen.,Body moving through space (walking).,r001,Cooking,,,3646.719956666667,f3a0487b-70f6-4446-99a0-16dc78019ee7
Object Transfer,9,,#C C adds ingredients in the food.#Unsure,"Logistics step of adding ingredients, likely involves picking up and placing down objects.",r001,Cooking,,,3662.4472766666654,f3a0487b-70f6-4446-99a0-16dc78019ee7
Stationary,9,,#C C touches a tofu on a tray with her left hand. #Unsure,"Low body/hand motion, just touching an object.",r001,Cooking,,,3810.23005,f3a0487b-70f6-4446-99a0-16dc78019ee7
Essential Operation,9,,#C C slices a tofu on a tray with her right hand. #Unsure,Core task involving manual dexterity and repetitive hand movements.,r001,Cooking,,,3819.56656,f3a0487b-70f6-4446-99a0-16dc78019ee7
Object Transfer,9,,#C C stretches her right hand towards a counter in the kitchen.,"The action involves reaching towards an object, which is a logistics step.",r001,Cooking,,,3882.89083,f3a0487b-70f6-4446-99a0-16dc78019ee7
Object Transfer,9,,#C C places a container of turmeric powder on a kitchen basement with her right hand. #unsure,"The action involves picking up and placing an object, which is a logistics step.",r001,Cooking,,,3885.87135,f3a0487b-70f6-4446-99a0-16dc78019ee7
Object Transfer,9,,#C C raises a container of ginger powder with both hands. #Unsure,"The action involves picking up an object with both hands, which is a logistics step.",r001,Cooking,,,3918.65924,f3a0487b-70f6-4446-99a0-16dc78019ee7
Object Transfer,9,,#C C closes a container of ginger powder with her right hand. #Unsure,"Closing a container involves logistics and setup, with short bursts of hand activity.",r001,Cooking,,,3925.81776,f3a0487b-70f6-4446-99a0-16dc78019ee7
Locomotion,9,,#C C takes few steps towards the kitchen sink.,"Movement through space, involves walking.",r001,Cooking,,,3975.31755,f3a0487b-70f6-4446-99a0-16dc78019ee7
Essential Operation,9,,#C C squeezes half of a lemon fruit on a tofu in the blender with both hands. #Unsure,Core task involving high hand activity and manipulation.,r001,Cooking,,,4016.12025,f3a0487b-70f6-4446-99a0-16dc78019ee7
Essential Operation,9,,#C C squeezes half of a lemon fruit on a tofu in the blender with her right hand. #Unsure,Core task involving high hand activity.,r001,Cooking,,,4019.24957,f3a0487b-70f6-4446-99a0-16dc78019ee7
Object Transfer,9,,#C C removes his right hand from the food processor switch.,"Action involves moving the hand away from a switch, which is a logistics step.",r001,Cooking,,,4067.16339,f3a0487b-70f6-4446-99a0-16dc78019ee7
Object Transfer,9,,#C C puts part of the sauce in the food processor. #Unsure,Logistics step involving moving the sauce to the food processor.,r001,Cooking,,,4100.75148,f3a0487b-70f6-4446-99a0-16dc78019ee7
Object Transfer,9,,#C C picks a sauce from the kitchen cabinet with his left hand. #Unsure,Logistics step involving picking up an object.,r001,Cooking,,,4107.0017800000005,f3a0487b-70f6-4446-99a0-16dc78019ee7
Essential Operation,9,,#C C pours a few sauce inside the food processor with his right hand. #Unsure,Core task involving high hand activity.,r001,Cooking,,,4133.26889,f3a0487b-70f6-4446-99a0-16dc78019ee7
Stationary,9,,#C C Scrolls on the tablet with right hand,"Low body/hand motion, focused activity.",r001,Mechanical Repair,,,1876.8560009546632,f6eb8e9b-a925-4112-9eec-32393192e435
Object Transfer,9,,#C C Picks the mobile phone from the table,Logistics step involving picking up an object.,r001,Mechanical Repair,,,1967.2521409546632,f6eb8e9b-a925-4112-9eec-32393192e435
Stationary,9,,#C C draws with the light pen.,"The action involves drawing with a light pen, which is likely a stationary activity with minimal body or hand movement.",r001,Mechanical Repair,,,2261.0193276213304,f6eb8e9b-a925-4112-9eec-32393192e435
Search,9,,#C C looks at the tablet.,"Visual search or monitoring (checking the tablet), hands mostly still.",r001,Mechanical Repair,,,2406.60298762133,f6eb8e9b-a925-4112-9eec-32393192e435
Essential Operation,9,,#C C draws with the light pen.,Core task involving fine hand movements.,r001,Mechanical Repair,,,2813.509704287997,f6eb8e9b-a925-4112-9eec-32393192e435
Object Transfer,9,,#C C covers the mug with the lid,"Action involves picking up and placing the lid on the mug, which is a logistics task.",r001,Mechanical Repair,,,7.754537684472663,f90a8ae7-635c-4c58-a7fd-07879d4cb6d6
Object Transfer,9,,#C C picks plates on the cabinet,Logistics step involving picking up objects.,r001,Mechanical Repair,,,11.596937684472662,f90a8ae7-635c-4c58-a7fd-07879d4cb6d6
Object Transfer,9,,#C C picks plate from the cabinet with left hand,Logistics step involving picking up an object.,r001,Mechanical Repair,,,16.265247684472666,f90a8ae7-635c-4c58-a7fd-07879d4cb6d6
Object Transfer,9,,#C C places the lid on the plates,Logistics step involving placing an object.,r001,Mechanical Repair,,,23.660077684472665,f90a8ae7-635c-4c58-a7fd-07879d4cb6d6
Object Transfer,9,,#C C picks plates on the table,"Logistics step, picking up objects.",r001,Mechanical Repair,,,36.80324768447266,f90a8ae7-635c-4c58-a7fd-07879d4cb6d6
Object Transfer,9,,#C C moves the grater in the cabinet,Moving an object (grater) to a new location (cabinet).,r001,Mechanical Repair,,,70.74822768447267,f90a8ae7-635c-4c58-a7fd-07879d4cb6d6
Object Transfer,9,,#C C arranges utensils in the cabinet,Logistics of placing objects in a specific location.,r001,Mechanical Repair,,,75.83991768447267,f90a8ae7-635c-4c58-a7fd-07879d4cb6d6
Object Transfer,9,,#C C places cooking pots on top of each other in the cabinet,Logistics step involving the placement of objects.,r001,Mechanical Repair,,,95.50195768447269,f90a8ae7-635c-4c58-a7fd-07879d4cb6d6
Object Transfer,9,,#O lady X gives C seashells,"The action involves giving an object (seashells), which is a logistics step.",r001,Walking Outdoors,,,899.83381,fcc14fe4-35e1-4854-b368-4541ae7bcf58
Object Transfer,9,,#C C collects seashells,"The action involves picking up seashells, which is a logistics step.",r001,Walking Outdoors,,,1108.94012,fcc14fe4-35e1-4854-b368-4541ae7bcf58
Object Transfer,9,,#C C takes bag from lady X,Logistics step involving the transfer of an object (taking the bag).,r001,Walking Outdoors,,,1340.36161,fcc14fe4-35e1-4854-b368-4541ae7bcf58
Object Transfer,9,,#C C puts seashell in the bag,Logistics action of picking up and putting down an object.,r001,Walking Outdoors,,,1610.58912,fcc14fe4-35e1-4854-b368-4541ae7bcf58
Locomotion,9,,#C C touches the toe,"Body movement while walking, involves high body acceleration.",r001,Walking Outdoors,,,1926.28524,fcc14fe4-35e1-4854-b368-4541ae7bcf58
Locomotion,9,,#O O walks on the field,"Body moving through space, indicative of walking.",r001,Walking Outdoors,,,1936.74291,fcc14fe4-35e1-4854-b368-4541ae7bcf58
Object Transfer,9,,#C C picks the spiral shell,Logistics action of picking up an object.,r001,Walking Outdoors,,,1983.85345,fcc14fe4-35e1-4854-b368-4541ae7bcf58
Search,9,,#C C looks at the spiral shell,"Head movement (visual inspection), hands mostly still.",r001,Walking Outdoors,,,2017.09825,fcc14fe4-35e1-4854-b368-4541ae7bcf58
Locomotion,9,,#C C communicates on the walkway,"Body moving through space (walking), high body acceleration.",r001,Walking Outdoors,,,2334.75375,fcc14fe4-35e1-4854-b368-4541ae7bcf58
Stationary,9,,#C C touches the tree,"The action involves a brief interaction with the environment, likely with minimal body movement.",r001,Walking Outdoors,,,2343.87438,fcc14fe4-35e1-4854-b368-4541ae7bcf58
Locomotion,9,,#O O walks on the walkway,"Body moving through space, characteristic of walking.",r001,Walking Outdoors,,,2358.91318,fcc14fe4-35e1-4854-b368-4541ae7bcf58
Stationary,9,,#O O holds the phone,"The action describes holding a phone, which involves low body and hand motion.",r001,Walking Outdoors,,,2399.29792,fcc14fe4-35e1-4854-b368-4541ae7bcf58
Locomotion,9,,#C C starts the motorbike,"Starting a motorbike is often associated with preparing for a journey, which involves body movement.",r001,Walking Outdoors,,,2455.66694,fcc14fe4-35e1-4854-b368-4541ae7bcf58
