action,batch,corrected_action,narration_text,reasoning,round,scenario,status_main,status_secondary,timestamp_sec,video_uid
Stationary,12,,#C C presses the home button of the phone,"Low body/hand motion, likely involves minimal movement.",r001,Playing Instrument,Gold,,876.2393673123536,0091e812-f56f-4bd9-ad65-019fc97c1ffe
Stationary,12,,#C C holds the neck of the guitar,"Low body/hand motion, preparing to play.",r001,Playing Instrument,Gold,,1041.1114573123537,0091e812-f56f-4bd9-ad65-019fc97c1ffe
Stationary,12,Essential Operation,#C C moves hand away from the phone,"The action describes a hand moving away from the phone, which is a low-energy movement.",r001,Playing Instrument,Bad,,1134.754877144922,0091e812-f56f-4bd9-ad65-019fc97c1ffe
Stationary,12,Essential Operation,#C C taps on the phone's screen,"Low body/hand motion, primarily finger movement.",r001,Playing Instrument,Bad,,1163.5470671449218,0091e812-f56f-4bd9-ad65-019fc97c1ffe
Stationary,12,Essential Operation,#C C swipes on the phone's screen,The action involves minimal movement and is likely performed while the person is in a static position.,r001,Playing Instrument,Bad,,1277.7864571449218,0091e812-f56f-4bd9-ad65-019fc97c1ffe
Stationary,12,Object Transfer,#C C puts the phone on his lap,Putting the phone down is a setup action with low subsequent motion.,r001,Playing Instrument,Bad,,1555.77299721162,0091e812-f56f-4bd9-ad65-019fc97c1ffe
Stationary,12,Essential Operation,#C C turns the phone,"Low body/hand motion, likely involves minimal movement.",r001,Playing Instrument,Bad,,1590.66350721162,0091e812-f56f-4bd9-ad65-019fc97c1ffe
Essential Operation,12,,#C C hits the brush on the paint container,Core task involving manual action with high hand acceleration.,r001,Mechanical Repair,Gold,,196.4075396,036ed5cd-297e-4592-97ee-0611adbc45d2
Essential Operation,12,,#C C paints the railing with the brush,Core manual task involving high hand activity.,r001,Mechanical Repair,Gold,,386.07183095466337,036ed5cd-297e-4592-97ee-0611adbc45d2
Essential Operation,12,,#C C hits the paint container with the brush,Core manual task involving high hand activity.,r001,Mechanical Repair,Gold,,410.5503909546634,036ed5cd-297e-4592-97ee-0611adbc45d2
Stationary,12,,#C C stops adjusting the nylon on the floor.,"Low body/hand motion, indicating a pause or rest.",r001,Mechanical Repair,Gold,,583.2172976213301,036ed5cd-297e-4592-97ee-0611adbc45d2
Stationary,12,Essential Operation,#C C cleans his forehead with his right hand. #unsure,"Low body/hand motion, likely a brief idle or pause action.",r001,Mechanical Repair,Bad,,587.69706762133,036ed5cd-297e-4592-97ee-0611adbc45d2
Object Transfer,12,,#C C drops the stone on the nylon on the floor.,Refined via regex fallback,r001,Mechanical Repair,Gold,,599.55441762133,036ed5cd-297e-4592-97ee-0611adbc45d2
Stationary,12,,#C C stops hitting the top of the paint can with the paint brush.,"The action indicates a pause in motion, suggesting low energy activity.",r001,Mechanical Repair,Gold,,957.53093762133,036ed5cd-297e-4592-97ee-0611adbc45d2
Object Transfer,12,Essential Operation,#C C hits the top of the paint can with the paint brush.,"[CtxFixed] The action involves moving the paint brush and interacting with the paint can, which is part of the process of transferring paint from the can to the brush.",r001,Mechanical Repair,Bad,,1076.690312287997,036ed5cd-297e-4592-97ee-0611adbc45d2
Essential Operation,12,,#C C paints the balcony with the paint brush.,Core manual task involving repetitive hand movements.,r001,Mechanical Repair,Gold,,1150.9625242879963,036ed5cd-297e-4592-97ee-0611adbc45d2
Stationary,12,,#C C stretches both legs forward.,"Low body/hand motion, indicating a pause or idle action.",r001,Mechanical Repair,Gold,,1201.7832042879966,036ed5cd-297e-4592-97ee-0611adbc45d2
Stationary,12,,#C C stops hitting the top paint can with the paint brush.,"The action indicates a pause in activity, suggesting low energy and a stationary state.",r001,Mechanical Repair,Gold,,1248.6553042879966,036ed5cd-297e-4592-97ee-0611adbc45d2
Locomotion,12,,#C C walks back to the balcony.,"Body moving through space, indicative of walking.",r001,Mechanical Repair,Gold,,1305.1477542879966,036ed5cd-297e-4592-97ee-0611adbc45d2
Stationary,12,,#C C stops hitting the paint brush on the top of the paint can.,"The action describes a pause in motion, indicating low body and hand activity.",r001,Mechanical Repair,Gold,,1402.2755442879966,036ed5cd-297e-4592-97ee-0611adbc45d2
Object Transfer,12,,C was at the front of a balcony with a paint brush. C took some paint from the paint can. C painted the balcony with the paint brush.,"The action involves picking up and using the paint brush, which falls under logistics and setup steps.",r001,Mechanical Repair,,Skip,1441.8543619333332,036ed5cd-297e-4592-97ee-0611adbc45d2
Locomotion,12,,#C C jumps the fence,Body moving through space with high body acceleration.,r001,Walking Outdoors,Gold,,893.2863918293625,057bf03d-b337-475c-82a2-79f0b5b6637f
Search,12,,#C C looks at the grass,"Head movement (visual inspection), hands mostly still.",r001,Walking Outdoors,Gold,,2213.7839946091144,057bf03d-b337-475c-82a2-79f0b5b6637f
Locomotion,12,Essential Operation,#C C uproots the plant,"The action involves moving through space, likely while walking.",r001,Walking Outdoors,Bad,,2363.4200246091145,057bf03d-b337-475c-82a2-79f0b5b6637f
Essential Operation,12,,#C C twists the weed,Core manual task involving hand activity.,r001,Walking Outdoors,Gold,,2743.906186816145,057bf03d-b337-475c-82a2-79f0b5b6637f
Stationary,12,,#C C touches on the seat,"The action indicates a brief, stationary interaction with an object.",r001,Walking Outdoors,Gold,,152.57955,05a6d5f7-e1d5-4af3-9ae8-f07d0ac12657
Locomotion,12,,#C C alights from the vehicle,"The action describes a transition from a stationary position to movement, indicating the start of walking.",r001,Walking Outdoors,Gold,,158.14817,05a6d5f7-e1d5-4af3-9ae8-f07d0ac12657
Stationary,12,Essential Operation,#C C removes pizza sticker,"The action involves a small, localized task (removing a sticker) without significant body movement.",r001,Walking Outdoors,Bad,,619.0629066666667,05a6d5f7-e1d5-4af3-9ae8-f07d0ac12657
Stationary,12,Object Transfer,#C C puts phone down,"Putting down an object indicates a pause in motion, suggesting a low-energy state.",r001,Walking Outdoors,Bad,,637.0548666666666,05a6d5f7-e1d5-4af3-9ae8-f07d0ac12657
Stationary,12,Essential Operation,#C C touches on the phone,"Low body/hand motion, likely involves hand use but not significant motion.",r001,Walking Outdoors,Bad,,676.4593466666666,05a6d5f7-e1d5-4af3-9ae8-f07d0ac12657
Essential Operation,12,,#C C eats the pizza,Core manual task involving hand activity.,r001,Walking Outdoors,Gold,,815.3004766666667,05a6d5f7-e1d5-4af3-9ae8-f07d0ac12657
Object Transfer,12,,#C C puts carrier bag on table,Logistics step involving placing an object on a surface.,r001,Walking Outdoors,Gold,,1058.2070566666666,05a6d5f7-e1d5-4af3-9ae8-f07d0ac12657
Object Transfer,12,,#C C takes pizza box,Logistics step of picking up the pizza box.,r001,Walking Outdoors,Gold,,1083.6632213333332,05a6d5f7-e1d5-4af3-9ae8-f07d0ac12657
Object Transfer,12,,#C C puts the white paper bag in the bin,Logistics step involving placing an object in a bin.,r001,Walking Outdoors,Gold,,1096.2797133333331,05a6d5f7-e1d5-4af3-9ae8-f07d0ac12657
Locomotion,12,,#O Driver A drives the bus,"Body moving through space, indicative of driving which involves significant whole-body motion.",r001,Walking Outdoors,,Skip,1199.7600233333333,05a6d5f7-e1d5-4af3-9ae8-f07d0ac12657
Locomotion,12,,#C C gets off the bus,"The action involves moving the body from a stationary position (getting off the bus), which is characterized by high body acceleration.",r001,Walking Outdoors,Gold,,1274.9174333333333,05a6d5f7-e1d5-4af3-9ae8-f07d0ac12657
Locomotion,12,,#C C pulls the trolley,"Body moving through space while pulling an object, indicating movement.",r001,Walking Outdoors,Gold,,1324.8567833333334,05a6d5f7-e1d5-4af3-9ae8-f07d0ac12657
Stationary,12,,#O Lady A gestures with the right hand,Gesturing with the hand while walking is not consistent with high body acceleration typical of locomotion. The action is more consistent with a stationary activity where the body remains mostly still.,r001,Walking Outdoors,Gold,,1406.2809233333332,05a6d5f7-e1d5-4af3-9ae8-f07d0ac12657
Object Transfer,12,,#O Man B takes the items out of the basket,Logistics step of picking up and putting down items.,r001,Walking Outdoors,Gold,,1421.8634133333337,05a6d5f7-e1d5-4af3-9ae8-f07d0ac12657
Stationary,12,Essential Operation,#C C interacts with Cashier F,"Interacting with a cashier typically involves speaking and possibly handing over items, which are low-energy activities.",r001,Walking Outdoors,Bad,,1442.0061033333334,05a6d5f7-e1d5-4af3-9ae8-f07d0ac12657
Essential Operation,12,,#O Cashier F rips off the receipt from the machine,Core manual task involving high hand activity.,r001,Walking Outdoors,Gold,,1444.238473333333,05a6d5f7-e1d5-4af3-9ae8-f07d0ac12657
Search,12,,#C C looks at the food stuff items,"Head movement (visual search), hands mostly still.",r001,Walking Outdoors,Gold,,1478.2840933333332,05a6d5f7-e1d5-4af3-9ae8-f07d0ac12657
Search,12,,#O Man H looks at items with Man J,"Visual search or monitoring (looking at items), hands mostly still.",r001,Walking Outdoors,Gold,,1504.4092833333334,05a6d5f7-e1d5-4af3-9ae8-f07d0ac12657
Object Transfer,12,,#O Cashier G closes the container with the lid,"The action involves closing a container, which is a logistics step involving picking up and putting down objects.",r001,Walking Outdoors,Gold,,1527.1039133333334,05a6d5f7-e1d5-4af3-9ae8-f07d0ac12657
Essential Operation,12,,#O Cashier G scoops the olives,"Core task involving hand activity, scooping.",r001,Walking Outdoors,Gold,,1534.9312433333334,05a6d5f7-e1d5-4af3-9ae8-f07d0ac12657
Object Transfer,12,,#O Cashier G puts the container on the weighing scale,"The action involves placing an object on a scale, which is a logistics step.",r001,Walking Outdoors,Gold,,1538.2551533333333,05a6d5f7-e1d5-4af3-9ae8-f07d0ac12657
Search,12,,#C C looks at the cheese,"Head movement (visual inspection), hands mostly still.",r001,Walking Outdoors,Gold,,1631.7963626666665,05a6d5f7-e1d5-4af3-9ae8-f07d0ac12657
Object Transfer,12,,#C C drops the cheese slices in the trolley,"[CtxFixed] The current action involves C deliberately placing the cheese slices into the trolley, which fits the criteria for an Object Transfer action.",r001,Walking Outdoors,Gold,,1644.3084166666667,05a6d5f7-e1d5-4af3-9ae8-f07d0ac12657
Object Transfer,12,,#O Cashier B gives C the container,"The action involves giving an object (container) to another person, which is a logistics step.",r001,Walking Outdoors,Gold,,1687.2631266666667,05a6d5f7-e1d5-4af3-9ae8-f07d0ac12657
Search,12,,#C C looks at the bacon slices,"Head movement (visual inspection), hands mostly still.",r001,Walking Outdoors,Gold,,1690.8851366666668,05a6d5f7-e1d5-4af3-9ae8-f07d0ac12657
Object Transfer,12,,#C C puts the bacon slices in the trolley,"Logistics step of placing items, short bursts of hand activity.",r001,Walking Outdoors,Gold,,1693.4069566666667,05a6d5f7-e1d5-4af3-9ae8-f07d0ac12657
Object Transfer,12,,#C C takes another full cream container from the shelf,"The action involves picking up and transferring an object, which is a logistics step.",r001,Walking Outdoors,Gold,,1811.2964266666668,05a6d5f7-e1d5-4af3-9ae8-f07d0ac12657
Locomotion,12,,#C C moves up,"Body moving through space, likely indicates upward movement such as climbing or walking up an incline.",r001,Walking Outdoors,Gold,,1839.2198866666668,05a6d5f7-e1d5-4af3-9ae8-f07d0ac12657
Object Transfer,12,,#C C takes the spice container from the shelf,"Logistics/Setup step, picking up an object.",r001,Walking Outdoors,Gold,,2126.780756,05a6d5f7-e1d5-4af3-9ae8-f07d0ac12657
Essential Operation,12,,#C C shakes the spice container,Core task involving high hand activity.,r001,Walking Outdoors,Gold,,2145.157016,05a6d5f7-e1d5-4af3-9ae8-f07d0ac12657
Object Transfer,12,,#C C takes the beef from the trolley,"The action involves picking up an object from the trolley, which is a logistics step.",r001,Walking Outdoors,Gold,,2269.85408,05a6d5f7-e1d5-4af3-9ae8-f07d0ac12657
Object Transfer,12,,#C C puts the beef on the counter,Logistics step involving placing an object.,r001,Walking Outdoors,Gold,,2271.50255,05a6d5f7-e1d5-4af3-9ae8-f07d0ac12657
Essential Operation,12,,#O Cashier A takes the cheese slices,"The action involves taking an item, which is a core manual task.",r001,Walking Outdoors,Gold,,2274.28578,05a6d5f7-e1d5-4af3-9ae8-f07d0ac12657
Object Transfer,12,,#C C puts the containers on the counter,Logistics step involving placing objects.,r001,Walking Outdoors,Gold,,2279.55392,05a6d5f7-e1d5-4af3-9ae8-f07d0ac12657
Stationary,12,Essential Operation,#C C shows Cashier A his phone,"Low body/hand motion, showing something to someone.",r001,Walking Outdoors,Bad,,2358.50255,05a6d5f7-e1d5-4af3-9ae8-f07d0ac12657
Object Transfer,12,,#C C puts the paper bags in the trolley,Logistics step involving putting objects in a container.,r001,Walking Outdoors,Gold,,2393.40061,05a6d5f7-e1d5-4af3-9ae8-f07d0ac12657
Stationary,12,Object Transfer,#O Cashier A give C the receipts,"The action involves giving receipts, which is a static interaction rather than movement through space.",r001,Walking Outdoors,Bad,,2394.21624,05a6d5f7-e1d5-4af3-9ae8-f07d0ac12657
Locomotion,12,,#C C runs on the road,Body moving through space at a high speed.,r001,Walking Outdoors,Gold,,2425.78752,05a6d5f7-e1d5-4af3-9ae8-f07d0ac12657
Stationary,12,,#C C sits on the bus seat,"Low body/hand motion, sitting indicates idle state.",r001,Walking Outdoors,Gold,,2453.29639,05a6d5f7-e1d5-4af3-9ae8-f07d0ac12657
Stationary,12,,#O Driver A holds the phone,"The action describes holding a phone, which is a low-energy, stationary activity.",r001,Walking Outdoors,Gold,,2481.65724,05a6d5f7-e1d5-4af3-9ae8-f07d0ac12657
Stationary,12,,#O Driver A gestures with the left hand,"The action involves a gesture which is typically a low energy, stationary activity.",r001,Walking Outdoors,Gold,,2497.85944,05a6d5f7-e1d5-4af3-9ae8-f07d0ac12657
Stationary,12,,#O Driver A gestures with the right hand,"The action involves a gesture with the hand while presumably standing or sitting, indicating low body and hand motion.",r001,Walking Outdoors,Gold,,2587.67273,05a6d5f7-e1d5-4af3-9ae8-f07d0ac12657
Locomotion,12,Stationary,#C C moves the left hand,"Movement through space, likely walking which involves whole body motion.",r001,Walking Outdoors,Bad,,2649.42127,05a6d5f7-e1d5-4af3-9ae8-f07d0ac12657
Stationary,12,Essential Operation,#O Driver B swipes on the phone,"The action involves a stationary hand movement (swiping on a phone) while the body may be in motion, but the hand motion itself is low energy and brief.",r001,Walking Outdoors,Bad,,2679.774844666667,05a6d5f7-e1d5-4af3-9ae8-f07d0ac12657
Locomotion,12,,#c c rides a scooter,"Body moving through space, high body acceleration.",r001,Walking Outdoors,Gold,,526.44622,078634f1-0e81-455d-b771-3d35b65a2645
Locomotion,12,,#c c parks scooter,The action of parking a scooter is part of the movement process and involves body movement through space.,r001,Walking Outdoors,Gold,,599.6666633333333,078634f1-0e81-455d-b771-3d35b65a2645
Object Transfer,12,,#C C puts stalk down,Logistics step of placing an object.,r001,Gardening,Gold,,62.0485586,07b357ce-0bce-4d5e-b7ab-c16f1d4c7de6
Essential Operation,12,,#C C cuts leaves,"Core task, high hand activity.",r001,Gardening,Gold,,156.9803886,07b357ce-0bce-4d5e-b7ab-c16f1d4c7de6
Object Transfer,12,,#C C puts leaf aside,Logistics step involving picking up and placing down an object.,r001,Gardening,Gold,,611.8382876136719,07b357ce-0bce-4d5e-b7ab-c16f1d4c7de6
Object Transfer,12,,#C C places cards on the table,Logistics step of placing cards on the table.,r001,Playing Instrument,Gold,,16.0371186,0a47c74a-dad9-42d5-b937-0f375490f034
Object Transfer,12,,#C C places card on the game board,Logistics step involving placing an object.,r001,Playing Instrument,Gold,,118.4632886,0a47c74a-dad9-42d5-b937-0f375490f034
Search,12,,#C C looks at the board game,"Head movement (visual search), hands mostly still.",r001,Playing Instrument,Gold,,224.7511386,0a47c74a-dad9-42d5-b937-0f375490f034
Object Transfer,12,,#O woman X tosses the dice,"The action involves tossing the dice, which is a short burst of hand activity.",r001,Playing Instrument,Gold,,378.0376686458333,0a47c74a-dad9-42d5-b937-0f375490f034
Stationary,12,Essential Operation,#C C shows card to woman x,The action of showing a card to a woman is likely to involve minimal body movement.,r001,Playing Instrument,Bad,,452.9364586458333,0a47c74a-dad9-42d5-b937-0f375490f034
Object Transfer,12,,#O A woman Y picks cards on table,"The action involves picking up objects (cards), which is a logistics step.",r001,Playing Instrument,Gold,,561.9777570505208,0a47c74a-dad9-42d5-b937-0f375490f034
Search,12,,#O A woman Y looks around,"Head movement (visual search), hands mostly still.",r001,Playing Instrument,Gold,,675.1611570505208,0a47c74a-dad9-42d5-b937-0f375490f034
Stationary,12,Essential Operation,#O A woman Y shows C a card,"Low body/hand motion, likely involves holding the card and showing it.",r001,Playing Instrument,Bad,,685.5179870505209,0a47c74a-dad9-42d5-b937-0f375490f034
Stationary,12,Object Transfer,#O A woman Y puts #unsure on the board,Uncertain action implies low energy and possibly stationary behavior.,r001,Playing Instrument,Bad,,710.2255770505209,0a47c74a-dad9-42d5-b937-0f375490f034
Object Transfer,12,,#C C drops a rag in his left hand on the ground.,"[CtxFixed] The action involves deliberately placing the rag on the ground, which fits the definition of a deliberate placement.",r001,Mechanical Repair,,Skip,1.97409,0aff43b9-4b48-45f9-b67d-086f9390d8e2
Object Transfer,12,,#C C removes a fuse from the motorcycle battery with his left hand. #Unsure,"The action involves picking up and removing an object, which is a logistics step.",r001,Mechanical Repair,Gold,,39.54909,0aff43b9-4b48-45f9-b67d-086f9390d8e2
Essential Operation,12,,#C C screws a cable on the battery with the screwdriver in his hands.,Core manual task involving high hand activity.,r001,Mechanical Repair,Gold,,55.0373,0aff43b9-4b48-45f9-b67d-086f9390d8e2
Stationary,12,Search,#C C reads on a phone,"Low body/hand motion, focused visual activity.",r001,Desk Work,Bad,,41.95785,0c2a22d4-8f77-4558-b8f2-2efad1bda1f8
Search,12,,#C C reads on a phone,"Head movement (visual search), hands mostly still.",r001,Desk Work,Gold,,45.5489,0c2a22d4-8f77-4558-b8f2-2efad1bda1f8
Object Transfer,12,,#C C lifts a plate,"Logistics step, short burst of hand acceleration.",r001,Cooking,Gold,,198.81116526666665,0d270946-95c5-4e71-ae49-b9e802548147
Stationary,12,,#C C rotates the bowl with left hand,"The action involves minimal movement of the body and hand, indicating a stationary or low-energy state.",r001,Cooking,Gold,,308.67499526666666,0d270946-95c5-4e71-ae49-b9e802548147
Object Transfer,12,,#C C places the siever on the lid,"Logistics step, placing an object.",r001,Cooking,Gold,,350.5090552666667,0d270946-95c5-4e71-ae49-b9e802548147
Object Transfer,12,,#C C picks a cooking pan with right hand,Logistics action involving picking up an object.,r001,Cooking,Gold,,355.63251526666664,0d270946-95c5-4e71-ae49-b9e802548147
Essential Operation,12,,#C C pours cooking oil on the cooking pan with left hanfd,Core task involving high hand activity.,r001,Cooking,Gold,,368.7676752666667,0d270946-95c5-4e71-ae49-b9e802548147
Object Transfer,12,,#C C throws some flour in the dustbin with his right hand,Logistics step involving moving an object from one place to another.,r001,Cooking,Gold,,408.7478452666667,0d270946-95c5-4e71-ae49-b9e802548147
Essential Operation,12,,#C C mixes the flour on the bowl with a fork in his right hand,Core manual task involving high hand activity.,r001,Cooking,Gold,,425.68066526666667,0d270946-95c5-4e71-ae49-b9e802548147
Stationary,12,,#C C holds the bowl with his left hand,"Low body/hand motion, holding an object.",r001,Cooking,Gold,,438.1267752666667,0d270946-95c5-4e71-ae49-b9e802548147
Essential Operation,12,,#C C folds the piece of tissue with both hands,Core manual task involving high hand activity.,r001,Cooking,Gold,,481.8253952666667,0d270946-95c5-4e71-ae49-b9e802548147
Object Transfer,12,Essential Operation,#C C picks the flour with left hand,Logistics action of picking up an object.,r001,Cooking,Bad,,540.6233119333334,0d270946-95c5-4e71-ae49-b9e802548147
Essential Operation,12,,#C C scoops the dough,Core task involving high hand activity.,r001,Cooking,Gold,,619.6221019333334,0d270946-95c5-4e71-ae49-b9e802548147
Stationary,12,Essential Operation,#C C arranges the dough on the plate,"The action involves arranging the dough, which typically involves minimal movement and can be considered a stationary activity.",r001,Cooking,Bad,,779.3263619333335,0d270946-95c5-4e71-ae49-b9e802548147
Object Transfer,12,,#C C picks the baking powder packet,Logistics/Setup step involving picking up an object.,r001,Cooking,Gold,,884.0658819333335,0d270946-95c5-4e71-ae49-b9e802548147
Object Transfer,12,Essential Operation,#C C picks the dough,Logistics step of picking up an object.,r001,Cooking,Bad,,894.9165819333334,0d270946-95c5-4e71-ae49-b9e802548147
Object Transfer,12,,#C C drops the cake on the plates white paper,Refined via regex fallback,r001,Cooking,Gold,,935.5083619333334,0d270946-95c5-4e71-ae49-b9e802548147
Object Transfer,12,Essential Operation,#C C adjusts the sieve,"Logistics step, likely involves picking up and placing the sieve.",r001,Cooking,Bad,,946.5214319333336,0d270946-95c5-4e71-ae49-b9e802548147
Essential Operation,12,,#C C attaches the dough to the baking powder,Core manual task involving hands with high activity.,r001,Cooking,Gold,,980.5581519333334,0d270946-95c5-4e71-ae49-b9e802548147
Essential Operation,12,,#C C adjusts the dough with the spoon,Core manual task involving high hand activity.,r001,Cooking,Gold,,993.7320019333334,0d270946-95c5-4e71-ae49-b9e802548147
Stationary,12,Essential Operation,#C C adjusts the cakes,"Adjusting likely involves minor hand movements and possibly visual inspection, which are low energy activities.",r001,Cooking,Bad,,1020.8877719333334,0d270946-95c5-4e71-ae49-b9e802548147
Object Transfer,12,,#C C lifts a cup,"The action involves picking up an object, which is a logistics step.",r001,Cooking,Gold,,1070.7600919333331,0d270946-95c5-4e71-ae49-b9e802548147
Essential Operation,12,,#C C pours the substance,Core task involving high hand activity.,r001,Cooking,Gold,,1078.6625419333334,0d270946-95c5-4e71-ae49-b9e802548147
Search,12,,#C C looks at the cakes,"Head movement (visual inspection), hands mostly still.",r001,Cooking,Gold,,1099.0340019333332,0d270946-95c5-4e71-ae49-b9e802548147
Object Transfer,12,,#C C picks the spatula with right hand,Logistics step involving picking up an object.,r001,Cooking,Gold,,1100.4045319333334,0d270946-95c5-4e71-ae49-b9e802548147
Essential Operation,12,,#C C applies the butter on the bowl with right hand,Core task involving high hand activity.,r001,Cooking,Gold,,1157.0456419333334,0d270946-95c5-4e71-ae49-b9e802548147
Essential Operation,12,,#C C turns the cakes with spatula,Core task involving high hand activity.,r001,Cooking,Gold,,1175.2220719333334,0d270946-95c5-4e71-ae49-b9e802548147
Essential Operation,12,,#C C scoops the cake with spatula,Core task involving high hand activity.,r001,Cooking,Gold,,1186.2310919333331,0d270946-95c5-4e71-ae49-b9e802548147
Stationary,12,Essential Operation,#C C touches the cake with left hand,"Low body/hand motion, likely inspecting the cake.",r001,Cooking,Bad,,1198.2947519333334,0d270946-95c5-4e71-ae49-b9e802548147
Essential Operation,12,,#C C cuts the cake with hands,"Core task, high hand activity.",r001,Cooking,Gold,,1207.5469019333334,0d270946-95c5-4e71-ae49-b9e802548147
Stationary,12,Essential Operation,#C C pushes the cake with a finger,"Low body/hand motion, likely involves minimal movement.",r001,Cooking,Bad,,1232.6607219333332,0d270946-95c5-4e71-ae49-b9e802548147
Stationary,12,Essential Operation,#C C adjusts the cakes on the pan,Adjusting the cakes involves minimal movement and is likely done with one hand while standing still.,r001,Cooking,Bad,,1243.2434719333332,0d270946-95c5-4e71-ae49-b9e802548147
Object Transfer,12,,#C C picks the oven grill from the table with the left hand,Logistics step involving picking up an object.,r001,Cooking,Gold,,1368.9918919333334,0d270946-95c5-4e71-ae49-b9e802548147
Object Transfer,12,,#C C places the glass oven plate in the oven with the right hand,Logistics step involving the placement of an object.,r001,Cooking,Gold,,1378.0442119333334,0d270946-95c5-4e71-ae49-b9e802548147
Object Transfer,12,,#C C puts the tins on the floor,Logistics step involving placing objects.,r001,Mechanical Repair,Gold,,27.0702686,0d8a3e5c-4263-4f80-b32d-39d4f33008ba
Object Transfer,12,,#C C puts the tin lids on the floor,Logistics step involving moving objects to a new location.,r001,Mechanical Repair,Gold,,36.0173286,0d8a3e5c-4263-4f80-b32d-39d4f33008ba
Stationary,12,Essential Operation,#C C covers the tin,"Covering an object is a low-energy, stationary action.",r001,Mechanical Repair,Bad,,49.3160286,0d8a3e5c-4263-4f80-b32d-39d4f33008ba
Locomotion,12,Stationary,#C C moves the wooden block with feet,"Body moving through space, likely involves shifting weight and movement to manipulate the object with feet.",r001,Mechanical Repair,Bad,,132.5961486,0d8a3e5c-4263-4f80-b32d-39d4f33008ba
Object Transfer,12,,#C C removes tin and utensil from from the cabinet,Logistics step involving picking up and moving objects.,r001,Mechanical Repair,Gold,,139.80921859999998,0d8a3e5c-4263-4f80-b32d-39d4f33008ba
Object Transfer,12,,#C C puts bottle and utensils on the floor,Logistics of moving objects (putting down).,r001,Mechanical Repair,Gold,,216.7284886,0d8a3e5c-4263-4f80-b32d-39d4f33008ba
Search,12,,#C C checks the drawer,"Head movement (visual search), hands mostly still.",r001,Mechanical Repair,Gold,,616.0159276136719,0d8a3e5c-4263-4f80-b32d-39d4f33008ba
Object Transfer,12,,#C C puts baking tray in the drawer,Logistics step involving placing an object.,r001,Mechanical Repair,Gold,,624.002447613672,0d8a3e5c-4263-4f80-b32d-39d4f33008ba
Object Transfer,12,,#C C puts the packed container accessories on the floor,Logistics step of placing objects.,r001,Mechanical Repair,Gold,,655.2481476136719,0d8a3e5c-4263-4f80-b32d-39d4f33008ba
Object Transfer,12,,#C C removes the nylon from the drawer,Logistics step involving picking up and moving an object.,r001,Mechanical Repair,Gold,,757.7621676136719,0d8a3e5c-4263-4f80-b32d-39d4f33008ba
Object Transfer,12,,#C C carries the box,Movement of an object from one place to another.,r001,Mechanical Repair,Gold,,827.6383383830549,0d8a3e5c-4263-4f80-b32d-39d4f33008ba
Object Transfer,12,,#C C picks table mats from the floor,Logistics step involving picking up objects.,r001,Mechanical Repair,Gold,,902.7706283830548,0d8a3e5c-4263-4f80-b32d-39d4f33008ba
Stationary,12,,#C C dirt off the table mat,"Low body/hand motion, cleaning action likely involves minimal movement.",r001,Mechanical Repair,,Skip,904.886028383055,0d8a3e5c-4263-4f80-b32d-39d4f33008ba
Stationary,12,Essential Operation,#C C adjusts the table mats,Adjusting likely involves fine-tuning with minimal body movement.,r001,Mechanical Repair,Bad,,907.3838083830548,0d8a3e5c-4263-4f80-b32d-39d4f33008ba
Object Transfer,12,,#C C picks tin lid from the floor,Logistics step involving picking up an object.,r001,Mechanical Repair,Gold,,1027.766548383055,0d8a3e5c-4263-4f80-b32d-39d4f33008ba
Search,12,,#C C checks out the tins,"Head movement (visual search), hands mostly still.",r001,Mechanical Repair,Gold,,1042.123618383055,0d8a3e5c-4263-4f80-b32d-39d4f33008ba
Object Transfer,12,,#C C places egg on the countertop,Logistics step involving moving an object to a location.,r001,Cooking,Gold,,74.7919886,105d3303-8e2d-4c20-96ff-e9a8ff325109
Essential Operation,12,,#C C peels garlic with hand,"Core manual task, high hand activity.",r001,Cooking,Gold,,199.8684286,105d3303-8e2d-4c20-96ff-e9a8ff325109
Essential Operation,12,,#C C breaks green pepper on a dustbin,"Core task involving manipulation with hands, high hand activity.",r001,Cooking,Gold,,359.2966997540433,105d3303-8e2d-4c20-96ff-e9a8ff325109
Object Transfer,12,,#C C throws waste into the trash bin,Logistics step involving picking up and disposing of waste.,r001,Cooking,Gold,,359.3929197540433,105d3303-8e2d-4c20-96ff-e9a8ff325109
Object Transfer,12,,#C C picks a bottle from the box,"Logistics/Setup step, picking up an object.",r001,Cooking,Gold,,491.6150897540433,105d3303-8e2d-4c20-96ff-e9a8ff325109
Object Transfer,12,,#C C moves #Unsure in the box,"[CtxFixed] The action describes C moving something into a box, which indicates a deliberate placement of an object.",r001,Cooking,Gold,,527.8563597540433,105d3303-8e2d-4c20-96ff-e9a8ff325109
Object Transfer,12,,#C C places ingredients on a chopping board,Logistics step involving picking up and placing down objects.,r001,Cooking,Gold,,553.0907576136719,105d3303-8e2d-4c20-96ff-e9a8ff325109
Search,12,Essential Operation,#C C sniffs liquid in the measuring cup,"Visual and sensory inspection (sniffing), hands mostly still.",r001,Cooking,Bad,,615.9777076136719,105d3303-8e2d-4c20-96ff-e9a8ff325109
Essential Operation,12,,#C C adds noodle residues in the boiling water,Core task involving manipulation with hands.,r001,Cooking,Gold,,682.1827276136719,105d3303-8e2d-4c20-96ff-e9a8ff325109
Object Transfer,12,,#C C collects noodles residues on the countertop,Logistics/Setup step involving moving objects around.,r001,Cooking,Gold,,694.9837876136719,105d3303-8e2d-4c20-96ff-e9a8ff325109
Object Transfer,12,,#C C puts the ingredients in a cooking pan,"Logistics step, moving objects from one place to another.",r001,Cooking,Gold,,830.4672309374354,105d3303-8e2d-4c20-96ff-e9a8ff325109
Locomotion,12,Object Transfer,#C C pulls a tray in the dishwasher,"Movement of the body to pull an object, involves high body acceleration.",r001,Cooking,Bad,,907.1516409374352,105d3303-8e2d-4c20-96ff-e9a8ff325109
Object Transfer,12,,#C C moves the can on the countertop,Logistics step involving moving an object.,r001,Cooking,Gold,,943.7206309374354,105d3303-8e2d-4c20-96ff-e9a8ff325109
Essential Operation,12,,#C C pulls the tip of the tongs,Core task involving high hand activity.,r001,Cooking,Gold,,1034.7403909374354,105d3303-8e2d-4c20-96ff-e9a8ff325109
Object Transfer,12,,#C C places measuring cup on the chopping board,Logistics step involving placing an object.,r001,Cooking,Gold,,1054.9614209374354,105d3303-8e2d-4c20-96ff-e9a8ff325109
Object Transfer,12,,#C C puts the spatula on the cooking pan,Logistics step involving picking up and placing an object.,r001,Cooking,Gold,,1093.2041271449218,105d3303-8e2d-4c20-96ff-e9a8ff325109
Search,12,,#C C looks at the plate,"Head movement (visual inspection), hands mostly still.",r001,Cooking,Gold,,1262.4944671449218,105d3303-8e2d-4c20-96ff-e9a8ff325109
Essential Operation,12,,#C C pours the egg yolk in the plate,Core task involving fine motor skills and hand activity.,r001,Cooking,Gold,,1269.6583271449217,105d3303-8e2d-4c20-96ff-e9a8ff325109
Stationary,12,,#C C holds the food with her both hands,"Low body/hand motion, holding an object.",r001,Cooking,Gold,,1410.9435235238172,105d3303-8e2d-4c20-96ff-e9a8ff325109
Object Transfer,12,,#C C puts the cooking spoon in the food,Logistics step involving the placement of an object.,r001,Cooking,Gold,,1528.9799135238172,105d3303-8e2d-4c20-96ff-e9a8ff325109
Object Transfer,12,,#C C puts the knife in the cupboard,Logistics/Setup step.,r001,Cooking,Gold,,1553.5032535238174,105d3303-8e2d-4c20-96ff-e9a8ff325109
Object Transfer,12,,#C C places napkin in trash bin,Logistics step involving moving the napkin to the trash bin.,r001,Cooking,Gold,,33.44355526666667,1558e9f2-d7f3-4a23-9627-4240f506d7df
Essential Operation,12,,#C C turns the dough,"Core task involving manipulation and shaping, high hand activity.",r001,Cooking,Gold,,40.55456526666667,1558e9f2-d7f3-4a23-9627-4240f506d7df
Object Transfer,12,,#C C takes roller,Logistics/Setup step.,r001,Cooking,Gold,,158.65619526666666,1558e9f2-d7f3-4a23-9627-4240f506d7df
Object Transfer,12,Essential Operation,#C C removes flour from the flour pack on the table with her right hand.,Logistics step involving picking up and removing an object.,r001,Cooking,,,405.00740095466335,1558e9f2-d7f3-4a23-9627-4240f506d7df
Object Transfer,12,,#C C drops the wooden rolling pin on the table with her right hand.,Refined via regex fallback,r001,Cooking,,Skip,421.7427809546634,1558e9f2-d7f3-4a23-9627-4240f506d7df
Essential Operation,12,,#C C spreads a portion of the dough on the table with her left hand.,Core task involving high hand activity.,r001,Cooking,Gold,,534.0890109546634,1558e9f2-d7f3-4a23-9627-4240f506d7df
Object Transfer,12,,#C C drops a portion of the dough on the table with her left hand.,Refined via regex fallback,r001,Cooking,,Skip,553.6950409546633,1558e9f2-d7f3-4a23-9627-4240f506d7df
Object Transfer,12,Essential Operation,#C C scoops ravioli pasta from the plate with the spoon in her right hand.,Logistics step involving picking up and transferring an object.,r001,Cooking,Bad,,589.4297209546634,1558e9f2-d7f3-4a23-9627-4240f506d7df
Object Transfer,12,,#C C moves the ravioli pasta onto another portion of dough on the table with her left hand.,Logistics step involving moving an object from one place to another.,r001,Cooking,Gold,,631.0345209546634,1558e9f2-d7f3-4a23-9627-4240f506d7df
Essential Operation,12,,#C C scoops the ravioli pasta from the spoon with her left hand.,Core manual task involving precise hand movements.,r001,Cooking,Gold,,672.0740509546633,1558e9f2-d7f3-4a23-9627-4240f506d7df
Object Transfer,12,,#C C drops the ravioli pasta dough on the flat tray with her left hand.,"[CtxFixed] The action of dropping the ravioli pasta dough onto the flat tray is a deliberate placement, indicating a transfer of the object to a new location.",r001,Cooking,Gold,,787.9174909546634,1558e9f2-d7f3-4a23-9627-4240f506d7df
Essential Operation,12,,#C C folds dough into a meat ball,Core manual task involving fine hand movements.,r001,Cooking,Gold,,876.1374952666667,1558e9f2-d7f3-4a23-9627-4240f506d7df
Essential Operation,12,,#C C folds the dough into a meatball,"Core task involving hands, high hand activity.",r001,Cooking,Gold,,1005.0764352666667,1558e9f2-d7f3-4a23-9627-4240f506d7df
Object Transfer,12,Essential Operation,#C C picks dough with minced meat,Logistics step involving picking up an object.,r001,Cooking,Bad,,1027.7715452666666,1558e9f2-d7f3-4a23-9627-4240f506d7df
Essential Operation,12,,#C C spreads flour on the dough,Core task involving high hand activity.,r001,Cooking,Gold,,1292.3148352666667,1558e9f2-d7f3-4a23-9627-4240f506d7df
Object Transfer,12,,#C C puts down the rolling pin,"Logistics step, short burst of hand activity.",r001,Cooking,Gold,,1303.4106952666666,1558e9f2-d7f3-4a23-9627-4240f506d7df
Essential Operation,12,,#C C folds the dough on the table with her hands.,Core manual task involving high hand activity.,r001,Cooking,Gold,,1822.836360954664,1558e9f2-d7f3-4a23-9627-4240f506d7df
Object Transfer,12,Essential Operation,#C C picks the dough on the table with her hands.,Logistics step involving picking up an object.,r001,Cooking,Bad,,1865.458270954664,1558e9f2-d7f3-4a23-9627-4240f506d7df
Object Transfer,12,,#C C puts a dough on the tray,"Logistics step, moving the dough to the tray.",r001,Cooking,Gold,,1929.4810819333327,1558e9f2-d7f3-4a23-9627-4240f506d7df
Object Transfer,12,,#C C picks marmite,Logistics step of picking up an item.,r001,Cooking,Gold,,18.678248600000003,18f5c2be-cb79-46fa-8ff1-e03b7e26c986
Object Transfer,12,,#C C picks tomato paste,Logistics/Setup step (picking up an object).,r001,Cooking,Gold,,186.0767486,18f5c2be-cb79-46fa-8ff1-e03b7e26c986
Object Transfer,12,,#C C picks nylon paper bag,Logistics/Setup step (pick up).,r001,Cooking,Gold,,277.9779186,18f5c2be-cb79-46fa-8ff1-e03b7e26c986
Object Transfer,12,,#C C picks metal can,Logistics step involving picking up an object.,r001,Cooking,Gold,,575.020821017806,18f5c2be-cb79-46fa-8ff1-e03b7e26c986
Essential Operation,12,,#C C pours milk in the pot,Core task involving manual operation with high hand activity.,r001,Cooking,Gold,,594.872341017806,18f5c2be-cb79-46fa-8ff1-e03b7e26c986
Locomotion,12,,#C C walks and take unknown from the fridge,"Body moving through space (walking), with an additional action (taking something from the fridge).",r001,Cooking,Gold,,151.0208386,1b204c9b-30da-47cc-b793-8813169e72c7
Locomotion,12,,#C C walks back to the kitchen,"Body moving through space, indicative of walking.",r001,Cooking,Gold,,195.1488886,1b204c9b-30da-47cc-b793-8813169e72c7
Essential Operation,12,,#C C pours cooking oil in cooking pot,Core task involving manual operation with high hand activity.,r001,Cooking,Gold,,553.460111021544,1b204c9b-30da-47cc-b793-8813169e72c7
Object Transfer,12,Essential Operation,#C C tears paper,"Logistics step, picking up and tearing a piece of paper.",r001,Cooking,Bad,,651.342991021544,1b204c9b-30da-47cc-b793-8813169e72c7
Object Transfer,12,,#C C returns drawer,Logistics step involving the drawer.,r001,Cooking,Gold,,807.6343110215439,1b204c9b-30da-47cc-b793-8813169e72c7
Object Transfer,12,,#C C puts the wrapped #unsure on left hand,"Logistics step, picking up or putting down an object.",r001,Cooking,Gold,,813.7870273792969,1b204c9b-30da-47cc-b793-8813169e72c7
Object Transfer,12,,#C C puts the garlic down,Logistics step of putting an object down.,r001,Cooking,Gold,,1287.935027379297,1b204c9b-30da-47cc-b793-8813169e72c7
Object Transfer,12,Essential Operation,#C C puts the garlic outer layers together,Logistics step involving picking up and putting down objects.,r001,Cooking,Bad,,1349.572027379297,1b204c9b-30da-47cc-b793-8813169e72c7
Essential Operation,12,,#c c pours the onions on the pan,"Core task involving manual pouring, high hand activity.",r001,Cooking,Gold,,1659.0769176844726,1b204c9b-30da-47cc-b793-8813169e72c7
Essential Operation,12,,#c c stirs the onions in the pan,Core task involving high hand activity.,r001,Cooking,Gold,,1660.3830776844725,1b204c9b-30da-47cc-b793-8813169e72c7
Stationary,12,,#C C takes a turn,"Low body/hand motion, possibly indicating a pause or transition.",r001,Cooking,Gold,,83.33673526666666,1bec800a-c3cf-431f-bf0a-7632ad53bcb7
Stationary,12,Essential Operation,#C C adjusts papers,"Low body/hand motion, likely involves minor adjustments with hands while standing or sitting.",r001,Cooking,Bad,,1098.9707852666666,1bec800a-c3cf-431f-bf0a-7632ad53bcb7
Object Transfer,12,Essential Operation,#C C lifts paper rack,"Action involves picking up an object, which is a logistics step.",r001,Cooking,Bad,,1127.6313952666667,1bec800a-c3cf-431f-bf0a-7632ad53bcb7
Object Transfer,12,,#C C drops paper rack on the table,Refined via regex fallback,r001,Cooking,Gold,,1128.5680652666665,1bec800a-c3cf-431f-bf0a-7632ad53bcb7
Object Transfer,12,Essential Operation,#C C closes a container with its lid,"Logistics step involving the closure of a container, short bursts of hand acceleration.",r001,Cooking,Bad,,1746.971995266667,1bec800a-c3cf-431f-bf0a-7632ad53bcb7
Stationary,12,Essential Operation,#C C stretches a mask,"Low body/hand motion, likely involves slow, controlled movements.",r001,Cooking,Bad,,1784.5611352666667,1bec800a-c3cf-431f-bf0a-7632ad53bcb7
Object Transfer,12,Essential Operation,#C C opens the micro wave,"Logistics/Setup step, opening an object.",r001,Cooking,Bad,,2153.203125266667,1bec800a-c3cf-431f-bf0a-7632ad53bcb7
Object Transfer,12,,#C C puts the container lid on the sink table,Logistics step involving placing an object.,r001,Cooking,Gold,,2164.019865266667,1bec800a-c3cf-431f-bf0a-7632ad53bcb7
Object Transfer,12,Essential Operation,#c c opens the package lid,Logistics step involving opening a package.,r001,Cooking,Bad,,2179.232455266667,1bec800a-c3cf-431f-bf0a-7632ad53bcb7
Object Transfer,12,Stationary,#C C carries the clothes,Logistics step involving carrying an object.,r001,Mechanical Repair,Bad,,46.7529886,1d9c3ad1-e00a-4ec5-8da9-734cbac7f316
Object Transfer,12,Essential Operation,#C C dismantles the vacuum cleaner,"Logistics of taking apart the vacuum cleaner, involves picking up and putting down components.",r001,Mechanical Repair,Bad,,87.9982486,1d9c3ad1-e00a-4ec5-8da9-734cbac7f316
Object Transfer,12,Essential Operation,#C C closes packet of pasta,"Logistics action involving closing a packet, which is a short burst of hand activity.",r001,Cooking,Bad,,424.6298351722656,227165a6-277b-451c-bcda-1d2cf60577ab
Object Transfer,12,Essential Operation,#C C uncovers pot,Logistics step involving the removal of a lid or cover from a pot.,r001,Cooking,Bad,,505.7881451722657,227165a6-277b-451c-bcda-1d2cf60577ab
Object Transfer,12,,#C C picks lid of container,Logistics step involving picking up an object.,r001,Cooking,Gold,,614.991419684601,227165a6-277b-451c-bcda-1d2cf60577ab
Object Transfer,12,,#C C puts #unsure in cooking pot,Logistics/Setup step involving the placement of an item.,r001,Cooking,Gold,,729.6256896846011,227165a6-277b-451c-bcda-1d2cf60577ab
Stationary,12,Essential Operation,# C C closes tap,Closing a tap is a brief action with minimal body movement.,r001,Cooking,Bad,,768.810959684601,227165a6-277b-451c-bcda-1d2cf60577ab
Essential Operation,12,,#C C mixes the food with a spoon,Core task involving high hand activity.,r001,Cooking,Gold,,966.830902872461,227165a6-277b-451c-bcda-1d2cf60577ab
Essential Operation,12,,#C C pressesthe keyboard,Core manual task involving high hand activity.,r001,Desk Work,Gold,,777.7515433333333,24a02211-4687-49eb-b1e3-cf325e0629e7
Stationary,12,Essential Operation,#C C touches the touchpad,"Low body/hand motion, high precision task.",r001,Desk Work,Bad,,1471.8831666666665,24a02211-4687-49eb-b1e3-cf325e0629e7
Essential Operation,12,,#C C writes the book with the pen,Core task involving manual activity with the pen.,r001,Desk Work,Gold,,2517.606333333333,24a02211-4687-49eb-b1e3-cf325e0629e7
Essential Operation,12,,#C C cuts piece of cucumber,"Core task, high hand activity.",r001,Cooking,Gold,,68.2134186,263105fb-18d9-4628-90b5-c5e7b228c705
Object Transfer,12,,#C C moves chopped pieces of cucumber,"Logistics of moving objects, likely involves picking up and putting down pieces.",r001,Cooking,Gold,,134.30239859999998,263105fb-18d9-4628-90b5-c5e7b228c705
Object Transfer,12,,#C C puts #unsure on the chopping board,"Logistics step, placing an object on the chopping board.",r001,Cooking,Gold,,225.6637186,263105fb-18d9-4628-90b5-c5e7b228c705
Stationary,12,Essential Operation,#C C straightens tomato squeeze tube,"Low body/hand motion, likely involves small adjustments.",r001,Cooking,Bad,,397.7776087025781,263105fb-18d9-4628-90b5-c5e7b228c705
Object Transfer,12,,#C C picks pepper bottle,Logistics step involving picking up an object.,r001,Cooking,Gold,,446.3777987025781,263105fb-18d9-4628-90b5-c5e7b228c705
Essential Operation,12,,#C C turns cucumber pieces on the pan,Core task involving manipulation of objects with high hand activity.,r001,Cooking,Gold,,504.98333870257807,263105fb-18d9-4628-90b5-c5e7b228c705
Object Transfer,12,,#C C puts piece of squash in between #unsure,"Logistics step, moving the squash piece.",r001,Cooking,Gold,,671.3185721677083,263105fb-18d9-4628-90b5-c5e7b228c705
Object Transfer,12,,#C C puts squash piece down,Logistics step involving placing an object down.,r001,Cooking,Gold,,732.1524921677084,263105fb-18d9-4628-90b5-c5e7b228c705
Object Transfer,12,,#C C puts back #unsure from the mortar,Logistics step involving placing an object back.,r001,Cooking,Gold,,1199.8109616989582,263105fb-18d9-4628-90b5-c5e7b228c705
Object Transfer,12,,#C C puts fried cucumber between squash,Logistics step involving placing an object.,r001,Cooking,Gold,,1431.6521617458666,263105fb-18d9-4628-90b5-c5e7b228c705
Object Transfer,12,,#C C takes non stick spoon,Logistics step involving picking up an object.,r001,Cooking,Gold,,1476.8689317458666,263105fb-18d9-4628-90b5-c5e7b228c705
Object Transfer,12,,#C C puts oil bottle in a shelf,Logistics step involving placing an object.,r001,Cooking,Gold,,1565.4191217458665,263105fb-18d9-4628-90b5-c5e7b228c705
Essential Operation,12,,#C C spreads on the food in a bowl,Core task involving high hand activity.,r001,Cooking,Gold,,1615.6709217458667,263105fb-18d9-4628-90b5-c5e7b228c705
Object Transfer,12,Essential Operation,#C C removes the pan on the electrical cooker,Logistics step involving the removal of an object.,r001,Cooking,Bad,,1638.236648881575,263105fb-18d9-4628-90b5-c5e7b228c705
Search,12,Essential Operation,#C C touches the food in the bowl,"Implies a visual or tactile search, hands are active but in a probing manner.",r001,Cooking,Bad,,1658.5191388815754,263105fb-18d9-4628-90b5-c5e7b228c705
Object Transfer,12,,#C C puts the roast fruit in the food in the bowl,Logistics step involving picking up and placing an object.,r001,Cooking,Gold,,1661.3773288815755,263105fb-18d9-4628-90b5-c5e7b228c705
Stationary,12,Essential Operation,#C C touches a slice of fruit on the counter,"Low body/hand motion, touch is a minimal action.",r001,Cooking,Bad,,1663.9269188815754,263105fb-18d9-4628-90b5-c5e7b228c705
Object Transfer,12,,#C C puts a slice of fruit in the bowl,Logistics step involving picking up and placing the fruit slice.,r001,Cooking,Gold,,1706.8908088815754,263105fb-18d9-4628-90b5-c5e7b228c705
Object Transfer,12,,#C C picks the serviette,Logistics step involving picking up an object.,r001,Cooking,Gold,,1726.1361788815757,263105fb-18d9-4628-90b5-c5e7b228c705
Object Transfer,12,,#C C picks a slice of fruit on the counter,Logistics step of picking up an object.,r001,Cooking,Gold,,1750.9289588815757,263105fb-18d9-4628-90b5-c5e7b228c705
Object Transfer,12,,#C C picks the onion on the counter,Logistics step involving picking up an object.,r001,Cooking,Gold,,1780.5943388815754,263105fb-18d9-4628-90b5-c5e7b228c705
Object Transfer,12,,#C C puts the onion in the food in the bowl,Logistics step involving picking up and placing the onion.,r001,Cooking,Gold,,1785.4673588815754,263105fb-18d9-4628-90b5-c5e7b228c705
Essential Operation,12,,#C C cleans engine oil in the engine of the bike with the piece of cloth in his gloved right hand.,"Core manual task involving cleaning, high hand activity.",r001,Mechanical Repair,Gold,,26.73851,2763dbfc-8488-4264-b31f-4b12096c4c4b
Stationary,12,Essential Operation,#C C touches the piece of cloth on his gloved right hand with his gloved left hand.,"Low body/hand motion, likely inspection or preparation step.",r001,Mechanical Repair,Bad,,30.64475,2763dbfc-8488-4264-b31f-4b12096c4c4b
Object Transfer,12,,#C C passes the shaft from his gloved left hand to his gloved right hand. #Unsure,"The action involves passing an object from one hand to the other, which is a logistics step.",r001,Mechanical Repair,Gold,,32.33647,2763dbfc-8488-4264-b31f-4b12096c4c4b
Essential Operation,12,,#C C cleans his gloved right hand with his gloved left hand.,Core manual task involving high hand activity.,r001,Mechanical Repair,Gold,,36.14271,2763dbfc-8488-4264-b31f-4b12096c4c4b
Stationary,12,,#C C holds the bike's stand with his gloved left hand.,Holding an object without significant motion.,r001,Mechanical Repair,Gold,,37.58523,2763dbfc-8488-4264-b31f-4b12096c4c4b
Object Transfer,12,,#C C drops the piece of cloth in his gloved hands on the floor of the mechanic workshop.,Refined via regex fallback,r001,Mechanical Repair,Gold,,60.80673,2763dbfc-8488-4264-b31f-4b12096c4c4b
Essential Operation,12,,#C C screws the bolt into the bike's engine with his gloved left hand. #Unsure,Core manual task involving high hand activity.,r001,Mechanical Repair,Gold,,73.63376,2763dbfc-8488-4264-b31f-4b12096c4c4b
Object Transfer,12,,#C C puts the brake fluid keg down on the floor of the mechanic workshop with his gloved hands.,"The action involves placing an object (brake fluid keg) on the floor, which is a logistics step.",r001,Mechanical Repair,Gold,,152.75,2763dbfc-8488-4264-b31f-4b12096c4c4b
Object Transfer,12,,#C C picks up a brake fluid keg with his gloved hands.,Logistics action involving picking up an object.,r001,Mechanical Repair,Gold,,168.8,2763dbfc-8488-4264-b31f-4b12096c4c4b
Object Transfer,12,Essential Operation,#C C opens up the brake fluid keg with his gloved hands.,Logistics step involving opening an object.,r001,Mechanical Repair,Bad,,170.329,2763dbfc-8488-4264-b31f-4b12096c4c4b
Object Transfer,12,,#C C drops shaft on the floor of the mechanic workshop with his gloved right hand. #Unsure,Refined via regex fallback,r001,Mechanical Repair,Gold,,362.10734,2763dbfc-8488-4264-b31f-4b12096c4c4b
Stationary,12,Essential Operation,#C C covers dust bin with his gloved left hand.,Covering an object with a hand involves low energy movement.,r001,Mechanical Repair,Bad,,376.07381,2763dbfc-8488-4264-b31f-4b12096c4c4b
Object Transfer,12,,#C C drops the rags in his gloved right hand on the floor of the mechanic workshop beside the bike.,Refined via regex fallback,r001,Mechanical Repair,Gold,,390.29372,2763dbfc-8488-4264-b31f-4b12096c4c4b
Object Transfer,12,,#C C drops the funnel on the newspaper on the floor of the mechanic workshop with his gloved left hand.,Refined via regex fallback,r001,Mechanical Repair,Gold,,394.59847,2763dbfc-8488-4264-b31f-4b12096c4c4b
Essential Operation,12,,#C C adjusts the engine disk with his gloved hands. #Unsure,Core manual task involving precise hand movements.,r001,Mechanical Repair,Gold,,424.46374,2763dbfc-8488-4264-b31f-4b12096c4c4b
Object Transfer,12,Essential Operation,#C C flips the bike engine's inner cover with his gloved hands.,"The action involves moving an object (flipping the cover), which corresponds to logistics or setup step.",r001,Mechanical Repair,Bad,,500.881,2763dbfc-8488-4264-b31f-4b12096c4c4b
Essential Operation,12,,#C C screws the bolt into the bike's inner cover with the screwdriver in his gloved hands.,Core manual task involving high hand activity.,r001,Mechanical Repair,Gold,,531.4742946666667,2763dbfc-8488-4264-b31f-4b12096c4c4b
Object Transfer,12,,#C C picks a bolt with his gloved right hand from his gloved left hand.,"The action involves picking up an object, which is a logistics step.",r001,Mechanical Repair,Gold,,555.7613066666667,2763dbfc-8488-4264-b31f-4b12096c4c4b
Essential Operation,12,,#C C flips a shaft on a newspaper on the floor of the mechanic workshop with his gloved left hand. #Unsure,The action involves a core manual task with high hand activity.,r001,Mechanical Repair,Gold,,639.1620166666667,2763dbfc-8488-4264-b31f-4b12096c4c4b
Locomotion,12,,#C C walks on the floor of the mechanic workshop away from the bike towards a dark room.,"Body moving through space (walking), indicates high body acceleration.",r001,Mechanical Repair,Gold,,711.8499866666666,2763dbfc-8488-4264-b31f-4b12096c4c4b
Stationary,12,Essential Operation,#C C switches off the light in the room with his gloved left hand. #Unsure,"Low body/hand motion, simple action of switching off a light.",r001,Mechanical Repair,Bad,,722.9856666666667,2763dbfc-8488-4264-b31f-4b12096c4c4b
Essential Operation,12,,#C C pours the engine coolant in the engine coolant keg in his gloved right hand into the engine coolant keg in his gloved left hand.,"High hand activity involved in pouring coolant, which is a core manual task.",r001,Mechanical Repair,Gold,,733.4458666666667,2763dbfc-8488-4264-b31f-4b12096c4c4b
Stationary,12,,#c c sits on the seat outside on the sofa,"The action involves sitting, which is a low energy, stationary activity.",r001,Walking Outdoors,Gold,,80.80531,30c629f8-2f20-4b2c-b14b-db8dcf33039b
Locomotion,12,,#c c walks in the fruits store,"Body moving through space, typical walking motion.",r001,Walking Outdoors,Gold,,714.6313533333333,30c629f8-2f20-4b2c-b14b-db8dcf33039b
Object Transfer,12,Essential Operation,#c c pushes the fruit store door,"The action involves interacting with and operating a door, which is a logistics step.",r001,Walking Outdoors,Bad,,851.6080433333334,30c629f8-2f20-4b2c-b14b-db8dcf33039b
Locomotion,12,,#c c walks out of the fruit store,"Movement through space, indicative of walking.",r001,Walking Outdoors,Gold,,853.5835433333334,30c629f8-2f20-4b2c-b14b-db8dcf33039b
Object Transfer,12,,#C C picks up another plug from the floor.,Logistics step involving picking up an object.,r001,Carpentry,Gold,,14.058859599999998,363b5839-a7c3-4c2e-b966-9530e38045a1
Essential Operation,12,,#C C fixes the plug to the socket with his right hand.,Core task involving high hand activity.,r001,Carpentry,Gold,,14.6413096,363b5839-a7c3-4c2e-b966-9530e38045a1
Stationary,12,,#C C holds the measuring tape with his right hand.,"Low body/hand motion, holding an object without movement.",r001,Carpentry,Gold,,232.6153696,363b5839-a7c3-4c2e-b966-9530e38045a1
Object Transfer,12,,#C C drops the yellow socket back box and the measuring tape on the floor.,Refined via regex fallback,r001,Carpentry,Gold,,249.1783696,363b5839-a7c3-4c2e-b966-9530e38045a1
Essential Operation,12,,#C C adjusts the measuring tape with both hands.,Core manual task involving high hand activity.,r001,Carpentry,Gold,,326.8724209546634,363b5839-a7c3-4c2e-b966-9530e38045a1
Essential Operation,12,,#C C adjusts the measuring tape with his two hands.,Core task involving high hand activity.,r001,Carpentry,Gold,,356.8316409546634,363b5839-a7c3-4c2e-b966-9530e38045a1
Search,12,Essential Operation,#C C measures the wall with the measuring tape.,"Visual search or monitoring, likely involves head movement.",r001,Carpentry,Bad,,359.2709309546634,363b5839-a7c3-4c2e-b966-9530e38045a1
Essential Operation,12,,#C C adjusts the measuring tape with his hands.,Core manual task involving precise hand movements.,r001,Carpentry,Gold,,375.4142009546634,363b5839-a7c3-4c2e-b966-9530e38045a1
Object Transfer,12,,#C C drops the carton on the floor beside the wall.,Refined via regex fallback,r001,Carpentry,Gold,,397.6897109546634,363b5839-a7c3-4c2e-b966-9530e38045a1
Object Transfer,12,,#C C places the yellow socket back box in the drilled part of the wall.,Logistics step involving placing an object in a specific location.,r001,Carpentry,Gold,,571.6325076213301,363b5839-a7c3-4c2e-b966-9530e38045a1
Object Transfer,12,,#C C drops the yellow socket back box on the floor.,Refined via regex fallback,r001,Carpentry,Gold,,596.9654176213301,363b5839-a7c3-4c2e-b966-9530e38045a1
Object Transfer,12,,#C C puts a knife on a rack,Logistics/Setup step involving placing an object.,r001,Cleaning,Gold,,148.4824086,3ce27068-44ba-4593-aa26-444ce0616150
Stationary,12,Essential Operation,#C C straightens a sweater,"Minimal body motion, focused on adjusting an object.",r001,Cleaning,Bad,,198.3609386,3ce27068-44ba-4593-aa26-444ce0616150
Object Transfer,12,,#C C drops the dust in the sink basin,Logistics step involving the placement of an object.,r001,Cleaning,Gold,,479.4481386,3ce27068-44ba-4593-aa26-444ce0616150
Essential Operation,12,,#C C wipes the gas cooker,"Core cleaning task, high hand activity.",r001,Cleaning,Gold,,527.5437586,3ce27068-44ba-4593-aa26-444ce0616150
Object Transfer,12,,#C C picks a bottle of soap on a sink,Logistics step involving picking up an object.,r001,Cleaning,Gold,,568.4427792911009,3ce27068-44ba-4593-aa26-444ce0616150
Stationary,12,Essential Operation,#C C wipes hands on a towel,"Low energy movement, hands wiping on a towel.",r001,Cleaning,Bad,,762.093389291101,3ce27068-44ba-4593-aa26-444ce0616150
Object Transfer,12,,#C C picks a laptop on a table,Logistics step involving picking up an object.,r001,Cleaning,Gold,,773.712039291101,3ce27068-44ba-4593-aa26-444ce0616150
Object Transfer,12,,#C C picks a paper from the table,Logistics step involving picking up an object.,r001,Cleaning,Gold,,952.138347613672,3ce27068-44ba-4593-aa26-444ce0616150
Stationary,12,Essential Operation,#C C arranges a throw pillow on a coach,"Low body/hand motion, arranging involves gentle movements.",r001,Cleaning,Bad,,1094.909384093164,3ce27068-44ba-4593-aa26-444ce0616150
Essential Operation,12,,#C C sprays on a sponge,Core manual task involving hand activity.,r001,Cleaning,Gold,,1108.601244093164,3ce27068-44ba-4593-aa26-444ce0616150
Stationary,12,Essential Operation,#C C spread nylon paper on the table,"The action involves placing an object on a surface, which is a low-energy, stationary task.",r001,Cooking,Bad,,236.56217526666663,3d7ba3f7-f393-41ec-88a2-c33b82ec8c47
Stationary,12,,#C C holds onion cover,"Low body/hand motion, holding an object.",r001,Cooking,Gold,,263.82232526666667,3d7ba3f7-f393-41ec-88a2-c33b82ec8c47
Stationary,12,Essential Operation,#C C touches the water in the dish,"Low body/hand motion, indicative of checking or sensing.",r001,Cooking,Bad,,316.4465352666667,3d7ba3f7-f393-41ec-88a2-c33b82ec8c47
Essential Operation,12,,#C C shakes the onion,Core task involving high hand activity.,r001,Cooking,Gold,,321.37609526666665,3d7ba3f7-f393-41ec-88a2-c33b82ec8c47
Object Transfer,12,,#C C takes the other onion,"Logistics/Setup step, picking up or moving an object.",r001,Cooking,Gold,,439.4463952666667,3d7ba3f7-f393-41ec-88a2-c33b82ec8c47
Object Transfer,12,,#C C pushes the polythene,Logistics action involving moving an object.,r001,Cooking,Gold,,572.0119819333335,3d7ba3f7-f393-41ec-88a2-c33b82ec8c47
Essential Operation,12,,#C C washes the green bell peppers in the sink,Core manual task involving high hand activity.,r001,Cooking,Gold,,585.1244619333335,3d7ba3f7-f393-41ec-88a2-c33b82ec8c47
Essential Operation,12,,#C C types # #unsure on the screen of the phone,Core manual task involving the hands with high activity.,r001,Cooking,Gold,,632.7292519333334,3d7ba3f7-f393-41ec-88a2-c33b82ec8c47
Object Transfer,12,,#C C puts the phone down on the table,Logistics action of placing the phone on the table.,r001,Cooking,Gold,,642.3146619333335,3d7ba3f7-f393-41ec-88a2-c33b82ec8c47
Stationary,12,,#C C turns a round,"Low body/hand motion, likely a minor adjustment or pause.",r001,Cooking,Gold,,646.8677319333334,3d7ba3f7-f393-41ec-88a2-c33b82ec8c47
Essential Operation,12,,#C C pulls one piece of the green bell pepper a side,Core task involving high hand activity.,r001,Cooking,Gold,,693.7569419333335,3d7ba3f7-f393-41ec-88a2-c33b82ec8c47
Essential Operation,12,,#C C pours the cooking oil in the pot,Core task involving manual operation with high hand activity.,r001,Cooking,Gold,,875.1927719333335,3d7ba3f7-f393-41ec-88a2-c33b82ec8c47
Object Transfer,12,,#C C places the cooking oil in the kitchen cabinet,"Logistics step, placing an object.",r001,Cooking,Gold,,884.0610319333334,3d7ba3f7-f393-41ec-88a2-c33b82ec8c47
Object Transfer,12,,#C C picks a plate of onion and bell paper,"Logistics step, picking up objects.",r001,Cooking,Gold,,900.0313619333334,3d7ba3f7-f393-41ec-88a2-c33b82ec8c47
Essential Operation,12,,#C C stirs in the cooking pot,Core task involving repetitive hand movements.,r001,Cooking,Gold,,916.9975119333334,3d7ba3f7-f393-41ec-88a2-c33b82ec8c47
Stationary,12,Essential Operation,#C C turns on the cooking gas,"Low body/hand motion, primarily a button/switch action.",r001,Cooking,Bad,,922.6375019333334,3d7ba3f7-f393-41ec-88a2-c33b82ec8c47
Object Transfer,12,,#C C picks the meat,Logistics step involving picking up an object.,r001,Cooking,Gold,,1055.0362319333335,3d7ba3f7-f393-41ec-88a2-c33b82ec8c47
Object Transfer,12,,#C C picks the meat from the counter,Logistics step involving picking up an object.,r001,Cooking,Gold,,1151.9155886,3d7ba3f7-f393-41ec-88a2-c33b82ec8c47
Stationary,12,Essential Operation,#C C adjusts the button of a cooker,"Low body/hand motion, fine motor adjustment.",r001,Cooking,Bad,,1236.4965386,3d7ba3f7-f393-41ec-88a2-c33b82ec8c47
Object Transfer,12,,#C C puts #unsure in the meat,Refined via regex fallback,r001,Cooking,Gold,,1254.9579386,3d7ba3f7-f393-41ec-88a2-c33b82ec8c47
Object Transfer,12,,#C C picks a box of #unsure from the counter,Logistics step involving picking up an object.,r001,Cooking,Gold,,1318.9429886,3d7ba3f7-f393-41ec-88a2-c33b82ec8c47
Object Transfer,12,,#C C puts the coriander on the counter,Logistics step involving moving the coriander to the counter.,r001,Cooking,Gold,,1321.7689486,3d7ba3f7-f393-41ec-88a2-c33b82ec8c47
Locomotion,12,Stationary,#C C carries the plate,Movement through space with an object in hand.,r001,Cooking,Bad,,1343.4763686,3d7ba3f7-f393-41ec-88a2-c33b82ec8c47
Essential Operation,12,,#C C aligns the cirriander,"Core task, high hand activity.",r001,Cooking,Gold,,1448.4672786,3d7ba3f7-f393-41ec-88a2-c33b82ec8c47
Object Transfer,12,,#C C grabs polythene bag of vegetable,Logistics step involving picking up an object.,r001,Cooking,Gold,,1817.2201386,3d7ba3f7-f393-41ec-88a2-c33b82ec8c47
Object Transfer,12,,#C C puts the polythene bag of vegetable inside the fridge,Logistics step involving picking up and placing an object.,r001,Cooking,Gold,,1823.7313886,3d7ba3f7-f393-41ec-88a2-c33b82ec8c47
Stationary,12,,#C C holds bin,"Holding a bin involves minimal movement, indicating a stationary action.",r001,Cooking,Gold,,1851.3194086,3d7ba3f7-f393-41ec-88a2-c33b82ec8c47
Stationary,12,,#C C holds bell pepper,"Low body/hand motion, holding an object without movement.",r001,Cooking,Gold,,1855.9201186,3d7ba3f7-f393-41ec-88a2-c33b82ec8c47
Object Transfer,12,,#C C grabs chopping board & knife,Logistics step involving picking up and moving objects.,r001,Cooking,Gold,,1995.3634686,3d7ba3f7-f393-41ec-88a2-c33b82ec8c47
Essential Operation,12,,#C C squeezes scouring pad,Core task involving high hand activity.,r001,Cooking,Gold,,2008.0559286,3d7ba3f7-f393-41ec-88a2-c33b82ec8c47
Object Transfer,12,,#C C places casserole dish on the counter,Logistics step of placing an object.,r001,Cooking,Gold,,2026.7957586,3d7ba3f7-f393-41ec-88a2-c33b82ec8c47
Object Transfer,12,,#C C puts knife aside,Logistics/Setup step.,r001,Cooking,Gold,,2066.0766086,3d7ba3f7-f393-41ec-88a2-c33b82ec8c47
Stationary,12,,#C C tastes food on the spoon,"Low body/hand motion, tasting involves minimal movement.",r001,Cooking,Gold,,2129.8177086,3d7ba3f7-f393-41ec-88a2-c33b82ec8c47
Stationary,12,Object Transfer,#O child X arranges card can on table,"The action involves arranging an object on a table, which is a low-energy activity.",r001,Walking Outdoors,Bad,,34.6738486,3ef5b4d9-c030-4d52-8452-4261f34cbc97
Stationary,12,Essential Operation,#O child X plays card game,Playing a card game involves minimal body movement.,r001,Walking Outdoors,Bad,,184.7844586,3ef5b4d9-c030-4d52-8452-4261f34cbc97
Stationary,12,Essential Operation,#C C plays card game,Playing a card game involves minimal body movement and is a low energy activity.,r001,Walking Outdoors,Bad,,210.3031786,3ef5b4d9-c030-4d52-8452-4261f34cbc97
Stationary,12,Search,#O child X stares at cards,"The action involves staring, which is a low energy, stationary activity with minimal body or hand movement.",r001,Walking Outdoors,Bad,,270.2505486,3ef5b4d9-c030-4d52-8452-4261f34cbc97
Locomotion,12,,#O child X walks in the house,"Movement through space, indicative of walking.",r001,Walking Outdoors,Gold,,425.7465486,3ef5b4d9-c030-4d52-8452-4261f34cbc97
Essential Operation,12,,#O child X divides cards on table,"The action involves a core manual task of sorting or dividing cards, which is a high-hand-activity operation.",r001,Walking Outdoors,Gold,,472.5192686,3ef5b4d9-c030-4d52-8452-4261f34cbc97
Stationary,12,Search,#O man X stares at cards,"The action involves staring at cards, which implies low body and hand motion.",r001,Walking Outdoors,Bad,,632.1954176213301,3ef5b4d9-c030-4d52-8452-4261f34cbc97
Stationary,12,Essential Operation,#O man X plays card game,"Playing a card game involves minimal movement, primarily hand and finger actions, which do not correspond to the high body acceleration of locomotion or the irregular motion of essential operations.",r001,Walking Outdoors,Bad,,797.00542762133,3ef5b4d9-c030-4d52-8452-4261f34cbc97
Locomotion,12,Stationary,#O man X stands from floor,Standing up involves movement through space and can be considered a form of locomotion.,r001,Walking Outdoors,Bad,,809.5068376213301,3ef5b4d9-c030-4d52-8452-4261f34cbc97
Stationary,12,,#C C points at C card,Pointing action involves minimal body movement and is generally a static gesture.,r001,Walking Outdoors,Gold,,827.2085476213301,3ef5b4d9-c030-4d52-8452-4261f34cbc97
Search,12,,#O man X looks at cat,"Head movement (visual search), hands mostly still.",r001,Walking Outdoors,Gold,,850.9699776213301,3ef5b4d9-c030-4d52-8452-4261f34cbc97
Stationary,12,Search,#C C stares at cards,"Low body/hand motion, focused attention.",r001,Walking Outdoors,Bad,,926.76123762133,3ef5b4d9-c030-4d52-8452-4261f34cbc97
Object Transfer,12,,#O man X removes cards from can,"The action involves picking up or removing items, which is a logistics step.",r001,Walking Outdoors,Gold,,1225.84720762133,3ef5b4d9-c030-4d52-8452-4261f34cbc97
Essential Operation,12,,#C C brushes cat with brush,Core manual task involving high hand activity.,r001,Walking Outdoors,Gold,,1487.28123762133,3ef5b4d9-c030-4d52-8452-4261f34cbc97
Object Transfer,12,Essential Operation,#C C touches dog,Logistics step involving interaction with another object (the dog).,r001,Walking Outdoors,Bad,,1545.95404762133,3ef5b4d9-c030-4d52-8452-4261f34cbc97
Essential Operation,12,,#C C opens water tap,Core manual task involving hand activity to operate a tap.,r001,Walking Outdoors,Gold,,1647.00047762133,3ef5b4d9-c030-4d52-8452-4261f34cbc97
Stationary,12,Essential Operation,#C C dialogues with man T,"Low body/hand motion, likely involves speaking.",r001,Walking Outdoors,Bad,,1774.16812762133,3ef5b4d9-c030-4d52-8452-4261f34cbc97
Object Transfer,12,,#C C places remote on entertainment table,"Action involves placing an object, which is a logistics step with short bursts of hand acceleration.",r001,Walking Outdoors,Gold,,1809.56183762133,3ef5b4d9-c030-4d52-8452-4261f34cbc97
Locomotion,12,,#O child Y jumps in the house,"The action involves movement through space, characterized by high body acceleration.",r001,Walking Outdoors,Gold,,2031.15859762133,3ef5b4d9-c030-4d52-8452-4261f34cbc97
Stationary,12,,#C C holds can of cream,Holding an object with hands while walking is not classified under locomotion but rather as a stationary action with low body motion.,r001,Walking Outdoors,Gold,,2054.45380762133,3ef5b4d9-c030-4d52-8452-4261f34cbc97
Stationary,12,Essential Operation,#C C dispenses hand wash on the hand,"The action involves a small, localized motion (dispensing hand wash) with minimal body movement.",r001,Walking Outdoors,Bad,,2361.1921376213304,3ef5b4d9-c030-4d52-8452-4261f34cbc97
Stationary,12,Essential Operation,#C C dialogues with woman X,"Low body/hand motion, as the focus is on dialogue.",r001,Walking Outdoors,Bad,,2361.1921376213304,3ef5b4d9-c030-4d52-8452-4261f34cbc97
Object Transfer,12,,#C C pulls containers of yoghurts,Logistics action involving picking up or moving objects.,r001,Walking Outdoors,Gold,,2404.13639762133,3ef5b4d9-c030-4d52-8452-4261f34cbc97
Stationary,12,Essential Operation,#C C turns off light in the laundry room,The action involves a single momentary interaction (turning off a light) without continuous movement.,r001,Walking Outdoors,Bad,,2434.0013476213303,3ef5b4d9-c030-4d52-8452-4261f34cbc97
Object Transfer,12,,#C C puts seed starter tray in the office desk,Logistics step involving picking up and placing an object.,r001,Walking Outdoors,Gold,,120.41022,3f8dbb4f-ad5e-4d54-bf95-3ddbe968a85d
Object Transfer,12,Essential Operation,#C C hits seedling tray,"[CtxFixed] The action of hitting the seedling tray does not fit into the categories of Locomotion, Essential Operation, Search, or Stationary. It seems to be a deliberate action involving the seedling tray, which aligns with the 'Object Transfer' category as it involves interaction with an object.",r001,Walking Outdoors,Bad,,264.25163,3f8dbb4f-ad5e-4d54-bf95-3ddbe968a85d
Object Transfer,12,,#C C Picks some soil blocks,"Logistics action of picking up objects (soil blocks), involves short bursts of hand acceleration.",r001,Walking Outdoors,Gold,,427.26175,3f8dbb4f-ad5e-4d54-bf95-3ddbe968a85d
Essential Operation,12,Object Transfer,#C C Puts the soil blocks in a seedling tray,Core manual task involving high hand activity.,r001,Walking Outdoors,Bad,,430.61406,3f8dbb4f-ad5e-4d54-bf95-3ddbe968a85d
Stationary,12,Essential Operation,#O person X dialogues with C,"Low body/hand motion, likely involves talking.",r001,Walking Outdoors,Bad,,586.62188,3f8dbb4f-ad5e-4d54-bf95-3ddbe968a85d
Stationary,12,,#C C holds jug,The action of holding a jug is likely to involve minimal body movement and low energy expenditure.,r001,Walking Outdoors,Gold,,674.53795,3f8dbb4f-ad5e-4d54-bf95-3ddbe968a85d
Essential Operation,12,,#C C pours distilled water on seedling,"Core task involving manual pouring, high hand activity.",r001,Walking Outdoors,Gold,,678.25123,3f8dbb4f-ad5e-4d54-bf95-3ddbe968a85d
Essential Operation,12,,#C C pours water on seedling,Core task involving hands with high activity.,r001,Walking Outdoors,Gold,,780.65097,3f8dbb4f-ad5e-4d54-bf95-3ddbe968a85d
Object Transfer,12,,#C C puts tray cover down,"Action involves placing an object, indicating logistics or setup.",r001,Walking Outdoors,Gold,,1091.70297,3f8dbb4f-ad5e-4d54-bf95-3ddbe968a85d
Stationary,12,Essential Operation,#C C labels seedling tray,"The action involves labeling, which is a low-energy activity.",r001,Walking Outdoors,Bad,,1178.5585,3f8dbb4f-ad5e-4d54-bf95-3ddbe968a85d
Object Transfer,12,,#C C puts seedling tray on trolley,Logistics step involving picking up and placing an object.,r001,Walking Outdoors,Gold,,1580.0636,3f8dbb4f-ad5e-4d54-bf95-3ddbe968a85d
Object Transfer,12,,#C C puts container the trolley,Logistics step of placing an object on the trolley.,r001,Walking Outdoors,Gold,,1598.44648,3f8dbb4f-ad5e-4d54-bf95-3ddbe968a85d
Object Transfer,12,,#C C Picks some gloves,Logistics step involving picking up an object.,r001,Walking Outdoors,Gold,,1635.99424,3f8dbb4f-ad5e-4d54-bf95-3ddbe968a85d
Object Transfer,12,,#C C Picks some container lids,"Logistics step, picking up objects.",r001,Walking Outdoors,Gold,,1784.11486,3f8dbb4f-ad5e-4d54-bf95-3ddbe968a85d
Search,12,,#C C stares at seedlings,"Head movement (visual inspection), hands mostly still.",r001,Walking Outdoors,Gold,,1907.68227,3f8dbb4f-ad5e-4d54-bf95-3ddbe968a85d
Essential Operation,12,,#C C covers seedlings in grow tray,Core manual task involving hand activity to cover seedlings.,r001,Walking Outdoors,Gold,,1973.86032,3f8dbb4f-ad5e-4d54-bf95-3ddbe968a85d
Essential Operation,12,Object Transfer,#C C moves seedlings in tray,"Core manual task involving manipulation of objects, high hand activity.",r001,Walking Outdoors,Bad,,2334.77379,3f8dbb4f-ad5e-4d54-bf95-3ddbe968a85d
Object Transfer,12,,#C C picks seedling from grow tray,"The action involves picking up an object, which is a logistics step.",r001,Walking Outdoors,Gold,,2353.22001,3f8dbb4f-ad5e-4d54-bf95-3ddbe968a85d
Stationary,12,Search,#C C gazes at woman X & child Z,"Low body/hand motion, visual focus without physical activity.",r001,Playing Instrument,Bad,,89.52021,3fb3f4e8-5620-4632-ab68-0b01f9f17577
Stationary,12,Search,#C C gazes at the sky,"Low body/hand motion, indicating a state of rest or inactivity.",r001,Playing Instrument,Bad,,92.26254,3fb3f4e8-5620-4632-ab68-0b01f9f17577
Stationary,12,Search,#C C looks at the left side of the street road,The action describes a visual check without significant body or hand movement.,r001,Playing Instrument,Bad,,265.75086,3fb3f4e8-5620-4632-ab68-0b01f9f17577
Stationary,12,,#O child Z stretches,"The action describes a stretching movement which is likely to be a static pose or a brief pause, indicating low energy and motion.",r001,Playing Instrument,Gold,,567.79661,3fb3f4e8-5620-4632-ab68-0b01f9f17577
Stationary,12,Search,#C C gazes at woman X,"Low body/hand motion, primarily visual observation.",r001,Playing Instrument,Bad,,577.11257,3fb3f4e8-5620-4632-ab68-0b01f9f17577
Locomotion,12,,#C C crosses the street road,Body moving through space (crossing the street).,r001,Playing Instrument,Gold,,877.2412133333333,3fb3f4e8-5620-4632-ab68-0b01f9f17577
Search,12,Locomotion,#C C turns head to the right side,"Head movement (turning), passive hands.",r001,Playing Instrument,Bad,,964.5625533333332,3fb3f4e8-5620-4632-ab68-0b01f9f17577
Stationary,12,,#O child Z stops on the sidewalk,"The action indicates a stop, which corresponds to low body/hand motion.",r001,Playing Instrument,Gold,,1055.7741733333332,3fb3f4e8-5620-4632-ab68-0b01f9f17577
Stationary,12,Essential Operation,#C C pets dog,Interacting with an object (dog) with minimal motion.,r001,Playing Instrument,Bad,,1318.577903333333,3fb3f4e8-5620-4632-ab68-0b01f9f17577
Stationary,12,,#O woman J holds dogs leash,Holding an object with minimal movement.,r001,Playing Instrument,Gold,,1333.0379633333332,3fb3f4e8-5620-4632-ab68-0b01f9f17577
Stationary,12,Essential Operation,#O woman X pets dog,"Low body/hand motion, likely involves gentle touch without significant movement.",r001,Playing Instrument,Bad,,1344.4366833333331,3fb3f4e8-5620-4632-ab68-0b01f9f17577
Object Transfer,12,Stationary,#O woman J holds dogs leash,"The action involves picking up or holding an object (leash), which is a logistics step.",r001,Playing Instrument,Bad,,1344.4366833333331,3fb3f4e8-5620-4632-ab68-0b01f9f17577
Stationary,12,Essential Operation,"#O woman X, woman J & child Z pet dog","[CtxFixed] The current action involves multiple people interacting with a dog, which is a stationary activity as it does not involve movement or transfer of objects.",r001,Playing Instrument,Bad,,1379.9460433333334,3fb3f4e8-5620-4632-ab68-0b01f9f17577
Stationary,12,Essential Operation,#O child Z pets dog,The action describes a gentle interaction without significant movement.,r001,Playing Instrument,Bad,,1466.4126126666663,3fb3f4e8-5620-4632-ab68-0b01f9f17577
Stationary,12,Essential Operation,#O woman X dialogues with woman J,"Low body/hand motion, indicating a dialogue or conversation.",r001,Playing Instrument,Bad,,1494.7095926666666,3fb3f4e8-5620-4632-ab68-0b01f9f17577
Stationary,12,,#O child Z holds leaves,"The action describes holding leaves, which is a static activity with minimal motion.",r001,Playing Instrument,Gold,,1672.6822666666667,3fb3f4e8-5620-4632-ab68-0b01f9f17577
Object Transfer,12,Essential Operation,#O woman X brings child Z closer to dog,"The action involves bringing a child closer to a dog, which is a logistics or setup step.",r001,Playing Instrument,Bad,,1720.7576966666666,3fb3f4e8-5620-4632-ab68-0b01f9f17577
Search,12,,#C C gazes at houses on the other side,"Head movement (visual search), hands mostly still.",r001,Playing Instrument,Gold,,1765.021336666667,3fb3f4e8-5620-4632-ab68-0b01f9f17577
Locomotion,12,,#C C walks on the walkway alongside woman X,"Body moving through space, indicative of walking.",r001,Playing Instrument,Gold,,1820.9430366666663,3fb3f4e8-5620-4632-ab68-0b01f9f17577
Stationary,12,Search,#C C gazes at building,"Low body/hand motion, likely just visual observation.",r001,Playing Instrument,Bad,,1950.1885966666664,3fb3f4e8-5620-4632-ab68-0b01f9f17577
Locomotion,12,,#C C walks past a street light pole.,"Body moving through space, indicative of walking.",r001,Walking Outdoors,Gold,,16.13398,407deb0a-6dad-4c1c-8a81-1079f0b9823d
Search,12,,#C C looks to his right.,"Head movement (visual search), hands mostly still.",r001,Walking Outdoors,Gold,,97.81557,407deb0a-6dad-4c1c-8a81-1079f0b9823d
Locomotion,12,,#C C turns to his right.,"Turning while moving, involves body rotation and movement through space.",r001,Walking Outdoors,Gold,,159.43708,407deb0a-6dad-4c1c-8a81-1079f0b9823d
Locomotion,12,,#C C turns to his left.,Turning while walking involves significant body movement.,r001,Walking Outdoors,Gold,,179.84279,407deb0a-6dad-4c1c-8a81-1079f0b9823d
Search,12,,#C C returns his gaze.,"Implies head movement (visual search), hands mostly still.",r001,Walking Outdoors,Gold,,187.60146,407deb0a-6dad-4c1c-8a81-1079f0b9823d
Locomotion,12,,#C C walks past a tree.,"Body moving through space, indicative of walking.",r001,Walking Outdoors,Gold,,323.81066,407deb0a-6dad-4c1c-8a81-1079f0b9823d
Search,12,,#C C looks to his left.,"Head movement (visual search), hands mostly still.",r001,Walking Outdoors,Gold,,402.11051,407deb0a-6dad-4c1c-8a81-1079f0b9823d
Stationary,12,,#C C returns his gaze.,"The action indicates a momentary pause in movement as the person is returning their gaze, suggesting low body and hand motion.",r001,Walking Outdoors,Gold,,465.71367,407deb0a-6dad-4c1c-8a81-1079f0b9823d
Locomotion,12,,#C C walks off the road onto the sidewalk.,"Body moving through space, involves walking.",r001,Walking Outdoors,Gold,,499.17158,407deb0a-6dad-4c1c-8a81-1079f0b9823d
Locomotion,12,,#C C walks past a street light.,"Body moving through space, high body acceleration.",r001,Walking Outdoors,Gold,,623.5029,407deb0a-6dad-4c1c-8a81-1079f0b9823d
Stationary,12,,#c c removes cap,"The action of removing a cap is a brief, localized movement and does not involve significant locomotion or high energy activity.",r001,Walking Outdoors,Gold,,16.379969600000003,434a5651-9901-4b32-b782-d9a2bb52e805
Object Transfer,12,Essential Operation,#c c touches tray,"The action involves picking up or touching an object, which is a logistics step.",r001,Walking Outdoors,Bad,,61.5735996,434a5651-9901-4b32-b782-d9a2bb52e805
Object Transfer,12,,#c c puts paper under the table,"The action involves placing an object (paper) in a specific location (under the table), which is a logistics step.",r001,Walking Outdoors,Gold,,185.9695296,434a5651-9901-4b32-b782-d9a2bb52e805
Object Transfer,12,,#c c takes helmet,Logistics step of picking up the helmet.,r001,Walking Outdoors,Gold,,618.6774086,434a5651-9901-4b32-b782-d9a2bb52e805
Locomotion,12,,#O person A pulls the cart,"Body moving through space while pulling a cart, indicative of walking.",r001,Walking Outdoors,Gold,,916.7456086,434a5651-9901-4b32-b782-d9a2bb52e805
Object Transfer,12,,#O Person A gives C the phone,"The action involves handing over an object (the phone), which is a logistics step.",r001,Walking Outdoors,Gold,,1077.1865832666665,434a5651-9901-4b32-b782-d9a2bb52e805
Object Transfer,12,,#c c takes golf club,"The action involves picking up an object (golf club), which is a logistics step.",r001,Walking Outdoors,Gold,,1301.0089952666667,434a5651-9901-4b32-b782-d9a2bb52e805
Essential Operation,12,,#c c swings golf club,Core manual task involving high hand activity.,r001,Walking Outdoors,Gold,,1311.2005952666666,434a5651-9901-4b32-b782-d9a2bb52e805
Object Transfer,12,Essential Operation,#c c opens golf bag,"Logistics/Setup step, opening the golf bag.",r001,Walking Outdoors,Bad,,1461.1755052666667,434a5651-9901-4b32-b782-d9a2bb52e805
Object Transfer,12,,#c c throws golfs,"[CtxFixed] The action of throwing the golf(s) can be interpreted as a deliberate movement to transfer the object, likely to a specific location or person.",r001,Walking Outdoors,Gold,,2119.608251933333,434a5651-9901-4b32-b782-d9a2bb52e805
Object Transfer,12,Essential Operation,#c c touches golf bag,Logistics action involving touching an object.,r001,Walking Outdoors,Bad,,2148.288181933334,434a5651-9901-4b32-b782-d9a2bb52e805
Locomotion,12,,#c c pulls golf cart,"Body moving through space, likely involves pulling the golf cart which requires movement and physical effort.",r001,Walking Outdoors,Gold,,2151.639181933333,434a5651-9901-4b32-b782-d9a2bb52e805
Locomotion,12,,#c c pushes golf cart,"Body moving through space, likely involves pushing a golf cart which implies movement.",r001,Walking Outdoors,Gold,,2154.544121933334,434a5651-9901-4b32-b782-d9a2bb52e805
Object Transfer,12,,#c c puts golf club in the golf bag,"Logistics action of placing the golf club into the bag, involves short bursts of hand activity.",r001,Walking Outdoors,Gold,,2504.646001933333,434a5651-9901-4b32-b782-d9a2bb52e805
Locomotion,12,Object Transfer,#o man x moves the golf stick,"Movement through space, likely involves walking or swinging the golf stick while moving.",r001,Walking Outdoors,Bad,,2760.260501933333,434a5651-9901-4b32-b782-d9a2bb52e805
Locomotion,12,,#c c walks around the golf course,Body moving through space (walking).,r001,Walking Outdoors,Gold,,2951.754511933333,434a5651-9901-4b32-b782-d9a2bb52e805
Locomotion,12,Object Transfer,#c c kicks the golf ball with the golf stick,"Body moving through space, involves walking and kicking which are high body acceleration activities.",r001,Walking Outdoors,Bad,,2962.9285919333333,434a5651-9901-4b32-b782-d9a2bb52e805
Object Transfer,12,Object Transfer,#c c moves the golf ball with the golf stick,"The action involves moving an object (golf ball) with a tool (golf stick), which corresponds to logistics or setup step.",r001,Walking Outdoors,Bad,,3142.9408519333333,434a5651-9901-4b32-b782-d9a2bb52e805
Locomotion,12,Object Transfer,#c c kicks the ball using the golf stick,Body movement through space while performing an action (kicking the ball).,r001,Walking Outdoors,Bad,,3329.607301933333,434a5651-9901-4b32-b782-d9a2bb52e805
Object Transfer,12,,#C C moves the paints,Logistics/movement of an object.,r001,Mechanical Repair,Gold,,32.169399600000006,437480b7-a1df-41e1-8dde-61c9955e8b9d
Essential Operation,12,,#C C paints the post,"Core manual task, high hand activity.",r001,Mechanical Repair,Gold,,109.9462796,437480b7-a1df-41e1-8dde-61c9955e8b9d
Object Transfer,12,,#C C arranges a file on a shelf,Logistics step involving moving an object to a specific location.,r001,Mechanical Repair,Gold,,95.5750586,45bf438d-0cbb-40b8-be95-58204bb3c6fe
Object Transfer,12,,#C C puts a file on a table,Logistics step involving picking up and putting down an object.,r001,Mechanical Repair,Gold,,105.2450886,45bf438d-0cbb-40b8-be95-58204bb3c6fe
Object Transfer,12,,#C C moves files on a shelf,"Logistics of moving items, short bursts of hand activity.",r001,Mechanical Repair,Gold,,110.1104986,45bf438d-0cbb-40b8-be95-58204bb3c6fe
Object Transfer,12,,#C C arranges files on a shelf,Logistics step involving moving objects to a specific location.,r001,Mechanical Repair,Gold,,122.2224386,45bf438d-0cbb-40b8-be95-58204bb3c6fe
Essential Operation,12,,#C C wipes on a file,Core manual task involving hand activity.,r001,Mechanical Repair,Gold,,182.7956586,45bf438d-0cbb-40b8-be95-58204bb3c6fe
Essential Operation,12,,#C C wipes on a book,Core manual task involving hand movement.,r001,Mechanical Repair,Gold,,257.9015086,45bf438d-0cbb-40b8-be95-58204bb3c6fe
Search,12,Essential Operation,#C C flips the book,"Head movement (visual search), hands mostly still.",r001,Mechanical Repair,Bad,,293.6227892247544,45bf438d-0cbb-40b8-be95-58204bb3c6fe
Object Transfer,12,,#C C picks a notebook,Logistics step of picking up an object.,r001,Mechanical Repair,Gold,,323.4856092247544,45bf438d-0cbb-40b8-be95-58204bb3c6fe
Stationary,12,Essential Operation,#C C covers the pen case,"Covering an object is a low-energy action, similar to setting something down.",r001,Mechanical Repair,Bad,,363.3581392247544,45bf438d-0cbb-40b8-be95-58204bb3c6fe
Stationary,12,Search,#C C stares at the magazine,"Low body/hand motion, likely idle or thinking.",r001,Mechanical Repair,Bad,,381.9640692247544,45bf438d-0cbb-40b8-be95-58204bb3c6fe
Object Transfer,12,,#C C places the book on the magazines,Logistics step involving placing an object.,r001,Mechanical Repair,Gold,,388.7526292247544,45bf438d-0cbb-40b8-be95-58204bb3c6fe
Object Transfer,12,Essential Operation,#C C opens the optical disc paper,"The action involves opening something, which is a logistics step.",r001,Mechanical Repair,Bad,,441.7688692247544,45bf438d-0cbb-40b8-be95-58204bb3c6fe
Object Transfer,12,Essential Operation,#C C hits the book on the table,"[CtxFixed] The action of hitting the book on the table can be interpreted as a deliberate placement or movement of the book, which falls under the category of Object Transfer.",r001,Mechanical Repair,Bad,,447.7248492247544,45bf438d-0cbb-40b8-be95-58204bb3c6fe
Object Transfer,12,,#C C pushes a book,Movement of an object (book) from one place to another.,r001,Mechanical Repair,Gold,,484.6854292247544,45bf438d-0cbb-40b8-be95-58204bb3c6fe
Object Transfer,12,,#C C places the book on other books,"Placing an object, short burst of hand activity.",r001,Mechanical Repair,Gold,,490.7262592247544,45bf438d-0cbb-40b8-be95-58204bb3c6fe
Object Transfer,12,,#C C puts a book on a shelf,Logistics/Setup step involving picking up and placing an object.,r001,Mechanical Repair,Gold,,558.3213276136719,45bf438d-0cbb-40b8-be95-58204bb3c6fe
Object Transfer,12,,#C C picks a book on a shelf,"Logistics step, picking up an object.",r001,Mechanical Repair,Gold,,566.222507613672,45bf438d-0cbb-40b8-be95-58204bb3c6fe
Object Transfer,12,,#C C puts a towel on a shelf,Logistics step involving picking up and placing an object.,r001,Mechanical Repair,Gold,,612.297117613672,45bf438d-0cbb-40b8-be95-58204bb3c6fe
Object Transfer,12,,#C C places the cloth on the table,"The action involves picking up and placing an object, which is a logistics step.",r001,Mechanical Repair,Gold,,833.6441819569336,45bf438d-0cbb-40b8-be95-58204bb3c6fe
Object Transfer,12,,#C C picks #unsure and the towel,Logistics/Setup step (picking up items).,r001,Mechanical Repair,Gold,,840.0260119569336,45bf438d-0cbb-40b8-be95-58204bb3c6fe
Stationary,12,Essential Operation,#C C touches the towel,"Low body/hand motion, likely inspecting or pausing.",r001,Mechanical Repair,Bad,,841.2756919569335,45bf438d-0cbb-40b8-be95-58204bb3c6fe
Object Transfer,12,,#C C places the towel on the table,Logistics step involving placing an object.,r001,Mechanical Repair,Gold,,842.2139719569336,45bf438d-0cbb-40b8-be95-58204bb3c6fe
Essential Operation,12,,#C C wipes the chair with the towel,Core manual task involving high hand activity.,r001,Mechanical Repair,Gold,,868.5525219569336,45bf438d-0cbb-40b8-be95-58204bb3c6fe
Object Transfer,12,Essential Operation,#c c open the gate,Logistics step involving opening an object.,r001,Gardening,Bad,,79.95078,493185d1-62d9-427c-b9d6-3f5af7a5686e
Stationary,12,,#C C taps his fingers on the table,"Low body/hand motion, tapping is a minor action.",r001,Cooking,Gold,,149.82130859999998,4a3fe6c1-bfdc-4bbb-a430-3cc19fbd484b
Object Transfer,12,Essential Operation,#C C closes the freezer,Logistics action involving the manipulation of an object (closing the freezer).,r001,Cooking,Bad,,245.5403986,4a3fe6c1-bfdc-4bbb-a430-3cc19fbd484b
Essential Operation,12,Object Transfer,#C C places the screw driver on a screw on the motorcycle with his right hand,Core task involving manual operation with high hand activity.,r001,Mechanical Repair,Bad,,13.55853,4a758e36-ab98-4bbf-aefb-c84df5f1e25e
Stationary,12,,#C C holds the motorcycle with his left hand,"Low body/hand motion, holding position.",r001,Mechanical Repair,Gold,,30.64709,4a758e36-ab98-4bbf-aefb-c84df5f1e25e
Essential Operation,12,,#C C loosens the screw on the motorcycle with his two hands,Core manual task involving high hand activity.,r001,Mechanical Repair,Gold,,55.61616,4a758e36-ab98-4bbf-aefb-c84df5f1e25e
Object Transfer,12,Essential Operation,#cc touches the utensils in the cupboard with both hands,Logistics step involving touching objects with both hands.,r001,Cleaning,Bad,,41.0691886,4c18629a-ac33-4939-badf-6e8477b2aee7
Stationary,12,Essential Operation,#cc closes the dish cleaner machine,Closing the machine is a brief action followed by inactivity.,r001,Cleaning,Bad,,134.12947859999997,4c18629a-ac33-4939-badf-6e8477b2aee7
Object Transfer,12,Essential Operation,#cc puts on the gloves to the left hand,Putting on gloves is a logistics step involving picking up and putting on an object.,r001,Cleaning,Bad,,155.17105859999998,4c18629a-ac33-4939-badf-6e8477b2aee7
Object Transfer,12,,#cc picks the spoon with left hand,Logistics step involving picking up an object.,r001,Cleaning,Gold,,288.1760697540433,4c18629a-ac33-4939-badf-6e8477b2aee7
Object Transfer,12,Stationary,#cc holds sufuria with left hand,Logistics step involving holding an object.,r001,Cleaning,Bad,,491.39753975404335,4c18629a-ac33-4939-badf-6e8477b2aee7
Essential Operation,12,,#cc cleans the sink with left hand,Core manual task involving high hand activity.,r001,Cleaning,Gold,,495.5221597540433,4c18629a-ac33-4939-badf-6e8477b2aee7
Object Transfer,12,Essential Operation,#cc closes the cupboard with the left hand,Closing the cupboard is a logistics action involving the hand.,r001,Cleaning,Bad,,502.56702975404335,4c18629a-ac33-4939-badf-6e8477b2aee7
Stationary,12,,#cc holds a tap with the right hand,Holding an object with minimal movement.,r001,Cleaning,Gold,,516.6067397540432,4c18629a-ac33-4939-badf-6e8477b2aee7
Essential Operation,12,,#C C turns on the water tap,Core manual task involving fine hand movements.,r001,Cleaning,Gold,,580.1166276136719,4c18629a-ac33-4939-badf-6e8477b2aee7
Object Transfer,12,,#C C drops the dishwashing sponge using his right hand,"[CtxFixed] The action of dropping the dishwashing sponge is a deliberate placement of the object onto a surface, which fits the criteria for 'Object Transfer'.",r001,Cleaning,Gold,,604.553507613672,4c18629a-ac33-4939-badf-6e8477b2aee7
Essential Operation,12,,#C C lifts the dishwashing sponge,"Core task, high hand activity.",r001,Cleaning,Gold,,622.522307613672,4c18629a-ac33-4939-badf-6e8477b2aee7
Essential Operation,12,,#C C cleans the tray.,Core manual task involving high hand activity.,r001,Cleaning,Gold,,831.7341190392822,4c18629a-ac33-4939-badf-6e8477b2aee7
Object Transfer,12,,#C C picks a trey.,Logistics/Setup step involving picking up an object.,r001,Cleaning,Gold,,869.3258490392823,4c18629a-ac33-4939-badf-6e8477b2aee7
Object Transfer,12,,#C C pours waste in the dustbin.,Logistics step involving the transfer of an object.,r001,Cleaning,Gold,,902.2139690392822,4c18629a-ac33-4939-badf-6e8477b2aee7
Object Transfer,12,Essential Operation,#C C closes the bottle top.,"Closing an object, involves a brief, specific hand motion.",r001,Cleaning,Bad,,927.4564190392822,4c18629a-ac33-4939-badf-6e8477b2aee7
Essential Operation,12,,#C C cleans the trey.,Core task involving manual cleaning activity.,r001,Cleaning,Gold,,952.7304690392824,4c18629a-ac33-4939-badf-6e8477b2aee7
Stationary,12,Essential Operation,#C C turns the trey.,"Low body/hand motion, likely involves minimal movement.",r001,Cleaning,Bad,,966.5707490392822,4c18629a-ac33-4939-badf-6e8477b2aee7
Object Transfer,12,,#C C puts glass in the sink.,"Logistics step, short bursts of hand activity.",r001,Cleaning,Gold,,1064.7266090392825,4c18629a-ac33-4939-badf-6e8477b2aee7
Essential Operation,12,,#C C Wipes a table with a wiping cloth,Core manual task involving high hand activity.,r001,Cleaning,Gold,,1144.9981067689453,4c18629a-ac33-4939-badf-6e8477b2aee7
Object Transfer,12,,#C C picks up a camera with his right hand,Logistics step involving picking up an object.,r001,Cleaning,Gold,,2.4891896,4e3fc1e9-424f-4921-9068-d468c135f347
Essential Operation,12,,#C C cleans the camera with the cotton bud,Core manual task involving detailed hand movements.,r001,Cleaning,Gold,,85.5907496,4e3fc1e9-424f-4921-9068-d468c135f347
Stationary,12,Essential Operation,#C C covers the bottle with both hands,The action involves holding an object without significant movement.,r001,Cleaning,Bad,,123.7210796,4e3fc1e9-424f-4921-9068-d468c135f347
Essential Operation,12,,#C C adjusts the carton with his left hand,Adjusting involves fine motor skills and precise hand movements.,r001,Cleaning,Gold,,224.7366396,4e3fc1e9-424f-4921-9068-d468c135f347
Object Transfer,12,,#C C changes the position of the white object on the table with his left hand,Logistics step involving moving an object from one position to another.,r001,Cleaning,Gold,,231.0862096,4e3fc1e9-424f-4921-9068-d468c135f347
Object Transfer,12,,#C C adjusts the object on the wooden box with both hands,Logistics step involving picking up and placing down an object.,r001,Carpentry,Gold,,43.75436,4e3fd705-5ab8-4672-817d-37627660880a
Locomotion,12,,#C C walks back to where he picked the jar of brush,Body moving through space (walking).,r001,Carpentry,Gold,,73.71694,4e3fd705-5ab8-4672-817d-37627660880a
Object Transfer,12,Essential Operation,#C C opens the keg with his left hand,Logistics/Setup step involving opening an object.,r001,Carpentry,Bad,,77.29698,4e3fd705-5ab8-4672-817d-37627660880a
Object Transfer,12,,#C C drops the keg cap on the table,Refined via regex fallback,r001,Carpentry,Gold,,81.48175,4e3fd705-5ab8-4672-817d-37627660880a
Locomotion,12,,#C C walks to the right of the table,"Movement through space, involves high body acceleration.",r001,Carpentry,Gold,,187.19662,4e3fd705-5ab8-4672-817d-37627660880a
Object Transfer,12,,#C C drops the object in his left hand on the table,Refined via regex fallback,r001,Carpentry,Gold,,293.83691,4e3fd705-5ab8-4672-817d-37627660880a
Object Transfer,12,,#C C picks a first object from a shelf with his right hand,"Logistics step, picking up an object.",r001,Carpentry,Gold,,352.49915,4e3fd705-5ab8-4672-817d-37627660880a
Object Transfer,12,,#C C places the object on a wooden box with both hands,Logistics step involving picking up and placing an object.,r001,Carpentry,Gold,,392.85882,4e3fd705-5ab8-4672-817d-37627660880a
Object Transfer,12,,#C C picks another nail from the table with his right hand,Logistics action of picking an item.,r001,Carpentry,Gold,,468.05217,4e3fd705-5ab8-4672-817d-37627660880a
Object Transfer,12,,#C C places the screw driver on the metal with his left hand,Logistics step of placing an object.,r001,Carpentry,Gold,,559.9715966666666,4e3fd705-5ab8-4672-817d-37627660880a
Essential Operation,12,,#C C hammers the metal,Core task involving high hand activity.,r001,Carpentry,Gold,,573.4763866666667,4e3fd705-5ab8-4672-817d-37627660880a
Essential Operation,12,,#C C hammers the screw driver,"[CtxFixed] The action of hammering the screw driver is likely part of a task or process, such as driving a screw or performing a repair, which falls under the category of Essential Operation.",r001,Carpentry,Gold,,593.3868066666666,4e3fd705-5ab8-4672-817d-37627660880a
Locomotion,12,,#C C takes a few steps away from the tool box,"Body moving through space (steps), indicative of movement with high body acceleration.",r001,Carpentry,Gold,,634.9903166666667,4e3fd705-5ab8-4672-817d-37627660880a
Search,12,Essential Operation,#C C takes a video of the cat,"Head movement (recording), passive hands.",r001,Playing Instrument,Bad,,0.9910096,4e880bf0-145f-4ab6-b015-476dd6b73dca
Locomotion,12,,#C C walks in the balcony,"Movement through space, involves walking.",r001,Playing Instrument,Gold,,125.5154196,4e880bf0-145f-4ab6-b015-476dd6b73dca
Object Transfer,12,,#C C pushes the carton box,"Logistics action (pushing), short burst of body acceleration.",r001,Playing Instrument,Gold,,249.5248296,4e880bf0-145f-4ab6-b015-476dd6b73dca
Object Transfer,12,,#C C takes a cloth,"Logistics/Setup step, picking up an item.",r001,Playing Instrument,Gold,,360.1685609546634,4e880bf0-145f-4ab6-b015-476dd6b73dca
Stationary,12,Essential Operation,#C C covers the cat with a cloth,"The action described does not involve significant movement, indicating a low energy state.",r001,Playing Instrument,Bad,,603.8679509546635,4e880bf0-145f-4ab6-b015-476dd6b73dca
Stationary,12,Essential Operation,#C C stretches the cloth,"The action of stretching a cloth is a low-energy, stationary activity.",r001,Playing Instrument,Bad,,617.7275109546634,4e880bf0-145f-4ab6-b015-476dd6b73dca
Stationary,12,Essential Operation,#C C lights a flashlight on the floor near the cat,"The action involves a static activity (lighting a flashlight), with minimal body movement.",r001,Playing Instrument,Bad,,831.3487609546635,4e880bf0-145f-4ab6-b015-476dd6b73dca
Essential Operation,12,,#C C tears the packet,Core task involving manual action with hands.,r001,Cooking,Gold,,241.6489796,51eb2565-5911-45c0-9472-23c5b3400840
Stationary,12,Essential Operation,#C C switches on the cooker hood,"Low body/hand motion, mostly a switch operation.",r001,Cooking,Bad,,758.0185809546634,51eb2565-5911-45c0-9472-23c5b3400840
Stationary,12,,#C C waits for the oil to be hot,"Low body/hand motion, waiting.",r001,Cooking,Gold,,801.4272209546634,51eb2565-5911-45c0-9472-23c5b3400840
Essential Operation,12,Object Transfer,#C C adds oil to the pan,Core task involving a manual action with the hand.,r001,Cooking,Bad,,810.7879609546634,51eb2565-5911-45c0-9472-23c5b3400840
Essential Operation,12,,#C C mixes the grinded vegetable,"Core task involving manual mixing, high hand activity.",r001,Cooking,Gold,,3068.721640954664,51eb2565-5911-45c0-9472-23c5b3400840
Essential Operation,12,,#C C mixes the cheese and grinded vegetables,"Core task involving mixing, high hand activity.",r001,Cooking,Gold,,3200.307500954664,51eb2565-5911-45c0-9472-23c5b3400840
Object Transfer,12,,#C C puts the bowl on top of an oven,Logistics step involving picking up and placing the bowl.,r001,Cooking,Gold,,3262.210370954664,51eb2565-5911-45c0-9472-23c5b3400840
Search,12,Locomotion,#C C moves his head,"Head movement (visual search), hands mostly still.",r001,Walking Outdoors,Bad,,301.03876,546e4806-a7f5-46bd-bf65-7737db2c5594
Search,12,,#C C looks under the office table,"Head movement (visual search), hands mostly still.",r001,Walking Outdoors,Gold,,875.1771833333333,546e4806-a7f5-46bd-bf65-7737db2c5594
Search,12,,#C C looks on the board,"Head movement (visual search), hands mostly still.",r001,Walking Outdoors,Gold,,957.2465733333332,546e4806-a7f5-46bd-bf65-7737db2c5594
Search,12,,#C C looks in the office desks,"Head movement (visual search), hands mostly still.",r001,Walking Outdoors,Gold,,1148.230276666667,546e4806-a7f5-46bd-bf65-7737db2c5594
Search,12,,#C C looks in the office,"Head movement (visual search), hands mostly still.",r001,Walking Outdoors,Gold,,1529.7849766666668,546e4806-a7f5-46bd-bf65-7737db2c5594
Search,12,,#C C looks around the boardroom,"Head movement (looking around), hands mostly still.",r001,Walking Outdoors,Gold,,1545.9290266666667,546e4806-a7f5-46bd-bf65-7737db2c5594
Stationary,12,,#C C sits down on bench,The action indicates a transition to a state of rest with low energy.,r001,Walking Outdoors,Gold,,1671.05039,546e4806-a7f5-46bd-bf65-7737db2c5594
Locomotion,12,,#C C walks around the hallway,"Body moving through space, high body acceleration.",r001,Walking Outdoors,Gold,,1714.71536,546e4806-a7f5-46bd-bf65-7737db2c5594
Locomotion,12,,#C walks in the parking lot,"Body moving through space, indicative of walking.",r001,Mechanical Repair,Gold,,21.21649,584fd34c-9bd5-44fd-8266-9d3161d8c790
Object Transfer,12,Stationary,#C C carries tennis racket,Movement of an object from one place to another.,r001,Mechanical Repair,Bad,,1812.55081,584fd34c-9bd5-44fd-8266-9d3161d8c790
Stationary,12,,#C C carries his hands up,The action describes a static hand movement without any significant motion or task being performed.,r001,Mechanical Repair,Gold,,1983.04167,584fd34c-9bd5-44fd-8266-9d3161d8c790
Locomotion,12,,#C C plays tennis with the racquet,Playing tennis involves body movement through space.,r001,Mechanical Repair,Gold,,1988.40959,584fd34c-9bd5-44fd-8266-9d3161d8c790
Essential Operation,12,,#C C hits the ball on the ground with the racquet,"High hand activity, likely involves a repetitive/manual task.",r001,Mechanical Repair,Gold,,2126.333719333333,584fd34c-9bd5-44fd-8266-9d3161d8c790
Stationary,12,Essential Operation,#C C states at the pitch,"Low body/hand motion, likely speaking or thinking.",r001,Mechanical Repair,Bad,,2496.7927833333333,584fd34c-9bd5-44fd-8266-9d3161d8c790
Locomotion,12,,#C C plays lawn tennis,"Movement through space, likely involves significant body acceleration.",r001,Mechanical Repair,Gold,,2552.9596333333334,584fd34c-9bd5-44fd-8266-9d3161d8c790
Stationary,12,,#C C bounces ball on the ground,"The action of bouncing a ball does not fit the locomotion or essential operation categories as it does not involve moving through space or performing a core manual task. It is more about idle behavior with occasional hand movements, which aligns with the stationary category.",r001,Mechanical Repair,Gold,,2720.6577666666667,584fd34c-9bd5-44fd-8266-9d3161d8c790
Locomotion,12,Essential Operation,#O a man X hits the ball,"[CtxFixed] The action of hitting the ball is a continuation of the previous action of throwing the ball up, indicating a movement or transition of the ball, which falls under the Locomotion category.",r001,Mechanical Repair,Bad,,2724.777716666667,584fd34c-9bd5-44fd-8266-9d3161d8c790
Locomotion,12,Stationary,#C C throws ball up,The action of throwing a ball involves high body acceleration.,r001,Mechanical Repair,Bad,,2791.1081366666667,584fd34c-9bd5-44fd-8266-9d3161d8c790
Essential Operation,12,,#O a man X hits the ball,"[CtxFixed] The action of hitting the ball is a repetitive and deliberate action, which is essential for the ongoing activity (e.g., playing a game). Therefore, it falls under the category of 'Essential Operation'.",r001,Mechanical Repair,Gold,,2849.0658866666668,584fd34c-9bd5-44fd-8266-9d3161d8c790
Stationary,12,Essential Operation,#C C hits the ball,"[CtxFixed] The action of hitting the ball does not involve movement from one location to another. It is a deliberate action performed in place, similar to bouncing the ball.",r001,Mechanical Repair,Bad,,2881.586226666667,584fd34c-9bd5-44fd-8266-9d3161d8c790
Essential Operation,12,,#O a man X cleans with towel,"Core manual task involving cleaning, which involves high hand activity.",r001,Mechanical Repair,Gold,,2941.242716666666,584fd34c-9bd5-44fd-8266-9d3161d8c790
Object Transfer,12,Essential Operation,#O a man X hits the ball,"[CtxFixed] The action involves a deliberate interaction with an object (the ball), which suggests it is a transfer or manipulation of the object rather than a mistake or correction.",r001,Mechanical Repair,Bad,,3098.647116666667,584fd34c-9bd5-44fd-8266-9d3161d8c790
Essential Operation,12,,#C C hits the ball,"[CtxFixed] The action of hitting a ball is a deliberate and purposeful movement, which falls under the category of Essential Operation as it is a fundamental action in many sports and activities.",r001,Mechanical Repair,Gold,,3265.8036300000003,584fd34c-9bd5-44fd-8266-9d3161d8c790
Locomotion,12,Essential Operation,#C C hits the ball,"[CtxFixed] The action of hitting the ball is a continuation of the previous locomotion actions (walking and throwing the ball). It is part of the movement pattern and does not fit into other categories like Essential Operation, Object Transfer, Search, or Stationary.",r001,Mechanical Repair,Bad,,3336.1050400000004,584fd34c-9bd5-44fd-8266-9d3161d8c790
Stationary,12,,#C C dribbles ball on the ground,"The action of dribbling a ball on the ground does not fit the context of mechanical repair and seems out of place. This action is more likely to be a casual movement or play, which indicates low body/hand motion in a specific context.",r001,Mechanical Repair,Gold,,3367.7121600000005,584fd34c-9bd5-44fd-8266-9d3161d8c790
Search,12,,#c c pulls as the wires checked the other sockets,"Head movement (visual inspection), hands mostly still.",r001,Carpentry,,Skip,107.81533,58f1ec2f-7156-45f0-8d29-6dda9675b467
Search,12,,#c c checks the wires,"Head movement (visual inspection), hands mostly still.",r001,Carpentry,Gold,,113.44019,58f1ec2f-7156-45f0-8d29-6dda9675b467
Object Transfer,12,Essential Operation,#C C Recycles the bicycle,"[CtxFixed] The action of 'recycling' the bicycle in this context likely means placing the bicycle in a designated area for recycling or storage, which is a deliberate placement action.",r001,Walking Outdoors,Bad,,26.87877,5b0b0b85-4238-4b95-aaa6-dce4011eab86
Search,12,,#C C Looks at the pole,"Head movement (visual search), hands mostly still.",r001,Walking Outdoors,Gold,,490.93722,5b0b0b85-4238-4b95-aaa6-dce4011eab86
Search,12,,#C C Looks at the helmet,"Head movement (visual search), hands mostly still.",r001,Walking Outdoors,Gold,,572.9707933333333,5b0b0b85-4238-4b95-aaa6-dce4011eab86
Search,12,,#C C Looks at the ballast,"Head movement (visual search), hands mostly still.",r001,Walking Outdoors,Gold,,757.7384233333333,5b0b0b85-4238-4b95-aaa6-dce4011eab86
Locomotion,12,,#O Man X walks toward the bicycle,"Body moving through space (walking), high body acceleration.",r001,Walking Outdoors,Gold,,817.0805533333333,5b0b0b85-4238-4b95-aaa6-dce4011eab86
Object Transfer,12,Essential Operation,#C C opens the seasoning,Logistics/Setup step (opening an object).,r001,Cooking,Bad,,259.79607860000004,5cae3bb3-1e1e-4b9f-82e8-87dbaad8f73d
Object Transfer,12,,#C C puts the cut wire on the wall,Logistics step involving moving an object to a specific location.,r001,Carpentry,Gold,,47.11339,5cd2b2de-cda1-4a06-94ed-1b1d74d75d0c
Essential Operation,12,,#C C attaches #unsure to the wall,"Core task involving manual work, likely high hand activity.",r001,Carpentry,Gold,,366.775,5cd2b2de-cda1-4a06-94ed-1b1d74d75d0c
Locomotion,12,,#C C skates,"Body moving through space, likely involves high body acceleration.",r001,Mechanical Repair,Gold,,133.09598,5e97e33c-b3ca-48b2-9e7e-069fe39199fb
Locomotion,12,,#C C skatess on the pavement,"[CtxFixed] The current action describes C skating on the pavement, which is a form of movement and should be classified under Locomotion.",r001,Mechanical Repair,Gold,,277.55212,5e97e33c-b3ca-48b2-9e7e-069fe39199fb
Locomotion,12,,#O Man X skates on the pavement,Body moving through space (skating). High body acceleration.,r001,Mechanical Repair,Gold,,405.83758,5e97e33c-b3ca-48b2-9e7e-069fe39199fb
Locomotion,12,,#C C skates on the ramp,"Body moving through space (skating), high body acceleration.",r001,Mechanical Repair,Gold,,545.0986993333332,5e97e33c-b3ca-48b2-9e7e-069fe39199fb
Locomotion,12,,#C C moves the skateboard,Body moving through space with the skateboard.,r001,Mechanical Repair,Gold,,603.0192633333334,5e97e33c-b3ca-48b2-9e7e-069fe39199fb
Stationary,12,,#C C points thesky,The action described does not correspond to any of the other categories as it is unclear and does not involve significant movement or interaction with objects.,r001,Mechanical Repair,Gold,,773.0460333333333,5e97e33c-b3ca-48b2-9e7e-069fe39199fb
Locomotion,12,,#O Man X steps out of the skateboard,"Body movement through space, in this case stepping out of a skateboard.",r001,Mechanical Repair,Gold,,952.9757133333331,5e97e33c-b3ca-48b2-9e7e-069fe39199fb
Locomotion,12,,#O Man X runs on the ramp,Body moving through space (running). High body acceleration expected.,r001,Mechanical Repair,Gold,,1028.9862633333332,5e97e33c-b3ca-48b2-9e7e-069fe39199fb
Locomotion,12,,#C C walks on the ramp,Body moving through space (walking).,r001,Mechanical Repair,Gold,,1092.6976926666666,5e97e33c-b3ca-48b2-9e7e-069fe39199fb
Stationary,12,,#O man X holds C's hand,"Low body/hand motion, likely involves holding hands which is not a dynamic action.",r001,Mechanical Repair,Gold,,1254.6615866666666,5e97e33c-b3ca-48b2-9e7e-069fe39199fb
Locomotion,12,,#O Man X runs,Body moving through space with high body acceleration.,r001,Mechanical Repair,Gold,,1262.5571166666666,5e97e33c-b3ca-48b2-9e7e-069fe39199fb
Locomotion,12,,#C C slides on the ramp,Body moving through space (sliding). High Body Accel.,r001,Mechanical Repair,Gold,,1358.185066666667,5e97e33c-b3ca-48b2-9e7e-069fe39199fb
Locomotion,12,,#C C steps on the skateboard,"Body movement through space, likely involving stepping or moving a large object.",r001,Mechanical Repair,Gold,,1367.7601966666666,5e97e33c-b3ca-48b2-9e7e-069fe39199fb
Locomotion,12,,#O Man X walks on the pavement,"Movement through space, characterized by body acceleration.",r001,Mechanical Repair,Gold,,1525.6863866666667,5e97e33c-b3ca-48b2-9e7e-069fe39199fb
Stationary,12,,#C C holds his head,"Low body/hand motion, indicating a pause or thinking.",r001,Mechanical Repair,Gold,,1748.761416666667,5e97e33c-b3ca-48b2-9e7e-069fe39199fb
Locomotion,12,,#C C walks on the tarmac,Body moving through space (walking).,r001,Mechanical Repair,Gold,,1860.7808366666668,5e97e33c-b3ca-48b2-9e7e-069fe39199fb
Locomotion,12,,#O Man X turns car to the left,"Body movement through space, turning involves significant body acceleration.",r001,Mechanical Repair,Gold,,2004.741596666667,5e97e33c-b3ca-48b2-9e7e-069fe39199fb
Locomotion,12,,#O Man X turns car right,"Body movement (turning), implies high body acceleration.",r001,Mechanical Repair,Gold,,2050.531606666667,5e97e33c-b3ca-48b2-9e7e-069fe39199fb
Stationary,12,,#C C places her left hand on the beam.,"The action involves placing a hand on an object, indicating a pause or stabilization rather than movement.",r001,Mechanical Repair,Gold,,4.3033096,5f7c489b-bfa0-4aa7-b707-45d12b2b114a
Stationary,12,,#C C holds the chair handle with her right hand.,"Holding an object without moving, low energy activity.",r001,Mechanical Repair,Gold,,36.3717996,5f7c489b-bfa0-4aa7-b707-45d12b2b114a
Object Transfer,12,Stationary,#C C carries a second chair with both hands.,"Logistics of moving an object (chair), short bursts of hand acceleration.",r001,Mechanical Repair,Bad,,100.5804096,5f7c489b-bfa0-4aa7-b707-45d12b2b114a
Stationary,12,,#C C holds the paint brush with her left hand.,"The action involves holding a paint brush, which does not involve significant movement or acceleration.",r001,Mechanical Repair,Gold,,208.5248196,5f7c489b-bfa0-4aa7-b707-45d12b2b114a
Essential Operation,12,,#C C wipes the wooden handrail with the paintbrush in her left hand.,Core task involving high hand activity.,r001,Mechanical Repair,Gold,,316.3098109546634,5f7c489b-bfa0-4aa7-b707-45d12b2b114a
Object Transfer,12,,#C C moves the paintbrush to her left hand.,The action involves moving an object (the paintbrush) from one hand to another.,r001,Mechanical Repair,Gold,,445.4537009546634,5f7c489b-bfa0-4aa7-b707-45d12b2b114a
Stationary,12,Essential Operation,#C C touches the handrail with his left hand.,The action describes a touch which is a low energy interaction.,r001,Mechanical Repair,Bad,,468.2543309546634,5f7c489b-bfa0-4aa7-b707-45d12b2b114a
Essential Operation,12,,#C C wipes a wood with the paintbrush in his right hand.,Core task involving high hand activity.,r001,Mechanical Repair,Gold,,484.2883409546634,5f7c489b-bfa0-4aa7-b707-45d12b2b114a
Essential Operation,12,,#C C wipes a wood with the paintbrush in her right hand.,Core manual task involving high hand activity.,r001,Mechanical Repair,Gold,,670.2576552666667,5f7c489b-bfa0-4aa7-b707-45d12b2b114a
Stationary,12,,#C C holds the wood with her left hand.,Holding an object with minimal movement.,r001,Mechanical Repair,Gold,,671.0152352666667,5f7c489b-bfa0-4aa7-b707-45d12b2b114a
Essential Operation,12,,#C C wipes a wood with the paintbrush in her left hand.,Core task involving manual work with the hand.,r001,Mechanical Repair,Gold,,737.9184452666667,5f7c489b-bfa0-4aa7-b707-45d12b2b114a
Locomotion,12,Essential Operation,#C C hits the legs on the drum pedals,"Body movement through space (drumming action involves hitting pedals, which can be associated with rhythmic movement).",r001,Playing Instrument,Bad,,382.5931586,612f93fe-6a51-4c5f-abcd-430d9eb7d69a
Essential Operation,12,,#C C beats the drums using a drum stick,Core manual task involving high hand activity.,r001,Playing Instrument,Gold,,481.6688986,612f93fe-6a51-4c5f-abcd-430d9eb7d69a
Locomotion,12,Essential Operation,#C C hits on the drum pedals with the legs,"Body movement through space using legs, high body acceleration.",r001,Playing Instrument,Bad,,1088.921087613672,612f93fe-6a51-4c5f-abcd-430d9eb7d69a
Locomotion,12,Essential Operation,#C C moves the right leg on the instrument,"Body movement through space, likely involves foot tapping or leg movement on a pedal.",r001,Playing Instrument,Bad,,1638.0516764637694,612f93fe-6a51-4c5f-abcd-430d9eb7d69a
Locomotion,12,Stationary,#C C lifts the left hand,"The action is likely part of a walking motion, which involves body movement through space.",r001,Walking Outdoors,Bad,,1415.1735866666668,6235b5be-d347-4031-8d14-4b70a571c215
Object Transfer,12,,#C C puts #unsure in the bowl,Refined via regex fallback,r001,Cooking,Gold,,18.011988600000002,6639f53c-701d-4fe7-adcd-55d040ce8afe
Object Transfer,12,,#C C pulls plate with #unsure,"[CtxFixed] The action involves moving an object (plate) from one location to another, which fits the definition of Object Transfer.",r001,Cooking,Gold,,61.5088386,6639f53c-701d-4fe7-adcd-55d040ce8afe
Object Transfer,12,,#C C picks #unsure in a container from the fridge,Logistics step involving picking up and transferring an object.,r001,Cooking,Gold,,74.62739859999999,6639f53c-701d-4fe7-adcd-55d040ce8afe
Object Transfer,12,,#C C places cutting board on the counter top,Logistics step involving moving an object to a location.,r001,Cooking,Gold,,96.9377986,6639f53c-701d-4fe7-adcd-55d040ce8afe
Essential Operation,12,,#C C cuts carrots with a knife,Core task involving high hand activity.,r001,Cooking,Gold,,100.8407186,6639f53c-701d-4fe7-adcd-55d040ce8afe
Object Transfer,12,,#O A woman X places #unsure in the cabinet,Logistics step involving placing an object.,r001,Cooking,Gold,,126.8537986,6639f53c-701d-4fe7-adcd-55d040ce8afe
Essential Operation,12,,#C C removes gadget on the knife with the finger,Core manual task involving fine hand movements.,r001,Cooking,Gold,,149.4046986,6639f53c-701d-4fe7-adcd-55d040ce8afe
Essential Operation,12,,#C C aligns gadget in the cutting board,Core task involving precise hand movements.,r001,Cooking,Gold,,172.8912686,6639f53c-701d-4fe7-adcd-55d040ce8afe
Object Transfer,12,,#C C moves #unsure in the cutting board,"[CtxFixed] The action of moving an object in the cutting board suggests a deliberate placement or transfer of the object, which aligns with the 'Object Transfer' category.",r001,Cooking,Gold,,233.5909986,6639f53c-701d-4fe7-adcd-55d040ce8afe
Object Transfer,12,,#C C places #unsure in the cutting board,Logistics step of placing an object.,r001,Cooking,Gold,,249.3622986,6639f53c-701d-4fe7-adcd-55d040ce8afe
Essential Operation,12,,#C C cuts onion with hand,Core task involving high hand activity.,r001,Cooking,Gold,,352.23239311679424,6639f53c-701d-4fe7-adcd-55d040ce8afe
Essential Operation,12,,#C C peels onion with the hand,Core manual task involving high hand activity.,r001,Cooking,Gold,,362.4533331167943,6639f53c-701d-4fe7-adcd-55d040ce8afe
Essential Operation,12,,#C stirs #unsure in the jar with a folk,Core task involving high hand activity.,r001,Cooking,Gold,,442.5255031167943,6639f53c-701d-4fe7-adcd-55d040ce8afe
Object Transfer,12,,#C C places spoon in the counter top,Logistics step involving placing an object.,r001,Cooking,Gold,,461.9553831167942,6639f53c-701d-4fe7-adcd-55d040ce8afe
Search,12,,#C C does #unsure in the cabinet,Implies head and hand movement to find something.,r001,Cooking,,Skip,470.1460631167943,6639f53c-701d-4fe7-adcd-55d040ce8afe
Object Transfer,12,,#C C moves #unsure in a cutting board with a knife,"[CtxFixed] The current action involves moving an object (presumably food) from a cooking pan to a cutting board, which is a deliberate placement and thus classified as 'Object Transfer'.",r001,Cooking,Gold,,578.6077521677084,6639f53c-701d-4fe7-adcd-55d040ce8afe
Object Transfer,12,,#C C removes #unsure from the container with a stirring stick,Logistics step involving picking up and transferring an item.,r001,Cooking,Gold,,656.0080421677084,6639f53c-701d-4fe7-adcd-55d040ce8afe
Object Transfer,12,,#C C places cups on the counter top,"Logistics step, placing objects.",r001,Cooking,Gold,,719.7297721677083,6639f53c-701d-4fe7-adcd-55d040ce8afe
Essential Operation,12,,#C C breaks the egg in the cooking pan,Core task involving high hand activity.,r001,Cooking,Gold,,900.6724386458334,6639f53c-701d-4fe7-adcd-55d040ce8afe
Object Transfer,12,,#C C puts the egg crate on the counter,"Logistics step, moving an object to a specific location.",r001,Cooking,Gold,,923.9611986458332,6639f53c-701d-4fe7-adcd-55d040ce8afe
Essential Operation,12,,#C C wipes the spatula with the towel,Core manual task involving high hand activity.,r001,Cooking,Gold,,1033.9714586458333,6639f53c-701d-4fe7-adcd-55d040ce8afe
Object Transfer,12,,#C C returns #unsure on the table,"Placing an object back, a logistics step.",r001,Cooking,Gold,,1124.617697708073,6639f53c-701d-4fe7-adcd-55d040ce8afe
Object Transfer,12,,#C C puts the spoon in the food,"Logistics step, placing object.",r001,Cooking,Gold,,1159.0988177080728,6639f53c-701d-4fe7-adcd-55d040ce8afe
Locomotion,12,,#C C walks on the hallway,"Body moving through space, high body acceleration.",r001,Mechanical Repair,Gold,,2.03101,70c7d2e0-5671-4891-a0a0-d8247c360f81
Stationary,12,Essential Operation,#C C touches the bicycle tire,"Low body/hand motion, likely inspecting or feeling the tire.",r001,Mechanical Repair,Bad,,3629.94051,70c7d2e0-5671-4891-a0a0-d8247c360f81
Stationary,12,Essential Operation,#C C touches the pedal,"Low body/hand motion, likely involves touch and inspection.",r001,Mechanical Repair,Bad,,3643.7637,70c7d2e0-5671-4891-a0a0-d8247c360f81
Essential Operation,12,,#C C rubs the fingers with the sand,Core manual task involving fine hand movements.,r001,Mechanical Repair,Gold,,3646.43063,70c7d2e0-5671-4891-a0a0-d8247c360f81
Locomotion,12,,#C C gets through the door,Movement through space to get through the door.,r001,Mechanical Repair,Gold,,4005.966963333334,70c7d2e0-5671-4891-a0a0-d8247c360f81
Object Transfer,12,,#C C picks up a tire.,Logistics action of picking up an object.,r001,Mechanical Repair,Gold,,27.2474786,72b53897-cfca-42cb-b60d-1f928f313a1c
Object Transfer,12,,#C C places down a barring.,"The action involves placing an object down, which is a logistics step.",r001,Mechanical Repair,Gold,,89.1945786,72b53897-cfca-42cb-b60d-1f928f313a1c
Stationary,12,Object Transfer,#C C places down a paper.,Placing down an object is a brief action with low energy.,r001,Mechanical Repair,Bad,,121.5573586,72b53897-cfca-42cb-b60d-1f928f313a1c
Object Transfer,12,,#C C picks up a barring.,Logistics step of picking up an object.,r001,Mechanical Repair,Gold,,127.7986486,72b53897-cfca-42cb-b60d-1f928f313a1c
Object Transfer,12,Essential Operation,#C C places bolt screwdriver on the rim.,Logistics step involving placing an object.,r001,Mechanical Repair,Bad,,175.04307859999997,72b53897-cfca-42cb-b60d-1f928f313a1c
Essential Operation,12,,#C C fixes a metal plate on the rim.,Core manual task involving high hand activity.,r001,Mechanical Repair,Gold,,215.8838986,72b53897-cfca-42cb-b60d-1f928f313a1c
Essential Operation,12,,#C C fixes a barring on the rim.,Core manual task involving hands with high activity.,r001,Mechanical Repair,Gold,,221.1984786,72b53897-cfca-42cb-b60d-1f928f313a1c
Essential Operation,12,,#C C sprays a metal with a spray.,Core manual task involving high hand activity.,r001,Mechanical Repair,Gold,,240.6144286,72b53897-cfca-42cb-b60d-1f928f313a1c
Essential Operation,12,,#C C fixes a bottle top with a bolt.,Core manual task involving high hand activity.,r001,Mechanical Repair,Gold,,369.7979927793119,72b53897-cfca-42cb-b60d-1f928f313a1c
Object Transfer,12,,#C C picks up a screwdriver.,Logistics step of picking up an object.,r001,Mechanical Repair,Gold,,376.0974327793119,72b53897-cfca-42cb-b60d-1f928f313a1c
Object Transfer,12,,#C C picks up a spring.,"Logistics step, picking up an object.",r001,Mechanical Repair,Gold,,384.99021277931183,72b53897-cfca-42cb-b60d-1f928f313a1c
Stationary,12,,#C C holds a tire with his hands.,"Low body/hand motion, holding an object.",r001,Mechanical Repair,Gold,,441.3051727793119,72b53897-cfca-42cb-b60d-1f928f313a1c
Stationary,12,Essential Operation,#C C turns a paper.,"Low body/hand motion, likely involves minimal physical movement.",r001,Mechanical Repair,Bad,,500.5738927793119,72b53897-cfca-42cb-b60d-1f928f313a1c
Search,12,Essential Operation,#C C rotates a wheel.,Implies head or hand movement to visually inspect the wheel rotation.,r001,Mechanical Repair,Bad,,550.0418427793119,72b53897-cfca-42cb-b60d-1f928f313a1c
Stationary,12,,#C C holds a metal ring.,Holding an object with minimal movement.,r001,Mechanical Repair,Gold,,565.4521334828125,72b53897-cfca-42cb-b60d-1f928f313a1c
Object Transfer,12,,#C C picks up a bolt.,Logistics step involving picking up an object.,r001,Mechanical Repair,Gold,,602.9423834828126,72b53897-cfca-42cb-b60d-1f928f313a1c
Object Transfer,12,,#C C places down a bottle.,"Action involves placing down an object, which is a logistics step.",r001,Mechanical Repair,Gold,,633.1602434828126,72b53897-cfca-42cb-b60d-1f928f313a1c
Object Transfer,12,Essential Operation,#C C adjusts drawer.,Logistics step involving the adjustment of an object (drawer).,r001,Carpentry,Bad,,11.39725,72f48fb2-90ff-4add-bd1b-7fe57fe4dc4e
Object Transfer,12,,#C C drops the screw and the screw driver on the table.,Refined via regex fallback,r001,Carpentry,Gold,,285.02284,72f48fb2-90ff-4add-bd1b-7fe57fe4dc4e
Object Transfer,12,,#C C takes a file from the drawer,"Logistics/Setup step, short bursts of hand activity.",r001,Carpentry,Gold,,290.10779,72f48fb2-90ff-4add-bd1b-7fe57fe4dc4e
Stationary,12,,#C C holds on the cat,"The action describes holding a cat, which implies a static posture with minimal movement.",r001,Walking Outdoors,Gold,,167.3277796,74d38b4a-6f22-43b3-b631-9234c05f27ab
Object Transfer,12,,#C C picks a cat plate,"Logistics step, picking up an object.",r001,Walking Outdoors,Gold,,260.7384496,74d38b4a-6f22-43b3-b631-9234c05f27ab
Essential Operation,12,,#C C scoops the cat food with a spoon,Core task involving high hand activity.,r001,Walking Outdoors,Gold,,326.3597309546634,74d38b4a-6f22-43b3-b631-9234c05f27ab
Stationary,12,Essential Operation,#O A man X scrolls the laptop,"Low body/hand motion, likely involves minimal movement.",r001,Playing Instrument,Bad,,123.14540526666666,7627344d-503f-4a25-b418-10a6929d5a18
Essential Operation,12,,#O A man X plays the guitar,Playing an instrument involves a core manual task with high hand activity.,r001,Playing Instrument,Gold,,190.96306526666663,7627344d-503f-4a25-b418-10a6929d5a18
Stationary,12,Essential Operation,#o lady operates laptop,"Low body/hand motion, likely involves fine motor skills with minimal movement.",r001,Playing Instrument,Bad,,508.8693252666666,7627344d-503f-4a25-b418-10a6929d5a18
Stationary,12,Essential Operation,#C C arranging clothe,The action description is unclear but seems to indicate a low activity state.,r001,Mechanical Repair,Bad,,248.6542586,7844c399-e3ce-42f7-a31b-324d477217aa
Object Transfer,12,,#C C puts hanger on the clothe,"Logistics step, putting an object on another.",r001,Mechanical Repair,Gold,,705.1974593320908,7844c399-e3ce-42f7-a31b-324d477217aa
Stationary,12,Essential Operation,#C C arranges clothe,"Arranging an object is a low-energy, preparatory action.",r001,Mechanical Repair,Bad,,756.6229493320908,7844c399-e3ce-42f7-a31b-324d477217aa
Object Transfer,12,,#C C picks cloths from the stand,Logistics/Setup step involving picking up an object.,r001,Mechanical Repair,Gold,,824.5949886000001,7844c399-e3ce-42f7-a31b-324d477217aa
Object Transfer,12,,#C C picks up a dish from the sink,Logistics step involving picking up an object.,r001,Cleaning,Gold,,15.2235,78c9f2e7-44b9-4068-a7b0-18c9649ce963
Object Transfer,12,,#C C drops the dish on another dish on the sink,Refined via regex fallback,r001,Cleaning,Gold,,72.84011,78c9f2e7-44b9-4068-a7b0-18c9649ce963
Object Transfer,12,,#C C drops the plate in the plate rack.,Logistics step involving the placement of an object.,r001,Cleaning,Gold,,434.36267,78c9f2e7-44b9-4068-a7b0-18c9649ce963
Object Transfer,12,,#C C Picks the plants leave,Logistics step of picking up objects (plant leaves).,r001,Cooking,Gold,,7.1705986,793a9c9d-327e-4457-9c40-e626b2208aae
Stationary,12,,#C C Holds the plants leaves,"Low body/hand motion, holding position.",r001,Cooking,Gold,,14.9106086,793a9c9d-327e-4457-9c40-e626b2208aae
Stationary,12,,#C C turns to the laptop,"The action describes a turn towards the laptop, indicating a pause or stationary state rather than movement.",r001,Walking Outdoors,Gold,,130.72827859999998,7a42084f-7af4-4133-832d-6318db28d483
Essential Operation,12,,#C C scoops some ice cream,Core task involving high hand activity to scoop ice cream.,r001,Walking Outdoors,Gold,,251.8597486,7a42084f-7af4-4133-832d-6318db28d483
Stationary,12,Essential Operation,#O Man M converses with C,"Low body/hand motion, likely involves talking.",r001,Walking Outdoors,Bad,,361.4253686,7a42084f-7af4-4133-832d-6318db28d483
Stationary,12,Essential Operation,#C C converses with Man M,Low body/hand motion while conversing.,r001,Walking Outdoors,Bad,,383.7009486,7a42084f-7af4-4133-832d-6318db28d483
Stationary,12,Locomotion,#C C enters the washroom,"The action describes entering a location, which is typically associated with low body/hand motion.",r001,Walking Outdoors,Bad,,404.88110860000006,7a42084f-7af4-4133-832d-6318db28d483
Essential Operation,12,Object Transfer,#C C puts water in a tin,Core task involving manual activity with hands.,r001,Walking Outdoors,Bad,,407.59634860000006,7a42084f-7af4-4133-832d-6318db28d483
Search,12,,#O A man d looks around,"Head movement (visual search), hands mostly still.",r001,Walking Outdoors,Gold,,593.8175952666667,7a42084f-7af4-4133-832d-6318db28d483
Object Transfer,12,,#O A man d picks the container,"The action involves picking up an object, which is a logistics step.",r001,Walking Outdoors,Gold,,642.9706852666667,7a42084f-7af4-4133-832d-6318db28d483
Locomotion,12,Essential Operation,#O A man d talks,"The action describes movement through space, which is characteristic of locomotion.",r001,Walking Outdoors,Bad,,871.9047152666667,7a42084f-7af4-4133-832d-6318db28d483
Search,12,,#O A man d looks at the computer,"Head movement (visual search), hands mostly still.",r001,Walking Outdoors,Gold,,908.2104152666668,7a42084f-7af4-4133-832d-6318db28d483
Stationary,12,Object Transfer,#O A man d moves the book,"The action described does not indicate movement or a core task, suggesting the person is holding or placing the book while likely standing or sitting still.",r001,Walking Outdoors,Bad,,1149.8667719333332,7a42084f-7af4-4133-832d-6318db28d483
Stationary,12,Essential Operation,#O A man d touches the book,"The action describes a man touching a book, which is a stationary activity with low body and hand motion.",r001,Walking Outdoors,Bad,,1254.0668419333333,7a42084f-7af4-4133-832d-6318db28d483
Stationary,12,,#C C points the laptop,Pointing typically involves minimal body movement and is a static action.,r001,Walking Outdoors,Gold,,1553.225511933333,7a42084f-7af4-4133-832d-6318db28d483
Locomotion,12,Object Transfer,#O A man d picks the #unsure,"The action involves movement through space, indicative of walking.",r001,Walking Outdoors,Bad,,1626.8325885999998,7a42084f-7af4-4133-832d-6318db28d483
Stationary,12,Essential Operation,#C C writes down,"Writing is a low-energy, stationary activity.",r001,Walking Outdoors,Bad,,1801.4753586,7a42084f-7af4-4133-832d-6318db28d483
Essential Operation,12,,#C C dips the paint roller into a bucket with both hands #Unsure,Core task involving high hand activity.,r001,Carpentry,Gold,,528.8023910806568,7b696849-45f1-460f-a550-d70dc212e8b7
Essential Operation,12,,#C C paints the wall with the paint roller in both hands #Unsure,Core task involving high hand activity.,r001,Carpentry,Gold,,622.0551310806568,7b696849-45f1-460f-a550-d70dc212e8b7
Object Transfer,12,Essential Operation,#C C dips the paint roller inside the bucket of water.,Logistics step involving the transfer of the paint roller into the bucket.,r001,Carpentry,Bad,,832.4390110806568,7b696849-45f1-460f-a550-d70dc212e8b7
Essential Operation,12,,#C C cleans a wall using the paint roller.,Core task involving high hand activity.,r001,Carpentry,Gold,,907.6865910806569,7b696849-45f1-460f-a550-d70dc212e8b7
Essential Operation,12,,#C C scrapes the wall with a scraper in his right hand.,Core manual task involving high hand activity.,r001,Carpentry,Gold,,936.4951310806568,7b696849-45f1-460f-a550-d70dc212e8b7
Essential Operation,12,,#C C dips the sponge in a bucket of water with his right hand.,Core manual task involving high hand activity.,r001,Carpentry,Gold,,1035.8686510806567,7b696849-45f1-460f-a550-d70dc212e8b7
Essential Operation,12,,#C C scrubs the wall with the sponge in his right hand.,Core task involving high hand activity.,r001,Carpentry,Gold,,1067.2477007473235,7b696849-45f1-460f-a550-d70dc212e8b7
Object Transfer,12,Essential Operation,#C C dips the foam in his right hand inside the bucket of water on the floor.,"The action involves picking up and transferring the foam into water, which is a logistics step.",r001,Carpentry,Bad,,1113.2475342879968,7b696849-45f1-460f-a550-d70dc212e8b7
Essential Operation,12,,#C C scrubs the wall with the foam in his right hand.,Core manual task involving high hand activity.,r001,Carpentry,Gold,,1115.1388642879967,7b696849-45f1-460f-a550-d70dc212e8b7
Essential Operation,12,,#C C washes the foam with both hands in the water inside the bucket on the floor.,Core manual task involving high hand activity.,r001,Carpentry,Gold,,1121.2539442879968,7b696849-45f1-460f-a550-d70dc212e8b7
Essential Operation,12,,#C C soaks the foam in water in a bucket.,"Core task involving manipulation with hands, high hand activity.",r001,Carpentry,Gold,,1411.1230042879968,7b696849-45f1-460f-a550-d70dc212e8b7
Object Transfer,12,,#C C takes a scraper from a bench,"Logistics/Setup step, picking up an object.",r001,Carpentry,Gold,,1478.9148942879967,7b696849-45f1-460f-a550-d70dc212e8b7
Essential Operation,12,,#C C scrapes the wall with the scraper.,Core task involving manual labor with high hand activity.,r001,Carpentry,Gold,,1563.205444287997,7b696849-45f1-460f-a550-d70dc212e8b7
Search,12,Stationary,#C C feels the wall with left hand.,"The action involves a visual or tactile search with the hand, indicating a focus on sensing rather than performing a core task or moving objects.",r001,Carpentry,Bad,,1617.9761189546634,7b696849-45f1-460f-a550-d70dc212e8b7
Object Transfer,12,Stationary,#C C takes his left hand off the tap,The action involves a change in the state of the object (removing hand from the tap).,r001,Carpentry,Bad,,1827.0310309546635,7b696849-45f1-460f-a550-d70dc212e8b7
Object Transfer,12,Locomotion,#C C returns to the room with both buckets in both hands.,Logistics step involving picking up and carrying objects.,r001,Carpentry,Bad,,1859.8107309546635,7b696849-45f1-460f-a550-d70dc212e8b7
Locomotion,12,Stationary,#C C kicks dirt on the floor with his right foot.,"Body moving through space, causing high body acceleration.",r001,Carpentry,Bad,,1899.247030954664,7b696849-45f1-460f-a550-d70dc212e8b7
Locomotion,12,,#C C walks towards the plank in the center of the room.,"Movement through space, indicative of walking.",r001,Carpentry,Gold,,2110.9541356213304,7b696849-45f1-460f-a550-d70dc212e8b7
Essential Operation,12,,#C C wipes the wall with the foam.,Core task involving high hand activity.,r001,Carpentry,Gold,,2197.5844676213305,7b696849-45f1-460f-a550-d70dc212e8b7
Essential Operation,12,,#C C scrubs the floor of the bathroom with the floor brush in both hands.,Core manual task involving high hand activity.,r001,Carpentry,Gold,,2640.3643576213303,7b696849-45f1-460f-a550-d70dc212e8b7
Locomotion,12,,#C C climbs up the ladder.,Body moving through space (climbing).,r001,Carpentry,Gold,,2688.127502287997,7b696849-45f1-460f-a550-d70dc212e8b7
Essential Operation,12,,#C C cleans the wall with the roller,Core task involving high hand activity.,r001,Carpentry,Gold,,2960.984974287997,7b696849-45f1-460f-a550-d70dc212e8b7
Object Transfer,12,,#C C removes the foam sponge from the bucket of water on the ladder.,"The action involves picking up and moving an object, which is a logistics step.",r001,Carpentry,Gold,,3000.3886242879967,7b696849-45f1-460f-a550-d70dc212e8b7
Essential Operation,12,,#C C cleans the wall with the sponge in his right hand.,Core manual task involving high hand activity.,r001,Carpentry,Gold,,3007.3661442879966,7b696849-45f1-460f-a550-d70dc212e8b7
Stationary,12,Essential Operation,#C C touches the wall with his left hand.,"Low body/hand motion, likely to be feeling the wall or checking a position.",r001,Carpentry,Bad,,3021.524034287997,7b696849-45f1-460f-a550-d70dc212e8b7
Object Transfer,12,,#C C drops the broom beside the brush on the wall.,"[CtxFixed] The action of dropping the broom beside the brush on the wall indicates a deliberate placement of the broom, which fits the criteria for 'Object Transfer'.",r001,Carpentry,Gold,,3127.725504287997,7b696849-45f1-460f-a550-d70dc212e8b7
Essential Operation,12,,#C C dips the sponge into the bucket of water.,Core task involving manual activity with the hands.,r001,Carpentry,Gold,,3218.216118954663,7b696849-45f1-460f-a550-d70dc212e8b7
Object Transfer,12,,#C C passes the sponge to his right hand.,"The action involves transferring an object from one hand to another, which is a logistical step.",r001,Carpentry,Gold,,3255.561970954663,7b696849-45f1-460f-a550-d70dc212e8b7
Essential Operation,12,,#C C scrubs the wall of the bathroom with the sponge in his left hand.,Core manual task involving high hand activity.,r001,Carpentry,Gold,,3318.661970954663,7b696849-45f1-460f-a550-d70dc212e8b7
Stationary,12,Essential Operation,#C C touches the right hand tip of his t-shirt with his left hand.,"Low body/hand motion, likely a minor adjustment or check.",r001,Carpentry,Bad,,3346.1963209546634,7b696849-45f1-460f-a550-d70dc212e8b7
Object Transfer,12,Essential Operation,#C C dips the sponge in his left hand into the bucket of water on the ladder.,"The action involves picking up and moving the sponge, which is a logistics step.",r001,Carpentry,Bad,,3418.352970954664,7b696849-45f1-460f-a550-d70dc212e8b7
Object Transfer,12,Essential Operation,#C C dips the sponge in his right hand into the bucket of water on the ladder.,"The action involves picking up and moving the sponge, which is a logistics step.",r001,Carpentry,Bad,,3467.238190954663,7b696849-45f1-460f-a550-d70dc212e8b7
Stationary,12,Essential Operation,#C C wipes the wall with his left hand.,"Low body/hand motion, cleaning/wiping action.",r001,Carpentry,Bad,,3586.049680954663,7b696849-45f1-460f-a550-d70dc212e8b7
Essential Operation,12,,#C C paints the wall with a roller,Core task involving repetitive hand movements.,r001,Carpentry,Gold,,3815.4215776213296,7b696849-45f1-460f-a550-d70dc212e8b7
Essential Operation,12,,#C C dips the roller paint brush into the water in the bucket with his right hand. #unsure,Core task involving manual dexterity with the hand.,r001,Carpentry,Gold,,4062.3609976213297,7b696849-45f1-460f-a550-d70dc212e8b7
Object Transfer,12,,#C C removes the roller paint brush from the wall.,Logistics/Setup step (removing an object).,r001,Carpentry,Gold,,4082.7703776213298,7b696849-45f1-460f-a550-d70dc212e8b7
Object Transfer,12,,#C C removes the sponge from the wall with his right hand.,Logistics step involving picking up an object.,r001,Carpentry,Gold,,4198.0883776213295,7b696849-45f1-460f-a550-d70dc212e8b7
Object Transfer,12,,#C C removes the sponge from the bucket of water with his right hand.,Logistics step involving picking up the sponge.,r001,Carpentry,Gold,,4211.20767762133,7b696849-45f1-460f-a550-d70dc212e8b7
Object Transfer,12,Essential Operation,#C C dips the sponge into the bucket of water with his right hand.,Logistics step involving the transfer of the sponge into the hand.,r001,Carpentry,Bad,,4238.336142287996,7b696849-45f1-460f-a550-d70dc212e8b7
Essential Operation,12,,#C C cleans the floor with the sponge in his right hand.,Core task involving high hand activity.,r001,Carpentry,Gold,,4296.070372287996,7b696849-45f1-460f-a550-d70dc212e8b7
Essential Operation,12,,#C C wipes the floor with the foam.,Core manual task involving high hand activity.,r001,Carpentry,Gold,,4320.392694287996,7b696849-45f1-460f-a550-d70dc212e8b7
Essential Operation,12,,#C C squeezes the foam.,"Core task involving manual effort, high hand activity.",r001,Carpentry,Gold,,4370.929594287996,7b696849-45f1-460f-a550-d70dc212e8b7
Essential Operation,12,,#C C rinses the foam in the bucket of water.,Core task involving manual activity with hands.,r001,Carpentry,Gold,,4488.046964287996,7b696849-45f1-460f-a550-d70dc212e8b7
Essential Operation,12,,#C C rinses the foam in the bucket of water with both hands.,Core task involving high hand activity.,r001,Carpentry,Gold,,4567.7573842879965,7b696849-45f1-460f-a550-d70dc212e8b7
Stationary,12,,#C C holds the scraper in her right hand.,"Low body/hand motion, holding an object without movement.",r001,Carpentry,Gold,,4602.839084287996,7b696849-45f1-460f-a550-d70dc212e8b7
Stationary,12,,#C C holds her right thumb with her left hand.,"Low body/hand motion, holding position.",r001,Carpentry,Gold,,4717.0332342879965,7b696849-45f1-460f-a550-d70dc212e8b7
Essential Operation,12,,#C C rubs her left hand on the wall.,"[CtxFixed] The action of rubbing her hand on the wall is likely part of the cleaning or scraping process, making it an essential operation.",r001,Carpentry,Gold,,4765.339304287996,7b696849-45f1-460f-a550-d70dc212e8b7
Essential Operation,12,,#C C rinses the scraper in the bucket of water.,"Core task involving manual operation with hands, likely high hand acceleration.",r001,Carpentry,Gold,,4773.997368954662,7b696849-45f1-460f-a550-d70dc212e8b7
Object Transfer,12,,#C C picks the try square from the workshop table with his right hand.,Logistics step of picking up an object.,r001,Carpentry,Gold,,188.24351,8491af2d-7226-4563-adcc-1e06da2cd763
Essential Operation,12,,#C C cuts the piece of wood with the circular saw with both hands.,Core manual task with high hand activity.,r001,Carpentry,Gold,,267.71719,8491af2d-7226-4563-adcc-1e06da2cd763
Object Transfer,12,,#C C passes the pencil from his left hand to his right hand.,"Logistics step, transferring an object from one hand to another.",r001,Carpentry,Gold,,361.96208,8491af2d-7226-4563-adcc-1e06da2cd763
Object Transfer,12,,#C C retracts the tape rule with his right hand.,"The action involves moving an object (tape rule), which is a logistics step.",r001,Carpentry,Gold,,382.32379,8491af2d-7226-4563-adcc-1e06da2cd763
Object Transfer,12,,#C C removes the electric sander from piece of wood.,Logistics action of removing an object from a surface.,r001,Carpentry,Gold,,477.12999,8491af2d-7226-4563-adcc-1e06da2cd763
Search,12,,#C C checks an angle of the piece of wood with the try square in both hands.,Visual inspection with head and hand movement.,r001,Carpentry,Gold,,495.13566,8491af2d-7226-4563-adcc-1e06da2cd763
Essential Operation,12,,#C C turns the piece of wood with his left hand.,Core task involving high hand activity.,r001,Carpentry,Gold,,531.72844,8491af2d-7226-4563-adcc-1e06da2cd763
Essential Operation,12,,#C C draws a line on the side of the piece of wood with the pencil in his right hand.,Core task involving fine hand movement with a pencil.,r001,Carpentry,Gold,,551.0427346666667,8491af2d-7226-4563-adcc-1e06da2cd763
Stationary,12,,#C C raises the try square with his left hand.,"The action involves raising an object, but does not imply continuous motion or transfer. It is more of a preparatory action for a subsequent task.",r001,Carpentry,Gold,,561.5965466666667,8491af2d-7226-4563-adcc-1e06da2cd763
Essential Operation,12,,#C C turns the piece of wood with his right hand.,Core task involving high hand activity.,r001,Carpentry,Gold,,628.3893666666667,8491af2d-7226-4563-adcc-1e06da2cd763
Object Transfer,12,,#C C places the card on the piece of wood with his right hand. #Unsure,"The action involves picking up and placing an object, which is a logistics step.",r001,Carpentry,Gold,,632.2638966666667,8491af2d-7226-4563-adcc-1e06da2cd763
Object Transfer,12,,#C C picks a piece of wood from the floor with his right hand.,Logistics step involving picking up an object.,r001,Carpentry,Gold,,714.1831766666667,8491af2d-7226-4563-adcc-1e06da2cd763
Essential Operation,12,,#C C flips the pencil with his right hand.,"[CtxFixed] Flipping the pencil is likely an essential step in using the pencil, such as preparing it for writing or ensuring the correct end is facing up.",r001,Carpentry,Gold,,744.1493566666667,8491af2d-7226-4563-adcc-1e06da2cd763
Object Transfer,12,,#C C picks the tape rule from the workshop table with his left hand.,"The action involves picking up an object, which is a logistics step.",r001,Carpentry,Gold,,814.0494466666667,8491af2d-7226-4563-adcc-1e06da2cd763
Essential Operation,12,,#C C unlocks the phone,Core manual task involving fine motor skills.,r001,Desk Work,Gold,,90.81894,8519778b-f5f1-4e6f-8426-c6a7fe262920
Essential Operation,12,,#C C operates the iPad,"Core manual task involving interaction with a device, high hand activity.",r001,Desk Work,Gold,,361.61627,8519778b-f5f1-4e6f-8426-c6a7fe262920
Object Transfer,12,,#C C places the iPad pen on the iPad,Logistics step involving placing an object.,r001,Desk Work,Gold,,410.57447,8519778b-f5f1-4e6f-8426-c6a7fe262920
Essential Operation,12,,#C C writes on the iPad,Core manual task involving high hand activity.,r001,Desk Work,Gold,,438.86478,8519778b-f5f1-4e6f-8426-c6a7fe262920
Object Transfer,12,,#C C puts the iPad pen on the iPad,Logistics step involving placing an object.,r001,Desk Work,Gold,,448.4717,8519778b-f5f1-4e6f-8426-c6a7fe262920
Search,12,,#C C looks at the iPad,"Head movement (visual inspection), hands mostly still.",r001,Desk Work,Gold,,562.7890966666666,8519778b-f5f1-4e6f-8426-c6a7fe262920
Search,12,,#C C looks around the desk,"Head movement (visual search), hands mostly still.",r001,Desk Work,Gold,,901.8695866666668,8519778b-f5f1-4e6f-8426-c6a7fe262920
Object Transfer,12,,#C C moves the laptop in front,Moving an object (laptop) to a new position.,r001,Desk Work,Gold,,3463.44339,8519778b-f5f1-4e6f-8426-c6a7fe262920
Locomotion,12,,#O A man Y walks in the field,"Body moving through space, indicative of walking.",r001,Walking Outdoors,Gold,,49.309,8a6a3316-d682-4a76-81db-b244081765c9
Locomotion,12,,#C C walks at the field,"Body moving through space, indicative of walking.",r001,Walking Outdoors,Gold,,62.32158,8a6a3316-d682-4a76-81db-b244081765c9
Locomotion,12,,#C C walks in the golf field,"Body moving through space, high body acceleration.",r001,Walking Outdoors,Gold,,624.2939533333333,8a6a3316-d682-4a76-81db-b244081765c9
Object Transfer,12,Essential Operation,#C C grabs the golf stick,Logistics step involving picking up the golf stick.,r001,Walking Outdoors,Bad,,729.5090133333333,8a6a3316-d682-4a76-81db-b244081765c9
Locomotion,12,,#O B pulls the golf,"Body moving through space (walking), high body acceleration.",r001,Walking Outdoors,,Skip,1635.1744,8a6a3316-d682-4a76-81db-b244081765c9
Essential Operation,12,,#C C plays golf,Core manual task involving high hand activity (swinging the golf club).,r001,Walking Outdoors,Gold,,1641.68583,8a6a3316-d682-4a76-81db-b244081765c9
Object Transfer,12,,#O D grabs the golf ball,"The action involves picking up an object, which is a logistics step.",r001,Walking Outdoors,Gold,,1686.53862,8a6a3316-d682-4a76-81db-b244081765c9
Locomotion,12,,#O B alights,"Body moving through space, indicative of walking.",r001,Walking Outdoors,Gold,,2127.217329333333,8a6a3316-d682-4a76-81db-b244081765c9
Stationary,12,Essential Operation,#O B operates the phone,Operating the phone suggests a hand activity with minimal body movement.,r001,Walking Outdoors,Bad,,2163.881769333333,8a6a3316-d682-4a76-81db-b244081765c9
Locomotion,12,,#O B walks,Body moving through space (walking).,r001,Walking Outdoors,Gold,,2183.064413333333,8a6a3316-d682-4a76-81db-b244081765c9
Object Transfer,12,,#C C removes one piece of the wipe from the group,"Logistics/Setup step, picking up a small object.",r001,Cleaning,Gold,,18.2650786,8af2ed7d-4435-40ce-b3cc-685f28bfcb2d
Essential Operation,12,,#C C cleans the splash spot bowl with a wipe,"Core manual task involving cleaning, high hand activity.",r001,Cleaning,Gold,,130.3980786,8af2ed7d-4435-40ce-b3cc-685f28bfcb2d
Essential Operation,12,,#C C bends the dustbin,Core manual task involving high hand activity.,r001,Cleaning,Gold,,270.2006286,8af2ed7d-4435-40ce-b3cc-685f28bfcb2d
Essential Operation,12,,#C C wipes bathroom cabinet,"Core cleaning task, high hand activity.",r001,Cleaning,Gold,,466.378909285078,8af2ed7d-4435-40ce-b3cc-685f28bfcb2d
Object Transfer,12,,#C C picks a tooth brush from the bathroom cabinet,"Logistics/Setup step, picking up an object.",r001,Cleaning,Gold,,521.2823792850779,8af2ed7d-4435-40ce-b3cc-685f28bfcb2d
Object Transfer,12,,#C C picks a bag of #unsure on the bathroom cabinet,Logistics step involving picking up an object.,r001,Cleaning,Gold,,525.193549285078,8af2ed7d-4435-40ce-b3cc-685f28bfcb2d
Object Transfer,12,,#c c puts phone where carpet is,Logistics step involving picking up and placing an object.,r001,Cleaning,Gold,,1189.2104876608723,8af2ed7d-4435-40ce-b3cc-685f28bfcb2d
Essential Operation,12,,#C C fixes back the fuse to the wall with both hands.,Core manual task involving high hand activity.,r001,Carpentry,Gold,,8.731609599999999,8bcd5b11-283d-41f9-9b34-8f70b75c2de9
Object Transfer,12,,#C arranges the cards on the table,"Logistics of moving and arranging objects, short bursts of hand activity.",r001,Playing Instrument,Gold,,38.7360086,913b4f05-ec61-409a-bdef-f3c1cc0f6ae0
Stationary,12,,#O man Z holds the yellow #unsure with both hands.,The action describes holding an object without any significant movement.,r001,Playing Instrument,Gold,,343.8508492852933,913b4f05-ec61-409a-bdef-f3c1cc0f6ae0
Stationary,12,Object Transfer,#O man Z arranges the card on the table.,"The action describes arranging cards on a table, which involves minimal body movement.",r001,Playing Instrument,Bad,,403.5626192852933,913b4f05-ec61-409a-bdef-f3c1cc0f6ae0
Object Transfer,12,,#C C picks a black #unsure from the cards.,"The action involves picking up an object, which is a logistics step.",r001,Playing Instrument,Gold,,439.7611492852933,913b4f05-ec61-409a-bdef-f3c1cc0f6ae0
Object Transfer,12,,#O man Z picks a card from the table.,Action involves picking up an object from the table.,r001,Playing Instrument,Gold,,461.1851092852933,913b4f05-ec61-409a-bdef-f3c1cc0f6ae0
Object Transfer,12,,#O man Z puts the card on the table.,"The action involves placing an object (card) on a surface (table), which is a logistics step.",r001,Playing Instrument,Gold,,469.3612692852933,913b4f05-ec61-409a-bdef-f3c1cc0f6ae0
Essential Operation,12,,#O man Z rubs his fingers.,Core manual task involving high hand activity.,r001,Playing Instrument,Gold,,478.9691792852933,913b4f05-ec61-409a-bdef-f3c1cc0f6ae0
Essential Operation,12,,#C C plays jigsaw puzzle game on the table,"Core manual task involving hands, likely with repetitive motions.",r001,Playing Instrument,Gold,,955.2626320040624,913b4f05-ec61-409a-bdef-f3c1cc0f6ae0
Stationary,12,Essential Operation,#C C plays jigsaw puzzle game on the table,Playing a game typically involves minimal body movement and is a relatively stationary activity.,r001,Playing Instrument,Bad,,1005.0008720040624,913b4f05-ec61-409a-bdef-f3c1cc0f6ae0
Essential Operation,12,,#O O tabs the table with the tile,Core task involving high hand activity.,r001,Playing Instrument,Gold,,1125.9245767689451,913b4f05-ec61-409a-bdef-f3c1cc0f6ae0
Stationary,12,Essential Operation,#O a person X plays the chess game,Playing a chess game involves minimal body movement and is primarily a cognitive task.,r001,Playing Instrument,Bad,,5.8027286,97dcbd5f-6f17-4208-8129-0dbd5a9ff89d
Stationary,12,,#O a person X laughs with the person Y and C,"Low body/hand motion, indicative of social interaction.",r001,Playing Instrument,Gold,,169.7849886,97dcbd5f-6f17-4208-8129-0dbd5a9ff89d
Search,12,,#C C looks at the charger,"Head movement (visual search), hands mostly still.",r001,Playing Instrument,Gold,,365.921258702702,97dcbd5f-6f17-4208-8129-0dbd5a9ff89d
Stationary,12,,#O a person X returns the hand,"Low body/hand motion, likely preparing to play or pausing.",r001,Playing Instrument,Gold,,426.8659687027021,97dcbd5f-6f17-4208-8129-0dbd5a9ff89d
Stationary,12,Essential Operation,#C C plays the chess game,"Low body/hand motion, primarily cognitive activity.",r001,Playing Instrument,Bad,,572.8369521677084,97dcbd5f-6f17-4208-8129-0dbd5a9ff89d
Stationary,12,Essential Operation,#C C touches the chess game,"Low body/hand motion, likely involves minimal movement.",r001,Playing Instrument,Bad,,658.3916121677084,97dcbd5f-6f17-4208-8129-0dbd5a9ff89d
Object Transfer,12,,#C C puts chess piece on the chair,"Logistics/Setup step, placing an object.",r001,Playing Instrument,Gold,,824.4232117399415,97dcbd5f-6f17-4208-8129-0dbd5a9ff89d
Stationary,12,,#O a person X sits on the chair,"The action describes a person sitting, which involves low body and hand motion.",r001,Playing Instrument,Gold,,833.7346517399415,97dcbd5f-6f17-4208-8129-0dbd5a9ff89d
Stationary,12,Object Transfer,#C C pulls the chess game,The action 'pulls the chess game' suggests a setup or preparatory motion which is likely low in energy and does not involve significant body or hand movement.,r001,Playing Instrument,Bad,,837.2175617399415,97dcbd5f-6f17-4208-8129-0dbd5a9ff89d
Stationary,12,Essential Operation,#C C touches the chess piece,"The action involves a touch, which is a low-energy interaction.",r001,Playing Instrument,Bad,,1081.7998517399417,97dcbd5f-6f17-4208-8129-0dbd5a9ff89d
Essential Operation,12,,#C C interacts with X,Interacting with an instrument typically involves high hand activity and precise movements.,r001,Playing Instrument,Gold,,1212.9235653610676,97dcbd5f-6f17-4208-8129-0dbd5a9ff89d
Stationary,12,,#O A woman X unhands the pawn,"The action described seems to be an attempt at a non-standard description of an action that likely involves a stationary or low-motion activity, possibly setting down an object or pausing while playing an instrument.",r001,Playing Instrument,Gold,,1287.8044653610675,97dcbd5f-6f17-4208-8129-0dbd5a9ff89d
Object Transfer,12,Stationary,#C C unhands the pawn,"The action involves transferring an object (unhanding the pawn), which is a logistics step.",r001,Playing Instrument,Bad,,1349.4573553610676,97dcbd5f-6f17-4208-8129-0dbd5a9ff89d
Object Transfer,12,Essential Operation,#C C opens a front car door,"Logistics action of opening a car door, involving short bursts of hand activity.",r001,Walking Outdoors,Bad,,49.03604,98172f49-6b2b-4376-8e88-b80f64a2e1f2
Stationary,12,Essential Operation,#C C presses a car button,"Pressing a button is a brief, stationary action with minimal body movement.",r001,Walking Outdoors,Bad,,60.33357,98172f49-6b2b-4376-8e88-b80f64a2e1f2
Locomotion,12,,#C C walks in a basement,"Body moving through space, indicative of walking.",r001,Walking Outdoors,Gold,,487.8244,98172f49-6b2b-4376-8e88-b80f64a2e1f2
Object Transfer,12,,#C C places a MacBook on the table,Logistics action of placing an object.,r001,Walking Outdoors,Gold,,744.5546066666667,98172f49-6b2b-4376-8e88-b80f64a2e1f2
Object Transfer,12,,#C C drops the screw driver on the lift with his right hand.,"[CtxFixed] The action involves moving the screwdriver from the motorcycle to the lift, which is a deliberate placement.",r001,Mechanical Repair,Gold,,123.84158,9da4b8a6-d09f-433e-ab23-96032e2b7aa7
Object Transfer,12,Essential Operation,#C C closes the laundry bin.,Logistics step involving closing an object.,r001,Cleaning,Bad,,24.286828600000003,9feaaf23-d622-479e-9c40-c396e86b4d18
Essential Operation,12,,#C C operates the phone on the the table with her left hand.,"Core task involving manual operation, likely with high hand activity.",r001,Cooking,Gold,,108.8993996,a9c13069-d229-4e09-92e8-bd6cf3c3448a
Object Transfer,12,,#C C picks a wrapped dough from the table.,Logistics step involving picking up an object.,r001,Cooking,Gold,,359.1346209546634,a9c13069-d229-4e09-92e8-bd6cf3c3448a
Object Transfer,12,,#C C drops the napkins on the cabinet.,"[CtxFixed] The action of dropping the napkins onto the cabinet is a deliberate placement of an object, which fits the definition of 'Object Transfer'.",r001,Cooking,Gold,,550.1633509546633,a9c13069-d229-4e09-92e8-bd6cf3c3448a
Object Transfer,12,,#C C drops the sponge in the sink with right hand.,Refined via regex fallback,r001,Cooking,Gold,,678.3042809546635,a9c13069-d229-4e09-92e8-bd6cf3c3448a
Essential Operation,12,,#C C washes bowl with sponge with both hands.,Core manual task involving high hand activity.,r001,Cooking,Gold,,688.9773309546633,a9c13069-d229-4e09-92e8-bd6cf3c3448a
Object Transfer,12,,#C C picks the sieve in the sink with right hand.,Logistics step involving picking up an object.,r001,Cooking,Gold,,712.1369809546634,a9c13069-d229-4e09-92e8-bd6cf3c3448a
Object Transfer,12,Essential Operation,#C C opens faucet with left hand.,Logistics action involving opening a faucet.,r001,Cooking,Bad,,742.5148009546634,a9c13069-d229-4e09-92e8-bd6cf3c3448a
Object Transfer,12,,#C C returns the fork to storage with his right hand.,Logistics/Setup step involving placing the fork back into storage.,r001,Cooking,Gold,,857.8756209546634,a9c13069-d229-4e09-92e8-bd6cf3c3448a
Object Transfer,12,,#C C places the food item close to the pot on the table with both hands. #Unsure,"The action involves moving an object to a specific location, which corresponds to logistics or setup steps.",r001,Cooking,Gold,,890.2424909546634,a9c13069-d229-4e09-92e8-bd6cf3c3448a
Object Transfer,12,,#C C drops remote on the table with right hand. #Unsure,Refined via regex fallback,r001,Cooking,Gold,,1076.4928509546633,a9c13069-d229-4e09-92e8-bd6cf3c3448a
Essential Operation,12,,#C C puts his hand in the pot.,"Direct interaction with the cooking process, high hand activity.",r001,Cooking,Gold,,1108.7089309546632,a9c13069-d229-4e09-92e8-bd6cf3c3448a
Locomotion,12,,#C C moves towards the shelf in the kitchen.,"Body moving through space, indicative of walking or moving towards a destination.",r001,Cooking,Gold,,1191.3713009546632,a9c13069-d229-4e09-92e8-bd6cf3c3448a
Object Transfer,12,,#C C picks the mixer.,"Logistics/Setup step, picking up an object.",r001,Cooking,Gold,,1209.3648209546632,a9c13069-d229-4e09-92e8-bd6cf3c3448a
Essential Operation,12,,#C C cleans the counter with the tissue paper.,Core task involving manual effort and hand activity.,r001,Cooking,Gold,,1214.0538009546633,a9c13069-d229-4e09-92e8-bd6cf3c3448a
Object Transfer,12,,#C C drops the mixer on the on the toaster.,"[CtxFixed] The action involves C dropping the mixer onto the toaster, which is a deliberate placement of an object onto a surface.",r001,Cooking,Gold,,1217.686630954663,a9c13069-d229-4e09-92e8-bd6cf3c3448a
Stationary,12,Essential Operation,#C C turns off the burner.,"Low body/hand motion, possibly involves pressing a button or turning a knob.",r001,Cooking,Bad,,1387.4640509546632,a9c13069-d229-4e09-92e8-bd6cf3c3448a
Essential Operation,12,,#C C mixes the pudding with the fork.,Core task involving high hand activity.,r001,Cooking,Gold,,1469.417350954663,a9c13069-d229-4e09-92e8-bd6cf3c3448a
Essential Operation,12,,#C C rinses his hand in the tap.,Core task involving hand movement and activity.,r001,Cooking,Gold,,1485.1466709546633,a9c13069-d229-4e09-92e8-bd6cf3c3448a
Essential Operation,12,,#C C wipes the pasta off the spatula with her hand.,Core task involving high hand activity.,r001,Cooking,Gold,,1620.9619109546632,a9c13069-d229-4e09-92e8-bd6cf3c3448a
Essential Operation,12,,#C C scraps the mashed oats off the spatula with both hands. #Unsure,Core task involving high hand activity.,r001,Cooking,Gold,,1661.979720954663,a9c13069-d229-4e09-92e8-bd6cf3c3448a
Object Transfer,12,,#C C drops the cooking tong in the bowl with his right hand.,Refined via regex fallback,r001,Cooking,Gold,,1746.344250954663,a9c13069-d229-4e09-92e8-bd6cf3c3448a
Essential Operation,12,,#C C smoothens the mashed oats with the spoon with his right hand. #Unsure,Core task involving high hand activity.,r001,Cooking,Gold,,1842.4312109546631,a9c13069-d229-4e09-92e8-bd6cf3c3448a
Essential Operation,12,,#C C pour some liquid soap on the sponge.,"Core task involving manual pouring, high hand activity.",r001,Cooking,Gold,,1961.917460954663,a9c13069-d229-4e09-92e8-bd6cf3c3448a
Object Transfer,12,,#C C picks the sponge in the bowl.,Logistics step involving picking up an object.,r001,Cooking,Gold,,2036.9172409546632,a9c13069-d229-4e09-92e8-bd6cf3c3448a
Object Transfer,12,,#C C drops the frying pan on the stander on the microwave.,"[CtxFixed] The action involves deliberately placing the frying pan onto the stander on the microwave, which fits the criteria for a deliberate placement.",r001,Cooking,Gold,,2156.311640954664,a9c13069-d229-4e09-92e8-bd6cf3c3448a
Object Transfer,12,Essential Operation,#C C pours the water in the pot into the sink.,Logistics step involving pouring from one container to another.,r001,Cooking,Bad,,2186.9593909546634,a9c13069-d229-4e09-92e8-bd6cf3c3448a
Object Transfer,12,Essential Operation,#C C unplugs the mixer power base from the socket. #unsure,Logistics action involving a hand-held object (unplugging).,r001,Cooking,Bad,,2229.824890954664,a9c13069-d229-4e09-92e8-bd6cf3c3448a
Object Transfer,12,,#C C puts the cup inside the rack,Logistics step involving the placement of an object.,r001,Cleaning,Gold,,114.3353786,a9e20b99-1b55-4b0c-ba84-415289646fca
Essential Operation,12,,#C C scrubs the cooking pan,Core task involving high hand activity.,r001,Cleaning,Gold,,150.45131859999998,a9e20b99-1b55-4b0c-ba84-415289646fca
Essential Operation,12,,#C C rinses the cooking pot,Core manual task involving high hand activity.,r001,Cleaning,Gold,,214.4477886,a9e20b99-1b55-4b0c-ba84-415289646fca
Essential Operation,12,,#C C scrubs the measuring jar,Core manual task involving high hand activity.,r001,Cleaning,Gold,,249.7660486,a9e20b99-1b55-4b0c-ba84-415289646fca
Locomotion,12,,#C C cycles away from a cyclist Y.,"Body moving through space (cycling), high body acceleration.",r001,Walking Outdoors,Gold,,837.37393,ac66d197-8177-45cb-a75c-1a870321b58e
Locomotion,12,,#C The skater B skates past C.,"Body moving through space, high body acceleration.",r001,Walking Outdoors,Gold,,908.9426,ac66d197-8177-45cb-a75c-1a870321b58e
Locomotion,12,,#C C cycles away towards a skater B.,"Body moving through space, indicating movement or travel.",r001,Walking Outdoors,Gold,,908.9426,ac66d197-8177-45cb-a75c-1a870321b58e
Locomotion,12,,#C A cyclist B cycles past C.,"The action involves movement through space, specifically cycling.",r001,Walking Outdoors,Gold,,1318.4692733333334,ac66d197-8177-45cb-a75c-1a870321b58e
Locomotion,12,,#C A cyclist Y cycles towards C.,"Movement through space, indicative of cycling which involves significant whole-body acceleration.",r001,Walking Outdoors,Gold,,1437.1789633333333,ac66d197-8177-45cb-a75c-1a870321b58e
Locomotion,12,,#C C cycles ahead of cyclist X.,"Cycling involves movement through space, high body acceleration.",r001,Walking Outdoors,Gold,,1904.2371666666668,ac66d197-8177-45cb-a75c-1a870321b58e
Locomotion,12,,#O A cyclist X cycles on a road with a bicycle.,"Body moving through space (cycling), high body acceleration.",r001,Walking Outdoors,Gold,,1907.4714266666667,ac66d197-8177-45cb-a75c-1a870321b58e
Locomotion,12,,#C A white bus drives past C.,"Body moving through space, likely walking to continue outdoor activity.",r001,Walking Outdoors,,Skip,2069.349236666667,ac66d197-8177-45cb-a75c-1a870321b58e
Search,12,Stationary,#O The cyclist X raises his right hand to his head.,"Head movement (raising hand to head), hands and body otherwise stationary.",r001,Walking Outdoors,Bad,,2127.764886,ac66d197-8177-45cb-a75c-1a870321b58e
Stationary,12,,#C C gesticulates with his left hand.,"Low body motion, focused hand gesture.",r001,Walking Outdoors,Gold,,2128.532966,ac66d197-8177-45cb-a75c-1a870321b58e
Locomotion,12,Stationary,#O The cyclist X places his right hand on the handlebar of the bicycle..,"The action describes a preparatory movement for cycling, which is a form of locomotion.",r001,Walking Outdoors,Bad,,2142.848086,ac66d197-8177-45cb-a75c-1a870321b58e
Locomotion,12,,#O The cyclist X cycles on the road with both legs on the bicycle.,"Body moving through space, indicative of movement involving cycling.",r001,Walking Outdoors,Gold,,2146.809066,ac66d197-8177-45cb-a75c-1a870321b58e
Locomotion,12,,#C A blue car drives past C.,The action implies C is moving through space while observing the car.,r001,Walking Outdoors,,Skip,2853.9824833333328,ac66d197-8177-45cb-a75c-1a870321b58e
Locomotion,12,,#C A cyclist Y cycles past C.,"The action involves movement through space, specifically cycling which is a form of locomotion.",r001,Walking Outdoors,Gold,,3004.146363333333,ac66d197-8177-45cb-a75c-1a870321b58e
Locomotion,12,,#O The cyclist X cycles into a garage.,"Body moving through space, in this case, cycling into a garage.",r001,Walking Outdoors,Gold,,3169.678993333333,ac66d197-8177-45cb-a75c-1a870321b58e
Object Transfer,12,,#C C takes the cooking pan,Logistics/Setup step (moving an object).,r001,Cooking,Gold,,18.3767886,ae0300cd-994f-4e7d-9d61-78c823c292b6
Essential Operation,12,,#C C breaks the eggshell,Core task involving manual dexterity and high hand activity.,r001,Cooking,Gold,,52.1857786,ae0300cd-994f-4e7d-9d61-78c823c292b6
Object Transfer,12,,#C C puts a packet on the kitchen slab,Logistics step involving picking up and placing an object.,r001,Cooking,Gold,,70.11530859999999,ae0300cd-994f-4e7d-9d61-78c823c292b6
Object Transfer,12,,#C C puts a grater on the kitchen slab,Logistics step involving placing an object.,r001,Cooking,Gold,,126.5270986,ae0300cd-994f-4e7d-9d61-78c823c292b6
Object Transfer,12,,#C C puts butter on the kitchen slab,Logistics step of moving the butter to the slab.,r001,Cooking,Gold,,126.5270986,ae0300cd-994f-4e7d-9d61-78c823c292b6
Stationary,12,,#C C holds the packet,"Low body/hand motion, holding an object without movement.",r001,Cooking,Gold,,225.1206586,ae0300cd-994f-4e7d-9d61-78c823c292b6
Stationary,12,,#C C holds baby X,"Holding a baby involves low body and hand motion, typically while standing or sitting.",r001,Walking Outdoors,Gold,,8.6532786,b2017f8e-32fd-4b52-81e1-1b287b6fd9c6
Object Transfer,12,,#C C puts plate on the table,Logistics step involving placing an object.,r001,Walking Outdoors,Gold,,534.1374952666667,b2017f8e-32fd-4b52-81e1-1b287b6fd9c6
Essential Operation,12,,#C C touches the fries,"High hand activity, likely involves handling food.",r001,Walking Outdoors,Gold,,573.8759052666667,b2017f8e-32fd-4b52-81e1-1b287b6fd9c6
Essential Operation,12,,#C C pours sauce in the plate,Core task involving manual activity with the hands.,r001,Walking Outdoors,Gold,,593.1295952666667,b2017f8e-32fd-4b52-81e1-1b287b6fd9c6
Object Transfer,12,,#C C places plate in the kitchen counter,"Logistics step of placing an object, short burst of hand activity.",r001,Walking Outdoors,Gold,,630.9648952666668,b2017f8e-32fd-4b52-81e1-1b287b6fd9c6
Essential Operation,12,,#C C stirs food with the lid,Core manual task involving high hand activity.,r001,Walking Outdoors,Gold,,642.0653452666668,b2017f8e-32fd-4b52-81e1-1b287b6fd9c6
Locomotion,12,,#C C walks towards another room,"Body moving through space, indicative of walking.",r001,Cleaning,Gold,,0.1482279896484511,b46da39f-a64d-43f3-bc43-f601e256c9df
Essential Operation,12,,#C C plays with a reed instrument.,Core manual task involving hand manipulation of the instrument.,r001,Playing Instrument,Gold,,31.314988600000003,b818d104-1dcd-4b1f-ae38-2166f0347514
Stationary,12,,#C C holds the saxophone in her right hand,"The action describes holding an instrument, which involves minimal movement.",r001,Playing Instrument,Gold,,317.5477786,b818d104-1dcd-4b1f-ae38-2166f0347514
Stationary,12,Essential Operation,#C C taps the phone with her left hand finger,"Short burst of hand activity, likely while in a stationary position.",r001,Playing Instrument,Bad,,364.7536586000001,b818d104-1dcd-4b1f-ae38-2166f0347514
Stationary,12,,#C C holds the saxophone with both hands,"Low energy, hands holding the instrument without movement.",r001,Playing Instrument,Gold,,366.5787686000001,b818d104-1dcd-4b1f-ae38-2166f0347514
Search,12,,#C C looks at the saxophone,"Head movement (visual inspection), hands mostly still.",r001,Playing Instrument,Gold,,461.1045586,b818d104-1dcd-4b1f-ae38-2166f0347514
Essential Operation,12,,#C C blows air on the saxophone key,Core task involving fine hand and breath control.,r001,Playing Instrument,Gold,,461.7784786,b818d104-1dcd-4b1f-ae38-2166f0347514
Essential Operation,12,,#C C operates the phone with her right hand,Core manual task involving high hand activity.,r001,Playing Instrument,Gold,,587.6883590771272,b818d104-1dcd-4b1f-ae38-2166f0347514
Object Transfer,12,,#C C moves the saxophone to her mouth,"The action involves moving the saxophone to the mouth, which is a logistics step.",r001,Playing Instrument,Gold,,649.2626890771272,b818d104-1dcd-4b1f-ae38-2166f0347514
Stationary,12,Essential Operation,#C C wipes the saxophone mouth piece with her left hand,"Low body/hand motion, focused on cleaning a specific part.",r001,Playing Instrument,Bad,,770.1092290771272,b818d104-1dcd-4b1f-ae38-2166f0347514
Stationary,12,,#C C holds the reed instrument.,"Low body/hand motion, indicating a preparatory or idle stance.",r001,Playing Instrument,Gold,,907.2929270478852,b818d104-1dcd-4b1f-ae38-2166f0347514
Essential Operation,12,,#C C slides his hand on the mouthpiece.,Core task involving high hand activity on the instrument.,r001,Playing Instrument,Gold,,913.100817047885,b818d104-1dcd-4b1f-ae38-2166f0347514
Essential Operation,12,,#C C plays the reed instrument,Core task involving manual operation of the instrument.,r001,Playing Instrument,Gold,,1150.176927047885,b818d104-1dcd-4b1f-ae38-2166f0347514
Stationary,12,,#C C holds a mouthpiece.,"Low body/hand motion, holding an object without movement.",r001,Playing Instrument,Gold,,2223.502897144922,b818d104-1dcd-4b1f-ae38-2166f0347514
Essential Operation,12,,#C C pulls the mouthpiece on #unsure,"The action involves a core task related to playing the instrument, which requires precise hand movements.",r001,Playing Instrument,Gold,,2223.606367144922,b818d104-1dcd-4b1f-ae38-2166f0347514
Object Transfer,12,,#C C moves his phone on the other side of the song book.,Moving an object (the phone) to a different location.,r001,Playing Instrument,Gold,,2232.923677144922,b818d104-1dcd-4b1f-ae38-2166f0347514
Object Transfer,12,,#C C drops the reed instrument.,"[CtxFixed] The action of dropping the reed instrument is a deliberate placement of the object onto a surface, which fits the criteria for 'Object Transfer'.",r001,Playing Instrument,Gold,,2477.024607144922,b818d104-1dcd-4b1f-ae38-2166f0347514
Stationary,12,Essential Operation,#C C wipes the instrument,"Low body/hand motion, cleaning activity.",r001,Playing Instrument,Bad,,3256.798991956934,b818d104-1dcd-4b1f-ae38-2166f0347514
Stationary,12,,#C C holds the instrument,"Low body/hand motion, holding the instrument without playing it.",r001,Playing Instrument,Gold,,3258.213581956934,b818d104-1dcd-4b1f-ae38-2166f0347514
Essential Operation,12,,#C C applies #unsure on the dough with the knife,Core task involving manual manipulation with the knife on the dough.,r001,Cooking,Gold,,164.68769859999998,b9c91169-7019-4bfa-8a63-97df8cbefe97
Essential Operation,12,,#C C stirs #unsure with the knife,Core task involving high hand activity.,r001,Cooking,Gold,,168.19019859999997,b9c91169-7019-4bfa-8a63-97df8cbefe97
Object Transfer,12,,#C C picks up the parchment paper from the drawer,"Logistics/Setup step, involves picking up an object.",r001,Cooking,Gold,,633.2177421677084,b9c91169-7019-4bfa-8a63-97df8cbefe97
Object Transfer,12,,#C C picks up the flour from the packet,Logistics step involving picking up an object.,r001,Cooking,Gold,,648.0316921677083,b9c91169-7019-4bfa-8a63-97df8cbefe97
Stationary,12,Object Transfer,#C C moves the towel on the oven,"Low energy activity, possibly wiping or cleaning the oven without significant movement.",r001,Cooking,Bad,,692.9017621677084,b9c91169-7019-4bfa-8a63-97df8cbefe97
Object Transfer,12,,#C C takes dough from the bowl,Logistics step involving picking up the dough from the bowl.,r001,Cooking,Gold,,718.7348721677083,b9c91169-7019-4bfa-8a63-97df8cbefe97
Object Transfer,12,,#C C puts the spatula on the bowl,Logistics step involving picking up and placing down objects.,r001,Cooking,Gold,,736.4627721677084,b9c91169-7019-4bfa-8a63-97df8cbefe97
Object Transfer,12,,#C C picks up the glass jar,Logistics step involving picking up an object.,r001,Cooking,Gold,,756.0202121677083,b9c91169-7019-4bfa-8a63-97df8cbefe97
Object Transfer,12,,#C C picks up the dough,"Logistics step, picking up an object.",r001,Cooking,Gold,,814.3834021677084,b9c91169-7019-4bfa-8a63-97df8cbefe97
Object Transfer,12,,#C C puts the dough on the kitchen counter,"Logistics step of placing an object, short burst of hand activity.",r001,Cooking,Gold,,832.2903927881418,b9c91169-7019-4bfa-8a63-97df8cbefe97
Object Transfer,12,,#C C picks up the rolling pin,Logistics step involving picking up an object.,r001,Cooking,Gold,,845.6413627881418,b9c91169-7019-4bfa-8a63-97df8cbefe97
Essential Operation,12,,#C C flattens the dough with the rolling pin,Core manual task involving high hand activity.,r001,Cooking,Gold,,1174.4669152666663,b9c91169-7019-4bfa-8a63-97df8cbefe97
Essential Operation,12,,#C C scoops #unsure from the container with a spoon,"Core task involving manual scooping with a spoon, high hand activity.",r001,Cooking,Gold,,1349.5020652666667,b9c91169-7019-4bfa-8a63-97df8cbefe97
Object Transfer,12,,#C C picks up a spoon from the glass container,Logistics/Setup step involving picking up an object.,r001,Cooking,Gold,,1359.0472252666666,b9c91169-7019-4bfa-8a63-97df8cbefe97
Object Transfer,12,,#C C picks up the parchment paper,Logistics step involving picking up an object.,r001,Cooking,Gold,,1519.967245369522,b9c91169-7019-4bfa-8a63-97df8cbefe97
Essential Operation,12,,#C C pours #unsure on the dough,Core task involving manual activity with hands.,r001,Cooking,Gold,,1741.066678834375,b9c91169-7019-4bfa-8a63-97df8cbefe97
Essential Operation,12,,#C C applies the cooking oil on the dough with the wooden pastry brush,Core task involving high hand activity.,r001,Cooking,Gold,,2096.017369386465,b9c91169-7019-4bfa-8a63-97df8cbefe97
Essential Operation,12,,#C C applies oil on the wooden pastry brush from the plate,Core task involving high hand activity.,r001,Cooking,Gold,,2122.912979386465,b9c91169-7019-4bfa-8a63-97df8cbefe97
Essential Operation,12,,#C C applies #unsure on the pastry brush,"Core task involving manual application, high hand activity.",r001,Cooking,Gold,,2175.1846464401697,b9c91169-7019-4bfa-8a63-97df8cbefe97
Locomotion,12,,#C C Rides a motorbike on the road,"Body moving through space, high body acceleration.",r001,Mechanical Repair,Gold,,43.8421586,bdb29a9e-d6d4-4918-9870-464abeae48d2
Locomotion,12,,#C C Rides a motorbike on a toll station,"Body moving through space, high body acceleration.",r001,Mechanical Repair,Gold,,483.45846860000006,bdb29a9e-d6d4-4918-9870-464abeae48d2
Search,12,,#C C Looks around a toll station,"Head movement (visual search), hands mostly still.",r001,Mechanical Repair,Gold,,600.1674686,bdb29a9e-d6d4-4918-9870-464abeae48d2
Object Transfer,12,Essential Operation,#O A man z hands c a mobile phone,"The action involves handing an object (mobile phone), which is a logistics step.",r001,Mechanical Repair,Bad,,662.3100786,bdb29a9e-d6d4-4918-9870-464abeae48d2
Object Transfer,12,,#C C Puts a mobile phone in his pocket,"Action involves placing an object into a pocket, which is a logistics step.",r001,Mechanical Repair,Gold,,667.0784886,bdb29a9e-d6d4-4918-9870-464abeae48d2
Locomotion,12,,#O A lady x walks around a garage,"The action involves movement through space, which corresponds to locomotion.",r001,Mechanical Repair,Gold,,1116.8707542879963,bdb29a9e-d6d4-4918-9870-464abeae48d2
Locomotion,12,,#O A lady x walks around a room,"The action involves movement through space, which is characteristic of locomotion.",r001,Mechanical Repair,Gold,,1153.788474287997,bdb29a9e-d6d4-4918-9870-464abeae48d2
Object Transfer,12,,#C C picks up a mudguard from the auto lift with his right hand.,Logistics step involving picking up an object.,r001,Mechanical Repair,Gold,,36.74594,bedaa131-deae-4279-9fd4-5b6ab552644c
Object Transfer,12,,#C C transfers the spanner from his left hand to his right hand.,"The action involves moving an object between hands, which is a logistics step.",r001,Mechanical Repair,Gold,,41.05381,bedaa131-deae-4279-9fd4-5b6ab552644c
Object Transfer,12,,#C C drops the spanner on the auto lift with his right hand.,"[CtxFixed] The action involves deliberately placing the spanner onto the auto lift, which fits the definition of a deliberate placement.",r001,Mechanical Repair,Gold,,42.28572,bedaa131-deae-4279-9fd4-5b6ab552644c
Stationary,12,,#C C holds the mudguard with his left hand.,"The action describes holding an object, which involves minimal movement.",r001,Mechanical Repair,Gold,,46.8199,bedaa131-deae-4279-9fd4-5b6ab552644c
Stationary,12,,#C C holds the carburetor connected to the hose with his right hand.,"The action involves holding an object, which implies a low level of movement.",r001,Mechanical Repair,Gold,,54.38903,bedaa131-deae-4279-9fd4-5b6ab552644c
Stationary,12,,#C C places his right hand on the floor.,The action describes a static position with minimal to no motion.,r001,Mechanical Repair,Gold,,63.69223,bedaa131-deae-4279-9fd4-5b6ab552644c
Essential Operation,12,,#C C fixes the chuck on the hand drill with his left hand.,Core manual task involving high hand activity.,r001,Mechanical Repair,Gold,,92.09858,bedaa131-deae-4279-9fd4-5b6ab552644c
Object Transfer,12,,#C C moves the mudguard with his left hand.,"Moving an object (mudguard), short burst of hand acceleration.",r001,Mechanical Repair,Gold,,137.25798,bedaa131-deae-4279-9fd4-5b6ab552644c
Object Transfer,12,,#C C moves the mudguard with his right hand.,"The action involves moving an object (mudguard), which is a logistics step.",r001,Mechanical Repair,Gold,,163.02568,bedaa131-deae-4279-9fd4-5b6ab552644c
Object Transfer,12,,#C C repositions the hose on the scooter motorcycle with his left hand.,"Repositioning an object, involves logistics and setup.",r001,Mechanical Repair,Gold,,164.1778,bedaa131-deae-4279-9fd4-5b6ab552644c
Object Transfer,12,,#C C drops the screw driver on the auto lift with his right hand.,"[CtxFixed] The action of dropping the screwdriver onto the auto lift can be interpreted as a deliberate placement of the object onto a surface, which fits the criteria for 'Object Transfer'.",r001,Mechanical Repair,Gold,,170.46861,bedaa131-deae-4279-9fd4-5b6ab552644c
Locomotion,12,,#C C walks towards the scooter motorcycle.,"Body moving through space, indicative of walking.",r001,Mechanical Repair,Gold,,194.82172,bedaa131-deae-4279-9fd4-5b6ab552644c
Essential Operation,12,,#C C turns the the attached piston and chuck in the scooter motorcycle with his right hand. #Unsure,Core manual task involving high hand activity.,r001,Mechanical Repair,Gold,,198.54822,bedaa131-deae-4279-9fd4-5b6ab552644c
Stationary,12,,#C C holds the scooter motorcycle with both hands.,"Holding an object with both hands indicates a low-energy, stationary action.",r001,Mechanical Repair,Gold,,235.1969,bedaa131-deae-4279-9fd4-5b6ab552644c
Essential Operation,12,,#C C shakes the scooter motorcycle with his right hand. #Unsure,"[CtxFixed] Shaking the scooter motorcycle could be an attempt to check its stability or functionality, which is part of essential operations when handling a vehicle.",r001,Mechanical Repair,Gold,,246.43171,bedaa131-deae-4279-9fd4-5b6ab552644c
Locomotion,12,,#C C mounts the scooter motorcycle.,"Body movement to mount the scooter, involves high body acceleration.",r001,Mechanical Repair,Gold,,253.99197,bedaa131-deae-4279-9fd4-5b6ab552644c
Essential Operation,12,,#C C bends the steering of the scooter motorcycle with both hands.,Core task involving high hand activity.,r001,Mechanical Repair,Gold,,271.87726,bedaa131-deae-4279-9fd4-5b6ab552644c
Object Transfer,12,,#C C picks up a metal bar from the drawer with his left hand.,Logistics/Setup step involving picking up an object.,r001,Mechanical Repair,Gold,,287.33435,bedaa131-deae-4279-9fd4-5b6ab552644c
Object Transfer,12,,#C C drops the bar into the drawer with his right hand. #Unsure,"[CtxFixed] The action of dropping the bar into the drawer is a deliberate placement, which fits the definition of 'Object Transfer'.",r001,Mechanical Repair,Gold,,307.301,bedaa131-deae-4279-9fd4-5b6ab552644c
Stationary,12,,#C C shakes his right hand.,"[CtxFixed] Shaking one's hand is often a minor, involuntary action and does not involve movement that would classify it under any of the other categories. It is more appropriate to categorize it as 'Stationary' since the primary action (holding the spring fork) remains unchanged.",r001,Mechanical Repair,Gold,,427.63041,bedaa131-deae-4279-9fd4-5b6ab552644c
Object Transfer,12,,#C C transfers the screws to his left hand.,Logistics step involving the movement of objects between hands.,r001,Mechanical Repair,Gold,,447.82029,bedaa131-deae-4279-9fd4-5b6ab552644c
Object Transfer,12,,#C C picks up another screw from the auto lift with his right hand.,Logistics step involving picking up an object.,r001,Mechanical Repair,Gold,,448.48967,bedaa131-deae-4279-9fd4-5b6ab552644c
Essential Operation,12,,#C C cleans his hands with the piece of tissue.,Core manual task involving hand activity.,r001,Mechanical Repair,Gold,,459.57963,bedaa131-deae-4279-9fd4-5b6ab552644c
Essential Operation,12,,#C C removes a screw on the spanner with his right hand.,Core manual task involving high hand activity.,r001,Mechanical Repair,Gold,,510.02666,bedaa131-deae-4279-9fd4-5b6ab552644c
Object Transfer,12,,#C C picks up the wrench from the floor with his right hand.,Logistics action of picking up an object.,r001,Mechanical Repair,Gold,,524.43597,bedaa131-deae-4279-9fd4-5b6ab552644c
Essential Operation,12,,#C C lets go of the caliper brake assembly in his left hand.,"[CtxFixed] The action of letting go of the caliper brake assembly appears to be a part of the essential operation of disassembling the brake system, rather than an object transfer or a mistake.",r001,Mechanical Repair,Gold,,536.3407646666667,bedaa131-deae-4279-9fd4-5b6ab552644c
Locomotion,12,,#C C walks towards a storage shelf.,"Body moving through space, indicative of walking.",r001,Mechanical Repair,Gold,,559.7689966666667,bedaa131-deae-4279-9fd4-5b6ab552644c
Locomotion,12,,#C C walks towards another storage shelf.,Body moving through space (walking).,r001,Mechanical Repair,Gold,,574.7337966666666,bedaa131-deae-4279-9fd4-5b6ab552644c
Object Transfer,12,Essential Operation,#C C opens the pack of brake pad with both hands.,"The action involves opening a package, which is a logistics step involving short bursts of hand acceleration.",r001,Mechanical Repair,Bad,,582.2664666666667,bedaa131-deae-4279-9fd4-5b6ab552644c
Object Transfer,12,,#C C picks up the plier from his leg with his right hand.,Logistics step involving picking up an object.,r001,Mechanical Repair,Gold,,593.7995266666667,bedaa131-deae-4279-9fd4-5b6ab552644c
Essential Operation,12,,#C C fixes the brake pad into the caliper brake pad assembly with his right hand.,Core manual task involving fine motor skills and high hand activity.,r001,Mechanical Repair,Gold,,627.4889666666667,bedaa131-deae-4279-9fd4-5b6ab552644c
Stationary,12,,#C C holds the white rag with both hands.,Holding the rag with both hands indicates a pause or preparatory stance with minimal motion.,r001,Mechanical Repair,Gold,,670.6032066666667,bedaa131-deae-4279-9fd4-5b6ab552644c
Stationary,12,,#C C holds the caliper brake pad assembly on the tire with his left hand.,Holding an object without moving it classifies as a stationary action.,r001,Mechanical Repair,Gold,,699.9687666666666,bedaa131-deae-4279-9fd4-5b6ab552644c
Essential Operation,12,Object Transfer,#C C inserts the screw into the caliper brake assembly with his right hand.,Core manual task involving precise hand movements.,r001,Mechanical Repair,Bad,,701.3352666666667,bedaa131-deae-4279-9fd4-5b6ab552644c
Stationary,12,,#C C holds the screw with both hands.,"Low body/hand motion, holding position.",r001,Mechanical Repair,Gold,,710.6857066666666,bedaa131-deae-4279-9fd4-5b6ab552644c
Object Transfer,12,,#C C drops the screw driver on the floor with his left hand. #Unsure,Refined via regex fallback,r001,Mechanical Repair,Gold,,721.6329766666667,bedaa131-deae-4279-9fd4-5b6ab552644c
Essential Operation,12,,#C C fixes the caliper brake assembly into the tire with both hands.,Core manual task involving high hand activity.,r001,Mechanical Repair,Gold,,722.5451766666666,bedaa131-deae-4279-9fd4-5b6ab552644c
Object Transfer,12,,#C C throws the piece of paper into the trash can with his left hand.,"The action involves picking up and disposing of an object, which is a logistics step.",r001,Mechanical Repair,Gold,,855.2506366666667,bedaa131-deae-4279-9fd4-5b6ab552644c
Essential Operation,12,,#C C turns the screw driver inside the oil compartment with his right hand.,Core manual task involving high hand activity.,r001,Mechanical Repair,Gold,,881.7647666666667,bedaa131-deae-4279-9fd4-5b6ab552644c
Object Transfer,12,Essential Operation,#C C touches the second piece of paper with his right hand.,"Action involves touching an object, indicating a transfer or interaction with it.",r001,Mechanical Repair,Bad,,884.2432566666666,bedaa131-deae-4279-9fd4-5b6ab552644c
Object Transfer,12,Essential Operation,#C C opens a drawer on a cabinet with his left hand.,Logistics step involving opening a drawer.,r001,Mechanical Repair,Bad,,888.4259766666667,bedaa131-deae-4279-9fd4-5b6ab552644c
Essential Operation,12,Object Transfer,#C C inserts the spanner into the caliper brake assembly with his right hand.,Core manual task involving high hand activity.,r001,Mechanical Repair,Bad,,927.6201166666668,bedaa131-deae-4279-9fd4-5b6ab552644c
Essential Operation,12,,#C C presses the brake lever on the scooter with his left hand.,Core task involving manual operation with high hand activity.,r001,Mechanical Repair,Gold,,948.8689366666666,bedaa131-deae-4279-9fd4-5b6ab552644c
Stationary,12,,#C C holds the brake lever with his right hand.,"Low body/hand motion, holding an object.",r001,Mechanical Repair,Gold,,967.6393366666666,bedaa131-deae-4279-9fd4-5b6ab552644c
Stationary,12,Essential Operation,#C C interacts with the man X. #Unsure,Interacting with someone typically involves low body and hand motion.,r001,Mechanical Repair,Bad,,1027.4105966666666,bedaa131-deae-4279-9fd4-5b6ab552644c
Stationary,12,,#C C holds the spanner on the caliper brake assembly with his right hand.,"Low body/hand motion, holding an object.",r001,Mechanical Repair,Gold,,1032.9059866666666,bedaa131-deae-4279-9fd4-5b6ab552644c
Stationary,12,,#C C puts his hands together.,"Low body/hand motion, likely preparing to perform a task.",r001,Mechanical Repair,Gold,,1060.7717666666667,bedaa131-deae-4279-9fd4-5b6ab552644c
Essential Operation,12,Object Transfer,#C C inserts a screw into the lid on the oil compartment with his right hand.,Core manual task involving high hand activity.,r001,Mechanical Repair,Bad,,1070.4040513333334,bedaa131-deae-4279-9fd4-5b6ab552644c
Object Transfer,12,,#C C picks up the spanner from the floor with his right hand.,Logistics action involving picking up an object.,r001,Mechanical Repair,Gold,,1109.8650333333333,bedaa131-deae-4279-9fd4-5b6ab552644c
Object Transfer,12,,#C C picks up a white rag from the cabinet with his right hand.,Logistics step involving picking up an object.,r001,Mechanical Repair,Gold,,1126.2086433333334,bedaa131-deae-4279-9fd4-5b6ab552644c
Stationary,12,,#C C holds the hand grip of the scooter with his left hand.,"Holding an object without moving, low energy activity.",r001,Mechanical Repair,Gold,,1137.6273033333334,bedaa131-deae-4279-9fd4-5b6ab552644c
Object Transfer,12,,#C C pulls a carpet on the car boot,The action involves moving an object (carpet) to a specific location (car boot).,r001,Playing Instrument,Gold,,42.51915,bfde0e71-dbdb-468c-bf5b-3b9f6cb577ce
Stationary,12,,#O man Y holds a carpet,"The action described does not involve any significant movement or task, indicating a low-energy state.",r001,Playing Instrument,Gold,,86.6219,bfde0e71-dbdb-468c-bf5b-3b9f6cb577ce
Essential Operation,12,,#C C rolls a tyre with his left hand,Core manual task involving high hand activity.,r001,Mechanical Repair,Gold,,0.6051996,c0028015-e421-470b-9373-9611b33ac3f8
Object Transfer,12,,#C C drops hand from her head.,"[CtxFixed] The action involves moving the hand from the head, which can be considered a deliberate placement of the hand onto another surface or back to the side, thus fitting the 'Object Transfer' category.",r001,Desk Work,Gold,,330.4389409546634,c0048675-8810-46dc-af51-bca6471b68b1
Stationary,12,,#C C holds her toes.,"Low body/hand motion, likely involves stretching or relaxing which doesn't involve significant movement.",r001,Desk Work,Gold,,828.4150409546634,c0048675-8810-46dc-af51-bca6471b68b1
Stationary,12,,#C C holds her legs.,"Low body/hand motion, implies idle or resting state.",r001,Desk Work,Gold,,971.7855109546634,c0048675-8810-46dc-af51-bca6471b68b1
Stationary,12,,#C C places her hand on her soles.,"Low body/hand motion, indicating a resting or idle state.",r001,Desk Work,Gold,,1046.3356509546634,c0048675-8810-46dc-af51-bca6471b68b1
Locomotion,12,,#C C turns left with a bicycle,Body moving through space with directional change.,r001,Walking Outdoors,Gold,,493.17307,c05389ca-2d74-4889-a8dd-a0f89d28a4b7
Stationary,12,Search,#C C looks sideways,Looking sideways indicates a pause in movement with low body and hand activity.,r001,Walking Outdoors,Bad,,902.66449,c05389ca-2d74-4889-a8dd-a0f89d28a4b7
Object Transfer,12,,#O man Y drops the book on the floor,Refined via regex fallback,r001,Walking Outdoors,Gold,,2499.30524,c05389ca-2d74-4889-a8dd-a0f89d28a4b7
Locomotion,12,,#C C follows man Y to a room,"Body moving through space, indicative of walking.",r001,Walking Outdoors,Gold,,2530.01864,c05389ca-2d74-4889-a8dd-a0f89d28a4b7
Search,12,,#C C looks at the room,"Head movement (visual search), hands mostly still.",r001,Walking Outdoors,Gold,,2535.6952,c05389ca-2d74-4889-a8dd-a0f89d28a4b7
Stationary,12,Essential Operation,#C C closes the door in a room,"The action of closing a door is a brief, localized movement and does not involve continuous locomotion or significant body movement.",r001,Walking Outdoors,Bad,,2594.09206,c05389ca-2d74-4889-a8dd-a0f89d28a4b7
Object Transfer,12,,#C C picks kid A from the floor,Logistics step involving picking up an object (the kid).,r001,Walking Outdoors,Gold,,2623.52195,c05389ca-2d74-4889-a8dd-a0f89d28a4b7
Object Transfer,12,,#C C picks the dog leash from the counter,Logistics step of picking up an object.,r001,Walking Outdoors,Gold,,2630.15373,c05389ca-2d74-4889-a8dd-a0f89d28a4b7
Locomotion,12,,#O Man W stands,Body moving through space (standing up or walking).,r001,Walking Outdoors,Gold,,2933.42869,c05389ca-2d74-4889-a8dd-a0f89d28a4b7
Search,12,,#C C looks across the road on left,"Head movement (visual search), hands mostly still.",r001,Walking Outdoors,Gold,,3001.64109,c05389ca-2d74-4889-a8dd-a0f89d28a4b7
Locomotion,12,,#C C moves baby stroller,"Body moving through space, likely involves walking.",r001,Walking Outdoors,Gold,,3123.08776,c05389ca-2d74-4889-a8dd-a0f89d28a4b7
Search,12,,#C C looks at man K,"Head movement (visual search), hands mostly still.",r001,Walking Outdoors,Gold,,3194.15759,c05389ca-2d74-4889-a8dd-a0f89d28a4b7
Stationary,12,Essential Operation,#C C stops the car on the traffic light,"The action describes a stop, indicating low body/hand motion.",r001,Mechanical Repair,Bad,,498.4259786771741,c191e945-f7a1-4017-a2c0-8f9863c77ab1
Locomotion,12,Essential Operation,#C C continues to drive the car forward on the road with two hands on the steering wheel,"Body moving through space (driving), high body acceleration.",r001,Mechanical Repair,Bad,,503.0257186771741,c191e945-f7a1-4017-a2c0-8f9863c77ab1
Stationary,12,Essential Operation,#C C stops on zebra crossing,"The action indicates that C has stopped, implying low body/hand motion.",r001,Mechanical Repair,Bad,,764.7317021677084,c191e945-f7a1-4017-a2c0-8f9863c77ab1
Locomotion,12,Essential Operation,#Summary C was on the road driving the car.,Implying movement through space (driving).,r001,Mechanical Repair,Bad,,890.5543619333333,c191e945-f7a1-4017-a2c0-8f9863c77ab1
Essential Operation,12,,#c c irons a sweatshirt,Core task involving repetitive hand movements.,r001,Cleaning,Gold,,286.0946086,c2b3e7ea-fbeb-4491-b5bc-d0dd723496f7
Stationary,12,Essential Operation,#c c spreads the shirt on the iron stand,The action involves placing an object and is likely to have minimal movement after the placement.,r001,Cleaning,Bad,,541.6125986,c2b3e7ea-fbeb-4491-b5bc-d0dd723496f7
Stationary,12,Essential Operation,#C C folds a sweater,"Low body/hand motion, focused on a small task.",r001,Cleaning,Bad,,638.4887193320908,c2b3e7ea-fbeb-4491-b5bc-d0dd723496f7
Essential Operation,12,,#C C folds a sweater,Core task involving manual dexterity and fine motor skills.,r001,Cleaning,Gold,,711.8210193320908,c2b3e7ea-fbeb-4491-b5bc-d0dd723496f7
Object Transfer,12,,#C C puts handkerchief on table,Logistics step involving the placement of an object.,r001,Cleaning,Gold,,751.4597193320908,c2b3e7ea-fbeb-4491-b5bc-d0dd723496f7
Essential Operation,12,,#C C irons a handkerchief with an iron box,Core manual task involving high hand activity.,r001,Cleaning,Gold,,761.4395593320908,c2b3e7ea-fbeb-4491-b5bc-d0dd723496f7
Essential Operation,12,,#C C folds a handkerchief,"Core manual task, high hand activity.",r001,Cleaning,Gold,,788.5641793320908,c2b3e7ea-fbeb-4491-b5bc-d0dd723496f7
Object Transfer,12,,#C C puts pant on the table,Logistics step involving moving an object (putting the pant on the table).,r001,Cleaning,Gold,,810.0389693320908,c2b3e7ea-fbeb-4491-b5bc-d0dd723496f7
Essential Operation,12,,#C C irons a pant with an iron box,Core manual task involving repetitive and focused hand movement.,r001,Cleaning,Gold,,814.6747693320908,c2b3e7ea-fbeb-4491-b5bc-d0dd723496f7
Stationary,12,Essential Operation,#C C folds a short,"Low body/hand motion, folding is a slow, precise action.",r001,Cleaning,Bad,,854.4747676136719,c2b3e7ea-fbeb-4491-b5bc-d0dd723496f7
Essential Operation,12,,#C C irons a shirt with an iron box,Core manual task involving high hand activity.,r001,Cleaning,Gold,,956.570347613672,c2b3e7ea-fbeb-4491-b5bc-d0dd723496f7
Object Transfer,12,,#C C puts iron box on the table,Logistics step involving moving an object (iron box) to a location (table).,r001,Cleaning,Gold,,1024.0952976136718,c2b3e7ea-fbeb-4491-b5bc-d0dd723496f7
Object Transfer,12,,#C C puts sweater on a table,Logistics action involving moving an object (sweater) to a location (table).,r001,Cleaning,Gold,,1075.601427613672,c2b3e7ea-fbeb-4491-b5bc-d0dd723496f7
Essential Operation,12,,#C C irons a sweater with an iron box,Core manual task involving repetitive hand movements.,r001,Cleaning,Gold,,1106.682187613672,c2b3e7ea-fbeb-4491-b5bc-d0dd723496f7
Object Transfer,12,,#C C picks a jumper,Logistics step of picking an object.,r001,Cleaning,Gold,,1313.444507613672,c2b3e7ea-fbeb-4491-b5bc-d0dd723496f7
Essential Operation,12,,#C C irons a jumper with an iron box,Core manual task involving repetitive hand movements.,r001,Cleaning,Gold,,1321.474627613672,c2b3e7ea-fbeb-4491-b5bc-d0dd723496f7
Object Transfer,12,,#C C puts jumper on a table,Logistics step involving moving an object from one place to another.,r001,Cleaning,Gold,,1412.168558266755,c2b3e7ea-fbeb-4491-b5bc-d0dd723496f7
Essential Operation,12,,#C C irons a pillow case with an iron box,"Core task involving manual operation with the iron, high hand activity.",r001,Cleaning,Gold,,1668.292867613672,c2b3e7ea-fbeb-4491-b5bc-d0dd723496f7
Stationary,12,Essential Operation,#C C folds a pillow case,"Low body/hand motion, focused on fine motor skills.",r001,Cleaning,Bad,,1869.211897613672,c2b3e7ea-fbeb-4491-b5bc-d0dd723496f7
Object Transfer,12,,#C C puts shirt on the table,Logistics step of moving an object (shirt) to a location (table).,r001,Cleaning,Gold,,2132.277787255085,c2b3e7ea-fbeb-4491-b5bc-d0dd723496f7
Essential Operation,12,,#C C washes spoon in the sink with a sponge,Core manual task involving high hand activity.,r001,Cleaning,Gold,,24.6832096,c304122d-0f0a-4c6a-a5b4-63f8b7aed69c
Essential Operation,12,,#C C washes fork in the sink with a sponge,Core manual task involving high hand activity.,r001,Cleaning,Gold,,25.7943196,c304122d-0f0a-4c6a-a5b4-63f8b7aed69c
Object Transfer,12,,#C C picks a cloth on the chair,Logistics step involving picking up an object.,r001,Cleaning,Gold,,40.2096396,c304122d-0f0a-4c6a-a5b4-63f8b7aed69c
Essential Operation,12,,#C C scoops #unsure in a bowl,Core task involving high hand activity.,r001,Cooking,Gold,,46.3398586,c41806a7-231e-494f-8e0b-f72587269f79
Stationary,12,,#C C bites #unsure,"Low body/hand motion, possibly minimal mouth movement.",r001,Cooking,Gold,,79.6515886,c41806a7-231e-494f-8e0b-f72587269f79
Object Transfer,12,,#C C puts chopsticks on a bowl,"Logistics step, putting an object down.",r001,Cooking,Gold,,98.8590886,c41806a7-231e-494f-8e0b-f72587269f79
Stationary,12,,#O A girl Z bites #unsure,"Low body/hand motion, focused action.",r001,Cooking,Gold,,178.8288486,c41806a7-231e-494f-8e0b-f72587269f79
Object Transfer,12,,#O A man Y puts mobile phone on table,"The action involves placing an object (mobile phone) on a surface (table), which is a logistics step.",r001,Cooking,Gold,,228.3350286,c41806a7-231e-494f-8e0b-f72587269f79
Essential Operation,12,Object Transfer,#O A girl Z moves #unsure in a bowl with chopsticks,"Core task involving manipulation with chopsticks, high hand activity.",r001,Cooking,Bad,,236.8055486,c41806a7-231e-494f-8e0b-f72587269f79
Object Transfer,12,,#C C moves a plate on table,"Logistics step, moving an object.",r001,Cooking,Gold,,259.15835860000004,c41806a7-231e-494f-8e0b-f72587269f79
Search,12,,#O A girl Z looks around,"Head movement (visual search), hands mostly still.",r001,Cooking,Gold,,287.0672286,c41806a7-231e-494f-8e0b-f72587269f79
Stationary,12,Essential Operation,#O A man Y operates #unsure,Uncertainty in the action description suggests a pause or idle state.,r001,Cooking,Bad,,288.57244860000003,c41806a7-231e-494f-8e0b-f72587269f79
Stationary,12,Essential Operation,#O A girl Z operates an iPad,Operating an iPad typically involves minimal body movement and can be considered a low-energy activity.,r001,Cooking,Bad,,325.0344686,c41806a7-231e-494f-8e0b-f72587269f79
Stationary,12,Essential Operation,#O A man Y operates a mobile phone,Operating a mobile phone typically involves minimal body movement and is generally a stationary activity.,r001,Cooking,Bad,,346.2272886,c41806a7-231e-494f-8e0b-f72587269f79
Object Transfer,12,,#C C puts #unsure in a pot with chopsticks,Logistics step involving placing an item in a pot.,r001,Cooking,Gold,,414.4637886,c41806a7-231e-494f-8e0b-f72587269f79
Essential Operation,12,,#C C stirs #unsure in a pot with chopsticks,Core task involving high hand activity.,r001,Cooking,Gold,,420.3802286,c41806a7-231e-494f-8e0b-f72587269f79
Search,12,Stationary,#O A girl Z moves hand around,Implies head or hand movement in a searching pattern.,r001,Cooking,Bad,,424.3562486,c41806a7-231e-494f-8e0b-f72587269f79
Essential Operation,12,Object Transfer,#C C moves #unsure in a bowl with chopsticks,Core task involving high hand activity with chopsticks.,r001,Cooking,Bad,,430.48710860000006,c41806a7-231e-494f-8e0b-f72587269f79
Object Transfer,12,,#O A man Y moves #unsure in a bowl with chopsticks,"[CtxFixed] The current action involves a man using chopsticks to move something in a bowl, which is a deliberate action of transferring an object.",r001,Cooking,Gold,,455.6550086,c41806a7-231e-494f-8e0b-f72587269f79
Stationary,12,,#O A man Y bites #unsure,"Low body/hand motion, likely involves minimal movement.",r001,Cooking,Gold,,456.7245686,c41806a7-231e-494f-8e0b-f72587269f79
Object Transfer,12,,#C C picks chopsticks in a bowl,Logistics step involving picking up objects.,r001,Cooking,Gold,,460.0164786,c41806a7-231e-494f-8e0b-f72587269f79
Locomotion,12,Object Transfer,#C C moves pots,Body moving through space to move objects.,r001,Cooking,Bad,,554.4700552666667,c41806a7-231e-494f-8e0b-f72587269f79
Object Transfer,12,,#C C puts a stone in a tray,Logistics step involving picking up and placing an object.,r001,Cooking,Gold,,563.2202952666668,c41806a7-231e-494f-8e0b-f72587269f79
Essential Operation,12,,#C C rinses soup spoon in the sink,Core task involving high hand activity.,r001,Cooking,Gold,,584.1227052666667,c41806a7-231e-494f-8e0b-f72587269f79
Essential Operation,12,,#C C scoops #unsure in a pot with a soup spoon,Core task involving high hand activity.,r001,Cooking,Gold,,608.3998952666667,c41806a7-231e-494f-8e0b-f72587269f79
Object Transfer,12,Essential Operation,#C C scoops #unsure in a pot with a soup spoon into the sieve dish,Logistics action involving scooping and transferring the item.,r001,Cooking,Bad,,654.1321652666667,c41806a7-231e-494f-8e0b-f72587269f79
Object Transfer,12,,#C C moves sieve dish in the sink,Logistics step involving moving an object to a location.,r001,Cooking,Gold,,739.1982452666667,c41806a7-231e-494f-8e0b-f72587269f79
Stationary,12,,#C C holds a tray,"Low body/hand motion, holding an object without movement.",r001,Cooking,Gold,,760.6974352666667,c41806a7-231e-494f-8e0b-f72587269f79
Essential Operation,12,,#O A man Y hits a pot with chopsticks,Core manual task involving high hand activity.,r001,Cooking,Gold,,785.1629852666667,c41806a7-231e-494f-8e0b-f72587269f79
Essential Operation,12,,#C C shakes #unsure,"[CtxFixed] Shaking an object typically indicates an essential operation such as mixing, stirring, or ensuring the contents are well-distributed. This action is deliberate and functional, rather than a transfer of an object or a mistake.",r001,Cooking,Gold,,787.7022552666667,c41806a7-231e-494f-8e0b-f72587269f79
Object Transfer,12,,#O A man Y puts a spoon in a bowl,Logistics step involving picking up and placing an object.,r001,Cooking,Gold,,800.4857352666668,c41806a7-231e-494f-8e0b-f72587269f79
Object Transfer,12,,#O A man Y picks serviette on table,Logistics step involving picking up an object.,r001,Cooking,Gold,,800.9331452666668,c41806a7-231e-494f-8e0b-f72587269f79
Object Transfer,12,,#O A girl Z moves a bowl on the table,Logistics step involving moving an object.,r001,Cooking,Gold,,824.6998252666667,c41806a7-231e-494f-8e0b-f72587269f79
Essential Operation,12,,#C C turns #unsure with chopsticks in a bowl,"[CtxFixed] The action of turning something with chopsticks in a bowl is likely part of the process of manipulating or consuming food, which is an essential operation.",r001,Cooking,Gold,,882.2304352666667,c41806a7-231e-494f-8e0b-f72587269f79
Locomotion,12,,#O A girl Z moves around,"The action describes movement around a space, indicating locomotion with high body acceleration.",r001,Cooking,Gold,,888.0603052666668,c41806a7-231e-494f-8e0b-f72587269f79
Stationary,12,,#C C holds #unsure with chopsticks in a bowl,"Low body/hand motion, holding position.",r001,Cooking,Gold,,899.3766052666667,c41806a7-231e-494f-8e0b-f72587269f79
Object Transfer,12,,#O A woman Y picks mobile phone on the table,The action involves picking up an object from a surface.,r001,Cooking,Gold,,901.4123652666668,c41806a7-231e-494f-8e0b-f72587269f79
Stationary,12,,#O A woman Y sits on a chair,The action describes a static position with minimal movement.,r001,Cooking,Gold,,916.5234652666668,c41806a7-231e-494f-8e0b-f72587269f79
Object Transfer,12,,#C C picks #unsure with chopsticks in a bowl,Logistics step involving picking up an object.,r001,Cooking,Gold,,928.1672552666666,c41806a7-231e-494f-8e0b-f72587269f79
Object Transfer,12,,#C C puts a bowl in the cabinet,"Logistics/Setup step, moving an object to a location.",r001,Cooking,Gold,,980.8618352666668,c41806a7-231e-494f-8e0b-f72587269f79
Object Transfer,12,,#C C puts a bowl on the table,Logistics step involving picking up and placing down an object.,r001,Cooking,Gold,,993.1591452666668,c41806a7-231e-494f-8e0b-f72587269f79
Essential Operation,12,,#O A girl Z stirs #unsure in a bowl with chopsticks,Core manual task involving high hand activity.,r001,Cooking,Gold,,1057.1277552666668,c41806a7-231e-494f-8e0b-f72587269f79
Stationary,12,Essential Operation,#O A girl Z licks chopsticks,"Low body/hand motion, mostly hand to mouth.",r001,Cooking,Bad,,1097.826021933333,c41806a7-231e-494f-8e0b-f72587269f79
Essential Operation,12,,#C C hits pot with chopsticks,Core task involving high hand activity.,r001,Cooking,Gold,,1126.6608819333333,c41806a7-231e-494f-8e0b-f72587269f79
Essential Operation,12,Object Transfer,#O A man Y moves chopsticks,Core task involving high hand activity with chopsticks.,r001,Cooking,Bad,,1147.203451933333,c41806a7-231e-494f-8e0b-f72587269f79
Essential Operation,12,,#O A man Y bites potato,Core task involving manual manipulation (biting the potato).,r001,Cooking,Gold,,1148.9317919333332,c41806a7-231e-494f-8e0b-f72587269f79
Essential Operation,12,Object Transfer,#C C moves potato in a bowl with chopsticks,"Core task involving manipulation with chopsticks, high hand activity.",r001,Cooking,Bad,,1156.4993019333333,c41806a7-231e-494f-8e0b-f72587269f79
Stationary,12,,#O A man Y holds potato with chopsticks in a bowl,"The action describes holding an object, which involves minimal body or hand movement.",r001,Cooking,Gold,,1261.7309719333334,c41806a7-231e-494f-8e0b-f72587269f79
Object Transfer,12,,#O A man Y moves potato with chopsticks in a bowl,Logistics step involving picking up and moving an object.,r001,Cooking,Gold,,1264.1168619333332,c41806a7-231e-494f-8e0b-f72587269f79
Object Transfer,12,,#O A man Y moves potato in a bowl with chopsticks,Logistics step involving the manipulation of objects.,r001,Cooking,Gold,,1331.522071933333,c41806a7-231e-494f-8e0b-f72587269f79
Essential Operation,12,Object Transfer,#O A man Y moves #unsure in a bowl with chopsticks,"[CtxFixed] The current action involves the man using chopsticks to manipulate food in a bowl, which is a continuation of the previous essential operations involving scooping and putting food in a bowl.",r001,Cooking,Bad,,1378.0212819333333,c41806a7-231e-494f-8e0b-f72587269f79
Stationary,12,,#O A girl Z scratches face,"Low body/hand motion, typically an idle or waiting action.",r001,Cooking,Gold,,1531.4913119333332,c41806a7-231e-494f-8e0b-f72587269f79
Object Transfer,12,,#O A man Y moves bowl on the table,"The action involves moving an object (bowl) on a surface, which corresponds to logistics or setup steps.",r001,Cooking,Gold,,1532.4758119333333,c41806a7-231e-494f-8e0b-f72587269f79
Object Transfer,12,,#O A man Y picks #unsure in a bowl with chopsticks,"Logistics step, picking up an object with chopsticks.",r001,Cooking,Gold,,1545.4194919333331,c41806a7-231e-494f-8e0b-f72587269f79
Essential Operation,12,,#C C wipes #unsure with a serviette,Core task involving high hand activity.,r001,Cooking,Gold,,1638.8864385999998,c41806a7-231e-494f-8e0b-f72587269f79
Object Transfer,12,,#C C moves serviette on table,Logistics step involving moving an object on the table.,r001,Cooking,Gold,,1802.9020286,c41806a7-231e-494f-8e0b-f72587269f79
Search,12,Essential Operation,#C C turns eggplant in a plate,Head and hand movements involved in visual inspection/monitoring.,r001,Cooking,Bad,,1822.0727986,c41806a7-231e-494f-8e0b-f72587269f79
Stationary,12,Essential Operation,#O A girl Z eats #unsure,"Low body/hand motion, eating involves minimal movement.",r001,Cooking,Bad,,1825.3574486,c41806a7-231e-494f-8e0b-f72587269f79
Object Transfer,12,,#C C picks chopsticks on a plate,"Logistics/Setup step, picking up objects.",r001,Cooking,Gold,,1842.9188086,c41806a7-231e-494f-8e0b-f72587269f79
Search,12,,#O A man Y looks around,"Head movement (visual search), hands mostly still.",r001,Cooking,Gold,,1879.5156086,c41806a7-231e-494f-8e0b-f72587269f79
Object Transfer,12,,#O A man Y moves a mobile phone on the table,"The action involves moving an object (mobile phone) on a surface, which is a logistics step.",r001,Cooking,Gold,,1908.0518086,c41806a7-231e-494f-8e0b-f72587269f79
Search,12,Object Transfer,#O A man Y moves mobile phone,"Head movement (looking at phone), hands mostly still.",r001,Cooking,Bad,,1934.5926386,c41806a7-231e-494f-8e0b-f72587269f79
Stationary,12,,#O A girl Z moves hand,"Low body/hand motion, likely idle or talking.",r001,Cooking,Gold,,1975.6657686,c41806a7-231e-494f-8e0b-f72587269f79
Stationary,12,Object Transfer,#C C puts #unsure in mouth,"Low body/hand motion, likely involves minimal movement.",r001,Cooking,Bad,,2002.3314286,c41806a7-231e-494f-8e0b-f72587269f79
Stationary,12,,#O A girl Z holds chopsticks,Holding chopsticks is a static action with minimal movement.,r001,Cooking,Gold,,2003.9593686,c41806a7-231e-494f-8e0b-f72587269f79
Object Transfer,12,,#O A girl Z picks #unsure in a bowl with chopsticks,Logistics step involving picking up an item with chopsticks.,r001,Cooking,Gold,,2048.9513386,c41806a7-231e-494f-8e0b-f72587269f79
Stationary,12,,#O A man Y holds chopsticks,Holding chopsticks involves minimal movement and is a stationary action.,r001,Cooking,Gold,,2154.253645266667,c41806a7-231e-494f-8e0b-f72587269f79
Stationary,12,,#C C holds chopsticks in plate,"Low body/hand motion, holding position.",r001,Cooking,Gold,,2174.908905266667,c41806a7-231e-494f-8e0b-f72587269f79
Stationary,12,Essential Operation,#C C eats foods from her plate with chopsticks,"Low body/hand motion, focused on eating.",r001,Cooking,Bad,,2178.471575266667,c41806a7-231e-494f-8e0b-f72587269f79
Object Transfer,12,Essential Operation,#C C serves food in her plate from plate with chopsticks,Logistics of moving food from one plate to another using chopsticks.,r001,Cooking,Bad,,2252.921135266667,c41806a7-231e-494f-8e0b-f72587269f79
Locomotion,12,,#C C stands from dining seat,Body moving through space (standing up).,r001,Cooking,Gold,,2295.862305266667,c41806a7-231e-494f-8e0b-f72587269f79
Object Transfer,12,Essential Operation,#C C opens upper kitchen cabinet door,Logistics action involving opening a cabinet door.,r001,Cooking,Bad,,2322.031465266667,c41806a7-231e-494f-8e0b-f72587269f79
Object Transfer,12,Essential Operation,#C C wipes hand on paper serviette on table,"Logistics step, short burst of hand activity.",r001,Cooking,Bad,,2350.7420752666667,c41806a7-231e-494f-8e0b-f72587269f79
Stationary,12,Essential Operation,#O man B eats on table with chopsticks,"Low body/hand motion, eating at a table.",r001,Cooking,Bad,,2430.279115266667,c41806a7-231e-494f-8e0b-f72587269f79
Essential Operation,12,,#C C serves food in her plate with chopsticks,Core task involving fine motor skills and manipulation with chopsticks.,r001,Cooking,Gold,,2538.533665266667,c41806a7-231e-494f-8e0b-f72587269f79
Essential Operation,12,,#C C stirs food in pot with chopsticks,Core task involving repetitive hand movements.,r001,Cooking,Gold,,2539.5515152666667,c41806a7-231e-494f-8e0b-f72587269f79
Object Transfer,12,,#C C drops chopsticks on plate on table,Refined via regex fallback,r001,Cooking,Gold,,2557.2284452666668,c41806a7-231e-494f-8e0b-f72587269f79
Stationary,12,Essential Operation,#O girl A eats her ice,"Low body/hand motion, eating is a relatively stationary activity.",r001,Cooking,Bad,,2595.493655266667,c41806a7-231e-494f-8e0b-f72587269f79
Object Transfer,12,Essential Operation,#C C serves food in her plate from pot with chopsticks,Logistics of transferring food from pot to plate using chopsticks.,r001,Cooking,Bad,,2655.9202019333334,c41806a7-231e-494f-8e0b-f72587269f79
Object Transfer,12,,#C C picks her eating chopsticks from plate on table,Logistics step involving picking up an object.,r001,Cooking,Gold,,2678.1558619333337,c41806a7-231e-494f-8e0b-f72587269f79
Essential Operation,12,,#C C eats from her plate with chopsticks,Core manual task involving hand manipulation.,r001,Cooking,Gold,,2719.3807719333336,c41806a7-231e-494f-8e0b-f72587269f79
Stationary,12,Object Transfer,#C C positions serviette paper on table,"The action involves placing an item on a table, which implies a brief, low-energy movement.",r001,Cooking,Bad,,2720.1221819333336,c41806a7-231e-494f-8e0b-f72587269f79
Essential Operation,12,,#C C folds serviette paper,Core manual task involving precise hand movements.,r001,Cooking,Gold,,2879.3778519333337,c41806a7-231e-494f-8e0b-f72587269f79
Stationary,12,Search,#O man B watches phone on table,"Low body/hand motion, focus on a stationary object.",r001,Cooking,Bad,,2956.030831933333,c41806a7-231e-494f-8e0b-f72587269f79
Stationary,12,,#C C wipes hand on serviette on table,"Low body/hand motion, brief action.",r001,Cooking,Gold,,2960.6397519333336,c41806a7-231e-494f-8e0b-f72587269f79
Stationary,12,Essential Operation,#C C eats food from her plate with chopsticks,"Eating involves minimal movement, mostly hand activity but not high enough to classify as Essential Operation.",r001,Cooking,Bad,,2968.175851933333,c41806a7-231e-494f-8e0b-f72587269f79
Object Transfer,12,,#C C drops paper wipe back to table,Refined via regex fallback,r001,Cooking,Gold,,3011.264761933334,c41806a7-231e-494f-8e0b-f72587269f79
Search,12,,#O man A watches phone on table,"Head movement (visual monitoring), hands mostly still.",r001,Cooking,Gold,,3025.299811933334,c41806a7-231e-494f-8e0b-f72587269f79
Stationary,12,Essential Operation,#C C operates her phone on table,"Low body/hand motion, likely involves minor finger movements.",r001,Cooking,Bad,,3087.3516019333338,c41806a7-231e-494f-8e0b-f72587269f79
Stationary,12,,#C C holds wires in the light fitting with his left hand.,"Low body/hand motion, holding position.",r001,Mechanical Repair,Gold,,92.0506,c7d31de3-e2fc-4542-a318-7719a6922bb4
Stationary,12,,#C C holds a lamp base on the light fitting with his right hand.,"Low body/hand motion, holding an object.",r001,Mechanical Repair,Gold,,136.92639,c7d31de3-e2fc-4542-a318-7719a6922bb4
Object Transfer,12,,#C C drops the screw in a toolbox. #Unsure,"[CtxFixed] The action involves deliberately placing the screw into a toolbox, which is a deliberate placement action.",r001,Mechanical Repair,Gold,,191.01615,c7d31de3-e2fc-4542-a318-7719a6922bb4
Object Transfer,12,Essential Operation,#C C adjusts the plastic bag in the carton with his left hand.,Logistics step involving picking up and placing the plastic bag.,r001,Mechanical Repair,Bad,,208.94661,c7d31de3-e2fc-4542-a318-7719a6922bb4
Object Transfer,12,,#C C drops the light fitting in the carton. #Unsure,"[CtxFixed] The action of dropping the light fitting into the carton appears to be a deliberate placement, which fits the definition of 'Object Transfer'.",r001,Mechanical Repair,Gold,,237.93563,c7d31de3-e2fc-4542-a318-7719a6922bb4
Search,12,,#C C looks up to the ceiling rose.,"Head movement (visual search), hands mostly still.",r001,Mechanical Repair,Gold,,244.00303,c7d31de3-e2fc-4542-a318-7719a6922bb4
Stationary,12,Essential Operation,#C C turns the page of the book.,"Low body/hand motion, focused on reading.",r001,Mechanical Repair,Bad,,258.01927,c7d31de3-e2fc-4542-a318-7719a6922bb4
Locomotion,12,,#C C walks to another table in the apartment.,Body moving through space (walking).,r001,Mechanical Repair,Gold,,318.94879000000003,c7d31de3-e2fc-4542-a318-7719a6922bb4
Object Transfer,12,,#C C removes the cover from the pen.,Logistics step involving picking up and removing an object.,r001,Mechanical Repair,Gold,,323.21227,c7d31de3-e2fc-4542-a318-7719a6922bb4
Search,12,Essential Operation,#C C measures the bracket against a ceiling rose on the ceiling of the apartment.,"Visual alignment and inspection, head and hand movement to compare objects.",r001,Mechanical Repair,Bad,,337.94735000000003,c7d31de3-e2fc-4542-a318-7719a6922bb4
Essential Operation,12,,#C C marks a hole in the ceiling rose through the bracket.,Marking involves a core manual task with high hand activity.,r001,Mechanical Repair,Gold,,369.97547,c7d31de3-e2fc-4542-a318-7719a6922bb4
Stationary,12,,#C C holds the terminal with his left hand. #Unsure,Holding an object with minimal movement.,r001,Mechanical Repair,Gold,,453.79924,c7d31de3-e2fc-4542-a318-7719a6922bb4
Stationary,12,,#C C waves dust off his face with his face hand. #Unsure,"Low body/hand motion, more of a gesture.",r001,Mechanical Repair,Gold,,612.0716866666667,c7d31de3-e2fc-4542-a318-7719a6922bb4
Object Transfer,12,,#C C removes the drill from the ceiling rose.,Action involves taking an object (drill) from a location (ceiling rose).,r001,Mechanical Repair,Gold,,726.0485566666666,c7d31de3-e2fc-4542-a318-7719a6922bb4
Search,12,Essential Operation,#C C measures a bracelet against the ceiling rose.,"Visual search or monitoring, likely involves head movement to compare the bracelet size with the ceiling rose.",r001,Mechanical Repair,Bad,,805.9048266666666,c7d31de3-e2fc-4542-a318-7719a6922bb4
Essential Operation,12,,#C C adjusts wires in the light fitting with his left hand.,Core manual task involving precise hand movements.,r001,Mechanical Repair,Gold,,839.0009566666668,c7d31de3-e2fc-4542-a318-7719a6922bb4
Essential Operation,12,,#C C drills the hole with the drill.,Core manual task involving high hand activity.,r001,Mechanical Repair,Gold,,871.7541766666667,c7d31de3-e2fc-4542-a318-7719a6922bb4
Search,12,,#C C examines the drywall screw,"Visual inspection (head movement), hands mostly still.",r001,Mechanical Repair,Gold,,915.1286066666668,c7d31de3-e2fc-4542-a318-7719a6922bb4
Essential Operation,12,,#C C inserts a drywall screw into the drilled hole.,Core manual task involving precise hand movements.,r001,Mechanical Repair,Gold,,963.8006166666668,c7d31de3-e2fc-4542-a318-7719a6922bb4
Locomotion,12,,#C C climbs a ladder in the bedroom.,"Body moving through space, involves climbing.",r001,Mechanical Repair,Gold,,1206.1821833333331,c7d31de3-e2fc-4542-a318-7719a6922bb4
Object Transfer,12,,#C C puts the toothpicks in the toolbox.,"Logistics step, putting an object in a place.",r001,Mechanical Repair,Gold,,1299.3712033333334,c7d31de3-e2fc-4542-a318-7719a6922bb4
Essential Operation,12,,#C C turns the screw into the hole with his hand.,Core manual task involving high hand activity.,r001,Mechanical Repair,Gold,,1338.4145733333337,c7d31de3-e2fc-4542-a318-7719a6922bb4
Object Transfer,12,,#C C moves a container on a table in the bedroom.,Logistics step involving moving an object.,r001,Mechanical Repair,Gold,,1418.3812833333334,c7d31de3-e2fc-4542-a318-7719a6922bb4
Object Transfer,12,,#C C removes a ceiling box from the carton.,Logistics step involving the removal of an object from a container.,r001,Mechanical Repair,Gold,,1423.5225733333334,c7d31de3-e2fc-4542-a318-7719a6922bb4
Object Transfer,12,,#C C drops the small screwdriver back in the set.,Refined via regex fallback,r001,Mechanical Repair,Gold,,1489.8557933333334,c7d31de3-e2fc-4542-a318-7719a6922bb4
Search,12,,#C C examines the wire nut in the ceiling box.,"Visual inspection, likely involves head movement and minimal hand activity.",r001,Mechanical Repair,Gold,,1497.0399133333333,c7d31de3-e2fc-4542-a318-7719a6922bb4
Object Transfer,12,,#C C transfers the outer sheath from his right hand to his left hand.,Logistics step involving the movement of an object between hands.,r001,Mechanical Repair,Gold,,1538.6240033333331,c7d31de3-e2fc-4542-a318-7719a6922bb4
Essential Operation,12,,#C C covers the wires with the outer sheath.,Core task involving manual dexterity with hands.,r001,Mechanical Repair,Gold,,1630.946448,c7d31de3-e2fc-4542-a318-7719a6922bb4
Essential Operation,12,,#C C covers two of the wires with the outer sheath.,Core manual task involving precise hand movements.,r001,Mechanical Repair,Gold,,1651.30948,c7d31de3-e2fc-4542-a318-7719a6922bb4
Stationary,12,,#C C holds two of the wires on the ceiling.,"Low body/hand motion, holding position.",r001,Mechanical Repair,Gold,,1771.87937,c7d31de3-e2fc-4542-a318-7719a6922bb4
Essential Operation,12,,#C C cleans inside of the ceiling box with his right thumb.,"Core manual task, high hand activity.",r001,Mechanical Repair,Gold,,1872.55379,c7d31de3-e2fc-4542-a318-7719a6922bb4
Stationary,12,Search,#C C looks towards the bed in the bedroom.,Looking involves minimal body movement and is a form of visual monitoring.,r001,Mechanical Repair,Bad,,1980.96474,c7d31de3-e2fc-4542-a318-7719a6922bb4
Stationary,12,,#C C holds the wire nut in the ceiling box.,"Low body/hand motion, holding an object in place.",r001,Mechanical Repair,Gold,,1991.26127,c7d31de3-e2fc-4542-a318-7719a6922bb4
Object Transfer,12,,#C C removes a plastic bag from a bucket with his right hand.,Logistics action involving picking up and removing an object.,r001,Cleaning,Gold,,49.4177996,c98a5a59-ff86-44fd-a091-9a6c54778a99
Stationary,12,Essential Operation,#C C adjusts the bucket with his left hand.,Adjusting an object typically involves minimal movement and can be considered a low-energy action.,r001,Cleaning,Bad,,49.8058896,c98a5a59-ff86-44fd-a091-9a6c54778a99
Object Transfer,12,,#C C puts the metal rod in the carjack,Logistics step involving the placement of an object.,r001,Mechanical Repair,Gold,,21.841299600000003,cb6239fb-c4ba-4e64-9e23-9a6a935568e5
Locomotion,12,Object Transfer,#C C moves the carjack,"Body moving through space to operate the carjack, likely involves significant body movement.",r001,Mechanical Repair,Bad,,24.047469600000003,cb6239fb-c4ba-4e64-9e23-9a6a935568e5
Object Transfer,12,,#C C puts back the metal rod,"Logistics/Setup step, putting an object back.",r001,Mechanical Repair,Gold,,128.4495996,cb6239fb-c4ba-4e64-9e23-9a6a935568e5
Essential Operation,12,,#C C turns the wheel,"Core manual task involving hand rotation, high hand activity.",r001,Mechanical Repair,Gold,,149.8584096,cb6239fb-c4ba-4e64-9e23-9a6a935568e5
Locomotion,12,,#C C stands from his knees,"Body movement through space, specifically standing up.",r001,Mechanical Repair,Gold,,152.0522796,cb6239fb-c4ba-4e64-9e23-9a6a935568e5
Search,12,,#C C looks under the vehicle,"Head movement (visual search), hands mostly still.",r001,Mechanical Repair,Gold,,289.7709009546634,cb6239fb-c4ba-4e64-9e23-9a6a935568e5
Essential Operation,12,,#C C adjusts a nut,Core manual task involving high hand activity.,r001,Mechanical Repair,Gold,,366.8453009546634,cb6239fb-c4ba-4e64-9e23-9a6a935568e5
Object Transfer,12,,#C C takes a pipe wrench,Logistics step of picking up the tool.,r001,Mechanical Repair,Gold,,424.7523609546634,cb6239fb-c4ba-4e64-9e23-9a6a935568e5
Stationary,12,,#C C holds the sachet on the hands,"Low body/hand motion, holding position.",r001,Mechanical Repair,Gold,,471.8320509546634,cb6239fb-c4ba-4e64-9e23-9a6a935568e5
Object Transfer,12,,#C C puts the sachet on the box,"Logistics step, placing an object.",r001,Mechanical Repair,Gold,,475.23146095466336,cb6239fb-c4ba-4e64-9e23-9a6a935568e5
Object Transfer,12,,#C C takes a spanner sachet,Logistics/Setup step (taking an object).,r001,Mechanical Repair,Gold,,490.1383209546634,cb6239fb-c4ba-4e64-9e23-9a6a935568e5
Search,12,Essential Operation,#C C touches items in the box,Implies a visual or tactile search for specific items.,r001,Mechanical Repair,Bad,,498.7292409546634,cb6239fb-c4ba-4e64-9e23-9a6a935568e5
Locomotion,12,,#C C bends beside the vehicle,"Body movement to change position, involves bending and moving to a new location.",r001,Mechanical Repair,Gold,,547.9750442879966,cb6239fb-c4ba-4e64-9e23-9a6a935568e5
Stationary,12,Search,#C C looks at the entrance,"Low body/hand motion, visual inspection.",r001,Mechanical Repair,Bad,,616.1949442879968,cb6239fb-c4ba-4e64-9e23-9a6a935568e5
Stationary,12,,#C C stands besides the car,"Low body/hand motion, indicating a pause or idle state.",r001,Mechanical Repair,Gold,,622.3560842879967,cb6239fb-c4ba-4e64-9e23-9a6a935568e5
Object Transfer,12,,#C C puts down the hammer,"Logistics step, putting down an object.",r001,Carpentry,Gold,,204.34661,cbc80fb5-5508-484d-bfc5-d56650cdf838
Essential Operation,12,,#C C tightens the wire holder,Core manual task involving hand activity.,r001,Carpentry,Gold,,222.02954,cbc80fb5-5508-484d-bfc5-d56650cdf838
Object Transfer,12,,#C C hangs the bucket,"Logistics step, moving the bucket to a new location.",r001,Carpentry,Gold,,375.82754,cbc80fb5-5508-484d-bfc5-d56650cdf838
Object Transfer,12,,#C C puts the wire holder in the other hand,Logistics step involving the transfer of an object in the hand.,r001,Carpentry,Gold,,491.28923,cbc80fb5-5508-484d-bfc5-d56650cdf838
Essential Operation,12,,#C C fixes the wire holder on the wire,Core manual task involving precise hand movements.,r001,Carpentry,Gold,,538.0516246666667,cbc80fb5-5508-484d-bfc5-d56650cdf838
Stationary,12,Essential Operation,#C C touches the wire on the wall,"Low body/hand motion, likely involves visual inspection or touch.",r001,Carpentry,Bad,,544.5146946666667,cbc80fb5-5508-484d-bfc5-d56650cdf838
Object Transfer,12,,#C C inserts the holder on the wire,"The action involves placing an object (holder) onto a wire, which is a logistics step.",r001,Carpentry,Gold,,550.4140446666667,cbc80fb5-5508-484d-bfc5-d56650cdf838
Search,12,Essential Operation,#C C draws a circle on the wall,"Visual search or monitoring to draw on the wall, head movement involved.",r001,Carpentry,Bad,,554.9782746666666,cbc80fb5-5508-484d-bfc5-d56650cdf838
Object Transfer,12,,#C C takes the metal holder,Logistics/Setup step.,r001,Carpentry,Gold,,556.0442366666666,cbc80fb5-5508-484d-bfc5-d56650cdf838
Object Transfer,12,,#C C picks the mug,Logistics step involving picking up an object.,r001,Cleaning,Gold,,40.2209886,ceba5343-c1d5-4f8a-a6bb-ef39c3923e6e
Object Transfer,12,,#C C picks tin top,"Logistics/Setup step, picking up an object.",r001,Cleaning,Gold,,164.6932186,ceba5343-c1d5-4f8a-a6bb-ef39c3923e6e
Object Transfer,12,,#C C drops the bowls,"[CtxFixed] The action of dropping the bowls is a deliberate placement onto a surface, which fits the criteria for 'Object Transfer'.",r001,Cleaning,Gold,,277.39903860000004,ceba5343-c1d5-4f8a-a6bb-ef39c3923e6e
Essential Operation,12,,#C C dries the tin,Core task involving manual effort with hands.,r001,Cleaning,Gold,,333.4197333326276,ceba5343-c1d5-4f8a-a6bb-ef39c3923e6e
Essential Operation,12,,#C C pours the coffee,Core task involving high hand activity.,r001,Cleaning,Gold,,372.6147733326276,ceba5343-c1d5-4f8a-a6bb-ef39c3923e6e
Locomotion,12,Essential Operation,#C C pushes in the dish rack shelf,"Body movement to push in the dish rack shelf, involving high body acceleration.",r001,Cleaning,Bad,,574.5763334828125,ceba5343-c1d5-4f8a-a6bb-ef39c3923e6e
Object Transfer,12,,#C C picks #unsure from the counter,Logistics step of picking up an item.,r001,Cleaning,Gold,,575.7118434828126,ceba5343-c1d5-4f8a-a6bb-ef39c3923e6e
Object Transfer,12,,#C C picks saucepan from the counter,Logistics step involving picking up an object.,r001,Cleaning,Gold,,592.5096734828126,ceba5343-c1d5-4f8a-a6bb-ef39c3923e6e
Object Transfer,12,,#C C picks disposable cups from the counter,Logistics step involving picking up objects.,r001,Cleaning,Gold,,636.5112534828125,ceba5343-c1d5-4f8a-a6bb-ef39c3923e6e
Essential Operation,12,,#C C dries the tin with towel,Core task involving high hand activity.,r001,Cleaning,Gold,,714.4628534828125,ceba5343-c1d5-4f8a-a6bb-ef39c3923e6e
Object Transfer,12,,#C C picks mug from the sink,Logistics step involving picking up an object.,r001,Cleaning,Gold,,789.9684234828126,ceba5343-c1d5-4f8a-a6bb-ef39c3923e6e
Stationary,12,Essential Operation,#C C touches #unsure on the sink,"Low body/hand motion, possibly inspecting or waiting.",r001,Cleaning,Bad,,822.7995634828126,ceba5343-c1d5-4f8a-a6bb-ef39c3923e6e
Locomotion,12,,#C C walks to the other end of the wood.,"Body moving through space, indicative of walking.",r001,Carpentry,Gold,,4.3158996,d00c985e-9038-4e6d-912f-4daa938bbcc6
Stationary,12,,#C C says something again.,Low body/hand motion.,r001,Carpentry,,Skip,40.771789600000005,d00c985e-9038-4e6d-912f-4daa938bbcc6
Essential Operation,12,,#C C tightens the wire pipe connector.,Core task involving manual operation with high hand activity.,r001,Carpentry,Gold,,1.7783196,d1f59fb1-5f81-4bd4-b3f1-81d69ab71ef6
Locomotion,12,,#C C steps towards the table.,"Movement through space, indicative of walking or stepping.",r001,Carpentry,Gold,,11.352159599999998,d1f59fb1-5f81-4bd4-b3f1-81d69ab71ef6
Object Transfer,12,,#C C drops pen cover on the table.,Refined via regex fallback,r001,Carpentry,Gold,,16.657549600000003,d1f59fb1-5f81-4bd4-b3f1-81d69ab71ef6
Essential Operation,12,,#C C drills a hole on the socket back box.,Core task involving high hand activity and focused manual operation.,r001,Carpentry,Gold,,45.2328696,d1f59fb1-5f81-4bd4-b3f1-81d69ab71ef6
Essential Operation,12,,#C C drills a hole on the socket back box again.,Core manual task involving high hand activity.,r001,Carpentry,Gold,,53.8011496,d1f59fb1-5f81-4bd4-b3f1-81d69ab71ef6
Object Transfer,12,,#C C removes grill bit from hand drill.,Logistics step involving the removal of a tool from the drill.,r001,Carpentry,Gold,,92.9021496,d1f59fb1-5f81-4bd4-b3f1-81d69ab71ef6
Essential Operation,12,,#C C inserts the wire into the socket back box.,Core task involving fine motor skills and high hand activity.,r001,Carpentry,Gold,,132.28783959999998,d1f59fb1-5f81-4bd4-b3f1-81d69ab71ef6
Essential Operation,12,,#C C screws the socket back box to the table.,Core manual task involving high hand activity.,r001,Carpentry,Gold,,216.8605896,d1f59fb1-5f81-4bd4-b3f1-81d69ab71ef6
Object Transfer,12,Essential Operation,#C C touches the socket back box under the table.,Logistics action involving picking up or interacting with an object.,r001,Carpentry,Bad,,225.9437296,d1f59fb1-5f81-4bd4-b3f1-81d69ab71ef6
Essential Operation,12,,#C C pushes the clip up the wire with his right hand #unsure,Core task involving high hand activity.,r001,Carpentry,Gold,,293.0486509546634,d1f59fb1-5f81-4bd4-b3f1-81d69ab71ef6
Object Transfer,12,Stationary,#C C removes his right hand from the wire clip #unsure,"Action involves removing a hand from an object, which is part of logistics or setup.",r001,Carpentry,Bad,,294.8011009546634,d1f59fb1-5f81-4bd4-b3f1-81d69ab71ef6
Search,12,,#C C looks on the floor,"Head movement (visual search), hands mostly still.",r001,Carpentry,Gold,,309.1289709546634,d1f59fb1-5f81-4bd4-b3f1-81d69ab71ef6
Object Transfer,12,,#C C pulls out the white wire from the wire clips with his right hand #unsure,"The action involves moving an object (wire), which is a logistics step.",r001,Carpentry,Gold,,366.9289709546634,d1f59fb1-5f81-4bd4-b3f1-81d69ab71ef6
Essential Operation,12,,#C C adjusts the drilling tool,Core task involving high hand activity and manipulation.,r001,Carpentry,Gold,,379.4847309546634,d1f59fb1-5f81-4bd4-b3f1-81d69ab71ef6
Object Transfer,12,,#C C separates the drilling tool from the wire clip #unsure,"The action involves separating a tool from a clip, which is a logistics step.",r001,Carpentry,Gold,,395.7908109546634,d1f59fb1-5f81-4bd4-b3f1-81d69ab71ef6
Essential Operation,12,,#C C pushes the wire clip up the wire with his right hand,Core manual task involving high hand activity.,r001,Carpentry,Gold,,422.6623009546634,d1f59fb1-5f81-4bd4-b3f1-81d69ab71ef6
Stationary,12,,#C C removes right hand from the top of the table,"The action describes a removal of hand from an object, indicating a pause or end of an action rather than continuous motion or interaction.",r001,Carpentry,Gold,,517.0623009546633,d1f59fb1-5f81-4bd4-b3f1-81d69ab71ef6
Object Transfer,12,,#C C drops the scissors on the floor.,Refined via regex fallback,r001,Carpentry,Gold,,717.8816376213301,d1f59fb1-5f81-4bd4-b3f1-81d69ab71ef6
Stationary,12,,#C C moves his right hand under the table again.,The action describes a movement that is likely preparatory or exploratory and does not involve significant body or hand motion.,r001,Carpentry,Gold,,749.4851676213301,d1f59fb1-5f81-4bd4-b3f1-81d69ab71ef6
Object Transfer,12,,#C C picks the pack of cable ties with his right hand.,"Logistics/Setup step, picking up an object.",r001,Carpentry,Gold,,760.79552762133,d1f59fb1-5f81-4bd4-b3f1-81d69ab71ef6
Object Transfer,12,,#C C removes a cable tie from the pack.,"The action involves picking up or removing an object from a container, which is a logistics step.",r001,Carpentry,Gold,,816.79019762133,d1f59fb1-5f81-4bd4-b3f1-81d69ab71ef6
Stationary,12,,#C C holds wires under the table,"The action involves holding wires, which is a low-energy, static activity.",r001,Carpentry,Gold,,851.3962876213301,d1f59fb1-5f81-4bd4-b3f1-81d69ab71ef6
Object Transfer,12,,#C C removes a cable tie from the bunch of cable ties.,Logistics step involving picking up and removing an object.,r001,Carpentry,Gold,,867.93057762133,d1f59fb1-5f81-4bd4-b3f1-81d69ab71ef6
Stationary,12,Essential Operation,#C C straightens the wire,Straightening wire is a fine motor task that does not involve significant body or hand acceleration.,r001,Carpentry,Bad,,937.60023762133,d1f59fb1-5f81-4bd4-b3f1-81d69ab71ef6
Stationary,12,,#C C removes his right hand under the table.,"The action describes a removal of a hand, which is a minor movement and indicates a pause or transition, suggesting low overall energy.",r001,Carpentry,Gold,,1026.15122762133,d1f59fb1-5f81-4bd4-b3f1-81d69ab71ef6
Object Transfer,12,,#C C picks the wire mesh cable tray,Logistics step involving picking up an object.,r001,Carpentry,Gold,,57.91482,d24836a0-f1eb-4093-8966-849e4a0d1fa8
Essential Operation,12,,#C C draws the wall,Core task involving high hand activity.,r001,Carpentry,Gold,,99.94782,d24836a0-f1eb-4093-8966-849e4a0d1fa8
Object Transfer,12,,#C C picks spirit level,Logistics step of picking up an object.,r001,Carpentry,Gold,,110.64629,d24836a0-f1eb-4093-8966-849e4a0d1fa8
Stationary,12,Object Transfer,#C C places spirit level on the wall,Placing an object on a surface involves minimal body and hand movement.,r001,Carpentry,Bad,,113.95776,d24836a0-f1eb-4093-8966-849e4a0d1fa8
Search,12,,#C C stares at the spirit level,"Head movement (visual inspection), hands mostly still.",r001,Carpentry,Gold,,126.12246,d24836a0-f1eb-4093-8966-849e4a0d1fa8
Object Transfer,12,,#C C places spirit level on the board,"Placing an object on a surface, logistics step.",r001,Carpentry,Gold,,144.24384,d24836a0-f1eb-4093-8966-849e4a0d1fa8
Object Transfer,12,,#C C picks the drill bit,Logistics step involving picking up an object.,r001,Carpentry,Gold,,160.82569,d24836a0-f1eb-4093-8966-849e4a0d1fa8
Essential Operation,12,,#C C hits the other bolt,Core manual task involving high hand activity.,r001,Carpentry,Gold,,288.62124,d24836a0-f1eb-4093-8966-849e4a0d1fa8
Object Transfer,12,,#C C puts ratchet into the bucket,"Logistics step, putting an object into a container.",r001,Carpentry,Gold,,390.44438,d24836a0-f1eb-4093-8966-849e4a0d1fa8
Stationary,12,Search,#C C stares at the wire mesh cable tray,"Low body/hand motion, focused gaze.",r001,Carpentry,Bad,,451.91548,d24836a0-f1eb-4093-8966-849e4a0d1fa8
Object Transfer,12,,#C C removes the board,"Removing an object from a location, involves logistics.",r001,Carpentry,Gold,,541.8834346666666,d24836a0-f1eb-4093-8966-849e4a0d1fa8
Essential Operation,12,,#O Person B operates the machine,Core task involving high hand activity and focused operation.,r001,Carpentry,Gold,,714.3759666666667,d24836a0-f1eb-4093-8966-849e4a0d1fa8
Stationary,12,,#C C holds the wire maze,"Holding an object without moving, low body/hand motion.",r001,Carpentry,Gold,,723.6242466666666,d24836a0-f1eb-4093-8966-849e4a0d1fa8
Search,12,,#C C looks at the bucket,"Visual search with head movement, hands mostly still.",r001,Carpentry,Gold,,985.7239566666668,d24836a0-f1eb-4093-8966-849e4a0d1fa8
Object Transfer,12,,#C C places drill on the board,"Placing an object on a surface, logistics step.",r001,Carpentry,Gold,,1662.32574,d24836a0-f1eb-4093-8966-849e4a0d1fa8
Search,12,,#C C searches in the bucket,"Head movement (visual search), hands mostly still.",r001,Carpentry,Gold,,1683.75499,d24836a0-f1eb-4093-8966-849e4a0d1fa8
Object Transfer,12,,#C C picks the bolt,Logistics step of picking up an object.,r001,Carpentry,Gold,,1749.67575,d24836a0-f1eb-4093-8966-849e4a0d1fa8
Object Transfer,12,,#C C places ratchet into the bucket,Logistics step involving placing an object.,r001,Carpentry,Gold,,1852.18398,d24836a0-f1eb-4093-8966-849e4a0d1fa8
Essential Operation,12,,#C C hits #unsure,"High hand activity, likely involves striking or hitting which is a core manual task.",r001,Carpentry,Gold,,1858.34369,d24836a0-f1eb-4093-8966-849e4a0d1fa8
Object Transfer,12,,#C C puts a box on top of another box,Logistics step involving picking up and placing an object.,r001,Cleaning,Gold,,10.2355786,d44e1498-d9ab-4857-ae4b-947d5a4f945a
Locomotion,12,,# C C Coves forward,"[CtxFixed] The current action describes movement without any indication of picking up, placing down, or interacting with objects.",r001,Playing Instrument,,Skip,4.5254986,d45beaf4-ca3c-4a0f-9cee-548d93ae4c71
Stationary,12,,#C C points the finger up,"Low body/hand motion, likely indicating a pause or preparation.",r001,Playing Instrument,Gold,,57.5382786,d45beaf4-ca3c-4a0f-9cee-548d93ae4c71
Stationary,12,,#C C places hand down,"Low body/hand motion, indicates a pause or resting position.",r001,Playing Instrument,Gold,,60.3881586,d45beaf4-ca3c-4a0f-9cee-548d93ae4c71
Stationary,12,,#C C lifts left hand up,The action describes a minor movement that does not involve significant body or hand acceleration.,r001,Playing Instrument,Gold,,104.6447386,d45beaf4-ca3c-4a0f-9cee-548d93ae4c71
Object Transfer,12,,#C C throws the toy,"[CtxFixed] The action of throwing the toy involves the deliberate movement and placement of an object, which fits the definition of Object Transfer.",r001,Playing Instrument,Gold,,198.9543786,d45beaf4-ca3c-4a0f-9cee-548d93ae4c71
Stationary,12,,#C C taps hand on the leg,"Low body/hand motion, likely involves minimal movement.",r001,Playing Instrument,Gold,,215.9159386,d45beaf4-ca3c-4a0f-9cee-548d93ae4c71
Stationary,12,Essential Operation,#C C calls the dogs name,"Low body/hand motion, likely verbal interaction.",r001,Playing Instrument,Bad,,256.77401860000003,d45beaf4-ca3c-4a0f-9cee-548d93ae4c71
Object Transfer,12,,#C C picks a dog toy,Logistics step of picking up an object.,r001,Playing Instrument,Gold,,366.0971694865733,d45beaf4-ca3c-4a0f-9cee-548d93ae4c71
Locomotion,12,Locomotion,#C C hits the dog toy with her leg,Body movement through space (leg movement).,r001,Playing Instrument,Bad,,467.3476594865733,d45beaf4-ca3c-4a0f-9cee-548d93ae4c71
Stationary,12,,#C C taps her thigh,"Low body/hand motion, tapping is a minor movement.",r001,Playing Instrument,Gold,,538.8200794865733,d45beaf4-ca3c-4a0f-9cee-548d93ae4c71
Object Transfer,12,,"#C C puts the spoon on a plate, on the kitchen counter.",Logistics step involving the placement of an object.,r001,Cleaning,Gold,,10.177149599999998,d731d55b-a67c-498e-9016-2758185a2553
Object Transfer,12,,#C C picks up a sponge from the counter.,Logistics step involving picking up an object.,r001,Cleaning,Gold,,23.434549600000004,d731d55b-a67c-498e-9016-2758185a2553
Locomotion,12,Essential Operation,#C C pushes the dish rack into the dish dryer.,"Movement of the body to push an object, involves high body acceleration.",r001,Cleaning,Bad,,71.8707496,d731d55b-a67c-498e-9016-2758185a2553
Object Transfer,12,,#C C picks up the spoon from the counter.,Logistics action involving picking up an object.,r001,Cleaning,Gold,,97.7771596,d731d55b-a67c-498e-9016-2758185a2553
Locomotion,12,Object Transfer,#C C lifts the pot.,"Body movement involved in lifting an object, which can be associated with a lifting motion that involves significant body acceleration.",r001,Cleaning,Bad,,183.2411596,d731d55b-a67c-498e-9016-2758185a2553
Essential Operation,12,,#C C washes the spatula.,Core manual task involving high hand activity.,r001,Cleaning,Gold,,203.7583896,d731d55b-a67c-498e-9016-2758185a2553
Locomotion,12,,#C C walks to the white table.,Body moving through space (walking).,r001,Cleaning,Gold,,299.1432709546634,d731d55b-a67c-498e-9016-2758185a2553
Essential Operation,12,,#C C removes a conduit fitting,"Core task involving manual operation, likely high hand activity.",r001,Carpentry,Gold,,20.85192,d833ef72-c801-417e-b90c-ef8d8401029f
Object Transfer,12,,#C C puts the screw driver on the switch,Logistics step involving placing an object.,r001,Carpentry,Gold,,113.45543,d833ef72-c801-417e-b90c-ef8d8401029f
Stationary,12,,#C C holds the conduit fitting,"Low body/hand motion, holding an object without movement.",r001,Carpentry,Gold,,270.50457,d833ef72-c801-417e-b90c-ef8d8401029f
Object Transfer,12,,#C C puts drill down,"Logistics/Setup step, placing the drill down.",r001,Carpentry,Gold,,334.6476,d833ef72-c801-417e-b90c-ef8d8401029f
Essential Operation,12,,#C Files the wood with the wood file.,Core manual task involving high hand activity.,r001,Carpentry,Gold,,14.1421996,d978d448-478c-40a9-b160-e56bade3a562
Object Transfer,12,,#C C drops the wood file on a pavement,"[CtxFixed] The action of dropping the wood file onto the pavement is a deliberate placement of the object onto a surface, which fits the criteria for 'Object Transfer'.",r001,Carpentry,Gold,,79.3321496,d978d448-478c-40a9-b160-e56bade3a562
Essential Operation,12,,#C C cleans the wood with the brush.,Core task involving manual activity with the brush.,r001,Carpentry,Gold,,133.8269296,d978d448-478c-40a9-b160-e56bade3a562
Essential Operation,12,,#C C plucks part of the watermelon plant,Core manual task involving fine motor skills.,r001,Gardening,Gold,,240.9983896,d9eb1ae4-acee-457e-a0bf-b0e49b4576ce
Locomotion,12,Object Transfer,#C C moves the water melon leaves,"Body moving through space to manipulate the leaves, indicating movement.",r001,Gardening,Bad,,291.9006609546634,d9eb1ae4-acee-457e-a0bf-b0e49b4576ce
Search,12,,#C C examines the watermelons,"Visual inspection, likely involves head movement and minimal hand activity.",r001,Gardening,Gold,,383.8510909546634,d9eb1ae4-acee-457e-a0bf-b0e49b4576ce
Object Transfer,12,,#C C picks the watermelon from the ground,"The action involves picking up an object, which is a logistics step.",r001,Gardening,Gold,,424.2803109546634,d9eb1ae4-acee-457e-a0bf-b0e49b4576ce
Locomotion,12,,#C C skips the watermelon plant,"Body movement through space, in this case, skipping.",r001,Gardening,,Skip,436.3079309546634,d9eb1ae4-acee-457e-a0bf-b0e49b4576ce
Search,12,,#C C checks the watermelon plant,"Head movement (visual inspection), passive hands.",r001,Gardening,Gold,,479.8877409546634,d9eb1ae4-acee-457e-a0bf-b0e49b4576ce
Object Transfer,12,,#C C puts the pumpkin flowers on the floor,Logistics step involving moving an object from one location to another.,r001,Gardening,Gold,,575.9072842879967,d9eb1ae4-acee-457e-a0bf-b0e49b4576ce
Essential Operation,12,,#C C rubs the third pumpkin flower on the plant with the pumpkin flower on her hand,Core manual task involving high hand activity.,r001,Gardening,Gold,,628.3785842879968,d9eb1ae4-acee-457e-a0bf-b0e49b4576ce
Essential Operation,12,,#C C rubs the pumpkin flowers on the plant with the pumpkin flower on her hand,Core task involving high hand activity.,r001,Gardening,Gold,,784.8510542879967,d9eb1ae4-acee-457e-a0bf-b0e49b4576ce
Locomotion,12,,#C C skips the plantation,"Movement through space, characterized by body acceleration.",r001,Gardening,,Skip,911.1600542879968,d9eb1ae4-acee-457e-a0bf-b0e49b4576ce
Search,12,,#C C checks the watermelon plantation,"Head movement (visual inspection), hands mostly still.",r001,Gardening,Gold,,1007.4335042879968,d9eb1ae4-acee-457e-a0bf-b0e49b4576ce
Search,12,Essential Operation,#C C touches the watermelon plantation,Implies visual inspection or monitoring of the watermelon plantation.,r001,Gardening,Bad,,1079.60850762133,d9eb1ae4-acee-457e-a0bf-b0e49b4576ce
Locomotion,12,,#C C skips the watermelon plantation,"Body moving through space (skipping), high body acceleration.",r001,Gardening,,Skip,1084.82436762133,d9eb1ae4-acee-457e-a0bf-b0e49b4576ce
Object Transfer,12,,#C C pulls a container,Logistics step involving movement of an object.,r001,Cleaning,Gold,,48.6718886,db16e9f4-39b2-436b-b4e8-2b7afa8c4a1c
Object Transfer,12,,#C C takes phone from kitchen counter,Logistics action involving picking up and moving an object.,r001,Cleaning,Gold,,369.7651864637696,db16e9f4-39b2-436b-b4e8-2b7afa8c4a1c
Essential Operation,12,,#C C pours the oil in the spoon,Core manual task involving high hand activity.,r001,Cooking,Gold,,646.3370121677084,e0f24177-3542-4d00-93e5-94f03a856d5f
Object Transfer,12,Essential Operation,#C C closes the kitchen cabinet drawer,Logistics step involving the interaction with a drawer.,r001,Cooking,Bad,,749.8266821677084,e0f24177-3542-4d00-93e5-94f03a856d5f
Stationary,12,,#C C holds the condiment,"Low body/hand motion, holding an item without movement.",r001,Cooking,Gold,,830.0751321677084,e0f24177-3542-4d00-93e5-94f03a856d5f
Object Transfer,12,,#C C picks packet if #unsure,Logistics step of picking up an item.,r001,Cooking,Gold,,972.142317284896,e0f24177-3542-4d00-93e5-94f03a856d5f
Stationary,12,Essential Operation,#C C touches on #unsure,"Low body/hand motion, possibly indicating an idle or waiting state.",r001,Cooking,Bad,,990.275577284896,e0f24177-3542-4d00-93e5-94f03a856d5f
Stationary,12,Search,#C C looks at his back,"Low body/hand motion, focusing on a specific area of the body.",r001,Mechanical Repair,Bad,,23.92683,e5d94463-f292-451d-8d7c-0926001da4e1
Locomotion,12,,#C C turns to the right side of the road,Body movement through space (turning).,r001,Mechanical Repair,Gold,,67.38226,e5d94463-f292-451d-8d7c-0926001da4e1
Object Transfer,12,,#C C puts the water in the fridge,Logistics step involving moving an object (water).,r001,Cooking,Gold,,123.3804486,e65eb769-09ac-4ed0-b747-847e76252fa6
Stationary,12,Essential Operation,#C C covers the dish,"Low energy action, likely involves minimal movement.",r001,Cooking,Bad,,131.5781286,e65eb769-09ac-4ed0-b747-847e76252fa6
Object Transfer,12,,#C C picks up kettle from the cabinet,Logistics step involving picking up an object.,r001,Cooking,Gold,,191.2892086,e65eb769-09ac-4ed0-b747-847e76252fa6
Stationary,12,,#C C holds the packet of tea bag with both hands,"Low body/hand motion, holding an item.",r001,Cooking,Gold,,413.8371986,e65eb769-09ac-4ed0-b747-847e76252fa6
Object Transfer,12,Essential Operation,#C C touches an orange with the left hand,Logistics step of picking up or touching an object.,r001,Cooking,Bad,,562.8413686000001,e65eb769-09ac-4ed0-b747-847e76252fa6
Essential Operation,12,,#C C cuts the orange using a knife,"Core task, high hand activity.",r001,Cooking,Gold,,598.3659886,e65eb769-09ac-4ed0-b747-847e76252fa6
Stationary,12,,#C C holds the juicer with the left hand,"Low body/hand motion, holding an object.",r001,Cooking,Gold,,673.9750286000001,e65eb769-09ac-4ed0-b747-847e76252fa6
Essential Operation,12,,#C C extracts juice from an orange using a juicer,Core manual task involving high hand activity.,r001,Cooking,Gold,,709.3599886000001,e65eb769-09ac-4ed0-b747-847e76252fa6
Stationary,12,Search,#C C stares at the juicer blender,"Low body/hand motion, focused attention.",r001,Cooking,Bad,,724.4014486000001,e65eb769-09ac-4ed0-b747-847e76252fa6
Stationary,12,,#C C holds the juicer with the right hand,"Low body/hand motion, holding an object.",r001,Cooking,Gold,,764.6000486,e65eb769-09ac-4ed0-b747-847e76252fa6
Essential Operation,12,,#C C pushes the juicer blender with the right hand,Core manual task involving high hand activity.,r001,Cooking,Gold,,799.6681786000001,e65eb769-09ac-4ed0-b747-847e76252fa6
Essential Operation,12,,#C C extracts juice from an orange using a juicer blender,Core task involving manual operation with high hand activity.,r001,Cooking,Gold,,855.2250386000001,e65eb769-09ac-4ed0-b747-847e76252fa6
Stationary,12,,#C C holds the orange with the orange with the right hand,The action involves holding an object with minimal movement.,r001,Cooking,Gold,,865.6718086000001,e65eb769-09ac-4ed0-b747-847e76252fa6
Essential Operation,12,,#C C wipes the right hand on the wash cloth,Core task involving hand activity.,r001,Cooking,Gold,,908.2135086,e65eb769-09ac-4ed0-b747-847e76252fa6
Stationary,12,Search,#C C stares at the orange peel,"Low body/hand motion, focused gaze.",r001,Cooking,Bad,,916.6156486,e65eb769-09ac-4ed0-b747-847e76252fa6
Object Transfer,12,,#C C drops the orange peel in the sink,Refined via regex fallback,r001,Cooking,Gold,,917.4643686,e65eb769-09ac-4ed0-b747-847e76252fa6
Object Transfer,12,,#C C picks the container lid with the right hand,Logistics step involving picking up an object.,r001,Cooking,Gold,,946.0772486,e65eb769-09ac-4ed0-b747-847e76252fa6
Object Transfer,12,Essential Operation,#C C closes the cabinet with the right hand,"Closing an object, which is part of the logistics in a task.",r001,Cooking,Bad,,1169.1899786,e65eb769-09ac-4ed0-b747-847e76252fa6
Stationary,12,,#C C holds the orange with the right hand,"Low body/hand motion, holding an object.",r001,Cooking,Gold,,1170.3687786,e65eb769-09ac-4ed0-b747-847e76252fa6
Object Transfer,12,,#C C drops the lid on the cabinet,"[CtxFixed] The action of dropping the lid on the cabinet can be interpreted as a deliberate placement of the lid onto a surface, which aligns with the definition of 'Object Transfer'.",r001,Cooking,Gold,,1220.6244486,e65eb769-09ac-4ed0-b747-847e76252fa6
Essential Operation,12,,#C C scoops the cereal using a spoon,Core task involving manual dexterity with a spoon.,r001,Cooking,Gold,,1230.1971886,e65eb769-09ac-4ed0-b747-847e76252fa6
Locomotion,12,,#O lady b walks in the house,"Movement through space, indicative of walking or entering a space.",r001,Cooking,Gold,,1313.8872586,e65eb769-09ac-4ed0-b747-847e76252fa6
Locomotion,12,Essential Operation,#C C pushes the container with the left hand,"Movement of the container through space, implying a push action with body acceleration.",r001,Cooking,Bad,,1371.4901086,e65eb769-09ac-4ed0-b747-847e76252fa6
Object Transfer,12,Essential Operation,#O lady b opens the cabinet with the right hand,Logistics step involving opening a cabinet.,r001,Cooking,Bad,,1396.2426486,e65eb769-09ac-4ed0-b747-847e76252fa6
Stationary,12,Essential Operation,#O lady b uses the mobile phone,"Low body/hand motion, likely holding the phone and interacting.",r001,Cooking,Bad,,1450.3120786,e65eb769-09ac-4ed0-b747-847e76252fa6
Stationary,12,Essential Operation,#C C eats the orange,"Low body/hand motion, eating involves minimal movement.",r001,Cooking,Bad,,1573.3586086,e65eb769-09ac-4ed0-b747-847e76252fa6
Object Transfer,12,,#C C drops the orange on the cabinet,"[CtxFixed] The action of dropping the orange onto the cabinet can be considered a deliberate placement, which fits the definition of 'Object Transfer'.",r001,Cooking,Gold,,1587.2491286,e65eb769-09ac-4ed0-b747-847e76252fa6
Stationary,12,Search,#C C stares at the juicer,"Low body/hand motion, focused gaze.",r001,Cooking,Bad,,1610.0460586,e65eb769-09ac-4ed0-b747-847e76252fa6
Object Transfer,12,,#C C moves the orange peel to the left hand,Logistics step involving moving an object from one hand to another.,r001,Cooking,Gold,,1660.8163386,e65eb769-09ac-4ed0-b747-847e76252fa6
Locomotion,12,Essential Operation,#C C mops the floor using a mop,"Body moving through space while performing a task that involves sweeping, which typically includes movement.",r001,Cooking,Bad,,1701.7989486,e65eb769-09ac-4ed0-b747-847e76252fa6
Essential Operation,12,,#C C rinses the jug,Core task involving manual operation with the hands.,r001,Cooking,Gold,,1720.5467386,e65eb769-09ac-4ed0-b747-847e76252fa6
Object Transfer,12,,#C C removes the juicer with both hand,Logistics step involving picking up the juicer with both hands.,r001,Cooking,Gold,,1726.1231686,e65eb769-09ac-4ed0-b747-847e76252fa6
Object Transfer,12,,#C C picks an orange with the right hand,Logistics step involving picking up an object.,r001,Cooking,Gold,,1799.9669586,e65eb769-09ac-4ed0-b747-847e76252fa6
Object Transfer,12,,#C C moves the orange to the left hand,Logistics step involving the transfer of the orange from one hand to another.,r001,Cooking,Gold,,1800.3495786,e65eb769-09ac-4ed0-b747-847e76252fa6
Object Transfer,12,,#C C drops the orange in the polythene bag,"[CtxFixed] The action of dropping the orange into the polythene bag appears to be a deliberate placement, which fits the definition of 'Object Transfer'.",r001,Cooking,Gold,,1815.6658986,e65eb769-09ac-4ed0-b747-847e76252fa6
Object Transfer,12,,#C C dumps the orange peels in the dustbin,Logistics action of picking up and disposing of an object.,r001,Cooking,Gold,,1826.4693686,e65eb769-09ac-4ed0-b747-847e76252fa6
Essential Operation,12,,#C C rinses the corn with both hands,Core manual task involving high hand activity.,r001,Cooking,Gold,,1884.0191986,e65eb769-09ac-4ed0-b747-847e76252fa6
Essential Operation,12,,#C C closes the tap with the left hand,Core manual task involving fine motor skills.,r001,Cooking,Gold,,1913.8940286,e65eb769-09ac-4ed0-b747-847e76252fa6
Stationary,12,Essential Operation,#O a person M picks drinks the drink,Drinking involves minimal body movement and is generally a stationary activity.,r001,Cooking,Bad,,2381.7137686000005,e65eb769-09ac-4ed0-b747-847e76252fa6
Stationary,12,Essential Operation,#C C touches the cat,"Low body/hand motion, likely petting or interacting in a calm manner.",r001,Cooking,Bad,,2388.7283386000004,e65eb769-09ac-4ed0-b747-847e76252fa6
Object Transfer,12,,#C C drops the spoon in the bowl,Refined via regex fallback,r001,Cooking,Gold,,2468.033108600001,e65eb769-09ac-4ed0-b747-847e76252fa6
Locomotion,12,,#C C walks towards the back of the car.,"Body moving through space, indicative of walking.",r001,Cleaning,Gold,,56.7032496,e91bd0fd-abaa-4aa8-90db-21eae97c25f3
Stationary,12,Essential Operation,#C C stops spraying.,"Low body/hand motion, indicating a pause or stop.",r001,Cleaning,Bad,,181.4802596,e91bd0fd-abaa-4aa8-90db-21eae97c25f3
Stationary,12,Essential Operation,#C C continues spraying.,"Low body/hand motion, likely holding the spray bottle still.",r001,Cleaning,Bad,,222.5398796,e91bd0fd-abaa-4aa8-90db-21eae97c25f3
Locomotion,12,,#C C moves around the car in bits.,Body moving through space in a cleaning context.,r001,Cleaning,Gold,,441.47894095466336,e91bd0fd-abaa-4aa8-90db-21eae97c25f3
Essential Operation,12,,#C C dips the foam in the bucket of soap lather .,Core task involving high hand activity.,r001,Cleaning,Gold,,546.0751956213301,e91bd0fd-abaa-4aa8-90db-21eae97c25f3
Stationary,12,Essential Operation,#C C raises the windscreen wiper with his left hand,The action involves a single hand movement which is likely to be minimal and does not involve significant body or hand acceleration.,r001,Cleaning,Bad,,627.85834762133,e91bd0fd-abaa-4aa8-90db-21eae97c25f3
Essential Operation,12,,#C C squeezes the sponge with both hands,Core manual task involving high hand activity.,r001,Cleaning,Gold,,751.69282762133,e91bd0fd-abaa-4aa8-90db-21eae97c25f3
Essential Operation,12,,#C C washes the car with a sponge in his right hand,Core manual task involving high hand activity.,r001,Cleaning,Gold,,814.90368762133,e91bd0fd-abaa-4aa8-90db-21eae97c25f3
Essential Operation,12,,#C C wipes the car windscreen with his left hand,Core task involving high hand activity.,r001,Cleaning,Gold,,1090.6651622879967,e91bd0fd-abaa-4aa8-90db-21eae97c25f3
Essential Operation,12,,#C C adjusts the tip of the spray gun with his left hand,"Adjusting the spray gun tip involves a focused, manual task.",r001,Cleaning,Gold,,1342.2504942879966,e91bd0fd-abaa-4aa8-90db-21eae97c25f3
Stationary,12,Essential Operation,#C C stops spraying the car with water,"Low body/hand motion, indicating a pause or stop in action.",r001,Cleaning,Bad,,1418.6983742879966,e91bd0fd-abaa-4aa8-90db-21eae97c25f3
Stationary,12,Essential Operation,#C C resumes spraying the car with water,"Low body/hand motion, possibly holding the spray bottle.",r001,Cleaning,Bad,,1444.8745642879967,e91bd0fd-abaa-4aa8-90db-21eae97c25f3
Locomotion,12,Essential Operation,#C C turns on the high pressure wheel blaster.,"The action implies movement and manipulation, likely involving significant body movement to operate the blaster.",r001,Cleaning,Bad,,1706.048300954663,e91bd0fd-abaa-4aa8-90db-21eae97c25f3
Stationary,12,Essential Operation,#C C turns off the high pressure wheel blaster,"Turning off a tool is typically a quick action followed by inaction, indicating low energy.",r001,Cleaning,Bad,,1722.2104209546633,e91bd0fd-abaa-4aa8-90db-21eae97c25f3
Essential Operation,12,,#C C washes the rear windscreen of the red car.,Core manual task involving high hand activity.,r001,Cleaning,Gold,,1741.8995709546632,e91bd0fd-abaa-4aa8-90db-21eae97c25f3
Essential Operation,12,,#C C washes the right side of the red car.,Core task involving high hand activity.,r001,Cleaning,Gold,,1749.0692009546633,e91bd0fd-abaa-4aa8-90db-21eae97c25f3
Locomotion,12,,#C C walks to the left side of the red car.,"Movement through space, high body acceleration.",r001,Cleaning,Gold,,1760.3938309546634,e91bd0fd-abaa-4aa8-90db-21eae97c25f3
Search,12,,#C C looks,"Head movement (visual search), hands mostly still.",r001,Cleaning,Gold,,0.0070286,ed1e7c2d-970b-4773-b945-1df0061b677d
Object Transfer,12,,#C C puts the plates in the cabinet,Logistics step involving moving objects to a location.,r001,Cleaning,Gold,,56.9929286,ed1e7c2d-970b-4773-b945-1df0061b677d
Locomotion,12,,#C C enters through the door,"Movement through space (entering through a door), high body acceleration.",r001,Cleaning,Gold,,102.0389286,ed1e7c2d-970b-4773-b945-1df0061b677d
Object Transfer,12,,#C C Puts the bowl in the utensil holder,Logistics/Setup step involving picking up and placing an object.,r001,Cleaning,Gold,,269.3265810313542,ed1e7c2d-970b-4773-b945-1df0061b677d
Object Transfer,12,,#C C Puts the plastic dish in the utensil holder,Logistics step involving picking up and placing an object.,r001,Cleaning,Gold,,303.0402410313542,ed1e7c2d-970b-4773-b945-1df0061b677d
Object Transfer,12,,#C C Puts the #unsure in the utensil holder,"Logistics step, putting an item in a specific place.",r001,Cleaning,Gold,,320.30117103135416,ed1e7c2d-970b-4773-b945-1df0061b677d
Object Transfer,12,,#C C Picks the mats,Logistics step involving picking up objects.,r001,Cleaning,Gold,,324.6836310313542,ed1e7c2d-970b-4773-b945-1df0061b677d
Object Transfer,12,,#C C Puts the cup in the utensil holder,Logistics/Setup step involving placing an object.,r001,Cleaning,Gold,,389.2926910313542,ed1e7c2d-970b-4773-b945-1df0061b677d
Essential Operation,12,,#C C Washes the sponge,Core manual task involving high hand activity.,r001,Cleaning,Gold,,471.0189810313542,ed1e7c2d-970b-4773-b945-1df0061b677d
Object Transfer,12,,#C C Puts the bottle beside the sink,Logistics/Setup step involving picking up and placing the bottle.,r001,Cleaning,Gold,,516.9392410313542,ed1e7c2d-970b-4773-b945-1df0061b677d
Stationary,12,,#C C Holds the try,"Low body/hand motion, holding an object without movement.",r001,Cleaning,Gold,,640.9191136986084,ed1e7c2d-970b-4773-b945-1df0061b677d
Object Transfer,12,,#C C Puts the tray on the counter top,Logistics step involving moving an object to a specific location.,r001,Cleaning,Gold,,642.3267136986084,ed1e7c2d-970b-4773-b945-1df0061b677d
Stationary,12,,#C C Holds the paper wipe,"Low body/hand motion, holding an object without movement.",r001,Cleaning,Gold,,751.9943336986084,ed1e7c2d-970b-4773-b945-1df0061b677d
Object Transfer,12,,#C C removes the paintbrush from the paint can.,Logistics/Setup step involving picking up or taking an object.,r001,Mechanical Repair,Gold,,114.54951,ed432ff3-54f7-4fb9-9a67-80b4d43a076c
Stationary,12,Essential Operation,#C C stops painting.,"Low body/hand motion, indicating a pause or stop in activity.",r001,Mechanical Repair,Bad,,230.09218,ed432ff3-54f7-4fb9-9a67-80b4d43a076c
Stationary,12,Essential Operation,#C C touches his left leg with his left hand.,"Low body/hand motion, indicative of a pause or thought process.",r001,Mechanical Repair,Bad,,480.40168,ed432ff3-54f7-4fb9-9a67-80b4d43a076c
Essential Operation,12,,#C C dips the paintbrush in the paint can.,Core manual task involving high hand activity.,r001,Mechanical Repair,Gold,,488.02102,ed432ff3-54f7-4fb9-9a67-80b4d43a076c
Stationary,12,Essential Operation,#C C touches the nylon on the floor with his left hand.,"Low body/hand motion, likely inspecting or waiting.",r001,Mechanical Repair,Bad,,538.35038,ed432ff3-54f7-4fb9-9a67-80b4d43a076c
Essential Operation,12,,#C C paints the wooden rail with the paintbrush.,Core manual task involving high hand activity.,r001,Mechanical Repair,Gold,,603.57232,ed432ff3-54f7-4fb9-9a67-80b4d43a076c
Object Transfer,12,Essential Operation,#C C dips the paintbrush into a paint can.,Logistics step involving picking up and transferring the brush to the paint can.,r001,Mechanical Repair,Bad,,752.16036,ed432ff3-54f7-4fb9-9a67-80b4d43a076c
Stationary,12,Essential Operation,#C C removes her left hand from the nylon.,"The action describes a removal of a hand, which is a brief gesture and does not indicate continuous motion or high activity.",r001,Mechanical Repair,Bad,,798.4159999999999,ed432ff3-54f7-4fb9-9a67-80b4d43a076c
Object Transfer,12,,#C C removes the paint brush from the paint can.,Logistics step involving picking up an object.,r001,Mechanical Repair,Gold,,798.5896700000001,ed432ff3-54f7-4fb9-9a67-80b4d43a076c
Stationary,12,Essential Operation,#C C touches the nylon with her left finger.,"Minimal movement, likely involves fine motor skills with one finger.",r001,Mechanical Repair,Bad,,800.4904799999999,ed432ff3-54f7-4fb9-9a67-80b4d43a076c
Locomotion,12,,#C C walks towards a polythene on the floor.,Body moving through space (walking).,r001,Mechanical Repair,Gold,,844.26257,ed432ff3-54f7-4fb9-9a67-80b4d43a076c
Stationary,12,Essential Operation,#C C removes the glove in his right hand with his left hand.,"The action involves a change in state (removing a glove) rather than movement through space or active manipulation of an object. It is a brief, stationary action.",r001,Mechanical Repair,Bad,,850.03188,ed432ff3-54f7-4fb9-9a67-80b4d43a076c
Essential Operation,12,,#C C ties the laces on the right shoe of the pair of sneakers on the ground with both hands.,"The action involves a precise manual task, which requires high hand activity.",r001,Mechanical Repair,Gold,,16.61475,f1b5ae1e-742c-4802-9e61-ff8aae83e12e
Object Transfer,12,,#C C picks the left lace on the left shoe of the pair of sneakers on the ground with his left hand.,"The action involves picking up an object, which is a logistics step.",r001,Mechanical Repair,Gold,,28.3477,f1b5ae1e-742c-4802-9e61-ff8aae83e12e
Object Transfer,12,Essential Operation,#C C opens the apartment exit door with his left hand.,Opening a door is a logistics step involving the manipulation of an object.,r001,Mechanical Repair,Bad,,72.44542,f1b5ae1e-742c-4802-9e61-ff8aae83e12e
Stationary,12,Essential Operation,#C C adjusts his cellphone on the napsack with his left hand.,"Low body/hand motion, primarily adjusting an object.",r001,Mechanical Repair,Bad,,552.9057293333333,f1b5ae1e-742c-4802-9e61-ff8aae83e12e
Locomotion,12,,#C C walks in the gym area.,"Body moving through space, indicative of walking.",r001,Mechanical Repair,Gold,,554.5104093333333,f1b5ae1e-742c-4802-9e61-ff8aae83e12e
Locomotion,12,,#O A man U walks into the gym.,"The action involves walking, which is a form of movement through space.",r001,Mechanical Repair,Gold,,750.1315233333333,f1b5ae1e-742c-4802-9e61-ff8aae83e12e
Stationary,12,,#O The man U drops his right hand.,"[CtxFixed] The action of dropping the right hand is a continuation of a stationary action, such as resting or holding a position. It does not indicate movement or an essential operation.",r001,Mechanical Repair,Gold,,752.7564633333334,f1b5ae1e-742c-4802-9e61-ff8aae83e12e
Stationary,12,Essential Operation,#C C touches his head with his right hand. #Unsure,"Low body/hand motion, likely thinking or pausing.",r001,Mechanical Repair,Bad,,758.5170233333333,f1b5ae1e-742c-4802-9e61-ff8aae83e12e
Object Transfer,12,,#C C arranges pillow on couch,Logistics step involving picking up and placing the pillow.,r001,Cleaning,Gold,,14.5649286,f2024ae7-3da0-4c90-8c12-6cfde6f0ab82
Object Transfer,12,,#C C collects flower leaves on table,"Logistics step, picking up and moving objects.",r001,Cleaning,Gold,,107.7986486,f2024ae7-3da0-4c90-8c12-6cfde6f0ab82
Object Transfer,12,,#C C drops leaves on flower pot,"[CtxFixed] The action of dropping leaves on the flower pot can be considered a deliberate placement of the leaves, which fits the definition of 'Object Transfer'.",r001,Cleaning,Gold,,109.1370686,f2024ae7-3da0-4c90-8c12-6cfde6f0ab82
Essential Operation,12,,#C C tightens lid on bottle,Core task involving manual operation with hands.,r001,Cleaning,Gold,,115.4128786,f2024ae7-3da0-4c90-8c12-6cfde6f0ab82
Object Transfer,12,,#C C picks surface cleaner bottle,Logistics step involving picking up an object.,r001,Cleaning,Gold,,127.8826986,f2024ae7-3da0-4c90-8c12-6cfde6f0ab82
Object Transfer,12,Essential Operation,#C C opens cleaner bottle lid,Logistics step involving opening a lid.,r001,Cleaning,Bad,,167.31394859999995,f2024ae7-3da0-4c90-8c12-6cfde6f0ab82
Object Transfer,12,,#C C shifts wipe cloth to right hand,Logistics step involving the transfer of an object (wipe cloth).,r001,Cleaning,Gold,,177.16272859999998,f2024ae7-3da0-4c90-8c12-6cfde6f0ab82
Object Transfer,12,,#C C shifts bottle lid to right hand on way in room,Logistics step involving moving the bottle lid to the right hand.,r001,Cleaning,Gold,,286.86723188613286,f2024ae7-3da0-4c90-8c12-6cfde6f0ab82
Essential Operation,12,,#C C wipes hand on floor,"[CtxFixed] The action of wiping one's hand on the floor is a form of cleaning or maintaining personal hygiene, which falls under the category of Essential Operation.",r001,Cleaning,Gold,,365.1386918861329,f2024ae7-3da0-4c90-8c12-6cfde6f0ab82
Object Transfer,12,,#C C shifts bottle to left hand,Logistics of moving the bottle between hands.,r001,Cleaning,Gold,,391.5631018861328,f2024ae7-3da0-4c90-8c12-6cfde6f0ab82
Stationary,12,,#C C tightly holds wipe cloth on way,The action describes a holding motion which is likely to have minimal movement and low energy expenditure.,r001,Cleaning,Gold,,434.0003018861328,f2024ae7-3da0-4c90-8c12-6cfde6f0ab82
Object Transfer,12,,#C C drops bottle and cloth on table,Refined via regex fallback,r001,Cleaning,Gold,,435.9449118861328,f2024ae7-3da0-4c90-8c12-6cfde6f0ab82
Object Transfer,12,,#C C picks the slice squash on the chopping board,Logistics step of picking up the squash slice.,r001,Cooking,Gold,,33.849619600000004,f26eb8a6-2ac4-4aa4-a500-1e738d8c8b13
Object Transfer,12,,#C C puts the slice squash in the bowl,Logistics step involving picking up and placing an object.,r001,Cooking,Gold,,34.6544496,f26eb8a6-2ac4-4aa4-a500-1e738d8c8b13
Object Transfer,12,Essential Operation,#C C touches the soap in the sink,"Logistics step, touching the soap.",r001,Cooking,Bad,,76.7529696,f26eb8a6-2ac4-4aa4-a500-1e738d8c8b13
Object Transfer,12,,#C C picks the slice squash on the kitchen counter,Logistics step of picking up an object.,r001,Cooking,Gold,,174.2951396,f26eb8a6-2ac4-4aa4-a500-1e738d8c8b13
Essential Operation,12,,#C C cuts the squash,"Core task, high hand activity.",r001,Cooking,Gold,,180.0173196,f26eb8a6-2ac4-4aa4-a500-1e738d8c8b13
Essential Operation,12,Object Transfer,#C C removes the squash seeds with the spoon,Core task involving high hand activity.,r001,Cooking,Bad,,220.1361496,f26eb8a6-2ac4-4aa4-a500-1e738d8c8b13
Object Transfer,12,,#C C puts the seeds on the kitchen paper towel,Logistics step of placing an object.,r001,Cooking,Gold,,245.1026496,f26eb8a6-2ac4-4aa4-a500-1e738d8c8b13
Object Transfer,12,,#C C picks the squash seeds in the squash,Logistics step involving picking up an object.,r001,Cooking,Gold,,255.8009896,f26eb8a6-2ac4-4aa4-a500-1e738d8c8b13
Essential Operation,12,,#C C wets serviette,Core manual task involving high hand activity.,r001,Cooking,Gold,,601.9928109546634,f26eb8a6-2ac4-4aa4-a500-1e738d8c8b13
Object Transfer,12,,#C C puts glass on the counter top,Logistics step involving placing an object.,r001,Cooking,Gold,,931.3653409546636,f26eb8a6-2ac4-4aa4-a500-1e738d8c8b13
Object Transfer,12,,#C C places cooking pot on the sink,Logistics step involving placing an object.,r001,Cooking,Gold,,1007.9024409546636,f26eb8a6-2ac4-4aa4-a500-1e738d8c8b13
Essential Operation,12,,#C C unwraps #unsure,Unwrapping involves a core manual task with high hand activity.,r001,Cooking,Gold,,1051.7075109546631,f26eb8a6-2ac4-4aa4-a500-1e738d8c8b13
Object Transfer,12,,#C C puts scissors on the counter top,"Logistics/Setup step, placing an object.",r001,Cooking,Gold,,1064.9931509546632,f26eb8a6-2ac4-4aa4-a500-1e738d8c8b13
Essential Operation,12,,#C C washes cereals,Core manual task involving hand activity.,r001,Cooking,Gold,,1137.6283386,f26eb8a6-2ac4-4aa4-a500-1e738d8c8b13
Search,12,,#C C searches for #unsure,"Head movement (visual search), hands mostly still.",r001,Cooking,Gold,,1207.3123486,f26eb8a6-2ac4-4aa4-a500-1e738d8c8b13
Object Transfer,12,,#C C picks chicken drumsticks,Logistics step involving picking up an object.,r001,Cooking,Gold,,1637.9821752666664,f26eb8a6-2ac4-4aa4-a500-1e738d8c8b13
Essential Operation,12,,#O lady X presses a phone,"Core manual task, high hand activity.",r001,Cooking,Gold,,1649.0446952666664,f26eb8a6-2ac4-4aa4-a500-1e738d8c8b13
Essential Operation,12,,#C C washes the chicken drumsticks,Core manual task involving high hand activity.,r001,Cooking,Gold,,1665.9286952666664,f26eb8a6-2ac4-4aa4-a500-1e738d8c8b13
Object Transfer,12,,#C C puts chicken meat in the bowl,Logistics step involving picking up and placing an object.,r001,Cooking,Gold,,1920.0824652666663,f26eb8a6-2ac4-4aa4-a500-1e738d8c8b13
Essential Operation,12,,#C C debones the chicken drumstick,Core manual task involving high hand activity.,r001,Cooking,Gold,,1948.6649352666664,f26eb8a6-2ac4-4aa4-a500-1e738d8c8b13
Object Transfer,12,,#C C places the bone on the chopping board,Logistics step involving placing an object.,r001,Cooking,Gold,,1986.1646052666665,f26eb8a6-2ac4-4aa4-a500-1e738d8c8b13
Stationary,12,Essential Operation,#C C turns off the sink tap,"Low body/hand motion, simple action.",r001,Cooking,Bad,,2101.520195266666,f26eb8a6-2ac4-4aa4-a500-1e738d8c8b13
Essential Operation,12,,#C C chops chicken drumstick meat,Core task involving repetitive hand movements.,r001,Cooking,Gold,,2251.023224287997,f26eb8a6-2ac4-4aa4-a500-1e738d8c8b13
Object Transfer,12,,#C C puts chicken drumstick meat in a bowl,Logistics step involving picking up and putting down an object.,r001,Cooking,Gold,,2537.801284287997,f26eb8a6-2ac4-4aa4-a500-1e738d8c8b13
Essential Operation,12,,#C C scoops chicken meat,Core task involving high hand activity.,r001,Cooking,Gold,,2955.2235419333338,f26eb8a6-2ac4-4aa4-a500-1e738d8c8b13
Stationary,12,Essential Operation,#C C wipes on cabinet,"Low body/hand motion, likely involves minor hand movement.",r001,Cooking,Bad,,3015.1218219333336,f26eb8a6-2ac4-4aa4-a500-1e738d8c8b13
Object Transfer,12,,#C C puts chopping board on sink,Logistics step involving moving an object (chopping board).,r001,Cooking,Gold,,3129.927271933333,f26eb8a6-2ac4-4aa4-a500-1e738d8c8b13
Object Transfer,12,,#C C puts platter on cabinet,Logistics step involving picking up and placing down an object.,r001,Cooking,Gold,,3142.5594319333336,f26eb8a6-2ac4-4aa4-a500-1e738d8c8b13
Locomotion,12,Object Transfer,#C C moves rice cooker,Body moving through space to move an appliance.,r001,Cooking,Bad,,3157.423151933333,f26eb8a6-2ac4-4aa4-a500-1e738d8c8b13
Object Transfer,12,,#C C takes cutting blade,Logistics/Setup step.,r001,Cooking,Gold,,3212.9662186,f26eb8a6-2ac4-4aa4-a500-1e738d8c8b13
Stationary,12,Object Transfer,#C C throws the kitchen clothe on the stove,"The action involves a brief, low-energy movement and does not involve continuous motion or high activity.",r001,Cooking,Bad,,3256.465620954664,f26eb8a6-2ac4-4aa4-a500-1e738d8c8b13
Object Transfer,12,,#C C puts the meat in the meat grinder,Logistics step involving picking up and placing an object.,r001,Cooking,Gold,,3283.650620954664,f26eb8a6-2ac4-4aa4-a500-1e738d8c8b13
Object Transfer,12,,#C C picks meat with skewers,Logistics action involving picking up an object.,r001,Cooking,Gold,,3348.931000954663,f26eb8a6-2ac4-4aa4-a500-1e738d8c8b13
Essential Operation,12,,#C C pushes the meat in the grinder with the pusher,Core manual task involving high hand activity.,r001,Cooking,Gold,,3375.527290954664,f26eb8a6-2ac4-4aa4-a500-1e738d8c8b13
Object Transfer,12,,#C C puts the pusher on the plate,Logistics step involving picking up and placing an object.,r001,Cooking,Gold,,3459.876610954664,f26eb8a6-2ac4-4aa4-a500-1e738d8c8b13
Object Transfer,12,,#C C puts the bowl of meat down,Logistics step involving picking up and putting down an object.,r001,Cooking,Gold,,3481.246530954664,f26eb8a6-2ac4-4aa4-a500-1e738d8c8b13
Object Transfer,12,,#C C puts the meat in the grinder,Logistics step involving picking up and placing the meat into the grinder.,r001,Cooking,Gold,,3530.302320954664,f26eb8a6-2ac4-4aa4-a500-1e738d8c8b13
Object Transfer,12,,#C C puts the bowl on the counter,Logistics step involving the placement of an object.,r001,Cooking,Gold,,3534.3382609546634,f26eb8a6-2ac4-4aa4-a500-1e738d8c8b13
Essential Operation,12,,#C C pushes the meat in the meat grinder,Core task involving manual operation with high hand activity.,r001,Cooking,Gold,,3536.8211209546635,f26eb8a6-2ac4-4aa4-a500-1e738d8c8b13
Object Transfer,12,,#C C puts the skewers on the plate,Logistics step involving the placement of skewers on a plate.,r001,Cooking,Gold,,3567.964450954664,f26eb8a6-2ac4-4aa4-a500-1e738d8c8b13
Object Transfer,12,Essential Operation,#C C opens the meat grinder screw ring,Logistics step involving opening an object.,r001,Cooking,Bad,,3572.961050954664,f26eb8a6-2ac4-4aa4-a500-1e738d8c8b13
Object Transfer,12,,#C C puts the meat on the plate,Logistics step involving picking up and placing an object.,r001,Cooking,Gold,,3658.868850954664,f26eb8a6-2ac4-4aa4-a500-1e738d8c8b13
Object Transfer,12,,#C C moves the plate of ground meat,Moving an object from one place to another.,r001,Cooking,Gold,,3735.017200954664,f26eb8a6-2ac4-4aa4-a500-1e738d8c8b13
Object Transfer,12,,#C C puts ground meat in the plastic bag,Logistics step involving picking up and placing the ground meat into a bag.,r001,Cooking,Gold,,3759.248540954664,f26eb8a6-2ac4-4aa4-a500-1e738d8c8b13
Object Transfer,12,,#C C picks ground meat with skewers,Logistics step involving picking up an object.,r001,Cooking,Gold,,3784.877010954664,f26eb8a6-2ac4-4aa4-a500-1e738d8c8b13
Object Transfer,12,,#C C puts chopsticks in meat,Logistics step of placing chopsticks in meat.,r001,Cooking,Gold,,3871.317310954664,f26eb8a6-2ac4-4aa4-a500-1e738d8c8b13
Object Transfer,12,,#C C takes chopsticks,Logistics step involving picking up chopsticks.,r001,Cooking,Gold,,3929.475060954664,f26eb8a6-2ac4-4aa4-a500-1e738d8c8b13
Essential Operation,12,,#C C ties nylon papers,"Core manual task involving hands, likely with repetitive motion.",r001,Cooking,Gold,,4002.832320954664,f26eb8a6-2ac4-4aa4-a500-1e738d8c8b13
Object Transfer,12,,#C C takes nylon paper,Logistics/Setup step.,r001,Cooking,Gold,,4083.891270954664,f26eb8a6-2ac4-4aa4-a500-1e738d8c8b13
Essential Operation,12,,#C C pulls cloth,Core manual task involving high hand activity.,r001,Cooking,Gold,,4136.157360954664,f26eb8a6-2ac4-4aa4-a500-1e738d8c8b13
Object Transfer,12,,#C C puts soap on sponge,Logistics step involving picking up and placing the soap on the sponge.,r001,Cooking,Gold,,4229.638710954663,f26eb8a6-2ac4-4aa4-a500-1e738d8c8b13
Object Transfer,12,,#C C puts screw ring in sink,Logistics/Setup step involving moving an object.,r001,Cooking,Gold,,4241.588020954663,f26eb8a6-2ac4-4aa4-a500-1e738d8c8b13
Object Transfer,12,,#C C puts meat grinder body and its parts in sink,Logistics/Setup step involving placing objects in a location.,r001,Cooking,Gold,,4331.567960954663,f26eb8a6-2ac4-4aa4-a500-1e738d8c8b13
Object Transfer,12,,#C C puts sponge in the other sink,Logistics step involving moving an object (sponge).,r001,Cooking,Gold,,4360.831840954663,f26eb8a6-2ac4-4aa4-a500-1e738d8c8b13
Object Transfer,12,,#C C puts screw shaft on plate,"Logistics step, transferring an object.",r001,Cooking,Gold,,4387.288810954663,f26eb8a6-2ac4-4aa4-a500-1e738d8c8b13
Object Transfer,12,,#C C puts #unsure on rack,Logistics/Setup step involving placing an object.,r001,Cooking,Gold,,4459.056970954664,f26eb8a6-2ac4-4aa4-a500-1e738d8c8b13
Essential Operation,12,,#C C pours water on sink,Core task involving high hand activity.,r001,Cooking,Gold,,4465.333720954664,f26eb8a6-2ac4-4aa4-a500-1e738d8c8b13
Object Transfer,12,Essential Operation,#C C removes water in towel,Logistics step involving picking up and handling an object (towel).,r001,Cooking,Bad,,4506.729510954663,f26eb8a6-2ac4-4aa4-a500-1e738d8c8b13
Object Transfer,12,,#C C puts plate on cabinet,Logistics step involving placing an object.,r001,Cooking,Gold,,4513.789550954663,f26eb8a6-2ac4-4aa4-a500-1e738d8c8b13
Essential Operation,12,,#C C inserts chopstick in nylon paper,Core task involving manipulation with hands.,r001,Cooking,Gold,,4728.710000954663,f26eb8a6-2ac4-4aa4-a500-1e738d8c8b13
Essential Operation,12,,#C C breaks food in nylon paper,Core task involving high hand activity.,r001,Cooking,Gold,,4764.653680954663,f26eb8a6-2ac4-4aa4-a500-1e738d8c8b13
Object Transfer,12,,#C C puts food in cooking pot,"Logistics step, moving an object (food) to a location (cooking pot).",r001,Cooking,Gold,,4768.523740954664,f26eb8a6-2ac4-4aa4-a500-1e738d8c8b13
Object Transfer,12,,#C C takes cooking pot,"Logistics/Setup step, picking up an object.",r001,Cooking,Gold,,4821.180520954664,f26eb8a6-2ac4-4aa4-a500-1e738d8c8b13
Essential Operation,12,,#C C turns water tap,"Core task involving manipulation of a tap, high hand activity.",r001,Cooking,Gold,,4917.138510954663,f26eb8a6-2ac4-4aa4-a500-1e738d8c8b13
Essential Operation,12,Object Transfer,#C C moves chopsticks,Core manual task involving high hand activity.,r001,Cooking,Bad,,4979.425240954663,f26eb8a6-2ac4-4aa4-a500-1e738d8c8b13
Object Transfer,12,,#C C puts tomato in basin,Logistics step involving picking up and placing the tomato in the basin.,r001,Cooking,Gold,,4987.606730954663,f26eb8a6-2ac4-4aa4-a500-1e738d8c8b13
Essential Operation,12,,#C C peels tomato,Core task involving high hand activity.,r001,Cooking,Gold,,4993.712100954664,f26eb8a6-2ac4-4aa4-a500-1e738d8c8b13
Object Transfer,12,,#C C picks tomato,"Logistics step, picking up an object.",r001,Cooking,Gold,,5168.107800954664,f26eb8a6-2ac4-4aa4-a500-1e738d8c8b13
Stationary,12,Essential Operation,#C C adjusts the camera with his hands,Adjusting the camera is a fine motor task that does not involve significant body or hand motion.,r001,Cooking,Bad,,2952.0266842879964,f33dd5b7-ac69-4082-b152-a2db14b3a8cf
Object Transfer,12,Essential Operation,#C C closes the door behind him,"Closing an object (door), a logistics step.",r001,Cooking,Bad,,3070.080114287997,f33dd5b7-ac69-4082-b152-a2db14b3a8cf
Locomotion,12,Essential Operation,#C C puts on the shoes,"Preparing to move, likely to leave the current location.",r001,Cooking,Bad,,3079.1360042879965,f33dd5b7-ac69-4082-b152-a2db14b3a8cf
Locomotion,12,,#C C climbs the bicycle,"Body moving through space (climbing a bicycle), high body acceleration.",r001,Cooking,Gold,,3236.160728954663,f33dd5b7-ac69-4082-b152-a2db14b3a8cf
Stationary,12,,#C C holds the phone with his right hand,"Low body/hand motion, holding an object without active manipulation.",r001,Cooking,Gold,,3343.3857585999995,f33dd5b7-ac69-4082-b152-a2db14b3a8cf
Stationary,12,,#C C hand feels heat from pot,"Low body/hand motion, focused action with hand.",r001,Cooking,,Skip,55.5907496,f40e0f92-2250-46c9-98a0-8ccf23d164e0
Object Transfer,12,Essential Operation,#C C opens pack on countertop near sink,Logistics step involving opening and placing an object.,r001,Cooking,Bad,,60.8422696,f40e0f92-2250-46c9-98a0-8ccf23d164e0
Essential Operation,12,,#C C cuts milk pack edge with knife,Core task involving manual dexterity and precise hand movements.,r001,Cooking,Gold,,71.2152796,f40e0f92-2250-46c9-98a0-8ccf23d164e0
Object Transfer,12,,#C C shifts milk pack on countertop,Logistics/movement of an object (milk pack) from one location to another.,r001,Cooking,Gold,,107.4167396,f40e0f92-2250-46c9-98a0-8ccf23d164e0
Search,12,,#C C stares around countertop,"Visual search around countertop, likely with head movement.",r001,Cooking,Gold,,117.1301696,f40e0f92-2250-46c9-98a0-8ccf23d164e0
Object Transfer,12,,#C C drops bottle lid on countertop,Refined via regex fallback,r001,Cooking,Gold,,244.8526596,f40e0f92-2250-46c9-98a0-8ccf23d164e0
Object Transfer,12,,#C C drops bottle on countertop,Refined via regex fallback,r001,Cooking,Gold,,346.7359309546634,f40e0f92-2250-46c9-98a0-8ccf23d164e0
Essential Operation,12,,#C C stirs milk in pot with skillet,Core task involving high hand activity.,r001,Cooking,Gold,,444.74965095466337,f40e0f92-2250-46c9-98a0-8ccf23d164e0
Object Transfer,12,,#C C shifts plates on countertop,Logistics/Setup step involving moving objects.,r001,Cooking,Gold,,473.2744709546634,f40e0f92-2250-46c9-98a0-8ccf23d164e0
Essential Operation,12,,#C C shakes piece,"[CtxFixed] Shaking a pasta piece with tongs is part of the process of turning or stirring the pasta, which is an essential operation in cooking.",r001,Cooking,Gold,,535.9873309546634,f40e0f92-2250-46c9-98a0-8ccf23d164e0
Object Transfer,12,Essential Operation,#C C serves sheets in plate with pair of tongs,Logistics of transferring sheets onto a plate using tongs.,r001,Cooking,Bad,,563.6538909546634,f40e0f92-2250-46c9-98a0-8ccf23d164e0
Essential Operation,12,,#C C spreads food in bowl with spatula,Core manual task involving high hand activity.,r001,Cooking,Gold,,616.0349209546634,f40e0f92-2250-46c9-98a0-8ccf23d164e0
Essential Operation,12,,#C C stirs cream with spatula,Core manual task involving high hand activity.,r001,Cooking,Gold,,671.0177209546634,f40e0f92-2250-46c9-98a0-8ccf23d164e0
Object Transfer,12,Essential Operation,#C C arranges pieces in bowl,Logistics of moving and arranging objects.,r001,Cooking,Bad,,737.0102109546634,f40e0f92-2250-46c9-98a0-8ccf23d164e0
Object Transfer,12,,#C C shifts pot with cream from cooker to countertop,Logistics step involving moving an object (pot).,r001,Cooking,Gold,,750.9849309546634,f40e0f92-2250-46c9-98a0-8ccf23d164e0
Essential Operation,12,,#C C scoops cream with spoon,Core manual task involving high hand activity.,r001,Cooking,Gold,,815.2641109546635,f40e0f92-2250-46c9-98a0-8ccf23d164e0
Object Transfer,12,,#C C picks milk pack on countertop,Logistics step involving picking up an object.,r001,Cooking,Gold,,881.6835309546634,f40e0f92-2250-46c9-98a0-8ccf23d164e0
Object Transfer,12,,#C C drops milk pack on countertop,Refined via regex fallback,r001,Cooking,Gold,,886.6025609546634,f40e0f92-2250-46c9-98a0-8ccf23d164e0
Object Transfer,12,,#C C takes spatula in skillet,Logistics step involving picking up and moving an object.,r001,Cooking,Gold,,890.5344009546634,f40e0f92-2250-46c9-98a0-8ccf23d164e0
Essential Operation,12,,#C C scoops food in skillet with the spatula,Core manual task involving high hand activity.,r001,Cooking,Gold,,891.2107309546634,f40e0f92-2250-46c9-98a0-8ccf23d164e0
Object Transfer,12,,#C C adds noodles on food round in serving bowl,Logistics step involving placing an object (noodles) in a specific location (serving bowl).,r001,Cooking,Gold,,926.5034309546634,f40e0f92-2250-46c9-98a0-8ccf23d164e0
Essential Operation,12,,#C C positions piece in serving bowl,Core task involving precise hand movements.,r001,Cooking,Gold,,1004.1509009546634,f40e0f92-2250-46c9-98a0-8ccf23d164e0
Essential Operation,12,,#C C spreads milk on food in bowl with spoon,Core manual task involving high hand activity.,r001,Cooking,Gold,,1062.0976009546634,f40e0f92-2250-46c9-98a0-8ccf23d164e0
Stationary,12,Essential Operation,#C C eats particles,"Low body/hand motion, eating involves minimal movement.",r001,Cooking,Bad,,1139.0746409546632,f40e0f92-2250-46c9-98a0-8ccf23d164e0
Essential Operation,12,,#C C divides pasta piece in hands,Core manual task involving high hand activity.,r001,Cooking,Gold,,1297.1680409546632,f40e0f92-2250-46c9-98a0-8ccf23d164e0
Essential Operation,12,,#C C spreads milk on food in serving bowl with spoon,Core manual task involving high hand activity.,r001,Cooking,Gold,,1304.5014409546634,f40e0f92-2250-46c9-98a0-8ccf23d164e0
Essential Operation,12,,#C C scoops milk from pot,Core task involving manual operation with the hands.,r001,Cooking,Gold,,1335.7152109546632,f40e0f92-2250-46c9-98a0-8ccf23d164e0
Object Transfer,12,Essential Operation,#C C serves food in serving bowl with the spatula,Logistics step involving picking up and placing the serving bowl.,r001,Cooking,Bad,,1370.7320409546633,f40e0f92-2250-46c9-98a0-8ccf23d164e0
Essential Operation,12,,#C C serves food in serving bowl with the spatula,Core task involving high hand activity.,r001,Cooking,Gold,,1401.7907209546634,f40e0f92-2250-46c9-98a0-8ccf23d164e0
Essential Operation,12,,#C C spreads cream on food in bowl with the spoon,Core task involving high hand activity.,r001,Cooking,Gold,,1589.1829609546633,f40e0f92-2250-46c9-98a0-8ccf23d164e0
Essential Operation,12,,#C C spreads food in serving bowl,Core task involving high hand activity.,r001,Cooking,Gold,,1662.473320954663,f40e0f92-2250-46c9-98a0-8ccf23d164e0
Object Transfer,12,,#C C takes bottle lid,"Logistics/Setup step, short burst of hand activity.",r001,Cooking,Gold,,1812.569250954663,f40e0f92-2250-46c9-98a0-8ccf23d164e0
Essential Operation,12,,#C C spreads noodles in serving bowl,Core task involving high hand activity.,r001,Cooking,Gold,,1830.219630954663,f40e0f92-2250-46c9-98a0-8ccf23d164e0
Essential Operation,12,,#C C tightens ingredient bottle lid,"Core task involving manual manipulation, high hand activity.",r001,Cooking,Gold,,1902.835310954663,f40e0f92-2250-46c9-98a0-8ccf23d164e0
Essential Operation,12,,#C C collects food particle on countertop,Core manual task involving fine hand movements.,r001,Cooking,Gold,,1903.496090954663,f40e0f92-2250-46c9-98a0-8ccf23d164e0
Object Transfer,12,,#C C picks the cheese with the right hand,Logistics step involving picking up an object.,r001,Cooking,Gold,,2042.064430954663,f40e0f92-2250-46c9-98a0-8ccf23d164e0
Object Transfer,12,,#C C puts the plastic bottle in the cabinet,Logistics step involving moving an object to a location.,r001,Cooking,Gold,,2070.516220954663,f40e0f92-2250-46c9-98a0-8ccf23d164e0
Object Transfer,12,,#C C picks the bowl with the left hand,Logistics step involving picking up an object.,r001,Cooking,Gold,,2155.4540409546635,f40e0f92-2250-46c9-98a0-8ccf23d164e0
Essential Operation,12,,#C C washes the bowl using a sponge,Core manual task involving high hand activity.,r001,Cooking,Gold,,2160.715340954664,f40e0f92-2250-46c9-98a0-8ccf23d164e0
Object Transfer,12,,#C C picks the sponge with the left hand,"Logistics step, picking up an object.",r001,Cooking,Gold,,2167.960270954663,f40e0f92-2250-46c9-98a0-8ccf23d164e0
Essential Operation,12,,#C C pours liquid soap on the sponge,Core task involving manual operation with hands.,r001,Cooking,Gold,,2197.250200954664,f40e0f92-2250-46c9-98a0-8ccf23d164e0
Object Transfer,12,,#C C drops the sponge in the soap dish,"[CtxFixed] The action of dropping the sponge into the soap dish is a deliberate placement, which fits the criteria for 'Object Transfer'.",r001,Cooking,Gold,,2210.128160954664,f40e0f92-2250-46c9-98a0-8ccf23d164e0
Stationary,12,,#C C holds the wooden spoon with the right hand,"Low body/hand motion, holding an object without moving.",r001,Cooking,Gold,,2325.7311709546634,f40e0f92-2250-46c9-98a0-8ccf23d164e0
Essential Operation,12,,#C C washes the frying pan using a sponge,Core task involving high hand activity.,r001,Cooking,Gold,,2359.067760954664,f40e0f92-2250-46c9-98a0-8ccf23d164e0
Object Transfer,12,,#C C drops the frying pan in the sink,Refined via regex fallback,r001,Cooking,Gold,,2366.987940954664,f40e0f92-2250-46c9-98a0-8ccf23d164e0
Object Transfer,12,,#C C drops the bottle of #unsure on the cabinet,"[CtxFixed] The action of dropping the bottle onto the cabinet appears to be a deliberate placement, which fits the definition of 'Object Transfer'.",r001,Cooking,Gold,,2387.2377009546635,f40e0f92-2250-46c9-98a0-8ccf23d164e0
Object Transfer,12,,#C C picks the pot lid with the left hand,Logistics step involving picking up an object.,r001,Cooking,Gold,,2390.847970954664,f40e0f92-2250-46c9-98a0-8ccf23d164e0
Essential Operation,12,,#C C rinses the pot lid,Core manual task involving hand activity.,r001,Cooking,Gold,,2406.2021309546635,f40e0f92-2250-46c9-98a0-8ccf23d164e0
Object Transfer,12,,#C C drops the liquid soap bottle on the cabinet,"[CtxFixed] The action of dropping the liquid soap bottle onto the cabinet appears to be a deliberate placement, which fits the criteria for 'Object Transfer'.",r001,Cooking,Gold,,2425.607450954664,f40e0f92-2250-46c9-98a0-8ccf23d164e0
Object Transfer,12,,#C C puts the knife in the dish dryer,"Logistics/Setup step, placing object in a designated location.",r001,Cooking,Gold,,2460.5960009546634,f40e0f92-2250-46c9-98a0-8ccf23d164e0
Stationary,12,,#C C holds the wash cloth with the left hand,"Low body/hand motion, holding an object.",r001,Cooking,Gold,,2497.5598309546635,f40e0f92-2250-46c9-98a0-8ccf23d164e0
Object Transfer,12,Stationary,#C C carries the cooking pot with both hands,Movement of an object from one location to another.,r001,Cooking,Bad,,2519.432710954663,f40e0f92-2250-46c9-98a0-8ccf23d164e0
Object Transfer,12,,#C C drops the sauce pan in the sink,Refined via regex fallback,r001,Cooking,Gold,,2552.848760954664,f40e0f92-2250-46c9-98a0-8ccf23d164e0
Object Transfer,12,Stationary,#C C carries the sauce pan with both hands,Moving an object (sauce pan) from one location to another.,r001,Cooking,Bad,,2560.919420954664,f40e0f92-2250-46c9-98a0-8ccf23d164e0
Object Transfer,12,,#C C puts the spoon in the dish dryer,"Logistics step, placing an object.",r001,Cooking,Gold,,2663.3847209546634,f40e0f92-2250-46c9-98a0-8ccf23d164e0
Essential Operation,12,,#C C washes the cooking pot using a sponge,Core manual task involving high hand activity.,r001,Cooking,Gold,,2670.1076109546634,f40e0f92-2250-46c9-98a0-8ccf23d164e0
Essential Operation,12,,#C C cleans the sink using a wash cloth,Core manual task involving high hand activity.,r001,Cooking,Gold,,2759.634420954664,f40e0f92-2250-46c9-98a0-8ccf23d164e0
Object Transfer,12,,#C C picks a packet of milk with the right hand,"Logistics step, picking up an object.",r001,Cooking,Gold,,2793.8829909546635,f40e0f92-2250-46c9-98a0-8ccf23d164e0
Object Transfer,12,Essential Operation,#C C touches a polythene bag with the left hand,Logistics step involving interaction with an object.,r001,Cooking,Bad,,2836.3850409546635,f40e0f92-2250-46c9-98a0-8ccf23d164e0
Stationary,12,Essential Operation,#C C turns on the spray nozzle,Turning on a spray nozzle typically involves minimal movement.,r001,Cleaning,Bad,,5.2962896,f6277269-1c87-439c-b5be-d4a02343018a
Essential Operation,12,,#C C sprays water on the left front tyre with the spray nozzle,Core task involving high hand activity.,r001,Cleaning,Gold,,17.3213496,f6277269-1c87-439c-b5be-d4a02343018a
Locomotion,12,,#C C walks away from the back of the car,"Body moving through space, involves walking.",r001,Cleaning,Gold,,54.972339600000005,f6277269-1c87-439c-b5be-d4a02343018a
Stationary,12,,#C C holds the spray nozzle with his two hands,"Low body/hand motion, holding an object without moving.",r001,Cleaning,Gold,,90.4227296,f6277269-1c87-439c-b5be-d4a02343018a
Essential Operation,12,,#C C sprays water on the body of the car with the spray nozzle in his right hand,Core task involving high hand activity with a spray nozzle.,r001,Cleaning,Gold,,255.6237696,f6277269-1c87-439c-b5be-d4a02343018a
Essential Operation,12,,#C C sprays the body of the car with water from the spray nozzle in his two hands #unsure,Core task involving high hand activity (using the spray nozzle).,r001,Cleaning,Gold,,282.1330109546634,f6277269-1c87-439c-b5be-d4a02343018a
Object Transfer,12,,#C C passes the spray nozzle from his left hand to his right hand #unsure,"Movement of an object between hands, logistics step.",r001,Cleaning,Gold,,286.0033609546634,f6277269-1c87-439c-b5be-d4a02343018a
Locomotion,12,,#C C walks towards the bucket on the floor,"Movement through space, involves walking.",r001,Cleaning,Gold,,524.9523709546634,f6277269-1c87-439c-b5be-d4a02343018a
Essential Operation,12,,#C C washes the body of the car with the foam in his right hand,Core manual task involving high hand activity.,r001,Cleaning,Gold,,925.92727762133,f6277269-1c87-439c-b5be-d4a02343018a
Essential Operation,12,,#C C washes the windshield behind the car with the foam in his right hand,Core manual task involving high hand activity.,r001,Cleaning,Gold,,987.67455762133,f6277269-1c87-439c-b5be-d4a02343018a
Locomotion,12,,#C C walks towards the front of the car with the foam in his right hand,Body moving through space (walking).,r001,Cleaning,Gold,,989.85476762133,f6277269-1c87-439c-b5be-d4a02343018a
Object Transfer,12,,#C C picks up a spray nozzle from the floor with his right hand,Logistics step involving picking up an object.,r001,Cleaning,Gold,,998.25797762133,f6277269-1c87-439c-b5be-d4a02343018a
Essential Operation,12,,#C C sprays water on the body of the car with the spray nozzle in his two hands,Core task involving high hand activity with the spray nozzle.,r001,Cleaning,Gold,,1139.6560442879966,f6277269-1c87-439c-b5be-d4a02343018a
Essential Operation,12,,#C C rubs his left hand on the body of the car,"Core cleaning task, high hand activity.",r001,Cleaning,Gold,,1154.7645942879967,f6277269-1c87-439c-b5be-d4a02343018a
Stationary,12,Search,#C C looks to the sky,Looking to the sky involves minimal body movement.,r001,Cleaning,Bad,,1194.8664742879969,f6277269-1c87-439c-b5be-d4a02343018a
Locomotion,12,,#C C moves to the other side of the car,"Body moving through space, involves walking or moving to another location.",r001,Cleaning,Gold,,1306.0300942879967,f6277269-1c87-439c-b5be-d4a02343018a
Locomotion,12,,#C C moves away from the car,Body moving through space (walking away).,r001,Cleaning,Gold,,1622.1571189546632,f6277269-1c87-439c-b5be-d4a02343018a
