action,batch,corrected_action,narration_text,reasoning,round,scenario,status_main,status_secondary,timestamp_sec,video_uid
Stationary,2,Essential Operation,#C C stretches bedsheet,"Low body/hand motion, more about adjusting position rather than movement through space.",r001,Cleaning,Bad,,2324.134980954664,01111831-9107-43c4-bf0e-6b26e9b32a2b
Essential Operation,2,,#C C cuts out some part of the plastic cord inside the cable with the wire cutter.,Core manual task involving high hand activity.,r001,Carpentry,Gold,,252.7664096,0377792b-7b1e-4d67-86fd-f50c9257ea85
Stationary,2,Essential Operation,#C C hooks the wire cutter to his trousers with his right hand. #Unsure,"The action involves attaching an object to clothing, which is a brief and stationary motion with low energy.",r001,Carpentry,Bad,,935.3795152666668,0377792b-7b1e-4d67-86fd-f50c9257ea85
Stationary,2,,#C C speaks to child Z.,Low body/hand motion.,r001,Cooking,Gold,,1182.1465542879969,0b703793-134a-4889-bc40-c19328d8f7cd
Object Transfer,2,,#C C puts the dough on the counter.,"Logistics step, moving the dough to the counter.",r001,Cooking,Gold,,1460.3320342879967,0b703793-134a-4889-bc40-c19328d8f7cd
Essential Operation,2,,#C C plays a piano,Core task involving high hand activity and precision.,r001,Cooking,Gold,,4144.293330954663,0b703793-134a-4889-bc40-c19328d8f7cd
Stationary,2,,#C C touches the paint brush with his left hand,"Low body/hand motion, likely preparing to use the brush.",r001,Mechanical Repair,Gold,,284.8670186,0cb2dd94-afb1-4e30-a62f-724f34d81777
Essential Operation,2,,#C C brushes the wooden rail with the paint brush,Core manual task involving high hand activity.,r001,Mechanical Repair,Gold,,341.0092886,0cb2dd94-afb1-4e30-a62f-724f34d81777
Stationary,2,,#C C touches the paint brush on his left hand,"Low body/hand motion, likely holding the brush.",r001,Mechanical Repair,Gold,,504.2821586,0cb2dd94-afb1-4e30-a62f-724f34d81777
Search,2,,#C C looks at person A,"Head movement (visual search), hands mostly still.",r001,Walking Outdoors,,Skip,108.51484,0fa75cb3-c4a0-4232-bdc4-15116ed39d88
Search,2,Stationary,#O Person A looks at person C,"Head movement (visual search), hands mostly still.",r001,Walking Outdoors,Bad,,490.71991,0fa75cb3-c4a0-4232-bdc4-15116ed39d88
Search,2,,#C C looks at the bridge,"Head movement (visual search), hands mostly still.",r001,Walking Outdoors,Gold,,673.0045933333333,0fa75cb3-c4a0-4232-bdc4-15116ed39d88
Search,2,Stationary,#C C looks at the building,"Head movement (visual search), hands mostly still.",r001,Walking Outdoors,Gold,,1339.9398466666669,0fa75cb3-c4a0-4232-bdc4-15116ed39d88
Search,2,Stationary,#C C looks at the lights,"Head movement (visual search), hands mostly still.",r001,Walking Outdoors,Gold,,1556.2687766666668,0fa75cb3-c4a0-4232-bdc4-15116ed39d88
Object Transfer,2,Essential Operation,#C C Pours the drink into the glass,"Logistics step involving pouring, which involves short bursts of hand acceleration.",r001,Cooking,Gold,,202.2818686,106e9447-8a09-4e89-964e-61c927827a56
Stationary,2,Essential Operation,# C C Shakes the food with right hand,"Low body/hand motion, shaking is a small movement.",r001,Cooking,Bad,,938.6137937171876,106e9447-8a09-4e89-964e-61c927827a56
Object Transfer,2,,# C C Picks beetroot from the chopping board,Logistics step involving picking up an object.,r001,Cooking,Gold,,939.1955337171876,106e9447-8a09-4e89-964e-61c927827a56
Object Transfer,2,,# C C Places the sauce pan on the stove,Logistics step involving placing an object.,r001,Cooking,Gold,,989.4646237171876,106e9447-8a09-4e89-964e-61c927827a56
Object Transfer,2,,# C C Places the weigh meter on the chopping board,Logistics step involving placing an object.,r001,Cooking,Gold,,998.8165337171876,106e9447-8a09-4e89-964e-61c927827a56
Locomotion,2,,# C C Walks towards the staircase,Body moving through space (walking).,r001,Cooking,Gold,,1010.7628337171876,106e9447-8a09-4e89-964e-61c927827a56
Object Transfer,2,,# C C Picks #unsure from the counter top,"Logistics step of picking up an object, involves a short burst of hand acceleration.",r001,Cooking,Gold,,1049.0933237171876,106e9447-8a09-4e89-964e-61c927827a56
Object Transfer,2,Essential Operation,# C C Pours water into the sink,"Logistics step involving pouring, which is a transfer action.",r001,Cooking,Gold,,1131.9824680269608,106e9447-8a09-4e89-964e-61c927827a56
Object Transfer,2,,# C C picks stainer from the cupboard,"Logistics/Setup step, picking up an object.",r001,Cooking,Gold,,1300.4001080269604,106e9447-8a09-4e89-964e-61c927827a56
Object Transfer,2,,# C C Places the strainer on the sauce pan,Logistics step involving placing an object.,r001,Cooking,Gold,,1302.8155780269606,106e9447-8a09-4e89-964e-61c927827a56
Object Transfer,2,,# C C Places the veggies into the stainer,Logistics step involving placing objects.,r001,Cooking,Gold,,1308.4524880269605,106e9447-8a09-4e89-964e-61c927827a56
Object Transfer,2,,# C C Opens the drawer,Logistics/Setup step involving opening a drawer.,r001,Cooking,Gold,,1345.5145980269606,106e9447-8a09-4e89-964e-61c927827a56
Object Transfer,2,Essential Operation,#C C puts the food in the chopping board,Logistics step involving moving the food to the chopping board.,r001,Cooking,Bad,,1397.8501532484372,106e9447-8a09-4e89-964e-61c927827a56
Object Transfer,2,,#C C picks a container lid,Logistics action involving picking up an object.,r001,Cooking,Gold,,1427.9021132484372,106e9447-8a09-4e89-964e-61c927827a56
Essential Operation,2,,#C C shakes the water bottle,Shaking involves high hand activity and is a core manual task.,r001,Cooking,Gold,,1586.9400332484372,106e9447-8a09-4e89-964e-61c927827a56
Essential Operation,2,,#C C pours milk to his hand,Core task involving high hand activity.,r001,Cooking,Gold,,1589.1732632484373,106e9447-8a09-4e89-964e-61c927827a56
Object Transfer,2,,#C C drops gloves on the slab.,"[CtxFixed] The action of dropping gloves on the slab indicates a deliberate placement of an object, which fits the definition of 'Object Transfer'.",r001,Cooking,Gold,,1694.4589433046135,106e9447-8a09-4e89-964e-61c927827a56
Object Transfer,2,,#C C drops knife down.,Refined via regex fallback,r001,Cooking,Gold,,1757.4855933046138,106e9447-8a09-4e89-964e-61c927827a56
Object Transfer,2,,#C C picks knife.,Logistics/Setup step.,r001,Cooking,Gold,,1814.8371433046136,106e9447-8a09-4e89-964e-61c927827a56
Locomotion,2,,#C c shoots the basket ball to the hoop,"Body movement through space, likely involves walking or running to shoot the basketball.",r001,Walking Outdoors,Gold,,110.32231,114cdc4b-4ae5-4938-8218-151e1e35b3db
Object Transfer,2,,#C c takes the ball from the field,"The action involves picking up an object (the ball), which is a logistics step.",r001,Walking Outdoors,Gold,,122.74464,114cdc4b-4ae5-4938-8218-151e1e35b3db
Essential Operation,2,,#C c bounces the ball,The action involves a high level of hand activity with the ball.,r001,Walking Outdoors,Gold,,201.37944,114cdc4b-4ae5-4938-8218-151e1e35b3db
Essential Operation,2,,#C C catches the basketball,High hand activity involved in catching the ball.,r001,Walking Outdoors,Gold,,347.27056,114cdc4b-4ae5-4938-8218-151e1e35b3db
Essential Operation,2,Object Transfer,#O man X throws the basketball in the basket,"The action involves a specific task (throwing the ball into the basket), which is a core manual task.",r001,Walking Outdoors,Gold,,356.04047,114cdc4b-4ae5-4938-8218-151e1e35b3db
Locomotion,2,,#C C walks towards the basketball,"Body moving through space, indicative of walking.",r001,Walking Outdoors,Gold,,441.5872,114cdc4b-4ae5-4938-8218-151e1e35b3db
Object Transfer,2,,#O x takes the ball,"Taking an object (the ball), involves a short burst of hand activity.",r001,Walking Outdoors,Gold,,595.8651866666667,114cdc4b-4ae5-4938-8218-151e1e35b3db
Locomotion,2,Essential Operation,#O x shoots the ball to the hoop,"The action implies movement through space, likely involving walking or running to shoot the ball.",r001,Walking Outdoors,,Delete Row,605.2004866666666,114cdc4b-4ae5-4938-8218-151e1e35b3db
Locomotion,2,Essential Operation,#C c shoots the ball to the hoop,"The action involves moving through space, likely with high body acceleration.",r001,Walking Outdoors,,Delete Row,639.2802766666666,114cdc4b-4ae5-4938-8218-151e1e35b3db
Object Transfer,2,Essential Operation,#O x catches the ball,"[CtxFixed] The action of catching the ball indicates a deliberate placement of the ball in the user's possession, which aligns with the 'Object Transfer' category.",r001,Walking Outdoors,Gold,,783.2706666666667,114cdc4b-4ae5-4938-8218-151e1e35b3db
Essential Operation,2,Object Transfer,#O x throws the ball into the hoop,"The action involves a deliberate and forceful motion, likely with high hand acceleration, to throw the ball.",r001,Walking Outdoors,,Delete Row,796.3609866666667,114cdc4b-4ae5-4938-8218-151e1e35b3db
Locomotion,2,Essential Operation,#O x shoots the ball,"Body moving through space, likely involves walking or running.",r001,Walking Outdoors,,Delete Row,867.3527166666667,114cdc4b-4ae5-4938-8218-151e1e35b3db
Locomotion,2,Essential Operation,#C c shoots the ball,"Body moving through space, likely involves walking or running.",r001,Walking Outdoors,,Delete Row,910.0801866666668,114cdc4b-4ae5-4938-8218-151e1e35b3db
Locomotion,2,Object Transfer,#C c throws the ball to #O,Body moving through space while performing an action (throwing a ball).,r001,Walking Outdoors,,Delete Row,969.1601066666668,114cdc4b-4ae5-4938-8218-151e1e35b3db
Locomotion,2,,#O x throws the ball to #C,"The action involves movement through space, which is characteristic of locomotion.",r001,Walking Outdoors,,Delete Row,990.9383066666668,114cdc4b-4ae5-4938-8218-151e1e35b3db
Locomotion,2,,#C c throws the ball to the hoop,"Body moving through space while performing an action that involves throwing, which is not the primary focus of the motion classification.",r001,Walking Outdoors,,Delete Row,1099.90541,114cdc4b-4ae5-4938-8218-151e1e35b3db
Essential Operation,2,,#O x throws the ball to the hoop,"The action involves a targeted throw, which is a core manual task requiring precise hand movements.",r001,Walking Outdoors,,Delete Row,1151.05415,114cdc4b-4ae5-4938-8218-151e1e35b3db
Essential Operation,2,Essential Operation,#O man X catches the basketball,"[CtxFixed] Catching the basketball is a necessary step in the process of playing basketball, such as preparing to throw the ball towards the basket. This action is not about movement or transfer of the object itself but rather an essential part of the game.",r001,Walking Outdoors,,Delete Row,1400.96801,114cdc4b-4ae5-4938-8218-151e1e35b3db
Locomotion,2,,#O man X runs towards the basketball,Body moving through space at a fast pace.,r001,Walking Outdoors,Gold,,1405.36823,114cdc4b-4ae5-4938-8218-151e1e35b3db
Locomotion,2,,#O man X dribbles the basketball,Body moving through space while performing a locomotive action (dribbling while walking).,r001,Walking Outdoors,Gold,,1604.8185193333334,114cdc4b-4ae5-4938-8218-151e1e35b3db
Essential Operation,2,,#O man X throws the basketball at the basket,"The action involves a specific task (throwing the ball), which is a focused manual operation.",r001,Walking Outdoors,Gold,,1661.9981833333336,114cdc4b-4ae5-4938-8218-151e1e35b3db
Essential Operation,2,Essential Operation,#C C throws the basketball at the basket,"The action involves a specific task (throwing the ball), which is a core manual task with high hand acceleration.",r001,Walking Outdoors,,Delete Row,1666.4144533333335,114cdc4b-4ae5-4938-8218-151e1e35b3db
Essential Operation,2,Object Transfer,#C C throws the basketball in the basket,"The action involves a specific task (throwing the basketball), which is a core manual operation with high hand acceleration.",r001,Walking Outdoors,Gold,,1735.5030733333335,114cdc4b-4ae5-4938-8218-151e1e35b3db
Object Transfer,2,,#O man X catches the basketball,"[CtxFixed] The action of catching the basketball is a deliberate placement of the object in the man's possession, which fits the criteria for 'Object Transfer'.",r001,Walking Outdoors,Gold,,1756.9160433333336,114cdc4b-4ae5-4938-8218-151e1e35b3db
Essential Operation,2,Object Transfer,#O man X throws the basketball at C,"The action involves a deliberate and forceful motion to throw the ball, indicating high hand activity.",r001,Walking Outdoors,Gold,,1766.1243933333335,114cdc4b-4ae5-4938-8218-151e1e35b3db
Object Transfer,2,,#C c takes the ball from the ground,"The action involves picking up an object (the ball), which is a logistics step.",r001,Walking Outdoors,Gold,,2010.3857433333333,114cdc4b-4ae5-4938-8218-151e1e35b3db
Locomotion,2,,#O Man A throws the ball into the net,"The action involves movement through space, likely including walking or running to throw the ball.",r001,Walking Outdoors,,Delete Row,2222.9373466666666,114cdc4b-4ae5-4938-8218-151e1e35b3db
Essential Operation,2,,#O Man A catches the ball,"[CtxFixed] Catching the ball is a fundamental part of the game and involves a deliberate action to stop the ball, which is not an error or correction but a necessary operation in the context of the game.",r001,Walking Outdoors,Gold,,2252.0532566666666,114cdc4b-4ae5-4938-8218-151e1e35b3db
Object Transfer,2,,#O Man A takes the ball,"Action involves picking up an object (the ball), which is a logistics step.",r001,Walking Outdoors,Gold,,2277.240556666666,114cdc4b-4ae5-4938-8218-151e1e35b3db
Locomotion,2,Essential Operation,#O Man A dribbles the ball,Body moving through space (walking while dribbling a ball).,r001,Walking Outdoors,Gold,,2277.4639166666666,114cdc4b-4ae5-4938-8218-151e1e35b3db
Locomotion,2,,#O Man A throws the ball,"Body moving through space, likely involves walking or running.",r001,Walking Outdoors,,Delete Row,2334.958976666667,114cdc4b-4ae5-4938-8218-151e1e35b3db
Locomotion,2,Essential Operation,#C C dribbles the ball,"Body moving through space while engaging in a physical activity (dribbling a ball), which involves high body acceleration.",r001,Walking Outdoors,Gold,,2390.5659966666667,114cdc4b-4ae5-4938-8218-151e1e35b3db
Locomotion,2,,#C C walks on the court,"Body moving through space, high body acceleration.",r001,Walking Outdoors,Gold,,2421.576936666667,114cdc4b-4ae5-4938-8218-151e1e35b3db
Locomotion,2,,#O Man A raises the right hand,"The action is taking place while the person is in motion, which indicates locomotion.",r001,Walking Outdoors,,Delete Row,2428.8712666666665,114cdc4b-4ae5-4938-8218-151e1e35b3db
Locomotion,2,,#O Man A lowers the right hand,"Action is likely part of the walking motion, involving body movement through space.",r001,Walking Outdoors,,Delete Row,2439.579976666667,114cdc4b-4ae5-4938-8218-151e1e35b3db
Stationary,2,,#O Man A raises his hands,Raising hands is a static action with low body motion.,r001,Walking Outdoors,,Delete Row,2444.5351466666666,114cdc4b-4ae5-4938-8218-151e1e35b3db
Locomotion,2,,#C C runs on the court,Body moving through space with high body acceleration.,r001,Walking Outdoors,Gold,,2456.723646666667,114cdc4b-4ae5-4938-8218-151e1e35b3db
Locomotion,2,,#O Man A follows C on the court,Body moving through space (walking).,r001,Walking Outdoors,Gold,,2532.3716266666665,114cdc4b-4ae5-4938-8218-151e1e35b3db
Essential Operation,2,,#O Man A hits the ball with the left hand,"The action involves a core manual task (hitting the ball with the hand), which is characterized by high hand acceleration and irregular motion.",r001,Walking Outdoors,,Delete Row,2545.952836666667,114cdc4b-4ae5-4938-8218-151e1e35b3db
Object Transfer,2,,#C C catches the ball,"[CtxFixed] Catching the ball involves the deliberate action of receiving an object, which is a form of object transfer.",r001,Walking Outdoors,,Delete Row,2606.2272066666665,114cdc4b-4ae5-4938-8218-151e1e35b3db
Stationary,2,,#O Man A puts hands on his waist,"Low body/hand motion, indicates a pause or stationary action.",r001,Walking Outdoors,Gold,,2753.8496600000003,114cdc4b-4ae5-4938-8218-151e1e35b3db
Locomotion,2,,#O Man D goes for the ball,Body moving through space (walking).,r001,Walking Outdoors,Gold,,2984.58145,114cdc4b-4ae5-4938-8218-151e1e35b3db
Search,2,,#C C checks his phone,"Head movement (looking at phone), hands mostly still.",r001,Walking Outdoors,Gold,,3245.0298193333333,114cdc4b-4ae5-4938-8218-151e1e35b3db
Stationary,2,,#C C holds a tissue paper in his right hand.,Holding an object with minimal movement.,r001,Mechanical Repair,Gold,,0.0,12cc8ad3-5cee-457f-8657-1db8ed812558
Stationary,2,,#C C holds a suspension spring in his left hand. #Unsure,"Low body/hand motion, holding an object without movement.",r001,Mechanical Repair,Gold,,0.0,12cc8ad3-5cee-457f-8657-1db8ed812558
Essential Operation,2,,#C C waters #Unsure,Core task involving repetitive hand movements with a watering tool.,r001,Gardening,Gold,,399.65034,141ce529-f793-48be-acde-24747af68b07
Search,2,,#C C looks at the garage,"Head movement (visual search), hands mostly still.",r001,Gardening,Gold,,667.92875,141ce529-f793-48be-acde-24747af68b07
Stationary,2,Essential Operation,#C C waters the grass,"Low body/hand motion, holding position while performing task.",r001,Gardening,Bad,,711.1015,141ce529-f793-48be-acde-24747af68b07
Essential Operation,2,,#C C bends the quad bike,[CtxFixed],r001,Gardening,Gold,,1084.33418,141ce529-f793-48be-acde-24747af68b07
Search,2,,#C C looks to the side,"Head movement (visual search), hands mostly still.",r001,Gardening,Gold,,1421.99269,141ce529-f793-48be-acde-24747af68b07
Essential Operation,2,,#C C stirs the food in the cooking pan on the cooking gas,Core manual task involving high hand activity.,r001,Cooking,Gold,,8.147805266666666,1c795a0e-e718-466f-8bee-46febdc2b17a
Search,2,,#C C looks at her hand watch,"Head movement (checking time), passive hands.",r001,Cooking,Gold,,63.38635526666667,1c795a0e-e718-466f-8bee-46febdc2b17a
Essential Operation,2,,#C C stirs the food in the cooking pot on the cooking gas,Core task involving repetitive hand movements.,r001,Cooking,Gold,,97.82746526666666,1c795a0e-e718-466f-8bee-46febdc2b17a
Stationary,2,,#C C stands in the kitchen room,"The action describes C standing still, indicating low energy and no movement.",r001,Cooking,Gold,,137.30538526666666,1c795a0e-e718-466f-8bee-46febdc2b17a
Essential Operation,2,,#C C scoops the macaroni,Core task involving high hand activity.,r001,Cooking,Gold,,315.58673526666666,1c795a0e-e718-466f-8bee-46febdc2b17a
Locomotion,2,,#C C moves towards the sink,"Movement through space, likely involves walking or moving the body towards the sink.",r001,Cooking,Gold,,333.49986526666663,1c795a0e-e718-466f-8bee-46febdc2b17a
Locomotion,2,,#C C moves towards the cooker,"Movement through space towards an object, high body acceleration.",r001,Cooking,Gold,,371.2210752666667,1c795a0e-e718-466f-8bee-46febdc2b17a
Essential Operation,2,,#C C pours macaroni in the sieve pot,Core task involving high hand activity.,r001,Cooking,Gold,,374.81084526666666,1c795a0e-e718-466f-8bee-46febdc2b17a
Object Transfer,2,,#C C puts a bag on the back,Logistics of moving an object (bag) to a location (back).,r001,Desk Work,Gold,,67.2575,1eea73ff-1781-4a36-9f81-1caf078f9d8b
Locomotion,2,,#C C parks the bicycle on the parking lot,Body moving through space to park the bicycle.,r001,Desk Work,Gold,,583.6919633333333,1eea73ff-1781-4a36-9f81-1caf078f9d8b
Locomotion,2,,#C C pushes the bicycle forward,"Body movement through space, likely involves pushing an object (bicycle).",r001,Mechanical Repair,Gold,,365.33646,20f345f7-d592-4d52-851f-3ee4544a847d
Essential Operation,2,,#C C smoothens the wooden hand rail with the sandpaper,Core task involving manual work with high hand activity.,r001,Mechanical Repair,Gold,,156.2979896,24b995e8-9150-43be-953c-f96959c151b5
Locomotion,2,,#C C takes a step with her right leg down the stairs,"Movement through space, specifically stepping down stairs.",r001,Mechanical Repair,Gold,,161.8017696,24b995e8-9150-43be-953c-f96959c151b5
Stationary,2,,#C C rests her left hand on the wooden hand rail,"Low body/hand motion, hand resting in place.",r001,Mechanical Repair,Gold,,161.9302896,24b995e8-9150-43be-953c-f96959c151b5
Stationary,2,,#C C takes her left hand off the wooden hand rail,"The action involves removing a hand from a rail, which is a low-energy movement.",r001,Mechanical Repair,,Delete Row,219.5839696,24b995e8-9150-43be-953c-f96959c151b5
Object Transfer,2,,#C C puts a cup on the countertop,"Logistics step, moving an object to a specific location.",r001,Cleaning,Gold,,50.2902686,2af7c658-0b4e-4f3c-b72e-ab77a06e1765
Object Transfer,2,,#C C picks siever,Logistics step involving picking up an object.,r001,Cleaning,Gold,,84.46756859999999,2af7c658-0b4e-4f3c-b72e-ab77a06e1765
Object Transfer,2,,#C C picks dishes,Logistics action involving picking up objects.,r001,Cleaning,Gold,,247.8423486,2af7c658-0b4e-4f3c-b72e-ab77a06e1765
Object Transfer,2,,#C C puts fork on the dishrack,Logistics of placing an object.,r001,Cleaning,Gold,,326.0903637171876,2af7c658-0b4e-4f3c-b72e-ab77a06e1765
Object Transfer,2,,#C C puts a knife on the dishrack,"Logistics/Setup step, moving an object to a specific location.",r001,Cleaning,Gold,,333.6804937171875,2af7c658-0b4e-4f3c-b72e-ab77a06e1765
Object Transfer,2,,#C C moves another card on the table with his right hand.,"The action involves moving an object (card), which is a logistics step.",r001,Playing Instrument,Gold,,9.35624,2c84e6a0-2a0b-4de8-ae99-aedbc871dffa
Object Transfer,2,,#C C picks the cards from the table with both hands.,Logistics step involving picking up objects with both hands.,r001,Playing Instrument,Gold,,10.52813,2c84e6a0-2a0b-4de8-ae99-aedbc871dffa
Object Transfer,2,,#O A man Y picks the card with his right hand.,"The action involves picking up an object, which is a logistics step.",r001,Playing Instrument,Gold,,27.95228,2c84e6a0-2a0b-4de8-ae99-aedbc871dffa
Essential Operation,2,Object Transfer,#O The man Y moves the card on the table with his right hand.,The action involves a core manual task with high hand activity.,r001,Playing Instrument,Gold,,114.86211,2c84e6a0-2a0b-4de8-ae99-aedbc871dffa
Object Transfer,2,Essential Operation,#O The man X moves the card on the table with his left hand.,"Logistics of moving an object (card), short bursts of hand activity.",r001,Playing Instrument,Gold,,116.50518,2c84e6a0-2a0b-4de8-ae99-aedbc871dffa
Object Transfer,2,,#O The man Y moves two cards on the table with his right hand.,"The action involves moving objects (cards), which is a logistics step.",r001,Playing Instrument,Gold,,117.03764,2c84e6a0-2a0b-4de8-ae99-aedbc871dffa
Object Transfer,2,,#O The man B picks a card from the table with his left hand.,"The action involves picking up an object, which is a logistics step.",r001,Playing Instrument,Gold,,240.29328,2c84e6a0-2a0b-4de8-ae99-aedbc871dffa
Object Transfer,2,,#O The man Y picks a card from the table with his right hand.,"The action involves picking up an object, which is a logistics step.",r001,Playing Instrument,Gold,,269.89704,2c84e6a0-2a0b-4de8-ae99-aedbc871dffa
Object Transfer,2,,#O The man X picks a card from the table with his left hand.,"Logistics/Setup step, picking up an object.",r001,Playing Instrument,Gold,,276.31517,2c84e6a0-2a0b-4de8-ae99-aedbc871dffa
Object Transfer,2,,#C C places the cards onto the table with his right hand.,"The action involves placing cards onto the table, which is a logistics step.",r001,Playing Instrument,Gold,,280.86102,2c84e6a0-2a0b-4de8-ae99-aedbc871dffa
Stationary,2,,#O man Y plays a card.,"Playing a card is likely a low-energy, stationary action.",r001,Playing Instrument,,Delete Row,309.98476,2c84e6a0-2a0b-4de8-ae99-aedbc871dffa
Object Transfer,2,,#O man Y moves card to C,Moving an object (card) from one person to another.,r001,Playing Instrument,Gold,,311.13037,2c84e6a0-2a0b-4de8-ae99-aedbc871dffa
Locomotion,2,,#O man H walks past B,"Movement through space, indicative of walking.",r001,Playing Instrument,Gold,,342.55448,2c84e6a0-2a0b-4de8-ae99-aedbc871dffa
Object Transfer,2,,#C C picks card from the table.,"Logistics step, picking up an object.",r001,Playing Instrument,Gold,,358.85032,2c84e6a0-2a0b-4de8-ae99-aedbc871dffa
Locomotion,2,,#O man T walks pass B.,Movement through space (walking).,r001,Playing Instrument,Gold,,406.29417,2c84e6a0-2a0b-4de8-ae99-aedbc871dffa
Essential Operation,2,Object Transfer,#O man F and Y picks cads.,"Core task involving hands, likely playing the instrument.",r001,Playing Instrument,Gold,,418.10924,2c84e6a0-2a0b-4de8-ae99-aedbc871dffa
Object Transfer,2,,#O man B picks the cards on the table.,"The action involves picking up objects (cards), which is a logistics step.",r001,Playing Instrument,Gold,,452.28673,2c84e6a0-2a0b-4de8-ae99-aedbc871dffa
Stationary,2,,#O man I sits on a chair.,"The action describes sitting on a chair, indicating a stationary position with little to no movement.",r001,Playing Instrument,Gold,,466.13084,2c84e6a0-2a0b-4de8-ae99-aedbc871dffa
Stationary,2,Essential Operation,#C C plays a card.,Playing a card involves minimal body movement.,r001,Playing Instrument,Gold,,638.04694,2c84e6a0-2a0b-4de8-ae99-aedbc871dffa
Object Transfer,2,,#O man B passes card to C,"The action involves passing an object, which is a logistics step.",r001,Playing Instrument,Gold,,648.22322,2c84e6a0-2a0b-4de8-ae99-aedbc871dffa
Essential Operation,2,,#O man B plays a card,Handling cards involves active hand movements.,r001,Playing Instrument,Gold,,651.02282,2c84e6a0-2a0b-4de8-ae99-aedbc871dffa
Object Transfer,2,,#C C drops the deck of cards on the table. #Unsure,Refined via regex fallback,r001,Playing Instrument,Gold,,752.35378,2c84e6a0-2a0b-4de8-ae99-aedbc871dffa
Stationary,2,,#C puts the snack in his mouth.,"The action involves a small, localized movement (putting a snack in one's mouth) that does not involve significant body or hand motion.",r001,Playing Instrument,Gold,,763.11,2c84e6a0-2a0b-4de8-ae99-aedbc871dffa
Stationary,2,,#C C touches his nose.,"The action of touching one's nose is a brief, stationary gesture.",r001,Playing Instrument,Gold,,783.43277,2c84e6a0-2a0b-4de8-ae99-aedbc871dffa
Stationary,2,Object Transfer,#O man B picks a card.,"The action 'picks a card' is likely a brief, low-energy motion.",r001,Playing Instrument,Gold,,793.1614999999999,2c84e6a0-2a0b-4de8-ae99-aedbc871dffa
Object Transfer,2,,#C C picks snacks from a plate.,Logistics step involving picking up objects.,r001,Playing Instrument,Gold,,819.73983,2c84e6a0-2a0b-4de8-ae99-aedbc871dffa
Object Transfer,2,,#O man B moves a card to C,Moving an object (card) from one place to another.,r001,Playing Instrument,Gold,,831.67124,2c84e6a0-2a0b-4de8-ae99-aedbc871dffa
Stationary,2,,#O The man B touches the card on the table with his left hand.,"The action described does not involve significant movement, suggesting a low energy state.",r001,Playing Instrument,Gold,,847.06294,2c84e6a0-2a0b-4de8-ae99-aedbc871dffa
Stationary,2,Essential Operation,#C C plays another card on the table with his right hand.,"The action involves a low-energy movement of placing a card on the table, indicating minimal body or hand motion.",r001,Playing Instrument,Bad,,848.89896,2c84e6a0-2a0b-4de8-ae99-aedbc871dffa
Stationary,2,,#O A woman T sits on a chair.,"The action describes sitting on a chair, which involves minimal movement.",r001,Playing Instrument,,,913.22629,2c84e6a0-2a0b-4de8-ae99-aedbc871dffa
Object Transfer,2,Essential Operation,#C C plays another card on the table with his right hand.,"The action involves placing an object (a card) on the table, which is a logistics step.",r001,Playing Instrument,Bad,,955.81498,2c84e6a0-2a0b-4de8-ae99-aedbc871dffa
Object Transfer,2,,#O The man B gathers the cards on the table with his right hand.,Logistics step involving picking up and organizing items.,r001,Playing Instrument,Gold,,967.47018,2c84e6a0-2a0b-4de8-ae99-aedbc871dffa
Object Transfer,2,,#O The man A passes another card to C with his right hand.,"The action involves passing an object, which is a logistics step.",r001,Playing Instrument,Gold,,971.36144,2c84e6a0-2a0b-4de8-ae99-aedbc871dffa
Object Transfer,2,,#C C moves the cards on the table with his right hand.,"Logistics of moving cards, short bursts of hand activity.",r001,Playing Instrument,Gold,,984.26912,2c84e6a0-2a0b-4de8-ae99-aedbc871dffa
Essential Operation,2,,#O The man A plays another card on the table with his right hand.,Core task involving manual operation with high hand activity.,r001,Playing Instrument,Gold,,1298.53781,2c84e6a0-2a0b-4de8-ae99-aedbc871dffa
Object Transfer,2,,#O The man B picks another card from the table with his right hand.,"The action involves picking up an object (card), which is a logistics step.",r001,Playing Instrument,Gold,,1315.69745,2c84e6a0-2a0b-4de8-ae99-aedbc871dffa
Object Transfer,2,,#O The man B picks another paper towel with his right hand,"The action involves picking up an object, which is a logistics step.",r001,Playing Instrument,Gold,,1429.64381,2c84e6a0-2a0b-4de8-ae99-aedbc871dffa
Object Transfer,2,,#O The man F pulls the first brown chair with his right hand.,"The action involves moving an object (chair), which corresponds to logistics/setup.",r001,Playing Instrument,Gold,,1850.57721,2c84e6a0-2a0b-4de8-ae99-aedbc871dffa
Stationary,2,,#C C touches his mouth with his right hand. #Unsure,"Low body/hand motion, likely a preparatory or idle gesture.",r001,Playing Instrument,Gold,,1991.26929,2c84e6a0-2a0b-4de8-ae99-aedbc871dffa
Locomotion,2,Object Transfer,#O man D pulls back the chair,"Movement of the chair, which implies body motion.",r001,Cleaning,Gold,,318.10361,2d1baacd-d82b-4e0c-9d85-b420fb9bde91
Stationary,2,,#O man D waves hand,"Low body/hand motion, likely gesturing or talking.",r001,Cleaning,,Delete Row,383.88892,2d1baacd-d82b-4e0c-9d85-b420fb9bde91
Search,2,,#C C point ahead,"Indicates a head or hand movement towards a target, suggesting a search or visual inspection.",r001,Cleaning,,Delete Row,538.1610693333333,2d1baacd-d82b-4e0c-9d85-b420fb9bde91
Locomotion,2,,#O woman E walks away,Body moving through space (walking).,r001,Cleaning,Gold,,552.7998293333333,2d1baacd-d82b-4e0c-9d85-b420fb9bde91
Search,2,,#O man E searches the shopping bag,"Visual search through the shopping bag, likely with head and hand movements.",r001,Cleaning,Gold,,571.8866333333333,2d1baacd-d82b-4e0c-9d85-b420fb9bde91
Search,2,,#O man E looks at #unsure,"Visual search or monitoring, likely involves head movement.",r001,Cleaning,,Delete Row,624.0190233333333,2d1baacd-d82b-4e0c-9d85-b420fb9bde91
Search,2,,#O man E searches pockets,"The action involves searching through pockets, which typically involves head and hand movements but does not involve significant body movement.",r001,Cleaning,Gold,,649.9397733333333,2d1baacd-d82b-4e0c-9d85-b420fb9bde91
Stationary,2,,#O man R holds gift wrapper,"Holding an object without moving, low energy activity.",r001,Cleaning,Gold,,689.7005933333334,2d1baacd-d82b-4e0c-9d85-b420fb9bde91
Essential Operation,2,,#O man E swings hand,"High hand activity, likely performing a core cleaning task.",r001,Cleaning,Gold,,704.5676333333333,2d1baacd-d82b-4e0c-9d85-b420fb9bde91
Object Transfer,2,,#O man E places scissors on the table,Logistics step involving placing an object.,r001,Cleaning,Gold,,727.7922433333333,2d1baacd-d82b-4e0c-9d85-b420fb9bde91
Object Transfer,2,,#O man E gives C scissors,Logistics action involving giving an object.,r001,Cleaning,Gold,,759.2509433333333,2d1baacd-d82b-4e0c-9d85-b420fb9bde91
Search,2,,#O man E looks around,"Head movement (looking around), hands mostly still.",r001,Cleaning,Gold,,772.1367833333334,2d1baacd-d82b-4e0c-9d85-b420fb9bde91
Object Transfer,2,,#O man E passes tape to C,"Passing an object, involves logistics and transfer.",r001,Cleaning,Gold,,802.2648533333333,2d1baacd-d82b-4e0c-9d85-b420fb9bde91
Object Transfer,2,,#C C pulls out tape,"Logistics step, likely involves picking up and pulling out an object.",r001,Cleaning,Gold,,819.7864533333334,2d1baacd-d82b-4e0c-9d85-b420fb9bde91
Stationary,2,Essential Operation,#C C folds gift wrapper,"Low body/hand motion, focused task.",r001,Cleaning,Bad,,857.5657633333333,2d1baacd-d82b-4e0c-9d85-b420fb9bde91
Stationary,2,,#O man D folds hands,"Low body/hand motion, indicative of a paused or idle action.",r001,Cleaning,Gold,,902.9048633333332,2d1baacd-d82b-4e0c-9d85-b420fb9bde91
Essential Operation,2,,#O man D folds gift wrapper,"Core manual task involving hands, likely with repetitive motions.",r001,Cleaning,Gold,,969.7453733333332,2d1baacd-d82b-4e0c-9d85-b420fb9bde91
Essential Operation,2,,#O man D cuts gift wrapper with scissors,Core manual task involving high hand activity.,r001,Cleaning,Gold,,988.2494433333334,2d1baacd-d82b-4e0c-9d85-b420fb9bde91
Essential Operation,2,,#C C folds gift wrapper,Core manual task involving precise hand movements.,r001,Cleaning,Gold,,1107.2937866666666,2d1baacd-d82b-4e0c-9d85-b420fb9bde91
Search,2,Essential Operation,#O man D adjust camera for C,"Adjusting the camera likely involves head and eye movements to frame the shot, with relatively stationary hands.",r001,Cleaning,Bad,,1153.3917366666667,2d1baacd-d82b-4e0c-9d85-b420fb9bde91
Essential Operation,2,,#C C cuts #unsure,"Core task, high hand activity.",r001,Cleaning,Gold,,1220.6106866666669,2d1baacd-d82b-4e0c-9d85-b420fb9bde91
Essential Operation,2,,#C C fixes gift wrapper,"[CtxFixed] The current action involves fixing the gift wrapper, which is a continuation of the essential operation of preparing a gift. This action is not related to locomotion, searching, or transferring objects, and it is a deliberate action rather than a mistake.",r001,Cleaning,Gold,,1228.7168466666667,2d1baacd-d82b-4e0c-9d85-b420fb9bde91
Essential Operation,2,,#C C cuts gift wrapper with scissors,Core task involving manual dexterity and hand activity.,r001,Cleaning,Gold,,1250.4030166666666,2d1baacd-d82b-4e0c-9d85-b420fb9bde91
Stationary,2,Object Transfer,#O man D moves tape on the table,"The action involves moving tape on a table, which likely involves minimal body movement and could be considered a low-energy activity.",r001,Cleaning,Bad,,1282.1456966666667,2d1baacd-d82b-4e0c-9d85-b420fb9bde91
Object Transfer,2,,#C C places scissors on the table,Logistics action of placing an object.,r001,Cleaning,Gold,,1313.5257166666663,2d1baacd-d82b-4e0c-9d85-b420fb9bde91
Essential Operation,2,,#O man D tapes gift wrapper,Core manual task involving precise hand movements.,r001,Cleaning,Gold,,1334.7874166666666,2d1baacd-d82b-4e0c-9d85-b420fb9bde91
Essential Operation,2,,#O man D cuts gift wrapper,Core task involving manual dexterity and high hand activity.,r001,Cleaning,Gold,,1365.7156466666663,2d1baacd-d82b-4e0c-9d85-b420fb9bde91
Stationary,2,Essential Operation,#C C folds doll,"Low energy, fine motor task with minimal body movement.",r001,Cleaning,Bad,,1510.9809866666667,2d1baacd-d82b-4e0c-9d85-b420fb9bde91
Object Transfer,2,,#O man D places tape on the table,Placing an object (tape) on a surface.,r001,Cleaning,Gold,,1621.2360159999998,2d1baacd-d82b-4e0c-9d85-b420fb9bde91
Essential Operation,2,,#C C unwraps the doll,"Core task involving manipulation, high hand activity.",r001,Cleaning,Gold,,1624.884606,2d1baacd-d82b-4e0c-9d85-b420fb9bde91
Object Transfer,2,,#O man D takes tape,Logistics/Setup step (taking an object).,r001,Cleaning,Gold,,1759.61913,2d1baacd-d82b-4e0c-9d85-b420fb9bde91
Essential Operation,2,,#O man D cuts the tape,"Core task, high hand activity.",r001,Cleaning,Gold,,1767.1146,2d1baacd-d82b-4e0c-9d85-b420fb9bde91
Stationary,2,Essential Operation,#C C adjusts gifts,Adjusting items typically involves minimal movement and can be considered a stationary action.,r001,Cleaning,Bad,,2023.26082,2d1baacd-d82b-4e0c-9d85-b420fb9bde91
Object Transfer,2,,#C C pick gift wrapper,Logistics step involving picking up an object.,r001,Cleaning,Gold,,2132.177179333333,2d1baacd-d82b-4e0c-9d85-b420fb9bde91
Stationary,2,,#C C holds gift,Holding an object with minimal movement.,r001,Cleaning,Gold,,2557.9398533333333,2d1baacd-d82b-4e0c-9d85-b420fb9bde91
Essential Operation,2,,#C C sticks tape on table,"Core manual task, high hand activity.",r001,Cleaning,Gold,,2642.013163333333,2d1baacd-d82b-4e0c-9d85-b420fb9bde91
Essential Operation,2,,#O person M sticks tape on table,Core manual task involving precise hand activity.,r001,Cleaning,Gold,,2649.6779733333333,2d1baacd-d82b-4e0c-9d85-b420fb9bde91
Stationary,2,,#OpersonM points at gift,Pointing involves minimal body movement and is generally a stationary action.,r001,Cleaning,,Delete Row,2678.2669926666667,2d1baacd-d82b-4e0c-9d85-b420fb9bde91
Object Transfer,2,,#O person M picks tape,Logistics action of picking an object.,r001,Cleaning,Gold,,2682.2030526666667,2d1baacd-d82b-4e0c-9d85-b420fb9bde91
Stationary,2,,#O person M scrolls phone,"Low body/hand motion, primarily hand movement.",r001,Cleaning,Gold,,2780.8289766666667,2d1baacd-d82b-4e0c-9d85-b420fb9bde91
Object Transfer,2,Essential Operation,#C C adjusts shopping bag,"Adjusting an object, involves picking up and repositioning.",r001,Cleaning,Bad,,2823.0392666666667,2d1baacd-d82b-4e0c-9d85-b420fb9bde91
Object Transfer,2,,#C C puts gift in shopping Bag,"Logistics step, moving an object (gift) to a location (shopping bag).",r001,Cleaning,Gold,,2847.568936666667,2d1baacd-d82b-4e0c-9d85-b420fb9bde91
Object Transfer,2,,#C C picks wrapper,Logistics step involving picking up an object.,r001,Cleaning,Gold,,2907.152326666667,2d1baacd-d82b-4e0c-9d85-b420fb9bde91
Essential Operation,2,,#C C fixes nail opn the machine gun,Core manual task involving high hand activity.,r001,Carpentry,Gold,,21.2547,2d25e199-9b83-4fa5-b568-684107bb5894
Essential Operation,2,,#C C fixes nail on the wall,Core manual task involving high hand activity.,r001,Carpentry,Gold,,167.50899,2d25e199-9b83-4fa5-b568-684107bb5894
Essential Operation,2,,#C c inserts wire into the terminal connector,Core manual task involving precise hand movements.,r001,Carpentry,Gold,,354.09246,2d25e199-9b83-4fa5-b568-684107bb5894
Locomotion,2,,#C C walks towards the brush in the paint container,Movement through space towards an object.,r001,Mechanical Repair,Gold,,9.99051,2f16540c-5349-4580-a644-6e0a79b2689c
Stationary,2,,#C C touches a plant with right hand,"Low body/hand motion, likely inspecting or touching the plant without movement.",r001,Mechanical Repair,Gold,,273.53958,2f16540c-5349-4580-a644-6e0a79b2689c
Essential Operation,2,,#C C paints the wooden rail with the brush,"Core task involving manual activity with the hand, high hand acceleration.",r001,Mechanical Repair,Gold,,309.59069,2f16540c-5349-4580-a644-6e0a79b2689c
Essential Operation,2,,#C C rubs the brush on the edge of the paint container,Core manual task involving high hand activity.,r001,Mechanical Repair,Gold,,350.69725,2f16540c-5349-4580-a644-6e0a79b2689c
Stationary,2,,#C C holds the brush with his right hand,Holding an object without active movement.,r001,Mechanical Repair,Gold,,369.30886,2f16540c-5349-4580-a644-6e0a79b2689c
Stationary,2,,#C C touches the plant with the brush in his right hand,"The action involves a touch or inspection with minimal movement, indicating a low energy state.",r001,Mechanical Repair,,Delete Row,397.92915,2f16540c-5349-4580-a644-6e0a79b2689c
Stationary,2,,#C C holds the nylon on the floor with his left hand,"Low body/hand motion, holding an object in place.",r001,Mechanical Repair,Gold,,448.44894,2f16540c-5349-4580-a644-6e0a79b2689c
Stationary,2,,#C C removes his left hand from the nylon on the floor,"The action describes a hand being removed from a surface, which is a low-energy, static movement.",r001,Mechanical Repair,,Delete Row,454.21521,2f16540c-5349-4580-a644-6e0a79b2689c
Object Transfer,2,,#C C pulls the glove on the right hand with the left hand,"Action involves picking up and putting on a glove, which is a logistics step.",r001,Mechanical Repair,Gold,,527.51634,2f16540c-5349-4580-a644-6e0a79b2689c
Search,2,,#C C looks around in the house.,"Head movement (visual search), hands mostly still.",r001,Cleaning,Gold,,3.704918600000001,34f523f5-adf8-43eb-92f4-8274cd221009
Object Transfer,2,,#C C puts the frame picture on a chair.,Logistics step involving moving an object from one place to another.,r001,Cleaning,Gold,,50.5971286,34f523f5-adf8-43eb-92f4-8274cd221009
Object Transfer,2,,#C C picks the soap.,Logistics step involving picking up an object.,r001,Cleaning,Gold,,102.5743586,34f523f5-adf8-43eb-92f4-8274cd221009
Object Transfer,2,,#C C lifts the packet box from the cabinet.,"Action involves picking up an object, which is a logistics step.",r001,Cleaning,Gold,,145.4151686,34f523f5-adf8-43eb-92f4-8274cd221009
Essential Operation,2,,#C C sprays the soap on the cabinet door.,Core task involving high hand activity.,r001,Cleaning,Gold,,172.1353586,34f523f5-adf8-43eb-92f4-8274cd221009
Object Transfer,2,,#O person Y puts mug plates in a silvered sink,"The action involves placing objects (mug plates) into a specific location (sink), which is a logistics or setup step.",r001,Walking Outdoors,Gold,,27.324299600000003,3817b065-3d46-44ff-b6a6-8c4d646165f2
Essential Operation,2,,#O person Y cleans hands with tap water,Core manual task involving hand activity.,r001,Walking Outdoors,Gold,,35.130669600000004,3817b065-3d46-44ff-b6a6-8c4d646165f2
Essential Operation,2,Essential Operation,#O person X lances tomatoes in a white mug bottle,"Core task, high hand activity.",r001,Walking Outdoors,,Delete Row,48.6490396,3817b065-3d46-44ff-b6a6-8c4d646165f2
Essential Operation,2,,#O person D annexes salt to tomatoes,"Core task involving manual operation, likely adding salt to tomatoes.",r001,Walking Outdoors,Gold,,55.2522396,3817b065-3d46-44ff-b6a6-8c4d646165f2
Stationary,2,,#O person D operates on a smart phone,Operating a smartphone involves minimal body movement and is a relatively stationary activity.,r001,Walking Outdoors,Gold,,160.1939596,3817b065-3d46-44ff-b6a6-8c4d646165f2
Stationary,2,,#O person X talks to man D,"Low body/hand motion, likely standing or walking very little while talking.",r001,Walking Outdoors,Gold,,190.4135696,3817b065-3d46-44ff-b6a6-8c4d646165f2
Object Transfer,2,,#O person D situates the food in a fridge,"The action involves placing an object (food) in a specific location (fridge), which corresponds to logistics and setup.",r001,Walking Outdoors,Gold,,227.4779196,3817b065-3d46-44ff-b6a6-8c4d646165f2
Object Transfer,2,,#O person D closes a fridge door,"The action involves closing a fridge door, which is a logistics step.",r001,Walking Outdoors,Gold,,229.4648596,3817b065-3d46-44ff-b6a6-8c4d646165f2
Object Transfer,2,,#O man X picks a white mug glass from a slivered granite sink,"The action involves picking up an object, which is a logistics step.",r001,Walking Outdoors,,,459.14478095466336,3817b065-3d46-44ff-b6a6-8c4d646165f2
Object Transfer,2,,#O person X picks a white mug bowel on the kitchen cabinet,Logistics step involving picking up an object.,r001,Walking Outdoors,,,1024.7210209546631,3817b065-3d46-44ff-b6a6-8c4d646165f2
Locomotion,2,,#O man A gleans rig cook beeves in a white mug plate with an aluminium spoon,"The action describes a person moving around, likely while preparing or handling items, indicating a form of locomotion.",r001,Walking Outdoors,,,1229.8734309546635,3817b065-3d46-44ff-b6a6-8c4d646165f2
Object Transfer,2,,#O man A collects a piece of rig cook beef on the kitchen cabinet with hand,"The action involves picking up an object, which is a logistics step.",r001,Walking Outdoors,,,1277.8761509546634,3817b065-3d46-44ff-b6a6-8c4d646165f2
Object Transfer,2,,#O man A puts the mug plate with some food on the dining table,Logistics step of putting down an object.,r001,Walking Outdoors,,,1340.3742809546634,3817b065-3d46-44ff-b6a6-8c4d646165f2
Locomotion,2,,#O person Y and A walks a round,Body moving through space (walking).,r001,Walking Outdoors,,,1395.3810909546633,3817b065-3d46-44ff-b6a6-8c4d646165f2
Object Transfer,2,,#C C opens lid,Opening an object is part of logistics/setup.,r001,Cleaning,,,130.36757859999997,38f872c3-7300-4c7c-a2be-614ddb415ce7
Locomotion,2,,#C C climbs on the window,Body moving through space (climbing). High Body Accel.,r001,Cleaning,,,257.5710086,38f872c3-7300-4c7c-a2be-614ddb415ce7
Locomotion,2,,#C C jumps from the window,"Body moving through space (jumping), high body acceleration.",r001,Cleaning,,,356.9003892853613,38f872c3-7300-4c7c-a2be-614ddb415ce7
Locomotion,2,,#C C sweeps wall,Body moving through space while performing a sweeping action.,r001,Cleaning,,,621.0919776136719,38f872c3-7300-4c7c-a2be-614ddb415ce7
Object Transfer,2,,#C C drops #unsure,"[CtxFixed] The action of dropping an object onto a surface is a form of deliberate placement, which falls under the 'Object Transfer' category.",r001,Cleaning,,,764.536437613672,38f872c3-7300-4c7c-a2be-614ddb415ce7
Essential Operation,2,,#C C sweeps the wall,Core manual task involving high hand activity.,r001,Cleaning,,,861.323768233952,38f872c3-7300-4c7c-a2be-614ddb415ce7
Essential Operation,2,,#C C shakes trash bag,High hand activity involved in the task of shaking the trash bag.,r001,Cleaning,,,983.537348233952,38f872c3-7300-4c7c-a2be-614ddb415ce7
Locomotion,2,,#C C moves aside,Body moving through space to rearrange objects or clear a space.,r001,Cleaning,,,996.900788233952,38f872c3-7300-4c7c-a2be-614ddb415ce7
Object Transfer,2,,#C C picks litter,Logistics step involving picking up an object.,r001,Cleaning,,,1001.828758233952,38f872c3-7300-4c7c-a2be-614ddb415ce7
Object Transfer,2,,#C C drops litter in trash bag,"Action involves placing an object (litter) into another object (trash bag), which is a logistics step.",r001,Cleaning,,,1002.492258233952,38f872c3-7300-4c7c-a2be-614ddb415ce7
Stationary,2,,#C C holds trash bag,"Low body/hand motion, maintaining position.",r001,Cleaning,,,1014.208388233952,38f872c3-7300-4c7c-a2be-614ddb415ce7
Object Transfer,2,,#C C drops trash bag,"[CtxFixed] The action of dropping the trash bag is a deliberate placement of the object onto a surface, which fits the criteria for 'Object Transfer'.",r001,Cleaning,,,1014.881018233952,38f872c3-7300-4c7c-a2be-614ddb415ce7
Stationary,2,,#C C touches window,"Low energy activity, likely involves minimal hand movement.",r001,Cleaning,,,1031.160038233952,38f872c3-7300-4c7c-a2be-614ddb415ce7
Object Transfer,2,,#C C drops cut plant,"[CtxFixed] The action of dropping the cut plant is a deliberate placement onto a surface, which fits the criteria for Object Transfer.",r001,Cleaning,,,1040.007258233952,38f872c3-7300-4c7c-a2be-614ddb415ce7
Essential Operation,2,,#C C rubs plant with scissors,Core manual task involving hand activity with scissors.,r001,Cleaning,,,1069.6582915672852,38f872c3-7300-4c7c-a2be-614ddb415ce7
Locomotion,2,,#C C moves cut plants,"Movement through space with a held object, indicative of high body acceleration.",r001,Cleaning,,,1081.2621515672854,38f872c3-7300-4c7c-a2be-614ddb415ce7
Stationary,2,,#C C scratches plant,"Low body/hand motion, likely involves minimal movement.",r001,Cleaning,,,1098.0863116989583,38f872c3-7300-4c7c-a2be-614ddb415ce7
Locomotion,2,,#C C moves forward,Body moving through space (walking/forward movement).,r001,Cleaning,,,1149.1010516989584,38f872c3-7300-4c7c-a2be-614ddb415ce7
Locomotion,2,,#C C moves plants,Body moving through space to rearrange plants.,r001,Cleaning,,,1198.7305316989582,38f872c3-7300-4c7c-a2be-614ddb415ce7
Object Transfer,2,,#C C picks trash bag,Logistics step involving picking up an object.,r001,Cleaning,,,1247.7280316989584,38f872c3-7300-4c7c-a2be-614ddb415ce7
Locomotion,2,,#C C moves dirt,"Body moving through space to clean, likely involves walking or sweeping which generates high body acceleration.",r001,Cleaning,,,1327.8399516989584,38f872c3-7300-4c7c-a2be-614ddb415ce7
Locomotion,2,,#C C sweeps the floor with a broom brush,"Body moving through space while performing a sweeping action, involves significant body acceleration.",r001,Cleaning,,,1367.4501618016304,38f872c3-7300-4c7c-a2be-614ddb415ce7
Object Transfer,2,,#C C picks a piece of paper on the floor,Logistics step involving picking up an object.,r001,Cleaning,,,1558.2540218016306,38f872c3-7300-4c7c-a2be-614ddb415ce7
Essential Operation,2,,#C C pours dirt in the trash bag,Core task involving high hand activity.,r001,Cleaning,,,1702.2529707126305,38f872c3-7300-4c7c-a2be-614ddb415ce7
Locomotion,2,,#C C lifts mop,"Body movement (lifting), high body acceleration.",r001,Cleaning,,,1923.9506913337948,38f872c3-7300-4c7c-a2be-614ddb415ce7
Essential Operation,2,,#C C squeezes mop,Core task involving high hand activity.,r001,Cleaning,,,2010.3646613337949,38f872c3-7300-4c7c-a2be-614ddb415ce7
Essential Operation,2,,#C C shakes mop,Core task involving high hand activity.,r001,Cleaning,,,2073.956291333795,38f872c3-7300-4c7c-a2be-614ddb415ce7
Search,2,,#C C moves hand towards the face,"Indicates a head or hand movement towards the face, likely for visual or tactile inspection.",r001,Cleaning,,,2171.2288213337947,38f872c3-7300-4c7c-a2be-614ddb415ce7
Locomotion,2,,#C C carries seat,Body moving through space with an object.,r001,Cleaning,,,2180.745129726302,38f872c3-7300-4c7c-a2be-614ddb415ce7
Stationary,2,,#C C hits pillow,"Low body/hand motion, possibly involves minimal movement.",r001,Cleaning,,,2233.410689726302,38f872c3-7300-4c7c-a2be-614ddb415ce7
Essential Operation,2,,#C C moves hand along windowsill,Core task involving high hand activity for cleaning.,r001,Cleaning,,,2251.941719726302,38f872c3-7300-4c7c-a2be-614ddb415ce7
Object Transfer,2,,#C C picks broom,Logistics step involving picking up an object.,r001,Cleaning,,,2265.625209726302,38f872c3-7300-4c7c-a2be-614ddb415ce7
Stationary,2,,#C C holds mop with the other hand,"Low body/hand motion, holding an object.",r001,Cleaning,,,2332.283809726302,38f872c3-7300-4c7c-a2be-614ddb415ce7
Stationary,2,,#C C holds window,"Low body/hand motion, holding position.",r001,Cleaning,,,2368.788799726302,38f872c3-7300-4c7c-a2be-614ddb415ce7
Stationary,2,,#C C switches light on,"Low body/hand motion, likely involves pressing a button or switch.",r001,Cleaning,,,2375.556029726302,38f872c3-7300-4c7c-a2be-614ddb415ce7
Object Transfer,2,,#C C puts phone away,"Logistics step, picking up and putting away an object.",r001,Cleaning,,,2387.565819726302,38f872c3-7300-4c7c-a2be-614ddb415ce7
Object Transfer,2,,#C C picks both brush and dustpan,"Logistics of picking up objects, involves short bursts of hand acceleration.",r001,Cleaning,,,2393.5048397263017,38f872c3-7300-4c7c-a2be-614ddb415ce7
Object Transfer,2,,#C C lifts bucket handle,"Logistics step, picking up an object.",r001,Cleaning,,,2414.878609726302,38f872c3-7300-4c7c-a2be-614ddb415ce7
Essential Operation,2,,#C C pours water,Core task involving high hand activity.,r001,Cleaning,,,2509.3460380368488,38f872c3-7300-4c7c-a2be-614ddb415ce7
Object Transfer,2,,#C C picks mop,"Logistics step, picking up the mop.",r001,Cleaning,,,2523.9842380368486,38f872c3-7300-4c7c-a2be-614ddb415ce7
Locomotion,2,,#C C moves around the field,"Body moving through space, indicative of walking or running.",r001,Playing Instrument,,,345.92745335113955,41e19b91-3be6-4b90-b8dc-24d2551fcbd1
Locomotion,2,,#C C walks in the open area.,"Body moving through space, indicative of walking.",r001,Playing Instrument,,,609.5159121677084,41e19b91-3be6-4b90-b8dc-24d2551fcbd1
Search,2,,#C C looks at the dog,"Head movement (visual observation), passive hands.",r001,Playing Instrument,,,642.2658721677084,41e19b91-3be6-4b90-b8dc-24d2551fcbd1
Stationary,2,,#C C looks at the dog,"Low body/hand motion, visual observation.",r001,Playing Instrument,,,820.5902518293625,41e19b91-3be6-4b90-b8dc-24d2551fcbd1
Object Transfer,2,,#C C picks the rope,"Action involves picking up an object, indicating a logistics step.",r001,Playing Instrument,,,964.5548318293625,41e19b91-3be6-4b90-b8dc-24d2551fcbd1
Locomotion,2,,#C C moves backwards,"Body moving through space, specifically moving backwards.",r001,Playing Instrument,,,1383.2921044775358,41e19b91-3be6-4b90-b8dc-24d2551fcbd1
Stationary,2,,#C C touches a dog,"The action described does not involve any significant movement, it is more about interaction in a stationary position.",r001,Playing Instrument,,,1412.3459544775355,41e19b91-3be6-4b90-b8dc-24d2551fcbd1
Stationary,2,,#C C lowers hand,"Low body/hand motion, likely preparing to play or pausing.",r001,Playing Instrument,,,1986.527154148273,41e19b91-3be6-4b90-b8dc-24d2551fcbd1
Object Transfer,2,,#C C throws a stick,[CtxFixed] The action of throwing a stick involves the transfer of an object (the stick) from one location to another.,r001,Playing Instrument,,,2120.8267541482733,41e19b91-3be6-4b90-b8dc-24d2551fcbd1
Locomotion,2,,#c c walks around the street,"Body moving through space, indicative of walking with high body acceleration.",r001,Walking Outdoors,,,371.3552,438d4a92-1965-4854-969d-cf84f0eff028
Stationary,2,,# C c picks phone,"The action implies a pause in locomotion to pick up a phone, indicating low body/hand motion.",r001,Walking Outdoors,,,2991.383706666667,438d4a92-1965-4854-969d-cf84f0eff028
Object Transfer,2,,#C C picks up a sand paper.,Logistics step of picking up an item.,r001,Mechanical Repair,,,13.9553696,4705aeac-ccbd-4463-8bb0-36120e5a382e
Essential Operation,2,,#C C smooths the wooden fence with the sand paper.,Core task involving high hand activity.,r001,Mechanical Repair,,,69.7949996,4705aeac-ccbd-4463-8bb0-36120e5a382e
Object Transfer,2,,#C C passes the sand paper to the other hand.,"Logistics step, transferring an object.",r001,Mechanical Repair,,,171.6209996,4705aeac-ccbd-4463-8bb0-36120e5a382e
Essential Operation,2,,#C C smooths the pole of the wooden fence with the sand paper.,Core manual task involving high hand activity.,r001,Mechanical Repair,,,208.2349996,4705aeac-ccbd-4463-8bb0-36120e5a382e
Essential Operation,2,,#C C folds the sand paper by pressing it on the pole.,Core manual task involving hand manipulation.,r001,Mechanical Repair,,,268.4141796,4705aeac-ccbd-4463-8bb0-36120e5a382e
Essential Operation,2,,#C C smooths the pole of the fence with sand paper.,Core task involving manual operation with high hand activity.,r001,Mechanical Repair,,,296.8329709546634,4705aeac-ccbd-4463-8bb0-36120e5a382e
Essential Operation,2,,#C C loosens clamp,Core manual task involving hand manipulation.,r001,Carpentry,,,24.0273386,477feff8-a1ff-4f43-b726-273ca0fa47e9
Object Transfer,2,,#C C puts another jack plane part on the work surface,Logistics step involving the placement of an object.,r001,Carpentry,,,66.99948859999999,477feff8-a1ff-4f43-b726-273ca0fa47e9
Essential Operation,2,,#C C loosens screw on the jack plane with a screw driver,Core manual task involving high hand activity.,r001,Carpentry,,,106.4655386,477feff8-a1ff-4f43-b726-273ca0fa47e9
Stationary,2,,#C C blows jack plane part,"Low body/hand motion, likely involves breathing or a minor action.",r001,Carpentry,,,110.2935986,477feff8-a1ff-4f43-b726-273ca0fa47e9
Search,2,,#C C adjusts camera,"Head movement (adjusting camera), hands mostly still.",r001,Carpentry,,,136.4988986,477feff8-a1ff-4f43-b726-273ca0fa47e9
Essential Operation,2,,#C C tightens screw on the jack plane parts,Core manual task involving high hand activity.,r001,Carpentry,,,193.3492586,477feff8-a1ff-4f43-b726-273ca0fa47e9
Stationary,2,,#C C holds screw driver,"Low body/hand motion, holding screwdriver without movement.",r001,Carpentry,,,225.1241586,477feff8-a1ff-4f43-b726-273ca0fa47e9
Essential Operation,2,,#C C adjusts jack plane,Core manual task involving precise hand movements.,r001,Carpentry,,,258.4059486,477feff8-a1ff-4f43-b726-273ca0fa47e9
Stationary,2,,#C C rubs the piece of wood.,"Low body/hand motion, rubbing is a gentle action.",r001,Carpentry,,,277.6854992852933,477feff8-a1ff-4f43-b726-273ca0fa47e9
Essential Operation,2,,#C C smoothens the piece of wood.,Core task involving high hand activity.,r001,Carpentry,,,287.8466592852933,477feff8-a1ff-4f43-b726-273ca0fa47e9
Essential Operation,2,,#C C applies #Unsure on the plane.,"Core task involving manual application, high hand activity.",r001,Carpentry,,,307.5412192852933,477feff8-a1ff-4f43-b726-273ca0fa47e9
Object Transfer,2,,#C C picks the measuring tool,Logistics step involving picking up an object.,r001,Carpentry,,,365.4223592852933,477feff8-a1ff-4f43-b726-273ca0fa47e9
Search,2,,#C C looks at the plane.,"Head movement (visual inspection), hands mostly still.",r001,Carpentry,,,387.1584392852933,477feff8-a1ff-4f43-b726-273ca0fa47e9
Search,2,,#C C measures the piece of wood.,"Visual search or monitoring (checking measurements), hands mostly still.",r001,Carpentry,,,409.1813592852933,477feff8-a1ff-4f43-b726-273ca0fa47e9
Essential Operation,2,,#C C adjusts the plane.,Adjusting a tool is a core manual task involving fine hand movements.,r001,Carpentry,,,445.8073592852933,477feff8-a1ff-4f43-b726-273ca0fa47e9
Stationary,2,,#C C holds the piece of wood.,"Low body/hand motion, holding an object without movement.",r001,Carpentry,,,743.5013076136719,477feff8-a1ff-4f43-b726-273ca0fa47e9
Object Transfer,2,,#C C places the measuring tool and workshop knife on the table,"Logistics step, placing objects on a surface.",r001,Carpentry,,,744.2889476136719,477feff8-a1ff-4f43-b726-273ca0fa47e9
Essential Operation,2,,#C C rubs the piece of wood.,Core task involving manual activity with hands.,r001,Carpentry,,,751.762487613672,477feff8-a1ff-4f43-b726-273ca0fa47e9
Search,2,,#C C measures the wood with the ruler,"Visual search or monitoring, likely involves head movement while measuring.",r001,Carpentry,,,855.8702182613358,477feff8-a1ff-4f43-b726-273ca0fa47e9
Essential Operation,2,,#C C marks the wood with the pencil,"Core task involving manual marking, high hand activity.",r001,Carpentry,,,904.6326382613358,477feff8-a1ff-4f43-b726-273ca0fa47e9
Object Transfer,2,,#C C picks the drill hook,"Logistics/Setup step, picking up an object.",r001,Carpentry,,,1043.0242682613357,477feff8-a1ff-4f43-b726-273ca0fa47e9
Object Transfer,2,,#C C picks the paper,Logistics action of picking up an object.,r001,Carpentry,,,1285.3894571449218,477feff8-a1ff-4f43-b726-273ca0fa47e9
Search,2,,#C C measures the wood,Visual search or monitoring (measuring involves visual inspection).,r001,Carpentry,,,1441.3604931038485,477feff8-a1ff-4f43-b726-273ca0fa47e9
Essential Operation,2,,#C C marks the wood,Core task involving high hand activity.,r001,Carpentry,,,1469.4750731038482,477feff8-a1ff-4f43-b726-273ca0fa47e9
Search,2,,#C C Measures the timber with mortase gauge,"Visual monitoring or measurement, likely with minimal hand movement.",r001,Carpentry,,,1706.940107144922,477feff8-a1ff-4f43-b726-273ca0fa47e9
Object Transfer,2,,#C C Pushes the timber aside with both hands,Moving an object (timber) from one place to another.,r001,Carpentry,,,1775.058897144922,477feff8-a1ff-4f43-b726-273ca0fa47e9
Object Transfer,2,,#C C Picks screw drive from the table,Logistics action involving picking up an object.,r001,Carpentry,,,1822.308627144922,477feff8-a1ff-4f43-b726-273ca0fa47e9
Essential Operation,2,,#C C Wipes the timber with left hand,Core manual task involving high hand activity.,r001,Carpentry,,,1864.1252771449217,477feff8-a1ff-4f43-b726-273ca0fa47e9
Essential Operation,2,,#C C Cuts the timber from with hand saw,Core manual task involving high hand activity.,r001,Carpentry,,,1866.0983271449213,477feff8-a1ff-4f43-b726-273ca0fa47e9
Object Transfer,2,,#C C Picks saw from the hanger,Logistics action of picking up an object.,r001,Carpentry,,,1975.823704093164,477feff8-a1ff-4f43-b726-273ca0fa47e9
Stationary,2,,#C C adjusts the pullover,"Adjusting clothing is a low-energy, stationary action.",r001,Cooking,,,-0.012972010351563,487d752c-6e22-43e3-9c08-627bc2a6c6d4
Object Transfer,2,,#C C places the slices on bread on the countertop,"Logistics step of placing items, short bursts of hand activity.",r001,Cooking,,,11.442027989648436,487d752c-6e22-43e3-9c08-627bc2a6c6d4
Essential Operation,2,,#C C removes garlic clove piece in the knife,"Core task involving manual manipulation, high hand activity.",r001,Cooking,,,18.76740798964844,487d752c-6e22-43e3-9c08-627bc2a6c6d4
Essential Operation,2,,#C C removes the garlic clove peel,Core manual task involving fine hand movements.,r001,Cooking,,,23.80049798964844,487d752c-6e22-43e3-9c08-627bc2a6c6d4
Object Transfer,2,,#C C places the garlic clove on the chopping board,"Logistics step, placing an object.",r001,Cooking,,,31.46591798964844,487d752c-6e22-43e3-9c08-627bc2a6c6d4
Essential Operation,2,,#C C folds the towel,Core manual task involving hand manipulation.,r001,Cleaning,,,98.7755286,4ab8fc08-2ae6-4b27-8c72-e9700e0161bb
Stationary,2,,#C C Stretches the fabric,"Low body/hand motion, stretching is a gentle action.",r001,Cleaning,,,253.2642086,4ab8fc08-2ae6-4b27-8c72-e9700e0161bb
Essential Operation,2,,#C C folds the fabric,Core manual task involving repetitive hand movements.,r001,Cleaning,,,254.6158886,4ab8fc08-2ae6-4b27-8c72-e9700e0161bb
Stationary,2,,#C C folds mask,"Low body/hand motion, fine motor skill activity.",r001,Cleaning,,,308.2266766652337,4ab8fc08-2ae6-4b27-8c72-e9700e0161bb
Essential Operation,2,,#C C folds cloth,Core task involving repetitive hand movements.,r001,Cleaning,,,350.3268966652337,4ab8fc08-2ae6-4b27-8c72-e9700e0161bb
Object Transfer,2,,#C C picks cloth from basket,Logistics step involving picking up an object.,r001,Cleaning,,,570.2019824964844,4ab8fc08-2ae6-4b27-8c72-e9700e0161bb
Object Transfer,2,,#C C puts folded cloth aside,Logistics step involving moving an object.,r001,Cleaning,,,633.6762924964844,4ab8fc08-2ae6-4b27-8c72-e9700e0161bb
Essential Operation,2,,#C C pulls the string with a right hand,Core manual task involving high hand activity.,r001,Desk Work,,,3.330055266666667,52d7e473-06a6-4464-81f4-08199bf5cb6a
Essential Operation,2,,#C C adjusts the tuner with his left hand,Core manual task involving fine motor skills.,r001,Desk Work,,,88.28081526666666,52d7e473-06a6-4464-81f4-08199bf5cb6a
Essential Operation,2,,#C C plays the guitar with his right hand,Core manual task involving high hand activity.,r001,Desk Work,,,178.02783526666667,52d7e473-06a6-4464-81f4-08199bf5cb6a
Search,2,,#C C looks on the screen,"Visual search or monitoring, head movement involved.",r001,Desk Work,,,279.3419752666667,52d7e473-06a6-4464-81f4-08199bf5cb6a
Stationary,2,,#C C touches the mouse,"Low body/hand motion, typical of desk work.",r001,Desk Work,,,589.3597052666668,52d7e473-06a6-4464-81f4-08199bf5cb6a
Stationary,2,,#C C plays guitar,"Playing guitar while desk working suggests a stationary activity with hands on the instrument, minimal body movement.",r001,Desk Work,,,1016.8139852666668,52d7e473-06a6-4464-81f4-08199bf5cb6a
Essential Operation,2,,#C C pays a guitar,[CtxFixed] Playing a guitar is considered an essential operation as it involves a deliberate and focused action on a specific object.,r001,Desk Work,,,1144.4000152666663,52d7e473-06a6-4464-81f4-08199bf5cb6a
Essential Operation,2,,#C C uses mouse,Core task involving high hand activity.,r001,Desk Work,,,1425.9493452666666,52d7e473-06a6-4464-81f4-08199bf5cb6a
Essential Operation,2,,#C C plays guitar,"Core task involving hands, likely with repetitive motion.",r001,Desk Work,,,1447.4486252666666,52d7e473-06a6-4464-81f4-08199bf5cb6a
Stationary,2,,#C C scrolls through the desk top using a mouse,"Low body/hand motion, primarily finger movement.",r001,Desk Work,,,2467.226635266667,52d7e473-06a6-4464-81f4-08199bf5cb6a
Stationary,2,,#C C reads lyrics on computer,"Low body/hand motion, focused visual activity.",r001,Desk Work,,,3073.6502152666667,52d7e473-06a6-4464-81f4-08199bf5cb6a
Stationary,2,,#c c stops playing a guitar,"The action indicates a pause in motion, likely with minimal body or hand activity.",r001,Desk Work,,,3402.371205266667,52d7e473-06a6-4464-81f4-08199bf5cb6a
Stationary,2,,#c c sings,"Low body/hand motion, singing does not involve significant physical movement.",r001,Desk Work,,,3404.154975266667,52d7e473-06a6-4464-81f4-08199bf5cb6a
Stationary,2,,#c c resets his timer,"Low body/hand motion, likely involves pressing a button or making a small hand gesture.",r001,Desk Work,,,3463.007275266667,52d7e473-06a6-4464-81f4-08199bf5cb6a
Essential Operation,2,,#c c press on the phone,"Core task involving pressing on a phone, high hand activity.",r001,Desk Work,,,3647.205985266666,52d7e473-06a6-4464-81f4-08199bf5cb6a
Stationary,2,,#C is singing while playing guitar,"Low body/motion, hands engaged in playing guitar, no significant movement through space.",r001,Desk Work,,,3835.964345266667,52d7e473-06a6-4464-81f4-08199bf5cb6a
Search,2,,#C is looking around,"Head movement (visual search), hands mostly still.",r001,Desk Work,,,4041.275705266667,52d7e473-06a6-4464-81f4-08199bf5cb6a
Stationary,2,,# C C holds the phone with both hands,"Low body/hand motion, holding an object without movement.",r001,Desk Work,,,4088.287115266666,52d7e473-06a6-4464-81f4-08199bf5cb6a
Stationary,2,,# C C taps the screen on the phone with the finger,"Short burst of hand activity, likely in a seated position.",r001,Desk Work,,,4089.021245266667,52d7e473-06a6-4464-81f4-08199bf5cb6a
Stationary,2,,# C C scrolls the screen of the phone with the finger,"Low body motion, focused hand movement on a small area.",r001,Desk Work,,,4100.404875266668,52d7e473-06a6-4464-81f4-08199bf5cb6a
Stationary,2,,# C C flaps the hand,"Flapping the hand without moving the body suggests a low-energy, stationary activity.",r001,Desk Work,,,4112.788975266667,52d7e473-06a6-4464-81f4-08199bf5cb6a
Stationary,2,,# C C scrolls the screen of the phone,"Low body/hand motion, mostly finger movement.",r001,Desk Work,,,4113.390925266667,52d7e473-06a6-4464-81f4-08199bf5cb6a
Stationary,2,,# C C changes the sitting position,Adjusting sitting position involves minimal movement and does not involve significant body acceleration.,r001,Desk Work,,,4152.277955266667,52d7e473-06a6-4464-81f4-08199bf5cb6a
Essential Operation,2,,#C C operates a computer with a mouse,Core manual task involving high hand activity.,r001,Desk Work,,,4387.667681933333,52d7e473-06a6-4464-81f4-08199bf5cb6a
Locomotion,2,,#C C enters the living room,"Movement through space, likely involving walking or moving into a new area.",r001,Cooking,,,51.6056796,58baa94e-8a14-4608-907b-ddcda8cd7e21
Locomotion,2,,#C C enters a dinning room,"Movement through space (entering a dining room), involves walking or moving.",r001,Cooking,Gold,,109.2707796,58baa94e-8a14-4608-907b-ddcda8cd7e21
Locomotion,2,,#C C towards the cooker stove,Movement through space towards the cooker stove.,r001,Cooking,Gold,,270.76014960000003,58baa94e-8a14-4608-907b-ddcda8cd7e21
Search,2,,#C C turns to the phone,"Head movement (turning to look at the phone), hands mostly still.",r001,Cooking,Gold,,431.9624009546634,58baa94e-8a14-4608-907b-ddcda8cd7e21
Essential Operation,2,,#C C grates butter,"Core task, high hand activity.",r001,Cooking,Gold,,600.4534109546634,58baa94e-8a14-4608-907b-ddcda8cd7e21
Object Transfer,2,,#C C picks up a bowl,Logistics step involving picking up an object.,r001,Cooking,Gold,,834.6148209546634,58baa94e-8a14-4608-907b-ddcda8cd7e21
Object Transfer,2,,#C C lifts up a grater,"Action involves picking up an object, which is a logistics step.",r001,Cooking,Gold,,850.3213609546634,58baa94e-8a14-4608-907b-ddcda8cd7e21
Essential Operation,2,,#C C mixes the ingredients in the bowl with hands,Core manual task involving high hand activity.,r001,Cooking,Gold,,872.3238509546634,58baa94e-8a14-4608-907b-ddcda8cd7e21
Object Transfer,2,,#C C lifts up the glass jar,"The action involves picking up an object, which falls under logistics.",r001,Cooking,Gold,,969.7479909546636,58baa94e-8a14-4608-907b-ddcda8cd7e21
Stationary,2,,#C C looks forward,"Low body/hand motion, indicates a stationary action.",r001,Cooking,Gold,,1209.1569709546634,58baa94e-8a14-4608-907b-ddcda8cd7e21
Essential Operation,2,Object Transfer,#C C lifts the cartoon,Lifting an object involves high hand activity.,r001,Walking Outdoors,Gold,,474.89617526666666,5970d966-cbd4-4fc0-8590-bffc9935bf10
Stationary,2,,#C C holds the cartoon,Holding an object typically involves low body and hand motion.,r001,Walking Outdoors,Gold,,483.71759526666665,5970d966-cbd4-4fc0-8590-bffc9935bf10
Object Transfer,2,,#C C picks the bag,Logistics step involving picking up an object.,r001,Walking Outdoors,Gold,,500.8786752666667,5970d966-cbd4-4fc0-8590-bffc9935bf10
Search,2,,#C C looks at the bike,"Head movement (visual inspection), hands mostly still.",r001,Walking Outdoors,Gold,,582.9084852666667,5970d966-cbd4-4fc0-8590-bffc9935bf10
Locomotion,2,,#C C walks outside the house,"Body moving through space, indicative of walking.",r001,Walking Outdoors,Gold,,591.5635852666667,5970d966-cbd4-4fc0-8590-bffc9935bf10
Object Transfer,2,,#C C picks a phone,Logistics step of picking up an object.,r001,Desk Work,Gold,,187.9563396,5b2ffccb-a891-4d76-a271-abbcbf7e894b
Object Transfer,2,,#C C picks a steamer basket,Logistics/Setup step.,r001,Cooking,Gold,,41.3930986,5baf4e1b-582a-4fbc-9391-3e794057c759
Object Transfer,2,,#C C puts down the bottle,Logistics step of placing an object down.,r001,Cooking,Gold,,55.4785786,5baf4e1b-582a-4fbc-9391-3e794057c759
Object Transfer,2,,#C C puts water in the cooking pot,Logistics step involving the transfer of water into the pot.,r001,Cooking,Gold,,85.8252486,5baf4e1b-582a-4fbc-9391-3e794057c759
Object Transfer,2,,#C C puts down the cooking pot,Logistics/Setup step involving placing an object down.,r001,Cooking,Gold,,91.7774086,5baf4e1b-582a-4fbc-9391-3e794057c759
Locomotion,2,,#O woman X moves around,"Body moving through space, likely involves walking or moving around.",r001,Cooking,Gold,,122.9411086,5baf4e1b-582a-4fbc-9391-3e794057c759
Object Transfer,2,,#C C closes water tap,Logistics step involving a specific object (closing the water tap).,r001,Cooking,Gold,,162.3859086,5baf4e1b-582a-4fbc-9391-3e794057c759
Locomotion,2,,#C C moves the cooking pan,"Movement of the body to move the cooking pan, involves high body acceleration.",r001,Cooking,Gold,,274.47074860000004,5baf4e1b-582a-4fbc-9391-3e794057c759
Object Transfer,2,,#C C picks cooking pot from the cabinet,Logistics step involving picking up an object.,r001,Cooking,Gold,,296.3000386766179,5baf4e1b-582a-4fbc-9391-3e794057c759
Object Transfer,2,,#C C closes cabinet with hand,"Closing a cabinet involves moving an object (the cabinet door), which is a logistics step.",r001,Cooking,Gold,,303.3939186766179,5baf4e1b-582a-4fbc-9391-3e794057c759
Object Transfer,2,,#C C picks spice from the pantry,"Logistics step, picking up an object.",r001,Cooking,Gold,,434.8715686766179,5baf4e1b-582a-4fbc-9391-3e794057c759
Object Transfer,2,,#C C opens spice lid,Logistics step involving opening a container.,r001,Cooking,Gold,,436.6515486766179,5baf4e1b-582a-4fbc-9391-3e794057c759
Object Transfer,2,,#C C picks spoon from the counter top,Logistics step involving picking up an object.,r001,Cooking,Gold,,469.7366686766179,5baf4e1b-582a-4fbc-9391-3e794057c759
Object Transfer,2,,#O female B takes glove from the cabinet,Logistics/Setup step involving picking up and putting down an object.,r001,Cooking,Gold,,543.2959120099513,5baf4e1b-582a-4fbc-9391-3e794057c759
Stationary,2,,#CO female B converses with C,"Low body/hand motion, likely involves talking.",r001,Cooking,Gold,,557.4484121677084,5baf4e1b-582a-4fbc-9391-3e794057c759
Object Transfer,2,,#C C places bowl on the counter top,"Logistics step, placing an object.",r001,Cooking,Gold,,698.3464221677084,5baf4e1b-582a-4fbc-9391-3e794057c759
Object Transfer,2,,#C C places spatula on other hand,"Logistics step, transferring the spatula to the other hand.",r001,Cooking,,,725.4802921677084,5baf4e1b-582a-4fbc-9391-3e794057c759
Essential Operation,2,,#C C divides garlic.,Core task involving manual dexterity and fine motor skills.,r001,Cooking,,,888.3318186458333,5baf4e1b-582a-4fbc-9391-3e794057c759
Object Transfer,2,,#C C puts knife on the table.,Logistics/Setup step involving the placement of an object.,r001,Cooking,,,896.4996386458333,5baf4e1b-582a-4fbc-9391-3e794057c759
Locomotion,2,,#C C walks in the kuchen.,"Movement through space, involves body acceleration.",r001,Cooking,,,964.0574586458332,5baf4e1b-582a-4fbc-9391-3e794057c759
Essential Operation,2,,#C C scoops ingredient.,Core task involving high hand activity.,r001,Cooking,,,1009.2883386458334,5baf4e1b-582a-4fbc-9391-3e794057c759
Essential Operation,2,,#O person Q spreads greens on the foil paper.,Core task involving manual dexterity and hand movements.,r001,Cooking,,,1049.4190086458334,5baf4e1b-582a-4fbc-9391-3e794057c759
Object Transfer,2,,#O person Q puts spatula on the table.,Logistics step involving placing an object.,r001,Cooking,,,1055.8875286458333,5baf4e1b-582a-4fbc-9391-3e794057c759
Search,2,,#C C operates a wrist watch,Head and hand movement focused on checking the time.,r001,Cooking,,,1112.0090333884114,5baf4e1b-582a-4fbc-9391-3e794057c759
Stationary,2,,#C C places hand on a cooker,Placing hand on a cooker indicates a pause or waiting period.,r001,Cooking,,,1155.4614433884117,5baf4e1b-582a-4fbc-9391-3e794057c759
Essential Operation,2,,#C C stirs #unsure,Core task involving high hand activity.,r001,Cooking,,,1200.7644633884115,5baf4e1b-582a-4fbc-9391-3e794057c759
Essential Operation,2,,#C C turns knob on a cooker,"Core task involving manual adjustment, high hand activity.",r001,Cooking,,,1306.9228033884117,5baf4e1b-582a-4fbc-9391-3e794057c759
Essential Operation,2,,#C C turns off faucet,"Core task involving manipulation, high hand activity.",r001,Cooking,,,1320.2393833884114,5baf4e1b-582a-4fbc-9391-3e794057c759
Object Transfer,2,,#C C drops spoon,"[CtxFixed] The action of dropping the spoon is a deliberate placement onto a surface, which fits the criteria for 'Object Transfer'.",r001,Cooking,,,1325.9464933884117,5baf4e1b-582a-4fbc-9391-3e794057c759
Object Transfer,2,,#C C takes whisk,Logistics/Setup step (pick up an object).,r001,Cooking,,,1334.344773388411,5baf4e1b-582a-4fbc-9391-3e794057c759
Essential Operation,2,,#C C pours #unsure in a tin,Core task involving manual operation with the hands.,r001,Cooking,,,1358.9771133884117,5baf4e1b-582a-4fbc-9391-3e794057c759
Object Transfer,2,,#C C places the plastic container on the floor,Logistics step involving placing an object.,r001,Mechanical Repair,,,79.4580886,5f2be256-1298-4876-a310-cc9c7e80774a
Object Transfer,2,,#C C puts the piece of paper in the drawer,Logistics/Setup step involving picking up and placing an object.,r001,Mechanical Repair,,,115.1855686,5f2be256-1298-4876-a310-cc9c7e80774a
Object Transfer,2,,#C C picks a birthday card in the drawer,"Logistics/Setup step, picking up an object.",r001,Mechanical Repair,,,123.8250286,5f2be256-1298-4876-a310-cc9c7e80774a
Object Transfer,2,,#C C organizes the drawer,Logistics/Setup step involving organizing items in a drawer.,r001,Mechanical Repair,,,126.2000486,5f2be256-1298-4876-a310-cc9c7e80774a
Object Transfer,2,,#C C picks up a packet of battery cells,Logistics step involving picking up an object.,r001,Mechanical Repair,,,278.15482860000003,5f2be256-1298-4876-a310-cc9c7e80774a
Object Transfer,2,,#C C connects a power bank to the charger,"The action involves connecting a power bank to a charger, which is a logistics step.",r001,Mechanical Repair,,,414.19619870273175,5f2be256-1298-4876-a310-cc9c7e80774a
Stationary,2,,#C C holds goggles,"Low body/hand motion, holding an object without movement.",r001,Mechanical Repair,,,454.1119087027317,5f2be256-1298-4876-a310-cc9c7e80774a
Object Transfer,2,,#C C picks another paper,Logistics step involving picking up an object.,r001,Mechanical Repair,,,455.60593870273175,5f2be256-1298-4876-a310-cc9c7e80774a
Stationary,2,,#C C holds papers,"Low body/hand motion, holding papers is a static action.",r001,Mechanical Repair,,,457.9770287027318,5f2be256-1298-4876-a310-cc9c7e80774a
Essential Operation,2,,#C C rotates a cable round his hands,Core manual task involving high hand activity.,r001,Mechanical Repair,,,530.1069787027318,5f2be256-1298-4876-a310-cc9c7e80774a
Object Transfer,2,,#C C pulls a cable,Logistics action involving the manipulation of an object.,r001,Mechanical Repair,,,692.4625421677084,5f2be256-1298-4876-a310-cc9c7e80774a
Object Transfer,2,,#C C passes a box to the right hand,"The action involves passing an object, which is a logistics step.",r001,Mechanical Repair,,,876.1830353925853,5f2be256-1298-4876-a310-cc9c7e80774a
Stationary,2,,#C C folds a paper,"Folding paper is a manual task but is not typically associated with locomotion, object transfer, search, or error/correction. It does not involve high body or hand acceleration typical of essential operations.",r001,Mechanical Repair,,,891.7694753925853,5f2be256-1298-4876-a310-cc9c7e80774a
Object Transfer,2,,#C C picks a cable,Logistics step of picking up an object.,r001,Mechanical Repair,,,929.4126153925852,5f2be256-1298-4876-a310-cc9c7e80774a
Object Transfer,2,,#C C drops a cable in the drawer,"The action involves placing an object (cable) into a drawer, which is a logistics step.",r001,Mechanical Repair,,,950.2442553925852,5f2be256-1298-4876-a310-cc9c7e80774a
Stationary,2,,#C C touches a camera,"Low body/hand motion, likely involves fine motor skills or inspection.",r001,Mechanical Repair,,,1202.3340413701824,5f2be256-1298-4876-a310-cc9c7e80774a
Object Transfer,2,,#C C opens the container,Logistics/Setup step (opening an object).,r001,Cooking,,,30.8342186,615c5cd1-1dab-4667-94ce-30bfe52e7cd4
Essential Operation,2,,#C C prepares food,"Core task, high hand activity.",r001,Cooking,,,45.6981986,615c5cd1-1dab-4667-94ce-30bfe52e7cd4
Essential Operation,2,,#C C adds spice in the food,"Core task, high hand activity.",r001,Cooking,,,148.1776986,615c5cd1-1dab-4667-94ce-30bfe52e7cd4
Object Transfer,2,,#C C puts the food item in a bowl,"Logistics step, moving an object from one place to another.",r001,Cooking,,,160.9540386,615c5cd1-1dab-4667-94ce-30bfe52e7cd4
Object Transfer,2,,#C C throws trash in the bin,Logistics step involving moving an object (trash) to a destination (bin).,r001,Cooking,,,408.49858860000006,615c5cd1-1dab-4667-94ce-30bfe52e7cd4
Object Transfer,2,,#C C puts knife on the countertop,"Logistics/Setup step, involves placing an object.",r001,Cooking,,,501.3413386,615c5cd1-1dab-4667-94ce-30bfe52e7cd4
Object Transfer,2,,#C C throws waste in trash can,Logistics action involving picking up and disposing of waste.,r001,Cooking,,,517.5643286000001,615c5cd1-1dab-4667-94ce-30bfe52e7cd4
Object Transfer,2,,#C C sorts cloths from the washing machine,"Logistics/Sorting step, involves picking up and putting down objects.",r001,Cooking,,,625.9270252666668,615c5cd1-1dab-4667-94ce-30bfe52e7cd4
Stationary,2,,#C C interacts with woman X,"Low body/hand motion, likely involves speaking or gesturing.",r001,Cooking,,,699.1518752666667,615c5cd1-1dab-4667-94ce-30bfe52e7cd4
Object Transfer,2,,#C C hands over the basin to woman X,Logistics step involving passing an object.,r001,Cooking,,,703.2028452666667,615c5cd1-1dab-4667-94ce-30bfe52e7cd4
Locomotion,2,,#C C carries the baby,Body moving through space while carrying an additional load.,r001,Cooking,,,828.0839752666667,615c5cd1-1dab-4667-94ce-30bfe52e7cd4
Stationary,2,,#C C does the hand gesture,"Low body/hand motion, likely involves minimal movement.",r001,Cooking,,,1054.0720252666667,615c5cd1-1dab-4667-94ce-30bfe52e7cd4
Stationary,2,,#C C shows man X the phone content,"Low body/hand motion, likely involves showing content which is a static action.",r001,Cooking,Gold,,1073.6388219333337,615c5cd1-1dab-4667-94ce-30bfe52e7cd4
Object Transfer,2,Essential Operation,#O man X serves the beverage,Logistics step involving picking up and serving the beverage.,r001,Cooking,Gold,,1472.0900219333334,615c5cd1-1dab-4667-94ce-30bfe52e7cd4
Object Transfer,2,,#C C closes the door,"Closing an object (door), involves a short burst of hand activity.",r001,Cooking,Gold,,1774.492830954663,615c5cd1-1dab-4667-94ce-30bfe52e7cd4
Locomotion,2,,#O man Y walks,"Movement through space, indicative of walking.",r001,Cooking,Gold,,1948.950680954663,615c5cd1-1dab-4667-94ce-30bfe52e7cd4
Object Transfer,2,,#C C puts bowl down,Logistics/Setup step.,r001,Cooking,Gold,,1956.338460954663,615c5cd1-1dab-4667-94ce-30bfe52e7cd4
Object Transfer,2,,#C C moves bowl,Logistics of moving an object (bowl).,r001,Cooking,Gold,,1972.388540954663,615c5cd1-1dab-4667-94ce-30bfe52e7cd4
Stationary,2,,#C C shakes dish,"Low body/hand motion, shaking is a small movement.",r001,Cooking,Gold,,2022.321280954663,615c5cd1-1dab-4667-94ce-30bfe52e7cd4
Locomotion,2,,#O boy S walks,"Movement through space, indicative of walking.",r001,Cooking,Gold,,2167.9154809546635,615c5cd1-1dab-4667-94ce-30bfe52e7cd4
Object Transfer,2,,#C C puts dish down,"Logistics/Setup step, involves moving an object to a stationary position.",r001,Cooking,Gold,,2182.6837786,615c5cd1-1dab-4667-94ce-30bfe52e7cd4
Stationary,2,,#O Boy S moves hands,"Low body/hand motion, likely idle or talking.",r001,Cooking,Gold,,2213.9900386000004,615c5cd1-1dab-4667-94ce-30bfe52e7cd4
Object Transfer,2,,#C C dips the brush into a paint container.,Logistics step involving picking up or putting down an object.,r001,Mechanical Repair,Gold,,110.3360696,62117f20-5e86-480d-b0c5-277f9ebc3615
Essential Operation,2,,#C C paints the balcony rail.,Core manual task involving high hand activity.,r001,Mechanical Repair,Gold,,227.8348496,62117f20-5e86-480d-b0c5-277f9ebc3615
Object Transfer,2,,#C C drops the paint brush on a paint container.,"[CtxFixed] The action of dropping the paint brush onto a paint container appears to be a deliberate placement of the object, which fits the criteria for 'Object Transfer'.",r001,Mechanical Repair,Gold,,283.52687960000003,62117f20-5e86-480d-b0c5-277f9ebc3615
Essential Operation,2,,#C C paints the wooden balcony rail with the paint brush in her right hand,"Core task involving manual operation with a paint brush, high hand activity.",r001,Mechanical Repair,Gold,,378.2661409546634,62117f20-5e86-480d-b0c5-277f9ebc3615
Object Transfer,2,,#C C dips the paint brush in her right hand into the paint container,"The action involves picking up the paint brush and dipping it into the container, which is a logistics step.",r001,Mechanical Repair,Gold,,461.8637009546634,62117f20-5e86-480d-b0c5-277f9ebc3615
Stationary,2,,#C C adjusts the white polythene sheet with her left hand,"Adjusting a sheet likely involves fine, subtle movements rather than high energy or jerky motions.",r001,Mechanical Repair,Gold,,770.6019709546634,62117f20-5e86-480d-b0c5-277f9ebc3615
Essential Operation,2,,#C C dips the paint brush in her right hand into a paint container,Core task involving manual activity with the hand.,r001,Mechanical Repair,Gold,,830.6935709546634,62117f20-5e86-480d-b0c5-277f9ebc3615
Object Transfer,2,,#C C passes the paint brush to her left hand,The action involves transferring an object (the paint brush) from one hand to another.,r001,Mechanical Repair,Gold,,896.7019709546634,62117f20-5e86-480d-b0c5-277f9ebc3615
Essential Operation,2,,#C C cleans the floor with her left hand,Core task involving high hand activity.,r001,Mechanical Repair,Gold,,1058.1745709546633,62117f20-5e86-480d-b0c5-277f9ebc3615
Stationary,2,,#C C rubs her fingers together,"Low body/hand motion, likely inspecting hands or materials.",r001,Mechanical Repair,Gold,,1061.5237959546632,62117f20-5e86-480d-b0c5-277f9ebc3615
Object Transfer,2,,#C C drops the paint container on the white polythene sheet,"[CtxFixed] The action of dropping the paint container onto the white polythene sheet is a deliberate placement, which fits the criteria for 'Object Transfer'.",r001,Mechanical Repair,Gold,,1560.7195509546632,62117f20-5e86-480d-b0c5-277f9ebc3615
Object Transfer,2,,#C C passes the paint brush to her right hand,Logistics step involving the transfer of the paint brush.,r001,Mechanical Repair,Gold,,1574.2325609546633,62117f20-5e86-480d-b0c5-277f9ebc3615
Essential Operation,2,,#C C dips the paint brush in the paint.,Core task involving high hand activity.,r001,Mechanical Repair,Gold,,1674.6813909546634,62117f20-5e86-480d-b0c5-277f9ebc3615
Essential Operation,2,,#C C brushes the paint brush against the mouth of the can of paint.,Core manual task involving high hand activity.,r001,Mechanical Repair,Gold,,1675.7321709546632,62117f20-5e86-480d-b0c5-277f9ebc3615
Essential Operation,2,,#C C adjusts the camera,Core manual task involving fine motor skills and hand adjustments.,r001,Mechanical Repair,Gold,,14.6475,63961b5a-3d09-439a-abff-1bd3456b25e0
Locomotion,2,,#C C rides a bicycle on the road,"Body moving through space, indicative of movement and high body acceleration.",r001,Mechanical Repair,Gold,,55.20147,63961b5a-3d09-439a-abff-1bd3456b25e0
Search,2,,#C C looks at the plants,"Head movement (visual search), hands mostly still.",r001,Walking Outdoors,Gold,,405.35006,6542887a-5ea3-41b4-b281-3f2b30ebb766
Locomotion,2,Object Transfer,#C C throws waste on the waste container,Body movement involved in the action of throwing waste.,r001,Cleaning,Bad,,79.3913286,66600529-b776-4b03-9e58-53d4950bbf0b
Object Transfer,2,,#C C throws waste in the waste container,Logistics step involving the movement of an object.,r001,Cleaning,Gold,,112.7050586,66600529-b776-4b03-9e58-53d4950bbf0b
Stationary,2,Object Transfer,#C C closes the laundry machine,Low energy action with minimal body movement.,r001,Cleaning,Bad,,30.967488600000003,67dca1fe-bfbf-4bd2-ba24-427e35722cb0
Essential Operation,2,,#C C swings the right hand,Core task involving high hand activity.,r001,Playing Instrument,,,1.6373386,6b0e9740-14ac-45aa-993c-574bc25a4585
Essential Operation,2,,#C C swings the left hand,"High hand activity, likely playing the instrument.",r001,Playing Instrument,,,323.56814860000003,6b0e9740-14ac-45aa-993c-574bc25a4585
Object Transfer,2,,#C C pulls the chair with the left hand,Logistics step involving moving an object (chair).,r001,Playing Instrument,,,588.6432993320908,6b0e9740-14ac-45aa-993c-574bc25a4585
Stationary,2,,#C C sits on the chair,"Low body/hand motion, sitting down.",r001,Playing Instrument,,,588.8451593320908,6b0e9740-14ac-45aa-993c-574bc25a4585
Object Transfer,2,,#C C opens the book with the both hands,Logistics step involving picking up or opening an object.,r001,Playing Instrument,,,590.5166993320909,6b0e9740-14ac-45aa-993c-574bc25a4585
Stationary,2,,#C C flips pages of the book,The action of flipping pages is a quick movement but does not involve significant body or hand motion otherwise.,r001,Playing Instrument,,,1103.080607613672,6b0e9740-14ac-45aa-993c-574bc25a4585
Essential Operation,2,,#C C swings both hands,High hand activity during playing the instrument.,r001,Playing Instrument,,,1414.708538231348,6b0e9740-14ac-45aa-993c-574bc25a4585
Object Transfer,2,,#C C closes the book with both hands,Logistics step involving picking up or putting down an object.,r001,Playing Instrument,,,1417.840988231348,6b0e9740-14ac-45aa-993c-574bc25a4585
Object Transfer,2,,#C C touches the books with both hands,Logistics step involving picking up or putting down objects.,r001,Playing Instrument,,,1420.7214882313478,6b0e9740-14ac-45aa-993c-574bc25a4585
Object Transfer,2,,#C C turns the page of the book with the right hand,Logistics action involving picking up and moving the page.,r001,Playing Instrument,,,1551.679138231348,6b0e9740-14ac-45aa-993c-574bc25a4585
Stationary,2,,#O man X claps hands,"Clapping hands can be considered a low energy, stationary activity if not part of a larger movement or performance.",r001,Playing Instrument,,,1.8769686,6b6825dc-7094-4bdb-aca8-c02305910ce6
Object Transfer,2,,#O man X throws stuffed animal,"The action involves transferring an object (throwing a stuffed animal), which is characterized by short bursts of hand acceleration.",r001,Playing Instrument,,,13.6914986,6b6825dc-7094-4bdb-aca8-c02305910ce6
Stationary,2,,#C C plays with puppy,Interacting with the puppy in a playing context suggests low body/hand motion typical of a stationary activity.,r001,Playing Instrument,,,26.1885986,6b6825dc-7094-4bdb-aca8-c02305910ce6
Object Transfer,2,,#C C throws stuffed animal,"[CtxFixed] The action of throwing a stuffed animal involves the deliberate movement and placement of an object, which fits the definition of Object Transfer.",r001,Playing Instrument,,,170.3662486,6b6825dc-7094-4bdb-aca8-c02305910ce6
Search,2,,#O man A moves the doll around the dog,Movement around an object (visual search or monitoring).,r001,Playing Instrument,,,433.0544186458333,6b6825dc-7094-4bdb-aca8-c02305910ce6
Object Transfer,2,,#O man A throws the toy on the floor,"The action involves moving an object (throwing the toy), which corresponds to logistics or setup step.",r001,Playing Instrument,,,456.7365786458333,6b6825dc-7094-4bdb-aca8-c02305910ce6
Object Transfer,2,,#O man A pulls the toy from the dog,The action involves moving an object (toy) from one place to another.,r001,Playing Instrument,,,509.2676086458333,6b6825dc-7094-4bdb-aca8-c02305910ce6
Object Transfer,2,,#C C throws the doll on the floor,"[CtxFixed] The action of throwing the doll onto the floor is a deliberate placement of the object, which fits the definition of 'Object Transfer'.",r001,Playing Instrument,,,514.6551286458333,6b6825dc-7094-4bdb-aca8-c02305910ce6
Search,2,,#C C looks at puppy,"Head movement (visual search), hands mostly still.",r001,Playing Instrument,,,579.9018170505209,6b6825dc-7094-4bdb-aca8-c02305910ce6
Stationary,2,,#O man X holds stuffed animal,"The action describes holding a stuffed animal, which involves minimal movement.",r001,Playing Instrument,,,610.1622470505208,6b6825dc-7094-4bdb-aca8-c02305910ce6
Object Transfer,2,,#C C pulls stuffed animal from puppy,"The action involves moving an object (pulling a stuffed animal), which corresponds to logistics or setup.",r001,Playing Instrument,,,702.0055070505209,6b6825dc-7094-4bdb-aca8-c02305910ce6
Stationary,2,,#C C holds the guitar,"Low body/hand motion, preparation stance.",r001,Playing Instrument,,,383.7788592566352,6bd3302b-3269-41dd-a32f-79bff3af1a81
Object Transfer,2,,#C C drops the piece of cloth on the ground,"[CtxFixed] The action involves deliberately placing the piece of cloth onto the ground, which fits the definition of an Object Transfer.",r001,Cleaning,,,3.9856496,6c03be74-4692-4e3e-8eab-01f9f8e0d3ba
Stationary,2,,#C C holds the wand of the vacuum cleaner with both hands #unsure,"Holding an object with both hands indicates a low-energy, stationary action.",r001,Cleaning,,,7.1571096,6c03be74-4692-4e3e-8eab-01f9f8e0d3ba
Stationary,2,,#C C places his left hand on the seat of the car,The action involves a stable position with minimal movement.,r001,Cleaning,,,83.54654959999999,6c03be74-4692-4e3e-8eab-01f9f8e0d3ba
Stationary,2,,#C C switches off the vacuum cleaner with his right hand,"Low body/hand motion, simple action with minimal movement.",r001,Cleaning,,,147.8273496,6c03be74-4692-4e3e-8eab-01f9f8e0d3ba
Locomotion,2,,#C C vacuums the floor interior of the car,Body moving through space while performing a task that involves continuous movement.,r001,Cleaning,,,163.9102696,6c03be74-4692-4e3e-8eab-01f9f8e0d3ba
Locomotion,2,,#C C vacuums the floor interior of the car with the wand in both hands,Body moving through space while performing a task with the vacuum.,r001,Cleaning,,,170.7876496,6c03be74-4692-4e3e-8eab-01f9f8e0d3ba
Locomotion,2,,#C C vacuums the flat circular material #unsure,Body moving through space while performing a cleaning action.,r001,Cleaning,,,245.4712096,6c03be74-4692-4e3e-8eab-01f9f8e0d3ba
Essential Operation,2,,#C C switches on the vacuum cleaner with his right hand,"Activating the vacuum cleaner, high hand activity.",r001,Cleaning,,,314.7692609546634,6c03be74-4692-4e3e-8eab-01f9f8e0d3ba
Locomotion,2,,#C C vacuums the two front seats of the car,Body moving through space while performing a cleaning task.,r001,Cleaning,,,333.4573009546634,6c03be74-4692-4e3e-8eab-01f9f8e0d3ba
Object Transfer,2,,#C C drops the loose part of the wand on the seat of the car with his left hand,"[CtxFixed] The action involves deliberately placing the loose part of the wand onto the seat, which fits the criteria for an Object Transfer.",r001,Cleaning,,,364.2255209546634,6c03be74-4692-4e3e-8eab-01f9f8e0d3ba
Locomotion,2,,#C C walks away from the car towards a blue bag on the floor,Body moving through space (walking).,r001,Cleaning,,,385.4611009546634,6c03be74-4692-4e3e-8eab-01f9f8e0d3ba
Stationary,2,,#C holds the hose of the vacuum cleaner with both hands,"Low body/hand motion, holding position.",r001,Cleaning,,,413.4573909546634,6c03be74-4692-4e3e-8eab-01f9f8e0d3ba
Object Transfer,2,,#C C transfers the wand to his right hand,Logistics of moving the cleaning wand to the right hand.,r001,Cleaning,,,470.5892709546634,6c03be74-4692-4e3e-8eab-01f9f8e0d3ba
Locomotion,2,,#C C vacuums the lower side of the door,"Body moving through space to vacuum, involves significant body acceleration.",r001,Cleaning,,,494.9191709546634,6c03be74-4692-4e3e-8eab-01f9f8e0d3ba
Object Transfer,2,,#C C drops the vacuum cleaner on the pavement,"[CtxFixed] The action of dropping the vacuum cleaner onto the pavement can be considered a deliberate placement, which fits the criteria for 'Object Transfer'.",r001,Cleaning,,,538.6518756213301,6c03be74-4692-4e3e-8eab-01f9f8e0d3ba
Essential Operation,2,,#C C cleans the car foot mat with the vacuum cleaner.,Core manual task involving high hand activity.,r001,Cleaning,,,555.38140762133,6c03be74-4692-4e3e-8eab-01f9f8e0d3ba
Object Transfer,2,,#C C picks up a second car foot mat with his right hand.,Logistics step involving picking up an object.,r001,Cleaning,,,590.44097762133,6c03be74-4692-4e3e-8eab-01f9f8e0d3ba
Essential Operation,2,,#C C cleans the foam on the top of the car dashboard with the piece of cloth. #unsure,"Core cleaning task, involves high hand activity.",r001,Cleaning,,,905.55670762133,6c03be74-4692-4e3e-8eab-01f9f8e0d3ba
Essential Operation,2,,#C C sprays foam from the foam cleaner on the steering wheel. #unsure,Core task involving manual operation with high hand activity.,r001,Cleaning,,,948.95409762133,6c03be74-4692-4e3e-8eab-01f9f8e0d3ba
Essential Operation,2,,#C C sprays foam from the foam cleaner on the piece of cloth. #unsure,Core task involving hand activity with the foam cleaner.,r001,Cleaning,,,965.94698762133,6c03be74-4692-4e3e-8eab-01f9f8e0d3ba
Essential Operation,2,,#C C cleans the foam in the pocket below the dashboard with the piece of cloth. #unsure,"Core cleaning task, involves high hand activity.",r001,Cleaning,,,1082.3838322879967,6c03be74-4692-4e3e-8eab-01f9f8e0d3ba
Essential Operation,2,,#C C cleans CD player area with hand cloth,Core manual task involving hand activity.,r001,Cleaning,,,1097.843054287997,6c03be74-4692-4e3e-8eab-01f9f8e0d3ba
Essential Operation,2,,#C C cleans CD player area,"Core cleaning task, high hand activity.",r001,Cleaning,,,1200.9315842879969,6c03be74-4692-4e3e-8eab-01f9f8e0d3ba
Object Transfer,2,,#C C stands mopper against counter top,Logistics action of placing the mopper against the counter top.,r001,Cleaning,,,6.1971386,6e7c717c-0f0a-4449-bec4-db05603d88d7
Object Transfer,2,,#C C picks the mopper,Logistics step of picking up the mopper.,r001,Cleaning,Gold,,103.9152586,6e7c717c-0f0a-4449-bec4-db05603d88d7
Object Transfer,2,,#C C fetches water in the cup,Fetching an item (logistics step).,r001,Cooking,Gold,,24.8964286,7303d3a9-90fd-433d-987c-8c90ce49c821
Object Transfer,2,,#C C grabs a serving spoon,Logistics step of picking up an object.,r001,Cooking,Gold,,41.8919686,7303d3a9-90fd-433d-987c-8c90ce49c821
Object Transfer,2,,#C C grabs a chopping board,Logistics step involving picking up an object.,r001,Cooking,Gold,,101.2081786,7303d3a9-90fd-433d-987c-8c90ce49c821
Essential Operation,2,,#C C peels of the onions,"Core task, high hand activity.",r001,Cooking,Gold,,279.4839686,7303d3a9-90fd-433d-987c-8c90ce49c821
Essential Operation,2,,#C C chops the onions,Core task involving repetitive hand movements.,r001,Cooking,Gold,,300.293688834375,7303d3a9-90fd-433d-987c-8c90ce49c821
Object Transfer,2,,#C C opens the carrier bag,Logistics step involving opening a container.,r001,Cooking,Gold,,550.484538834375,7303d3a9-90fd-433d-987c-8c90ce49c821
Stationary,2,,#C C drinks the wine,Drinking typically involves minimal body movement and is often a stationary activity.,r001,Cooking,Gold,,757.5625495664658,7303d3a9-90fd-433d-987c-8c90ce49c821
Object Transfer,2,,#C C puts the butter on the counter,Logistics step involving the movement of an object.,r001,Cooking,Gold,,1199.3229776136718,7303d3a9-90fd-433d-987c-8c90ce49c821
Essential Operation,2,Object Transfer,#C C pours the spice in the food,"Core task, high hand activity.",r001,Cooking,Gold,,1378.0483250425495,7303d3a9-90fd-433d-987c-8c90ce49c821
Object Transfer,2,,#C C grabs the glass of wine,Logistics step involving picking up an object.,r001,Cooking,Gold,,1465.7891150425494,7303d3a9-90fd-433d-987c-8c90ce49c821
Object Transfer,2,,#C C serves rice on the plate,Logistics step involving the transfer of the rice to the plate.,r001,Cooking,Gold,,1497.8081950425494,7303d3a9-90fd-433d-987c-8c90ce49c821
Object Transfer,2,,#C C grabs an egg,Logistics action involving picking up an object.,r001,Cooking,Gold,,1601.0266650425494,7303d3a9-90fd-433d-987c-8c90ce49c821
Object Transfer,2,,#C C puts butter in the fridge,Logistics step involving picking up and putting down an object.,r001,Cooking,Gold,,1648.5497216517576,7303d3a9-90fd-433d-987c-8c90ce49c821
Object Transfer,2,,#C C picks the laptop,Logistics step involving picking up an object.,r001,Cleaning,Gold,,43.0647486,7a298543-3ffa-4254-a45e-30afe1088a55
Essential Operation,2,,"#C C dusts the board,",Core manual task involving high hand activity.,r001,Cleaning,Gold,,90.9012886,7a298543-3ffa-4254-a45e-30afe1088a55
Essential Operation,2,,#C C wipes under the mirror.,"Core cleaning task, high hand activity.",r001,Cleaning,Gold,,119.9471086,7a298543-3ffa-4254-a45e-30afe1088a55
Object Transfer,2,,#C C picks the vase,Logistics step involving picking up an object.,r001,Cleaning,Gold,,303.82912180466235,7a298543-3ffa-4254-a45e-30afe1088a55
Object Transfer,2,,#C C places the vase on the mat..,Logistics step involving picking up and placing the vase.,r001,Cleaning,Gold,,311.99357180466234,7a298543-3ffa-4254-a45e-30afe1088a55
Object Transfer,2,,#C C lifts the stool,Lifting an object from one place to another.,r001,Cleaning,Gold,,529.7506918046624,7a298543-3ffa-4254-a45e-30afe1088a55
Object Transfer,2,,#C C closes the bottle with a lid,Logistics step involving the manipulation of objects.,r001,Cleaning,Gold,,109.5168786,7b016e40-d10a-43b3-9222-cb4787a95432
Object Transfer,2,,#C C places the bottles in the drawer,Logistics step involving picking up and placing objects.,r001,Cleaning,Gold,,126.1419886,7b016e40-d10a-43b3-9222-cb4787a95432
Essential Operation,2,Stationary,#C C wipes hands with a towel,Core task involving high hand activity.,r001,Cleaning,Gold,,146.8883286,7b016e40-d10a-43b3-9222-cb4787a95432
Object Transfer,2,,#C C picks cloths from the floor,Logistics step involving picking up objects.,r001,Cleaning,Gold,,155.46176859999997,7b016e40-d10a-43b3-9222-cb4787a95432
Object Transfer,2,,#C C picks another cloth from the table,Logistics step involving picking up an object.,r001,Cleaning,Gold,,212.1493086,7b016e40-d10a-43b3-9222-cb4787a95432
Object Transfer,2,,#C C picks a cloth from the stand,"Logistics/Setup step, picking up an object.",r001,Cleaning,Gold,,221.6664386,7b016e40-d10a-43b3-9222-cb4787a95432
Locomotion,2,,#C C turns around the room,"Movement through space, indicative of walking or moving around the room.",r001,Cleaning,Gold,,227.9083186,7b016e40-d10a-43b3-9222-cb4787a95432
Stationary,2,,#c c fold the socks together,"Low body/hand motion, focused activity.",r001,Cleaning,Gold,,360.0309130491612,7b016e40-d10a-43b3-9222-cb4787a95432
Object Transfer,2,,#c c hang the tshirt,Logistics step involving picking up and placing an object.,r001,Cleaning,Gold,,502.3681930491612,7b016e40-d10a-43b3-9222-cb4787a95432
Stationary,2,,#c c turn the shirt,"Low body/hand motion, likely involves minimal movement.",r001,Cleaning,Gold,,530.3752130491612,7b016e40-d10a-43b3-9222-cb4787a95432
Stationary,2,,#c c pull iron box cable,The action of pulling the iron box cable is likely a static activity with minimal body movement.,r001,Cleaning,,,575.0141381740384,7b016e40-d10a-43b3-9222-cb4787a95432
Essential Operation,2,,#c c iron the top with the iron box,Core manual task involving high hand activity.,r001,Cleaning,,,681.1558381740384,7b016e40-d10a-43b3-9222-cb4787a95432
Object Transfer,2,,#c c pick the top,"Logistics step, picking up an object.",r001,Cleaning,,,796.8992815073717,7b016e40-d10a-43b3-9222-cb4787a95432
Essential Operation,2,,#c c moves the cloth,Core task involving high hand activity.,r001,Cleaning,,,828.5114543747395,7b016e40-d10a-43b3-9222-cb4787a95432
Object Transfer,2,,#c c places the cloth on the iron board,"Logistics step, placing an object.",r001,Cleaning,,,840.4399743747396,7b016e40-d10a-43b3-9222-cb4787a95432
Object Transfer,2,,#c c picks the iron box,Logistics step involving picking up an object.,r001,Cleaning,,,898.7222543747396,7b016e40-d10a-43b3-9222-cb4787a95432
Essential Operation,2,,#c c irons the cloth,Core manual task involving high hand activity.,r001,Cleaning,,,962.1569843747396,7b016e40-d10a-43b3-9222-cb4787a95432
Locomotion,2,,#c c moves the iron box,"Movement of the body through space, likely involves moving an object (iron box).",r001,Cleaning,,,1111.5546644110666,7b016e40-d10a-43b3-9222-cb4787a95432
Object Transfer,2,,#c c places the iron box on the iron board,"Logistics step, placing an object.",r001,Cleaning,,,1112.9630844110666,7b016e40-d10a-43b3-9222-cb4787a95432
Essential Operation,2,,#c c turns the cloth,Turning the cloth involves a core manual task with high hand activity.,r001,Cleaning,,,1184.8647644110663,7b016e40-d10a-43b3-9222-cb4787a95432
Object Transfer,2,,#c c places the cloth on the seat,Logistics step of placing an object.,r001,Cleaning,,,1251.6768744110666,7b016e40-d10a-43b3-9222-cb4787a95432
Object Transfer,2,,#c c places the cloth on the hanging rack,"Logistics step, placing an object.",r001,Cleaning,,,1279.5719877443998,7b016e40-d10a-43b3-9222-cb4787a95432
Stationary,2,,#c c moves the cloth,"The action described does not specify significant movement or acceleration, suggesting a low-energy, possibly stationary task.",r001,Cleaning,,,1296.3157577444,7b016e40-d10a-43b3-9222-cb4787a95432
Locomotion,2,,#c c flips the hanging rack,"Body moving through space to flip the hanging rack, likely involves significant body acceleration.",r001,Cleaning,,,1302.6976077444,7b016e40-d10a-43b3-9222-cb4787a95432
Object Transfer,2,,#c c places the socks on the hanging rack,Logistics step involving the placement of an object.,r001,Cleaning,,,1346.4186377443998,7b016e40-d10a-43b3-9222-cb4787a95432
Object Transfer,2,,#C C passes the sponge in his right hand to his left hand.,Passing an object from one hand to another involves logistics and short bursts of hand acceleration.,r001,Cleaning,,,10.5144496,7bc2ea44-9168-4379-a17e-5558d4e2fc24
Object Transfer,2,,#C C opens the tap with his right hand.,Logistics step involving opening an object.,r001,Cleaning,,,10.9535396,7bc2ea44-9168-4379-a17e-5558d4e2fc24
Object Transfer,2,,#C C picks a soap bottle from the tray on the slab with his right hand.,Logistics step involving picking up an object.,r001,Cleaning,,,13.717969599999998,7bc2ea44-9168-4379-a17e-5558d4e2fc24
Essential Operation,2,,#C C washes the sponge in his left hand with water from the tap.,Core manual task involving high hand activity.,r001,Cleaning,,,15.9796696,7bc2ea44-9168-4379-a17e-5558d4e2fc24
Locomotion,2,,#C C pulls a metal tray in the dishwasher with his left hand.,Movement of the body through space while pulling an object.,r001,Cleaning,,,37.0358096,7bc2ea44-9168-4379-a17e-5558d4e2fc24
Object Transfer,2,,#C C picks some bowls from the dishwasher with both hands.,Logistics action involving picking up objects.,r001,Cleaning,,,55.7683596,7bc2ea44-9168-4379-a17e-5558d4e2fc24
Object Transfer,2,,#C C picks a cup from the dishwasher with his right hand.,Logistics step involving picking up an object.,r001,Cleaning,,,78.3381696,7bc2ea44-9168-4379-a17e-5558d4e2fc24
Object Transfer,2,,#C C drops the cup in his right hand in the cupboard.,"[CtxFixed] The action of dropping the cup into the cupboard is a deliberate placement, which fits the definition of 'Object Transfer'.",r001,Cleaning,,,79.23861959999999,7bc2ea44-9168-4379-a17e-5558d4e2fc24
Object Transfer,2,,#C C picks the plate on the tray on the slab with his right hand.,Logistics step involving picking up an object.,r001,Cleaning,,,200.5159996,7bc2ea44-9168-4379-a17e-5558d4e2fc24
Essential Operation,2,,#C C rinses the plate in both hands with water from the tap.,Core task involving high hand activity.,r001,Cleaning,,,203.3639796,7bc2ea44-9168-4379-a17e-5558d4e2fc24
Locomotion,2,,#C C pushes a tray in the dishwasher with his left hand.,"Movement of the body through space, likely involves arm movement to push the tray.",r001,Cleaning,,,223.8628996,7bc2ea44-9168-4379-a17e-5558d4e2fc24
Essential Operation,2,,#C C rinses the bowl in his left hand with water from the tap.,Core task involving high hand activity.,r001,Cleaning,,,246.1990996,7bc2ea44-9168-4379-a17e-5558d4e2fc24
Object Transfer,2,,#C C picks a sponge on the sink with his right hand.,Logistics step involving picking up an object.,r001,Cleaning,,,310.9777609546634,7bc2ea44-9168-4379-a17e-5558d4e2fc24
Object Transfer,2,,#C C turns on the dishwasher with both hands.,Turning on the dishwasher involves a specific action to engage with the appliance.,r001,Cleaning,,,342.0351309546634,7bc2ea44-9168-4379-a17e-5558d4e2fc24
Essential Operation,2,,#C C rinses the strainer spoon in his left hand with water from the tap.,Core task involving high hand activity.,r001,Cleaning,,,384.3597609546634,7bc2ea44-9168-4379-a17e-5558d4e2fc24
Object Transfer,2,,#C C drops the sponge in his right hand on the tray on the slab.,Refined via regex fallback,r001,Cleaning,,,433.9485309546634,7bc2ea44-9168-4379-a17e-5558d4e2fc24
Essential Operation,2,,#C C pours water in the container in his left hand with water from the tap. #Unsure,Core task involving active hand movement and manipulation.,r001,Cleaning,,,449.85286095466336,7bc2ea44-9168-4379-a17e-5558d4e2fc24
Object Transfer,2,,#C C closes the container with both hands. #Unsure,Logistics step involving the manipulation of an object with both hands.,r001,Cleaning,,,458.7894709546634,7bc2ea44-9168-4379-a17e-5558d4e2fc24
Object Transfer,2,,#C C picks a frying pan on the sink with his left hand.,Logistics step involving picking up an object.,r001,Cleaning,,,487.3322009546634,7bc2ea44-9168-4379-a17e-5558d4e2fc24
Essential Operation,2,,#C C sprays soap bottle in his right hand on the vent fan. #Unsure,Core task involving manual operation with high hand activity.,r001,Cleaning,,,553.8091109546634,7bc2ea44-9168-4379-a17e-5558d4e2fc24
Object Transfer,2,,#C C passes the towel from her left hand to her right hand.,Passing the towel involves logistics of moving the object between hands.,r001,Cleaning,,,560.9396109546634,7bc2ea44-9168-4379-a17e-5558d4e2fc24
Essential Operation,2,,#C C washes the towel with both hands.,Core manual task involving high hand activity.,r001,Cleaning,,,601.4841409546634,7bc2ea44-9168-4379-a17e-5558d4e2fc24
Essential Operation,2,,#C Csqueezes the towel with both hands.,High hand activity involved in the core task of cleaning.,r001,Cleaning,,,606.5632709546634,7bc2ea44-9168-4379-a17e-5558d4e2fc24
Essential Operation,2,,#C C wipes the cooker with the towel in his right hand.,Core task involving high hand activity.,r001,Cleaning,,,611.3986409546634,7bc2ea44-9168-4379-a17e-5558d4e2fc24
Object Transfer,2,,#C C moves a pack on the cabinet with his left hand.,Logistics step involving moving an object to a specific location.,r001,Cleaning,,,660.1354109546634,7bc2ea44-9168-4379-a17e-5558d4e2fc24
Essential Operation,2,,#C C applies the spray in her left hand on a wall switch.,"Core manual task, high hand activity.",r001,Cleaning,,,724.4892609546635,7bc2ea44-9168-4379-a17e-5558d4e2fc24
Essential Operation,2,,#C C wipes a wall switch with the towel in his right hand.,Core task involving high hand activity.,r001,Cleaning,,,725.7049609546634,7bc2ea44-9168-4379-a17e-5558d4e2fc24
Essential Operation,2,,#C C wipes a door handle with the towel in his right hand.,"Core cleaning task, high hand activity.",r001,Cleaning,,,736.6988909546634,7bc2ea44-9168-4379-a17e-5558d4e2fc24
Object Transfer,2,,#C C picks a seive with his left hand.,Logistics step involving picking up an object.,r001,Cleaning,,,855.0828409546634,7bc2ea44-9168-4379-a17e-5558d4e2fc24
Object Transfer,2,,#C C opens the electric jug with his right hand.,Logistics step involving opening an object.,r001,Cleaning,,,993.9828009546634,7bc2ea44-9168-4379-a17e-5558d4e2fc24
Essential Operation,2,,#C C removes orange seeds with the spoon in his right hand in the jug.,Core task involving high hand activity.,r001,Cleaning,,,1032.2704209546637,7bc2ea44-9168-4379-a17e-5558d4e2fc24
Object Transfer,2,,#C C closes the jug lid with his left hand.,Closing the lid is a logistics step involving a short burst of hand activity.,r001,Cleaning,,,1075.755790954663,7bc2ea44-9168-4379-a17e-5558d4e2fc24
Object Transfer,2,,#C C picks a towel on the tap with his left hand.,Logistics step involving picking up an object.,r001,Cleaning,,,1164.4478209546633,7bc2ea44-9168-4379-a17e-5558d4e2fc24
Object Transfer,2,,#C C turns off the tap with his left hand.,Turning off the tap is a logistics step involving a specific action with the hand.,r001,Cleaning,,,1223.909880954663,7bc2ea44-9168-4379-a17e-5558d4e2fc24
Essential Operation,2,,#C C wipes the cabinet with the towel in his right hand.,Core task involving high hand activity.,r001,Cleaning,,,1227.8815309546633,7bc2ea44-9168-4379-a17e-5558d4e2fc24
Locomotion,2,,#C C moves a carpet on the floor with her left hand.,"Body moving through space, involves high body acceleration.",r001,Cleaning,,,1449.9024209546633,7bc2ea44-9168-4379-a17e-5558d4e2fc24
Object Transfer,2,,#C C places the carpet in both hands on a waste bin.,Logistics step involving picking up and placing the carpet.,r001,Cleaning,Gold,,1476.687800954663,7bc2ea44-9168-4379-a17e-5558d4e2fc24
Locomotion,2,,#C C moves the stool.,"Body moving through space to move the stool, involves high body acceleration.",r001,Cleaning,Gold,,1719.018900954663,7bc2ea44-9168-4379-a17e-5558d4e2fc24
Object Transfer,2,,#C C lifts the water closet seat with her left hand.,Logistics step involving picking up an object.,r001,Cleaning,Gold,,1854.5367509546631,7bc2ea44-9168-4379-a17e-5558d4e2fc24
Locomotion,2,,#C C walks towards the kitchen.,Body moving through space (walking).,r001,Cleaning,Gold,,1910.405080954663,7bc2ea44-9168-4379-a17e-5558d4e2fc24
Object Transfer,2,,#C C opens the water closet seat with her right hand.,Logistics action involving opening a fixture.,r001,Cleaning,Gold,,2201.0438309546635,7bc2ea44-9168-4379-a17e-5558d4e2fc24
Stationary,2,,#C C turns on the light in the passage.,Turning on a light is an action that does not involve significant movement or activity.,r001,Cleaning,Gold,,2297.208510954664,7bc2ea44-9168-4379-a17e-5558d4e2fc24
Locomotion,2,,#C C moves the shoes on the floor.,Body moving through space to move objects.,r001,Cleaning,Gold,,2333.281240954664,7bc2ea44-9168-4379-a17e-5558d4e2fc24
Essential Operation,2,,#C C cleans the floor with the napkin in both hands.,Core task involving high hand activity.,r001,Cleaning,Gold,,2421.9171409546634,7bc2ea44-9168-4379-a17e-5558d4e2fc24
Locomotion,2,,#C C walks towards the door.,Body moving through space (walking).,r001,Cleaning,Gold,,2490.398770954664,7bc2ea44-9168-4379-a17e-5558d4e2fc24
Object Transfer,2,,#C C picks the napkin on the floor with her left hand.,Logistics step involving picking up an object.,r001,Cleaning,Gold,,2492.7307909546635,7bc2ea44-9168-4379-a17e-5558d4e2fc24
Locomotion,2,,#C C moves a table in the sitting room.,Body moving through space to move a table.,r001,Cleaning,Gold,,2649.2507209546634,7bc2ea44-9168-4379-a17e-5558d4e2fc24
Stationary,2,Locomotion,#C C stretches his body,"Low body/hand motion, stretching is often slow and not highly energetic.",r001,Desk Work,Gold,,556.00792,7c3584ca-c6c7-41e8-a948-e6ff44d9e506
Stationary,2,,#C C stretches his legs,"Low body/hand motion, stretching is a minor movement while generally remaining stationary.",r001,Desk Work,Gold,,796.53033,7c3584ca-c6c7-41e8-a948-e6ff44d9e506
Essential Operation,2,,#C C touches rope with his right hand.,"Direct interaction with an object, indicating a core manual task.",r001,Desk Work,Gold,,945.76322,7c3584ca-c6c7-41e8-a948-e6ff44d9e506
Essential Operation,2,,#C C adjusts the rope on the pole with his left hand.,Core manual task involving fine motor skills with the hand.,r001,Desk Work,Gold,,953.74261,7c3584ca-c6c7-41e8-a948-e6ff44d9e506
Essential Operation,2,,#C C pulls the rope with his right hand.,Core manual task involving high hand activity.,r001,Desk Work,Gold,,955.57748,7c3584ca-c6c7-41e8-a948-e6ff44d9e506
Stationary,2,,#C C holds the rope with both hands.,Holding the rope with both hands indicates a static position with minimal movement.,r001,Desk Work,Gold,,1040.72697,7c3584ca-c6c7-41e8-a948-e6ff44d9e506
Stationary,2,,#C C raises both hands towards his head.,"[CtxFixed] Raising both hands towards the head does not involve movement from one place to another, and it is a static action that does not involve locomotion or any other valid category.",r001,Desk Work,Gold,,1114.02,7c3584ca-c6c7-41e8-a948-e6ff44d9e506
Object Transfer,2,,#C C picks up a phone on a bag with his left hand.,Logistics step involving picking up an object.,r001,Desk Work,Gold,,1150.15364,7c3584ca-c6c7-41e8-a948-e6ff44d9e506
Object Transfer,2,,#C C drops the mat with his left hand on the road.,"[CtxFixed] The action of dropping the mat with his left hand is a deliberate placement of the object onto the road, which fits the criteria for 'Object Transfer'.",r001,Desk Work,Gold,,1262.66507,7c3584ca-c6c7-41e8-a948-e6ff44d9e506
Stationary,2,,#C C holds the mat with both hands.,"Low body/hand motion, holding an object without movement.",r001,Desk Work,Gold,,1264.35548,7c3584ca-c6c7-41e8-a948-e6ff44d9e506
Object Transfer,2,,#C C picks a mobile phone on top of a bag with his right hand.,"The action involves picking up an object, which is a logistics step.",r001,Desk Work,Gold,,1598.18025,7c3584ca-c6c7-41e8-a948-e6ff44d9e506
Object Transfer,2,Locomotion,#C C turns towards his backpack and yoga mat,Turning towards an object implies a setup or logistics step.,r001,Desk Work,Gold,,1660.89063,7c3584ca-c6c7-41e8-a948-e6ff44d9e506
Stationary,2,,#C C kneels on the yoga mat in a crawling position,The action describes a position change to a stationary pose.,r001,Desk Work,,,1670.77805,7c3584ca-c6c7-41e8-a948-e6ff44d9e506
Essential Operation,2,,#C C exercises with the dumbbell in his right hand on the yoga mat,Core manual task involving high hand activity.,r001,Desk Work,,,1675.7205,7c3584ca-c6c7-41e8-a948-e6ff44d9e506
Stationary,2,,#C C places both hands on the yoga mat while in the crawling position,The action describes a stable position with minimal movement.,r001,Desk Work,,,1700.67206,7c3584ca-c6c7-41e8-a948-e6ff44d9e506
Locomotion,2,,#C C walks forward towards the shade,"Body moving through space, indicative of walking.",r001,Desk Work,,,1768.27468,7c3584ca-c6c7-41e8-a948-e6ff44d9e506
Stationary,2,,#C C holds both dumbbells above his chest,The action involves holding dumbbells in a stationary position with minimal movement.,r001,Desk Work,,,1791.23806,7c3584ca-c6c7-41e8-a948-e6ff44d9e506
Essential Operation,2,,#C C exercises with his dumbbells in both hands,Core manual task involving high hand activity.,r001,Desk Work,,,1816.11096,7c3584ca-c6c7-41e8-a948-e6ff44d9e506
Locomotion,2,,#C C adjusts his backpack towards the extreme end of the yoga mat,Body movement through space to adjust the position of the backpack.,r001,Desk Work,,,1830.10675,7c3584ca-c6c7-41e8-a948-e6ff44d9e506
Locomotion,2,,#C C adjust his backpack further towards the end of the yoga mat,"Body movement to adjust the position of the backpack, involving some level of body motion.",r001,Desk Work,,,1833.39506,7c3584ca-c6c7-41e8-a948-e6ff44d9e506
Stationary,2,,#C C turns to face the yoga mat,Turning to face an object involves minimal body motion and is more about orientation change.,r001,Desk Work,,,1839.8591,7c3584ca-c6c7-41e8-a948-e6ff44d9e506
Essential Operation,2,,#C C exercises with the dumbbells with different variations,Core manual task involving high hand activity and repetition.,r001,Desk Work,,,1863.47414,7c3584ca-c6c7-41e8-a948-e6ff44d9e506
Stationary,2,,#C C stretches both hands upwards,"Low body/hand motion, stretching is a stationary activity.",r001,Desk Work,,,1905.84996,7c3584ca-c6c7-41e8-a948-e6ff44d9e506
Locomotion,2,,#C C raises his left leg above the ground,"Body movement through space, raising a leg involves significant body acceleration.",r001,Desk Work,,,1984.80068,7c3584ca-c6c7-41e8-a948-e6ff44d9e506
Stationary,2,,#C C drops his right leg to the ground #Unsure,"The action involves a minor body movement (dropping a leg) that does not involve significant motion or task execution, suggesting a low-energy, stationary state.",r001,Desk Work,,,1986.02379,7c3584ca-c6c7-41e8-a948-e6ff44d9e506
Locomotion,2,,#C C raises his right leg above the ground,"Body movement through space, specifically raising a leg.",r001,Desk Work,,,2009.04264,7c3584ca-c6c7-41e8-a948-e6ff44d9e506
Locomotion,2,,#C C drops both legs to the ground,"Body movement, likely standing up or moving legs after sitting.",r001,Desk Work,,,2042.801,7c3584ca-c6c7-41e8-a948-e6ff44d9e506
Object Transfer,2,,#C C drops both dumbbells on the ground,"[CtxFixed] The action of dropping both dumbbells onto the ground is a deliberate placement of objects, which fits the definition of 'Object Transfer'.",r001,Desk Work,,,2044.53152,7c3584ca-c6c7-41e8-a948-e6ff44d9e506
Essential Operation,2,,#C C tugs on a bag behind him with his left hand,Core manual task involving high hand activity.,r001,Desk Work,,,2048.09785,7c3584ca-c6c7-41e8-a948-e6ff44d9e506
Object Transfer,2,,#C C picks up the dumbbell with his left hand,Logistics step involving picking up an object.,r001,Desk Work,,,2073.5311,7c3584ca-c6c7-41e8-a948-e6ff44d9e506
Stationary,2,,#C C moves both hands sideways,"Low body/hand motion, likely hand gestures while seated.",r001,Desk Work,,,2084.29251,7c3584ca-c6c7-41e8-a948-e6ff44d9e506
Locomotion,2,,#C C lifts his right leg above the ground,"Body movement through space, in this case, lifting a leg which involves significant body acceleration.",r001,Desk Work,,,2085.51161,7c3584ca-c6c7-41e8-a948-e6ff44d9e506
Locomotion,2,,#C C drops his left leg to the ground #Unsure,"Movement of the leg to the ground, involves body acceleration.",r001,Desk Work,,,2098.69808,7c3584ca-c6c7-41e8-a948-e6ff44d9e506
Locomotion,2,,#C C lifts his left leg above the ground,"Body moving through space, in this case lifting a leg which involves significant body acceleration.",r001,Desk Work,,,2099.8388400000003,7c3584ca-c6c7-41e8-a948-e6ff44d9e506
Stationary,2,,#C C bends both knees slightly,"Minimal body movement, indicating a stationary position.",r001,Desk Work,,,2171.5861,7c3584ca-c6c7-41e8-a948-e6ff44d9e506
Essential Operation,2,,#C C lowers the dumbbells with both hands.,Core manual task involving high hand activity.,r001,Desk Work,,,2191.03439,7c3584ca-c6c7-41e8-a948-e6ff44d9e506
Stationary,2,,#C C stretches both hands sideways with dumbbells in them.. #Unsure,"The action involves stretching with dumbbells, which indicates a holding position rather than active movement or task execution.",r001,Desk Work,,,2233.89513,7c3584ca-c6c7-41e8-a948-e6ff44d9e506
Locomotion,2,,#C C walks on the ground.,"Body moving through space, indicative of walking.",r001,Desk Work,,,2332.49149,7c3584ca-c6c7-41e8-a948-e6ff44d9e506
Essential Operation,2,,#C C lifts the dumbbells towards his chest with both hands.,Core manual task involving high hand activity.,r001,Desk Work,,,2347.34215,7c3584ca-c6c7-41e8-a948-e6ff44d9e506
Locomotion,2,,#C C pushes the fitness mat with the dumbbell in his left hand.,Movement of the body through space to push the fitness mat.,r001,Desk Work,,,2407.89652,7c3584ca-c6c7-41e8-a948-e6ff44d9e506
Stationary,2,,#C C touches his face with his left hand. #unsure,"Low body/hand motion, likely idle or thinking.",r001,Desk Work,,,2410.98501,7c3584ca-c6c7-41e8-a948-e6ff44d9e506
Locomotion,2,,#C C walks back to the mat.,"Body moving through space, involves walking.",r001,Desk Work,,,2525.14321,7c3584ca-c6c7-41e8-a948-e6ff44d9e506
Locomotion,2,,#C C stretches his left leg,"Body movement through space, specifically a leg stretch which involves movement.",r001,Desk Work,,,2732.10558,7c3584ca-c6c7-41e8-a948-e6ff44d9e506
Stationary,2,,#C C touches his left ankle with his left hand #Unsure,"Low body/hand motion, likely a small, idle gesture.",r001,Desk Work,,,2798.96044,7c3584ca-c6c7-41e8-a948-e6ff44d9e506
Stationary,2,,#C C touches his right ankle with his right hand #Unsure,"Low body/hand motion, likely seated and idle.",r001,Desk Work,,,2832.04286,7c3584ca-c6c7-41e8-a948-e6ff44d9e506
Search,2,,#C C adjusts camera. #Unsure,Adjusting camera likely involves head movement and visual monitoring.,r001,Desk Work,,,2989.70393,7c3584ca-c6c7-41e8-a948-e6ff44d9e506
Stationary,2,,#C C shifts to a spot.,Movement is likely small and does not involve significant body acceleration.,r001,Desk Work,,,3094.8959,7c3584ca-c6c7-41e8-a948-e6ff44d9e506
Essential Operation,2,,#C C wipes the floor surface with his right hand.,Core manual task involving high hand activity.,r001,Desk Work,,,3100.37308,7c3584ca-c6c7-41e8-a948-e6ff44d9e506
Locomotion,2,,#C C does press up.,"Press up involves body movement through space, specifically a push-up which includes body acceleration.",r001,Desk Work,,,3114.27531,7c3584ca-c6c7-41e8-a948-e6ff44d9e506
Search,2,,#C C looks at the sand paper,"Visual inspection, head movement focused on the object.",r001,Mechanical Repair,,,106.4825996,7cc97e6c-b934-4de3-a9ab-3dfa4a2d53d7
Essential Operation,2,,#C C unfolds the sand paper,Unfolding sandpaper is a core manual task involving high hand activity.,r001,Mechanical Repair,,,200.9114096,7cc97e6c-b934-4de3-a9ab-3dfa4a2d53d7
Essential Operation,2,,#C C smoothens the wood with sand paper,Core manual task involving high hand activity.,r001,Mechanical Repair,,,304.9340909546634,7cc97e6c-b934-4de3-a9ab-3dfa4a2d53d7
Search,2,,#C C looks at the wood,"Head movement (visual inspection), passive hands.",r001,Mechanical Repair,,,458.0616009546634,7cc97e6c-b934-4de3-a9ab-3dfa4a2d53d7
Essential Operation,2,,#C C folds the sand paper,Core task involving high hand activity.,r001,Mechanical Repair,,,714.1103652666667,7cc97e6c-b934-4de3-a9ab-3dfa4a2d53d7
Essential Operation,2,,#C C scrubs the stair case handle with a sand paper,Core task involving high hand activity.,r001,Mechanical Repair,,,1378.2569919333332,7cc97e6c-b934-4de3-a9ab-3dfa4a2d53d7
Stationary,2,,#C C dialogues with lady B,"Low body/hand motion, likely involves speaking.",r001,Mechanical Repair,,,1534.8163919333333,7cc97e6c-b934-4de3-a9ab-3dfa4a2d53d7
Essential Operation,2,,#C C plays the piano with right hand.,Core manual task involving high hand activity.,r001,Playing Instrument,,,13.2507986,7d1f0e94-74a9-4c9f-a026-88192d1da079
Search,2,,#C C looks on the notepapers.,"Head movement (visual search), hands mostly still.",r001,Playing Instrument,,,531.7515041544873,7d1f0e94-74a9-4c9f-a026-88192d1da079
Search,2,,#C C looks on the note papers.,"Visual search or monitoring (looking at notes), low hand activity.",r001,Playing Instrument,,,544.5128441544873,7d1f0e94-74a9-4c9f-a026-88192d1da079
Stationary,2,,#C C puts right hand on the lap.,Putting a hand in place indicates a preparatory or idle action with low body/hand motion.,r001,Playing Instrument,,,790.8765601393181,7d1f0e94-74a9-4c9f-a026-88192d1da079
Essential Operation,2,,#C C puts the screwdriver on a screw on the Vespa Scooter seat,Core manual task involving precise hand movement.,r001,Mechanical Repair,,,2.4483,7d683e6b-ba5f-4c3f-9358-13ba16799993
Search,2,,#C C checks the screws with his left hand,Visual inspection with hands mostly still.,r001,Mechanical Repair,,,13.07614,7d683e6b-ba5f-4c3f-9358-13ba16799993
Object Transfer,2,,#C C removes the metal guard from the top of a battery with his right hand,"The action involves picking up or removing an object, which corresponds to logistics or setup steps.",r001,Mechanical Repair,,,46.09217,7d683e6b-ba5f-4c3f-9358-13ba16799993
Object Transfer,2,,#C C drops the metal guard on the ground with his right hand,"[CtxFixed] The action of dropping the metal guard onto the ground can be interpreted as a deliberate placement, which fits the 'Object Transfer' category.",r001,Mechanical Repair,,,47.32986,7d683e6b-ba5f-4c3f-9358-13ba16799993
Essential Operation,2,,#C C screws the screw on the battery with the screwdriver,Core manual task involving high hand activity.,r001,Mechanical Repair,,,117.7138,7d683e6b-ba5f-4c3f-9358-13ba16799993
Object Transfer,2,,#C C lifts up the black cable wire from the battery with his left hand,"The action involves picking up an object, which is a logistics step.",r001,Mechanical Repair,,,126.32991,7d683e6b-ba5f-4c3f-9358-13ba16799993
Search,2,,#C C checks the red cable wire on the battery with his left hand,Head and hand movement focused on visual inspection.,r001,Mechanical Repair,,,138.87013,7d683e6b-ba5f-4c3f-9358-13ba16799993
Stationary,2,,#C C presses the starts button on the Vespa scooter with his right hand,"The action involves a brief press of a button, which is a low-energy, stationary action.",r001,Mechanical Repair,,,146.53149,7d683e6b-ba5f-4c3f-9358-13ba16799993
Essential Operation,2,,#C C hits the metal rod on the Vespa Scooter engine with the hammer,Core manual task involving high hand activity and force.,r001,Mechanical Repair,,,214.28821,7d683e6b-ba5f-4c3f-9358-13ba16799993
Object Transfer,2,,#C C moves the lamp on the metal benchwork with his right hand,Moving an object (lamp) to a new location.,r001,Mechanical Repair,,,352.62072,7d683e6b-ba5f-4c3f-9358-13ba16799993
Stationary,2,,#C C checks the Flywheel in his hands,"The action involves holding and inspecting an object, which is a low-energy activity with minimal movement.",r001,Mechanical Repair,,,423.46646,7d683e6b-ba5f-4c3f-9358-13ba16799993
Object Transfer,2,,#C C picks up a nut from the metal workbench with his left hand,Logistics step of picking up an object.,r001,Mechanical Repair,,,430.07321,7d683e6b-ba5f-4c3f-9358-13ba16799993
Object Transfer,2,,#C C removes a brake pad from the blue carton with his right hand,"The action involves picking up an object (removing the brake pad), which is a logistics step.",r001,Mechanical Repair,,,454.35077,7d683e6b-ba5f-4c3f-9358-13ba16799993
Locomotion,2,,#C C carries pot from cooker,"Movement through space with an object (pot), high body acceleration.",r001,Cooking,,,8.9405896,7dd8f1d3-c197-48cd-81cf-d46d9390920f
Object Transfer,2,,#C C returns soap to cupboard,Logistics/Setup step involving picking up and putting down the soap.,r001,Cooking,,,31.589869600000004,7dd8f1d3-c197-48cd-81cf-d46d9390920f
Essential Operation,2,,#C C puts off tap,"Core task involving manipulation of a faucet, high hand activity.",r001,Cooking,,,32.457969600000006,7dd8f1d3-c197-48cd-81cf-d46d9390920f
Object Transfer,2,,#C C drops bag of black seed on counter #unsure,Refined via regex fallback,r001,Cooking,,,77.42933959999999,7dd8f1d3-c197-48cd-81cf-d46d9390920f
Object Transfer,2,,#C C drops tumbler on counter,Refined via regex fallback,r001,Cooking,,,86.2096996,7dd8f1d3-c197-48cd-81cf-d46d9390920f
Object Transfer,2,,#C C grabs tumbler from counter,Logistics step involving picking up an object.,r001,Cooking,,,228.2075496,7dd8f1d3-c197-48cd-81cf-d46d9390920f
Essential Operation,2,,#C C wipes plate with hand,Core task involving high hand activity.,r001,Cooking,,,270.7014709546634,7dd8f1d3-c197-48cd-81cf-d46d9390920f
Object Transfer,2,,#C C picks up a torn nylon from counter,Logistics step involving picking up an object.,r001,Cooking,,,417.9121709546634,7dd8f1d3-c197-48cd-81cf-d46d9390920f
Object Transfer,2,,#C C drops plate on counter,Refined via regex fallback,r001,Cooking,,,734.1474709546634,7dd8f1d3-c197-48cd-81cf-d46d9390920f
Essential Operation,2,,#C C cuts the cable jacket,Core task involving precise hand movements.,r001,Carpentry,,,51.43552,7e19388f-8b83-4ea8-bb51-6ae2f58b552e
Essential Operation,2,,#C C cuts the wires,Core task involving precise hand movements.,r001,Carpentry,,,106.46827,7e19388f-8b83-4ea8-bb51-6ae2f58b552e
Essential Operation,2,,#C C tightens the screw,Core manual task involving high hand activity.,r001,Carpentry,,,129.08548,7e19388f-8b83-4ea8-bb51-6ae2f58b552e
Essential Operation,2,,#C C connects the connector to the wire,Core task involving manual dexterity and fine motor skills.,r001,Carpentry,,,145.95516,7e19388f-8b83-4ea8-bb51-6ae2f58b552e
Locomotion,2,,#C C climbs down from the ladder,"Body moving through space, involves significant body acceleration.",r001,Carpentry,,,264.84078,7e19388f-8b83-4ea8-bb51-6ae2f58b552e
Stationary,2,,#C C holds the pliers,"Low body/hand motion, holding an object without active manipulation.",r001,Carpentry,,,283.88789,7e19388f-8b83-4ea8-bb51-6ae2f58b552e
Essential Operation,2,,#C C twists wire,Core manual task involving high hand activity.,r001,Carpentry,,,378.96428,7e19388f-8b83-4ea8-bb51-6ae2f58b552e
Essential Operation,2,,#C C cuts wire with pliers,Core manual task involving high hand activity.,r001,Carpentry,,,384.13882,7e19388f-8b83-4ea8-bb51-6ae2f58b552e
Stationary,2,,#C C adjusts wire,"Adjusting wire typically involves fine, precise movements rather than significant body or hand acceleration.",r001,Carpentry,,,448.30475,7e19388f-8b83-4ea8-bb51-6ae2f58b552e
Locomotion,2,,#C C moves ladder,Body moving through space to move an object like a ladder.,r001,Carpentry,,,540.8125146666667,7e19388f-8b83-4ea8-bb51-6ae2f58b552e
Locomotion,2,,#C C climbs ladder,"Body moving through space, involves climbing.",r001,Carpentry,,,548.2303246666667,7e19388f-8b83-4ea8-bb51-6ae2f58b552e
Stationary,2,,#C C holds the wire,"Low body/hand motion, likely preparing to perform a task.",r001,Carpentry,,,609.7433066666666,7e19388f-8b83-4ea8-bb51-6ae2f58b552e
Locomotion,2,,#C C climbs down the ladder,Body moving through space (climbing down).,r001,Carpentry,,,703.5170466666666,7e19388f-8b83-4ea8-bb51-6ae2f58b552e
Locomotion,2,,#C C rides the bike around the compound.,"Body moving through space, high body acceleration.",r001,Walking Outdoors,,,752.79352,7efdc4ce-d5ae-4c9d-be41-9d9736625d67
Stationary,2,,#C C applies another tape on the wire,"The action involves a fine, precise task that likely does not involve significant body or hand movement.",r001,Carpentry,,,27.73785,81c8eef4-6e47-4786-920f-e7f3f6bc970a
Essential Operation,2,,#C C cuts the wires with the pliers,Core manual task involving high hand activity.,r001,Carpentry,,,40.8158,81c8eef4-6e47-4786-920f-e7f3f6bc970a
Object Transfer,2,,#C C picks another coil,Logistics step involving picking up an object.,r001,Carpentry,,,69.2196,81c8eef4-6e47-4786-920f-e7f3f6bc970a
Object Transfer,2,,#C C picks another wire,Logistics/Setup step involving picking up an object.,r001,Carpentry,,,110.70261,81c8eef4-6e47-4786-920f-e7f3f6bc970a
Object Transfer,2,,#C C throws the gloves in the bucket,Logistics action involving moving and placing an object.,r001,Carpentry,,,173.99388,81c8eef4-6e47-4786-920f-e7f3f6bc970a
Essential Operation,2,,#C C cuts the tape with the scissor,"Core task, high hand activity.",r001,Carpentry,,,221.19922,81c8eef4-6e47-4786-920f-e7f3f6bc970a
Stationary,2,,#C C holds a computer mouse,"Low body/hand motion, holding an object without moving.",r001,Desk Work,,,45.34147526666667,856cedd7-b753-4c4a-bc2e-24f5ca0d6f4b
Essential Operation,2,,#C C puts left hand on a keyboard,"Setting up for a core task, involves high hand activity.",r001,Desk Work,,,142.98056526666667,856cedd7-b753-4c4a-bc2e-24f5ca0d6f4b
Stationary,2,,#C C holds camera,Holding a camera involves minimal body movement and is generally a static action.,r001,Desk Work,,,522.6456252666667,856cedd7-b753-4c4a-bc2e-24f5ca0d6f4b
Stationary,2,,#C C taps on the table with left fingers,"Low body motion, tapping is a minor hand movement.",r001,Desk Work,,,769.6214752666667,856cedd7-b753-4c4a-bc2e-24f5ca0d6f4b
Stationary,2,,#C C holds the keyboard with a left hand,Holding the keyboard with one hand indicates a stationary action with minimal movement.,r001,Desk Work,,,1389.3568752666663,856cedd7-b753-4c4a-bc2e-24f5ca0d6f4b
Stationary,2,,#C C folds the fingers,"Low body/hand motion, likely idle or contemplative action.",r001,Desk Work,,,1634.299091933333,856cedd7-b753-4c4a-bc2e-24f5ca0d6f4b
Stationary,2,,#C C scratches a knee,"Low body/hand motion, likely seated position.",r001,Desk Work,,,1799.6479019333333,856cedd7-b753-4c4a-bc2e-24f5ca0d6f4b
Stationary,2,,#C C scrolls his mobile phone,"Low body/hand motion, mostly finger movement which doesn't significantly affect IMU readings.",r001,Desk Work,,,1906.6552919333333,856cedd7-b753-4c4a-bc2e-24f5ca0d6f4b
Stationary,2,,#C C places the hand on the bed,"Low body/hand motion, indicating a pause or rest.",r001,Desk Work,,,2205.0187486000004,856cedd7-b753-4c4a-bc2e-24f5ca0d6f4b
Essential Operation,2,,#C C operates the laptop,Core task involving high hand activity.,r001,Desk Work,,,2213.4631886,856cedd7-b753-4c4a-bc2e-24f5ca0d6f4b
Stationary,2,,#C C scratches the finger,"Low body/hand motion, brief action.",r001,Desk Work,,,2231.2949886,856cedd7-b753-4c4a-bc2e-24f5ca0d6f4b
Essential Operation,2,,#C C types the password,Core manual task involving high hand activity.,r001,Desk Work,,,2588.1855586,856cedd7-b753-4c4a-bc2e-24f5ca0d6f4b
Stationary,2,,#C C uses the laptop,"Low body/hand motion, focused activity.",r001,Desk Work,,,2636.6746086000003,856cedd7-b753-4c4a-bc2e-24f5ca0d6f4b
Stationary,2,,#C C swipes a phone,"Low body/hand motion, mostly finger movement.",r001,Desk Work,,,2733.4460086000004,856cedd7-b753-4c4a-bc2e-24f5ca0d6f4b
Stationary,2,,#C C clicks on the mouse,"Low body/hand motion, high likelihood of being seated.",r001,Desk Work,,,3064.5800286000003,856cedd7-b753-4c4a-bc2e-24f5ca0d6f4b
Essential Operation,2,,#C C presses the keyboard,Core manual task involving hands with repetitive motion.,r001,Desk Work,,,3084.2883486,856cedd7-b753-4c4a-bc2e-24f5ca0d6f4b
Essential Operation,2,,#C C operates computer with keyboard and a mouse,Core manual task involving high hand activity.,r001,Desk Work,,,3484.9943086000003,856cedd7-b753-4c4a-bc2e-24f5ca0d6f4b
Stationary,2,,# C C operates desktop with keyboard,Typing and operating a desktop is a low-energy activity with minimal body movement.,r001,Desk Work,,,3560.5261686000003,856cedd7-b753-4c4a-bc2e-24f5ca0d6f4b
Stationary,2,,# C C operates desktop with mouse,"Low body/hand motion, primarily hand movements on a fixed surface.",r001,Desk Work,,,3561.4530986000004,856cedd7-b753-4c4a-bc2e-24f5ca0d6f4b
Stationary,2,,# C C talks,Low body/hand motion.,r001,Desk Work,,,3618.8359186,856cedd7-b753-4c4a-bc2e-24f5ca0d6f4b
Essential Operation,2,,# C C operates desktop with keyboard,Core manual task involving high hand activity.,r001,Desk Work,,,3641.1098286,856cedd7-b753-4c4a-bc2e-24f5ca0d6f4b
Stationary,2,,#C C holds guitar with both hands,"Low body/hand motion, holding position.",r001,Playing Instrument,,,308.74237860000005,866ef5e0-1989-440d-bbfb-d90c3b29024f
Essential Operation,2,,#C C moves the guitar peg to the top,"Adjusting the instrument, involves precise hand movements.",r001,Playing Instrument,,,501.19572860000005,866ef5e0-1989-440d-bbfb-d90c3b29024f
Essential Operation,2,,#C C releases the peg,"Core task involving manipulation, likely with high hand activity.",r001,Playing Instrument,,,502.24403860000007,866ef5e0-1989-440d-bbfb-d90c3b29024f
Essential Operation,2,,#C C moves the peg downwards,Core task involving precise manual adjustments.,r001,Playing Instrument,,,505.36732860000006,866ef5e0-1989-440d-bbfb-d90c3b29024f
Essential Operation,2,,#C C plays the guitar in the room,"Core manual task involving hands, likely with high hand acceleration and irregular motion.",r001,Playing Instrument,,,519.9493186,866ef5e0-1989-440d-bbfb-d90c3b29024f
Essential Operation,2,,#C C touches guitar,Core task involving high hand activity.,r001,Playing Instrument,,,579.0482193600199,866ef5e0-1989-440d-bbfb-d90c3b29024f
Essential Operation,2,,#C C moves his left hand on the guitar,Core task involving high hand activity on the instrument.,r001,Playing Instrument,,,856.0177676136719,866ef5e0-1989-440d-bbfb-d90c3b29024f
Stationary,2,,#C C puts hand on the leg,"Low body/hand motion, preparatory action before playing.",r001,Playing Instrument,,,1219.749617613672,866ef5e0-1989-440d-bbfb-d90c3b29024f
Essential Operation,2,,#C C touches #unsure,"Core task involving hands, likely playing the instrument.",r001,Playing Instrument,,,1853.0602271449216,866ef5e0-1989-440d-bbfb-d90c3b29024f
Search,2,,#c c checks on the tin,"Head movement (visual inspection), hands mostly still.",r001,Mechanical Repair,,,29.097269600000004,88aaba00-ad94-4e76-9b7d-583cd8744fd2
Object Transfer,2,,#c c puts a mug,Logistics/Setup step (putting an object).,r001,Mechanical Repair,,,47.9302696,88aaba00-ad94-4e76-9b7d-583cd8744fd2
Object Transfer,2,,#c c returns other banana in the organizer,Logistics/Setup step (placing an item back).,r001,Mechanical Repair,,,93.9250696,88aaba00-ad94-4e76-9b7d-583cd8744fd2
Essential Operation,2,,#c c cleanses the #unsure part,Core manual task involving cleaning a specific part.,r001,Mechanical Repair,,,270.12206960000003,88aaba00-ad94-4e76-9b7d-583cd8744fd2
Object Transfer,2,,#c c picks blender base lid,"Picking up an object, involves logistics and handling.",r001,Mechanical Repair,,,538.8884209546634,88aaba00-ad94-4e76-9b7d-583cd8744fd2
Locomotion,2,,#c c shakes the blender base and the rubber,"[CtxFixed] The action of shaking the blender base and the rubber does not fit into the categories of Object Transfer, Essential Operation, Search, or Stationary. Shaking involves movement, which aligns with the Locomotion category.",r001,Mechanical Repair,,,548.7521909546634,88aaba00-ad94-4e76-9b7d-583cd8744fd2
Object Transfer,2,,#c c puts the whey,"Logistics step, putting an object in place.",r001,Mechanical Repair,,,764.6489109546634,88aaba00-ad94-4e76-9b7d-583cd8744fd2
Essential Operation,2,,#c c peels the banana,"Core task, high hand activity.",r001,Mechanical Repair,,,835.9081009546634,88aaba00-ad94-4e76-9b7d-583cd8744fd2
Stationary,2,,#c c drinks smoothie,Drinking is a low-energy activity with minimal body motion.,r001,Mechanical Repair,,,1635.5857309546632,88aaba00-ad94-4e76-9b7d-583cd8744fd2
Object Transfer,2,,#c c picks the grapes bowl,"Logistics/Setup step, picking up an object.",r001,Mechanical Repair,,,1870.1891109546632,88aaba00-ad94-4e76-9b7d-583cd8744fd2
Essential Operation,2,,#C C slices a piece of cake on a container plate,Core task involving manual dexterity and hand activity.,r001,Mechanical Repair,,,1891.0123686458328,88aaba00-ad94-4e76-9b7d-583cd8744fd2
Search,2,,#C C looks at a piece of cake on a plate,"Head movement (visual inspection), passive hands.",r001,Mechanical Repair,,,2043.8860386458327,88aaba00-ad94-4e76-9b7d-583cd8744fd2
Search,2,,#C C slightly looks around a dinning table,"Head movement (visual search), hands mostly still.",r001,Mechanical Repair,,,2058.283148645833,88aaba00-ad94-4e76-9b7d-583cd8744fd2
Object Transfer,2,,#C C lids a cake plate by hooking around it,"Action involves picking up or moving an object, indicative of logistics or setup.",r001,Mechanical Repair,,,2094.223888645833,88aaba00-ad94-4e76-9b7d-583cd8744fd2
Stationary,2,,#C C dries his hands on the kitchen towel,"Low body/hand motion, likely standing or sitting still.",r001,Mechanical Repair,,,2254.796720954664,88aaba00-ad94-4e76-9b7d-583cd8744fd2
Object Transfer,2,,#C C puts sandals in the wardrobe,"Logistics step, moving an object to a location.",r001,Mechanical Repair,,,2366.407880954664,88aaba00-ad94-4e76-9b7d-583cd8744fd2
Object Transfer,2,,#C C takes car shampoo from the wardrobe,"Logistics/Setup step, picking up an item.",r001,Mechanical Repair,,,2535.464950954663,88aaba00-ad94-4e76-9b7d-583cd8744fd2
Object Transfer,2,,#C C opens detergent,Logistics action involving opening an object.,r001,Mechanical Repair,,,3099.167710954664,88aaba00-ad94-4e76-9b7d-583cd8744fd2
Essential Operation,2,,#C C wipes bicycle with paper,Core manual task involving hand activity.,r001,Mechanical Repair,,,3789.355230954664,88aaba00-ad94-4e76-9b7d-583cd8744fd2
Object Transfer,2,,#C C picks the papers of carrots and cucumber,Logistics step involving picking up items.,r001,Cooking,,,55.7906386,8b72b54f-f87c-4fdb-84dc-97e42ab111ac
Essential Operation,2,,#C C removes the inner part of the bell pepper,Core task involving manual dexterity and hand activity.,r001,Cooking,,,290.5087209748144,8b72b54f-f87c-4fdb-84dc-97e42ab111ac
Object Transfer,2,,#C C puts the outer part of the onion on the table,Logistics step involving picking up and putting down an object.,r001,Cooking,,,302.79618097481443,8b72b54f-f87c-4fdb-84dc-97e42ab111ac
Essential Operation,2,,#C C peels the outer part of the onion with his hand,Core manual task involving high hand activity.,r001,Cooking,,,316.4650009748144,8b72b54f-f87c-4fdb-84dc-97e42ab111ac
Object Transfer,2,,#C C puts one piece bell pepper on the chocking board,Logistics step involving the placement of an object.,r001,Cooking,,,412.4169009748144,8b72b54f-f87c-4fdb-84dc-97e42ab111ac
Essential Operation,2,,#C C cuts the carrot into pieces,"Core task, high hand activity.",r001,Cooking,,,496.67207097481446,8b72b54f-f87c-4fdb-84dc-97e42ab111ac
Stationary,2,,#C C arranges the carrots in order on the chocking board,"Low body/hand motion, arranging items.",r001,Cooking,,,555.9825976136719,8b72b54f-f87c-4fdb-84dc-97e42ab111ac
Object Transfer,2,,#C C carries the chocking board with the slices of the cucumber,"Logistics step, carrying an object.",r001,Cooking,,,655.0316376136719,8b72b54f-f87c-4fdb-84dc-97e42ab111ac
Object Transfer,2,,#C C carries the chocking board with the slices of the onion,Logistics step of carrying an object.,r001,Cooking,,,756.7728276136719,8b72b54f-f87c-4fdb-84dc-97e42ab111ac
Essential Operation,2,,#C C cleans the Irish potato in the sink,"Core manual task involving cleaning, which involves high hand activity.",r001,Cooking,,,788.202587613672,8b72b54f-f87c-4fdb-84dc-97e42ab111ac
Object Transfer,2,,#C C puts one Irish potato inside the plate,Logistics step of placing an object.,r001,Cooking,,,810.5947576136718,8b72b54f-f87c-4fdb-84dc-97e42ab111ac
Essential Operation,2,,#C C slices the Irish potato into pieces,Core task involving repetitive hand movements.,r001,Cooking,,,859.8987596799911,8b72b54f-f87c-4fdb-84dc-97e42ab111ac
Object Transfer,2,,#C C puts a piece of Irish potato on the table,"Logistics step, moving an object from one place to another.",r001,Cooking,,,888.2344696799912,8b72b54f-f87c-4fdb-84dc-97e42ab111ac
Essential Operation,2,,#C C holds the Irish potato with the knife on the chocking board,Core task involving manual activity with hands.,r001,Cooking,,,898.5471396799912,8b72b54f-f87c-4fdb-84dc-97e42ab111ac
Object Transfer,2,,#C C opens the lid of the cooking oil,"Opening an object, logistics step.",r001,Cooking,,,934.3715496799912,8b72b54f-f87c-4fdb-84dc-97e42ab111ac
Object Transfer,2,,#C C puts the tomato sauce on the table,Logistics step of placing an item on the table.,r001,Cooking,,,948.3040496799912,8b72b54f-f87c-4fdb-84dc-97e42ab111ac
Object Transfer,2,,#C C puts down the pan on the oven,"Logistics step, moving an object to a location.",r001,Cooking,,,955.1577096799912,8b72b54f-f87c-4fdb-84dc-97e42ab111ac
Object Transfer,2,,#C C puts the food into the pan,Logistics step involving picking up and placing the food into the pan.,r001,Cooking,,,990.5813796799912,8b72b54f-f87c-4fdb-84dc-97e42ab111ac
Essential Operation,2,,#C C steers the food in the pan,"Core task involving high hand activity, such as stirring or mixing.",r001,Cooking,,,1000.0859896799911,8b72b54f-f87c-4fdb-84dc-97e42ab111ac
Essential Operation,2,,#C C puts the salt into the food,"Core task, high hand activity.",r001,Cooking,,,1008.2769096799911,8b72b54f-f87c-4fdb-84dc-97e42ab111ac
Locomotion,2,,#C C walks round the kitchen,Body moving through space (walking).,r001,Cooking,,,1049.1772496799913,8b72b54f-f87c-4fdb-84dc-97e42ab111ac
Object Transfer,2,,#C C puts the leaves inside the bowl,Logistics step involving picking up and placing the leaves.,r001,Cooking,,,1064.0267030133243,8b72b54f-f87c-4fdb-84dc-97e42ab111ac
Essential Operation,2,,#C C cleans the leaves inside the bowl,Core task involving high hand activity.,r001,Cooking,,,1065.4853830133245,8b72b54f-f87c-4fdb-84dc-97e42ab111ac
Object Transfer,2,,#C C pours water from the bowl into the sink,"The action involves transferring water from a bowl to a sink, which is a logistics step.",r001,Cooking,,,1071.3490830133244,8b72b54f-f87c-4fdb-84dc-97e42ab111ac
Stationary,2,,#C C holds the cooking stick on the pan,"The action involves holding an object, which is a low energy state with minimal motion.",r001,Cooking,,,1078.0373030133244,8b72b54f-f87c-4fdb-84dc-97e42ab111ac
Object Transfer,2,,#C C returns #unsure on the shelf,Logistics step of placing an item back on a shelf.,r001,Cooking,,,1145.4792116989584,8b72b54f-f87c-4fdb-84dc-97e42ab111ac
Object Transfer,2,,#C C pushes #unsure with the knife,"[CtxFixed] The action of pushing the unsure with the knife suggests that C is moving or positioning the unsure, which aligns with the definition of Object Transfer as a deliberate placement or movement of an object.",r001,Cooking,,,1269.7052216989582,8b72b54f-f87c-4fdb-84dc-97e42ab111ac
Locomotion,2,,#C C moves a round the kitchen,"Body moving through space, likely involves walking or moving around.",r001,Cooking,,,1271.4900816989582,8b72b54f-f87c-4fdb-84dc-97e42ab111ac
Object Transfer,2,,#C C returns #unsure in the drawer,Logistics step involving putting an item back into a drawer.,r001,Cooking,,,1285.4514616989584,8b72b54f-f87c-4fdb-84dc-97e42ab111ac
Essential Operation,2,,#C C removes the outer cover of the onion with his hand,Core manual task involving high hand activity.,r001,Cooking,,,1306.3079816989582,8b72b54f-f87c-4fdb-84dc-97e42ab111ac
Essential Operation,2,,#C C peels the outer cover of the onion with his hand,Core manual task involving high hand activity.,r001,Cooking,,,1333.6770216989582,8b72b54f-f87c-4fdb-84dc-97e42ab111ac
Object Transfer,2,,#C C picks a piece of onion from the table,Logistics action involving picking up an object.,r001,Cooking,,,1338.4570816989583,8b72b54f-f87c-4fdb-84dc-97e42ab111ac
Object Transfer,2,,#c c put the peeling on the table,Logistics/Setup step involving moving the peeling to the table.,r001,Cooking,,,1383.9946307126302,8b72b54f-f87c-4fdb-84dc-97e42ab111ac
Essential Operation,2,,#c c cut the peeling with the knife,"Core task, high hand activity.",r001,Cooking,,,1398.6729207126302,8b72b54f-f87c-4fdb-84dc-97e42ab111ac
Stationary,2,,#c c arrange the chopped garlic together,"Low body/hand motion, arranging items.",r001,Cooking,,,1439.29808071263,8b72b54f-f87c-4fdb-84dc-97e42ab111ac
Essential Operation,2,,#c c wipe the knife with a hand,Core manual task involving high hand activity.,r001,Cooking,,,1484.7416007126303,8b72b54f-f87c-4fdb-84dc-97e42ab111ac
Stationary,2,,#C C reads the notes inside the laptop,"Low body/hand motion, focused activity.",r001,Desk Work,,,64.8305796,8e9ce0c8-9a8f-414d-b3c4-cebd0fd1d85b
Stationary,2,,#C C scrolls the page in the laptop,"Low body/hand motion, primarily finger movement.",r001,Desk Work,,,137.19041959999998,8e9ce0c8-9a8f-414d-b3c4-cebd0fd1d85b
Stationary,2,,#C C moves the mouse pat on the table,"Low body/hand motion, minimal movement.",r001,Desk Work,,,295.0576309546634,8e9ce0c8-9a8f-414d-b3c4-cebd0fd1d85b
Stationary,2,,#C C read the notes in the laptop,"Low body/hand motion, focused activity.",r001,Desk Work,,,758.1686442879968,8e9ce0c8-9a8f-414d-b3c4-cebd0fd1d85b
Stationary,2,,#C C watches the video in the laptop,"Low body/hand motion, focused attention.",r001,Desk Work,,,868.5310342879968,8e9ce0c8-9a8f-414d-b3c4-cebd0fd1d85b
Object Transfer,2,,#C C picks up the packet from the table,"Logistics step, picking up an object.",r001,Desk Work,,,895.1354142879968,8e9ce0c8-9a8f-414d-b3c4-cebd0fd1d85b
Stationary,2,,#C C reads on the laptop,"Low body/hand motion, focused activity.",r001,Desk Work,,,1139.4287042879969,8e9ce0c8-9a8f-414d-b3c4-cebd0fd1d85b
Essential Operation,2,,#C C separates the pieces of cake,"Core manual task involving hands, likely with irregular motion.",r001,Desk Work,,,1787.814054287997,8e9ce0c8-9a8f-414d-b3c4-cebd0fd1d85b
Stationary,2,,#C C scrolls on the laptop,"Low body/hand motion, focused on screen interaction.",r001,Desk Work,,,2137.7007942879973,8e9ce0c8-9a8f-414d-b3c4-cebd0fd1d85b
Object Transfer,2,,#C C moves his left hand to the right,"The action describes a movement of the hand to a different position, which can be classified as a logistics step in playing the instrument.",r001,Playing Instrument,,,460.7120309546634,9184a7fc-f1bf-42ee-b0f7-d6a76bba84a5
Object Transfer,2,,#C C removes his left hand from the keyboard,The action involves moving a body part away from an object (logistics step).,r001,Playing Instrument,,,1193.3389809546634,9184a7fc-f1bf-42ee-b0f7-d6a76bba84a5
Stationary,2,,#C C rests his left hand on the keyboard.,"Low body/hand motion, indicating a pause or preparation.",r001,Playing Instrument,,,3087.7989409546635,9184a7fc-f1bf-42ee-b0f7-d6a76bba84a5
Stationary,2,,#C C removes his right hand from the mouse.,"The action indicates a pause or a change in activity, likely with minimal motion.",r001,Playing Instrument,,,3532.3204909546635,9184a7fc-f1bf-42ee-b0f7-d6a76bba84a5
Stationary,2,,#C C touches his phone,"Low body/hand motion, likely involves minimal movement.",r001,Playing Instrument,,,3537.112302253492,9184a7fc-f1bf-42ee-b0f7-d6a76bba84a5
Stationary,2,,#C C drops hand down,"Low body/hand motion, likely a pause or rest.",r001,Desk Work,,,32.43196526666667,93f5cc14-13bf-44b3-8cf6-309aaf265a5d
Stationary,2,,#C C adjusts finger,"Low body/hand motion, fine adjustment.",r001,Desk Work,,,43.40853526666667,93f5cc14-13bf-44b3-8cf6-309aaf265a5d
Search,2,,#C C looks up,"Head movement (looking up), hands mostly still.",r001,Desk Work,,,138.97647526666665,93f5cc14-13bf-44b3-8cf6-309aaf265a5d
Stationary,2,,#C C presses a button with with a finger,"Low body/hand motion, short burst of finger activity.",r001,Desk Work,,,401.5701152666667,93f5cc14-13bf-44b3-8cf6-309aaf265a5d
Stationary,2,,#C C dials phone,"Low body/hand motion, likely seated.",r001,Desk Work,,,754.8866452666667,93f5cc14-13bf-44b3-8cf6-309aaf265a5d
Stationary,2,,#C C presses the mouse button.,"Low body/hand motion, focused on a stationary task.",r001,Desk Work,,,1072.0441252666667,93f5cc14-13bf-44b3-8cf6-309aaf265a5d
Essential Operation,2,,#C C presses the mouse button.,Core manual task involving high hand activity.,r001,Desk Work,,,1643.6635319333334,93f5cc14-13bf-44b3-8cf6-309aaf265a5d
Stationary,2,,#C C removes his left hand from the keyboard.,"The action involves a hand moving away from the keyboard, which is a low-energy movement.",r001,Desk Work,,,1740.2116619333333,93f5cc14-13bf-44b3-8cf6-309aaf265a5d
Stationary,2,,#C C moves the computer mouse on the table.,"Minimal body movement, focused hand motion (computer mouse use).",r001,Desk Work,,,1760.869251933333,93f5cc14-13bf-44b3-8cf6-309aaf265a5d
Stationary,2,,#C C holds the mouse with the right hand on the table.,"Low body/hand motion, holding an object without movement.",r001,Desk Work,,,1810.291601933333,93f5cc14-13bf-44b3-8cf6-309aaf265a5d
Stationary,2,,#C C looks at his fingers,"Low body/hand motion, focused observation.",r001,Desk Work,,,2391.5291586000003,93f5cc14-13bf-44b3-8cf6-309aaf265a5d
Stationary,2,,#C C touches his hand,"Low body/hand motion, likely idle or thinking.",r001,Desk Work,,,2433.7910986,93f5cc14-13bf-44b3-8cf6-309aaf265a5d
Stationary,2,,#C C operates a desktop with a mouse,"Low body/hand motion, primarily hand movements which are not considered high acceleration.",r001,Desk Work,,,2434.6652186,93f5cc14-13bf-44b3-8cf6-309aaf265a5d
Essential Operation,2,,#C C Operates a keyboard with his both hands,Core manual task involving high hand activity.,r001,Desk Work,,,2497.1417386000003,93f5cc14-13bf-44b3-8cf6-309aaf265a5d
Locomotion,2,,#C C Moves closer to a monitor,Body movement through space to change position.,r001,Desk Work,,,2558.6048186000003,93f5cc14-13bf-44b3-8cf6-309aaf265a5d
Essential Operation,2,,#C C Clicks a mouse with his hand,Core task involving high hand activity.,r001,Desk Work,,,2591.3660786,93f5cc14-13bf-44b3-8cf6-309aaf265a5d
Search,2,,#C C Looks a round the room,"Head movement (visual search), hands mostly still.",r001,Desk Work,,,2695.6555386000005,93f5cc14-13bf-44b3-8cf6-309aaf265a5d
Stationary,2,,#C C Reads on the tablet,"Low body/hand motion, likely involves minimal movement.",r001,Playing Instrument,,,439.6453609546634,94e0a2a7-b8f3-4677-8360-dbcf7293e621
Stationary,2,,#C C operates the iPad,"Low body/hand motion, likely involves finger movements on a small device.",r001,Playing Instrument,,,1255.5954309546632,94e0a2a7-b8f3-4677-8360-dbcf7293e621
Essential Operation,2,,#C C moves the left hand,Core manual task involving high hand activity.,r001,Playing Instrument,,,1391.9312509546633,94e0a2a7-b8f3-4677-8360-dbcf7293e621
Essential Operation,2,,#C is nailing the screw on the fuse.,"Core task involving manual labor, high hand activity.",r001,Carpentry,,,750.2863166666666,98a3e2dc-5482-4c89-a93b-2780f5bcff07
Object Transfer,2,,#C C pick plants with hand,Logistics step involving picking up objects with the hand.,r001,Gardening,,,357.13293109700004,9c4a113c-87ab-4864-a80d-4b81c5ecda91
Search,2,,#C C examine the dry leaf,"Visual inspection, likely involves head movement and minimal hand activity.",r001,Gardening,,,395.008571097,9c4a113c-87ab-4864-a80d-4b81c5ecda91
Stationary,2,,#C C waters the house plant.,"The action involves holding the watering can and watering the plant, which is a low-energy activity with minimal movement.",r001,Gardening,,,658.5753455954427,9c4a113c-87ab-4864-a80d-4b81c5ecda91
Object Transfer,2,,#C C picks up the house plants from the table.,Logistics step involving picking up an object.,r001,Gardening,,,767.4685355954427,9c4a113c-87ab-4864-a80d-4b81c5ecda91
Stationary,2,,#C C moves his hands while driving,"Low body/hand motion, hands moving while driving implies stationary position.",r001,Mechanical Repair,,,420.55737,9ff8c35c-bd28-436f-b35b-ee460f983a67
Object Transfer,2,,#c c picks ludo token,"Logistics/Setup step, picking up an object.",r001,Playing Instrument,,,18.2360186,a34576fe-35e7-4b5d-8661-200c4ed75f7a
Object Transfer,2,,#c c places ludo token,Logistics step of placing an object (ludo token).,r001,Playing Instrument,,,18.813118600000003,a34576fe-35e7-4b5d-8661-200c4ed75f7a
Stationary,2,,#c c writes on paper,"The action involves writing, which is a fine motor skill and does not involve significant body movement.",r001,Playing Instrument,,,99.7781386,a34576fe-35e7-4b5d-8661-200c4ed75f7a
Object Transfer,2,,#c man y puts pen on the table,"The action involves placing an object (pen) on a surface (table), which is a logistics step.",r001,Playing Instrument,,,113.2222186,a34576fe-35e7-4b5d-8661-200c4ed75f7a
Stationary,2,,#c c puts fingers together,The action describes a preparatory movement that does not involve significant body or hand motion.,r001,Playing Instrument,,,151.60102859999998,a34576fe-35e7-4b5d-8661-200c4ed75f7a
Essential Operation,2,,#c c writes on paper,Core manual task involving high hand activity.,r001,Playing Instrument,,,166.60513859999998,a34576fe-35e7-4b5d-8661-200c4ed75f7a
Stationary,2,,#c c shakes dice,Shaking dice is a brief action that does not involve continuous movement or high energy activity.,r001,Playing Instrument,,,181.7223186,a34576fe-35e7-4b5d-8661-200c4ed75f7a
Essential Operation,2,,#c man y shakes dice,Manual task involving high hand activity.,r001,Playing Instrument,,,229.2078386,a34576fe-35e7-4b5d-8661-200c4ed75f7a
Essential Operation,2,,#c man y picks token,Core task involving manual dexterity and interaction with the instrument.,r001,Playing Instrument,,,232.7793386,a34576fe-35e7-4b5d-8661-200c4ed75f7a
Object Transfer,2,,#O Person A picks up the cards,"Action involves picking up objects (cards), a logistics step.",r001,Playing Instrument,,,307.3202371486772,a34576fe-35e7-4b5d-8661-200c4ed75f7a
Stationary,2,,#C C shuffles the cards,Shuffling cards is a manual task but is not typically associated with high body or hand acceleration that would fit the other categories.,r001,Playing Instrument,,,315.7893971486772,a34576fe-35e7-4b5d-8661-200c4ed75f7a
Locomotion,2,,#C C throws the dices,"[CtxFixed] The action of throwing the dices involves a movement that propels the dices from C's hand to the table, which is a form of locomotion.",r001,Playing Instrument,,,401.7385671486772,a34576fe-35e7-4b5d-8661-200c4ed75f7a
Essential Operation,2,,#C C Covers the paper with hand,Core task involving high hand activity.,r001,Playing Instrument,,,559.1797722385093,a34576fe-35e7-4b5d-8661-200c4ed75f7a
Object Transfer,2,,#O Y Picks #unsure,"Picking up an object, which involves logistics.",r001,Playing Instrument,,,563.8754022385092,a34576fe-35e7-4b5d-8661-200c4ed75f7a
Essential Operation,2,,#O Y Taps the game board with #unsure,Core task involving active hand movement.,r001,Playing Instrument,,,567.0750322385093,a34576fe-35e7-4b5d-8661-200c4ed75f7a
Stationary,2,,#C C Counts the boxes on the game board,"The action involves counting, which is a cognitive task with minimal body or hand motion.",r001,Playing Instrument,,,579.1562122385092,a34576fe-35e7-4b5d-8661-200c4ed75f7a
Locomotion,2,,#c c stand up,"Body moving through space, transitioning from seated to standing position.",r001,Desk Work,,,151.8420286,a6f336e0-4867-46b1-886d-dadcb2c8a33d
Stationary,2,,#c c lie down,The action of lying down indicates a stationary position with low energy.,r001,Desk Work,,,267.1767186,a6f336e0-4867-46b1-886d-dadcb2c8a33d
Locomotion,2,,#c c take a step,"Movement through space, involves high body acceleration.",r001,Desk Work,,,398.09449860000007,a6f336e0-4867-46b1-886d-dadcb2c8a33d
Stationary,2,,#c c move the hand,"Low body/hand motion, could be minor hand movement but not specified as a task or transfer.",r001,Desk Work,,,418.0928986,a6f336e0-4867-46b1-886d-dadcb2c8a33d
Stationary,2,,#c c put the hand down,"Low body/hand motion, likely idle or waiting.",r001,Desk Work,,,515.9740286,a6f336e0-4867-46b1-886d-dadcb2c8a33d
Locomotion,2,,#c c do press ups,Body moving through space (press ups involve physical movement).,r001,Desk Work,,,546.4677686,a6f336e0-4867-46b1-886d-dadcb2c8a33d
Stationary,2,,#c c bend the knees,"The action of bending the knees does not involve significant movement or acceleration, indicating a low-energy state.",r001,Desk Work,,,603.5865982235744,a6f336e0-4867-46b1-886d-dadcb2c8a33d
Stationary,2,,#c c unfold the hand,"Unfolding the hand is a low-energy, stationary action.",r001,Desk Work,,,1177.5422516989584,a6f336e0-4867-46b1-886d-dadcb2c8a33d
Object Transfer,2,,#c c drop the elbows on the floor,Refined via regex fallback,r001,Desk Work,,,1307.5368416989584,a6f336e0-4867-46b1-886d-dadcb2c8a33d
Stationary,2,,#c c put the hands down,"Low body/hand motion, likely indicating a pause or idle state.",r001,Desk Work,,,1611.3063113158328,a6f336e0-4867-46b1-886d-dadcb2c8a33d
Stationary,2,,#c c taps phone,"Low body/hand motion, minimal movement.",r001,Desk Work,,,1731.9314604074543,a6f336e0-4867-46b1-886d-dadcb2c8a33d
Object Transfer,2,,#C C removes a piece of chicken from the cooking pot,Logistics step involving picking up and removing an object.,r001,Cooking,,,52.2643196,a8486c50-4576-41e3-a9ad-ee809e40c648
Essential Operation,2,,#C C splits the pieces of chicken with a fork,Core task involving high hand activity.,r001,Cooking,,,56.5231896,a8486c50-4576-41e3-a9ad-ee809e40c648
Essential Operation,2,,#C C cuts the tomato with a fork,"Core task, high hand activity.",r001,Cooking,,,644.4708909546634,a8486c50-4576-41e3-a9ad-ee809e40c648
Object Transfer,2,,#C C puts down the fork on her right hand,Logistics step involving the placement of an object.,r001,Cooking,,,737.2345009546634,a8486c50-4576-41e3-a9ad-ee809e40c648
Essential Operation,2,,#C C fixes the blender jar with the top part,Core manual task involving precise hand movements.,r001,Cooking,,,744.4082809546634,a8486c50-4576-41e3-a9ad-ee809e40c648
Essential Operation,2,,#C C removes the top part of the blender,"Core task involving manual operation, likely with high hand activity.",r001,Cooking,,,778.5126509546634,a8486c50-4576-41e3-a9ad-ee809e40c648
Locomotion,2,,#C C moves the cooking pot on the stove,"Body moving through space to move an object, high body acceleration.",r001,Cooking,,,948.9126609546634,a8486c50-4576-41e3-a9ad-ee809e40c648
Object Transfer,2,,#C C puts the cooking pot on the stove,Logistics step involving picking up and placing an object.,r001,Cooking,,,955.2635709546636,a8486c50-4576-41e3-a9ad-ee809e40c648
Object Transfer,2,,#C C picks a salt shaker with her right hand,Logistics step involving picking up an object.,r001,Cooking,,,957.4180909546634,a8486c50-4576-41e3-a9ad-ee809e40c648
Object Transfer,2,,#C C adds some water in the bowl,"Logistics step, involves picking up and pouring water.",r001,Cooking,,,117.9845996,a869ed3c-901d-4328-99f0-9b446822a412
Object Transfer,2,,#C C picks a rag from the slab with his left hand.,Logistics action involving picking up an object.,r001,Cooking,,,477.9220686458333,a869ed3c-901d-4328-99f0-9b446822a412
Object Transfer,2,,#C C picks a glass cup from a utensil rack on the slab with his right hand.,"Logistics step, picking up an object.",r001,Cooking,,,548.0590986458333,a869ed3c-901d-4328-99f0-9b446822a412
Stationary,2,,#C C eats the noodles,"Low body/hand motion, eating involves minimal movement.",r001,Cooking,,,795.3320819333334,a869ed3c-901d-4328-99f0-9b446822a412
Search,2,,#C C Looks at herself on a mirror,"Head movement (visual search), hands mostly still.",r001,Cooking,,,825.4629319333333,a869ed3c-901d-4328-99f0-9b446822a412
Search,2,,#C C Looks at a bottle of water on a table,"Head movement (visual inspection), passive hands.",r001,Cooking,,,841.8616119333333,a869ed3c-901d-4328-99f0-9b446822a412
Stationary,2,,#C C Puts a spoon of noodles in her mouth,"Low body/hand motion, eating involves minimal movement.",r001,Cooking,,,852.7327119333333,a869ed3c-901d-4328-99f0-9b446822a412
Object Transfer,2,,#C C drops the glass of water on the table with his left hand.,"[CtxFixed] The action of dropping the glass of water onto the table is a deliberate placement, which fits the criteria for 'Object Transfer'.",r001,Cooking,,,916.3709786458334,a869ed3c-901d-4328-99f0-9b446822a412
Stationary,2,,#C C places his left hand on his chin.,"Low body/hand motion, indicative of a stationary position or idle state.",r001,Cooking,,,925.2385186458332,a869ed3c-901d-4328-99f0-9b446822a412
Stationary,2,,#C C eats the noodles with the spoon his right hand.,Eating involves minimal movement and is generally a stationary activity.,r001,Cooking,,,939.9170786458334,a869ed3c-901d-4328-99f0-9b446822a412
Object Transfer,2,,#C C hits the spoon on the bowl on the table with his right hand.,"[CtxFixed] The action of hitting the spoon on the bowl can be interpreted as a deliberate placement or interaction with the objects, which falls under the 'Object Transfer' category.",r001,Cooking,,,987.0958686458334,a869ed3c-901d-4328-99f0-9b446822a412
Object Transfer,2,,#C C picks noodles from the bowl on the table with the spoon in his right hand.,Logistics action of picking up an object with the hand.,r001,Cooking,,,1045.0402486458331,a869ed3c-901d-4328-99f0-9b446822a412
Locomotion,2,,#O A red car drives past.,"Body moving through space (walking), high body acceleration.",r001,Walking Outdoors,,,220.6534,a8983a14-da13-4e54-bc7a-b027b374c710
Stationary,2,,#C C operates the phone with his right hand.,"The action involves operating a phone, which typically involves minimal movement beyond hand gestures and does not involve significant locomotion or high body acceleration.",r001,Walking Outdoors,,,236.11082,a8983a14-da13-4e54-bc7a-b027b374c710
Locomotion,2,,#C C walks down the road.,"Body moving through space, high body acceleration.",r001,Walking Outdoors,,,360.50919,a8983a14-da13-4e54-bc7a-b027b374c710
Object Transfer,2,,#C C picks the phone from his pocket with his right hand.,"Logistics step, picking up an object with the hand.",r001,Walking Outdoors,,,404.39464,a8983a14-da13-4e54-bc7a-b027b374c710
Stationary,2,,#C C shakes his left hand.,"Shaking a hand is a low-energy action, typically not involving significant body movement.",r001,Walking Outdoors,,,575.70703,a8983a14-da13-4e54-bc7a-b027b374c710
Object Transfer,2,,#C C drops the bolt on the table . #unsure,Refined via regex fallback,r001,Mechanical Repair,,,0.4353596,aa3aa45a-ab0a-4f3e-9629-ed8e8e68b533
Object Transfer,2,,#C C drops the cutter on the table.,Refined via regex fallback,r001,Mechanical Repair,,,17.1766596,aa3aa45a-ab0a-4f3e-9629-ed8e8e68b533
Essential Operation,2,,#C C flicks the knob on the bicycle's rim with the screwdriver.,"[CtxFixed] The action involves using a screwdriver to manipulate the knob on the bicycle's rim, which is a functional interaction aimed at adjusting or fixing the bicycle. This is not a movement of the bicycle itself or a transfer of objects, but rather an operation essential to the maintenance or repair of the bicycle.",r001,Mechanical Repair,,,27.8141396,aa3aa45a-ab0a-4f3e-9629-ed8e8e68b533
Locomotion,2,,#C C turns the bicycle's rim to the other side.,"Body moving through space, likely involves turning or rotating the body.",r001,Mechanical Repair,,,44.0056796,aa3aa45a-ab0a-4f3e-9629-ed8e8e68b533
Essential Operation,2,,#C C looses the nut on the bicycle's rim with his left hand,Core manual task involving high hand activity.,r001,Mechanical Repair,,,88.0806796,aa3aa45a-ab0a-4f3e-9629-ed8e8e68b533
Object Transfer,2,,#C C drops the bicycle's rim on the table.,Refined via regex fallback,r001,Mechanical Repair,,,148.0002896,aa3aa45a-ab0a-4f3e-9629-ed8e8e68b533
Stationary,2,,#C C holds the bicycle's rim with his left hand.,"Low body/hand motion, holding the rim without movement.",r001,Mechanical Repair,,,151.0349796,aa3aa45a-ab0a-4f3e-9629-ed8e8e68b533
Object Transfer,2,,#C C pulls a magnet from a hole in the cabinet with his left hand.,"The action involves picking up an object from a specific location, which is a logistics step.",r001,Mechanical Repair,,,154.0116096,aa3aa45a-ab0a-4f3e-9629-ed8e8e68b533
Object Transfer,2,,#C C pulls out another magnet from another hole in the cabinet with his right hand.,"The action involves picking up an object (magnet) from a specific location (hole in the cabinet), which is a logistics step.",r001,Mechanical Repair,,,155.7651496,aa3aa45a-ab0a-4f3e-9629-ed8e8e68b533
Stationary,2,,#C C places his left hand on the bicycle's rim.,"The action involves placing a hand, indicating a pause or inspection, which is a low-energy activity.",r001,Mechanical Repair,,,190.5423696,aa3aa45a-ab0a-4f3e-9629-ed8e8e68b533
Object Transfer,2,,#C passes it to his right hand,Logistics step of passing an object.,r001,Mechanical Repair,,,227.7668496,aa3aa45a-ab0a-4f3e-9629-ed8e8e68b533
Object Transfer,2,,#C C inserts the rod into the hole in the bicycle's rim briefly.,Logistics step involving brief interaction with an object.,r001,Mechanical Repair,,,236.7741796,aa3aa45a-ab0a-4f3e-9629-ed8e8e68b533
Object Transfer,2,,#C C picks up the rod with his right hand.,Logistics step involving picking up an object.,r001,Mechanical Repair,,,255.5080996,aa3aa45a-ab0a-4f3e-9629-ed8e8e68b533
Object Transfer,2,,#C C inserts the rod into the bicycle's rim.,"The action involves inserting an object, which is a logistics step.",r001,Mechanical Repair,,,256.0603696,aa3aa45a-ab0a-4f3e-9629-ed8e8e68b533
Object Transfer,2,,#C C carries the bicycle's rim with both hands,Logistics step involving carrying an object.,r001,Mechanical Repair,,,287.38102095466337,aa3aa45a-ab0a-4f3e-9629-ed8e8e68b533
Essential Operation,2,,#C C turns the bench clamp handle with his right hand.,Core manual task involving high hand activity.,r001,Mechanical Repair,,,289.6762709546634,aa3aa45a-ab0a-4f3e-9629-ed8e8e68b533
Object Transfer,2,,#C C removes cartons from the drawer,Logistics step involving picking up and removing objects.,r001,Mechanical Repair,,,9.0160486,aa511570-9be0-42b7-a485-673478ae6f25
Object Transfer,2,,#C C removes books from the shelf,Logistics step involving picking up and moving objects.,r001,Mechanical Repair,,,124.2456386,aa511570-9be0-42b7-a485-673478ae6f25
Object Transfer,2,,#C C arranges cartons on the shelf,Logistics step involving moving objects to a location.,r001,Mechanical Repair,,,246.8146786,aa511570-9be0-42b7-a485-673478ae6f25
Object Transfer,2,,#C C puts the carton on the shelf,Logistics step involving moving an object to a location.,r001,Mechanical Repair,,,398.50866915924007,aa511570-9be0-42b7-a485-673478ae6f25
Object Transfer,2,,#C C moves the picture frame,Moving an object from one place to another.,r001,Mechanical Repair,,,508.11688915924,aa511570-9be0-42b7-a485-673478ae6f25
Locomotion,2,,#C C lifts a wall clock,"Body movement through space, likely involving significant body acceleration.",r001,Mechanical Repair,,,558.2861040931641,aa511570-9be0-42b7-a485-673478ae6f25
Object Transfer,2,,#C C flips some sheets with his left hand.,Logistics action involving the manipulation of sheets.,r001,Desk Work,,,37.1151196,aa57f76c-7a21-4bc3-a1b0-509eb727943b
Object Transfer,2,,#C C drops the blue pen on the desk.,"[CtxFixed] The action of dropping the blue pen onto the desk is a deliberate placement, which fits the criteria for 'Object Transfer'.",r001,Desk Work,,,118.4599096,aa57f76c-7a21-4bc3-a1b0-509eb727943b
Search,2,,#C C looks up at the monitor.,"Visual search or monitoring, head movement involved.",r001,Desk Work,,,120.8673696,aa57f76c-7a21-4bc3-a1b0-509eb727943b
Object Transfer,2,,#C C picks the black pen on the book.,"Logistics step, picking up an object.",r001,Desk Work,,,133.1004396,aa57f76c-7a21-4bc3-a1b0-509eb727943b
Object Transfer,2,,#C C picks the blue pen.,Logistics/Setup step involving picking up an object.,r001,Desk Work,,,278.6417796,aa57f76c-7a21-4bc3-a1b0-509eb727943b
Object Transfer,2,,#C C moves the blue pen.,Logistics step involving moving an object (pen).,r001,Desk Work,,,297.2005009546634,aa57f76c-7a21-4bc3-a1b0-509eb727943b
Object Transfer,2,,#C C drops the blue pen.,"[CtxFixed] The action of dropping the blue pen is a deliberate placement of the object onto a surface, which fits the criteria for 'Object Transfer'.",r001,Desk Work,,,350.1562309546634,aa57f76c-7a21-4bc3-a1b0-509eb727943b
Essential Operation,2,,#C C flips the book page.,Core manual task involving hand movement to flip a page.,r001,Desk Work,,,414.7504509546634,aa57f76c-7a21-4bc3-a1b0-509eb727943b
Object Transfer,2,,#C C drops the book.,"[CtxFixed] The action of dropping the book is a deliberate placement of the object onto a surface, which fits the criteria for 'Object Transfer'.",r001,Desk Work,,,417.9555409546634,aa57f76c-7a21-4bc3-a1b0-509eb727943b
Essential Operation,2,,#C C operates the laptop with his right hand..,Core manual task involving high hand activity.,r001,Desk Work,,,469.7496609546634,aa57f76c-7a21-4bc3-a1b0-509eb727943b
Essential Operation,2,,#C C writes with the blue pen.,Core task involving fine hand movements.,r001,Desk Work,,,612.5491809546634,aa57f76c-7a21-4bc3-a1b0-509eb727943b
Object Transfer,2,,#C C picks the first pen with her right hand.,Logistics step of picking up an object.,r001,Desk Work,,,829.0295409546634,aa57f76c-7a21-4bc3-a1b0-509eb727943b
Object Transfer,2,,#C C puts a weight plate on the floor,Logistics step involving moving an object from one place to another.,r001,Desk Work,,,358.84849864583333,aa873f4c-8100-46fb-83ee-036f908bfa0e
Object Transfer,2,,#C C picks a weight plate from the floor,Logistics step involving picking up an object.,r001,Desk Work,,,385.0383486458333,aa873f4c-8100-46fb-83ee-036f908bfa0e
Object Transfer,2,,#C C puts the weight lifter on the floor,"Action involves moving an object, resulting in short bursts of hand acceleration.",r001,Desk Work,,,776.0255321677084,aa873f4c-8100-46fb-83ee-036f908bfa0e
Essential Operation,2,,#C C lifts the dumbbells,Core task involving high hand activity.,r001,Desk Work,,,1043.3212852294243,aa873f4c-8100-46fb-83ee-036f908bfa0e
Locomotion,2,,#C C does the push up workout,"Body moving through space, involves physical exertion and movement.",r001,Desk Work,,,1179.2209862529949,aa873f4c-8100-46fb-83ee-036f908bfa0e
Search,2,,#C C looks at the television,"Head movement (visual focus), hands mostly still.",r001,Desk Work,,,1220.1067562529947,aa873f4c-8100-46fb-83ee-036f908bfa0e
Object Transfer,2,,#C C takes a barbell,"Taking an object, involves picking up and moving an item.",r001,Desk Work,,,1254.432516252995,aa873f4c-8100-46fb-83ee-036f908bfa0e
Stationary,2,,#C C holds the weights,"Holding weights involves minimal movement, indicating a stationary activity.",r001,Desk Work,,,1486.8801763557265,aa873f4c-8100-46fb-83ee-036f908bfa0e
Locomotion,2,,#C C moves around the room,"Body moving through space, likely involves walking or moving.",r001,Desk Work,,,1926.208047003184,aa873f4c-8100-46fb-83ee-036f908bfa0e
Object Transfer,2,,#C C removes the weights from the main weight,Logistics step involving the removal of objects.,r001,Desk Work,,,1939.533477003184,aa873f4c-8100-46fb-83ee-036f908bfa0e
Object Transfer,2,,#C C fixes the weights,"[CtxFixed] The action of fixing the weights likely involves the deliberate placement or adjustment of the weights, which falls under the category of Object Transfer.",r001,Desk Work,,,1942.267277003184,aa873f4c-8100-46fb-83ee-036f908bfa0e
Object Transfer,2,,#C C puts the weight lifting rod on the floor,Logistics step of placing an object.,r001,Desk Work,,,2234.971402919662,aa873f4c-8100-46fb-83ee-036f908bfa0e
Object Transfer,2,,#C C picks the bowl of plants.,"Logistics step, picking up an object.",r001,Carpentry,,,173.71272,aca5bc6f-ae4f-46de-8245-388bda763b9f
Object Transfer,2,,#C C picks a cup of fertilizer. #unsure,Logistics step involving picking up an object.,r001,Carpentry,,,315.89635,aca5bc6f-ae4f-46de-8245-388bda763b9f
Object Transfer,2,,#C C picks the plants from the tray.,Logistics step involving picking up objects.,r001,Carpentry,,,397.22798,aca5bc6f-ae4f-46de-8245-388bda763b9f
Object Transfer,2,,#C C drops the bowl of plants on the table.,Refined via regex fallback,r001,Carpentry,,,496.6442,aca5bc6f-ae4f-46de-8245-388bda763b9f
Object Transfer,2,,#C C puts the plants in the bowl.,"Logistics step, moving objects from one place to another.",r001,Carpentry,,,517.43384,aca5bc6f-ae4f-46de-8245-388bda763b9f
Stationary,2,,#C C pulls his shirt.,The action of pulling a shirt is typically done while standing in one place with minimal body movement.,r001,Carpentry,,,530.71702,aca5bc6f-ae4f-46de-8245-388bda763b9f
Locomotion,2,,#C C pulls a tray with a plant in it.,"Movement of the body through space, likely involves pulling an object which implies significant body motion.",r001,Carpentry,,,671.5722833333333,aca5bc6f-ae4f-46de-8245-388bda763b9f
Object Transfer,2,,#C C pulls a trash bin.,"The action involves moving an object (trash bin), which is a logistics step.",r001,Carpentry,,,699.3768033333333,aca5bc6f-ae4f-46de-8245-388bda763b9f
Object Transfer,2,,#C C moves the trash bin.,Moving an object from one location to another.,r001,Carpentry,,,705.8527633333333,aca5bc6f-ae4f-46de-8245-388bda763b9f
Stationary,2,,#C C holds the door and weighing scale.,The action describes holding an object without any significant movement.,r001,Carpentry,,,720.7172433333333,aca5bc6f-ae4f-46de-8245-388bda763b9f
Object Transfer,2,,#C C drops the fertilizer on the floor.,Refined via regex fallback,r001,Carpentry,,,754.0177733333334,aca5bc6f-ae4f-46de-8245-388bda763b9f
Object Transfer,2,,#C C picks the cauliflower,Logistics step of picking an object.,r001,Cooking,,,106.9730886,adf4d8c5-2c49-4d25-9a20-7dc29bbda0ce
Essential Operation,2,,#C C removes the flesh from the pepper,Core task involving high hand activity.,r001,Cooking,,,153.1460086,adf4d8c5-2c49-4d25-9a20-7dc29bbda0ce
Essential Operation,2,,#C C chops the cauliflower,Core task involving repetitive hand movements.,r001,Cooking,,,264.9343986,adf4d8c5-2c49-4d25-9a20-7dc29bbda0ce
Object Transfer,2,,#C C places the knife on the countertop.,Logistics/Setup step.,r001,Cooking,,,292.8634073123536,adf4d8c5-2c49-4d25-9a20-7dc29bbda0ce
Stationary,2,,#C C holds a microwave.,"Low body/hand motion, holding an object.",r001,Cooking,,,315.90188731235367,adf4d8c5-2c49-4d25-9a20-7dc29bbda0ce
Essential Operation,2,,#C C rinses the fish fillet.,Core task involving hand activity in a repetitive motion.,r001,Cooking,,,336.1847973123536,adf4d8c5-2c49-4d25-9a20-7dc29bbda0ce
Essential Operation,2,,#C C sprinkles #unsure,Core task involving fine hand movements.,r001,Cooking,,,354.18845731235365,adf4d8c5-2c49-4d25-9a20-7dc29bbda0ce
Essential Operation,2,,#C C spreads #Unsure on the fish fillet.,"Core task involving manual application, high hand activity.",r001,Cooking,,,379.3747773123537,adf4d8c5-2c49-4d25-9a20-7dc29bbda0ce
Essential Operation,2,,#C C scoops flour with the spoon.,Core task involving high hand activity.,r001,Cooking,,,416.8699573123537,adf4d8c5-2c49-4d25-9a20-7dc29bbda0ce
Stationary,2,,#C C holds the frying pan handle.,"Low body/hand motion, holding position.",r001,Cooking,,,422.6424873123536,adf4d8c5-2c49-4d25-9a20-7dc29bbda0ce
Stationary,2,,#C C turns the fish fillet on the plate.,"Minimal movement, primarily involving hand manipulation with the plate remaining stationary.",r001,Cooking,,,434.6920373123537,adf4d8c5-2c49-4d25-9a20-7dc29bbda0ce
Object Transfer,2,,#C C puts the frying pan on the stove.,Logistics step involving picking up and placing the pan.,r001,Cooking,,,476.1376873123537,adf4d8c5-2c49-4d25-9a20-7dc29bbda0ce
Object Transfer,2,,#C C lifts the frying pan.,"Lifting an object, involves a short burst of hand acceleration.",r001,Cooking,,,482.53895731235366,adf4d8c5-2c49-4d25-9a20-7dc29bbda0ce
Search,2,,#C C rotates #Unsure with her hand on the bowl.,"Head or hand movement (visual search/monitoring), hands mostly still.",r001,Cooking,,,574.7625076136719,adf4d8c5-2c49-4d25-9a20-7dc29bbda0ce
Stationary,2,,#C C holds the saucepan's handle.,"Low body/hand motion, holding an object without moving.",r001,Cooking,,,720.6354576136719,adf4d8c5-2c49-4d25-9a20-7dc29bbda0ce
Object Transfer,2,,#C C puts the cooking spoon on the fish fillet in the pan.,"Logistics step, moving the spoon to the pan.",r001,Cooking,,,722.7946176136719,adf4d8c5-2c49-4d25-9a20-7dc29bbda0ce
Stationary,2,,#C C places her hand on the cabinet.,"Low body/hand motion, likely holding position.",r001,Cooking,,,763.4481176136719,adf4d8c5-2c49-4d25-9a20-7dc29bbda0ce
Stationary,2,,#C C covers the food.,"Low body/hand motion, likely involves a brief, static action.",r001,Cooking,,,767.565847613672,adf4d8c5-2c49-4d25-9a20-7dc29bbda0ce
Essential Operation,2,,#C C turns the fish fillet.,"Core task involving manipulation, high hand activity.",r001,Cooking,,,787.751317613672,adf4d8c5-2c49-4d25-9a20-7dc29bbda0ce
Essential Operation,2,,#C C presses the fish fillet.,Core task involving manual manipulation with high hand activity.,r001,Cooking,,,794.7085876136719,adf4d8c5-2c49-4d25-9a20-7dc29bbda0ce
Stationary,2,,#C C pulls #unsure,"Unclear action, likely low energy and stationary.",r001,Cooking,,,804.5990476136719,adf4d8c5-2c49-4d25-9a20-7dc29bbda0ce
Stationary,2,,#C C lifts #unsure,"The action is ambiguous and lacks specific motion details, suggesting a pause or preparation phase.",r001,Cooking,,,805.5582676136719,adf4d8c5-2c49-4d25-9a20-7dc29bbda0ce
Stationary,2,,#C C holds the fish fillet with the slotted spatula.,Holding an object without significant movement.,r001,Cooking,,,828.3418649378907,adf4d8c5-2c49-4d25-9a20-7dc29bbda0ce
Object Transfer,2,,#C C puts the slotted spatula on the fish fillet.,Logistics step involving picking up and placing the spatula.,r001,Cooking,,,834.8285049378906,adf4d8c5-2c49-4d25-9a20-7dc29bbda0ce
Object Transfer,2,,#C C closes the frying pan with a lid.,Logistics action involving closing an object with a lid.,r001,Cooking,,,855.1301949378906,adf4d8c5-2c49-4d25-9a20-7dc29bbda0ce
Object Transfer,2,,#C C opens the bottle can.,Logistics/Setup step (opening an object).,r001,Cooking,,,896.8954849378906,adf4d8c5-2c49-4d25-9a20-7dc29bbda0ce
Stationary,2,,#C C lifts the slotted spatula slightly.,"Minimal body movement, primarily hand activity which is slight and not indicative of a core task, transfer, or search.",r001,Cooking,,,932.4284449378906,adf4d8c5-2c49-4d25-9a20-7dc29bbda0ce
Object Transfer,2,,#C C puts the electrical kettle on it's base.,Logistics/Setup step involving placing an object.,r001,Cooking,,,939.2825649378906,adf4d8c5-2c49-4d25-9a20-7dc29bbda0ce
Object Transfer,2,,#C C picks his phone.,"Action involves picking up an object, which is a logistics step.",r001,Cooking,,,1060.1966849378905,adf4d8c5-2c49-4d25-9a20-7dc29bbda0ce
Object Transfer,2,,#C C opens a cabinet under a sink with his left hand.,Logistics step involving opening a cabinet.,r001,Cleaning,,,37.9373596,aea15e04-4b56-4e8e-a58c-427c6105deb7
Locomotion,2,,#C C pushes the waste bin on the floor with his both hands.,Body moving through space with high body acceleration.,r001,Cleaning,,,48.3958296,aea15e04-4b56-4e8e-a58c-427c6105deb7
Object Transfer,2,,#C C removes a trash bag from the dustbin with his right hand..,Logistics step involving picking up and removing an object.,r001,Cleaning,,,64.1196796,aea15e04-4b56-4e8e-a58c-427c6105deb7
Locomotion,2,,#C C steps out of the room to a hallway.,"Movement through space, indicative of walking or stepping.",r001,Cleaning,,,91.7563796,aea15e04-4b56-4e8e-a58c-427c6105deb7
Locomotion,2,,#C C walks down the hallway.,"Body moving through space, indicative of walking.",r001,Cleaning,,,93.7189096,aea15e04-4b56-4e8e-a58c-427c6105deb7
Stationary,2,,#C C flushes the toilet,"Low body/hand motion, mostly a single action (flushing).",r001,Cleaning,,,13.4035586,b1076795-4132-40a4-add7-259006b85b18
Object Transfer,2,,#C C puts down the soap bottle,"Logistics step, putting down an object.",r001,Cleaning,,,76.9930886,b1076795-4132-40a4-add7-259006b85b18
Essential Operation,2,,#C C cuts the tissue,Core task involving manual activity with the hands.,r001,Cleaning,,,132.69117859999997,b1076795-4132-40a4-add7-259006b85b18
Object Transfer,2,,#C C takes the spray bottle,Logistics/Setup step.,r001,Cleaning,,,144.5716886,b1076795-4132-40a4-add7-259006b85b18
Object Transfer,2,,#C C takes the soap bottle,Logistics step involving picking up the soap bottle.,r001,Cleaning,,,214.7965886,b1076795-4132-40a4-add7-259006b85b18
Object Transfer,2,,#C C arranges the items on the tray,"Logistics of arranging items, involves picking up and placing down objects.",r001,Cleaning,,,305.548042915034,b1076795-4132-40a4-add7-259006b85b18
Locomotion,2,,#C C walks towards the chair,Body moving through space (walking).,r001,Cleaning,,,330.809232915034,b1076795-4132-40a4-add7-259006b85b18
Essential Operation,2,,#C C cleans the floor with the mop,Core manual task involving high hand activity.,r001,Cleaning,,,536.967122915034,b1076795-4132-40a4-add7-259006b85b18
Locomotion,2,,#C C lifts up the mop,"Body moving through space (lifting), high body acceleration.",r001,Cleaning,,,539.421232915034,b1076795-4132-40a4-add7-259006b85b18
Locomotion,2,,#C C turns around the pavement,"Body moving through space, involves walking.",r001,Walking Outdoors,,,567.5656221677084,b32e179a-99b4-4214-9740-f6d5d4c6f4dc
Locomotion,2,,#C C walks across the road,"Body moving through space, indicative of walking.",r001,Walking Outdoors,,,734.4674921677083,b32e179a-99b4-4214-9740-f6d5d4c6f4dc
Locomotion,2,,#C C Moves the guitar,Body moving through space to relocate the guitar.,r001,Mechanical Repair,,,384.1917023648412,b6b4f7a1-f3ec-425c-93eb-acc931acb2b5
Object Transfer,2,,#C C Places down the box,Logistics step involving placing down an object.,r001,Mechanical Repair,,,415.8282023648411,b6b4f7a1-f3ec-425c-93eb-acc931acb2b5
Object Transfer,2,,#C C Places the short inside the drawer,Logistics step involving placing an object.,r001,Mechanical Repair,,,488.0265123648411,b6b4f7a1-f3ec-425c-93eb-acc931acb2b5
Object Transfer,2,,#C C Picks the trouser from the floor,"Logistics step, picking up an object.",r001,Mechanical Repair,,,568.2246521677084,b6b4f7a1-f3ec-425c-93eb-acc931acb2b5
Locomotion,2,,#C C approaches scooter bike in parking,Movement through space to reach an object.,r001,Cleaning,,,41.77527,bb4a305f-c76c-420a-9acf-a020c535e742
Locomotion,2,,#C C climbs scooter,"Body moving through space, likely involves significant body acceleration.",r001,Cleaning,,,65.21826,bb4a305f-c76c-420a-9acf-a020c535e742
Locomotion,2,,#C C reverses scooter,"Body moving through space, likely involves significant body acceleration.",r001,Cleaning,,,70.18541,bb4a305f-c76c-420a-9acf-a020c535e742
Object Transfer,2,,#C C gets key out of scooter,Logistics step involving picking up or removing an object.,r001,Cleaning,,,176.99117,bb4a305f-c76c-420a-9acf-a020c535e742
Locomotion,2,,#C C pushes door,Body moving through space to open a path.,r001,Cleaning,,,213.95577,bb4a305f-c76c-420a-9acf-a020c535e742
Essential Operation,2,,#C C rubs cat with hand on floor,Core manual task involving high hand activity.,r001,Cleaning,,,243.96903,bb4a305f-c76c-420a-9acf-a020c535e742
Locomotion,2,,#C C walks from cat to stand in room,Body moving through space (walking).,r001,Cleaning,,,284.87033,bb4a305f-c76c-420a-9acf-a020c535e742
Essential Operation,2,,#C C folds cat food pack opening,"Core manual task involving hands, likely high hand acceleration.",r001,Cleaning,,,371.68931,bb4a305f-c76c-420a-9acf-a020c535e742
Essential Operation,2,,#C C wipes cat fur with hand,Core task involving high hand activity.,r001,Cleaning,,,581.4552633333333,bb4a305f-c76c-420a-9acf-a020c535e742
Essential Operation,2,,#C C wipes fur from cat with hand,Core task involving manual activity with the hand.,r001,Cleaning,,,669.8815833333333,bb4a305f-c76c-420a-9acf-a020c535e742
Object Transfer,2,,#C C collects fur,Logistics step of picking up or collecting an object.,r001,Cleaning,,,748.8726233333333,bb4a305f-c76c-420a-9acf-a020c535e742
Locomotion,2,,#C C carries brush broom and dustpan leant on toilet wall to living room,"Body moving through space with an object, indicative of carrying.",r001,Cleaning,,,776.1524433333334,bb4a305f-c76c-420a-9acf-a020c535e742
Object Transfer,2,,#C C drops dolly back on table in room,Refined via regex fallback,r001,Cleaning,,,857.9258833333333,bb4a305f-c76c-420a-9acf-a020c535e742
Locomotion,2,,#C C sweeps dirt in one place on floor,"Movement of the body through space while performing a task, involving sweeping which includes body movement.",r001,Cleaning,,,1058.3557833333334,bb4a305f-c76c-420a-9acf-a020c535e742
Essential Operation,2,,#C C cleans floor with broom,Core manual task involving high hand activity.,r001,Cleaning,,,1136.3097366666666,bb4a305f-c76c-420a-9acf-a020c535e742
Locomotion,2,,#C C carries dustpan to kitchen door,Movement through space with an object.,r001,Cleaning,,,1224.2363766666667,bb4a305f-c76c-420a-9acf-a020c535e742
Object Transfer,2,,#C C picks broom leant on countertop,Logistics step involving picking up an object.,r001,Cleaning,,,1365.5932166666666,bb4a305f-c76c-420a-9acf-a020c535e742
Object Transfer,2,,#C C hooks dustpan on broom handle on way in room,Logistics step involving picking up and attaching the dustpan to the broom.,r001,Cleaning,,,1367.1775466666668,bb4a305f-c76c-420a-9acf-a020c535e742
Stationary,2,,#C C caresses cat,"Low body/hand motion, gentle interaction.",r001,Cleaning,,,1467.7197666666666,bb4a305f-c76c-420a-9acf-a020c535e742
Stationary,2,,#C C gesture calls cat,"Low body/hand motion, likely involves minimal movement.",r001,Cleaning,,,1634.313786,bb4a305f-c76c-420a-9acf-a020c535e742
Locomotion,2,,#C C stands from couch,"Body moving through space, standing up.",r001,Cleaning,,,1939.02972,bb4a305f-c76c-420a-9acf-a020c535e742
Stationary,2,,#C C lays on the couch,"Low body/hand motion, resting position.",r001,Cleaning,,,1954.74605,bb4a305f-c76c-420a-9acf-a020c535e742
Locomotion,2,,#O person B walks forward on the pavement.,"Body moving through space, indicative of walking.",r001,Walking Outdoors,,,67.81665,bff96138-791e-45ba-a91f-a90572cca444
Locomotion,2,,#O person B crosses the road.,"Body moving through space, indicative of walking.",r001,Walking Outdoors,,,126.16928,bff96138-791e-45ba-a91f-a90572cca444
Stationary,2,,#O person B holds water bottle by left hand.,"The action describes holding a water bottle, which indicates a low energy, stationary state rather than movement or a core task.",r001,Walking Outdoors,,,153.11085,bff96138-791e-45ba-a91f-a90572cca444
Stationary,2,,#C C raises her hand to #unsure,"Low body/hand motion, indicates a pause or uncertainty.",r001,Cooking,,,3.851045266666667,c5851c24-4ae3-4430-b867-f43800f0f56e
Stationary,2,,#C C stands at the fridge.,"Low body/hand motion, indicating a pause or waiting.",r001,Cooking,,,23.711495266666667,c5851c24-4ae3-4430-b867-f43800f0f56e
Essential Operation,2,,#C C peels the potato with the knife.,Core task involving manual dexterity and repetitive hand movements.,r001,Cooking,,,93.95090526666668,c5851c24-4ae3-4430-b867-f43800f0f56e
Object Transfer,2,,#C C drops the potato peel on a chop board.,Jerky/Failure motion.,r001,Cooking,,,95.87305526666668,c5851c24-4ae3-4430-b867-f43800f0f56e
Object Transfer,2,,#C C drops the potato peels on the chop board.,"[CtxFixed] The action of dropping the potato peels on the chopping board is a deliberate placement of an object, which fits the definition of 'Object Transfer'.",r001,Cooking,,,177.24142526666665,c5851c24-4ae3-4430-b867-f43800f0f56e
Search,2,,#C C rotates the potato in hand.,Head and hand movement indicating a visual search or inspection.,r001,Cooking,,,192.46040526666667,c5851c24-4ae3-4430-b867-f43800f0f56e
Search,2,,#C C rotates the potato on the chop board.,Head and hand movement focused on a specific task (visual inspection/monitoring).,r001,Cooking,,,268.84241526666665,c5851c24-4ae3-4430-b867-f43800f0f56e
Essential Operation,2,,#C C cuts the potato into half.,"Core task, high hand activity.",r001,Cooking,,,278.8564952666667,c5851c24-4ae3-4430-b867-f43800f0f56e
Object Transfer,2,,#C C places the Irish potatoes slices in a pan,Logistics step of placing items.,r001,Cooking,,,329.6282652666667,c5851c24-4ae3-4430-b867-f43800f0f56e
Locomotion,2,,#C C moves back to the cooker,"Movement through space, likely involves walking or moving the body.",r001,Cooking,,,359.22442526666663,c5851c24-4ae3-4430-b867-f43800f0f56e
Object Transfer,2,,#C C clovers the pan on the cooker with the lid,"Logistics step, moving the lid to the pan.",r001,Cooking,,,404.4385352666666,c5851c24-4ae3-4430-b867-f43800f0f56e
Object Transfer,2,,#C C picks potato skin,Logistics step involving picking up an object.,r001,Cooking,,,563.5524852666667,c5851c24-4ae3-4430-b867-f43800f0f56e
Essential Operation,2,,#C C slices potato skins,Core task involving precise hand movements.,r001,Cooking,,,569.2851552666667,c5851c24-4ae3-4430-b867-f43800f0f56e
Object Transfer,2,,#C C drops potato skin,"[CtxFixed] The action of dropping the potato skin is a deliberate placement onto a surface, which fits the criteria for 'Object Transfer'.",r001,Cooking,,,652.9366252666667,c5851c24-4ae3-4430-b867-f43800f0f56e
Essential Operation,2,,#C C touches dough,"Core manual task involving hands, indicative of high hand acceleration and irregular motion.",r001,Cooking,,,742.5203952666667,c5851c24-4ae3-4430-b867-f43800f0f56e
Essential Operation,2,,#C C touches potato skin,Core manual task involving hand activity.,r001,Cooking,,,753.7873852666668,c5851c24-4ae3-4430-b867-f43800f0f56e
Object Transfer,2,,#C C pulls dishwasher,"Logistics/moving the dishwasher, likely involves picking up and moving the appliance.",r001,Cooking,,,881.2492852666667,c5851c24-4ae3-4430-b867-f43800f0f56e
Stationary,2,,#O A man Y closes oven,Closing an oven is a brief action followed by a stationary state.,r001,Cooking,,,948.0369352666668,c5851c24-4ae3-4430-b867-f43800f0f56e
Object Transfer,2,,#O A man Y opens oven,Opening an oven is a logistics step involving the manipulation of an object.,r001,Cooking,,,950.2974752666668,c5851c24-4ae3-4430-b867-f43800f0f56e
Object Transfer,2,,#O A man Y picks snacks,"The action involves picking up objects, which is a logistics step.",r001,Cooking,,,960.6653852666668,c5851c24-4ae3-4430-b867-f43800f0f56e
Object Transfer,2,,#C C opens pot,"Opening an object, which involves logistics and setup.",r001,Cooking,,,992.4822052666668,c5851c24-4ae3-4430-b867-f43800f0f56e
Search,2,,#C C Looks at the gas cooker,"Head movement (visual inspection), hands mostly still.",r001,Cooking,,,1159.5983552666669,c5851c24-4ae3-4430-b867-f43800f0f56e
Essential Operation,2,,#C C Closes a tap of water,Closing a tap involves a core manual task with focused hand activity.,r001,Cooking,,,1203.0241352666667,c5851c24-4ae3-4430-b867-f43800f0f56e
Object Transfer,2,,#C C Puts down an orange,Logistics step involving the placement of an object.,r001,Cooking,,,1219.1123452666666,c5851c24-4ae3-4430-b867-f43800f0f56e
Object Transfer,2,,#C C Moves a chopping board,Logistics step involving moving an object.,r001,Cooking,,,1228.1553052666666,c5851c24-4ae3-4430-b867-f43800f0f56e
Object Transfer,2,,#C C Puts down orange on a chopping board,Logistics step involving picking up and putting down an object.,r001,Cooking,,,1231.1396152666666,c5851c24-4ae3-4430-b867-f43800f0f56e
Object Transfer,2,,#C C Picks an orange,Logistics step involving picking up an object.,r001,Cooking,,,1238.569715266667,c5851c24-4ae3-4430-b867-f43800f0f56e
Object Transfer,2,,#C C Puts down a food container,Logistics step involving the placement of an object.,r001,Cooking,,,1336.1505552666663,c5851c24-4ae3-4430-b867-f43800f0f56e
Object Transfer,2,,#C C Puts down a lid,Logistics step involving placing an object.,r001,Cooking,,,1338.6635352666665,c5851c24-4ae3-4430-b867-f43800f0f56e
Object Transfer,2,,#O Man A takes fork,Logistics/Setup step (pick up).,r001,Cooking,,,1470.9720052666669,c5851c24-4ae3-4430-b867-f43800f0f56e
Stationary,2,,#O Man A spits seeds,"Low body/hand motion, momentary action.",r001,Cooking,,,1485.5147652666667,c5851c24-4ae3-4430-b867-f43800f0f56e
Stationary,2,,#O Man A touches his cheek,"Low body/hand motion, likely idle or thinking.",r001,Cooking,,,1530.452275266667,c5851c24-4ae3-4430-b867-f43800f0f56e
Essential Operation,2,,#C C eats watermelon,Core manual task involving hands with high activity.,r001,Cooking,,,1557.6848252666666,c5851c24-4ae3-4430-b867-f43800f0f56e
Stationary,2,,#O A man X operates laptop,"Typically involves minimal body movement and focused hand activity, which can be categorized as low energy.",r001,Cooking,,,1638.6451319333332,c5851c24-4ae3-4430-b867-f43800f0f56e
Object Transfer,2,,#O A man X picks food,Logistics action involving picking up an object.,r001,Cooking,,,1652.2694919333333,c5851c24-4ae3-4430-b867-f43800f0f56e
Essential Operation,2,,#O A man X operates laptop,"Core task involving manual operation, likely typing or interacting with the laptop.",r001,Cooking,,,1720.7308919333334,c5851c24-4ae3-4430-b867-f43800f0f56e
Search,2,,#C C looks around the table,"Head movement (visual search), hands mostly still.",r001,Cooking,,,1740.941291933333,c5851c24-4ae3-4430-b867-f43800f0f56e
Object Transfer,2,,#C C picks fruit,Logistics step involving picking up an object.,r001,Cooking,,,1764.0472619333334,c5851c24-4ae3-4430-b867-f43800f0f56e
Object Transfer,2,,#C C drops fruit seed on the lid,"[CtxFixed] The action involves deliberately placing an object (fruit seed) onto a surface (lid), which fits the criteria for Object Transfer.",r001,Cooking,,,1788.0377219333334,c5851c24-4ae3-4430-b867-f43800f0f56e
Object Transfer,2,,#C C feeds O A man X fruit,"The action involves transferring the fruit to another person, which is a logistics step.",r001,Cooking,,,1809.7295019333333,c5851c24-4ae3-4430-b867-f43800f0f56e
Stationary,2,,#C C eats fruit,"Low body/hand motion, eating is generally a stationary activity.",r001,Cooking,,,1820.8340019333327,c5851c24-4ae3-4430-b867-f43800f0f56e
Stationary,2,,#C C puts towel down,"Setting up the environment, minimal body motion.",r001,Cooking,,,1926.2146519333328,c5851c24-4ae3-4430-b867-f43800f0f56e
Essential Operation,2,,#C C presses on stove,"Core task involving manual operation on the stove, high hand activity.",r001,Cooking,,,1969.7007119333327,c5851c24-4ae3-4430-b867-f43800f0f56e
Stationary,2,,#O man S moves ha,"Low body/hand motion, possibly indicating a pause or conversation.",r001,Cooking,,,2027.932461933333,c5851c24-4ae3-4430-b867-f43800f0f56e
Stationary,2,,#O man S uses laptop,"Low body/hand motion, likely involves sitting or standing still while using the laptop.",r001,Cooking,,,2098.588881933333,c5851c24-4ae3-4430-b867-f43800f0f56e
Stationary,2,,#O man S uses mouse,"Low body/hand motion, likely using a computer mouse.",r001,Cooking,,,2144.8027686,c5851c24-4ae3-4430-b867-f43800f0f56e
Object Transfer,2,,#C C puts dish container down,Logistics step involving the placement of an object.,r001,Cooking,,,2230.7667386000003,c5851c24-4ae3-4430-b867-f43800f0f56e
Stationary,2,,#C C presses buttons on the cooker,"Low body/hand motion, mostly pressing buttons which involves minimal movement.",r001,Cooking,,,2286.5697586,c5851c24-4ae3-4430-b867-f43800f0f56e
Locomotion,2,,#C C walks behind man K,"Movement through space, indicative of walking.",r001,Cooking,,,2426.9656386,c5851c24-4ae3-4430-b867-f43800f0f56e
Stationary,2,,#C C touches man Y,"Low body/hand motion, likely involves touch with minimal movement.",r001,Cooking,,,2492.5817786,c5851c24-4ae3-4430-b867-f43800f0f56e
Object Transfer,2,,#C C moves sachet up,"Logistics step, moving an object.",r001,Cooking,,,2501.4065986,c5851c24-4ae3-4430-b867-f43800f0f56e
Stationary,2,,#C C holds folk with both hands,"Low body/hand motion, holding an object without moving.",r001,Cooking,,,2512.3328886000004,c5851c24-4ae3-4430-b867-f43800f0f56e
Essential Operation,2,,#C C pours ingredient in the cup,Core task involving active hand movement.,r001,Cooking,,,2536.5062186,c5851c24-4ae3-4430-b867-f43800f0f56e
Essential Operation,2,,#C C stirs the soup,Core task involving high hand activity.,r001,Cooking,,,2536.7525486000004,c5851c24-4ae3-4430-b867-f43800f0f56e
Object Transfer,2,,#C C scoops up the soup,Logistics step involving picking up the soup.,r001,Cooking,,,2549.9009186000003,c5851c24-4ae3-4430-b867-f43800f0f56e
Object Transfer,2,,#C C covers the lid,"Logistics step, likely involves picking up and placing the lid.",r001,Cooking,,,2594.4627186,c5851c24-4ae3-4430-b867-f43800f0f56e
Stationary,2,,#C C moves hands up,Movement described is minimal and does not indicate a specific task or significant motion.,r001,Cooking,,,2601.1209086000003,c5851c24-4ae3-4430-b867-f43800f0f56e
Essential Operation,2,,#C C mashes the potatoes,Core manual task involving high hand activity.,r001,Cooking,,,2672.1523386000003,c5851c24-4ae3-4430-b867-f43800f0f56e
Stationary,2,,#C C covers #unsure with the left hand,"Low body/hand motion, likely holding an item in place.",r001,Cooking,,,2768.6064886000004,c5851c24-4ae3-4430-b867-f43800f0f56e
Object Transfer,2,,#C C picks small dish with the left hand,Logistics step involving picking up an object.,r001,Cooking,,,2815.2640386000003,c5851c24-4ae3-4430-b867-f43800f0f56e
Essential Operation,2,,#C C washes hands on the tap,Core manual task involving hand activity.,r001,Cooking,,,2828.4938186000004,c5851c24-4ae3-4430-b867-f43800f0f56e
Essential Operation,2,,#C C scrubs tray with the right finger,Core manual task involving high hand activity.,r001,Cooking,,,2854.5057586000003,c5851c24-4ae3-4430-b867-f43800f0f56e
Object Transfer,2,,#C C picks spoon with the right hand,Logistics step involving picking up an object.,r001,Cooking,,,2888.1769686,c5851c24-4ae3-4430-b867-f43800f0f56e
Object Transfer,2,,#C C picks #unsure with the right hand,"The action involves picking up an object, which is a logistics step.",r001,Cooking,,,2891.1895686000003,c5851c24-4ae3-4430-b867-f43800f0f56e
Essential Operation,2,,#C C pours #unsure on the spoon,Core task involving high hand activity.,r001,Cooking,,,2899.6283686,c5851c24-4ae3-4430-b867-f43800f0f56e
Stationary,2,,#C C holds smashing spoon with the right hand,"Low body/hand motion, holding an object without active manipulation.",r001,Cooking,,,2903.3726886000004,c5851c24-4ae3-4430-b867-f43800f0f56e
Essential Operation,2,,#C C pours #unsure in the #unsure,Core task involving manual activity with hands.,r001,Cooking,,,2913.8691586,c5851c24-4ae3-4430-b867-f43800f0f56e
Object Transfer,2,,#C C places #unsure on the counter top,"Logistics step of placing an object, short burst of hand activity.",r001,Cooking,,,2914.7756486000003,c5851c24-4ae3-4430-b867-f43800f0f56e
Object Transfer,2,,#C C puts spoon in the kitchen sink,Logistics step involving placing an object.,r001,Cooking,,,3049.1885786000003,c5851c24-4ae3-4430-b867-f43800f0f56e
Essential Operation,2,,#C C stirs #unsure in the cup,"Core task involving manual manipulation, likely with high hand acceleration.",r001,Cooking,,,3051.3796486,c5851c24-4ae3-4430-b867-f43800f0f56e
Stationary,2,,#O Man X holds the wipe towel,"Low body/hand motion, holding an object without movement.",r001,Cooking,,,3540.8923086000004,c5851c24-4ae3-4430-b867-f43800f0f56e
Stationary,2,,#C C Puts the left hand on the chest,"Low body/hand motion, indicative of a pause or idle action.",r001,Cooking,,,3644.0910386,c5851c24-4ae3-4430-b867-f43800f0f56e
Stationary,2,,#C C Holds the earphone with the left hand,Holding an object with minimal motion.,r001,Cooking,,,3696.0761186,c5851c24-4ae3-4430-b867-f43800f0f56e
Stationary,2,,#C C Holds the #unsure with hands,"Low body/hand motion, holding an object.",r001,Cooking,,,3699.5136086,c5851c24-4ae3-4430-b867-f43800f0f56e
Stationary,2,,#C C Fixes the #unsure,"[CtxFixed] The action 'Fixes the #unsure' suggests that the person is making adjustments or ensuring the object is in the correct position, which is a stationary action.",r001,Cooking,,,3700.748028600001,c5851c24-4ae3-4430-b867-f43800f0f56e
Essential Operation,2,,#C C Fixes the #unsure,"[CtxFixed] The action of 'Fixing' an object typically involves making adjustments or corrections to its state or position, which is a form of essential operation.",r001,Cooking,,,3705.0075086,c5851c24-4ae3-4430-b867-f43800f0f56e
Locomotion,2,,#C C Walks beside the table,Body moving through space (walking).,r001,Cooking,,,3707.5475486,c5851c24-4ae3-4430-b867-f43800f0f56e
Stationary,2,,#C C Holds the cup,"Low body/hand motion, holding an object.",r001,Cooking,,,3721.529645266666,c5851c24-4ae3-4430-b867-f43800f0f56e
Stationary,2,,#C C Turns the cookies on the tray,The action involves a minor adjustment and is likely done with minimal movement.,r001,Cooking,,,3737.0418552666665,c5851c24-4ae3-4430-b867-f43800f0f56e
Locomotion,2,,#C C Walks toward the cooker,Body moving through space (walking).,r001,Cooking,,,3748.9613752666655,c5851c24-4ae3-4430-b867-f43800f0f56e
Stationary,2,,#C C Holds the lid with the right hand,"Low body/hand motion, holding an object.",r001,Cooking,,,3750.6352052666666,c5851c24-4ae3-4430-b867-f43800f0f56e
Essential Operation,2,,#O man X Cuts the snack,"Core task, high hand activity.",r001,Cooking,,,3844.1362352666665,c5851c24-4ae3-4430-b867-f43800f0f56e
Essential Operation,2,,#C C Cuts the avocado,"Core task, high hand activity.",r001,Cooking,,,3858.8690452666665,c5851c24-4ae3-4430-b867-f43800f0f56e
Object Transfer,2,,#C C Picks food from the stove,Logistics step involving picking up an object.,r001,Cooking,,,3897.0244152666655,c5851c24-4ae3-4430-b867-f43800f0f56e
Object Transfer,2,,#C C Places folk spoon in the plate,Logistics step involving placing an object.,r001,Cooking,,,3930.6067852666665,c5851c24-4ae3-4430-b867-f43800f0f56e
Object Transfer,2,,#C C Places folk spoon on the plate,Logistics step involving placing an object.,r001,Cooking,,,3971.7859852666666,c5851c24-4ae3-4430-b867-f43800f0f56e
Object Transfer,2,,#C C Picks lid from the countertop,"Logistics step, picking up an object.",r001,Cooking,,,3972.754425266666,c5851c24-4ae3-4430-b867-f43800f0f56e
Object Transfer,2,,#C C Places the serving spoon into the cooking pot,Logistics step involving placing an object.,r001,Cooking,,,4076.3559052666665,c5851c24-4ae3-4430-b867-f43800f0f56e
Object Transfer,2,,#C C Picks a salt shaker,Logistics step of picking up an object.,r001,Cooking,,,4082.6029752666655,c5851c24-4ae3-4430-b867-f43800f0f56e
Object Transfer,2,,#C C Removes the food from the spaghetti spoon,Logistics step involving the transfer of an object.,r001,Cooking,,,4120.2406052666665,c5851c24-4ae3-4430-b867-f43800f0f56e
Object Transfer,2,,#C C Drops the spoon on the counter top,Refined via regex fallback,r001,Cooking,,,4122.642275266666,c5851c24-4ae3-4430-b867-f43800f0f56e
Stationary,2,,#C C Removes the shoes,"Removing shoes is typically a low-energy, stationary action.",r001,Cooking,,,4181.907035266666,c5851c24-4ae3-4430-b867-f43800f0f56e
Stationary,2,,#C C Drinks from the bottle,"Drinking involves minimal movement, mostly holding the bottle to the mouth.",r001,Cooking,,,4202.285205266666,c5851c24-4ae3-4430-b867-f43800f0f56e
Locomotion,2,,#O a man Y walks on side walk,Body moving through space (walking).,r001,Walking Outdoors,,,110.12906,caba19ad-381f-4600-8ffe-11b12a6249ca
Search,2,,#C C looks across the road,"Head movement (visual search), hands mostly still.",r001,Walking Outdoors,,,117.6253,caba19ad-381f-4600-8ffe-11b12a6249ca
Search,2,,#O a woman X looks around the houses,"Head movement (visual search), hands mostly still.",r001,Walking Outdoors,,,152.98189,caba19ad-381f-4600-8ffe-11b12a6249ca
Locomotion,2,,#C C walks around the sidewalk,"Body moving through space, high body acceleration.",r001,Walking Outdoors,,,412.33819,caba19ad-381f-4600-8ffe-11b12a6249ca
Stationary,2,,#C C removes bike helmet,The action involves a static activity (removing a helmet) rather than movement or high activity.,r001,Walking Outdoors,,,485.96036,caba19ad-381f-4600-8ffe-11b12a6249ca
Locomotion,2,,#O a woman Y holds bike sit,The action involves movement through space while holding the bike seat.,r001,Walking Outdoors,,,496.78738,caba19ad-381f-4600-8ffe-11b12a6249ca
Locomotion,2,,#C C walks around the bicycles,"Body moving through space, indicative of walking.",r001,Walking Outdoors,,,509.13607,caba19ad-381f-4600-8ffe-11b12a6249ca
Locomotion,2,,#C A man X walks by C.,"Movement through space, indicative of walking.",r001,Mechanical Repair,,,12.31906,cce95cd8-188e-4d6b-996f-07f58fc9d117
Object Transfer,2,,#C C drops the marker on the workshop table.,"[CtxFixed] The action of dropping the marker onto the workshop table can be interpreted as a deliberate placement, which fits the 'Object Transfer' category.",r001,Mechanical Repair,,,84.878,cce95cd8-188e-4d6b-996f-07f58fc9d117
Stationary,2,,#C C holds the bicycle handle with both hands.,"Holding an object with hands, low motion.",r001,Mechanical Repair,,,87.8919,cce95cd8-188e-4d6b-996f-07f58fc9d117
Essential Operation,2,,#C C adjusts the handle with both hands.,Core manual task involving high hand activity.,r001,Mechanical Repair,,,97.09808,cce95cd8-188e-4d6b-996f-07f58fc9d117
Essential Operation,2,,#C C tightens the bolt with the allen key in his right hand.,Core manual task involving high hand activity.,r001,Mechanical Repair,,,127.5329,cce95cd8-188e-4d6b-996f-07f58fc9d117
Object Transfer,2,,#C C passes the first brake hose to his left hand.,"Passing an object from one hand to another, logistics step.",r001,Mechanical Repair,,,188.35695,cce95cd8-188e-4d6b-996f-07f58fc9d117
Search,2,,#C C checks the brake hose with both hands.,"Visual inspection with hands, likely involves checking the condition or position of the brake hose.",r001,Mechanical Repair,,,192.99718,cce95cd8-188e-4d6b-996f-07f58fc9d117
Search,2,,#C C checks the handle with both hands.,Head and hand movement to inspect the handle.,r001,Mechanical Repair,,,221.65562,cce95cd8-188e-4d6b-996f-07f58fc9d117
Search,2,,#C C checks the brake of the bicycle with his right hand.,"Focused visual inspection with hands, indicating a search for issues.",r001,Mechanical Repair,,,284.63351,cce95cd8-188e-4d6b-996f-07f58fc9d117
Stationary,2,,#C C turns the bicycle wheel with his left hand.,"The action involves turning the wheel, which is a localized motion with minimal body movement.",r001,Mechanical Repair,,,311.34404,cce95cd8-188e-4d6b-996f-07f58fc9d117
Object Transfer,2,,#C C drops the marker in a cup on a table with his right hand.,Refined via regex fallback,r001,Mechanical Repair,,,319.62428,cce95cd8-188e-4d6b-996f-07f58fc9d117
Object Transfer,2,,#C C passes the rolled out tape in his right hand to his left hand.,Logistics step involving passing an object between hands.,r001,Mechanical Repair,,,332.08284,cce95cd8-188e-4d6b-996f-07f58fc9d117
Object Transfer,2,,#C C drops the metal strip under the table. #Unsure,"[CtxFixed] The action involves C dropping the metal strip under the table, which is a deliberate placement of an object. This fits the criteria for 'Object Transfer' as it involves moving an object to a specific location.",r001,Mechanical Repair,,,376.92498,cce95cd8-188e-4d6b-996f-07f58fc9d117
Search,2,,#C C looks through the window.,"Head movement (looking through the window), hands mostly still.",r001,Mechanical Repair,,,56.76899,ce19b572-7341-426a-8c2f-fe067344c98d
Locomotion,2,,#O A man J steps forward.,"Movement through space (stepping forward), high body acceleration.",r001,Mechanical Repair,,,326.61627,ce19b572-7341-426a-8c2f-fe067344c98d
Locomotion,2,,#C C pushes the trolley.,"Body moving through space (pushing a trolley), high body acceleration.",r001,Mechanical Repair,,,355.7325,ce19b572-7341-426a-8c2f-fe067344c98d
Search,2,,#C C looks at the shelf.,"Head movement (visual search), hands mostly still.",r001,Mechanical Repair,,,422.62622,ce19b572-7341-426a-8c2f-fe067344c98d
Locomotion,2,,#C C steps forward.,"Movement through space, indicative of walking or stepping.",r001,Mechanical Repair,,,442.4583,ce19b572-7341-426a-8c2f-fe067344c98d
Object Transfer,2,,#C C puts the bag in the trolley.,"The action involves placing an object (bag) into another object (trolley), which is a logistics/transfer step.",r001,Mechanical Repair,,,577.4958733333333,ce19b572-7341-426a-8c2f-fe067344c98d
Locomotion,2,,#C C steps backward.,"Body moving through space, involves stepping which is a form of locomotion.",r001,Mechanical Repair,,,785.6813233333334,ce19b572-7341-426a-8c2f-fe067344c98d
Search,2,,#C C looks at the refrigerator.,"Head movement (visual inspection), hands mostly still.",r001,Mechanical Repair,,,1319.6501366666666,ce19b572-7341-426a-8c2f-fe067344c98d
Locomotion,2,,#O A man I steps forward.,"Body moving through space (step forward), involves high body acceleration.",r001,Mechanical Repair,,,1329.0602766666666,ce19b572-7341-426a-8c2f-fe067344c98d
Search,2,,#C C looks at the packet.,"Head movement (visual inspection), hands mostly still.",r001,Mechanical Repair,,,1361.8172166666666,ce19b572-7341-426a-8c2f-fe067344c98d
Locomotion,2,,#O A man D pushes the trolley.,"Body moving through space, indicative of walking or pushing.",r001,Mechanical Repair,,,1368.4799666666668,ce19b572-7341-426a-8c2f-fe067344c98d
Locomotion,2,,#O A man F steps forward.,"Body moving through space (stepping forward), indicates movement.",r001,Mechanical Repair,,,1413.882836666667,ce19b572-7341-426a-8c2f-fe067344c98d
Locomotion,2,,#O A man D steps forward.,"Body movement through space, indicative of walking or stepping.",r001,Mechanical Repair,,,1639.66506,ce19b572-7341-426a-8c2f-fe067344c98d
Object Transfer,2,,#C C puts the bottles in the trolley.,Logistics step involving picking up and placing objects.,r001,Mechanical Repair,,,1761.43451,ce19b572-7341-426a-8c2f-fe067344c98d
Object Transfer,2,,#C C puts the packets on the counter.,Logistics step involving picking up and placing objects.,r001,Mechanical Repair,,,1817.34682,ce19b572-7341-426a-8c2f-fe067344c98d
Object Transfer,2,,#C C puts the packet on the counter.,Logistics step involving placing an object.,r001,Mechanical Repair,,,1824.19396,ce19b572-7341-426a-8c2f-fe067344c98d
Stationary,2,,#O A lady P appears.,"The action describes a person appearing, which is typically associated with low body and hand motion.",r001,Mechanical Repair,,,1829.29024,ce19b572-7341-426a-8c2f-fe067344c98d
Object Transfer,2,,#O A man H picks the bottle.,"The action involves picking up an object, which is a logistics step.",r001,Mechanical Repair,,,1883.16812,ce19b572-7341-426a-8c2f-fe067344c98d
Locomotion,2,,#O A man E steps forward.,"Body moving through space (step forward), high body acceleration.",r001,Mechanical Repair,,,1936.43479,ce19b572-7341-426a-8c2f-fe067344c98d
Search,2,,#O A man E looks at the card.,"Head movement (visual inspection), hands mostly still.",r001,Mechanical Repair,,,1945.34732,ce19b572-7341-426a-8c2f-fe067344c98d
Object Transfer,2,,#O A man E picks the packets.,"The action involves picking up objects, which is a logistics step.",r001,Mechanical Repair,,,1972.76478,ce19b572-7341-426a-8c2f-fe067344c98d
Object Transfer,2,,#C C puts the packet in the bag.,"Logistics/Setup step, involves picking up and placing an object.",r001,Mechanical Repair,,,1980.81557,ce19b572-7341-426a-8c2f-fe067344c98d
Object Transfer,2,,#C C passes the container to the left hand.,"Passing an object, involves short bursts of hand acceleration.",r001,Mechanical Repair,,,2024.76842,ce19b572-7341-426a-8c2f-fe067344c98d
Object Transfer,2,,#C C puts the box in the bag.,Logistics step involving moving an object from one location to another.,r001,Mechanical Repair,,,2068.36681,ce19b572-7341-426a-8c2f-fe067344c98d
Locomotion,2,,#C C moves the trolley.,"Body moving through space, likely involves pushing or pulling a trolley.",r001,Mechanical Repair,,,2109.94803,ce19b572-7341-426a-8c2f-fe067344c98d
Locomotion,2,,#O A man D moves the trolley.,"Body moving through space, involves movement of a trolley.",r001,Mechanical Repair,,,2184.4954866666667,ce19b572-7341-426a-8c2f-fe067344c98d
Object Transfer,2,,#O A man F puts the items in the bag.,"The action involves placing items into a bag, which is a logistics task.",r001,Mechanical Repair,,,2214.5258166666667,ce19b572-7341-426a-8c2f-fe067344c98d
Object Transfer,2,,#O A man F puts the packet in the bag.,"The action involves putting an object into a bag, which is a logistics step.",r001,Mechanical Repair,,,2226.677786666666,ce19b572-7341-426a-8c2f-fe067344c98d
Object Transfer,2,,#O A man E puts the packet in the bag.,Logistics step involving picking up and putting down the object.,r001,Mechanical Repair,,,2231.827276666667,ce19b572-7341-426a-8c2f-fe067344c98d
Object Transfer,2,,#O A man E puts the bag in the trolley.,Logistics step involving placing an object (bag) into another (trolley).,r001,Mechanical Repair,,,2239.5122066666668,ce19b572-7341-426a-8c2f-fe067344c98d
Stationary,2,,#O A man E moves the hand.,Low body/hand motion as described.,r001,Mechanical Repair,,,2252.6657466666666,ce19b572-7341-426a-8c2f-fe067344c98d
Object Transfer,2,,#O A man F moves the packet.,Moving an object from one location to another.,r001,Mechanical Repair,,,2271.182916666666,ce19b572-7341-426a-8c2f-fe067344c98d
Object Transfer,2,,#O A man F picks the packet.,"The action involves picking up an object, which is a logistics step.",r001,Mechanical Repair,,,2281.0216666666665,ce19b572-7341-426a-8c2f-fe067344c98d
Locomotion,2,,#O A lady H steps forward.,"Body moving through space (step forward), involves high body acceleration.",r001,Mechanical Repair,,,2284.3641866666667,ce19b572-7341-426a-8c2f-fe067344c98d
Object Transfer,2,,#O A lady H picks #unsure,"[CtxFixed] The action describes a person picking up an object (the bag), which is a clear case of object transfer.",r001,Mechanical Repair,,,2298.1604166666666,ce19b572-7341-426a-8c2f-fe067344c98d
Object Transfer,2,,#O A lady H puts the bag on the counter.,Logistics step involving placing an object.,r001,Mechanical Repair,,,2302.6057666666666,ce19b572-7341-426a-8c2f-fe067344c98d
Stationary,2,,#C C touches the bag.,"Low body/hand motion, likely inspecting or pausing.",r001,Mechanical Repair,,,2426.1398266666665,ce19b572-7341-426a-8c2f-fe067344c98d
Object Transfer,2,,#C C puts the cloth in the closet,Logistics/Setup step involving picking up and putting down the cloth.,r001,Cleaning,,,12.9805086,ce3ef2da-c918-42c8-9d22-533f776366bd
Object Transfer,2,,#C C puts the face towel in the closet,Logistics/Setup step involving picking up and placing an object.,r001,Cleaning,,,63.6266686,ce3ef2da-c918-42c8-9d22-533f776366bd
Object Transfer,2,,#C C puts the cloth in closet drawer,Logistics of moving the cloth to the drawer.,r001,Cleaning,,,73.27258859999999,ce3ef2da-c918-42c8-9d22-533f776366bd
Object Transfer,2,,#C C picks the pant,Logistics step involving picking up an object.,r001,Cleaning,,,186.7308186,ce3ef2da-c918-42c8-9d22-533f776366bd
Object Transfer,2,,#C C picks the towel,Logistics step involving picking up an object.,r001,Cleaning,,,246.1520786,ce3ef2da-c918-42c8-9d22-533f776366bd
Search,2,,#C C checks the paper,"Head movement (visual check), hands mostly still.",r001,Cleaning,,,451.604298365625,ce3ef2da-c918-42c8-9d22-533f776366bd
Essential Operation,2,,#C C applies soap,"Core manual task, high hand activity.",r001,Cleaning,,,522.712328365625,ce3ef2da-c918-42c8-9d22-533f776366bd
Object Transfer,2,,#C C swaps the knife with woman X,Logistics step involving the exchange of an object.,r001,Cooking,,,70.97772859999999,d20f6551-0272-4a69-8b02-da7ffcf29e0f
Essential Operation,2,,#C C wipes his hands,Core task involving high hand activity.,r001,Cooking,,,400.24605968893593,d20f6551-0272-4a69-8b02-da7ffcf29e0f
Essential Operation,2,,#C C peels the onion,Core manual task involving high hand activity.,r001,Cooking,,,564.5443421677084,d20f6551-0272-4a69-8b02-da7ffcf29e0f
Object Transfer,2,,#C C puts the onion cover down,"Logistics/Setup step, putting an object down.",r001,Cooking,,,585.4379621677084,d20f6551-0272-4a69-8b02-da7ffcf29e0f
Object Transfer,2,,#C C moves the onion on the chopboard,Logistics step involving moving an object.,r001,Cooking,,,645.1315421677084,d20f6551-0272-4a69-8b02-da7ffcf29e0f
Object Transfer,2,,#O person A moves the knife,Logistics/Setup step involving moving an object.,r001,Cooking,,,653.8186021677084,d20f6551-0272-4a69-8b02-da7ffcf29e0f
Object Transfer,2,,#O person A puts the vegetable in the cooking pot,Logistics step involving the transfer of an object.,r001,Cooking,,,659.4000021677084,d20f6551-0272-4a69-8b02-da7ffcf29e0f
Essential Operation,2,,#C C removes the onion on the knife,Core task involving high hand activity.,r001,Cooking,,,705.2366421677084,d20f6551-0272-4a69-8b02-da7ffcf29e0f
Object Transfer,2,,#C C picks a glass jar,Logistics step involving picking up an object.,r001,Cooking,,,876.2791327382062,d20f6551-0272-4a69-8b02-da7ffcf29e0f
Object Transfer,2,,#C C picks the knives,Logistics/Setup step involving picking up objects.,r001,Cooking,,,1034.6597927382063,d20f6551-0272-4a69-8b02-da7ffcf29e0f
Essential Operation,2,,#C C uproots weeds with the garden trowel,Core manual task involving high hand activity.,r001,Gardening,,,37.5696086,d38f271c-53f3-4771-8c17-a5157e723067
Essential Operation,2,,#C C squeezes the metal bin with hand,Core task involving high hand activity.,r001,Gardening,,,250.8451986,d38f271c-53f3-4771-8c17-a5157e723067
Object Transfer,2,,#C C picks dry grass from the floor,Logistics step involving picking up an object.,r001,Gardening,,,361.0663565627008,d38f271c-53f3-4771-8c17-a5157e723067
Object Transfer,2,,#C C drops dry grass in the bin,"[CtxFixed] The action of dropping dry grass into the bin appears to be a deliberate placement, which fits the definition of 'Object Transfer'.",r001,Gardening,,,390.3927665627008,d38f271c-53f3-4771-8c17-a5157e723067
Object Transfer,2,,#C C puts shears on the floor,Logistics step involving placing an object.,r001,Gardening,,,419.1944365627008,d38f271c-53f3-4771-8c17-a5157e723067
Locomotion,2,,#C C throws twig on the ground,"The action involves movement through space, even if it's a brief throw which can be categorized under locomotion for such scenarios.",r001,Gardening,,,840.2443976414811,d38f271c-53f3-4771-8c17-a5157e723067
Locomotion,2,,#C C collects leaves using a rake,"Body moving through space while performing a task, high body acceleration.",r001,Gardening,,,1386.410347810775,d38f271c-53f3-4771-8c17-a5157e723067
Locomotion,2,,#C C moves towards the dustbin,"Body moving through space, likely involves walking or moving towards an object.",r001,Gardening,,,1471.5949411441084,d38f271c-53f3-4771-8c17-a5157e723067
Locomotion,2,,#C C walks towards the dustbin,"Body moving through space, indicative of walking.",r001,Gardening,,,1521.0968711441085,d38f271c-53f3-4771-8c17-a5157e723067
Locomotion,2,,#C C moves towards the garbage bin,Body moving through space towards the garbage bin.,r001,Gardening,,,1555.1547311441082,d38f271c-53f3-4771-8c17-a5157e723067
Stationary,2,,#C C closes the store,"Low body/hand motion, likely involves minimal movement.",r001,Gardening,,,1854.0819051722656,d38f271c-53f3-4771-8c17-a5157e723067
Essential Operation,2,,#C C turns the grass cutter machine.,Turning on the grass cutter involves a core manual task with high hand activity.,r001,Gardening,,,1923.7455057617567,d38f271c-53f3-4771-8c17-a5157e723067
Stationary,2,,#C C removes hand from the grass cutter machine.,"The action implies a pause or end to an operation, suggesting low energy and motion.",r001,Gardening,,,2024.630335761757,d38f271c-53f3-4771-8c17-a5157e723067
Object Transfer,2,,#C C puts the ladder aside.,Logistics step involving moving an object.,r001,Gardening,,,2049.264795761757,d38f271c-53f3-4771-8c17-a5157e723067
Stationary,2,,#C C holds the grass cutter machine with right hand.,The action describes holding an object without any significant movement.,r001,Gardening,,,2069.861265761757,d38f271c-53f3-4771-8c17-a5157e723067
Essential Operation,2,,#C C trims the grass.,Core task involving high hand activity.,r001,Gardening,,,2085.464225761757,d38f271c-53f3-4771-8c17-a5157e723067
Stationary,2,,#C C claps,"Low body/hand motion, brief and non-locational action.",r001,Cooking,,,2.2943286000000005,d51a0b73-1ad7-4d4e-be99-714f6637668a
Locomotion,2,,#C C walks towards X,Body moving through space (walking).,r001,Cooking,,,8.2668886,d51a0b73-1ad7-4d4e-be99-714f6637668a
Object Transfer,2,,#C C lifts #Unsure from the piece of cloth,"The action involves picking up an object, which is a logistics step.",r001,Cooking,,,69.8950186,d51a0b73-1ad7-4d4e-be99-714f6637668a
Object Transfer,2,,#C C drops the piece of cloth on a sink table,Refined via regex fallback,r001,Cooking,,,91.0128386,d51a0b73-1ad7-4d4e-be99-714f6637668a
Locomotion,2,,#C C moves a wooden chopping board on the cooker,"Movement of the body or object through space, likely involves sliding or lifting the chopping board.",r001,Cooking,,,115.2133686,d51a0b73-1ad7-4d4e-be99-714f6637668a
Object Transfer,2,,#C c closes the bottle of cooking oil with a lid,Closing the bottle involves the logistics of picking up and placing the lid.,r001,Cooking,,,204.9215686,d51a0b73-1ad7-4d4e-be99-714f6637668a
Object Transfer,2,,#C C lifts the bowl from a chopping board,Logistics step involving the movement of an object.,r001,Cooking,,,304.1444606488678,d51a0b73-1ad7-4d4e-be99-714f6637668a
Object Transfer,2,,#C C unties a plastic paper,Logistics step involving the manipulation of an object.,r001,Cooking,,,333.0417206488678,d51a0b73-1ad7-4d4e-be99-714f6637668a
Object Transfer,2,,#C C places kales on the chopping board,Logistics step of placing an item.,r001,Cooking,,,348.82076064886775,d51a0b73-1ad7-4d4e-be99-714f6637668a
Essential Operation,2,,#C C rinses the kales,Core manual task involving high hand activity.,r001,Cooking,,,379.3387606488678,d51a0b73-1ad7-4d4e-be99-714f6637668a
Essential Operation,2,,#C C lifts kales from a chopping board,Core task involving high hand activity.,r001,Cooking,,,407.33647064886776,d51a0b73-1ad7-4d4e-be99-714f6637668a
Object Transfer,2,,#C C places the kales on a sink top,Logistics of placing an object.,r001,Cooking,,,460.7963806488677,d51a0b73-1ad7-4d4e-be99-714f6637668a
Essential Operation,2,,#O A lady X wipes the bowl,Core manual task involving hand activity.,r001,Cooking,,,593.3921321677084,d51a0b73-1ad7-4d4e-be99-714f6637668a
Stationary,2,,#C C wipes off the hands,"Low body/hand motion, cleaning action that does not involve significant movement.",r001,Cooking,,,989.9050424292676,d51a0b73-1ad7-4d4e-be99-714f6637668a
Object Transfer,2,,#C C puts down the bowl,"Logistics/Setup step, short burst of hand activity.",r001,Cooking,,,1046.338012429267,d51a0b73-1ad7-4d4e-be99-714f6637668a
Object Transfer,2,,#C C puts the cauliflower in the fridge,"Logistics/Setup step, moving an object to a location.",r001,Cooking,,,1077.6570524292674,d51a0b73-1ad7-4d4e-be99-714f6637668a
Stationary,2,,#O A woman X operates her wrist watch,"Low body/hand motion, likely involves minimal movement.",r001,Cooking,,,1110.9871467217447,d51a0b73-1ad7-4d4e-be99-714f6637668a
Object Transfer,2,,#C C places the measuring spoons on a rack,Logistics step involving placing objects.,r001,Cooking,,,1197.9588267217446,d51a0b73-1ad7-4d4e-be99-714f6637668a
Essential Operation,2,,#C C rinses the wooden chopping board,Core task involving high hand activity.,r001,Cooking,,,1216.9636267217447,d51a0b73-1ad7-4d4e-be99-714f6637668a
Object Transfer,2,,#C C places the wooden chopping board on a rack,Logistics step involving placing an object.,r001,Cooking,,,1224.4011867217446,d51a0b73-1ad7-4d4e-be99-714f6637668a
Essential Operation,2,,#O a lady X pours #unsure in the bowl,Core task involving manual operation with high hand activity.,r001,Cooking,,,1373.1428041985516,d51a0b73-1ad7-4d4e-be99-714f6637668a
Stationary,2,,#C C touches his right hand with the left hand,"Low body/hand motion, likely checking or adjusting something in a stationary position.",r001,Mechanical Repair,,,58.3503496,d64d376b-88b3-4820-b002-8b265df08bef
Locomotion,2,,#C C moves her right leg down a stair,"Body moving through space, specifically descending stairs.",r001,Mechanical Repair,,,59.832609600000005,d64d376b-88b3-4820-b002-8b265df08bef
Essential Operation,2,,#C C continues to sandpaper the wooden railing,Core manual task involving high hand activity.,r001,Mechanical Repair,,,99.0444096,d64d376b-88b3-4820-b002-8b265df08bef
Essential Operation,2,,#C C continues to sandpaper the wooden railing with her right hand,Core manual task involving high hand activity.,r001,Mechanical Repair,,,165.4622996,d64d376b-88b3-4820-b002-8b265df08bef
Object Transfer,2,,#C C takes the sandpaper with her left hand from her right hand,"The action involves transferring an object between hands, which is a logistics step.",r001,Mechanical Repair,,,431.0589809546634,d64d376b-88b3-4820-b002-8b265df08bef
Locomotion,2,,#c c stops to ride the bicycle,"Body moving through space, indicative of movement or activity involving high body acceleration.",r001,Mechanical Repair,,,818.5032833333333,d7a1ae74-9903-46f5-a0fc-4d4ca0c307b6
Locomotion,2,,#c c rides the bicycle on a pedestrian road,"Body moving through space, high body acceleration.",r001,Mechanical Repair,,,1146.1015466666668,d7a1ae74-9903-46f5-a0fc-4d4ca0c307b6
Object Transfer,2,,#C C opens the glass tube,"Opening an object, which involves a specific action rather than continuous motion.",r001,Cleaning,,,982.49345,d8217a15-4527-4557-94c5-df4eb78b748a
Stationary,2,,#C C adjusts the weighing machine,"Low body/hand motion, likely involves fine adjustments.",r001,Cleaning,,,983.77425,d8217a15-4527-4557-94c5-df4eb78b748a
Essential Operation,2,,#C C writes on the glass tube with the pen,Core manual task involving fine hand movements.,r001,Cleaning,,,1097.37493,d8217a15-4527-4557-94c5-df4eb78b748a
Object Transfer,2,,#CC removes the glass tube from the weighing machine,Logistics step involving picking up or moving an object.,r001,Cleaning,,,1128.66124,d8217a15-4527-4557-94c5-df4eb78b748a
Essential Operation,2,,#C C dips the tube inside the glass bottle,"Core task involving direct interaction with an object, high hand activity.",r001,Cleaning,,,1226.14088,d8217a15-4527-4557-94c5-df4eb78b748a
Object Transfer,2,,C C puts the bottle inside a tray,Logistics step involving picking up and placing the bottle.,r001,Cleaning,,,1379.02157,d8217a15-4527-4557-94c5-df4eb78b748a
Search,2,,#C C flips the book pages,Indicates visual search or monitoring through head and hand coordination.,r001,Cleaning,,,1398.84389,d8217a15-4527-4557-94c5-df4eb78b748a
Object Transfer,2,,#C C takes a bottle from the storage,Logistics/Setup step.,r001,Cleaning,,,1505.97631,d8217a15-4527-4557-94c5-df4eb78b748a
Object Transfer,2,,#C C carries the paper to the counter,Moving an object from one location to another.,r001,Cleaning,,,1555.36208,d8217a15-4527-4557-94c5-df4eb78b748a
Object Transfer,2,,#C C places the bottle inside the storage,Logistics step involving placing an object.,r001,Cleaning,,,1614.14966,d8217a15-4527-4557-94c5-df4eb78b748a
Locomotion,2,,#C C moves the glass tube around on the counter,"The action involves moving an object across a surface, which can be categorized as a form of locomotion for the object being manipulated.",r001,Cleaning,,,1686.29274,d8217a15-4527-4557-94c5-df4eb78b748a
Stationary,2,,#C C presses the button on the weighing machine,"Low body/hand motion, likely involves pressing a button with minimal movement.",r001,Cleaning,,,2080.36367,d8217a15-4527-4557-94c5-df4eb78b748a
Object Transfer,2,,#C C pushes the glass on the counter,"Logistics step, moving an object to a location.",r001,Cleaning,,,2234.35802,d8217a15-4527-4557-94c5-df4eb78b748a
Object Transfer,2,,#C C picks a glass tube from the case,Logistics step involving picking up an object.,r001,Cleaning,,,2822.18512,d8217a15-4527-4557-94c5-df4eb78b748a
Object Transfer,2,,#C C picks the paper tape with both hands,"Action involves picking up an object, which is a logistics step.",r001,Carpentry,,,11.4667196,db171065-a8a9-49f7-bc56-66879d228b30
Essential Operation,2,,#C C tears the paper tape apart with both hands,Core task involving high hand activity.,r001,Carpentry,,,22.221999600000004,db171065-a8a9-49f7-bc56-66879d228b30
Stationary,2,,#C C lifts his right hand,The action describes a minor movement that does not indicate significant body or hand motion.,r001,Carpentry,,,29.1359996,db171065-a8a9-49f7-bc56-66879d228b30
Object Transfer,2,,#C C places the paper tape on the table,"Logistics step, placing an object on a surface.",r001,Carpentry,,,60.6576096,db171065-a8a9-49f7-bc56-66879d228b30
Essential Operation,2,,#C C draws on the paper tape with the pen,"Core task involving fine motor skills, high hand activity.",r001,Carpentry,,,82.1629596,db171065-a8a9-49f7-bc56-66879d228b30
Stationary,2,,#C C removes her left hand from the ruler,The action describes a minor movement that does not involve significant body or hand acceleration.,r001,Carpentry,,,90.4409696,db171065-a8a9-49f7-bc56-66879d228b30
Object Transfer,2,,#C C picks the plastic box with his left hand #unsure,Logistics step involving picking up an object.,r001,Carpentry,,,92.8328496,db171065-a8a9-49f7-bc56-66879d228b30
Search,2,,#C C observes the plastic box #unsure,"Head movement (observation), hands mostly still.",r001,Carpentry,,,93.9312896,db171065-a8a9-49f7-bc56-66879d228b30
Object Transfer,2,,#C C places the plastic box in his left hand on the table #unsure,Logistics step involving placing an object on a surface.,r001,Carpentry,,,99.7747596,db171065-a8a9-49f7-bc56-66879d228b30
Object Transfer,2,,#C C removes his left hand from the plastic box #unsure,"Logistics step, likely removing an item from a container.",r001,Carpentry,,,101.8263196,db171065-a8a9-49f7-bc56-66879d228b30
Object Transfer,2,,#C C separates the plastic box with his hands #unsure,Logistics step involving picking up or separating an object.,r001,Carpentry,,,136.3285996,db171065-a8a9-49f7-bc56-66879d228b30
Object Transfer,2,,#C C places the part of the plastic box on the table,Logistics step involving placing an object.,r001,Carpentry,,,139.6958296,db171065-a8a9-49f7-bc56-66879d228b30
Stationary,2,,#C C holds the plastic box with both hands #unsure,"Low body/hand motion, holding the box.",r001,Carpentry,,,140.1599996,db171065-a8a9-49f7-bc56-66879d228b30
Stationary,2,,#C C holds the plastic on the table with both hands #unsure,"Low body/hand motion, holding an object in place.",r001,Carpentry,,,155.7744396,db171065-a8a9-49f7-bc56-66879d228b30
Stationary,2,,#C C removes his left hand from the paper tape,The action involves a hand removal which is a minor movement and does not involve significant body or hand acceleration.,r001,Carpentry,,,228.4169896,db171065-a8a9-49f7-bc56-66879d228b30
Essential Operation,2,,#C C moves the ruler with his left hand,Core manual task involving high hand activity.,r001,Carpentry,,,232.6649996,db171065-a8a9-49f7-bc56-66879d228b30
Essential Operation,2,,#C C adjusts the ruler with both hands,Core manual task involving precise hand movements.,r001,Carpentry,,,233.3646696,db171065-a8a9-49f7-bc56-66879d228b30
Stationary,2,,#C C stretches out the other end of the paper tape,The action implies a setup or preparation step with minimal movement.,r001,Carpentry,,,245.4504696,db171065-a8a9-49f7-bc56-66879d228b30
Essential Operation,2,,#C C tears the paper tape apart with his hands,Core manual task involving high hand activity.,r001,Carpentry,,,265.7740496,db171065-a8a9-49f7-bc56-66879d228b30
Locomotion,2,,#C C moves toward the plastic box,"Movement through space, indicative of walking or moving towards an object.",r001,Carpentry,,,277.9023196,db171065-a8a9-49f7-bc56-66879d228b30
Object Transfer,2,,#C C picks the paper tape with his left hand from the table,Logistics step involving picking up an object.,r001,Carpentry,,,359.8073609546634,db171065-a8a9-49f7-bc56-66879d228b30
Object Transfer,2,,#C C removes his right hand from the ruler,"The action involves removing a hand from an object, which is part of the logistics or setup process.",r001,Carpentry,,,362.6430409546634,db171065-a8a9-49f7-bc56-66879d228b30
Essential Operation,2,,#C C stretches the other end of the tape with his right hand,Core task involving high hand activity.,r001,Carpentry,,,379.3793309546634,db171065-a8a9-49f7-bc56-66879d228b30
Object Transfer,2,,#C C presses the other end of the paper tape on the table over the ruler,"The action involves placing or securing an object, which is a logistics step.",r001,Carpentry,,,388.7840109546634,db171065-a8a9-49f7-bc56-66879d228b30
Object Transfer,2,,#C drop the ruler on the table with his right hand,Refined via regex fallback,r001,Carpentry,,,398.5111109546634,db171065-a8a9-49f7-bc56-66879d228b30
Object Transfer,2,,#C C drops the paper tape on the table with his right hand,Refined via regex fallback,r001,Carpentry,,,402.2810609546634,db171065-a8a9-49f7-bc56-66879d228b30
Essential Operation,2,,#C C marks the paper tape with the pen,Core task involving fine hand movements.,r001,Carpentry,,,433.69152095466336,db171065-a8a9-49f7-bc56-66879d228b30
Object Transfer,2,,#C C places the ruler on the table with his hands,Logistics step involving placing an object.,r001,Carpentry,,,462.2336609546634,db171065-a8a9-49f7-bc56-66879d228b30
Object Transfer,2,,#C C places the plastic box on the outstretched paper tape on the table #unsure,"Logistics step, placing an object on a surface.",r001,Carpentry,,,477.14897095466335,db171065-a8a9-49f7-bc56-66879d228b30
Search,2,,#C C searches through the tool box with his left hand,"Exploratory hand movement through the toolbox, indicative of searching.",r001,Carpentry,,,515.5801609546634,db171065-a8a9-49f7-bc56-66879d228b30
Object Transfer,2,,#C C picks another plastic box with his left hand #unsure,Logistics step involving picking up an object.,r001,Carpentry,,,611.41833762133,db171065-a8a9-49f7-bc56-66879d228b30
Essential Operation,2,,#C C twists the torque adjustment collar on the cordless driver with his left hand,Core manual task involving high hand activity.,r001,Carpentry,,,646.5731676213301,db171065-a8a9-49f7-bc56-66879d228b30
Object Transfer,2,,#C C puts the second half of the plastic box on the shelf with his right hand #unsure,"The action involves placing an object, which is a logistics step.",r001,Carpentry,,,663.00748762133,db171065-a8a9-49f7-bc56-66879d228b30
Object Transfer,2,,#C C passes the plastic box in his left hand to his right hand,Movement of an object from one hand to another.,r001,Carpentry,,,664.46114762133,db171065-a8a9-49f7-bc56-66879d228b30
Object Transfer,2,,#C C picks a bolt from the table with his left hand,Logistics step of picking up an object.,r001,Carpentry,,,710.90032762133,db171065-a8a9-49f7-bc56-66879d228b30
Stationary,2,,#C holds the cordless driver with his left hand,The action describes a holding position with minimal movement.,r001,Carpentry,,,824.6347276213301,db171065-a8a9-49f7-bc56-66879d228b30
Object Transfer,2,,#C C drops the drill bit in his left hand on the table,Refined via regex fallback,r001,Carpentry,,,836.5636376213301,db171065-a8a9-49f7-bc56-66879d228b30
Essential Operation,2,,#C C drills through the plastic box with the cordless driver,Core manual task involving high hand activity.,r001,Carpentry,,,864.7696676213301,db171065-a8a9-49f7-bc56-66879d228b30
Object Transfer,2,,#C C removes the drill bit from the cordless driver with his left hand,"Logistics step, transferring the drill bit from the tool.",r001,Carpentry,,,947.79357762133,db171065-a8a9-49f7-bc56-66879d228b30
Essential Operation,2,,#C C drills through another plastic box with the cordless driver,Core task involving high hand activity and focused action.,r001,Carpentry,,,962.44891762133,db171065-a8a9-49f7-bc56-66879d228b30
Essential Operation,2,,#C C squeezes the paper tape with his hands,Core manual task involving high hand activity.,r001,Carpentry,,,977.15609762133,db171065-a8a9-49f7-bc56-66879d228b30
Object Transfer,2,,#C C places the plastic box on the table #unsure,Logistics step involving placing an object.,r001,Carpentry,,,1007.44878762133,db171065-a8a9-49f7-bc56-66879d228b30
Locomotion,2,,#C C walks towards the bin with the plastic box in his hand #unsure,"Body moving through space (walking), with an object in hand.",r001,Carpentry,,,1031.3023676213302,db171065-a8a9-49f7-bc56-66879d228b30
Object Transfer,2,,#C C moves a part of the plastic box with his left hand,Moving an object from one place to another.,r001,Carpentry,,,1078.4122722879963,db171065-a8a9-49f7-bc56-66879d228b30
Locomotion,2,,#C C walks back to the table.,"Body moving through space, indicative of walking.",r001,Carpentry,,,1106.2928242879966,db171065-a8a9-49f7-bc56-66879d228b30
Object Transfer,2,,#C C places the socket back box on the table.,Logistics step of placing an object on a surface.,r001,Carpentry,,,1152.6782042879966,db171065-a8a9-49f7-bc56-66879d228b30
Stationary,2,,#C C holds the socket back box.,"The action implies holding an object in place, indicating low body/hand motion.",r001,Carpentry,,,1169.0912942879966,db171065-a8a9-49f7-bc56-66879d228b30
Essential Operation,2,,#C C touches another socket back box screwed to the table.,"[CtxFixed] The action of touching another socket back box screwed to the table suggests that C is engaging in a task-related activity, possibly to check or manipulate the socket. This aligns with the category of Essential Operation.",r001,Carpentry,,,1177.3769642879963,db171065-a8a9-49f7-bc56-66879d228b30
Stationary,2,,#C C bends.,Bending is a preparatory action that does not involve significant motion or activity.,r001,Carpentry,,,1184.7010042879965,db171065-a8a9-49f7-bc56-66879d228b30
Essential Operation,2,,#C C tapes the wires with the black tape.,Core manual task involving hand activity.,r001,Carpentry,,,1228.9752342879965,db171065-a8a9-49f7-bc56-66879d228b30
Object Transfer,2,,#C C drops the black tape on the table.,Refined via regex fallback,r001,Carpentry,,,1235.5158642879967,db171065-a8a9-49f7-bc56-66879d228b30
Stationary,2,,#C C adjusts the wires on the table.,The action implies a fine adjustment which likely involves minimal movement.,r001,Carpentry,,,1287.3353342879966,db171065-a8a9-49f7-bc56-66879d228b30
Stationary,2,,#C C adjusts the drill bit in the case.,The action involves fine adjustments and is likely to be done with minimal body movement.,r001,Carpentry,,,1318.0047542879963,db171065-a8a9-49f7-bc56-66879d228b30
Object Transfer,2,,#C C drops the clip on the table.,Refined via regex fallback,r001,Carpentry,,,1332.1864942879963,db171065-a8a9-49f7-bc56-66879d228b30
Locomotion,2,,#C C steps back to the table.,Movement through space to reposition oneself.,r001,Carpentry,,,1358.629434287997,db171065-a8a9-49f7-bc56-66879d228b30
Object Transfer,2,,#C C brings out screwdriver from pocket. #unsure,"The action involves taking the screwdriver out of the pocket, which is a logistics step.",r001,Carpentry,,,1452.6534542879967,db171065-a8a9-49f7-bc56-66879d228b30
Stationary,2,,#C C touches the wire from the socket.,"The action of touching the wire is likely a brief, stationary interaction.",r001,Carpentry,,,1459.5959942879967,db171065-a8a9-49f7-bc56-66879d228b30
Stationary,2,,#C C holds component of the socket. #unsure,"Low body/hand motion, holding an object without movement.",r001,Carpentry,,,1480.0900942879966,db171065-a8a9-49f7-bc56-66879d228b30
Object Transfer,2,,#C C drops the component of the socket. #unsure,"[CtxFixed] The action of dropping the component of the socket is a deliberate placement onto a surface, which fits the criteria for 'Object Transfer'.",r001,Carpentry,,,1515.1987342879966,db171065-a8a9-49f7-bc56-66879d228b30
Essential Operation,2,,#C C loosens a screw on the socket with the screwdriver.,Core manual task involving high hand activity.,r001,Carpentry,,,1519.8038542879967,db171065-a8a9-49f7-bc56-66879d228b30
Stationary,2,,#C C adjusts the wires of the socket.,Adjusting wires typically involves fine manipulation and may not involve significant body movement.,r001,Carpentry,,,1525.2238842879965,db171065-a8a9-49f7-bc56-66879d228b30
Essential Operation,2,,#C C loosens a screw on the socket with the screwdriver again.,Core manual task involving high hand activity.,r001,Carpentry,,,1534.3300742879965,db171065-a8a9-49f7-bc56-66879d228b30
Essential Operation,2,,#C C puts wire in a socket.,Core task involving manual operation with hands.,r001,Carpentry,,,1619.9689709546633,db171065-a8a9-49f7-bc56-66879d228b30
Essential Operation,2,,#C C inserts the wire into the socket.,Core task involving fine motor skills and hand manipulation.,r001,Carpentry,,,1649.4299909546633,db171065-a8a9-49f7-bc56-66879d228b30
Object Transfer,2,,#C C picks the wire from the table.,Logistics step involving picking up an object.,r001,Carpentry,,,1733.0497009546634,db171065-a8a9-49f7-bc56-66879d228b30
Locomotion,2,,#C C takes a right turn,"Body movement through space, change in direction.",r001,Walking Outdoors,,,81.83111,dbfced7f-d9be-4a93-9238-980f4b17a335
Locomotion,2,,#C C rides the scooter on the road,"Body moving through space (riding a scooter), high body acceleration.",r001,Walking Outdoors,,,888.9351733333333,dbfced7f-d9be-4a93-9238-980f4b17a335
Search,2,,#C C looks at person X,"Head movement (visual search), hands mostly still.",r001,Walking Outdoors,,,2184.97656,dbfced7f-d9be-4a93-9238-980f4b17a335
Locomotion,2,,#C C walks on the basement,"Body moving through space, indicative of walking.",r001,Walking Outdoors,,,2211.3722700000003,dbfced7f-d9be-4a93-9238-980f4b17a335
Stationary,2,,#C C unwinds the snake light,The action of unwinding a snake light is typically performed with minimal body movement and is more about manipulating the light itself rather than moving through space or performing a high-energy task.,r001,Carpentry,,,7.56831,dfe55332-7312-486a-95c7-d871b438a427
Stationary,2,,#C C fixes the snake light,Adjusting a light source typically involves minimal movement.,r001,Carpentry,,,13.99401,dfe55332-7312-486a-95c7-d871b438a427
Stationary,2,,#C C holds the third pillow,"Low body/hand motion, holding an object without movement.",r001,Cleaning,,,58.6495786,e2f6637c-b3c4-4d19-bef4-0d2dd202f1a6
Stationary,2,,#C C sorts the clothes,Organizing thoughts and arranging items without significant movement.,r001,Cleaning,,,7.9293986,e42aa8c5-561b-4e53-84cb-b4192db92ab6
Essential Operation,2,,#C C spreads the boxer,Core manual task involving hand movement.,r001,Cleaning,,,22.7650786,e42aa8c5-561b-4e53-84cb-b4192db92ab6
Object Transfer,2,,#C C drops the socks on the bed,"[CtxFixed] The action of dropping the socks on the bed can be considered a deliberate placement, which fits the 'Object Transfer' category.",r001,Cleaning,,,144.4820786,e42aa8c5-561b-4e53-84cb-b4192db92ab6
Essential Operation,2,,#C C folds the stockings together,Core manual task involving fine motor skills and hand manipulation.,r001,Cleaning,,,158.2250986,e42aa8c5-561b-4e53-84cb-b4192db92ab6
Object Transfer,2,,#C C picks the fifth stockings from the bed,"The action involves picking up an object, which is a logistics step.",r001,Cleaning,,,160.02749859999997,e42aa8c5-561b-4e53-84cb-b4192db92ab6
Object Transfer,2,,#C C puts the bedsheet on the bed,Logistics step involving the placement of an object.,r001,Cleaning,,,189.5599086,e42aa8c5-561b-4e53-84cb-b4192db92ab6
Stationary,2,,#C C adjusts his T-shirt,"Low body/hand motion, adjusting clothing.",r001,Cleaning,,,221.8218886,e42aa8c5-561b-4e53-84cb-b4192db92ab6
Stationary,2,,#C C turns the stocking,Turning an object likely involves minimal body movement and could be considered a stationary action.,r001,Cleaning,,,227.9208086,e42aa8c5-561b-4e53-84cb-b4192db92ab6
Essential Operation,2,,#C C folds the T-shirt,"Core manual task involving hands, high hand activity.",r001,Cleaning,,,361.958431735707,e42aa8c5-561b-4e53-84cb-b4192db92ab6
Object Transfer,2,,#C C drops the T-shirt on the bed,"[CtxFixed] The action of dropping the T-shirt onto the bed is a deliberate placement, indicating an intention to place the T-shirt in a specific location.",r001,Cleaning,,,486.065291735707,e42aa8c5-561b-4e53-84cb-b4192db92ab6
Object Transfer,2,,#C C drops the sweat pant on the bed,"[CtxFixed] The action of dropping the sweat pant onto the bed is a deliberate placement, which fits the criteria for 'Object Transfer'.",r001,Cleaning,,,557.1281070741211,e42aa8c5-561b-4e53-84cb-b4192db92ab6
Locomotion,2,,#C C vacuum cleans under the stool,Body moving through space (vacuum cleaning under an object). High body acceleration expected.,r001,Cleaning,,,89.1131286,e636dd8b-7682-4910-8b26-781f192c37ec
Locomotion,2,,#C C walks in another room in the house,"Body moving through space, high body acceleration.",r001,Cleaning,,,119.2750086,e636dd8b-7682-4910-8b26-781f192c37ec
Object Transfer,2,,#C C picks up the clothe on the coach,Logistics step involving picking up an object.,r001,Cleaning,,,214.2318286,e636dd8b-7682-4910-8b26-781f192c37ec
Locomotion,2,,#C C moves the dish.,Movement of the body through space to move an object.,r001,Cleaning,,,321.1873371449219,e636dd8b-7682-4910-8b26-781f192c37ec
Essential Operation,2,,#C C moves the sponge.,Core task involving manual activity with the hand.,r001,Cleaning,,,525.0373971449219,e636dd8b-7682-4910-8b26-781f192c37ec
Object Transfer,2,,#C C puts the bottle in the cabinet.,Logistics of moving the bottle to the cabinet.,r001,Cleaning,,,552.8344197165732,e636dd8b-7682-4910-8b26-781f192c37ec
Object Transfer,2,,#C C puts the the folk in the cup.,Logistics step of placing an object.,r001,Cleaning,,,791.4923197165732,e636dd8b-7682-4910-8b26-781f192c37ec
Object Transfer,2,,#C C moves the sugar dish from the saucer,Logistics step involving picking up and moving an object.,r001,Cleaning,,,871.399197613672,e636dd8b-7682-4910-8b26-781f192c37ec
Object Transfer,2,,#C C places the bottle on the counter,Logistics step involving moving an object from one place to another.,r001,Cleaning,,,1095.113517613672,e636dd8b-7682-4910-8b26-781f192c37ec
Essential Operation,2,,#C C removes the grid,Core manual task involving manipulation of an object.,r001,Cleaning,,,1108.211937613672,e636dd8b-7682-4910-8b26-781f192c37ec
Essential Operation,2,,#C C wipes the hand,Core task involving high hand activity.,r001,Cleaning,,,1155.3781676136718,e636dd8b-7682-4910-8b26-781f192c37ec
Essential Operation,2,,#C C assembles the vacuum cleaner,"Core manual task, high hand activity.",r001,Cleaning,,,1175.763777613672,e636dd8b-7682-4910-8b26-781f192c37ec
Object Transfer,2,,#C C places the vacuum cleaner on the floor,Logistics step of placing an object.,r001,Cleaning,,,1192.010697613672,e636dd8b-7682-4910-8b26-781f192c37ec
Object Transfer,2,,#C C throws the dirt in the bin,Logistics of moving the dirt to the bin.,r001,Cleaning,,,1225.617157613672,e636dd8b-7682-4910-8b26-781f192c37ec
Stationary,2,,#C C switches off the vacuum cleaner,"Low body/hand motion, likely involves pressing a button or switch.",r001,Cleaning,,,1317.315807613672,e636dd8b-7682-4910-8b26-781f192c37ec
Essential Operation,2,,#C C cuts ball pepper,"Core task, high hand activity.",r001,Cooking,,,20.9862786,e6bdfe96-48c7-48c9-a5c8-5f09aee849b7
Object Transfer,2,,#C C puts ball pepper down,Logistics/Setup step involving putting an object down.,r001,Cooking,,,31.1656286,e6bdfe96-48c7-48c9-a5c8-5f09aee849b7
Essential Operation,2,,#C C wipes cutting board,Core task involving high hand activity.,r001,Cooking,,,61.9969386,e6bdfe96-48c7-48c9-a5c8-5f09aee849b7
Essential Operation,2,,#C C moves ball pepper,"Core task, high hand activity.",r001,Cooking,,,90.6833086,e6bdfe96-48c7-48c9-a5c8-5f09aee849b7
Stationary,2,,#C C holds ball pepper,Holding an object without movement.,r001,Cooking,,,144.3121086,e6bdfe96-48c7-48c9-a5c8-5f09aee849b7
Essential Operation,2,,#C C removes onion skin,"Core task, high hand activity.",r001,Cooking,,,196.7600286,e6bdfe96-48c7-48c9-a5c8-5f09aee849b7
Object Transfer,2,,#C C drops onion skin,"[CtxFixed] The action of dropping the onion skin onto a surface is a deliberate placement, which fits the criteria for 'Object Transfer'.",r001,Cooking,,,199.1906186,e6bdfe96-48c7-48c9-a5c8-5f09aee849b7
Essential Operation,2,,#C C touches onion,Core task involving high hand activity.,r001,Cooking,,,241.9785586,e6bdfe96-48c7-48c9-a5c8-5f09aee849b7
Essential Operation,2,,#C C slices onion,Core task involving precise hand movements.,r001,Cooking,,,258.43402860000003,e6bdfe96-48c7-48c9-a5c8-5f09aee849b7
Essential Operation,2,,#C C separates onions,Core task involving manual dexterity and manipulation.,r001,Cooking,,,274.0916786,e6bdfe96-48c7-48c9-a5c8-5f09aee849b7
Object Transfer,2,,#C C moves onions,"Logistics of moving objects, likely involves picking up and placing onions.",r001,Cooking,,,330.9667719607911,e6bdfe96-48c7-48c9-a5c8-5f09aee849b7
Essential Operation,2,,#C C cuts onion,"Core task, high hand activity.",r001,Cooking,,,332.3363819607912,e6bdfe96-48c7-48c9-a5c8-5f09aee849b7
Object Transfer,2,,#O Man X picks a phone,Logistics step involving picking up an object.,r001,Cooking,,,353.62532196079115,e6bdfe96-48c7-48c9-a5c8-5f09aee849b7
Essential Operation,2,,#C C cuts onion skins,Core task involving high hand activity.,r001,Cooking,,,393.2610819607911,e6bdfe96-48c7-48c9-a5c8-5f09aee849b7
Object Transfer,2,,#C C picks onion,Logistics step involving picking up an item.,r001,Cooking,,,454.1457119607911,e6bdfe96-48c7-48c9-a5c8-5f09aee849b7
Essential Operation,2,,#C C moves onion,"Core task, high hand activity.",r001,Cooking,,,454.3775419607912,e6bdfe96-48c7-48c9-a5c8-5f09aee849b7
Stationary,2,,#O Man X stands next to the countertop,"Low body/hand motion, indicating a static position.",r001,Cooking,,,490.7459119607912,e6bdfe96-48c7-48c9-a5c8-5f09aee849b7
Essential Operation,2,,#C C pours cooking oil in the pan,Core task involving high hand activity.,r001,Cooking,,,501.0268719607912,e6bdfe96-48c7-48c9-a5c8-5f09aee849b7
Essential Operation,2,,#C C moves minced meat,"Core task involving manipulation, high hand activity.",r001,Cooking,,,531.5765019607912,e6bdfe96-48c7-48c9-a5c8-5f09aee849b7
Essential Operation,2,,#C C unwraps minced meat,Core task involving manual dexterity and manipulation.,r001,Cooking,,,532.2329219607913,e6bdfe96-48c7-48c9-a5c8-5f09aee849b7
Stationary,2,,#C C rests hand on the countertop,"Low body/hand motion, indicative of a resting or idle state.",r001,Cooking,,,584.1879076136719,e6bdfe96-48c7-48c9-a5c8-5f09aee849b7
Object Transfer,2,,#C C drops minced meat in the pan,Refined via regex fallback,r001,Cooking,,,600.275947613672,e6bdfe96-48c7-48c9-a5c8-5f09aee849b7
Object Transfer,2,,#C C puts pan back,Logistics step involving putting an object back.,r001,Cooking,,,647.647567613672,e6bdfe96-48c7-48c9-a5c8-5f09aee849b7
Object Transfer,2,,#C C puts spices in the cabinet,"Logistics of moving objects, short burst of hand activity.",r001,Cooking,,,666.220527613672,e6bdfe96-48c7-48c9-a5c8-5f09aee849b7
Object Transfer,2,,#C C puts spice on the countertop,Logistics step involving moving an object (spice) from one location to another.,r001,Cooking,,,669.0185476136719,e6bdfe96-48c7-48c9-a5c8-5f09aee849b7
Stationary,2,,#C C holds pan,"Low body/hand motion, holding an object without movement.",r001,Cooking,,,693.7299176136719,e6bdfe96-48c7-48c9-a5c8-5f09aee849b7
Object Transfer,2,,#C C puts spoon down,Logistics step involving the placement of an object.,r001,Cooking,,,741.385957613672,e6bdfe96-48c7-48c9-a5c8-5f09aee849b7
Essential Operation,2,,#C C tears packaging bag,Core manual task involving high hand activity.,r001,Cooking,,,745.0896476136719,e6bdfe96-48c7-48c9-a5c8-5f09aee849b7
Essential Operation,2,,#C C removes garlic skins from garlic press,Core task involving manual dexterity and repetitive hand movements.,r001,Cooking,,,786.692057613672,e6bdfe96-48c7-48c9-a5c8-5f09aee849b7
Stationary,2,,#C C right hand,"Low body/hand motion, likely idle or holding an object.",r001,Cooking,,,845.711320974463,e6bdfe96-48c7-48c9-a5c8-5f09aee849b7
Object Transfer,2,,#C C drops vegetables on pan,Refined via regex fallback,r001,Cooking,,,846.625620974463,e6bdfe96-48c7-48c9-a5c8-5f09aee849b7
Object Transfer,2,,#C C picks seasoning mix,Logistics step involving picking up an object.,r001,Cooking,,,929.379010974463,e6bdfe96-48c7-48c9-a5c8-5f09aee849b7
Object Transfer,2,,#C C drops vegetables in the pan,Logistics step involving the placement of an object.,r001,Cooking,,,1029.486250974463,e6bdfe96-48c7-48c9-a5c8-5f09aee849b7
Stationary,2,,#C C touches pan,"Low body/hand motion, likely involves a light touch or check.",r001,Cooking,,,1047.688190974463,e6bdfe96-48c7-48c9-a5c8-5f09aee849b7
Object Transfer,2,,#C C picks a spice,Logistics/Setup step involving picking up an object.,r001,Cooking,,,1072.2611709744629,e6bdfe96-48c7-48c9-a5c8-5f09aee849b7
Object Transfer,2,,#C C removes seal from spice,"Logistics step involving the removal of a seal, typically a quick action with hands.",r001,Cooking,,,1073.3454709744628,e6bdfe96-48c7-48c9-a5c8-5f09aee849b7
Object Transfer,2,,#C C moves cooking pot to the cooker,Logistics step involving moving an object.,r001,Cooking,,,1407.9163121088795,e6bdfe96-48c7-48c9-a5c8-5f09aee849b7
Object Transfer,2,,#C C picks guacamole,"Logistics step, picking up an object.",r001,Cooking,,,1515.4217321088795,e6bdfe96-48c7-48c9-a5c8-5f09aee849b7
Stationary,2,,#C C holds baby leaf salad with the other hand,"The action describes holding an object, which involves minimal movement.",r001,Cooking,,,1538.5691221088796,e6bdfe96-48c7-48c9-a5c8-5f09aee849b7
Stationary,2,,#C C moves #unsure,"Uncertainty in movement suggests low energy, possibly waiting or thinking.",r001,Cooking,,,1589.7348021088796,e6bdfe96-48c7-48c9-a5c8-5f09aee849b7
Object Transfer,2,,#C C picks tortilla wrap,Logistics step of picking up an object.,r001,Cooking,,,1597.0576721088796,e6bdfe96-48c7-48c9-a5c8-5f09aee849b7
Stationary,2,,#C C holds tortilla wrap with the other hand,"Low body/hand motion, holding an object.",r001,Cooking,,,1598.5478121088795,e6bdfe96-48c7-48c9-a5c8-5f09aee849b7
Search,2,,#C C searches the drawer,Head and hand movements focused on finding an item in the drawer.,r001,Cooking,,,1619.7459621088797,e6bdfe96-48c7-48c9-a5c8-5f09aee849b7
Stationary,2,,#C C holds cooking pot,"Low body/hand motion, holding an object without movement.",r001,Cooking,,,1749.495177144922,e6bdfe96-48c7-48c9-a5c8-5f09aee849b7
Essential Operation,2,,#C C shakes strainer,Core task involving high hand activity.,r001,Cooking,,,1810.5108571449216,e6bdfe96-48c7-48c9-a5c8-5f09aee849b7
Object Transfer,2,,#C C moves strainer to water,Logistics step involving moving an object from one place to another.,r001,Cooking,,,1843.0116971449213,e6bdfe96-48c7-48c9-a5c8-5f09aee849b7
Object Transfer,2,,#C C drops cheese particle in the bowl,Refined via regex fallback,r001,Cooking,,,1880.877727144922,e6bdfe96-48c7-48c9-a5c8-5f09aee849b7
Object Transfer,2,,#C C collects cheese particle,Logistics step involving picking up a small object.,r001,Cooking,,,1888.1974971449213,e6bdfe96-48c7-48c9-a5c8-5f09aee849b7
Object Transfer,2,,#O Man X drops game controller on the table,Refined via regex fallback,r001,Cooking,,,1970.8255016517576,e6bdfe96-48c7-48c9-a5c8-5f09aee849b7
Locomotion,2,,#O Man X walks away,"Movement through space, indicative of walking.",r001,Cooking,,,1970.8455016517576,e6bdfe96-48c7-48c9-a5c8-5f09aee849b7
Object Transfer,2,,#C C picks up oil spray.,"Logistics step, picking up an object.",r001,Cooking,,,83.2765496,e7bb40bd-2ba3-4ac9-8e10-b209504f2964
Stationary,2,,#C C touches a button on the toaster machine. #unsure,"Short, low-energy interaction with a button.",r001,Cooking,,,193.4537096,e7bb40bd-2ba3-4ac9-8e10-b209504f2964
Essential Operation,2,,#C C breaks the bread in two with both hands.,Core task involving high hand activity.,r001,Cooking,,,219.2167396,e7bb40bd-2ba3-4ac9-8e10-b209504f2964
Essential Operation,2,,#C C turns the side of the frying egg using a spatula.,"Core task involving manipulation with hands, indicating high hand acceleration.",r001,Cooking,,,453.7555009546634,e7bb40bd-2ba3-4ac9-8e10-b209504f2964
Essential Operation,2,,#C C turns the side of the pancake using a spatula.,Core task involving active manipulation with the hands.,r001,Cooking,,,552.8329809546634,e7bb40bd-2ba3-4ac9-8e10-b209504f2964
Object Transfer,2,,#C C drops the spatula on the kitchen countertop.,"[CtxFixed] The action of dropping the spatula onto the kitchen countertop appears to be a deliberate placement of the object, rather than an accidental drop or spill.",r001,Cooking,,,559.8420209546634,e7bb40bd-2ba3-4ac9-8e10-b209504f2964
Object Transfer,2,,#C C drops pita in a plate. #unsure,Logistics step involving the placement of an object.,r001,Cooking,,,604.0898309546634,e7bb40bd-2ba3-4ac9-8e10-b209504f2964
Object Transfer,2,,#C C drops the cover of margarine on the kitchen counter. #unsure,"[CtxFixed] The action involves deliberately placing the cover of the margarine onto the kitchen counter, which fits the definition of an Object Transfer.",r001,Cooking,,,713.2517969546635,e7bb40bd-2ba3-4ac9-8e10-b209504f2964
Object Transfer,2,,#C C opens a drawer with his right hand.,Logistics/Setup step involving opening a drawer.,r001,Cooking,,,720.5280869546635,e7bb40bd-2ba3-4ac9-8e10-b209504f2964
Essential Operation,2,,#C C cuts from the margarine using a spoon. #unsure,Core task involving high hand activity.,r001,Cooking,,,733.2069769546634,e7bb40bd-2ba3-4ac9-8e10-b209504f2964
Object Transfer,2,,#C C picks up napkin.,"Logistics step, picking up an object.",r001,Cooking,,,801.7005469546635,e7bb40bd-2ba3-4ac9-8e10-b209504f2964
Object Transfer,2,,#C C picks up a piece of pita from the plate.,Logistics step involving picking up an object.,r001,Cooking,,,931.6932409546636,e7bb40bd-2ba3-4ac9-8e10-b209504f2964
Object Transfer,2,,#C C picks up a spatula.,"Logistics step, picking up an object.",r001,Cooking,,,948.6046109546636,e7bb40bd-2ba3-4ac9-8e10-b209504f2964
Object Transfer,2,,#C C drops plate in a tray.,Refined via regex fallback,r001,Cooking,,,1017.9657709546634,e7bb40bd-2ba3-4ac9-8e10-b209504f2964
Essential Operation,2,,#C C cleans glass cup with tissue paper.,Core manual task involving high hand activity.,r001,Cooking,,,1089.0453909546634,e7bb40bd-2ba3-4ac9-8e10-b209504f2964
Search,2,,#O the cat X plays with a cupboard.,"[CtxFixed] The action indicates that the cat is exploring or looking for something within or around the cupboard, which aligns with a search behavior.",r001,Playing Instrument,,,95.1199096,ec6c99e0-4ced-4cb2-8e69-04e36d2bb2ea
Stationary,2,,#O O talks,Low body/hand motion.,r001,Cleaning,,,75.58083959999999,ed31f134-b3f0-4f50-b8ae-d956b2f9ccfd
Stationary,2,,#C C talks while holding the bag,"Low body/hand motion, primarily verbal interaction.",r001,Cleaning,,,98.7251596,ed31f134-b3f0-4f50-b8ae-d956b2f9ccfd
Locomotion,2,,#Y Y walks and throws his leg to C while laughing,Body moving through space (walking).,r001,Cleaning,,,165.60731959999998,ed31f134-b3f0-4f50-b8ae-d956b2f9ccfd
Object Transfer,2,,#O The woman B drops the sheet of paper on a table with her right hand. #unsure,"The action involves placing an object (dropping the sheet of paper), which is a logistics step.",r001,Cleaning,,,324.27142864583334,ed31f134-b3f0-4f50-b8ae-d956b2f9ccfd
Object Transfer,2,,#O The man E touches the book with the pen in his right hand.,"The action involves touching an object with another, which is a logistics step.",r001,Cleaning,,,352.1775786458333,ed31f134-b3f0-4f50-b8ae-d956b2f9ccfd
Essential Operation,2,,#O The man E writes in the book with the pen in his left hand.,"Core manual task involving writing, high hand activity.",r001,Cleaning,,,479.4689286458333,ed31f134-b3f0-4f50-b8ae-d956b2f9ccfd
Stationary,2,,#C C holds the nylon with both hands.,"Holding an object with both hands indicates a low-energy, stationary action.",r001,Cleaning,,,540.7901486458334,ed31f134-b3f0-4f50-b8ae-d956b2f9ccfd
Object Transfer,2,,#C C drops the nylon on a chair with his right hand. #unsure,"The action involves placing an object (nylon) on a chair, which is a logistics step.",r001,Cleaning,,,543.8630786458333,ed31f134-b3f0-4f50-b8ae-d956b2f9ccfd
Stationary,2,,#C the woman A interacts with C.,Interacting with someone typically involves low body and hand motion.,r001,Cleaning,,,889.5102353125,ed31f134-b3f0-4f50-b8ae-d956b2f9ccfd
Stationary,2,,#O the woman A holds the book with both hands.,Holding the book with both hands indicates a static position with minimal movement.,r001,Cleaning,,,929.2048953125,ed31f134-b3f0-4f50-b8ae-d956b2f9ccfd
Stationary,2,,#O the boy B touches his back with his left hand. #unsure,"Low body/hand motion, likely a minor gesture or adjustment.",r001,Cleaning,,,938.0531753125,ed31f134-b3f0-4f50-b8ae-d956b2f9ccfd
Stationary,2,,#O the boy D holds the book with both hands.,Holding an object with both hands indicates a stationary position with low body and hand motion.,r001,Cleaning,,,965.3911353125,ed31f134-b3f0-4f50-b8ae-d956b2f9ccfd
Object Transfer,2,,#O the woman A picks the book from her laps with her hands.,Logistics step involving picking up an object.,r001,Cleaning,,,1015.2299453125,ed31f134-b3f0-4f50-b8ae-d956b2f9ccfd
Stationary,2,,#O the boy D places his right hand on his right knee.,"Low body/hand motion, likely holding a stationary position.",r001,Cleaning,,,1015.8946953125,ed31f134-b3f0-4f50-b8ae-d956b2f9ccfd
Stationary,2,,#C C interacts with the woman A.,"Low body/hand motion, likely involves talking or observing.",r001,Cleaning,,,1021.3845853125,ed31f134-b3f0-4f50-b8ae-d956b2f9ccfd
Stationary,2,,#O person A converses with person X,"Low body/hand motion, typically involves speaking.",r001,Cleaning,,,1120.0477819791663,ed31f134-b3f0-4f50-b8ae-d956b2f9ccfd
Stationary,2,,#O person A writes in a book,Writing is a fine motor task that involves minimal body movement.,r001,Cleaning,,,1185.5977619791663,ed31f134-b3f0-4f50-b8ae-d956b2f9ccfd
Stationary,2,,#O person Y sways legs,"Low body/hand motion, indicating a relaxed, idle state.",r001,Cleaning,,,1186.6245019791666,ed31f134-b3f0-4f50-b8ae-d956b2f9ccfd
Essential Operation,2,,#O person X folds the leg,Core task involving fine hand movements.,r001,Cleaning,,,1195.8570419791663,ed31f134-b3f0-4f50-b8ae-d956b2f9ccfd
Stationary,2,,#O person X converses with C,Low body/hand motion during conversation.,r001,Cleaning,,,1343.116981979167,ed31f134-b3f0-4f50-b8ae-d956b2f9ccfd
Object Transfer,2,,#C C removes bag from the cupboard,"The action involves picking up an object (removing the bag), which is a logistics step.",r001,Walking Outdoors,,,63.8056186,ed6d342f-d599-41ba-a0a4-2822bbe9a78a
Search,2,,#C C stares at the mirror,"Head movement (visual inspection), hands mostly still.",r001,Walking Outdoors,,,289.6357186,ed6d342f-d599-41ba-a0a4-2822bbe9a78a
Search,2,,#C C looks at the shoe rack,"Head movement (visual inspection), hands mostly still.",r001,Walking Outdoors,,,397.2241786,ed6d342f-d599-41ba-a0a4-2822bbe9a78a
Stationary,2,,#C C adjusts the camera,Adjusting the camera typically involves minimal body movement and can be considered a low-energy activity.,r001,Playing Instrument,,,0.0210286458333333,ee5ed7ca-667d-4a31-bdc8-13a9b8008246
Object Transfer,2,,#C C puts the pen down,Logistics/Setup step involving picking up or putting down an object.,r001,Playing Instrument,,,29.528638645833333,ee5ed7ca-667d-4a31-bdc8-13a9b8008246
Stationary,2,,#C C talks to woman K,"Low body/hand motion, verbal interaction.",r001,Playing Instrument,,,173.3102086458333,ee5ed7ca-667d-4a31-bdc8-13a9b8008246
Object Transfer,2,,#O woman K takes scrabble piece,Logistics/Setup step (taking an object).,r001,Playing Instrument,,,180.78339864583333,ee5ed7ca-667d-4a31-bdc8-13a9b8008246
Object Transfer,2,,#C C moves scrabble piece on the board,Logistics of moving an object (scrabble piece) on a board.,r001,Playing Instrument,,,193.21067864583333,ee5ed7ca-667d-4a31-bdc8-13a9b8008246
Object Transfer,2,,#C C moves scrabble pieces in the box,"Logistics of moving objects (scrabble pieces), short bursts of hand activity.",r001,Playing Instrument,,,198.7634686458333,ee5ed7ca-667d-4a31-bdc8-13a9b8008246
Stationary,2,,#C C fixes a carcassonne puzzle,Fixing a puzzle typically involves fine motor skills and is not associated with significant body or hand acceleration.,r001,Playing Instrument,,,354.6471053610677,ee5ed7ca-667d-4a31-bdc8-13a9b8008246
Object Transfer,2,,#O Person A the phone aside,"The action involves moving the phone aside, which is a logistics step.",r001,Playing Instrument,,,461.44804536106767,ee5ed7ca-667d-4a31-bdc8-13a9b8008246
Stationary,2,,#C C moves the carcassonne board game,"The action described seems out of context for playing an instrument and suggests a setup or rearrangement task, which is likely to involve low energy and minimal movement.",r001,Playing Instrument,,,552.5854953610677,ee5ed7ca-667d-4a31-bdc8-13a9b8008246
Essential Operation,2,,#C C claps hands,"High hand activity, clapping is a rhythmic and manual task.",r001,Playing Instrument,,,627.0745319791666,ee5ed7ca-667d-4a31-bdc8-13a9b8008246
Object Transfer,2,,#C C moves the scrabble tile holder,"Logistics/Setup step, moving an object.",r001,Playing Instrument,,,630.3602019791666,ee5ed7ca-667d-4a31-bdc8-13a9b8008246
Object Transfer,2,,#O person Y takes a glass of juice,Logistics step of picking up the glass of juice.,r001,Playing Instrument,,,633.4840619791667,ee5ed7ca-667d-4a31-bdc8-13a9b8008246
Search,2,,#C C looks at the scrabble board,"Head movement (visual inspection), hands mostly still.",r001,Playing Instrument,,,634.3228019791666,ee5ed7ca-667d-4a31-bdc8-13a9b8008246
Stationary,2,,#C C interacts with person Y,"Low body/hand motion, likely involves speaking or listening.",r001,Playing Instrument,,,816.6385819791667,ee5ed7ca-667d-4a31-bdc8-13a9b8008246
Search,2,,#O lady X stares at the scrabble board,"Head movement (visual search), hands mostly still.",r001,Playing Instrument,,,848.0556989287761,ee5ed7ca-667d-4a31-bdc8-13a9b8008246
Stationary,2,,#C C stares at the scrabble board,"Low body/hand motion, focused attention.",r001,Playing Instrument,,,900.054468928776,ee5ed7ca-667d-4a31-bdc8-13a9b8008246
Stationary,2,,#O lady X talks with C,"Low body/hand motion, likely involves speaking.",r001,Playing Instrument,,,925.521508928776,ee5ed7ca-667d-4a31-bdc8-13a9b8008246
Object Transfer,2,,#O lady X picks the scrabble cubes,Logistics step involving picking up objects.,r001,Playing Instrument,,,930.775208928776,ee5ed7ca-667d-4a31-bdc8-13a9b8008246
Stationary,2,,#C C turns the scrabble board,The action described seems to be adjusting the position of an object rather than engaging in a dynamic movement that would cause significant body or hand acceleration.,r001,Playing Instrument,,,938.814418928776,ee5ed7ca-667d-4a31-bdc8-13a9b8008246
Object Transfer,2,,#C C arranges the scrabble cubes,"Logistics/Setup step, arranging objects.",r001,Playing Instrument,,,965.332668928776,ee5ed7ca-667d-4a31-bdc8-13a9b8008246
Essential Operation,2,,#C C writes on the paper with pen,Core manual task involving high hand activity.,r001,Playing Instrument,,,1019.128608928776,ee5ed7ca-667d-4a31-bdc8-13a9b8008246
Object Transfer,2,,#C C picks the scrabble cubes,Logistics/Setup step involving picking up objects.,r001,Playing Instrument,,,1021.416048928776,ee5ed7ca-667d-4a31-bdc8-13a9b8008246
Essential Operation,2,,#O lady X moves hands,"Core task involving high hand activity, likely playing the instrument.",r001,Playing Instrument,,,1154.8268123647172,ee5ed7ca-667d-4a31-bdc8-13a9b8008246
Stationary,2,,#C C drinks wine from the glass,Drinking involves minimal motion and is generally a stationary activity.,r001,Playing Instrument,,,1171.5280123647174,ee5ed7ca-667d-4a31-bdc8-13a9b8008246
Stationary,2,,#C C plays the scrabble game,Playing a game typically involves minimal body movement and is a relatively stationary activity.,r001,Playing Instrument,,,1205.8470723647174,ee5ed7ca-667d-4a31-bdc8-13a9b8008246
Essential Operation,2,,#C C touches the plate,Core task involving high hand activity.,r001,Playing Instrument,,,1317.7298023647172,ee5ed7ca-667d-4a31-bdc8-13a9b8008246
Stationary,2,,#O lady X plays the scrabble game,Playing a board game like Scrabble involves minimal body movement and is generally a stationary activity.,r001,Playing Instrument,,,1322.5484223647172,ee5ed7ca-667d-4a31-bdc8-13a9b8008246
Object Transfer,2,,#O lady X arranges the scrabble cubes,"Logistics/Setup step, arranging objects.",r001,Playing Instrument,,,1371.3521320277343,ee5ed7ca-667d-4a31-bdc8-13a9b8008246
Stationary,2,,#O lady X holds the scrabble cubes,"The action describes holding an object, which indicates a low-energy, stationary state.",r001,Playing Instrument,,,1416.5420220277342,ee5ed7ca-667d-4a31-bdc8-13a9b8008246
Object Transfer,2,,#C C places the wine glass down,"Logistics step, placing the object down.",r001,Playing Instrument,,,1443.9786720277343,ee5ed7ca-667d-4a31-bdc8-13a9b8008246
Object Transfer,2,,#C C picks the scrabble book,Logistics step of picking up an object.,r001,Playing Instrument,,,1556.7343520277343,ee5ed7ca-667d-4a31-bdc8-13a9b8008246
Stationary,2,,#C C talks with lady X,Low body/hand motion.,r001,Playing Instrument,,,1620.5866320277344,ee5ed7ca-667d-4a31-bdc8-13a9b8008246
Stationary,2,,#C C Picks scribble letters,"The action 'Picks scribble letters' suggests a stationary activity, likely involving selecting letters or symbols without significant body or hand movement.",r001,Playing Instrument,,,1655.2924553125,ee5ed7ca-667d-4a31-bdc8-13a9b8008246
Essential Operation,2,,#O Man Y Writes on a paper,"Core manual task involving writing, high hand activity.",r001,Playing Instrument,,,1704.7275653124998,ee5ed7ca-667d-4a31-bdc8-13a9b8008246
Search,2,,#C C Stares at the scrabble game,"Head movement (visual inspection), hands mostly still.",r001,Playing Instrument,,,1730.8302553125,ee5ed7ca-667d-4a31-bdc8-13a9b8008246
Stationary,2,,#C C Puts a hand on a table,"Putting a hand on a table indicates a pause or resting action, with low body and hand motion.",r001,Playing Instrument,,,1790.8596753124998,ee5ed7ca-667d-4a31-bdc8-13a9b8008246
Stationary,2,,#O Man Y Picks a letter,"The action described seems to be selecting a letter, which is a low-energy activity with minimal body or hand movement.",r001,Playing Instrument,,,1824.9558253125,ee5ed7ca-667d-4a31-bdc8-13a9b8008246
Stationary,2,,#C C Stares at the scrabble game,"Low body/hand motion, focused gaze.",r001,Playing Instrument,,,1837.3657053125,ee5ed7ca-667d-4a31-bdc8-13a9b8008246
Object Transfer,2,,#O Man Y Puts down a letter,"The action involves placing down an object, which is a logistical step.",r001,Playing Instrument,,,1887.9364253125,ee5ed7ca-667d-4a31-bdc8-13a9b8008246
Stationary,2,,#C C arranges a word on a board,"The action involves arranging something, which is likely a low-energy, precise movement rather than a high-energy activity.",r001,Playing Instrument,,,2029.2953253125,ee5ed7ca-667d-4a31-bdc8-13a9b8008246
Stationary,2,,#C C arranges words on a word holder,"The action involves arranging words, which is likely a static task with minimal body or hand motion.",r001,Playing Instrument,,,2052.0658953125,ee5ed7ca-667d-4a31-bdc8-13a9b8008246
Stationary,2,,#C C stares at a game board,"The action describes a person looking at a game board without any movement, indicating a low energy state.",r001,Playing Instrument,,,2163.7410953125,ee5ed7ca-667d-4a31-bdc8-13a9b8008246
Object Transfer,2,,#O person X moves the tiles on the scrabble tile holder,"Logistics of moving objects (tiles), short bursts of hand activity.",r001,Playing Instrument,,,2180.8778353125,ee5ed7ca-667d-4a31-bdc8-13a9b8008246
Search,2,,#C C looks at the scrabble game,"Head movement (visual inspection), hands mostly still.",r001,Playing Instrument,,,2229.5361853125,ee5ed7ca-667d-4a31-bdc8-13a9b8008246
Object Transfer,2,,#C C puts the letter on the scrabble board,"Logistics step of placing an object, short bursts of hand acceleration.",r001,Playing Instrument,,,2855.8379391259086,ee5ed7ca-667d-4a31-bdc8-13a9b8008246
Search,2,,#O woman X rotates the scrabble board,"Head movement (visual search), hands mostly still.",r001,Playing Instrument,,,2865.8373591259087,ee5ed7ca-667d-4a31-bdc8-13a9b8008246
Search,2,,#C C rotates the scrabble board,"Head and/or hand movement (visual search/adjustment), likely passive hands.",r001,Playing Instrument,,,2886.179449125909,ee5ed7ca-667d-4a31-bdc8-13a9b8008246
Stationary,2,,#CC checks letter in his hand,"Low body/hand motion, likely involves holding and examining the letter.",r001,Playing Instrument,,,2908.7549691259087,ee5ed7ca-667d-4a31-bdc8-13a9b8008246
Stationary,2,,#C C counts the letters,The action described does not involve significant body or hand movement.,r001,Playing Instrument,,,3205.9348025908857,ee5ed7ca-667d-4a31-bdc8-13a9b8008246
Search,2,,#C C looks at the book on the table,"Head movement (visual search), hands mostly still.",r001,Playing Instrument,,,3312.878177798885,ee5ed7ca-667d-4a31-bdc8-13a9b8008246
Stationary,2,,#C C converses with woman X,"Low body/hand motion, primarily involves speaking.",r001,Playing Instrument,,,3358.984927798885,ee5ed7ca-667d-4a31-bdc8-13a9b8008246
Object Transfer,2,,#C C arranges letters from the scrabble rack,Logistics/Setup step involving moving objects (letters).,r001,Playing Instrument,,,3638.861165172266,ee5ed7ca-667d-4a31-bdc8-13a9b8008246
Stationary,2,,#C C converses to woman X,Low body/hand motion.,r001,Playing Instrument,,,3644.706175172266,ee5ed7ca-667d-4a31-bdc8-13a9b8008246
Object Transfer,2,,#O woman X picks scrabble letter from the box,"The action involves picking up an object, which corresponds to logistics and setup.",r001,Playing Instrument,,,3670.580215172266,ee5ed7ca-667d-4a31-bdc8-13a9b8008246
Object Transfer,2,,#C C puts the letters on the scrabble rack,"Logistics/Setup step, involves picking up and placing letters.",r001,Playing Instrument,,,3741.991555172266,ee5ed7ca-667d-4a31-bdc8-13a9b8008246
Stationary,2,,#C C arranges letters in the scrabble rack,"Low body/hand motion, arranging items does not involve significant movement.",r001,Playing Instrument,,,3824.5781961585935,ee5ed7ca-667d-4a31-bdc8-13a9b8008246
Object Transfer,2,,#C C closes the car door,"Action involves closing a door, which is a logistics step.",r001,Cooking,,,7.94428,f3146699-d715-44fd-9136-085b103dada4
Stationary,2,,#C C stops the car,"The action describes a stop, indicating low body/hand motion.",r001,Cooking,,,547.2692400000001,f3146699-d715-44fd-9136-085b103dada4
Locomotion,2,,#C C reverse the car,"Body moving through space, likely involves steering and foot movements.",r001,Cooking,,,905.11517,f3146699-d715-44fd-9136-085b103dada4
Object Transfer,2,,#C C lifts the broom,Logistics step of picking up the broom.,r001,Cleaning,,,21.1629396,f54fd12b-d439-4f3c-9d0c-293336dd33b1
Object Transfer,2,,#C C places a dustpan on the other dustpan,Logistics step involving placing one object on another.,r001,Cleaning,,,25.589329600000003,f54fd12b-d439-4f3c-9d0c-293336dd33b1
Locomotion,2,,#C C walks forward,"Body moving through space, indicative of walking.",r001,Cleaning,,,94.7222796,f54fd12b-d439-4f3c-9d0c-293336dd33b1
Essential Operation,2,,#C C sweeps the trash into a dustpan,Core manual task involving high hand activity.,r001,Cleaning,,,100.1815596,f54fd12b-d439-4f3c-9d0c-293336dd33b1
Locomotion,2,,#C C sweeps the floor,"Body moving through space while performing a sweeping action, indicative of high body acceleration.",r001,Cleaning,,,113.4551596,f54fd12b-d439-4f3c-9d0c-293336dd33b1
Object Transfer,2,,#C C puts down the sponge,Logistics step of putting down an object.,r001,Cleaning,,,37.6354386,f5c456b2-b998-4f42-82bd-786833fb3891
Essential Operation,2,,#C C rinses the scraper,Core task involving high hand activity.,r001,Cleaning,,,43.9263986,f5c456b2-b998-4f42-82bd-786833fb3891
Stationary,2,,#C C holds the bottle,"Low body/hand motion, holding an object without movement.",r001,Cleaning,,,84.1021086,f5c456b2-b998-4f42-82bd-786833fb3891
Stationary,2,,#C C holds the cup with the other hand,"Low body/hand motion, holding an object without moving.",r001,Cleaning,,,131.14461859999997,f5c456b2-b998-4f42-82bd-786833fb3891
Stationary,2,,#C C holds the tap,"Low body/hand motion, holding position.",r001,Cleaning,,,148.01150859999998,f5c456b2-b998-4f42-82bd-786833fb3891
Stationary,2,,#C C holds the cutting board,"Low body/hand motion, holding an object.",r001,Cleaning,,,154.41801859999998,f5c456b2-b998-4f42-82bd-786833fb3891
Essential Operation,2,,#C C pours water from the bowl,Core task involving active hand movement.,r001,Cleaning,,,189.7561686,f5c456b2-b998-4f42-82bd-786833fb3891
Object Transfer,2,,#C C puts the cutlery in the drawer,Logistics step involving picking up and placing the cutlery.,r001,Cleaning,,,262.8824186,f5c456b2-b998-4f42-82bd-786833fb3891
Stationary,2,,#C C holds the spoon,"Low body/hand motion, holding an object without movement.",r001,Cleaning,,,294.82867926806586,f5c456b2-b998-4f42-82bd-786833fb3891
Essential Operation,2,,#C C wipes the lid,Core task involving high hand activity.,r001,Cleaning,,,341.00717926806584,f5c456b2-b998-4f42-82bd-786833fb3891
Stationary,2,,#C C wipes his hand on the hand towel,"Low body/hand motion, brief and minor action.",r001,Cleaning,,,352.87409926806583,f5c456b2-b998-4f42-82bd-786833fb3891
Stationary,2,,#C C holds the sponge,"Low body/hand motion, holding an object without movement.",r001,Cleaning,,,398.2455692680658,f5c456b2-b998-4f42-82bd-786833fb3891
Essential Operation,2,,#C C shakes the bottle,"High hand activity, shaking the bottle is a core task.",r001,Cleaning,,,412.5495392680658,f5c456b2-b998-4f42-82bd-786833fb3891
Essential Operation,2,,#C C rinses the cloth,Core manual task involving hand activity.,r001,Cleaning,,,450.4390592680658,f5c456b2-b998-4f42-82bd-786833fb3891
Essential Operation,2,,#C C squeezes the cloth,Core task involving high hand activity.,r001,Cleaning,,,506.9735292680658,f5c456b2-b998-4f42-82bd-786833fb3891
Essential Operation,2,,#C C sprays the countertop,Core task involving manual operation with high hand activity.,r001,Cleaning,,,517.4193992680658,f5c456b2-b998-4f42-82bd-786833fb3891
Essential Operation,2,,#C C wipes the countertop,Core task involving manual effort and repetitive hand movements.,r001,Cleaning,,,529.8170192680659,f5c456b2-b998-4f42-82bd-786833fb3891
Object Transfer,2,,#C C puts down the phone,Logistics step of placing an object down.,r001,Cleaning,,,532.7582892680658,f5c456b2-b998-4f42-82bd-786833fb3891
Essential Operation,2,,#C C wipes the cabinet,Core task involving high hand activity.,r001,Cleaning,,,603.2027576136719,f5c456b2-b998-4f42-82bd-786833fb3891
Essential Operation,2,,#C C moves the tap,"Core task involving manipulation of a tap, high hand activity.",r001,Cleaning,,,621.4901376136719,f5c456b2-b998-4f42-82bd-786833fb3891
Essential Operation,2,,#C C wipes the cooker,Core task involving high hand activity.,r001,Cleaning,,,757.1785976136719,f5c456b2-b998-4f42-82bd-786833fb3891
Essential Operation,2,,#C C wipes the counter,Core task involving high hand activity.,r001,Cleaning,,,817.9048918861329,f5c456b2-b998-4f42-82bd-786833fb3891
Locomotion,2,,#C C moves blender,Body moving through space to relocate the blender.,r001,Cleaning,,,887.6956318861329,f5c456b2-b998-4f42-82bd-786833fb3891
Object Transfer,2,,#C C places kitchen towel on the counter,Logistics step involving placing an object.,r001,Cleaning,,,940.8113618861328,f5c456b2-b998-4f42-82bd-786833fb3891
Stationary,2,,#C C stops driving,"Stopping indicates a halt in movement, low body/hand motion.",r001,Walking Outdoors,,,1082.1216726666669,fca39e16-1963-4910-9d23-2614be6c938a
Locomotion,2,,#C C walks on the street,"Body moving through space, indicative of walking.",r001,Walking Outdoors,,,1133.9113366666666,fca39e16-1963-4910-9d23-2614be6c938a
Locomotion,2,,#C C looks forward,Body moving through space while looking forward.,r001,Walking Outdoors,,,1217.9395066666666,fca39e16-1963-4910-9d23-2614be6c938a
Object Transfer,2,,#C C opens the closet door,Logistics action involving opening a door.,r001,Walking Outdoors,,,1438.5043566666668,fca39e16-1963-4910-9d23-2614be6c938a
Object Transfer,2,,#C C picks the folks in the dish washer machine,Logistics step involving picking objects.,r001,Walking Outdoors,,,1497.0495466666666,fca39e16-1963-4910-9d23-2614be6c938a
Object Transfer,2,,#C C picks wine opener in the dish washer machine,Logistics step involving picking up an object.,r001,Walking Outdoors,,,1497.0495466666666,fca39e16-1963-4910-9d23-2614be6c938a
Object Transfer,2,,#C C puts #unsure in the drawer,"The action involves placing an object into a drawer, which is a logistics step.",r001,Walking Outdoors,,,1521.3991566666666,fca39e16-1963-4910-9d23-2614be6c938a
