action,batch,corrected_action,narration_text,reasoning,round,scenario,status_main,status_secondary,timestamp_sec,video_uid
Locomotion,5,Object Transfer,#C C puts bicycle aside,"Body movement to place the bicycle, likely involves standing up or moving to set it aside.",r001,Mechanical Repair,Bad,,875.7727033333333,067b03df-107c-4b7c-9dcc-eb9cdf56d682
Essential Operation,5,,#C C scrubs the carpet with the cloth,Core manual task involving high hand activity.,r001,Cleaning,Gold,,39.4431386,0d825fa6-51fc-41d7-b179-db3b3a0b148f
Object Transfer,5,,#C C places the cloth on the sink,"Logistics step, placing an object.",r001,Cleaning,Gold,,326.6259898207032,0d825fa6-51fc-41d7-b179-db3b3a0b148f
Object Transfer,5,,#C C drops the black funnel on the paper with his left hand.,"[CtxFixed] The action involves deliberately placing the black funnel onto the paper, which fits the criteria for Object Transfer.",r001,Mechanical Repair,Gold,,137.93766,0e61fde0-18ed-44df-8328-816a4756f77e
Essential Operation,5,,#C C inserts the dipstick into the motorcycle with his left hand.,Core task involving high hand activity.,r001,Mechanical Repair,Gold,,139.78308,0e61fde0-18ed-44df-8328-816a4756f77e
Stationary,5,,#C C stops stirring the food with the wooden spoon in her right hand,"Low body/hand motion, indicates a pause or stop in activity.",r001,Cooking,Gold,,76.63169,1120c597-930c-49b7-8a61-f0dce9c31be5
Object Transfer,5,,#C C picks up a bottle on the kitchen slab with her right hand,Logistics step involving picking up an object.,r001,Cooking,Gold,,77.51701,1120c597-930c-49b7-8a61-f0dce9c31be5
Stationary,5,,#C C touches her face with her right hand #unsure,"Low body/hand motion, likely a brief, stationary action.",r001,Cooking,Gold,,98.82568,1120c597-930c-49b7-8a61-f0dce9c31be5
Stationary,5,,#C C holds the wooden spoon with her right hand,"The action involves holding an object without any movement, indicating low energy activity.",r001,Cooking,Gold,,105.10982,1120c597-930c-49b7-8a61-f0dce9c31be5
Essential Operation,5,,#C C stirs the food with the wooden spoon in her right hand,Core task involving repetitive hand movements.,r001,Cooking,Gold,,105.47965,1120c597-930c-49b7-8a61-f0dce9c31be5
Object Transfer,5,,#C C opens the bottle with her right hand,Logistics action involving opening a bottle.,r001,Cooking,Gold,,118.74137,1120c597-930c-49b7-8a61-f0dce9c31be5
Object Transfer,5,,#C C places the phone aside.,Logistics step of putting the phone aside.,r001,Mechanical Repair,Gold,,566.8444921677084,14644fba-afeb-471c-8d82-2a7783dc67c5
Stationary,5,,#C C moves his hand away from the steering wheel.,"Low body/hand motion, indicating a pause or transition to a new action.",r001,Mechanical Repair,Gold,,568.6490621677084,14644fba-afeb-471c-8d82-2a7783dc67c5
Essential Operation,5,,#C C pulls the gear.,"Core task involving manual effort, likely with high hand acceleration.",r001,Mechanical Repair,Gold,,588.9304021677084,14644fba-afeb-471c-8d82-2a7783dc67c5
Stationary,5,Object Transfer,#C C pulls the visor.,The action of pulling a visor is likely a quick movement with minimal body acceleration.,r001,Mechanical Repair,Bad,,933.6292027326308,14644fba-afeb-471c-8d82-2a7783dc67c5
Locomotion,5,Object Transfer,#C C pulls up the gear.,"Body movement to pull up an object, indicating a change in position.",r001,Mechanical Repair,Bad,,985.4939727326308,14644fba-afeb-471c-8d82-2a7783dc67c5
Essential Operation,5,,#C C dips kitchen cloth in the sink,Core task involving high hand activity.,r001,Cleaning,Gold,,6.1873986,17b06e6c-3823-4825-91d1-68a9864bd983
Object Transfer,5,,#C C throws adapter on a window sill,"The action involves placing an object, which is a logistics step.",r001,Cleaning,Gold,,365.2101524964844,17b06e6c-3823-4825-91d1-68a9864bd983
Locomotion,5,Essential Operation,#C C sweeps the other part of the yard with a broom,"Movement through space while performing a task, high body acceleration.",r001,Cleaning,Gold,,148.5106296,18edc157-d1d7-4ad6-bfb9-355c14560a65
Essential Operation,5,,#C C brushes edge floor with the brush,Core manual task involving high hand activity.,r001,Mechanical Repair,Gold,,591.5495381211263,18fc3782-9929-4df3-b6c9-40943de4c22d
Essential Operation,5,,#C C sands the wall with sand paper,Core manual task involving high hand activity.,r001,Mechanical Repair,Gold,,776.7106581211262,18fc3782-9929-4df3-b6c9-40943de4c22d
Essential Operation,5,,#C C takes #unsure,"[CtxFixed] The current action continues the pattern of cleaning the wall, which is consistent with the previous actions classified as 'Essential Operation'.",r001,Mechanical Repair,,Skip,1246.213498456831,18fc3782-9929-4df3-b6c9-40943de4c22d
Search,5,,#C C looks at the screw,"Head movement (visual inspection), hands mostly still.",r001,Carpentry,Gold,,104.49572,1b21ee39-9ed2-4684-96aa-ffa9a7855f3d
Stationary,5,,#C C touches the machine with right hand,"Low body/hand motion, likely checking or adjusting the machine.",r001,Carpentry,Gold,,172.09295,1b21ee39-9ed2-4684-96aa-ffa9a7855f3d
Essential Operation,5,Stationary,#C C moves the right hand to the rod,"Core manual task, high hand activity.",r001,Carpentry,Gold,,253.70786,1b21ee39-9ed2-4684-96aa-ffa9a7855f3d
Stationary,5,,#C C touches the bolt,"The action 'touches the bolt' implies a stationary, low-energy interaction.",r001,Carpentry,Gold,,447.89005,1b21ee39-9ed2-4684-96aa-ffa9a7855f3d
Search,5,,#C C looks at the bolt,"Head movement (visual inspection), hands mostly still.",r001,Carpentry,Gold,,528.23968,1b21ee39-9ed2-4684-96aa-ffa9a7855f3d
Object Transfer,5,,#C C puts the hex key on the machine,Logistics step involving placing an object.,r001,Carpentry,Gold,,644.4026533333333,1b21ee39-9ed2-4684-96aa-ffa9a7855f3d
Stationary,5,,#C C touches the curtain,"Low body/hand motion, likely involves gentle touch.",r001,Carpentry,Gold,,721.8792533333333,1b21ee39-9ed2-4684-96aa-ffa9a7855f3d
Search,5,,#C C looks at the spanners,"Head movement (visual inspection), hands mostly still.",r001,Carpentry,Gold,,1068.4474826666665,1b21ee39-9ed2-4684-96aa-ffa9a7855f3d
Search,5,,#C C looks at the cylinders,"Visual inspection, likely involves head movement and minimal hand activity.",r001,Carpentry,Gold,,1186.2702466666667,1b21ee39-9ed2-4684-96aa-ffa9a7855f3d
Locomotion,5,,#C C takes #unsure,"Movement through space, likely walking or moving with uncertainty.",r001,Walking Outdoors,,Skip,1.46514,1b3c0015-a687-4237-abb5-cde1bfd1e85f
Stationary,5,Object Transfer,#C C presses on the lift button,"Pressing a button involves minimal body movement, primarily hand activity.",r001,Walking Outdoors,Gold,,95.10204,1b3c0015-a687-4237-abb5-cde1bfd1e85f
Locomotion,5,,#C C walks back to the previously marked wall,Body moving through space (walking).,r001,Carpentry,Gold,,97.4228196,1bc1f5e9-9d74-4a07-9d1b-39e5410436b6
Locomotion,5,,#C C walks back to the driller on the floor,Body moving through space (walking).,r001,Carpentry,Gold,,362.7590209546634,1bc1f5e9-9d74-4a07-9d1b-39e5410436b6
Stationary,5,,#C C Holds a packet of pastries with a the other hand,"Low body/hand motion, holding an item.",r001,Cooking,Gold,,8.482655266666667,1d3ef460-0afc-4d50-9701-48204c907b43
Object Transfer,5,,#C C Picks utensils on a table,Logistics/Setup step involving picking up objects.,r001,Cooking,Gold,,24.259205266666665,1d3ef460-0afc-4d50-9701-48204c907b43
Object Transfer,5,,#C C Closes a cooking pot with a lid,Logistics step involving picking up and placing the lid on the pot.,r001,Cooking,Gold,,37.86719526666667,1d3ef460-0afc-4d50-9701-48204c907b43
Object Transfer,5,,#C C Opens a cooking pot,Logistics step involving opening a pot.,r001,Cooking,Gold,,39.59705526666667,1d3ef460-0afc-4d50-9701-48204c907b43
Locomotion,5,Object Transfer,#C C Moves a cooking pot on a gas cooker,"Body moving through space to move a pot, high body acceleration expected.",r001,Cooking,Bad,,40.20487526666667,1d3ef460-0afc-4d50-9701-48204c907b43
Object Transfer,5,,#C C picks earphones on the table.,Logistics step involving picking up an item.,r001,Cooking,Gold,,301.97768526666664,1d3ef460-0afc-4d50-9701-48204c907b43
Essential Operation,5,,#C C cleans cooking stick.,"Core task involving manual cleaning, high hand activity.",r001,Cooking,Gold,,531.8155452666667,1d3ef460-0afc-4d50-9701-48204c907b43
Essential Operation,5,,#C C scrubs plate,Core task involving high hand activity.,r001,Cooking,Gold,,560.3866652666667,1d3ef460-0afc-4d50-9701-48204c907b43
Object Transfer,5,,#C C picks bowl from the sink,Logistics step involving picking up an object.,r001,Cooking,Gold,,580.4965552666667,1d3ef460-0afc-4d50-9701-48204c907b43
Object Transfer,5,,#C C flips plate,Logistics step involving the manipulation and movement of an object.,r001,Cooking,Gold,,639.1569252666667,1d3ef460-0afc-4d50-9701-48204c907b43
Stationary,5,,#C C holds chopping board in the right hand,Holding an object without significant movement.,r001,Cooking,Gold,,660.1869352666668,1d3ef460-0afc-4d50-9701-48204c907b43
Object Transfer,5,Essential Operation,#C C closes the kettle heater,Logistics action involving closing an object.,r001,Cooking,Gold,,12.3196886,1e5ca2af-3f1b-40d5-b3a7-d712ac4b5065
Object Transfer,5,,#C C picks the utensils cleaning scrubber,Logistics step involving picking up an object.,r001,Cooking,Gold,,36.6578286,1e5ca2af-3f1b-40d5-b3a7-d712ac4b5065
Stationary,5,,#C C holds the spoon with left hand.,"Low body/hand motion, holding an object without movement.",r001,Cooking,Gold,,405.831739069057,1e5ca2af-3f1b-40d5-b3a7-d712ac4b5065
Stationary,5,Essential Operation,#C C tastes the mixture.,"Low body/hand motion, primarily involves tasting.",r001,Cooking,Gold,,409.558409069057,1e5ca2af-3f1b-40d5-b3a7-d712ac4b5065
Object Transfer,5,,#C C takes empty packet.,Logistics/Setup step (taking an object).,r001,Cooking,Gold,,492.992299069057,1e5ca2af-3f1b-40d5-b3a7-d712ac4b5065
Object Transfer,5,Stationary,#C C raise hand to the cabinet.,"The action involves reaching for an object, which is a logistics step.",r001,Cooking,Bad,,508.449939069057,1e5ca2af-3f1b-40d5-b3a7-d712ac4b5065
Essential Operation,5,,#C C mixes the mixture.,Core task involving high hand activity.,r001,Cooking,Gold,,513.939609069057,1e5ca2af-3f1b-40d5-b3a7-d712ac4b5065
Object Transfer,5,,#C C puts the bowl in the microwave.,Logistics step involving moving an object to a specific location.,r001,Cooking,Gold,,523.931109069057,1e5ca2af-3f1b-40d5-b3a7-d712ac4b5065
Stationary,5,Essential Operation,#C C licks the spoon.,"Minimal body and hand movement, mostly head and tongue motion.",r001,Cooking,Gold,,531.234279069057,1e5ca2af-3f1b-40d5-b3a7-d712ac4b5065
Essential Operation,5,,#C C cuts one piece of banana.,"Core task, high hand activity.",r001,Cooking,Gold,,551.5506318861329,1e5ca2af-3f1b-40d5-b3a7-d712ac4b5065
Stationary,5,,#C C holds the items with right hand.,"Low body/hand motion, holding items without active manipulation.",r001,Cooking,Gold,,560.8399518861329,1e5ca2af-3f1b-40d5-b3a7-d712ac4b5065
Stationary,5,Object Transfer,#C C arranges kitchen slab.,"Low body/hand motion, arranging likely involves minimal movement.",r001,Cooking,Bad,,562.1181218861328,1e5ca2af-3f1b-40d5-b3a7-d712ac4b5065
Essential Operation,5,,#C C removes excess water from the hand.,Core task involving manual activity with hands.,r001,Cooking,Gold,,620.9814018861329,1e5ca2af-3f1b-40d5-b3a7-d712ac4b5065
Stationary,5,Essential Operation,#C C licks the spices.,"Low body/hand motion, mostly hand to mouth.",r001,Cooking,Gold,,653.7979518861329,1e5ca2af-3f1b-40d5-b3a7-d712ac4b5065
Object Transfer,5,,#C C takes the bowl of food.,Logistics step involving picking up and moving an object.,r001,Cooking,Gold,,674.4191618861329,1e5ca2af-3f1b-40d5-b3a7-d712ac4b5065
Object Transfer,5,,#C C picks a hand switch button on the tool table with his gloved right hand. #Unsure,"The action involves picking up an object, which is a logistics step.",r001,Mechanical Repair,Gold,,26.62359,20400762-1e47-462d-a7d1-64a1b162b1f9
Object Transfer,5,,#C C drops the chisel in his gloved right hand on the tool table.,"[CtxFixed] The action of dropping the chisel onto the tool table is a deliberate placement of the object, which fits the definition of 'Object Transfer'.",r001,Mechanical Repair,Gold,,111.75399,20400762-1e47-462d-a7d1-64a1b162b1f9
Object Transfer,5,,#C C drops the scissors in his gloved right hand on the tool table.,"[CtxFixed] The action of dropping the scissors onto the tool table can be interpreted as a deliberate placement, which fits the definition of 'Object Transfer'.",r001,Mechanical Repair,Gold,,237.59073,20400762-1e47-462d-a7d1-64a1b162b1f9
Essential Operation,5,,#C C rolls his gloved right fingers on the wire in the hand switch. #Unsure,"High hand activity, likely inspecting or manipulating the wire.",r001,Mechanical Repair,Gold,,251.68227,20400762-1e47-462d-a7d1-64a1b162b1f9
Stationary,5,,#C C holds the tissue with both hands. #Unsure,"Low body/hand motion, holding an object.",r001,Mechanical Repair,Gold,,273.97809,20400762-1e47-462d-a7d1-64a1b162b1f9
Object Transfer,5,,#C C places the soldering iron in his gloved right hand into an opening on the work table.,"The action involves placing an object (soldering iron) in a specific location, which is a logistical step.",r001,Mechanical Repair,Gold,,326.09097,20400762-1e47-462d-a7d1-64a1b162b1f9
Essential Operation,5,,#C C soldiers the wires on the trafficator switch of the motorbike in his gloved left hand with the soldering iron in his gloved right hand.,Core manual task involving high hand activity.,r001,Mechanical Repair,Gold,,339.55514,20400762-1e47-462d-a7d1-64a1b162b1f9
Essential Operation,5,,#C C soldiers the steel line wire on the metal stool on the work table with the soldering iron in his gloved right hand. #Unsure,Core task involving high hand activity with the soldering iron.,r001,Mechanical Repair,Gold,,430.61569,20400762-1e47-462d-a7d1-64a1b162b1f9
Essential Operation,5,,#C C clips a wire from the trafficator switch of the motorbike with the plier in his right gloved hand.,Core manual task involving high hand activity.,r001,Mechanical Repair,Gold,,475.69092,20400762-1e47-462d-a7d1-64a1b162b1f9
Object Transfer,5,,#C C picks a welding torch from the work table with his gloved right hand.,Logistics/Setup step involving picking up an object.,r001,Mechanical Repair,Gold,,512.20569,20400762-1e47-462d-a7d1-64a1b162b1f9
Object Transfer,5,,#C C picks a black tape from a hook on the wall with his gloved left hand.,"Logistics step, picking up an object.",r001,Mechanical Repair,Gold,,537.7205,20400762-1e47-462d-a7d1-64a1b162b1f9
Object Transfer,5,,#C C picks a piece of the tape in his gloved left hand with his gloved right hand.,"The action involves picking up an object, which is a logistics step.",r001,Mechanical Repair,Gold,,544.39426,20400762-1e47-462d-a7d1-64a1b162b1f9
Essential Operation,5,,#C C tears off the tape with his gloved right hand.,Core manual task involving high hand activity.,r001,Mechanical Repair,Gold,,568.56934,20400762-1e47-462d-a7d1-64a1b162b1f9
Object Transfer,5,,#C C passes the screwdriver from his gloved right hand to his gloved left hand.,"The action involves passing an object, which is a logistics step.",r001,Mechanical Repair,Gold,,633.50612,20400762-1e47-462d-a7d1-64a1b162b1f9
Object Transfer,5,,#C C retrieves the screw from the back of the trafficator switch in his left gloved hand with his right gloved hand.,"The action involves picking up an object, which is a logistics step.",r001,Mechanical Repair,Gold,,636.99979,20400762-1e47-462d-a7d1-64a1b162b1f9
Essential Operation,5,,#C C tightens the trafficator switch with the screw and screwdriver in both gloved hands.,Core manual task involving high hand activity with a tool.,r001,Mechanical Repair,Gold,,721.23343,20400762-1e47-462d-a7d1-64a1b162b1f9
Stationary,5,,#C C touches the ignition. #Unsure,"Low body/hand motion, possibly inspection or contemplation.",r001,Mechanical Repair,Gold,,761.7677,20400762-1e47-462d-a7d1-64a1b162b1f9
Object Transfer,5,Essential Operation,#C C opens the bolt & washer with both gloved hands. #Unsure,"The action involves opening an object, which is a logistics step.",r001,Mechanical Repair,Gold,,772.74524,20400762-1e47-462d-a7d1-64a1b162b1f9
Stationary,5,Essential Operation,#C C supports the windscreen with his gloved left hand.,"Low body/hand motion, holding position.",r001,Mechanical Repair,Gold,,799.3527799999999,20400762-1e47-462d-a7d1-64a1b162b1f9
Object Transfer,5,,#C C moves a metal stool on the work table with both gloved hands.,Logistics/moving an object (stool) on a surface.,r001,Mechanical Repair,Gold,,845.11877,20400762-1e47-462d-a7d1-64a1b162b1f9
Object Transfer,5,,#C C picks a screwdriver from the work table with his gloved right hand.,"The action involves picking up an object, which is a logistics step.",r001,Mechanical Repair,Gold,,896.18348,20400762-1e47-462d-a7d1-64a1b162b1f9
Object Transfer,5,,#C C pulls out the nut and washer from the windscreen with both gloved hands.,"The action involves picking up and removing objects, which is a logistics step.",r001,Mechanical Repair,Gold,,904.89826,20400762-1e47-462d-a7d1-64a1b162b1f9
Object Transfer,5,,#C C opens the pillion with both gloved hands. #Unsure,"The action involves opening a drawer or container, which is a logistics step.",r001,Mechanical Repair,Gold,,944.99474,20400762-1e47-462d-a7d1-64a1b162b1f9
Stationary,5,,#C C closes the pillion. #Unsure,Closing an item typically involves minimal body movement and can be a static action.,r001,Mechanical Repair,Gold,,963.41688,20400762-1e47-462d-a7d1-64a1b162b1f9
Essential Operation,5,Object Transfer,#C C pulls back a nylon in the pillion with his gloved left hand. #Unsure,"The action involves a core manual task, likely requiring precise hand movements.",r001,Mechanical Repair,Gold,,973.87918,20400762-1e47-462d-a7d1-64a1b162b1f9
Essential Operation,5,Object Transfer,#C C pulls back the cloth in the pillion with his gloved left hand. #Unsure,High hand activity involved in the task of cleaning or wiping a surface.,r001,Mechanical Repair,Gold,,982.3816,20400762-1e47-462d-a7d1-64a1b162b1f9
Locomotion,5,,#C C walks towards the motorbike.,"Body moving through space, indicative of walking.",r001,Mechanical Repair,Gold,,991.65608,20400762-1e47-462d-a7d1-64a1b162b1f9
Essential Operation,5,,#C C fastens the nut in the pillion with his gloved right hand. #Unsure,Core manual task involving hand activity.,r001,Mechanical Repair,Gold,,998.07469,20400762-1e47-462d-a7d1-64a1b162b1f9
Essential Operation,5,,#C C screws a nut in the pillion with the screwdriver in both gloved hands. #Unsure,Core manual task involving high hand activity with a tool.,r001,Mechanical Repair,Gold,,1001.79568,20400762-1e47-462d-a7d1-64a1b162b1f9
Stationary,5,,#C C moves his gloved left hand off the ignition.,The action describes a hand movement that is likely minimal and does not involve any significant body movement or high activity.,r001,Mechanical Repair,Gold,,1051.12696,20400762-1e47-462d-a7d1-64a1b162b1f9
Stationary,5,,#C C holds the throttle of the motorbike with his gloved right hand.,"Low body/hand motion, holding position.",r001,Mechanical Repair,Gold,,1051.12696,20400762-1e47-462d-a7d1-64a1b162b1f9
Stationary,5,,#C C touches the dashboard of the motorbike with his gloved left hand.,"Low body/hand motion, likely inspection or waiting.",r001,Mechanical Repair,Gold,,1066.2770846666665,20400762-1e47-462d-a7d1-64a1b162b1f9
Object Transfer,5,,#C C picks a metal stool from the ground with his gloved left hand.,Logistics step involving picking up an object.,r001,Mechanical Repair,Gold,,1080.1779946666666,20400762-1e47-462d-a7d1-64a1b162b1f9
Essential Operation,5,,#C C unscrews a screw on the motorbike with the screwdriver in both gloved hands.,Core manual task involving high hand activity.,r001,Mechanical Repair,Gold,,1109.889496666667,20400762-1e47-462d-a7d1-64a1b162b1f9
Object Transfer,5,Essential Operation,#C C brings the bike filter down.,Movement of an object from one location to another.,r001,Mechanical Repair,Gold,,1147.1749866666669,20400762-1e47-462d-a7d1-64a1b162b1f9
Locomotion,5,,#C C walks towards a work table.,Body moving through space (walking).,r001,Mechanical Repair,Gold,,1153.5252566666666,20400762-1e47-462d-a7d1-64a1b162b1f9
Essential Operation,5,,#C C cleans the case in his gloved left hand with the napkin in his gloved right hand.,Core manual task involving high hand activity.,r001,Mechanical Repair,Gold,,1175.9450066666666,20400762-1e47-462d-a7d1-64a1b162b1f9
Search,5,,#C C reads the words on the display screen,"Head movement (visual search), hands mostly still.",r001,Desk Work,Gold,,38.079899600000005,20b96ca4-67e5-41e9-87b6-6683bd641df4
Essential Operation,5,,#C C pushes the handbrake,Core manual task involving high hand activity.,r001,Mechanical Repair,Gold,,8.4048886,25eca07b-a5e2-433e-b7c0-24b5d8e153de
Locomotion,5,Essential Operation,#C C drives,"Movement through space, likely involves walking or driving.",r001,Mechanical Repair,Gold,,34.2206586,25eca07b-a5e2-433e-b7c0-24b5d8e153de
Stationary,5,,#C C Raises left hand towards #unsure,"The action described is not clear but implies a pause or uncertainty, which typically involves low energy and motion.",r001,Mechanical Repair,Gold,,1378.133307144922,25eca07b-a5e2-433e-b7c0-24b5d8e153de
Stationary,5,Essential Operation,#C C touches the turning signal,"[CtxFixed] The action of touching the turning signal is a stationary action as it involves activating a switch or button on the vehicle, which does not involve movement of the person or the vehicle itself.",r001,Mechanical Repair,Gold,,1786.7044171449218,25eca07b-a5e2-433e-b7c0-24b5d8e153de
Stationary,5,,#C C takes hand off the steering wheel,"The action indicates a shift to a stationary state, likely with minimal hand movement.",r001,Mechanical Repair,Gold,,1787.801697144922,25eca07b-a5e2-433e-b7c0-24b5d8e153de
Object Transfer,5,,#C C picks spanner from the ground,Logistics step involving picking up an object.,r001,Carpentry,Gold,,6.20925,2b21ad6f-5e35-485b-8f3e-ac6dd1551f62
Object Transfer,5,,#C C takes another container,Logistics/Setup step involving picking up or moving an object.,r001,Cooking,Gold,,152.1812186,2c27b5f1-4af6-49ad-a43c-3efb0c150868
Essential Operation,5,,#C C shakes the blender,Core task involving high hand activity.,r001,Cooking,Gold,,222.6283886,2c27b5f1-4af6-49ad-a43c-3efb0c150868
Essential Operation,5,,#C C adds juice into the food,Core task involving manual activity with the hands.,r001,Cooking,Gold,,236.8212786,2c27b5f1-4af6-49ad-a43c-3efb0c150868
Object Transfer,5,,#C C places a lid on the countertop,Logistics step involving placing an object.,r001,Cooking,Gold,,355.8250492852933,2c27b5f1-4af6-49ad-a43c-3efb0c150868
Object Transfer,5,Stationary,#C C touches a bottle tin,Logistics step involving interaction with an object.,r001,Cooking,Gold,,367.4403292852933,2c27b5f1-4af6-49ad-a43c-3efb0c150868
Object Transfer,5,,#C C opens a paper,"Opening an object, involves short bursts of hand activity.",r001,Cooking,Gold,,412.9370292852933,2c27b5f1-4af6-49ad-a43c-3efb0c150868
Object Transfer,5,,#C C drops a paper,"[CtxFixed] The current action involves C dropping a paper, which is a deliberate placement of the object onto a surface. This fits the criteria for 'Object Transfer'.",r001,Cooking,Gold,,461.7508292852933,2c27b5f1-4af6-49ad-a43c-3efb0c150868
Object Transfer,5,,#C C drops a paper on the counter top,Logistics step of placing an object down.,r001,Cooking,Gold,,486.2366992852933,2c27b5f1-4af6-49ad-a43c-3efb0c150868
Essential Operation,5,Object Transfer,#C C puts the fork in food,Core task involving high hand activity.,r001,Cooking,Gold,,578.684847613672,2c27b5f1-4af6-49ad-a43c-3efb0c150868
Object Transfer,5,,#C C picks the polythene,"Logistics step, picking an object.",r001,Cooking,Gold,,680.5919576136719,2c27b5f1-4af6-49ad-a43c-3efb0c150868
Object Transfer,5,,#C C puts the food in the counter top,Logistics step involving moving an object to a specific location.,r001,Cooking,Gold,,740.5908176136719,2c27b5f1-4af6-49ad-a43c-3efb0c150868
Object Transfer,5,Essential Operation,#C C packs the food,Logistics step involving picking up and putting down objects.,r001,Cooking,Gold,,790.1090776136718,2c27b5f1-4af6-49ad-a43c-3efb0c150868
Stationary,5,,#C C touches the food,"Low body/hand motion, possibly inspecting the food.",r001,Cooking,Gold,,1028.9338581997508,2c27b5f1-4af6-49ad-a43c-3efb0c150868
Object Transfer,5,,#C C closes the polythene of #unsure,Logistics action of closing a container.,r001,Cooking,Gold,,1217.991537144922,2c27b5f1-4af6-49ad-a43c-3efb0c150868
Object Transfer,5,,#C C puts towel on the stove,Logistics step involving picking up and placing the towel.,r001,Cooking,Gold,,1293.182407144922,2c27b5f1-4af6-49ad-a43c-3efb0c150868
Locomotion,5,,#C C moves towards the kitchen,Body moving through space (walking).,r001,Cooking,Gold,,1312.9721371449218,2c27b5f1-4af6-49ad-a43c-3efb0c150868
Object Transfer,5,,#C C puts polythene of #unsure on the chair,Logistics step involving picking up and placing an object.,r001,Cooking,Gold,,1328.2223571449215,2c27b5f1-4af6-49ad-a43c-3efb0c150868
Object Transfer,5,,#C C puts polythene of #unsure in the fridge,Logistics step involving picking up and putting down an object.,r001,Cooking,Gold,,1330.4112771449218,2c27b5f1-4af6-49ad-a43c-3efb0c150868
Object Transfer,5,,#C C puts cube tray on the table,Logistics step involving the placement of an object.,r001,Cooking,Gold,,1340.9672771449218,2c27b5f1-4af6-49ad-a43c-3efb0c150868
Object Transfer,5,,#C C puts the leaves on the carton,Logistics step involving moving leaves to a carton.,r001,Cleaning,Gold,,168.2735196,33a9701c-625d-4500-8ef3-f39bd1f6dc1d
Stationary,5,Essential Operation,#C C aligns the leaves on the carton piece,Low energy activity with minimal movement.,r001,Cleaning,Bad,,215.0533796,33a9701c-625d-4500-8ef3-f39bd1f6dc1d
Search,5,,#C C looks at the leaves,Visual inspection/monitoring with minimal hand movement.,r001,Cleaning,Gold,,308.8977009546634,33a9701c-625d-4500-8ef3-f39bd1f6dc1d
Search,5,,#C C looks at items on the floor,"Head movement (visual search), hands mostly still.",r001,Cleaning,Gold,,355.3658009546634,33a9701c-625d-4500-8ef3-f39bd1f6dc1d
Object Transfer,5,,#C C arranges the leaves,Logistics of moving and arranging objects.,r001,Cleaning,Gold,,388.8691609546634,33a9701c-625d-4500-8ef3-f39bd1f6dc1d
Search,5,,#C C looks at the leaves on the floor,"Visual search with head movement, hands mostly still.",r001,Cleaning,Gold,,480.7196809546634,33a9701c-625d-4500-8ef3-f39bd1f6dc1d
Essential Operation,5,,#C C presses the leaves,"Core manual task involving pressing, high hand activity.",r001,Cleaning,Gold,,543.7511909546635,33a9701c-625d-4500-8ef3-f39bd1f6dc1d
Object Transfer,5,,#C C places the leave on the cardboard,"Logistics step, placing an object.",r001,Cleaning,Gold,,629.0021009546634,33a9701c-625d-4500-8ef3-f39bd1f6dc1d
Essential Operation,5,,#C C presses the leaves decoration,"Core task involving manual effort, likely with hands.",r001,Cleaning,Gold,,632.3390509546634,33a9701c-625d-4500-8ef3-f39bd1f6dc1d
Search,5,,#C C looks at the leaves decoration,"Head movement (visual inspection), hands mostly still.",r001,Cleaning,Gold,,711.8033309546634,33a9701c-625d-4500-8ef3-f39bd1f6dc1d
Stationary,5,,#O person X points to the wall,"Low body/hand motion, pointing does not involve significant movement.",r001,Cleaning,Gold,,932.6794109546634,33a9701c-625d-4500-8ef3-f39bd1f6dc1d
Search,5,,#O person X looks at the wall,"Head movement (visual inspection), hands mostly still.",r001,Cleaning,Gold,,1003.8017609546636,33a9701c-625d-4500-8ef3-f39bd1f6dc1d
Object Transfer,5,Essential Operation,#C C picks plants on the floor,Logistics step involving picking up objects (plants).,r001,Cleaning,Gold,,1132.7103909546634,33a9701c-625d-4500-8ef3-f39bd1f6dc1d
Stationary,5,,#C C holds a leave,"Low body/hand motion, holding an object without movement.",r001,Cleaning,Gold,,1153.7373009546632,33a9701c-625d-4500-8ef3-f39bd1f6dc1d
Search,5,,#O person X looks at the plant decoration on the wall,"Head movement (visual inspection), passive hands.",r001,Cleaning,Gold,,1399.0472909546634,33a9701c-625d-4500-8ef3-f39bd1f6dc1d
Search,5,,#C C looks at the plants on the floor,"Head movement (visual inspection), passive hands.",r001,Cleaning,Gold,,1414.3152009546634,33a9701c-625d-4500-8ef3-f39bd1f6dc1d
Stationary,5,Essential Operation,#C C sticks a plant on the wall,"The action involves a static interaction with the environment, likely with minimal body movement.",r001,Cleaning,Bad,,1460.6361809546634,33a9701c-625d-4500-8ef3-f39bd1f6dc1d
Essential Operation,5,,#C C cuts a piece of tape with scissors,Core task involving high hand activity.,r001,Cleaning,Gold,,1535.6864009546632,33a9701c-625d-4500-8ef3-f39bd1f6dc1d
Object Transfer,5,,#O person X takes a piece of tape from C finger,Logistics step involving the transfer of an object.,r001,Cleaning,Gold,,1538.6130809546632,33a9701c-625d-4500-8ef3-f39bd1f6dc1d
Essential Operation,5,,#O person X attaches the tape on the plant,Core manual task involving precise hand movement.,r001,Cleaning,Gold,,1547.2160809546633,33a9701c-625d-4500-8ef3-f39bd1f6dc1d
Object Transfer,5,Essential Operation,#C C sticks the plant on the wall,"[CtxFixed] The action of sticking the plant on the wall indicates a deliberate placement of an object onto a surface, which fits the definition of Object Transfer.",r001,Cleaning,Gold,,1642.0743109546631,33a9701c-625d-4500-8ef3-f39bd1f6dc1d
Stationary,5,,#C C point to the plant decoration,"Pointing involves minimal movement and is often accompanied by speaking, which indicates a stationary action.",r001,Cleaning,Gold,,1665.1314109546631,33a9701c-625d-4500-8ef3-f39bd1f6dc1d
Search,5,,#C C looks at the plant decoration,"Head movement (visual inspection), passive hands.",r001,Cleaning,Gold,,1668.0258509546632,33a9701c-625d-4500-8ef3-f39bd1f6dc1d
Search,5,,#C C looks at the plant decoration on the wall,"Head movement (visual search), passive hands.",r001,Cleaning,Gold,,1739.225890954663,33a9701c-625d-4500-8ef3-f39bd1f6dc1d
Stationary,5,Search,#C C looks at the monitors on the table,"Low body/hand motion, focused visual activity.",r001,Cleaning,Bad,,1774.2859409546631,33a9701c-625d-4500-8ef3-f39bd1f6dc1d
Object Transfer,5,,#C C places the container lid on the countertop,Logistics step involving placing an object.,r001,Cleaning,Gold,,2137.228400954664,33a9701c-625d-4500-8ef3-f39bd1f6dc1d
Object Transfer,5,,#C C picks the container li,Logistics step involving picking up an object.,r001,Cleaning,Gold,,2146.109090954664,33a9701c-625d-4500-8ef3-f39bd1f6dc1d
Essential Operation,5,,#C C pours spice in the chicken pieces,Core task involving manual dexterity and fine motor skills.,r001,Cleaning,Gold,,2205.012270954664,33a9701c-625d-4500-8ef3-f39bd1f6dc1d
Stationary,5,Object Transfer,#C C slightly moves the container,"Low body/hand motion, slight movement.",r001,Cleaning,Bad,,2256.598780954664,33a9701c-625d-4500-8ef3-f39bd1f6dc1d
Object Transfer,5,,#C C places the chopping sticks in the sink,Logistics step involving picking up and placing an object.,r001,Cleaning,Gold,,2369.0786809546635,33a9701c-625d-4500-8ef3-f39bd1f6dc1d
Essential Operation,5,,#C C washes left hand,"Core manual task, high hand activity.",r001,Cleaning,Gold,,2372.243830954664,33a9701c-625d-4500-8ef3-f39bd1f6dc1d
Object Transfer,5,,#C C places items in the fridge,"Logistics step involving placing items, short bursts of hand acceleration.",r001,Cleaning,Gold,,2578.7177209546635,33a9701c-625d-4500-8ef3-f39bd1f6dc1d
Object Transfer,5,,#C C pushes the paper in the fridge,Logistics of moving an object (paper) into a specific location (fridge).,r001,Cleaning,Gold,,2619.9815309546634,33a9701c-625d-4500-8ef3-f39bd1f6dc1d
Object Transfer,5,,#C C picks the plastic paper,Logistics step involving picking up an object.,r001,Cleaning,Gold,,2678.986860954664,33a9701c-625d-4500-8ef3-f39bd1f6dc1d
Search,5,,#C C looks at the onion,"Head movement (visual inspection), hands mostly still.",r001,Cleaning,Gold,,2752.725870954664,33a9701c-625d-4500-8ef3-f39bd1f6dc1d
Object Transfer,5,,#C C places the onions in one of the trays,Logistics step involving the placement of objects.,r001,Cleaning,Gold,,2774.1225109546635,33a9701c-625d-4500-8ef3-f39bd1f6dc1d
Object Transfer,5,,#C C places the plastic paper on the countertop,Logistics step involving picking up and placing an object.,r001,Cleaning,Gold,,2816.305790954664,33a9701c-625d-4500-8ef3-f39bd1f6dc1d
Object Transfer,5,,#C C places the meat pieces in a plastic paper,Logistics step involving picking up and placing objects.,r001,Cleaning,Gold,,2937.4567609546634,33a9701c-625d-4500-8ef3-f39bd1f6dc1d
Essential Operation,5,Object Transfer,#C C removes plastic paper on the container,Core manual task involving hand activity.,r001,Cleaning,Gold,,2956.082850954664,33a9701c-625d-4500-8ef3-f39bd1f6dc1d
Locomotion,5,,# O man X raises leg,"Body movement through space, specifically raising a leg which involves body acceleration.",r001,Cleaning,Gold,,3069.453820954664,33a9701c-625d-4500-8ef3-f39bd1f6dc1d
Object Transfer,5,,#C C grabs a brush in the pot with his right hand,"The action involves picking up an object, which is a logistics step.",r001,Carpentry,Gold,,28.3971496,34240230-b681-4f0e-b3d8-b486aeb1104d
Locomotion,5,,#C C walks over to a furniture on another table,Body moving through space to reach another location.,r001,Carpentry,Gold,,219.8711796,34240230-b681-4f0e-b3d8-b486aeb1104d
Object Transfer,5,,#C C drops the pot on the furniture table,"[CtxFixed] The action of dropping the pot onto the furniture table indicates a deliberate placement of the object, which fits the criteria for Object Transfer.",r001,Carpentry,Gold,,221.1136496,34240230-b681-4f0e-b3d8-b486aeb1104d
Essential Operation,5,,#C C cleans the brush on the edge of the pot,"Core task involving manual cleaning, high hand activity.",r001,Carpentry,Gold,,222.4587196,34240230-b681-4f0e-b3d8-b486aeb1104d
Essential Operation,5,,#C C applies the liquid paint on the furniture with the brush in his right hand,Core task involving high hand activity.,r001,Carpentry,Gold,,309.4945909546634,34240230-b681-4f0e-b3d8-b486aeb1104d
Stationary,5,,#C C holds the handle of the pot with his left hand,Holding an object without movement.,r001,Carpentry,Gold,,474.9356809546634,34240230-b681-4f0e-b3d8-b486aeb1104d
Object Transfer,5,Essential Operation,#C C dips the brush into the liquid paint in the pot with his right hand,Logistics step of picking up and transferring the brush into the paint pot.,r001,Carpentry,Gold,,480.6073909546634,34240230-b681-4f0e-b3d8-b486aeb1104d
Object Transfer,5,,#C C lifts the pot from the table with his left hand,"Action involves picking up an object, which is a logistics step.",r001,Carpentry,Gold,,729.1967109546634,34240230-b681-4f0e-b3d8-b486aeb1104d
Object Transfer,5,,#C C places the pot on the table with his left hand,"Logistics step, placing an object.",r001,Carpentry,Gold,,744.4293409546634,34240230-b681-4f0e-b3d8-b486aeb1104d
Object Transfer,5,Stationary,#C C removes his left hand from the pot,"The action involves removing a hand from an object, which is a logistics step.",r001,Carpentry,Bad,,758.7558409546634,34240230-b681-4f0e-b3d8-b486aeb1104d
Search,5,,#C C looks around in the studio room.,"Head movement (visual search), hands mostly still.",r001,Playing Instrument,Gold,,357.2756474820286,35b37e37-6bb1-4131-be37-693e9b794a97
Object Transfer,5,Essential Operation,#C C adjusts the cable.,"Logistics step, likely involves picking up or moving the cable.",r001,Playing Instrument,Gold,,455.0140274820286,35b37e37-6bb1-4131-be37-693e9b794a97
Essential Operation,5,,#C C plays the mbira.,Core manual task involving high hand activity.,r001,Playing Instrument,Gold,,502.1780374820286,35b37e37-6bb1-4131-be37-693e9b794a97
Stationary,5,,#C C converses with X.,Low body/hand motion.,r001,Playing Instrument,Gold,,565.7973121677084,35b37e37-6bb1-4131-be37-693e9b794a97
Stationary,5,Search,#O producer X points towards the work desk.,Pointing is a low-energy gesture.,r001,Playing Instrument,Gold,,573.0564821677084,35b37e37-6bb1-4131-be37-693e9b794a97
Stationary,5,Essential Operation,#C C adjusts the mbira.,"Adjusting an instrument typically involves small, precise movements that do not involve significant body or hand acceleration.",r001,Playing Instrument,Bad,,648.9919621677084,35b37e37-6bb1-4131-be37-693e9b794a97
Search,5,,#C C looks around in the studio.,"Head movement (visual search), hands mostly still.",r001,Playing Instrument,Gold,,690.0810621677084,35b37e37-6bb1-4131-be37-693e9b794a97
Essential Operation,5,,#O producer X adjusts the right hand.,Core manual task involving fine hand movements.,r001,Playing Instrument,Gold,,705.8419721677084,35b37e37-6bb1-4131-be37-693e9b794a97
Locomotion,5,,#O producer X walks around in the studio.,"Body moving through space, associated with high body acceleration.",r001,Playing Instrument,Gold,,782.4352221677084,35b37e37-6bb1-4131-be37-693e9b794a97
Object Transfer,5,,#C C adjusts the plastic paper.,Logistics step involving picking up or adjusting an object.,r001,Playing Instrument,Gold,,838.8102027881419,35b37e37-6bb1-4131-be37-693e9b794a97
Object Transfer,5,,#C C adjusts papers and an envelope on the table.,Logistics step involving moving objects (papers and envelope).,r001,Playing Instrument,Gold,,847.4589527881419,35b37e37-6bb1-4131-be37-693e9b794a97
Stationary,5,Object Transfer,#C C adjusts a #unsure on the work desk.,Adjusting an item on a desk typically involves fine motor movements and is not associated with significant body or hand acceleration.,r001,Playing Instrument,Bad,,854.5778327881419,35b37e37-6bb1-4131-be37-693e9b794a97
Object Transfer,5,,#C C adjusts a flower on the work desk.,"The action involves picking up and placing the flower, which is a logistics step.",r001,Playing Instrument,Gold,,936.278042788142,35b37e37-6bb1-4131-be37-693e9b794a97
Object Transfer,5,Essential Operation,#C C adjusts a board on the floor.,Logistics step involving picking up or putting down an object.,r001,Playing Instrument,Gold,,959.793612788142,35b37e37-6bb1-4131-be37-693e9b794a97
Object Transfer,5,,#C C receives the studio light from X.,Logistics step involving receiving an object.,r001,Playing Instrument,Gold,,995.849602788142,35b37e37-6bb1-4131-be37-693e9b794a97
Object Transfer,5,,#C C puts the studio light on the work desk.,Logistics action of placing an object.,r001,Playing Instrument,Gold,,1008.594642788142,35b37e37-6bb1-4131-be37-693e9b794a97
Object Transfer,5,,#C C puts the mbira on the work desk.,"Logistics step, placing an object down.",r001,Playing Instrument,Gold,,1082.4703461214751,35b37e37-6bb1-4131-be37-693e9b794a97
Object Transfer,5,Essential Operation,#C C adjusts the microphone,Logistics step involving the setup or adjustment of an object.,r001,Playing Instrument,Gold,,1094.5250152666663,35b37e37-6bb1-4131-be37-693e9b794a97
Stationary,5,Object Transfer,#C C pulls the sleeve up,The action involves adjusting clothing and does not involve significant body or hand motion.,r001,Playing Instrument,Gold,,1204.903195266667,35b37e37-6bb1-4131-be37-693e9b794a97
Essential Operation,5,,#C C plucks the tines with the thumbs,Core manual task involving high hand activity.,r001,Playing Instrument,Gold,,1246.4027352666667,35b37e37-6bb1-4131-be37-693e9b794a97
Stationary,5,Essential Operation,#C C switches the lights off,"Low body/hand motion, possibly involving a simple action like flipping a switch.",r001,Playing Instrument,Bad,,1281.3339852666666,35b37e37-6bb1-4131-be37-693e9b794a97
Stationary,5,Essential Operation,#O a man Y switches the lights off,"The action of switching lights off is a brief, low-energy motion.",r001,Playing Instrument,Bad,,1336.1000152666666,35b37e37-6bb1-4131-be37-693e9b794a97
Stationary,5,Essential Operation,#O a man Y holds a phone on the tripod stand,"The action describes holding a phone on a tripod, which indicates a low-energy, static position.",r001,Playing Instrument,Gold,,1470.6616114530716,35b37e37-6bb1-4131-be37-693e9b794a97
Stationary,5,Essential Operation,#O a man Y holds the tripod stand,Holding a stationary object with no significant movement.,r001,Playing Instrument,Gold,,1473.9433914530716,35b37e37-6bb1-4131-be37-693e9b794a97
Object Transfer,5,Essential Operation,#c c pick the meat with the chinese stick,Logistics step involving picking up an object.,r001,Cooking,Gold,,25.120389600000003,35e004f4-ad64-4835-9358-38a58b431252
Object Transfer,5,Essential Operation,#c c pick the meat from the bowl,Logistics step involving picking up an object.,r001,Cooking,Gold,,113.0753896,35e004f4-ad64-4835-9358-38a58b431252
Object Transfer,5,,#c c put the meat in the bowl,Logistics step involving picking up and placing the meat in the bowl.,r001,Cooking,Gold,,331.8493109546634,35e004f4-ad64-4835-9358-38a58b431252
Object Transfer,5,,#c c pick the towel,Logistics step involving picking up an object.,r001,Cooking,Gold,,390.7308009546634,35e004f4-ad64-4835-9358-38a58b431252
Object Transfer,5,,#c c hang the cooking spoon,Logistics step involving picking up and hanging an object.,r001,Cooking,Gold,,457.9234009546634,35e004f4-ad64-4835-9358-38a58b431252
Essential Operation,5,,#c c pour oil in the pan,Core task involving a manual operation with high hand activity.,r001,Cooking,Gold,,570.1133642879968,35e004f4-ad64-4835-9358-38a58b431252
Object Transfer,5,,#c c close the oil top,Logistics step involving closing an object.,r001,Cooking,Gold,,573.7939142879968,35e004f4-ad64-4835-9358-38a58b431252
Essential Operation,5,,#c c stir the onion with the wooden spoon,Core task involving high hand activity.,r001,Cooking,Gold,,713.5197942879968,35e004f4-ad64-4835-9358-38a58b431252
Essential Operation,5,,#c c push the meat with the dough,Core task involving high hand activity.,r001,Cooking,Gold,,770.1199742879967,35e004f4-ad64-4835-9358-38a58b431252
Essential Operation,5,,#c c rinse the knife,Core task involving high hand activity.,r001,Cooking,Gold,,830.3966942879968,35e004f4-ad64-4835-9358-38a58b431252
Object Transfer,5,,#c c put the dough in the pan,Logistics step of placing the dough into the pan.,r001,Cooking,Gold,,873.0723442879968,35e004f4-ad64-4835-9358-38a58b431252
Essential Operation,5,,#c c cut the dough,"Core task, high hand activity.",r001,Cooking,Gold,,878.4993242879967,35e004f4-ad64-4835-9358-38a58b431252
Essential Operation,5,,#c c stir the food with the wooden spoon,Core task involving high hand activity.,r001,Cooking,Gold,,995.4399242879967,35e004f4-ad64-4835-9358-38a58b431252
Object Transfer,5,,#c c pick the sponge,"Logistics/Setup step, picking up an object.",r001,Cooking,Gold,,1078.86922762133,35e004f4-ad64-4835-9358-38a58b431252
Essential Operation,5,,#C C stirs the maize,Core task involving high hand activity.,r001,Cooking,Gold,,2116.045454287997,35e004f4-ad64-4835-9358-38a58b431252
Stationary,5,,#O A man X holds cards in his left hand.,"The action describes holding cards without any significant movement, indicating a low energy state.",r001,Playing Instrument,Gold,,-3.999999999976245e-07,36f976f4-ba4e-4564-b970-82f8692b8c61
Stationary,5,,#O The man X touches his face with his right hand.,"The action described involves a minor movement that is not characteristic of a core task, logistics, search, or an error. It is more indicative of a brief, non-task related movement while in a stationary state.",r001,Playing Instrument,Gold,,106.5443196,36f976f4-ba4e-4564-b970-82f8692b8c61
Stationary,5,,#O The man X interacts with man Z.,"The action described does not specify any physical activity, implying a stationary or low-energy interaction.",r001,Playing Instrument,Gold,,123.2043796,36f976f4-ba4e-4564-b970-82f8692b8c61
Stationary,5,,#O The man Z adjusts his shirt with his left hand.,"Adjusting attire is a low-energy activity, typically done while standing still.",r001,Playing Instrument,Gold,,155.3986396,36f976f4-ba4e-4564-b970-82f8692b8c61
Object Transfer,5,,#O The man X passes the card in his right hand to man Y.,"The action involves passing an object, which is a form of logistics or transfer.",r001,Playing Instrument,Gold,,167.4525296,36f976f4-ba4e-4564-b970-82f8692b8c61
Object Transfer,5,,#O The man X places the card in his right hand on the table.,"Placing an object, involves short bursts of hand acceleration.",r001,Playing Instrument,Gold,,189.9658296,36f976f4-ba4e-4564-b970-82f8692b8c61
Stationary,5,,#O The man X laughs at man Y.,"Low body/hand motion, indicative of a stationary activity like talking.",r001,Playing Instrument,Gold,,212.0160396,36f976f4-ba4e-4564-b970-82f8692b8c61
Object Transfer,5,,#O The man Z moves the cards on the table with both hands.,"Logistics step involving moving objects (cards), short bursts of hand acceleration.",r001,Playing Instrument,Gold,,308.0108809546634,36f976f4-ba4e-4564-b970-82f8692b8c61
Stationary,5,,#O The man Y interacts with man X.,"The action describes an interaction between two people, which likely involves speaking or observing, with minimal body or hand motion.",r001,Playing Instrument,Gold,,366.8943409546634,36f976f4-ba4e-4564-b970-82f8692b8c61
Stationary,5,,#O The man Y interacts with man Z.,The action description does not indicate any specific movement or interaction that would classify under the other categories.,r001,Playing Instrument,Gold,,366.8943409546634,36f976f4-ba4e-4564-b970-82f8692b8c61
Object Transfer,5,,#O The man Z places the card in his left hand on the table.,The action involves moving an object (the card) to a specific location (the table).,r001,Playing Instrument,Gold,,389.1709509546634,36f976f4-ba4e-4564-b970-82f8692b8c61
Object Transfer,5,,#O The man Z passes the card in his left hand to man X.,"The action involves passing an object, which is a logistics step.",r001,Playing Instrument,Gold,,496.1037309546634,36f976f4-ba4e-4564-b970-82f8692b8c61
Object Transfer,5,,#O man Y drops card on the table with right hand.,Refined via regex fallback,r001,Playing Instrument,Gold,,606.2799309546634,36f976f4-ba4e-4564-b970-82f8692b8c61
Object Transfer,5,,#O man W drops card on the table with right hand.,"The action involves placing an object (card) on a surface, which is a logistics step.",r001,Playing Instrument,Gold,,748.7927469546635,36f976f4-ba4e-4564-b970-82f8692b8c61
Stationary,5,,#O The man Y stretches his right hand.,"The action describes a stretching motion which is not continuous and does not involve active playing of the instrument, indicating low energy and a stationary position.",r001,Playing Instrument,Gold,,894.3269409546634,36f976f4-ba4e-4564-b970-82f8692b8c61
Object Transfer,5,,#O The man Y places the card in his right hand on the table.,The action involves placing an object (card) on a surface (table).,r001,Playing Instrument,Gold,,1033.4917509546635,36f976f4-ba4e-4564-b970-82f8692b8c61
Stationary,5,,#O The man Z rests both hands on the table.,"Low body/hand motion, indicating a rest or pause.",r001,Playing Instrument,Gold,,1043.7961009546634,36f976f4-ba4e-4564-b970-82f8692b8c61
Stationary,5,,#O The man X places his right hand on his right leg.,Placing a hand on a leg indicates a preparatory or idle motion with low energy.,r001,Playing Instrument,Gold,,1049.4556609546637,36f976f4-ba4e-4564-b970-82f8692b8c61
Object Transfer,5,,#O man F drops card on the table.,Refined via regex fallback,r001,Playing Instrument,Gold,,1252.2245079546633,36f976f4-ba4e-4564-b970-82f8692b8c61
Stationary,5,,#O man D shares card.,The action describes a share or transfer which is likely a stationary interaction without significant body or hand motion.,r001,Playing Instrument,Gold,,1593.7101509546633,36f976f4-ba4e-4564-b970-82f8692b8c61
Stationary,5,Essential Operation,#O man A plays a card.,"Playing a card is a low-energy, stationary action.",r001,Playing Instrument,Bad,,1764.1869509546632,36f976f4-ba4e-4564-b970-82f8692b8c61
Search,5,,#C C looks at the phone on the table,"Head movement (visual search), hands mostly still.",r001,Desk Work,Gold,,257.69707960000005,398ad750-86ea-4298-a97a-b6b689f1ad13
Stationary,5,,#C C holds the gear lever,"Low body/hand motion, holding an object without movement.",r001,Mechanical Repair,Gold,,591.6583669784222,3d8f5230-0c22-4018-86b0-e6d851b74b11
Object Transfer,5,,#C C picks the hand sanitizer,"Logistics/Setup step, picking up an object.",r001,Mechanical Repair,Gold,,692.0249903117555,3d8f5230-0c22-4018-86b0-e6d851b74b11
Essential Operation,5,,#C C removes the bolt on the blue color scooter with his gloved left hand.,Removing a bolt is a core manual task involving high hand activity.,r001,Mechanical Repair,Gold,,65.31817,3dedfa92-4e30-47ed-9611-aa4f79a32a13
Object Transfer,5,,#C C drops the bottle on the workshop table with his gloved left hand.,"[CtxFixed] The action of dropping the bottle onto the workshop table is a deliberate placement, which fits the criteria for 'Object Transfer'.",r001,Mechanical Repair,Gold,,76.66028,3dedfa92-4e30-47ed-9611-aa4f79a32a13
Object Transfer,5,,#C C passes the screw driver from his gloved left hand to his gloved right hand.,"The action involves passing an object, which is a logistics step.",r001,Mechanical Repair,Gold,,79.86906,3dedfa92-4e30-47ed-9611-aa4f79a32a13
Locomotion,5,,#C C walks to the blue color scooter.,Body moving through space (walking).,r001,Mechanical Repair,Gold,,213.4415,3dedfa92-4e30-47ed-9611-aa4f79a32a13
Stationary,5,,#C C touches the scooter tube with both hands.,"Low body/hand motion, likely inspecting.",r001,Mechanical Repair,Gold,,232.47417,3dedfa92-4e30-47ed-9611-aa4f79a32a13
Locomotion,5,,#O A dog X walks inside the workshop.,"Movement through space, indicative of walking.",r001,Mechanical Repair,Gold,,270.3164,3dedfa92-4e30-47ed-9611-aa4f79a32a13
Essential Operation,5,,#C C loosens the bolts in the engine on the table with the screw driver in both gloved hands.,Core manual task involving high hand activity.,r001,Mechanical Repair,Gold,,398.61089,3dedfa92-4e30-47ed-9611-aa4f79a32a13
Object Transfer,5,Essential Operation,#C C removes the bolt from the engine with his gloved right hand.,Logistics step involving the removal of an object.,r001,Mechanical Repair,Gold,,407.48586,3dedfa92-4e30-47ed-9611-aa4f79a32a13
Object Transfer,5,,#C C drops the bolt inside the steel bowl on the table with his gloved right hand.,Refined via regex fallback,r001,Mechanical Repair,Gold,,408.09823,3dedfa92-4e30-47ed-9611-aa4f79a32a13
Object Transfer,5,,#C C picks nails from the box in his gloved left hand.,"The action involves picking up items, which is a logistics step.",r001,Mechanical Repair,Gold,,462.58981,3dedfa92-4e30-47ed-9611-aa4f79a32a13
Object Transfer,5,,#C C drops the loosened engine part inside the steel bowl with his gloved hand.,"[CtxFixed] The action involves moving the loosened engine part from the table to the steel bowl, which fits the definition of transferring an object from one location to another.",r001,Mechanical Repair,Gold,,508.56945,3dedfa92-4e30-47ed-9611-aa4f79a32a13
Object Transfer,5,,#C C picks the screw from the table with his gloved right hand.,"Logistics step, picking up an object.",r001,Mechanical Repair,Gold,,539.4392046666667,3dedfa92-4e30-47ed-9611-aa4f79a32a13
Object Transfer,5,,#C C removes a cover from the workshop table clamp with both gloved hands.,Logistics step involving the removal of an object.,r001,Mechanical Repair,Gold,,586.2838366666667,3dedfa92-4e30-47ed-9611-aa4f79a32a13
Object Transfer,5,,#C C drops the bolt in his gloved right hand to his gloved left hand.,"[CtxFixed] The action involves transferring the bolt from the right hand to the left hand, which is a deliberate movement of the object.",r001,Mechanical Repair,Gold,,626.3808666666666,3dedfa92-4e30-47ed-9611-aa4f79a32a13
Object Transfer,5,,#C C picks the screw driver on the workshop table with his gloved right hand.,"The action involves picking up an object, which is a logistics step.",r001,Mechanical Repair,Gold,,726.9070766666666,3dedfa92-4e30-47ed-9611-aa4f79a32a13
Object Transfer,5,,#C C picks a paper from the workshop table with his gloved right hand.,Logistics step involving picking up an object.,r001,Mechanical Repair,Gold,,767.3018766666667,3dedfa92-4e30-47ed-9611-aa4f79a32a13
Essential Operation,5,,#C C cleans the lubricant with the paper in his gloved right hand.,"Core manual task involving cleaning, high hand activity.",r001,Mechanical Repair,Gold,,789.2416466666666,3dedfa92-4e30-47ed-9611-aa4f79a32a13
Essential Operation,5,,#C C tightens the screw with the screwdriver in his gloved right hand.,Core manual task involving high hand activity.,r001,Mechanical Repair,Gold,,858.5118566666667,3dedfa92-4e30-47ed-9611-aa4f79a32a13
Object Transfer,5,,#C C drops the plier on the table with his gloved right hand.,Refined via regex fallback,r001,Mechanical Repair,Gold,,888.3955766666667,3dedfa92-4e30-47ed-9611-aa4f79a32a13
Essential Operation,5,,#C C places the screw in a hole with the screwdriver in his gloved right hand.,"Core manual task, high hand activity with the screwdriver.",r001,Mechanical Repair,Gold,,911.4967766666666,3dedfa92-4e30-47ed-9611-aa4f79a32a13
Object Transfer,5,,#C C drops the carburetor on the table with his gloved right hand.,Refined via regex fallback,r001,Mechanical Repair,Gold,,922.4744966666668,3dedfa92-4e30-47ed-9611-aa4f79a32a13
Object Transfer,5,,#C C picks the air blow gun of the air blower with his gloved right hand.,Logistics step of picking up the air blow gun.,r001,Mechanical Repair,Gold,,928.0992166666668,3dedfa92-4e30-47ed-9611-aa4f79a32a13
Object Transfer,5,,#C C transfers the air blow gun from his gloved left hand to his gloved right hand.,"The action involves moving an object between hands, which is a logistics step.",r001,Mechanical Repair,Gold,,930.9634366666668,3dedfa92-4e30-47ed-9611-aa4f79a32a13
Object Transfer,5,,#C C puts the screw in his mouth with his gloved left hand.,Logistics step involving picking up the screw.,r001,Mechanical Repair,Gold,,941.5445766666668,3dedfa92-4e30-47ed-9611-aa4f79a32a13
Stationary,5,,#C C holds the screw with both gloved hands.,"Low body/hand motion, holding the screw.",r001,Mechanical Repair,Gold,,975.8643166666668,3dedfa92-4e30-47ed-9611-aa4f79a32a13
Object Transfer,5,,#C C drops the spanner on the table with his gloved right hand.,Refined via regex fallback,r001,Mechanical Repair,Gold,,1082.2707713333334,3dedfa92-4e30-47ed-9611-aa4f79a32a13
Essential Operation,5,,#C C blows the pipe of the carburetor with the air blow gun on his gloved right hand.,Core manual task involving high hand activity.,r001,Mechanical Repair,Gold,,1138.6289033333333,3dedfa92-4e30-47ed-9611-aa4f79a32a13
Object Transfer,5,,#C C places the air blow gun on the bench vice with his gloved right hand.,"Placing an object, which is a logistics step involving short bursts of hand acceleration.",r001,Mechanical Repair,Gold,,1139.5180933333334,3dedfa92-4e30-47ed-9611-aa4f79a32a13
Locomotion,5,Stationary,#O man W talks on the walkway,Body moving through space (walking).,r001,Walking Outdoors,Bad,,130.27109,4469a684-b4f9-4b50-a26f-2943f477a420
Stationary,5,,#O man T talks on the walkway,"Low body/hand motion, despite being on a walkway, the focus is on talking.",r001,Walking Outdoors,Gold,,164.56492,4469a684-b4f9-4b50-a26f-2943f477a420
Locomotion,5,,#O man T moves on the walkway,"Body moving through space, indicative of walking.",r001,Walking Outdoors,Gold,,268.19096,4469a684-b4f9-4b50-a26f-2943f477a420
Stationary,5,,#O O holds the keys on the hand,Holding keys in hand indicates low body and hand motion.,r001,Walking Outdoors,Gold,,412.12104,4469a684-b4f9-4b50-a26f-2943f477a420
Locomotion,5,,#O man X cycles on the walkway,Body moving through space via cycling.,r001,Walking Outdoors,Gold,,429.35509,4469a684-b4f9-4b50-a26f-2943f477a420
Locomotion,5,Stationary,#O man A speaks with gestures,"The action involves movement through space, even with gestures, which indicates locomotion.",r001,Walking Outdoors,Bad,,756.1587993333333,4469a684-b4f9-4b50-a26f-2943f477a420
Search,5,,#C C looks at man B,"Head movement (visual search), hands mostly still.",r001,Walking Outdoors,,Skip,872.6076133333333,4469a684-b4f9-4b50-a26f-2943f477a420
Stationary,5,Essential Operation,#O chef A serves rice on a plate,"The action describes a serving action which is likely to be a precise and controlled movement, not involving significant body motion.",r001,Walking Outdoors,Bad,,904.7823333333332,4469a684-b4f9-4b50-a26f-2943f477a420
Locomotion,5,,#O chef A walks,"Body moving through space, indicative of walking.",r001,Walking Outdoors,Gold,,917.8603333333332,4469a684-b4f9-4b50-a26f-2943f477a420
Locomotion,5,Stationary,#O man E speaks with gestures,"Body is in motion (walking), gestures are secondary.",r001,Walking Outdoors,Bad,,939.4373333333332,4469a684-b4f9-4b50-a26f-2943f477a420
Locomotion,5,Essential Operation,#O chef A serves rice,"The action implies movement through space, likely walking to serve rice.",r001,Walking Outdoors,Bad,,967.4209333333332,4469a684-b4f9-4b50-a26f-2943f477a420
Stationary,5,,#O man F greets C,"Low body/hand motion, likely involves speaking or gesturing.",r001,Walking Outdoors,Gold,,1033.1633333333334,4469a684-b4f9-4b50-a26f-2943f477a420
Locomotion,5,,#O server Z walks,"Body moving through space, indicative of walking.",r001,Walking Outdoors,Gold,,1089.2209533333337,4469a684-b4f9-4b50-a26f-2943f477a420
Object Transfer,5,,#C C opens the salad container,Logistics step involving opening a container.,r001,Walking Outdoors,Gold,,1097.3663333333334,4469a684-b4f9-4b50-a26f-2943f477a420
Search,5,,#C C looks at the coca cola can,"Head movement (visual search), hands mostly still.",r001,Walking Outdoors,Gold,,1138.8453333333332,4469a684-b4f9-4b50-a26f-2943f477a420
Locomotion,5,Stationary,#O man X interacts with C,"The action implies movement through space, likely walking.",r001,Walking Outdoors,Bad,,1239.2771433333332,4469a684-b4f9-4b50-a26f-2943f477a420
Stationary,5,,#O man A talks,"Low body/hand motion, likely standing still while talking.",r001,Walking Outdoors,Gold,,1450.6646826666663,4469a684-b4f9-4b50-a26f-2943f477a420
Locomotion,5,Stationary,#O man D speaks with gestures,"Body moving through space with gestures, indicating movement.",r001,Walking Outdoors,Bad,,1608.8226826666669,4469a684-b4f9-4b50-a26f-2943f477a420
Object Transfer,5,,#O man A picks the spoon,"The action involves picking up an object, which is a logistics step.",r001,Walking Outdoors,Gold,,1630.7386826666666,4469a684-b4f9-4b50-a26f-2943f477a420
Stationary,5,,#O man A scratches head,"Low body/hand motion, focused action (scratching head).",r001,Walking Outdoors,Gold,,1662.4396666666669,4469a684-b4f9-4b50-a26f-2943f477a420
Stationary,5,Essential Operation,#O man A operates phone,Operating a phone typically involves minimal body movement and is generally a stationary activity.,r001,Walking Outdoors,Bad,,1686.996666666667,4469a684-b4f9-4b50-a26f-2943f477a420
Stationary,5,Essential Operation,#O man F eats,"The action describes a person eating, which is typically associated with low body and hand motion.",r001,Walking Outdoors,Bad,,1826.4346666666663,4469a684-b4f9-4b50-a26f-2943f477a420
Stationary,5,,#O man B wipes face with a hand,The action involves a single hand movement while the person is likely standing or paused during locomotion.,r001,Walking Outdoors,Gold,,1857.3936666666664,4469a684-b4f9-4b50-a26f-2943f477a420
Stationary,5,,#O man A touches phone,The action described is a static interaction with an object (touching the phone) rather than movement through space.,r001,Walking Outdoors,Gold,,1912.1646666666663,4469a684-b4f9-4b50-a26f-2943f477a420
Locomotion,5,Object Transfer,#O man B removes face mask,"The action is part of a walking scenario, indicating movement through space.",r001,Walking Outdoors,Bad,,2094.445186666667,4469a684-b4f9-4b50-a26f-2943f477a420
Stationary,5,,#O man A wipes his left hand fingers with right hand,The action described involves a minor hand movement and does not involve significant body motion or locomotion.,r001,Walking Outdoors,Gold,,2245.4210000000003,4469a684-b4f9-4b50-a26f-2943f477a420
Stationary,5,Essential Operation,#O man B operates phone,"The action implies holding and operating a phone, which typically involves low body and hand motion.",r001,Walking Outdoors,Bad,,2249.083,4469a684-b4f9-4b50-a26f-2943f477a420
Essential Operation,5,,#O man A eats salad,"The action involves eating, which is a core manual task with high hand activity.",r001,Walking Outdoors,Gold,,2371.5620000000004,4469a684-b4f9-4b50-a26f-2943f477a420
Search,5,,#O man D looks at his phone,"Head movement (looking at phone), hands mostly still.",r001,Walking Outdoors,Gold,,2405.577,4469a684-b4f9-4b50-a26f-2943f477a420
Locomotion,5,Stationary,#O man B speaks with gestures,"Body moving through space (walking), gestures indicate active movement.",r001,Walking Outdoors,Bad,,2500.24244,4469a684-b4f9-4b50-a26f-2943f477a420
Locomotion,5,,#O man B folds a leg,"Body movement during walking, involves leg folding which is part of the walking gait.",r001,Walking Outdoors,,Skip,2800.766,4469a684-b4f9-4b50-a26f-2943f477a420
Stationary,5,,#O man A picks teeth,The action of picking teeth is a stationary activity with minimal body movement.,r001,Walking Outdoors,Gold,,2854.8053493333337,4469a684-b4f9-4b50-a26f-2943f477a420
Locomotion,5,,#C C speaks with gestures,"Body moving through space (walking), gestures are secondary.",r001,Walking Outdoors,,Skip,3044.887333333333,4469a684-b4f9-4b50-a26f-2943f477a420
Search,5,,#O Man D looks at Man F,"Head movement (visual search), hands mostly still.",r001,Walking Outdoors,Gold,,3295.529933333333,4469a684-b4f9-4b50-a26f-2943f477a420
Locomotion,5,,#O Man F gestures,"The action implies movement through space, likely walking.",r001,Walking Outdoors,,Skip,3314.897563333333,4469a684-b4f9-4b50-a26f-2943f477a420
Object Transfer,5,,#O Man A takes the can from the table,Logistics/Setup step (taking an object).,r001,Walking Outdoors,Gold,,3317.089883333333,4469a684-b4f9-4b50-a26f-2943f477a420
Stationary,5,,#O Man A sits back on the chair,"The action describes a person sitting back on a chair, indicating a stationary position with low body and hand motion.",r001,Walking Outdoors,Gold,,3369.4106433333336,4469a684-b4f9-4b50-a26f-2943f477a420
Stationary,5,,#O Man A touches his face with the left hand,"The action involves a minor, localized movement (touching face) without significant body or hand acceleration.",r001,Walking Outdoors,Gold,,3510.8333733333334,4469a684-b4f9-4b50-a26f-2943f477a420
Stationary,5,,#O Man A moves his hand,The action describes a hand movement without indicating significant body motion or locomotion.,r001,Walking Outdoors,Gold,,3524.391853333333,4469a684-b4f9-4b50-a26f-2943f477a420
Stationary,5,,#O Man D holds a bottle of water,"The action describes holding a bottle of water, which indicates a static posture with minimal movement.",r001,Walking Outdoors,Gold,,3533.816083333333,4469a684-b4f9-4b50-a26f-2943f477a420
Stationary,5,,#O Man B moves on his chair,"The action describes movement on a chair, which is low body motion.",r001,Walking Outdoors,,Skip,3589.8110326666665,4469a684-b4f9-4b50-a26f-2943f477a420
Stationary,5,Essential Operation,#O Man B taps on his phone's screen,"The action involves tapping on a phone's screen, which is a low-energy activity with minimal body movement.",r001,Walking Outdoors,Bad,,3604.2948926666654,4469a684-b4f9-4b50-a26f-2943f477a420
Stationary,5,,#O Man F gestures with the left hand,"The action describes a gesture with the hand while walking is not mentioned, indicating a pause or stationary moment.",r001,Walking Outdoors,Gold,,3606.1909826666665,4469a684-b4f9-4b50-a26f-2943f477a420
Stationary,5,,#O Man A puts the left hand on top of the right hand,The action described is a static gesture without significant body movement.,r001,Walking Outdoors,Gold,,3751.288432666666,4469a684-b4f9-4b50-a26f-2943f477a420
Stationary,5,Object Transfer,#O Man B stretches his t-shirt outwards,The action describes a static gesture (stretching a shirt) rather than movement through space.,r001,Walking Outdoors,Bad,,3782.4486126666666,4469a684-b4f9-4b50-a26f-2943f477a420
Stationary,5,,#O Man A gestures,The action 'gestures' implies a stationary pose with minimal locomotion.,r001,Walking Outdoors,Gold,,3789.6486426666665,4469a684-b4f9-4b50-a26f-2943f477a420
Stationary,5,,#O Man G moves his fingers on the table,"The action describes a hand movement on a table, which indicates low body motion and a stationary position.",r001,Walking Outdoors,Gold,,3830.7853266666666,4469a684-b4f9-4b50-a26f-2943f477a420
Locomotion,5,,#O Man A lowers his hand,"The action is part of a walking scenario, which implies continuous movement through space.",r001,Walking Outdoors,,Skip,3925.767666666666,4469a684-b4f9-4b50-a26f-2943f477a420
Stationary,5,,#O Man B scratches his head,The action involves a stationary activity (scratching head) rather than locomotion or other high-energy movements.,r001,Walking Outdoors,Gold,,3999.8959466666665,4469a684-b4f9-4b50-a26f-2943f477a420
Stationary,5,,#O Man B touches his neck,"The action describes a specific body part interaction, indicating a low-energy, stationary activity.",r001,Walking Outdoors,Gold,,4007.8871966666666,4469a684-b4f9-4b50-a26f-2943f477a420
Stationary,5,,#O Man A gestures with the left hand,Gesturing with one hand while walking is less likely; more consistent with a stationary pose or talking.,r001,Walking Outdoors,Gold,,4126.206116666666,4469a684-b4f9-4b50-a26f-2943f477a420
Locomotion,5,,#O Man F raises the right hand,"The action is occurring while the person is walking, which is a form of locomotion.",r001,Walking Outdoors,,Skip,4129.8303866666665,4469a684-b4f9-4b50-a26f-2943f477a420
Locomotion,5,,#O Man F raises both hands,"The action is likely occurring during movement, but the primary focus is on the body moving through space.",r001,Walking Outdoors,,Skip,4159.173316666666,4469a684-b4f9-4b50-a26f-2943f477a420
Stationary,5,,#O Man F rests his elbow on the table,The action describes a resting position with minimal movement.,r001,Walking Outdoors,Gold,,4183.230376666666,4469a684-b4f9-4b50-a26f-2943f477a420
Stationary,5,,#O Man F gestures with the right hand,"Low body/hand motion, focused on hand gesture.",r001,Walking Outdoors,Gold,,4247.152406,4469a684-b4f9-4b50-a26f-2943f477a420
Stationary,5,,#O Man B gestures with the right hand,"The action describes a gesture with the right hand, indicating a low level of body movement.",r001,Walking Outdoors,Gold,,4310.492216000001,4469a684-b4f9-4b50-a26f-2943f477a420
Stationary,5,Essential Operation,#O Man B swipes on his phone's screen,"The action involves a hand movement on a phone's screen while walking, but the primary focus is on the interaction with the phone, which is a low-energy activity.",r001,Walking Outdoors,Bad,,4364.67137,4469a684-b4f9-4b50-a26f-2943f477a420
Essential Operation,5,Object Transfer,#O Man A scoops the cinnamon roll,"The action involves a core manual task, scooping, which involves high hand activity.",r001,Walking Outdoors,Gold,,4376.88042,4469a684-b4f9-4b50-a26f-2943f477a420
Search,5,,#O Man A looks at his phone,"Head movement (looking at phone), hands mostly still.",r001,Walking Outdoors,Gold,,4554.0145600000005,4469a684-b4f9-4b50-a26f-2943f477a420
Stationary,5,Essential Operation,#O Man D switches the phone off,"The action involves a change in phone status, which is a low-energy activity.",r001,Walking Outdoors,Bad,,4580.029930000001,4469a684-b4f9-4b50-a26f-2943f477a420
Locomotion,5,,#C C moves the right hand,"The action is likely part of walking, which involves movement through space.",r001,Walking Outdoors,,Skip,4732.33665,4469a684-b4f9-4b50-a26f-2943f477a420
Stationary,5,,#O Man F touches his face,The action involves a static gesture (touching face) rather than movement through space.,r001,Walking Outdoors,Gold,,4775.32577,4469a684-b4f9-4b50-a26f-2943f477a420
Stationary,5,,#C C gestures with the right hand,The action involves a hand gesture while the body remains relatively still.,r001,Walking Outdoors,Gold,,4784.662160000001,4469a684-b4f9-4b50-a26f-2943f477a420
Object Transfer,5,,#O Man G puts the phone on the table,"The action involves placing an object (phone) on a surface (table), which is a logistics step.",r001,Walking Outdoors,Gold,,4812.8686800000005,4469a684-b4f9-4b50-a26f-2943f477a420
Essential Operation,5,,#O Man F hits the left hand with the right hand,"Core manual task involving hand movement, likely for balance or signaling.",r001,Walking Outdoors,,Skip,4896.1383000000005,4469a684-b4f9-4b50-a26f-2943f477a420
Stationary,5,,#O Man B gestures his right hand,"The action describes a hand gesture without significant movement, indicating a low energy state.",r001,Walking Outdoors,Gold,,4958.316509333334,4469a684-b4f9-4b50-a26f-2943f477a420
Search,5,,#O Man D points at the phone's screen,Head and hand movement focused on visual interaction with the phone.,r001,Walking Outdoors,Gold,,4999.234449333334,4469a684-b4f9-4b50-a26f-2943f477a420
Stationary,5,,#O Man F touches his head,"The action involves touching the head, which is a low-energy, stationary activity.",r001,Walking Outdoors,Gold,,5028.597869333334,4469a684-b4f9-4b50-a26f-2943f477a420
Search,5,,#O Man G points at the phone's screen,"Head movement (visual search), hands mostly still.",r001,Walking Outdoors,Gold,,5050.549939333334,4469a684-b4f9-4b50-a26f-2943f477a420
Stationary,5,Object Transfer,#O Man B puts the paper on the table,"The action involves placing an item on a table, which is a brief interaction rather than continuous motion.",r001,Walking Outdoors,Bad,,5252.341723333334,4469a684-b4f9-4b50-a26f-2943f477a420
Stationary,5,,#O Man B touches his hair,The action described involves a minor gesture (touching hair) rather than movement through space.,r001,Walking Outdoors,Gold,,5275.944083333334,4469a684-b4f9-4b50-a26f-2943f477a420
Stationary,5,,#O Man F talks,"Low body/hand motion, indicative of talking or idle state.",r001,Walking Outdoors,Gold,,5288.5816933333335,4469a684-b4f9-4b50-a26f-2943f477a420
Stationary,5,,#O Man D gestures with the left hand,Gesturing with the hand while walking is not a core locomotion activity but rather a stationary action with minimal body movement.,r001,Walking Outdoors,Gold,,5326.870063333334,4469a684-b4f9-4b50-a26f-2943f477a420
Stationary,5,,#O Man B points at C,Pointing action involves minimal body movement.,r001,Walking Outdoors,Gold,,5335.3460233333335,4469a684-b4f9-4b50-a26f-2943f477a420
Stationary,5,,#O Man B rubs his nose,"Low body/hand motion, rubbing nose is a minor action.",r001,Walking Outdoors,Gold,,5348.173763333333,4469a684-b4f9-4b50-a26f-2943f477a420
Stationary,5,,#C C waves his hand,"Low body/hand motion, likely a brief, isolated action.",r001,Walking Outdoors,Gold,,523.48792,453dc4a1-57b2-4803-9156-cf30016c3a79
Object Transfer,5,Essential Operation,#C C unfolds the towel,"The action involves picking up and unfolding an object, which is a logistics step.",r001,Walking Outdoors,Bad,,721.3020393333333,453dc4a1-57b2-4803-9156-cf30016c3a79
Stationary,5,,#O man Y points C,"The action involves pointing, which is a stationary activity with minimal body movement.",r001,Walking Outdoors,Gold,,788.8283993333333,453dc4a1-57b2-4803-9156-cf30016c3a79
Locomotion,5,,#C C operates the treadmill,Body moving through space (operating a treadmill involves walking in place).,r001,Walking Outdoors,Gold,,880.6988833333334,453dc4a1-57b2-4803-9156-cf30016c3a79
Search,5,Essential Operation,#O man Y takes a photograph,"Head movement (aiming camera), hands mostly still.",r001,Walking Outdoors,Bad,,2128.458246,453dc4a1-57b2-4803-9156-cf30016c3a79
Stationary,5,,#O O stands in the gym,"Low body/hand motion, indicates a pause or waiting.",r001,Walking Outdoors,Gold,,3019.7038233333333,453dc4a1-57b2-4803-9156-cf30016c3a79
Locomotion,5,,#C C moves in the gym,"Body moving through space, indicative of walking or moving in a gym setting.",r001,Walking Outdoors,Gold,,3389.689953333333,453dc4a1-57b2-4803-9156-cf30016c3a79
Search,5,,#C C looks around the gym,"Head movement (visual search), hands mostly still.",r001,Walking Outdoors,Gold,,3454.6368933333333,453dc4a1-57b2-4803-9156-cf30016c3a79
Stationary,5,Essential Operation,#O O wipes the weight rack,"The action involves cleaning a stationary object, indicating low body and hand motion.",r001,Walking Outdoors,Bad,,3585.4099226666667,453dc4a1-57b2-4803-9156-cf30016c3a79
Locomotion,5,,#O O walks in the gym,"Body moving through space, indicative of walking.",r001,Walking Outdoors,Gold,,3590.6982426666664,453dc4a1-57b2-4803-9156-cf30016c3a79
Locomotion,5,Stationary,#O O communicates on the walkway,"Movement through space, indicative of walking.",r001,Walking Outdoors,Bad,,3938.6282166666665,453dc4a1-57b2-4803-9156-cf30016c3a79
Essential Operation,5,,#C C cuts flower,"Core task, high hand activity.",r001,Gardening,Gold,,53.4095,46f5a400-654f-4aa3-8185-da5ea97bc1a6
Essential Operation,5,,#C C trims flower,Core task involving manual operation with high hand activity.,r001,Gardening,Gold,,74.22783,46f5a400-654f-4aa3-8185-da5ea97bc1a6
Stationary,5,,#C C holds flowers,"Low body/hand motion, holding position.",r001,Gardening,Gold,,98.02559,46f5a400-654f-4aa3-8185-da5ea97bc1a6
Stationary,5,,#c c touch the face,"Low body/hand motion, likely idle or paused action.",r001,Cooking,Gold,,23.9663496,48d07017-2af5-41c3-83a7-814721012f94
Essential Operation,5,,#c c fold the dirt with the hand,"Core task involving hands, likely high hand activity.",r001,Cooking,Gold,,53.3321596,48d07017-2af5-41c3-83a7-814721012f94
Object Transfer,5,,#c c pick chickpeas from the shelf,Logistics step involving picking up an object.,r001,Cooking,Gold,,96.8066496,48d07017-2af5-41c3-83a7-814721012f94
Essential Operation,5,,#c c pour chickpeas in the tin,"Core task involving manual pouring, high hand activity.",r001,Cooking,Gold,,127.6463196,48d07017-2af5-41c3-83a7-814721012f94
Essential Operation,5,,#c c wash chickpeas,Core task involving high hand activity.,r001,Cooking,Gold,,167.1106796,48d07017-2af5-41c3-83a7-814721012f94
Object Transfer,5,,#c c pick Quaker,"The action involves picking up an object, which is a logistics step.",r001,Cooking,Gold,,243.7195396,48d07017-2af5-41c3-83a7-814721012f94
Essential Operation,5,,#c c stir the oat with the spoon,Core task involving high hand activity.,r001,Cooking,Gold,,288.7911409546634,48d07017-2af5-41c3-83a7-814721012f94
Stationary,5,,#c c hold the cup,"Low body/hand motion, holding an object without movement.",r001,Cooking,Gold,,353.5719909546634,48d07017-2af5-41c3-83a7-814721012f94
Object Transfer,5,,#c c remove the sandal,Logistics/Setup step (removing an item).,r001,Cooking,Gold,,709.4216186,48d07017-2af5-41c3-83a7-814721012f94
Essential Operation,5,,#c c wash the leaves,"Core task, high hand activity.",r001,Cooking,Gold,,775.3465986,48d07017-2af5-41c3-83a7-814721012f94
Object Transfer,5,,#c c pour water in the sink,Logistics step involving the transfer of water into the sink.,r001,Cooking,Gold,,776.2428286,48d07017-2af5-41c3-83a7-814721012f94
Object Transfer,5,,#c c pick the bowl,Logistics step involving picking up an object.,r001,Cooking,Gold,,814.3922186,48d07017-2af5-41c3-83a7-814721012f94
Object Transfer,5,,#c c close the drawer,Logistics step involving the interaction with a drawer.,r001,Cooking,Gold,,819.6996986,48d07017-2af5-41c3-83a7-814721012f94
Object Transfer,5,,#c c put the bowl lid on the table,Logistics step involving placing an object.,r001,Cooking,Gold,,821.9434586,48d07017-2af5-41c3-83a7-814721012f94
Object Transfer,5,,#c c push the bowl,Logistics/movement of the bowl.,r001,Cooking,Gold,,832.6465686,48d07017-2af5-41c3-83a7-814721012f94
Stationary,5,,#c c raise the hand,"Low body/hand motion, raising hand is a minor movement.",r001,Cooking,Gold,,832.9484486,48d07017-2af5-41c3-83a7-814721012f94
Essential Operation,5,Object Transfer,#c c pick the leaves in the bowl,Core task involving manual dexterity and manipulation.,r001,Cooking,Gold,,902.1491286,48d07017-2af5-41c3-83a7-814721012f94
Essential Operation,5,,#c c wipe the leaves,Core task involving high hand activity.,r001,Cooking,Gold,,906.4367886,48d07017-2af5-41c3-83a7-814721012f94
Essential Operation,5,,#c c press the leaves,"Core task involving manipulation, likely with hands.",r001,Cooking,Gold,,994.8186986,48d07017-2af5-41c3-83a7-814721012f94
Essential Operation,5,,#c c wipe the leaves with the paper towel,Core task involving manual activity with hands.,r001,Cooking,Gold,,1089.1615286,48d07017-2af5-41c3-83a7-814721012f94
Essential Operation,5,,#c c wipe the leaves with the serviette,Core task involving high hand activity.,r001,Cooking,Gold,,1148.7296209546632,48d07017-2af5-41c3-83a7-814721012f94
Object Transfer,5,,#c c put the serviette in the bowl,Logistics step involving picking up and placing an object.,r001,Cooking,Gold,,1229.5782609546632,48d07017-2af5-41c3-83a7-814721012f94
Object Transfer,5,,#c c pick the dirt,Logistics step involving picking up an object.,r001,Cooking,Gold,,1238.6504009546634,48d07017-2af5-41c3-83a7-814721012f94
Essential Operation,5,,#c c shake the leaves,"Core task involving hands, likely with irregular motion.",r001,Cooking,Gold,,1359.6441009546634,48d07017-2af5-41c3-83a7-814721012f94
Object Transfer,5,,#c c pic the bowl lid,"Logistics step, picking up an object.",r001,Cooking,,Skip,1408.1357309546634,48d07017-2af5-41c3-83a7-814721012f94
Object Transfer,5,,#c c move the pan,"Moving an object (pan), short burst of hand acceleration.",r001,Cooking,Gold,,1499.0127109546634,48d07017-2af5-41c3-83a7-814721012f94
Stationary,5,Object Transfer,#c c arrange the grass in the rack,"The action involves arranging items, which likely involves minimal movement and mostly stationary hand actions.",r001,Cooking,Bad,,1581.1391309546634,48d07017-2af5-41c3-83a7-814721012f94
Object Transfer,5,,#c c put #unsure in the rack door,"Logistics step, putting an item in a specific location.",r001,Cooking,Gold,,1620.4253009546633,48d07017-2af5-41c3-83a7-814721012f94
Object Transfer,5,,#c c push the rack in the drawer,Logistics step involving moving an object (rack) into a drawer.,r001,Cooking,Gold,,1645.124240954663,48d07017-2af5-41c3-83a7-814721012f94
Object Transfer,5,,#c c put the chopping board in the sink,Logistics step involving moving an object (chopping board) to a location (sink).,r001,Cooking,Gold,,1682.016000954663,48d07017-2af5-41c3-83a7-814721012f94
Object Transfer,5,,#c c put the sheet on the table,"Logistics step, moving an object to a location.",r001,Cooking,Gold,,1923.0354909546631,48d07017-2af5-41c3-83a7-814721012f94
Locomotion,5,Object Transfer,#c c push the mattress in the bed,"Body movement to push the mattress, involves high body acceleration.",r001,Cooking,Bad,,2051.834580954663,48d07017-2af5-41c3-83a7-814721012f94
Object Transfer,5,,#c c close the door,"Closing an object (the door), involves a specific action with the hand.",r001,Cooking,Gold,,2242.512030954664,48d07017-2af5-41c3-83a7-814721012f94
Essential Operation,5,,#C C dials laptop,Core manual task involving hand activity.,r001,Desk Work,Gold,,17.1369086,49888696-0791-4b97-8e11-9b712d73b03e
Stationary,5,,#C C holds the next wire,"Low body/hand motion, holding an object without movement.",r001,Carpentry,Gold,,150.55003,49d911e6-b9c7-4709-ace1-f3ee7c05d5fa
Stationary,5,Search,#C C stares at the screen.,"Low body/hand motion, focused attention.",r001,Desk Work,Bad,,544.7683286000001,4ee4d53c-82d6-4900-b3e9-91ddf911bc5f
Search,5,,#C C looks on the monitor,"Visual search on the monitor, likely involves head movement.",r001,Desk Work,Gold,,759.0361386000001,4ee4d53c-82d6-4900-b3e9-91ddf911bc5f
Search,5,,#c c look around,"Head movement (looking around), passive hands.",r001,Desk Work,Gold,,824.5924286000001,4ee4d53c-82d6-4900-b3e9-91ddf911bc5f
Search,5,,#C c looks at the desktop on his right,"Head movement (visual search), hands mostly still.",r001,Desk Work,Gold,,1929.9020852666663,4ee4d53c-82d6-4900-b3e9-91ddf911bc5f
Essential Operation,5,,#C C clicks on the computer mouse with his right hand.,Core manual task involving high hand activity.,r001,Playing Instrument,Gold,,36.150369600000005,4f71337b-ddf2-4458-8eff-078521dc169b
Essential Operation,5,,#C C plays the computer game with the computer mouse in his right hand.,Core manual task involving high hand activity.,r001,Playing Instrument,Gold,,370.6324709546634,4f71337b-ddf2-4458-8eff-078521dc169b
Stationary,5,,#C C scratches his right hand with his left hand.,"[CtxFixed] The action of scratching one's hand does not involve movement to a new location, transfer of objects, or searching for something. It is a stationary action performed to relieve an itch or discomfort.",r001,Playing Instrument,Gold,,1811.3692509546631,4f71337b-ddf2-4458-8eff-078521dc169b
Essential Operation,5,,#C C presses the keys on a computer keyboard with his left hand.,Core task involving high hand activity.,r001,Playing Instrument,Gold,,2509.9321009546634,4f71337b-ddf2-4458-8eff-078521dc169b
Stationary,5,,#C C moves his right hand to his face. #unsure,"The action described is a movement that does not involve continuous motion or high activity, suggesting a preparatory or paused state.",r001,Playing Instrument,Gold,,3233.465980954664,4f71337b-ddf2-4458-8eff-078521dc169b
Stationary,5,,#C C lifts his left hand towards his face. #unsure,"The action described involves a single hand movement towards the face, which does not indicate significant body motion or sustained activity that would classify it under other categories.",r001,Playing Instrument,Gold,,3806.786430954664,4f71337b-ddf2-4458-8eff-078521dc169b
Stationary,5,Object Transfer,#C C moves a mouse connected to a desktop computer in a white table with his right hand.,"Low body/hand motion, high likelihood of minimal movement.",r001,Playing Instrument,Bad,,3809.827520954664,4f71337b-ddf2-4458-8eff-078521dc169b
Essential Operation,5,,#C C moves a mouse connected to a desktop system on a white table with his right hand.,"Core task involving high hand activity, likely related to computer interaction.",r001,Playing Instrument,Gold,,4067.068130954664,4f71337b-ddf2-4458-8eff-078521dc169b
Object Transfer,5,,#C C picks up a bag of #unsure,Logistics step involving picking up an object.,r001,Carpentry,Gold,,6.52832,52778079-3106-4b2c-a694-e4961e5721bd
Object Transfer,5,,#C C removes a #unsure from the bag,Logistics step involving picking up an object.,r001,Carpentry,Gold,,15.09115,52778079-3106-4b2c-a694-e4961e5721bd
Locomotion,5,Object Transfer,#C C rolls the #unsure on the fence,"Body movement through space, likely involves rolling or moving an object.",r001,Carpentry,Bad,,45.33202,52778079-3106-4b2c-a694-e4961e5721bd
Stationary,5,Object Transfer,#C C sticks the wire on the wall,"The action of sticking wire on the wall is likely a precise, stationary task with minimal body movement.",r001,Carpentry,Bad,,76.44497,52778079-3106-4b2c-a694-e4961e5721bd
Locomotion,5,,#O a child B walks around the house,"The action involves movement through space, which corresponds to walking.",r001,Walking Outdoors,Gold,,422.23128095466336,584f625d-15b0-49e8-bfa6-718b9cf010e0
Stationary,5,Object Transfer,#C C puts the clothe on a surface,"The action involves placing an object on a surface, which is a low-energy activity.",r001,Walking Outdoors,Bad,,823.3110742879967,584f625d-15b0-49e8-bfa6-718b9cf010e0
Stationary,5,,#C C holds the child B,"Holding a child involves low body and hand motion, indicating a stationary or paused action.",r001,Walking Outdoors,Gold,,842.1939442879968,584f625d-15b0-49e8-bfa6-718b9cf010e0
Stationary,5,Essential Operation,#C C aligns the yarn,"The action described does not indicate movement or high activity, suggesting a low-energy, possibly stationary state.",r001,Walking Outdoors,Bad,,1118.0712719791666,584f625d-15b0-49e8-bfa6-718b9cf010e0
Essential Operation,5,Stationary,#C C holds the crochet hook with the right hand,Core manual task involving high hand activity.,r001,Walking Outdoors,Gold,,1176.3835719791666,584f625d-15b0-49e8-bfa6-718b9cf010e0
Essential Operation,5,Stationary,#C C holds the crochet hook with the left hand,Core manual task involving high hand activity.,r001,Walking Outdoors,Bad,,1312.4368419791667,584f625d-15b0-49e8-bfa6-718b9cf010e0
Essential Operation,5,,#C C interchanges the crochet hook,Core manual task involving high hand activity.,r001,Walking Outdoors,Gold,,1334.143181979167,584f625d-15b0-49e8-bfa6-718b9cf010e0
Object Transfer,5,,#C C puts the scissors on the table,"Logistics step, placing an object down.",r001,Walking Outdoors,Gold,,1448.01002762133,584f625d-15b0-49e8-bfa6-718b9cf010e0
Stationary,5,Essential Operation,#C C drains water from the socks,The action involves a manual task that does not involve movement through space.,r001,Walking Outdoors,Bad,,1575.5340376213298,584f625d-15b0-49e8-bfa6-718b9cf010e0
Stationary,5,Object Transfer,#C C puts the socks on a basin,The action involves a static activity (putting socks on a basin) with minimal body movement.,r001,Walking Outdoors,Bad,,1625.846308954663,584f625d-15b0-49e8-bfa6-718b9cf010e0
Essential Operation,5,,#C C mixes the detergent with water,"Core manual task involving mixing, high hand activity.",r001,Walking Outdoors,Gold,,1639.2416809546633,584f625d-15b0-49e8-bfa6-718b9cf010e0
Object Transfer,5,,#C C picks a package of tissue papers,Logistics step of picking up an object.,r001,Walking Outdoors,Gold,,1673.1394709546632,584f625d-15b0-49e8-bfa6-718b9cf010e0
Object Transfer,5,,#C C puts the package on a shelf,Logistics step involving placing an object.,r001,Walking Outdoors,Gold,,1694.2061009546633,584f625d-15b0-49e8-bfa6-718b9cf010e0
Object Transfer,5,,#C C puts the tissue papers on a surface,"Action involves placing an object, indicative of logistics and setup.",r001,Walking Outdoors,Gold,,1726.8685109546634,584f625d-15b0-49e8-bfa6-718b9cf010e0
Object Transfer,5,,#C C puts the teddy bear on a chair,Logistics step involving placing an object (teddy bear) on a surface (chair).,r001,Walking Outdoors,Gold,,1792.0463809546634,584f625d-15b0-49e8-bfa6-718b9cf010e0
Essential Operation,5,,#C C picks a thread,"Core manual task (picking a thread), high hand activity.",r001,Walking Outdoors,Gold,,1811.3300909546635,584f625d-15b0-49e8-bfa6-718b9cf010e0
Object Transfer,5,,#C C moves the bottles away from the cooker,Logistics step involving moving objects.,r001,Cooking,Gold,,7.3380286,59867cc2-3e1f-4dea-b4d7-dbaf55982e72
Stationary,5,Search,#C C stares at the baking tray,"Low body/hand motion, focused gaze.",r001,Cooking,Bad,,20.3509686,59867cc2-3e1f-4dea-b4d7-dbaf55982e72
Object Transfer,5,,#C C fetches the paste with the spoon,Logistics step involving picking up and transferring the spoon.,r001,Cooking,Gold,,53.3530286,59867cc2-3e1f-4dea-b4d7-dbaf55982e72
Object Transfer,5,,#C C picks up the package,Logistics step involving picking up an object.,r001,Cooking,Gold,,65.92131859999999,59867cc2-3e1f-4dea-b4d7-dbaf55982e72
Locomotion,5,,#C C walks towards the trash can,Body moving through space (walking).,r001,Cooking,Gold,,89.4500286,59867cc2-3e1f-4dea-b4d7-dbaf55982e72
Object Transfer,5,,#C C throws the can in the trash can,"[CtxFixed] The action of throwing the can into the trash can is a deliberate placement of the can into the trash can, which fits the definition of an Object Transfer.",r001,Cooking,Gold,,91.8788886,59867cc2-3e1f-4dea-b4d7-dbaf55982e72
Object Transfer,5,,#C C picks up the carrot,"Logistics step, picking up an object.",r001,Cooking,Gold,,114.1960286,59867cc2-3e1f-4dea-b4d7-dbaf55982e72
Essential Operation,5,,#C C scrapes the paste off the spoon with the carrot,Core task involving high hand activity.,r001,Cooking,Gold,,114.9835586,59867cc2-3e1f-4dea-b4d7-dbaf55982e72
Object Transfer,5,,#C C picks up the onion,"Logistics/Setup step, picking up an object.",r001,Cooking,Gold,,233.7515786,59867cc2-3e1f-4dea-b4d7-dbaf55982e72
Essential Operation,5,,#C C spreads spices on the onion,Core task involving fine motor skills and high hand activity.,r001,Cooking,Gold,,255.8572486,59867cc2-3e1f-4dea-b4d7-dbaf55982e72
Object Transfer,5,,#C C places the piece on the baking tray,Logistics step involving placing an object.,r001,Cooking,Gold,,268.6856786,59867cc2-3e1f-4dea-b4d7-dbaf55982e72
Essential Operation,5,,#C C moves up the onion piece,Core task involving high hand activity.,r001,Cooking,Gold,,268.9997386,59867cc2-3e1f-4dea-b4d7-dbaf55982e72
Object Transfer,5,,#C C picks a soap from the soap dish,Logistics step involving picking up an object.,r001,Cooking,Gold,,293.9177098207032,59867cc2-3e1f-4dea-b4d7-dbaf55982e72
Essential Operation,5,,#C C wipes the tray with finger,Core task involving manual effort with high hand activity.,r001,Cooking,Gold,,318.04587982070314,59867cc2-3e1f-4dea-b4d7-dbaf55982e72
Essential Operation,5,Object Transfer,#C C closes the storage container with lid,Closing a storage container involves a core manual task with significant hand activity.,r001,Cooking,Bad,,342.8390698207032,59867cc2-3e1f-4dea-b4d7-dbaf55982e72
Object Transfer,5,,#C C picks a storage container from the table,Logistics/Setup step involving picking up an object.,r001,Cooking,Gold,,346.5215498207032,59867cc2-3e1f-4dea-b4d7-dbaf55982e72
Essential Operation,5,,#C C washes the cooking pot with the cleaning sponge,Core task involving high hand activity.,r001,Cooking,Gold,,429.8007198207032,59867cc2-3e1f-4dea-b4d7-dbaf55982e72
Object Transfer,5,,#C C picks a polythene pack from the table,Logistics step involving picking up an object.,r001,Cooking,Gold,,508.7205398207032,59867cc2-3e1f-4dea-b4d7-dbaf55982e72
Object Transfer,5,,#C C moves a disposable cup on the table,Logistics/Setup step involving moving an object.,r001,Cooking,Gold,,510.0042498207032,59867cc2-3e1f-4dea-b4d7-dbaf55982e72
Object Transfer,5,,#C C closes the storage cabinet,Logistics/Setup step involving closing an object.,r001,Cooking,Gold,,524.8299698207031,59867cc2-3e1f-4dea-b4d7-dbaf55982e72
Locomotion,5,,#O a woman X walks towards C,Body moving through space (walking action).,r001,Cooking,Gold,,607.4330145734143,59867cc2-3e1f-4dea-b4d7-dbaf55982e72
Object Transfer,5,,#C C places the dish on the chopping board,"Logistics step, moving the dish to the chopping board.",r001,Cooking,Gold,,650.8850145734143,59867cc2-3e1f-4dea-b4d7-dbaf55982e72
Stationary,5,,#C C talks to a woman X,Low body/hand motion during conversation.,r001,Cooking,Gold,,694.5234345734143,59867cc2-3e1f-4dea-b4d7-dbaf55982e72
Stationary,5,,#O a woman X talks to C,"Low body/hand motion, likely involves speaking.",r001,Cooking,Gold,,702.2379645734143,59867cc2-3e1f-4dea-b4d7-dbaf55982e72
Object Transfer,5,,#C C unloads the items in the cabinet,Logistics step involving picking up and putting down objects.,r001,Cooking,Gold,,803.357681240081,59867cc2-3e1f-4dea-b4d7-dbaf55982e72
Search,5,,#C C searches in the cabinet.,"Head movement (visual search), hands mostly still.",r001,Cooking,Gold,,825.1906942803387,59867cc2-3e1f-4dea-b4d7-dbaf55982e72
Object Transfer,5,,#C C picks a garlic on the kitchen counter.,Logistics step involving picking up an object.,r001,Cooking,Gold,,864.4992342803387,59867cc2-3e1f-4dea-b4d7-dbaf55982e72
Object Transfer,5,,#C C puts the olive oil bottle and the bottle lid on the kitchen counter.,Logistics step involving placing objects on a surface.,r001,Cooking,Gold,,957.8242942803386,59867cc2-3e1f-4dea-b4d7-dbaf55982e72
Object Transfer,5,,#C C drops a garlic skin covers on the kitchen counter.,"[CtxFixed] The action of dropping the garlic skin covers onto the kitchen counter indicates a deliberate placement of the object, which fits the criteria for 'Object Transfer'.",r001,Cooking,Gold,,1013.6041442803388,59867cc2-3e1f-4dea-b4d7-dbaf55982e72
Object Transfer,5,,#C C drops an onion skin cover piece on the kitchen counter.,"[CtxFixed] The action of dropping an onion skin cover piece onto the kitchen counter can be interpreted as a deliberate placement, which fits the 'Object Transfer' category.",r001,Cooking,Gold,,1060.5346842803388,59867cc2-3e1f-4dea-b4d7-dbaf55982e72
Essential Operation,5,Object Transfer,#C C turns the onion,"Core task involving manipulation, high hand activity.",r001,Cooking,Bad,,1091.404826252995,59867cc2-3e1f-4dea-b4d7-dbaf55982e72
Object Transfer,5,,#C C picks onions from the chopping board,Logistics step involving picking up objects.,r001,Cooking,Gold,,1151.6991962529949,59867cc2-3e1f-4dea-b4d7-dbaf55982e72
Object Transfer,5,,#C C puts onion peel on the table,Logistics step involving moving an object.,r001,Cooking,Gold,,1209.5376262529949,59867cc2-3e1f-4dea-b4d7-dbaf55982e72
Essential Operation,5,Object Transfer,#C C moves a carrot on the chopping board,"Core task involving manipulation of an object, high hand activity.",r001,Cooking,Gold,,1377.3463619791669,59867cc2-3e1f-4dea-b4d7-dbaf55982e72
Essential Operation,5,Object Transfer,#C C throws the carrot in the tray,Core task involving active hand movement.,r001,Cooking,Gold,,1390.3688919791666,59867cc2-3e1f-4dea-b4d7-dbaf55982e72
Essential Operation,5,,#C C peels the garlic skin with the hands,"Core task involving manual manipulation, high hand activity.",r001,Cooking,Gold,,1440.1902419791666,59867cc2-3e1f-4dea-b4d7-dbaf55982e72
Essential Operation,5,Object Transfer,#C C moves the content in the tray,Core task involving active hand movement.,r001,Cooking,Bad,,1467.3566919791665,59867cc2-3e1f-4dea-b4d7-dbaf55982e72
Object Transfer,5,,#C C puts the cooking stick in the cooking pot,Logistics step of placing an object into another.,r001,Cooking,Gold,,1485.0043619791666,59867cc2-3e1f-4dea-b4d7-dbaf55982e72
Object Transfer,5,,#C C puts the food in the aluminum foil,Logistics step involving picking up and placing the food in foil.,r001,Cooking,Gold,,1528.4017319791667,59867cc2-3e1f-4dea-b4d7-dbaf55982e72
Essential Operation,5,,#C C shapes the food in the hand,Core manual task involving high hand activity.,r001,Cooking,Gold,,1591.3205219791666,59867cc2-3e1f-4dea-b4d7-dbaf55982e72
Object Transfer,5,,#C C scoops food with the hands,"The action involves picking up and transferring food, which is a logistics step.",r001,Cooking,Gold,,1618.9631819791666,59867cc2-3e1f-4dea-b4d7-dbaf55982e72
Stationary,5,Object Transfer,#C C places the cereal pieces together,"Low body/hand motion, likely involves holding the cereal pieces in place.",r001,Cooking,Bad,,1682.1795338115885,59867cc2-3e1f-4dea-b4d7-dbaf55982e72
Essential Operation,5,,#C C cuts the cereal piece in half,"Core task, high hand activity.",r001,Cooking,Gold,,1702.5355038115886,59867cc2-3e1f-4dea-b4d7-dbaf55982e72
Essential Operation,5,,#C C shapes the cereal piece,Core task involving hands in a precise manual operation.,r001,Cooking,Gold,,1762.9855838115886,59867cc2-3e1f-4dea-b4d7-dbaf55982e72
Essential Operation,5,Object Transfer,#C C separates the cereal pieces,Core task involving fine hand movements.,r001,Cooking,Gold,,1856.3542438115885,59867cc2-3e1f-4dea-b4d7-dbaf55982e72
Object Transfer,5,,#C C picks up the cereal piece,Logistics step involving picking up an object.,r001,Cooking,Gold,,1895.8430938115885,59867cc2-3e1f-4dea-b4d7-dbaf55982e72
Object Transfer,5,,#C C drops the piece on the foil,"[CtxFixed] The action of dropping the piece on the foil appears to be a deliberate placement, consistent with the previous action of placing the piece on the foil.",r001,Cooking,Gold,,1899.9577038115883,59867cc2-3e1f-4dea-b4d7-dbaf55982e72
Essential Operation,5,Stationary,#C C touches the moulded crisp rice mixture,Core task involving manual interaction with the food item.,r001,Cooking,Bad,,1915.2155819791667,59867cc2-3e1f-4dea-b4d7-dbaf55982e72
Essential Operation,5,,#C C removes the crisp rice mixture on the wooden cooking stick with the hand,Core task involving manipulation with the hand.,r001,Cooking,Gold,,1964.8211219791665,59867cc2-3e1f-4dea-b4d7-dbaf55982e72
Object Transfer,5,,#C C places the wooden cooking stick in the cooking pot,Logistics step involving the placement of an object.,r001,Cooking,Gold,,1967.8932519791665,59867cc2-3e1f-4dea-b4d7-dbaf55982e72
Essential Operation,5,,#C C moulds the crisp rice mixture,Core manual task involving high hand activity.,r001,Cooking,Gold,,1968.3805419791663,59867cc2-3e1f-4dea-b4d7-dbaf55982e72
Object Transfer,5,,#C C places the moulded crisp rice mixture on the paper,Logistics step involving placing an object.,r001,Cooking,Gold,,1972.0602019791663,59867cc2-3e1f-4dea-b4d7-dbaf55982e72
Object Transfer,5,,#C C removes some crisp rice mixture with the wooden cooking stick,Logistics action involving picking up or moving an object.,r001,Cooking,Gold,,2008.827801979167,59867cc2-3e1f-4dea-b4d7-dbaf55982e72
Locomotion,5,,#C C walks across,Body moving through space (walking).,r001,Cooking,Gold,,2223.3560219791666,59867cc2-3e1f-4dea-b4d7-dbaf55982e72
Object Transfer,5,,#C C opens package,Logistics step involving opening a package.,r001,Cooking,Gold,,2254.6546219791667,59867cc2-3e1f-4dea-b4d7-dbaf55982e72
Object Transfer,5,,#C C puts #unsure on meat,Logistics step involving picking up or placing an item.,r001,Cooking,Gold,,2291.4936619791665,59867cc2-3e1f-4dea-b4d7-dbaf55982e72
Stationary,5,,#C C scratches herself,"Low body/hand motion, likely a minor, non-task related action.",r001,Cooking,Gold,,2301.5841619791668,59867cc2-3e1f-4dea-b4d7-dbaf55982e72
Object Transfer,5,,#C C puts meat down,Logistics step involving the movement of an object.,r001,Cooking,Gold,,2322.8600419791665,59867cc2-3e1f-4dea-b4d7-dbaf55982e72
Object Transfer,5,,#C C puts pot on stove,"Logistics step, moving the pot to the stove.",r001,Cooking,Gold,,2414.219401979167,59867cc2-3e1f-4dea-b4d7-dbaf55982e72
Essential Operation,5,,#C C puts hand in pot,"Core task involving direct interaction with a cooking vessel, indicating high hand activity.",r001,Cooking,,Skip,2425.902241979167,59867cc2-3e1f-4dea-b4d7-dbaf55982e72
Essential Operation,5,,#C C breaks #unsure,"[CtxFixed] The current action involves breaking an object, which is a deliberate and purposeful action that can be categorized as an essential operation.",r001,Cooking,,Skip,2437.5609719791664,59867cc2-3e1f-4dea-b4d7-dbaf55982e72
Object Transfer,5,,#C C lifts butter with both hands,"The action involves picking up an object, which is a logistics step.",r001,Cooking,Gold,,2473.6063513701824,59867cc2-3e1f-4dea-b4d7-dbaf55982e72
Object Transfer,5,,#C C removes pasta from the box,Logistics step involving picking up and putting down objects.,r001,Cooking,Gold,,2493.087931370182,59867cc2-3e1f-4dea-b4d7-dbaf55982e72
Essential Operation,5,,#C C breaks pasta with hands,"Core task involving hands, high hand activity.",r001,Cooking,Gold,,2496.0595913701823,59867cc2-3e1f-4dea-b4d7-dbaf55982e72
Object Transfer,5,,#C C places pasta on other hand,Logistics step involving the transfer of an object.,r001,Cooking,Gold,,2504.7008613701823,59867cc2-3e1f-4dea-b4d7-dbaf55982e72
Stationary,5,,#C C holds cooking pot with hand,"Low body/hand motion, holding an object without movement.",r001,Cooking,Gold,,2510.640191370182,59867cc2-3e1f-4dea-b4d7-dbaf55982e72
Object Transfer,5,,#C C places pasta on the tray,Logistics step involving picking up and placing an object.,r001,Cooking,Gold,,2523.3553513701822,59867cc2-3e1f-4dea-b4d7-dbaf55982e72
Object Transfer,5,,#C C lifts pasta box from the cooker,Logistics step involving picking up an object.,r001,Cooking,Gold,,2541.7776513701824,59867cc2-3e1f-4dea-b4d7-dbaf55982e72
Object Transfer,5,,#C C picks pasta from the tray,Logistics step involving picking up an object.,r001,Cooking,Gold,,2543.9198813701823,59867cc2-3e1f-4dea-b4d7-dbaf55982e72
Object Transfer,5,,#C C picks meat from the foil,Logistics step involving picking up an object.,r001,Cooking,Gold,,2622.5837613701824,59867cc2-3e1f-4dea-b4d7-dbaf55982e72
Essential Operation,5,,#C C inserts pasta in the meat,Core manual task involving high hand activity.,r001,Cooking,Gold,,2623.5303713701824,59867cc2-3e1f-4dea-b4d7-dbaf55982e72
Object Transfer,5,,#C C places meat on the foil,Logistics step involving picking up and placing an object.,r001,Cooking,Gold,,2665.7413413701825,59867cc2-3e1f-4dea-b4d7-dbaf55982e72
Stationary,5,,#C C touches meat with hand,"Low body/hand motion, likely involves fine motor skills with minimal acceleration.",r001,Cooking,Gold,,2751.742851505121,59867cc2-3e1f-4dea-b4d7-dbaf55982e72
Stationary,5,,#C C holds meat with both hands,"Low body/hand motion, holding an object.",r001,Cooking,Gold,,2753.3153515051213,59867cc2-3e1f-4dea-b4d7-dbaf55982e72
Object Transfer,5,,#C C lifts meat from the tray,Logistics step involving picking up an object.,r001,Cooking,Gold,,2804.373901505121,59867cc2-3e1f-4dea-b4d7-dbaf55982e72
Essential Operation,5,,#C C pours butter on the meat,Core task involving manual dexterity and hand activity.,r001,Cooking,Gold,,2849.220921505121,59867cc2-3e1f-4dea-b4d7-dbaf55982e72
Essential Operation,5,,#C C wipes chopping board with cloth,Core task involving high hand activity.,r001,Cooking,Gold,,2911.409844838455,59867cc2-3e1f-4dea-b4d7-dbaf55982e72
Object Transfer,5,,#C C picks marshmallow from the counter top,Logistics step involving picking up an object.,r001,Cooking,Gold,,2926.1021348384547,59867cc2-3e1f-4dea-b4d7-dbaf55982e72
Object Transfer,5,,#C C moves products aside,Logistics action involving moving objects.,r001,Cooking,Gold,,2938.7308448384547,59867cc2-3e1f-4dea-b4d7-dbaf55982e72
Essential Operation,5,,#C C pours marshmallow on the cooking pot,"Core task involving manipulation, high hand activity.",r001,Cooking,Gold,,2980.9517648384544,59867cc2-3e1f-4dea-b4d7-dbaf55982e72
Object Transfer,5,,#C C places weighing cup on the counter top,Logistics step involving placing an object.,r001,Cooking,Gold,,2982.2370948384546,59867cc2-3e1f-4dea-b4d7-dbaf55982e72
Object Transfer,5,,#C C moves marshmallow packet,"Moving an object (marshmallow packet), involves picking up and/or putting down.",r001,Cooking,Gold,,3000.1574186000003,59867cc2-3e1f-4dea-b4d7-dbaf55982e72
Stationary,5,,#C C touches marshmallow packet,"Low body/hand motion, likely a brief touch or inspection.",r001,Cooking,Gold,,3114.7982186000004,59867cc2-3e1f-4dea-b4d7-dbaf55982e72
Essential Operation,5,,#C C stirs the marshmallow in the cooking pot,Core task involving high hand activity.,r001,Cooking,Gold,,3142.1013886,59867cc2-3e1f-4dea-b4d7-dbaf55982e72
Object Transfer,5,,#C C picks vanilla packets,"Logistics step, picking up an object.",r001,Cooking,Gold,,3327.0256886,59867cc2-3e1f-4dea-b4d7-dbaf55982e72
Essential Operation,5,,#C C mixes the mixture in the cooking pot,Core task involving high hand activity.,r001,Cooking,Gold,,3342.2896486000004,59867cc2-3e1f-4dea-b4d7-dbaf55982e72
Object Transfer,5,Essential Operation,#C C puts the rice in the mixture,Logistics step involving the placement of an object.,r001,Cooking,Gold,,3394.3801286000003,59867cc2-3e1f-4dea-b4d7-dbaf55982e72
Object Transfer,5,,#C C open the packet,Logistics/Setup step involving opening an object.,r001,Cooking,Gold,,3493.7466986000004,59867cc2-3e1f-4dea-b4d7-dbaf55982e72
Essential Operation,5,,#C C spreads the margarine,Core task involving high hand activity.,r001,Cooking,Gold,,3559.0781519569337,59867cc2-3e1f-4dea-b4d7-dbaf55982e72
Essential Operation,5,,#c c cuts cable with knife,Core manual task involving high hand activity.,r001,Carpentry,Gold,,98.50586,599037f1-5825-4315-a75d-9a50d16959b5
Essential Operation,5,,#c c cuts the cable around,Core task involving manual operation with high hand activity.,r001,Carpentry,Gold,,142.82993,599037f1-5825-4315-a75d-9a50d16959b5
Stationary,5,Essential Operation,#c c wipes the cable,"Low body/hand motion, wiping is a smooth motion that does not involve high acceleration.",r001,Carpentry,Bad,,203.56568,599037f1-5825-4315-a75d-9a50d16959b5
Essential Operation,5,,#C C adjusts the piece of wood with his left hand,Core manual task involving fine hand movements.,r001,Carpentry,Gold,,184.5359596,5d511be2-5a9a-4776-ad5e-c0e3a00dfb07
Locomotion,5,Object Transfer,#C C carries the wood away from the cutting machine,"Body moving through space with the wood, indicating movement.",r001,Carpentry,Bad,,267.9393496,5d511be2-5a9a-4776-ad5e-c0e3a00dfb07
Essential Operation,5,,#C C tightens the clamp to the wood planks,Core manual task involving high hand activity.,r001,Carpentry,Gold,,292.2249809546634,5d511be2-5a9a-4776-ad5e-c0e3a00dfb07
Object Transfer,5,,#C C picks the clamp from the wood planks,Logistics/Setup step involving picking up an object.,r001,Carpentry,Gold,,300.0144909546634,5d511be2-5a9a-4776-ad5e-c0e3a00dfb07
Stationary,5,,#O person S holds a blue paper.,Holding an object without movement.,r001,Cooking,Gold,,30.084138600000003,5ed59c41-af9e-4368-a0ce-30d536d34895
Object Transfer,5,,#O person P touches the container.,Logistics/Setup step involving interaction with an object.,r001,Cooking,Gold,,54.4487186,5ed59c41-af9e-4368-a0ce-30d536d34895
Search,5,Stationary,#O person B touches S's head.,"Implication of head contact and visual interaction, likely involves head movement.",r001,Cooking,Bad,,65.7384086,5ed59c41-af9e-4368-a0ce-30d536d34895
Object Transfer,5,,#C C puts cake on the chopping board.,Logistics step involving picking up and placing an object.,r001,Cooking,Gold,,98.5125486,5ed59c41-af9e-4368-a0ce-30d536d34895
Object Transfer,5,,#C C a box from the cabinet.,Logistics step involving moving an object.,r001,Cooking,,Skip,175.2052286,5ed59c41-af9e-4368-a0ce-30d536d34895
Stationary,5,,#O person B scratches the head.,"Low body/hand motion, indicating a stationary action.",r001,Cooking,Gold,,322.6446386,5ed59c41-af9e-4368-a0ce-30d536d34895
Essential Operation,5,,#C C clean the knife.,"Core task involving manual cleaning, high hand activity.",r001,Cooking,Gold,,374.1779886000001,5ed59c41-af9e-4368-a0ce-30d536d34895
Essential Operation,5,,#C C cuts the cake.,"Core task, high hand activity.",r001,Cooking,Gold,,385.2520086,5ed59c41-af9e-4368-a0ce-30d536d34895
Stationary,5,,#C C holds butter on the table.,"Low body/hand motion, holding an object without moving.",r001,Cooking,Gold,,489.3824386,5ed59c41-af9e-4368-a0ce-30d536d34895
Stationary,5,,#O person R adjusts the hair.,Adjusting hair involves minimal movement and is generally a stationary activity.,r001,Cooking,Gold,,504.4840786,5ed59c41-af9e-4368-a0ce-30d536d34895
Object Transfer,5,,#C C puts cake on the plate.,Logistics step involving picking up and placing the cake.,r001,Cooking,Gold,,663.2728152666667,5ed59c41-af9e-4368-a0ce-30d536d34895
Essential Operation,5,,#C C spreads blue band on the cake.,Core task involving high hand activity.,r001,Cooking,Gold,,670.7167252666667,5ed59c41-af9e-4368-a0ce-30d536d34895
Essential Operation,5,,#C C scoops blue band.,Core task involving high hand activity.,r001,Cooking,Gold,,680.0990452666667,5ed59c41-af9e-4368-a0ce-30d536d34895
Stationary,5,,#O person R plays with P.,"Low body/hand motion, implies idle or playful interaction without significant movement.",r001,Cooking,Gold,,683.0957452666667,5ed59c41-af9e-4368-a0ce-30d536d34895
Object Transfer,5,,#O person P takes the cake.,Logistics step involving picking up the cake.,r001,Cooking,Gold,,689.6717552666667,5ed59c41-af9e-4368-a0ce-30d536d34895
Stationary,5,Object Transfer,#O person S swings the chair.,Swinging a chair while stationary indicates low overall body motion.,r001,Cooking,Bad,,738.1957652666667,5ed59c41-af9e-4368-a0ce-30d536d34895
Stationary,5,,#C C touches P.,"Low body/hand motion, likely involves minimal movement.",r001,Cooking,Gold,,766.1227652666668,5ed59c41-af9e-4368-a0ce-30d536d34895
Locomotion,5,,#O person P dances.,Body moving through space with rhythmic motion.,r001,Cooking,Gold,,806.9758752666667,5ed59c41-af9e-4368-a0ce-30d536d34895
Locomotion,5,,#O A baby X crawls on the floor,"Movement through space, characteristic of crawling.",r001,Cooking,Gold,,846.8515986000001,5ed59c41-af9e-4368-a0ce-30d536d34895
Locomotion,5,,#O The woman D walks towards the dog A.,Body moving through space (walking).,r001,Cooking,Gold,,887.3469053125,5ed59c41-af9e-4368-a0ce-30d536d34895
Stationary,5,,#C C converses with the woman D.,"Low body/hand motion, likely involves speaking.",r001,Cooking,Gold,,887.3822553125,5ed59c41-af9e-4368-a0ce-30d536d34895
Stationary,5,,#C C holds the child B's right arm with her left hand. #unsure,"The action involves holding, which is a static interaction with low body and hand motion.",r001,Cooking,Gold,,890.1432753125,5ed59c41-af9e-4368-a0ce-30d536d34895
Stationary,5,,#O The woman D points to the child B's left leg with her right index finger.,"Low body/hand motion, pointing involves minimal movement.",r001,Cooking,Gold,,899.5165553125,5ed59c41-af9e-4368-a0ce-30d536d34895
Object Transfer,5,,#C C drops the child B on the floor with her hands.,Refined via regex fallback,r001,Cooking,Gold,,914.3415753125,5ed59c41-af9e-4368-a0ce-30d536d34895
Stationary,5,,#C C touches her face with her right hand. #unsure,"Low body/hand motion, mostly hand activity which is not part of a core task or object transfer.",r001,Cooking,Gold,,927.1779153125,5ed59c41-af9e-4368-a0ce-30d536d34895
Stationary,5,,#O The woman D rests the child B on her body with her hands.,"The action involves holding a child, which is a low-energy, stationary activity.",r001,Cooking,Gold,,960.6749053125,5ed59c41-af9e-4368-a0ce-30d536d34895
Stationary,5,,#O The child B rubs her face with her right hand.,"Low body/hand motion, indicative of a pause or idle moment.",r001,Cooking,Gold,,966.7907953125,5ed59c41-af9e-4368-a0ce-30d536d34895
Stationary,5,,#O The woman D rocks the child B with her hands.,"Low energy, rocking motion with hands while holding the child.",r001,Cooking,Gold,,971.5381153125,5ed59c41-af9e-4368-a0ce-30d536d34895
Stationary,5,,#O The woman D itches her head with her left hand.,"Low body/hand motion, indicating a pause or idle action.",r001,Cooking,Gold,,995.9885153125,5ed59c41-af9e-4368-a0ce-30d536d34895
Object Transfer,5,,#C C drops the bowl on the plate in her left hand with her right hand.,Refined via regex fallback,r001,Cooking,Gold,,996.1551753125,5ed59c41-af9e-4368-a0ce-30d536d34895
Object Transfer,5,,#C The woman D passes the child B to C.,Logistics step involving passing an object (the child).,r001,Cooking,Gold,,1006.7620953125,5ed59c41-af9e-4368-a0ce-30d536d34895
Locomotion,5,,#O The boy E walks towards a chair.,The action involves movement through space (walking).,r001,Cooking,Gold,,1008.3654253125,5ed59c41-af9e-4368-a0ce-30d536d34895
Locomotion,5,,#C C walks away from the living room area.,Body moving through space (walking).,r001,Cooking,Gold,,1028.6768253125,5ed59c41-af9e-4368-a0ce-30d536d34895
Locomotion,5,,#C C walks through the kitchen door.,Body moving through space (walking).,r001,Cooking,Gold,,1036.0759953125,5ed59c41-af9e-4368-a0ce-30d536d34895
Object Transfer,5,,#C C drops the plate and bowl on the plastic plate on the kitchen counter with her left hand.,"[CtxFixed] The action of dropping the plate and bowl onto the plastic plate on the kitchen counter is a deliberate placement, which fits the criteria for 'Object Transfer'.",r001,Cooking,Gold,,1046.9608753125,5ed59c41-af9e-4368-a0ce-30d536d34895
Locomotion,5,,#O The boy E walks towards the kitchen counter.,Body moving through space (walking).,r001,Cooking,Gold,,1055.7593753125,5ed59c41-af9e-4368-a0ce-30d536d34895
Stationary,5,,#O The man F touches the boy E with his left hand.,"The action describes a touch, which is a low-energy interaction.",r001,Cooking,Gold,,1073.4659153125,5ed59c41-af9e-4368-a0ce-30d536d34895
Locomotion,5,Stationary,#O The man F stomps his left foot on the floor.,"Body movement through space, characterized by high body acceleration.",r001,Cooking,Bad,,1085.0729353125,5ed59c41-af9e-4368-a0ce-30d536d34895
Locomotion,5,,#O The man F walks away from the wooden cabinet.,"The action involves the man moving through space, which is characteristic of locomotion.",r001,Cooking,Gold,,1088.4399453125,5ed59c41-af9e-4368-a0ce-30d536d34895
Essential Operation,5,,#C C spreads lurpak on the cake.,Core task involving high hand activity.,r001,Cooking,Gold,,1116.099971933333,5ed59c41-af9e-4368-a0ce-30d536d34895
Object Transfer,5,,#C C drops the piece on the floor.,Refined via regex fallback,r001,Cooking,Gold,,1144.6710619333332,5ed59c41-af9e-4368-a0ce-30d536d34895
Locomotion,5,,#O person D walks towards the dog.,"Movement through space, indicative of walking.",r001,Cooking,Gold,,1145.6016919333333,5ed59c41-af9e-4368-a0ce-30d536d34895
Stationary,5,,#O person B holds the container.,"Low body/hand motion, holding an object.",r001,Cooking,Gold,,1196.4731219333332,5ed59c41-af9e-4368-a0ce-30d536d34895
Object Transfer,5,,#C C gives P the piece of cake.,Logistics step involving the transfer of an object.,r001,Cooking,Gold,,1259.0020419333332,5ed59c41-af9e-4368-a0ce-30d536d34895
Object Transfer,5,,#C C gives P the glass of water.,Logistics step involving the transfer of an object.,r001,Cooking,Gold,,1312.4170419333334,5ed59c41-af9e-4368-a0ce-30d536d34895
Search,5,,#O person P turns the head.,"Head movement (visual search), hands mostly still.",r001,Cooking,Gold,,1339.9484619333334,5ed59c41-af9e-4368-a0ce-30d536d34895
Locomotion,5,Essential Operation,#O person Q pulls dog leash.,"The action involves pulling a dog leash, which implies movement through space.",r001,Cooking,Gold,,1654.7978586,5ed59c41-af9e-4368-a0ce-30d536d34895
Locomotion,5,,#C C walks on the pavement with man Y,Body moving through space (walking).,r001,Cooking,Gold,,2176.777891933333,5ed59c41-af9e-4368-a0ce-30d536d34895
Stationary,5,Essential Operation,#C c fixes the seat,"Adjusting or fixing a seat is likely a low-energy, stationary action.",r001,Cooking,Bad,,2221.1380919333333,5ed59c41-af9e-4368-a0ce-30d536d34895
Stationary,5,,#O man Y touches the face,"Low body/hand motion, indicative of a pause or idle action.",r001,Cooking,Gold,,2741.2703152666672,5ed59c41-af9e-4368-a0ce-30d536d34895
Locomotion,5,,#C C pulls the stroller,"Body moving through space (pulling the stroller), high body acceleration.",r001,Cooking,Gold,,2923.147085266667,5ed59c41-af9e-4368-a0ce-30d536d34895
Locomotion,5,,#O woman Y walks around,"Movement through space, indicative of walking.",r001,Cooking,Gold,,3004.945885266667,5ed59c41-af9e-4368-a0ce-30d536d34895
Stationary,5,,#O child X holds C,"Low body/hand motion, likely holding still.",r001,Cooking,Gold,,3030.576505266667,5ed59c41-af9e-4368-a0ce-30d536d34895
Locomotion,5,,#O child X walks around,Body moving through space (walking).,r001,Cooking,Gold,,3046.8283152666672,5ed59c41-af9e-4368-a0ce-30d536d34895
Stationary,5,,#O child X demonstrates with the hand,"The action implies a demonstration with the hand, which is likely to be low energy and stationary.",r001,Cooking,Gold,,3251.8861199333337,5ed59c41-af9e-4368-a0ce-30d536d34895
Object Transfer,5,,#C C transfers the bottle of lubricant to his left hand. #Unsure,"The action involves picking up and moving an object, which corresponds to logistics or setup.",r001,Mechanical Repair,Gold,,119.17599,5f2fe227-e8fc-4635-8b3e-2f56e9be61b5
Locomotion,5,,#C C turns the back tire of the bicycle.,"Rotation of a body part (tire), which involves movement through space.",r001,Mechanical Repair,,Skip,160.46962,5f2fe227-e8fc-4635-8b3e-2f56e9be61b5
Locomotion,5,,#C C walks to another bicycle.,Body moving through space (walking).,r001,Mechanical Repair,Gold,,197.60478,5f2fe227-e8fc-4635-8b3e-2f56e9be61b5
Stationary,5,,#C C stops adjusting the pedal of the bicycle with his right hand.,"Low body/hand motion, indicating a pause in activity.",r001,Mechanical Repair,Gold,,318.78494,5f2fe227-e8fc-4635-8b3e-2f56e9be61b5
Essential Operation,5,,#C C greases the rear derailleur of a bicycle with the grease in his right hand.,Core manual task involving high hand activity.,r001,Mechanical Repair,Gold,,352.44003,5f2fe227-e8fc-4635-8b3e-2f56e9be61b5
Essential Operation,5,,#C C greases the front derailleur of the bicycle with the grease in his right hand.,Core manual task involving high hand activity.,r001,Mechanical Repair,Gold,,358.04352,5f2fe227-e8fc-4635-8b3e-2f56e9be61b5
Stationary,5,,#C C holds the handle bar grip of the bicycle with his both hands.,"Low body/hand motion, holding position.",r001,Mechanical Repair,Gold,,425.85854,5f2fe227-e8fc-4635-8b3e-2f56e9be61b5
Search,5,,#C C searches for a bolt in the tool box with his right hand.,Focused hand movement and visual search for an item.,r001,Mechanical Repair,Gold,,442.41674,5f2fe227-e8fc-4635-8b3e-2f56e9be61b5
Object Transfer,5,,#C C drops the bolt in the tool box with his right hand.,"[CtxFixed] The action of dropping the bolt into the tool box can be considered a deliberate placement, which fits the definition of 'Object Transfer'.",r001,Mechanical Repair,Gold,,470.0715,5f2fe227-e8fc-4635-8b3e-2f56e9be61b5
Locomotion,5,,#C C walks back inside the workshop.,Body moving through space (walking).,r001,Mechanical Repair,Gold,,493.63994,5f2fe227-e8fc-4635-8b3e-2f56e9be61b5
Locomotion,5,Object Transfer,#C C wheels the bicycle with both hands.,"Body moving through space with significant hand involvement, indicating a form of locomotion.",r001,Mechanical Repair,Bad,,540.6646146666667,5f2fe227-e8fc-4635-8b3e-2f56e9be61b5
Stationary,5,,#C C touches the tire with his right hand.,"Low body/hand motion, likely inspecting the tire.",r001,Mechanical Repair,Gold,,592.6311666666667,5f2fe227-e8fc-4635-8b3e-2f56e9be61b5
Object Transfer,5,,#C C carries a roller chain.,Logistics of moving an object (roller chain).,r001,Mechanical Repair,Gold,,656.7881666666667,5f2fe227-e8fc-4635-8b3e-2f56e9be61b5
Object Transfer,5,,#C C puts another tool in the kit.,Logistics/Setup step involving placing an object.,r001,Mechanical Repair,Gold,,686.2181666666667,5f2fe227-e8fc-4635-8b3e-2f56e9be61b5
Object Transfer,5,,#C C opens a drawer on the desk with his right hand.,Logistics step involving opening a drawer.,r001,Mechanical Repair,Gold,,706.2929766666666,5f2fe227-e8fc-4635-8b3e-2f56e9be61b5
Object Transfer,5,,#C C opens the drawer under the desk with his left hand.,Logistics step involving opening a drawer.,r001,Mechanical Repair,Gold,,722.5528566666667,5f2fe227-e8fc-4635-8b3e-2f56e9be61b5
Object Transfer,5,,#C C drops the rubber tape in the drawer.,"[CtxFixed] The action of dropping the rubber tape into the drawer is a deliberate placement, which fits the criteria for 'Object Transfer'.",r001,Mechanical Repair,Gold,,723.0122366666667,5f2fe227-e8fc-4635-8b3e-2f56e9be61b5
Object Transfer,5,,#O A woman X shifts a card on the table with her left hand.,Logistics action involving moving an object (card).,r001,Playing Instrument,Gold,,11.0735596,5f6f87ea-e1c3-4868-bb60-22c9e874d056
Search,5,,#O The man U looks at the cards on the table.,"Head movement (visual search), hands mostly still.",r001,Playing Instrument,Gold,,15.9505896,5f6f87ea-e1c3-4868-bb60-22c9e874d056
Stationary,5,,#O The woman X points her right hand at a card on the table.,The action described involves a static pointing gesture with minimal body movement.,r001,Playing Instrument,Gold,,19.383589600000004,5f6f87ea-e1c3-4868-bb60-22c9e874d056
Stationary,5,Search,#O The woman T looks at man S.,"Low body/hand motion, visual interaction only.",r001,Playing Instrument,Bad,,27.361829600000004,5f6f87ea-e1c3-4868-bb60-22c9e874d056
Object Transfer,5,,#O The man U drops a token on the card with his right hand.,"[CtxFixed] The action of dropping a token on the card is a deliberate placement, which fits the definition of 'Object Transfer'.",r001,Playing Instrument,Gold,,48.7720996,5f6f87ea-e1c3-4868-bb60-22c9e874d056
Object Transfer,5,Stationary,#O The man U points at a card with his right hand.,"The action involves picking up or pointing at an object, which is a logistics step.",r001,Playing Instrument,Bad,,54.3934696,5f6f87ea-e1c3-4868-bb60-22c9e874d056
Stationary,5,,#O The man S holds a token on the table with his right hand.,The action describes a static position with minimal motion.,r001,Playing Instrument,Gold,,72.7063496,5f6f87ea-e1c3-4868-bb60-22c9e874d056
Object Transfer,5,,#O The man S picks the card on the table with his right hand.,Logistics step involving picking up an object.,r001,Playing Instrument,Gold,,84.8622496,5f6f87ea-e1c3-4868-bb60-22c9e874d056
Object Transfer,5,,#O The man U drops the cards on the table with his right hand.,Refined via regex fallback,r001,Playing Instrument,Gold,,99.8234596,5f6f87ea-e1c3-4868-bb60-22c9e874d056
Search,5,Stationary,#O The man U points at a token on the card on the table with his right hand.,The action involves pointing and visual search to locate a token on the card.,r001,Playing Instrument,Gold,,148.9539496,5f6f87ea-e1c3-4868-bb60-22c9e874d056
Object Transfer,5,,#O The man W drops a token on a card with his right hand.,"The action involves picking up and placing down an object, which is characteristic of logistics and setup steps.",r001,Playing Instrument,Gold,,188.3703196,5f6f87ea-e1c3-4868-bb60-22c9e874d056
Object Transfer,5,,#O The man U moves a token on the card with his right hand.,"Logistics action of moving a token, short bursts of hand acceleration.",r001,Playing Instrument,Gold,,202.0241996,5f6f87ea-e1c3-4868-bb60-22c9e874d056
Stationary,5,,#O The man V points his right hand at a card.,"The action described involves pointing at a card, which is a low-energy, stationary action.",r001,Playing Instrument,Gold,,223.2632796,5f6f87ea-e1c3-4868-bb60-22c9e874d056
Object Transfer,5,,#C C picks dice on the table,Logistics step involving picking up an object.,r001,Playing Instrument,Gold,,341.0401019791667,5f6f87ea-e1c3-4868-bb60-22c9e874d056
Object Transfer,5,,#O Person D puts card on the table,"Logistics step, putting an object (card) on a surface (table).",r001,Playing Instrument,Gold,,516.7889419791667,5f6f87ea-e1c3-4868-bb60-22c9e874d056
Search,5,,#O Person H looks at the cards,"Head movement (visual search), hands mostly still.",r001,Playing Instrument,Gold,,530.1889719791667,5f6f87ea-e1c3-4868-bb60-22c9e874d056
Object Transfer,5,,#O The man J drops the paper on the card.,"The action involves dropping an object, which is a logistics step.",r001,Playing Instrument,Gold,,589.0496409546633,5f6f87ea-e1c3-4868-bb60-22c9e874d056
Stationary,5,,#C C jubilates. #Unsure,"The action 'jubilates' suggests an emotional state rather than a specific physical action, likely with low body/hand motion.",r001,Playing Instrument,Gold,,594.5887609546634,5f6f87ea-e1c3-4868-bb60-22c9e874d056
Stationary,5,,#O The lady H jubilates.,"The action described does not indicate any specific motion or task, suggesting a low-energy state like celebration or joy without movement.",r001,Playing Instrument,Gold,,610.9931209546634,5f6f87ea-e1c3-4868-bb60-22c9e874d056
Search,5,Object Transfer,#O The man J adjusts his glasses. #Unsure,"Head movement (adjusting glasses), hands mostly still.",r001,Playing Instrument,Bad,,639.1424409546634,5f6f87ea-e1c3-4868-bb60-22c9e874d056
Search,5,Essential Operation,#O The man G checks through his cards.,Head and hand movements involved in visual search or inspection.,r001,Playing Instrument,Bad,,651.0926809546634,5f6f87ea-e1c3-4868-bb60-22c9e874d056
Object Transfer,5,,#O The man F picks a card from the pile of cards.,"The action involves picking up an object (card), which is a logistics step.",r001,Playing Instrument,Gold,,661.8481409546633,5f6f87ea-e1c3-4868-bb60-22c9e874d056
Search,5,,#O The man F checks his cards,"Head and hand movements likely involved in checking, but low overall body motion.",r001,Playing Instrument,Gold,,663.2087709546634,5f6f87ea-e1c3-4868-bb60-22c9e874d056
Object Transfer,5,,#O The lady E picks a card from the pile of cards.,"The action involves picking up an object (card), which is a logistics step.",r001,Playing Instrument,Gold,,665.9864809546634,5f6f87ea-e1c3-4868-bb60-22c9e874d056
Stationary,5,Object Transfer,#O The lady E adjusts her glasses with her right hand.,"Low body/hand motion, focusing on a small adjustment.",r001,Playing Instrument,Bad,,686.2234809546634,5f6f87ea-e1c3-4868-bb60-22c9e874d056
Stationary,5,Object Transfer,#O The lady H plays with the papers on the table.,"The action described involves manipulating papers, which is a low-energy, stationary activity.",r001,Playing Instrument,Bad,,689.6925709546634,5f6f87ea-e1c3-4868-bb60-22c9e874d056
Object Transfer,5,,#O The lady H picks a card from the table.,"Action involves picking up an object (card), which is a logistics step.",r001,Playing Instrument,Gold,,707.8954856213301,5f6f87ea-e1c3-4868-bb60-22c9e874d056
Object Transfer,5,,#O The man F drops the paper on the card.,"[CtxFixed] The action involves the deliberate placement of an object (dropping the paper onto the card), which fits the criteria for Object Transfer.",r001,Playing Instrument,Gold,,714.0194956213301,5f6f87ea-e1c3-4868-bb60-22c9e874d056
Object Transfer,5,,#O The lady E drops the paper on the card.,"The action involves dropping an object, which is a logistics step involving short bursts of hand acceleration.",r001,Playing Instrument,Gold,,714.2725356213301,5f6f87ea-e1c3-4868-bb60-22c9e874d056
Stationary,5,,#O The lady H sits on the chair.,"The action describes sitting down, which involves minimal movement.",r001,Playing Instrument,Gold,,716.0834356213301,5f6f87ea-e1c3-4868-bb60-22c9e874d056
Stationary,5,Object Transfer,#O The lady E adjusts her glasses.,"Low body/hand motion, primarily involves head adjustment.",r001,Playing Instrument,Bad,,737.03864562133,5f6f87ea-e1c3-4868-bb60-22c9e874d056
Object Transfer,5,,#O The man G packs his cards from the table.,Logistics step involving picking up and packing items.,r001,Playing Instrument,Gold,,741.94200562133,5f6f87ea-e1c3-4868-bb60-22c9e874d056
Search,5,,#O The man checks through his cards.,Head and hand movement involved in visual inspection.,r001,Playing Instrument,Gold,,748.4263256213301,5f6f87ea-e1c3-4868-bb60-22c9e874d056
Object Transfer,5,,#O The man J picks a card from the pile of cards.,The action involves picking up and transferring an object (a card).,r001,Playing Instrument,Gold,,748.4765656213301,5f6f87ea-e1c3-4868-bb60-22c9e874d056
Stationary,5,,#O The man F removes his hands from the cards.,"The action describes a pause or cessation of movement, indicating a low-energy state.",r001,Playing Instrument,Gold,,766.5326456213301,5f6f87ea-e1c3-4868-bb60-22c9e874d056
Stationary,5,Essential Operation,#O The man D plays a card.,"Low body/hand motion, primarily cognitive activity.",r001,Playing Instrument,Bad,,775.74334562133,5f6f87ea-e1c3-4868-bb60-22c9e874d056
Stationary,5,,#O The man D touches the card on the table.,"The action described is a static interaction, likely involving minimal movement.",r001,Playing Instrument,Gold,,794.1609856213302,5f6f87ea-e1c3-4868-bb60-22c9e874d056
Stationary,5,,#O The man D touches the paper on the table.,"The action described involves a gentle touch which is likely to be a low-energy, stationary activity.",r001,Playing Instrument,Gold,,794.9655056213301,5f6f87ea-e1c3-4868-bb60-22c9e874d056
Object Transfer,5,,#O Man G drops the button on the table with his right hand.,Refined via regex fallback,r001,Playing Instrument,Gold,,888.6373976213301,5f6f87ea-e1c3-4868-bb60-22c9e874d056
Object Transfer,5,,#O Man E gathers the cards with both hands.,Logistics step involving picking up objects with both hands.,r001,Playing Instrument,Gold,,894.95916762133,5f6f87ea-e1c3-4868-bb60-22c9e874d056
Object Transfer,5,,#O Man E picks a card from the deck on the table with his left hand.,Action involves picking up an object from a surface.,r001,Playing Instrument,Gold,,904.68904762133,5f6f87ea-e1c3-4868-bb60-22c9e874d056
Object Transfer,5,,#O Woman C drops a card on the table with his right hand.,"The action involves placing an object (card) on a surface, which is a logistics step.",r001,Playing Instrument,Gold,,947.63994762133,5f6f87ea-e1c3-4868-bb60-22c9e874d056
Object Transfer,5,,#O Woman B picks a button from the table with her right hand.,Logistics step involving picking up an object.,r001,Playing Instrument,Gold,,978.36623762133,5f6f87ea-e1c3-4868-bb60-22c9e874d056
Object Transfer,5,,#O Man E picks a button from a card on the table with his left hand.,Logistics step involving picking up an object.,r001,Playing Instrument,Gold,,1053.24043762133,5f6f87ea-e1c3-4868-bb60-22c9e874d056
Object Transfer,5,,#O Man A picks a button from a card on the table with his right hand.,Logistics step involving picking up an object.,r001,Playing Instrument,Gold,,1055.2760676213302,5f6f87ea-e1c3-4868-bb60-22c9e874d056
Object Transfer,5,,#O Man A drops the button in his right hand on the table.,Refined via regex fallback,r001,Playing Instrument,Gold,,1056.47023762133,5f6f87ea-e1c3-4868-bb60-22c9e874d056
Object Transfer,5,,#O Woman B drops the card on some cards on the table with her right hand.,"The action involves placing an object (card) on the table, which is a logistics step.",r001,Playing Instrument,Gold,,1063.54476762133,5f6f87ea-e1c3-4868-bb60-22c9e874d056
Object Transfer,5,,#C C picks a card from the deck on the table with his right hand.,Logistics step involving picking up an object.,r001,Playing Instrument,Gold,,1067.24740762133,5f6f87ea-e1c3-4868-bb60-22c9e874d056
Object Transfer,5,,#C C adjusts the card on the table with his right hand.,Logistics step involving picking up or putting down an object.,r001,Playing Instrument,Gold,,1170.40111762133,5f6f87ea-e1c3-4868-bb60-22c9e874d056
Object Transfer,5,,#O The man H picks up the orange jigsaw from the first card on the table with his right hand.,"The action involves picking up an object, which is a logistics step.",r001,Playing Instrument,Gold,,1218.66437762133,5f6f87ea-e1c3-4868-bb60-22c9e874d056
Object Transfer,5,,#O The man F rearranges the cards on the playing table with both hands.,"The action involves picking up and putting down cards, which is a logistics task.",r001,Playing Instrument,Gold,,1223.95469762133,5f6f87ea-e1c3-4868-bb60-22c9e874d056
Search,5,,"#O The people A, B, D, E, F, G, H look through the cards in their hands.","Visual search or monitoring (looking through cards), head movement involved.",r001,Playing Instrument,Gold,,1251.20255762133,5f6f87ea-e1c3-4868-bb60-22c9e874d056
Essential Operation,5,,#O The man A adjusts a green jigsaw on the table with his right hand.,Core manual task involving fine motor skills and high hand activity.,r001,Playing Instrument,Gold,,1279.36825762133,5f6f87ea-e1c3-4868-bb60-22c9e874d056
Object Transfer,5,,#O The woman G picks up the purple jigsaw from the fifth card on the table with his right hand.,"The action involves picking up an object, which is a logistics step.",r001,Playing Instrument,Gold,,1320.39650762133,5f6f87ea-e1c3-4868-bb60-22c9e874d056
Stationary,5,Object Transfer,#O The man A adjusts his glasses with his right hand.,Adjusting glasses is a minor action with low body and hand motion.,r001,Playing Instrument,Bad,,1332.58472762133,5f6f87ea-e1c3-4868-bb60-22c9e874d056
Search,5,,#O The man H looks through his set of cards with both hands.,Head and hand movement involved in visual search.,r001,Playing Instrument,Gold,,1335.67908762133,5f6f87ea-e1c3-4868-bb60-22c9e874d056
Search,5,,"#O The people A, B, D, E, F, G, H look through their set of cards in their hands.",Head and hand movement involved in looking through cards.,r001,Playing Instrument,Gold,,1340.46784762133,5f6f87ea-e1c3-4868-bb60-22c9e874d056
Object Transfer,5,,#O the woman B moves the cards to her right hand.,"Logistics step, moving objects (cards) to a different location.",r001,Playing Instrument,Gold,,1371.35277762133,5f6f87ea-e1c3-4868-bb60-22c9e874d056
Stationary,5,Essential Operation,#O the man H plays a card on the table.,"The action described seems to be placing a card on the table, which involves minimal movement and can be classified as a stationary action.",r001,Playing Instrument,Bad,,1376.67751762133,5f6f87ea-e1c3-4868-bb60-22c9e874d056
Stationary,5,Essential Operation,#O the man A plays cards on the table with his left hand.,"Playing cards with one hand while stationary, low body and hand motion.",r001,Playing Instrument,Bad,,1397.9778776213302,5f6f87ea-e1c3-4868-bb60-22c9e874d056
Stationary,5,,#O the man A puts both hands on the table.,Putting hands on the table indicates a pause or resting position with minimal motion.,r001,Playing Instrument,Gold,,1448.9178422879968,5f6f87ea-e1c3-4868-bb60-22c9e874d056
Essential Operation,5,Stationary,#O the man A interacts with woman B.,"[CtxFixed] The current action involves interaction between two individuals, which is a form of essential operation such as communication or collaboration.",r001,Playing Instrument,Bad,,1470.7012622879963,5f6f87ea-e1c3-4868-bb60-22c9e874d056
Object Transfer,5,,#O the man A takes a dice from the card with his left hand.,"The action involves picking up an object (dice), which is a logistics step.",r001,Playing Instrument,Gold,,1471.9378522879963,5f6f87ea-e1c3-4868-bb60-22c9e874d056
Object Transfer,5,,#C C takes a dice from the card.,"Logistics/Setup step, picking up an object.",r001,Playing Instrument,Gold,,1483.2363222879967,5f6f87ea-e1c3-4868-bb60-22c9e874d056
Object Transfer,5,,#O the woman B drops the cards on the table.,Refined via regex fallback,r001,Playing Instrument,Gold,,1489.0276822879966,5f6f87ea-e1c3-4868-bb60-22c9e874d056
Essential Operation,5,Object Transfer,#O the man A moves the cards on the table with both hands.,Core task involving high hand activity.,r001,Playing Instrument,Bad,,1491.0551722879968,5f6f87ea-e1c3-4868-bb60-22c9e874d056
Object Transfer,5,,#C C takes a card from the set of cards.,"Logistics/Setup step, picking up an object.",r001,Playing Instrument,Gold,,1491.9316022879966,5f6f87ea-e1c3-4868-bb60-22c9e874d056
Stationary,5,,#O the man A rests his head on his hands.,"Low body/hand motion, indicative of resting or pausing.",r001,Playing Instrument,Gold,,1510.9565122879967,5f6f87ea-e1c3-4868-bb60-22c9e874d056
Essential Operation,5,,#O the man D moves the cards in his hands.,Core manual task involving high hand activity.,r001,Playing Instrument,Gold,,1533.0463922879967,5f6f87ea-e1c3-4868-bb60-22c9e874d056
Essential Operation,5,Stationary,#O the man A interacts with several people. #unsure,Core manual task involving high hand activity.,r001,Playing Instrument,Bad,,1593.5630422879967,5f6f87ea-e1c3-4868-bb60-22c9e874d056
Stationary,5,,#O the man H interacts with several people. #unsure,"Interacting with people, likely involves talking or observing, low motion.",r001,Playing Instrument,Gold,,1605.9877622879967,5f6f87ea-e1c3-4868-bb60-22c9e874d056
Object Transfer,5,Essential Operation,#O Man A shuffles through some cards with both hands.,Logistics step involving handling objects (cards).,r001,Playing Instrument,Gold,,1635.046134287997,5f6f87ea-e1c3-4868-bb60-22c9e874d056
Object Transfer,5,,#O Man G drops a button on the table with his right hand. #Unsure,Refined via regex fallback,r001,Playing Instrument,Gold,,1673.6072542879965,5f6f87ea-e1c3-4868-bb60-22c9e874d056
Stationary,5,,#O Man E leans on the table with both hands.,"Low body/hand motion, indicates a resting or idle state.",r001,Playing Instrument,Gold,,1676.683294287997,5f6f87ea-e1c3-4868-bb60-22c9e874d056
Object Transfer,5,,#O Man E arranges some card on the table with his right hand,Logistics/Setup step involving arranging objects.,r001,Playing Instrument,Gold,,1747.2630742879967,5f6f87ea-e1c3-4868-bb60-22c9e874d056
Stationary,5,Essential Operation,#O Man A shuffles the cards in his hands.,"The action of shuffling cards is often performed while standing in one place, indicating low body movement.",r001,Playing Instrument,Bad,,1751.9181142879966,5f6f87ea-e1c3-4868-bb60-22c9e874d056
Object Transfer,5,Stationary,#O Woman C touches a card in man D's hand with her right hand.,"The action involves transferring or touching an object, which is a logistics step.",r001,Playing Instrument,Bad,,1805.7052142879968,5f6f87ea-e1c3-4868-bb60-22c9e874d056
Essential Operation,5,,#O Man E moves the card on the table with his right hand.,Core manual task involving high hand activity.,r001,Playing Instrument,Gold,,1865.9046342879965,5f6f87ea-e1c3-4868-bb60-22c9e874d056
Object Transfer,5,,#O Man E adjusts the cards in his left hand with his right hand.,"The action involves moving objects (cards), which is a logistics task.",r001,Playing Instrument,Gold,,1895.545774287997,5f6f87ea-e1c3-4868-bb60-22c9e874d056
Object Transfer,5,,#O Man E picks some cards from the table with his right hand.,Logistics action of picking up objects.,r001,Playing Instrument,Gold,,1900.5356942879969,5f6f87ea-e1c3-4868-bb60-22c9e874d056
Object Transfer,5,,#O The lady H drops a card on the table.,Refined via regex fallback,r001,Playing Instrument,Gold,,1934.768171287997,5f6f87ea-e1c3-4868-bb60-22c9e874d056
Stationary,5,,#O The man J touches the paper on the orange card. #Unsure,The action described involves a touch interaction which is likely to be low in energy and movement.,r001,Playing Instrument,Gold,,1974.3343912879968,5f6f87ea-e1c3-4868-bb60-22c9e874d056
Stationary,5,,#O The lady E rests both hands on the table.,"Low body/hand motion, indicative of a pause or rest.",r001,Playing Instrument,Gold,,1988.8185312879968,5f6f87ea-e1c3-4868-bb60-22c9e874d056
Object Transfer,5,,#O The lady I touches a book on the table.,"The action involves touching a book, which is a logistics step.",r001,Playing Instrument,Gold,,1989.5062912879969,5f6f87ea-e1c3-4868-bb60-22c9e874d056
Object Transfer,5,,#O The man J gathers cards together on the table.,"Logistics action of gathering cards, involves short bursts of hand acceleration.",r001,Playing Instrument,Gold,,2000.0489312879963,5f6f87ea-e1c3-4868-bb60-22c9e874d056
Stationary,5,,#O The man F gathers cards together on the table.,"The action involves organizing cards on a table, which does not involve significant body or hand motion.",r001,Playing Instrument,Gold,,2001.3808512879968,5f6f87ea-e1c3-4868-bb60-22c9e874d056
Object Transfer,5,,#O The lady E places the paper on the table. #Unsure,Logistics step involving placing an object.,r001,Playing Instrument,Gold,,2006.757091287997,5f6f87ea-e1c3-4868-bb60-22c9e874d056
Object Transfer,5,,#O The lady E stretches her hand towards the lady H.,"The action involves a stretch towards another person, which is a form of logistics or setup step.",r001,Playing Instrument,Gold,,2008.6829612879967,5f6f87ea-e1c3-4868-bb60-22c9e874d056
Object Transfer,5,,#O The man F moves a pile of cards on the table.,"Logistics step, moving objects (cards) from one location to another.",r001,Playing Instrument,Gold,,2013.5654712879968,5f6f87ea-e1c3-4868-bb60-22c9e874d056
Object Transfer,5,,#O The man J moves the pile of cards towards the lady E.,Logistics/Setup step involving moving objects (cards).,r001,Playing Instrument,Gold,,2015.4397412879969,5f6f87ea-e1c3-4868-bb60-22c9e874d056
Object Transfer,5,,#O The man F picks a card from the pile of cards on the table.,"The action involves picking up an object (card) from a location (pile on the table), which is a logistics step.",r001,Playing Instrument,Gold,,2018.0097712879965,5f6f87ea-e1c3-4868-bb60-22c9e874d056
Object Transfer,5,,#O The lady H picks a card from the pile of cards.,"The action involves picking up an object (card), which is a logistics step.",r001,Playing Instrument,Gold,,2019.6993012879968,5f6f87ea-e1c3-4868-bb60-22c9e874d056
Object Transfer,5,,#O The man D drops the card on some cards on the table.,"The action involves placing objects, which is a logistics step.",r001,Playing Instrument,Gold,,2022.5533412879963,5f6f87ea-e1c3-4868-bb60-22c9e874d056
Search,5,,#O The man J checks through his cards.,"Head and hand movement focused on checking items, low overall motion.",r001,Playing Instrument,Gold,,2026.6001512879968,5f6f87ea-e1c3-4868-bb60-22c9e874d056
Essential Operation,5,,#O The man F plays a card.,"Playing a card involves manual manipulation, which corresponds to a core manual task.",r001,Playing Instrument,Gold,,2035.529871287997,5f6f87ea-e1c3-4868-bb60-22c9e874d056
Essential Operation,5,,#O The lady I plays a card.,Core manual task involving high hand activity.,r001,Playing Instrument,Gold,,2035.9337912879969,5f6f87ea-e1c3-4868-bb60-22c9e874d056
Object Transfer,5,,#O The lady H drops her cards on the table.,Refined via regex fallback,r001,Playing Instrument,Gold,,2057.0441812879967,5f6f87ea-e1c3-4868-bb60-22c9e874d056
Object Transfer,5,,#O The lady E picks a card from the table.,"The action involves picking up an object (card), which is a logistics step.",r001,Playing Instrument,Gold,,2067.3529612879965,5f6f87ea-e1c3-4868-bb60-22c9e874d056
Search,5,,#O The lady E looks at the card.,"Head movement (looking), passive hands.",r001,Playing Instrument,Gold,,2067.962291287997,5f6f87ea-e1c3-4868-bb60-22c9e874d056
Object Transfer,5,,#O The lady E drops the card on the table.,Refined via regex fallback,r001,Playing Instrument,Gold,,2069.4505612879966,5f6f87ea-e1c3-4868-bb60-22c9e874d056
Search,5,,#O The lady E checks a card on the table.,"Head movement (visual search), hands mostly still.",r001,Playing Instrument,Gold,,2072.1286512879965,5f6f87ea-e1c3-4868-bb60-22c9e874d056
Essential Operation,5,,#O The man F moves a card on the table with his finger.,Core manual task involving precise hand movement.,r001,Playing Instrument,Gold,,2091.1844012879965,5f6f87ea-e1c3-4868-bb60-22c9e874d056
Object Transfer,5,,#O The lady E moves the card closer.,"The action involves moving an object (card), which is a logistics step.",r001,Playing Instrument,Gold,,2098.7170212879964,5f6f87ea-e1c3-4868-bb60-22c9e874d056
Essential Operation,5,,#O The man D touches the card in the man J hand repeatedly.,Core manual task involving repeated hand movements.,r001,Playing Instrument,,Skip,2106.6896312879967,5f6f87ea-e1c3-4868-bb60-22c9e874d056
Stationary,5,,#O The man D removes his left hand from the table.,The action involves a minor movement that does not significantly alter the overall state or motion pattern.,r001,Playing Instrument,Gold,,2123.0144512879965,5f6f87ea-e1c3-4868-bb60-22c9e874d056
Object Transfer,5,,#O The man F drops the paper on the card. #Unsure,"[CtxFixed] The action involves the deliberate placement of an object (dropping the paper onto the card), which fits the criteria for Object Transfer.",r001,Playing Instrument,Gold,,2156.243001287997,5f6f87ea-e1c3-4868-bb60-22c9e874d056
Stationary,5,,#O The man G holds the paper on the table. #Unsure,"The action involves holding an object in place, which indicates minimal movement.",r001,Playing Instrument,Gold,,2165.7033312879967,5f6f87ea-e1c3-4868-bb60-22c9e874d056
Object Transfer,5,,#C C drags a blue paper from a card on the table.,"The action involves moving an object, which is a logistics step.",r001,Playing Instrument,Gold,,2175.060744287997,5f6f87ea-e1c3-4868-bb60-22c9e874d056
Stationary,5,,#O The lady H touches a yellow paper on a card on the table.,"The action describes a touch, which is a low-energy interaction.",r001,Playing Instrument,Gold,,2177.5420142879966,5f6f87ea-e1c3-4868-bb60-22c9e874d056
Object Transfer,5,,#O The man F drops the black paper on the card. #Unsure,"[CtxFixed] The action involves the deliberate placement of the black paper onto the card, which fits the definition of 'Object Transfer'.",r001,Playing Instrument,Gold,,2178.1914642879965,5f6f87ea-e1c3-4868-bb60-22c9e874d056
Object Transfer,5,Stationary,#C C touches the blue paper on the table.,Action involves picking up or putting down an object.,r001,Playing Instrument,Bad,,2188.617464287997,5f6f87ea-e1c3-4868-bb60-22c9e874d056
Object Transfer,5,,#O The man G picks a card from the pile of card on the table.,"The action involves picking up an object (card), which is a logistics step.",r001,Playing Instrument,Gold,,2197.4760942879966,5f6f87ea-e1c3-4868-bb60-22c9e874d056
Object Transfer,5,,#O The man F packs his cards from the table.,"Logistics step of picking up and organizing items, involves short bursts of hand acceleration.",r001,Playing Instrument,Gold,,2227.8675442879967,5f6f87ea-e1c3-4868-bb60-22c9e874d056
Stationary,5,,#O The lady E holds the pink paper on the card.,"The action described involves holding a paper, which is a static action with low body and hand motion.",r001,Playing Instrument,Gold,,2269.3280042879965,5f6f87ea-e1c3-4868-bb60-22c9e874d056
Stationary,5,,#O The lady I points towards the card on the table. #Unsure,"The action involves a pointing gesture, which is a low-energy movement.",r001,Playing Instrument,Gold,,2308.7683242879966,5f6f87ea-e1c3-4868-bb60-22c9e874d056
Object Transfer,5,,#C C picks the blue paper from the card.,"The action involves picking up an object, which is a logistics step.",r001,Playing Instrument,Gold,,2325.280304287997,5f6f87ea-e1c3-4868-bb60-22c9e874d056
Object Transfer,5,,#O The man J places his cards on the table.,"The action involves placing objects (cards), which is a logistics step.",r001,Playing Instrument,Gold,,2361.7192342879966,5f6f87ea-e1c3-4868-bb60-22c9e874d056
Stationary,5,Essential Operation,#O The lady I plays a card.,"The action described seems to be a static interaction, such as playing a card game which involves minimal body movement.",r001,Playing Instrument,Bad,,2361.8233042879965,5f6f87ea-e1c3-4868-bb60-22c9e874d056
Object Transfer,5,,#O The man F places a card on the table.,Logistics action (placing an object).,r001,Playing Instrument,Gold,,2370.2253142879968,5f6f87ea-e1c3-4868-bb60-22c9e874d056
Stationary,5,,#O The man F touches the card on the table.,"The action described is a static interaction, likely involving minimal movement.",r001,Playing Instrument,Gold,,2452.7246242879964,5f6f87ea-e1c3-4868-bb60-22c9e874d056
Object Transfer,5,Stationary,#O The man J touches the green card on the table.,"The action involves picking up or touching an object, which is a logistics step.",r001,Playing Instrument,Bad,,2459.5153042879965,5f6f87ea-e1c3-4868-bb60-22c9e874d056
Object Transfer,5,,#O The man G picks a card from the pile of cards on the table.,"The action involves picking up an object (a card), which is a logistics step.",r001,Playing Instrument,Gold,,2476.5902342879967,5f6f87ea-e1c3-4868-bb60-22c9e874d056
Stationary,5,,#O The man J touches the green card on the table.,"The action involves a touch, which is a low-energy interaction.",r001,Playing Instrument,Gold,,2478.3033042879965,5f6f87ea-e1c3-4868-bb60-22c9e874d056
Search,5,,#C C checks through his cards.,Head and hand movements likely involved in visual inspection.,r001,Playing Instrument,Gold,,2478.797944287997,5f6f87ea-e1c3-4868-bb60-22c9e874d056
Object Transfer,5,,#O The man J picks a card from the the table.,"The action involves picking up an object (card), which is a logistics step.",r001,Playing Instrument,Gold,,2483.311394287997,5f6f87ea-e1c3-4868-bb60-22c9e874d056
Search,5,,#O The man F checks through his cards.,"Head and hand movement involved in checking through items, indicating a search action.",r001,Playing Instrument,Gold,,2498.3796742879967,5f6f87ea-e1c3-4868-bb60-22c9e874d056
Stationary,5,,#O The man D touches the brown paper on the table.,"The action describes a touch, which is a low-energy, stationary interaction.",r001,Playing Instrument,Gold,,2530.8438242879965,5f6f87ea-e1c3-4868-bb60-22c9e874d056
Object Transfer,5,,#C C drops the screwdriver in his left hand on the table.,Refined via regex fallback,r001,Mechanical Repair,Gold,,48.7366886,6269fa52-58af-46d3-9a4b-7aca66c3b622
Object Transfer,5,,#C C takes the second screwdriver on the worktable with his left hand.,"The action involves picking up an object, which is a logistics step.",r001,Mechanical Repair,Gold,,92.6690986,6269fa52-58af-46d3-9a4b-7aca66c3b622
Object Transfer,5,,#C C moves the screwdriver to his right hand.,Logistics of moving the screwdriver to the right hand.,r001,Mechanical Repair,Gold,,93.3089286,6269fa52-58af-46d3-9a4b-7aca66c3b622
Essential Operation,5,,#C C unscrews the screw with the screwdriver in his right hand.,Core manual task involving high hand activity.,r001,Mechanical Repair,Gold,,126.2637886,6269fa52-58af-46d3-9a4b-7aca66c3b622
Locomotion,5,Object Transfer,#C C moves the bicycle back.,"Movement of the bicycle, involving high body acceleration.",r001,Mechanical Repair,Bad,,221.2260186,6269fa52-58af-46d3-9a4b-7aca66c3b622
Essential Operation,5,,#C C adjusts a part of the bicycle with his left hand.,Core manual task involving precise hand movements.,r001,Mechanical Repair,Gold,,248.6053286,6269fa52-58af-46d3-9a4b-7aca66c3b622
Object Transfer,5,,#C C drops the tyre tube on the slab.,"[CtxFixed] The action of dropping the tyre tube onto the slab is a deliberate placement, which fits the definition of 'Object Transfer'.",r001,Mechanical Repair,Gold,,287.7669786,6269fa52-58af-46d3-9a4b-7aca66c3b622
Object Transfer,5,,#C C picks the other shoe,Logistics step of picking up an object.,r001,Cleaning,Gold,,86.10402859999999,62ecb68c-4aea-4b07-8e84-696d65cc3672
Locomotion,5,Object Transfer,#C C throws the wipe in the trash can,"Movement of the hand to throw the wipe, involving a high body acceleration component.",r001,Cleaning,Bad,,143.12753859999998,62ecb68c-4aea-4b07-8e84-696d65cc3672
Object Transfer,5,,#C C places the detergent on the floor,"Logistics of placing an object, short burst of hand activity.",r001,Cleaning,Gold,,187.0382086,62ecb68c-4aea-4b07-8e84-696d65cc3672
Essential Operation,5,,#C C rubs #unsure on the shoe,"Core cleaning task, high hand activity.",r001,Cleaning,Gold,,467.2522198207032,62ecb68c-4aea-4b07-8e84-696d65cc3672
Stationary,5,,#O man U faces C.,"The action described seems to be a face-to-face interaction, indicating low body and hand motion.",r001,Mechanical Repair,Gold,,43.77905,652f0590-aab5-4de1-b578-238adb54fa0e
Search,5,,#O man V looks at the dashboard.,"Head movement (visual inspection), hands mostly still.",r001,Mechanical Repair,Gold,,84.92439,652f0590-aab5-4de1-b578-238adb54fa0e
Stationary,5,,#O man T laughs.,"Low body/hand motion, indicating a stationary activity such as talking.",r001,Mechanical Repair,Gold,,109.97561,652f0590-aab5-4de1-b578-238adb54fa0e
Locomotion,5,,#O man T walks.,"Body moving through space, indicative of walking.",r001,Mechanical Repair,Gold,,127.54558,652f0590-aab5-4de1-b578-238adb54fa0e
Locomotion,5,,#O man W walks.,"Movement through space, characterized by body acceleration.",r001,Mechanical Repair,Gold,,207.08444,652f0590-aab5-4de1-b578-238adb54fa0e
Stationary,5,Object Transfer,#C C puts the bag on his laps.,The action involves placing an object and likely involves minimal movement thereafter.,r001,Mechanical Repair,Bad,,220.64155,652f0590-aab5-4de1-b578-238adb54fa0e
Locomotion,5,,#O man U drives the car.,"Body moving through space, likely involves driving which is a form of locomotion.",r001,Mechanical Repair,Gold,,228.77083,652f0590-aab5-4de1-b578-238adb54fa0e
Stationary,5,,#O man V lowers his hand.,"The action describes a lowering of the hand, which is a minor movement and does not indicate significant body or hand activity.",r001,Mechanical Repair,Gold,,255.41608,652f0590-aab5-4de1-b578-238adb54fa0e
Search,5,,#C C looks at people playing basketball,"Visual search or monitoring (looking at people playing basketball), low hand activity.",r001,Mechanical Repair,Gold,,929.9456433333334,652f0590-aab5-4de1-b578-238adb54fa0e
Locomotion,5,Essential Operation,#O man R plays basketball,Playing basketball involves movement through space with high body acceleration.,r001,Mechanical Repair,Gold,,1255.3990366666667,652f0590-aab5-4de1-b578-238adb54fa0e
Locomotion,5,Essential Operation,#O man X plays basketball,Playing basketball involves significant body movement through space.,r001,Mechanical Repair,Gold,,1287.0807966666666,652f0590-aab5-4de1-b578-238adb54fa0e
Stationary,5,Locomotion,#C C does exercise,"The action 'does exercise' implies a static or low-energy state, likely involving minimal movement.",r001,Mechanical Repair,Bad,,1371.5525766666667,652f0590-aab5-4de1-b578-238adb54fa0e
Stationary,5,Object Transfer,#C C bounces the ball,"The action of bouncing a ball does not fit into the other categories as well as Stationary. It does not involve a core manual task, object transfer, search, or an error/correction. While it involves movement, the context here suggests a playful or idle action rather than a focused repair task.",r001,Mechanical Repair,Bad,,1932.87049,652f0590-aab5-4de1-b578-238adb54fa0e
Stationary,5,Object Transfer,#O man R bounces the ball,"The action of bouncing a ball does not fit the other categories well, and it does not imply continuous movement or a specific task. It suggests a momentary, stationary activity.",r001,Mechanical Repair,Bad,,2029.03571,652f0590-aab5-4de1-b578-238adb54fa0e
Locomotion,5,Essential Operation,#O man B plays basketball,"Body moving through space, high body acceleration.",r001,Mechanical Repair,Gold,,2212.769333333333,652f0590-aab5-4de1-b578-238adb54fa0e
Object Transfer,5,,#O man R plays the throws the ball,"[CtxFixed] The action involves throwing the ball, which is a deliberate movement of an object.",r001,Mechanical Repair,Gold,,2247.412803333333,652f0590-aab5-4de1-b578-238adb54fa0e
Stationary,5,Essential Operation,#O man R plays the basketball,"The action described does not involve significant movement or task execution, implying a low-energy state.",r001,Mechanical Repair,Bad,,2724.393216666667,652f0590-aab5-4de1-b578-238adb54fa0e
Locomotion,5,Essential Operation,#C C plays basketball,"Body moving through space, likely involves high body acceleration.",r001,Mechanical Repair,Gold,,2764.0176266666667,652f0590-aab5-4de1-b578-238adb54fa0e
Object Transfer,5,,#O man X throws ball to C,"[CtxFixed] The action involves moving an object (the ball) from one person (man X) to another person (C), which fits the definition of transferring an object.",r001,Mechanical Repair,Gold,,2955.372516666667,652f0590-aab5-4de1-b578-238adb54fa0e
Locomotion,5,Essential Operation,#O man X dribbles ball on pitch,"The action describes movement with a ball, indicating locomotion.",r001,Mechanical Repair,Bad,,3000.737316666666,652f0590-aab5-4de1-b578-238adb54fa0e
Locomotion,5,Essential Operation,#O man T dribbles ball on pitch,"Movement through space, likely involves walking or running with a ball.",r001,Mechanical Repair,Bad,,3015.748966666667,652f0590-aab5-4de1-b578-238adb54fa0e
Locomotion,5,Essential Operation,#O man Y dribbles ball on pitch,"The action describes movement through space, indicative of locomotion.",r001,Mechanical Repair,Bad,,3046.1079566666667,652f0590-aab5-4de1-b578-238adb54fa0e
Stationary,5,,#C C holds the ball,"Holding an object is a low-energy, stationary action.",r001,Mechanical Repair,Gold,,3294.5850000000005,652f0590-aab5-4de1-b578-238adb54fa0e
Locomotion,5,,#O man X walks around,Body moving through space (walking).,r001,Mechanical Repair,Gold,,3300.0425300000006,652f0590-aab5-4de1-b578-238adb54fa0e
Locomotion,5,,#O man X runs around,Movement through space at a quick pace.,r001,Mechanical Repair,Gold,,3510.1758800000007,652f0590-aab5-4de1-b578-238adb54fa0e
Stationary,5,Search,#C C watches the basketball game,"Low body/hand motion, likely sitting or standing still while watching.",r001,Mechanical Repair,Bad,,3523.1380000000004,652f0590-aab5-4de1-b578-238adb54fa0e
Locomotion,5,,#C C jumps,Body moving through space with a sudden movement.,r001,Mechanical Repair,Gold,,3756.474799333334,652f0590-aab5-4de1-b578-238adb54fa0e
Essential Operation,5,,#C C plays the ball,"[CtxFixed] Playing the ball is an essential operation as it involves an active engagement with an object for a specific purpose, such as entertainment or exercise.",r001,Mechanical Repair,Gold,,4405.225626666667,652f0590-aab5-4de1-b578-238adb54fa0e
Stationary,5,,#O man V talks,"Low body/hand motion, likely speaking.",r001,Mechanical Repair,Gold,,4503.949846666667,652f0590-aab5-4de1-b578-238adb54fa0e
Locomotion,5,,#O man F walks around,"Movement through space, indicative of walking.",r001,Mechanical Repair,Gold,,4565.758026666667,652f0590-aab5-4de1-b578-238adb54fa0e
Locomotion,5,,# C c touches stairs metal,"Body movement through space, likely involves climbing or moving on stairs.",r001,Cleaning,,Skip,6.8833886,67b78a5b-ab72-4483-95c4-33e837013e93
Stationary,5,,# C c wears shoes,Wearing shoes is typically a static action with minimal movement.,r001,Cleaning,Gold,,57.1766486,67b78a5b-ab72-4483-95c4-33e837013e93
Locomotion,5,,# C c rides bicycle in the road,"Body moving through space (riding a bicycle), high body acceleration.",r001,Cleaning,Gold,,147.05545859999998,67b78a5b-ab72-4483-95c4-33e837013e93
Search,5,,# X x looks at c,"Head movement (visual inspection), hands mostly still.",r001,Cleaning,Gold,,299.6463986,67b78a5b-ab72-4483-95c4-33e837013e93
Locomotion,5,,# C c walks on the road,Body moving through space (walking).,r001,Cleaning,Gold,,526.1187486,67b78a5b-ab72-4483-95c4-33e837013e93
Locomotion,5,,# X x walks,"Body moving through space, indicative of walking.",r001,Cleaning,Gold,,1486.6789419333331,67b78a5b-ab72-4483-95c4-33e837013e93
Stationary,5,,#X person o moves hand,"Low body/hand motion, possibly indicating a stationary activity.",r001,Cleaning,Gold,,1965.4113352666664,67b78a5b-ab72-4483-95c4-33e837013e93
Stationary,5,,#C c touches calf,"Low body/hand motion, likely a touch or scratch.",r001,Cleaning,Gold,,2675.8753079333333,67b78a5b-ab72-4483-95c4-33e837013e93
Essential Operation,5,Object Transfer,#O the man X rubs the tissue paper in both hands.,Core task involving high hand activity.,r001,Cleaning,Gold,,2883.4502352666664,67b78a5b-ab72-4483-95c4-33e837013e93
Locomotion,5,,#C c rides toward the house,Body moving through space (ride). High body acceleration expected.,r001,Cleaning,Gold,,3060.482301933333,67b78a5b-ab72-4483-95c4-33e837013e93
Object Transfer,5,,#C c picks uncertain on the floor,"[CtxFixed] The action of picking something up from the floor indicates that the person is moving an object, which fits the definition of Object Transfer.",r001,Cleaning,Gold,,3163.621941933333,67b78a5b-ab72-4483-95c4-33e837013e93
Stationary,5,Locomotion,#C c enters the kitchen,Entering a location typically involves minimal motion.,r001,Cleaning,Bad,,3204.9446012666667,67b78a5b-ab72-4483-95c4-33e837013e93
Locomotion,5,,#C c walks along the kitchen corridor,"Body moving through space, indicative of walking.",r001,Cleaning,Gold,,3570.1215376213304,67b78a5b-ab72-4483-95c4-33e837013e93
Stationary,5,Essential Operation,#C C sets the weighing machine,Setting the weighing machine involves minimal body and hand motion.,r001,Cooking,Bad,,144.7843552666667,6ac1d2ed-1f6b-4828-a1ab-f81c40bd5e80
Search,5,,#C C touches the nylon paper on top of the shelf,Implies a visual or tactile search for an item on a shelf.,r001,Cooking,Gold,,175.54831526666666,6ac1d2ed-1f6b-4828-a1ab-f81c40bd5e80
Locomotion,5,,#C C moves towards the shelf,Body moving through space towards a destination.,r001,Cooking,Gold,,223.13411526666667,6ac1d2ed-1f6b-4828-a1ab-f81c40bd5e80
Object Transfer,5,,#C C picks the lid on top of the table,Logistics step involving picking up an object.,r001,Cooking,Gold,,246.07883526666663,6ac1d2ed-1f6b-4828-a1ab-f81c40bd5e80
Object Transfer,5,,#C C picks the packet in the fridge,Logistics step involving picking up an object.,r001,Cooking,Gold,,269.00312526666664,6ac1d2ed-1f6b-4828-a1ab-f81c40bd5e80
Object Transfer,5,,#C C puts the packet on top of the table,Logistics step of placing an object.,r001,Cooking,Gold,,273.48540526666665,6ac1d2ed-1f6b-4828-a1ab-f81c40bd5e80
Object Transfer,5,,#C C places the spoon on the bowl,Logistics step involving placing an object.,r001,Cooking,Gold,,639.9902252666667,6ac1d2ed-1f6b-4828-a1ab-f81c40bd5e80
Essential Operation,5,,#C C stirs the the food in the pot with the spoon,Core manual task involving repetitive hand movement.,r001,Cooking,Gold,,680.0985352666668,6ac1d2ed-1f6b-4828-a1ab-f81c40bd5e80
Essential Operation,5,Object Transfer,#C C scoops some food with the spoon,Core task involving manual operation with the hand.,r001,Cooking,Gold,,1093.2908909546634,6ac1d2ed-1f6b-4828-a1ab-f81c40bd5e80
Object Transfer,5,Essential Operation,#C C flips a playing card,"The action involves picking up or flipping an object, which corresponds to logistics or setup steps.",r001,Playing Instrument,Gold,,176.12404859999998,6b889d80-1c10-413c-9532-fbd629305a43
Object Transfer,5,,#C C places the playing card on the table,"The action involves placing an object, which is a logistics step.",r001,Playing Instrument,Gold,,225.4730086,6b889d80-1c10-413c-9532-fbd629305a43
Stationary,5,Essential Operation,#C C plays the spider card game,Playing a card game involves minimal body movement.,r001,Playing Instrument,Bad,,830.9063476136719,6b889d80-1c10-413c-9532-fbd629305a43
Object Transfer,5,,#C C picks a card from the table with right hand,Logistics step involving picking up an object.,r001,Playing Instrument,Gold,,939.7453453125,6b889d80-1c10-413c-9532-fbd629305a43
Stationary,5,,#C C touches the card with left hand,"Low body/hand motion, likely preparatory or idle action.",r001,Playing Instrument,Gold,,954.3551353125,6b889d80-1c10-413c-9532-fbd629305a43
Object Transfer,5,,#C C takes a card from left hand,"Logistics step, moving an object from one hand to another.",r001,Playing Instrument,Gold,,982.1710753125,6b889d80-1c10-413c-9532-fbd629305a43
Stationary,5,Essential Operation,#C C counts the cards,The action involves minimal body movement and is likely performed while seated or standing still.,r001,Playing Instrument,Bad,,1495.0819453125,6b889d80-1c10-413c-9532-fbd629305a43
Object Transfer,5,,#C C moves the cards on table,"The action involves picking up and moving cards, which is a logistics task.",r001,Playing Instrument,Gold,,1880.1329252666667,6b889d80-1c10-413c-9532-fbd629305a43
Object Transfer,5,,#C C opens fabric conditioner,Logistics step involving opening an object.,r001,Cleaning,Gold,,381.4773740931641,6c0a8bc3-1a83-4f90-bb7f-6baf959b2364
Essential Operation,5,,#C C presses the dry cleaner,"Core task involving pressing, which is a manual operation.",r001,Cleaning,Gold,,396.2686340931641,6c0a8bc3-1a83-4f90-bb7f-6baf959b2364
Search,5,Object Transfer,#C C flips through the pages of the book with his hands,Flipping through pages indicates a visual search or monitoring activity with active hand movement but primarily focused on finding specific information.,r001,Desk Work,Gold,,21.220589600000004,70e81c43-3bf3-4a3c-81df-16f5108a6918
Object Transfer,5,,#C C passes the earphones to his right hand,Passing an object from one hand to another.,r001,Desk Work,Gold,,35.9581196,70e81c43-3bf3-4a3c-81df-16f5108a6918
Essential Operation,5,,#C C taps on the mobile phone with his right index finger.,Core manual task involving high hand activity.,r001,Desk Work,Gold,,644.1865976213301,70e81c43-3bf3-4a3c-81df-16f5108a6918
Essential Operation,5,,#C C operates one of the computers with his right hand,Core manual task involving high hand activity.,r001,Desk Work,Gold,,830.7354076213301,70e81c43-3bf3-4a3c-81df-16f5108a6918
Object Transfer,5,,#C C drops the paper on a chair with his left hand.,"The action involves moving an object (paper) from one location to another (chair), which is a logistics step.",r001,Desk Work,Gold,,1338.7815742879966,70e81c43-3bf3-4a3c-81df-16f5108a6918
Object Transfer,5,,#C C adjusts the paper on the chair with his left hand.,Logistics action involving moving an object (paper).,r001,Desk Work,Gold,,1341.7712342879963,70e81c43-3bf3-4a3c-81df-16f5108a6918
Stationary,5,Essential Operation,#C C operates his watch with his right hand.,"Low body/hand motion, likely seated while operating watch.",r001,Desk Work,Bad,,1445.446794287997,70e81c43-3bf3-4a3c-81df-16f5108a6918
Object Transfer,5,,#C C picks the USB cord from a bedside table with his right hand.,"The action involves picking up an object, which is a logistics step.",r001,Desk Work,Gold,,1554.3038242879966,70e81c43-3bf3-4a3c-81df-16f5108a6918
Object Transfer,5,,#C C picks the waist bag from the bed with his right hand.,Logistics step involving picking up an object.,r001,Desk Work,Gold,,1570.7601442879966,70e81c43-3bf3-4a3c-81df-16f5108a6918
Object Transfer,5,,#C C opens the cover of the water bottle with his left hand.,Logistics step involving opening an object.,r001,Desk Work,Gold,,1608.2601289546633,70e81c43-3bf3-4a3c-81df-16f5108a6918
Essential Operation,5,,#C C cuts the ginger.,"Core task, high hand activity.",r001,Cooking,Gold,,245.7508886,70f2a750-f403-41b8-aabb-480eb3ab4ed4
Essential Operation,5,,#C C cuts the paper.,"Core task, high hand activity.",r001,Cooking,Gold,,372.04546928500986,70f2a750-f403-41b8-aabb-480eb3ab4ed4
Essential Operation,5,,#C C stirs the garlic.,"Core task, high hand activity.",r001,Cooking,Gold,,407.2782092850099,70f2a750-f403-41b8-aabb-480eb3ab4ed4
Essential Operation,5,,#C C washes the garlic.,Core task involving manual activity with high hand acceleration.,r001,Cooking,Gold,,481.78821928500986,70f2a750-f403-41b8-aabb-480eb3ab4ed4
Essential Operation,5,,#C C stir the food.,Core task involving high hand activity.,r001,Cooking,Gold,,550.5914476136719,70f2a750-f403-41b8-aabb-480eb3ab4ed4
Object Transfer,5,,#C C puts the soup on the spoon.,Logistics step of picking up and placing the soup on the spoon.,r001,Cooking,Gold,,784.648207613672,70f2a750-f403-41b8-aabb-480eb3ab4ed4
Object Transfer,5,,#C C puts the #unsure in the cabinet.,Logistics step involving placing an object.,r001,Cooking,Gold,,878.6357782590958,70f2a750-f403-41b8-aabb-480eb3ab4ed4
Essential Operation,5,,#C C fills the pot with water.,Core task involving manual operation with high hand activity.,r001,Cooking,Gold,,958.4225182590958,70f2a750-f403-41b8-aabb-480eb3ab4ed4
Object Transfer,5,,#C C puts garlic in the squeezer,Logistics step involving picking up and placing the garlic.,r001,Cooking,Gold,,1109.552437144922,70f2a750-f403-41b8-aabb-480eb3ab4ed4
Object Transfer,5,,#C C puts the mushroom stems in the cooking pot,Logistics step involving picking up and placing the mushroom stems.,r001,Cooking,Gold,,1170.920417144922,70f2a750-f403-41b8-aabb-480eb3ab4ed4
Object Transfer,5,,#C C puts the mushroom waste in the dustbin,Logistics step involving picking up and putting down an object.,r001,Cooking,Gold,,1250.4827671449218,70f2a750-f403-41b8-aabb-480eb3ab4ed4
Object Transfer,5,,#C C takes a package,Logistics/Setup step involving picking up or moving an object.,r001,Cooking,Gold,,1285.4376571449218,70f2a750-f403-41b8-aabb-480eb3ab4ed4
Essential Operation,5,,#C C stirs the cucumber,Core task involving high hand activity.,r001,Cooking,Gold,,1353.675017144922,70f2a750-f403-41b8-aabb-480eb3ab4ed4
Object Transfer,5,,#C C puts the jar lid on the surface,"Logistics step, placing an object on a surface.",r001,Cooking,Gold,,1357.7037571449218,70f2a750-f403-41b8-aabb-480eb3ab4ed4
Object Transfer,5,,#C C flaps the dustbin lid,Logistics action involving the manipulation of an object's lid.,r001,Cooking,Gold,,1464.239547150964,70f2a750-f403-41b8-aabb-480eb3ab4ed4
Object Transfer,5,,#C C puts detergent on the lid,Logistics step involving picking up and placing the detergent.,r001,Cooking,Gold,,1491.9533638176306,70f2a750-f403-41b8-aabb-480eb3ab4ed4
Object Transfer,5,,#C C takes the container lid,Logistics/Setup step.,r001,Cooking,Gold,,1575.0168838176303,70f2a750-f403-41b8-aabb-480eb3ab4ed4
Object Transfer,5,,#C C puts the package on the surface,Logistics step involving picking up and placing the package.,r001,Cooking,Gold,,1598.8214238176306,70f2a750-f403-41b8-aabb-480eb3ab4ed4
Object Transfer,5,,#C C takes broccoli,Logistics step of picking up and moving the broccoli.,r001,Cooking,Gold,,1618.4491238176306,70f2a750-f403-41b8-aabb-480eb3ab4ed4
Stationary,5,Essential Operation,#C C tastes the stew,"Low body/hand motion, primarily involves taste perception.",r001,Cooking,Bad,,1669.995066182194,70f2a750-f403-41b8-aabb-480eb3ab4ed4
Essential Operation,5,,#C C paints the porch pillar.,Core manual task involving high hand activity.,r001,Mechanical Repair,Gold,,106.5765696,71805e46-ca99-4b12-abb4-b1c1af470ae7
Object Transfer,5,,#C C removes the paintbrush from the paint container.,Logistics step involving the movement of an object.,r001,Mechanical Repair,Gold,,147.1889996,71805e46-ca99-4b12-abb4-b1c1af470ae7
Essential Operation,5,,#C C resumes painting the wooden rail,Core task involving high hand activity.,r001,Mechanical Repair,Gold,,363.9336809546634,71805e46-ca99-4b12-abb4-b1c1af470ae7
Stationary,5,,#C C pauses painting the wooden rail,"Low body/hand motion, indicates a pause or idle state.",r001,Mechanical Repair,Gold,,449.8313309546634,71805e46-ca99-4b12-abb4-b1c1af470ae7
Stationary,5,,#O The man Z stands,"The action describes a person standing still, indicating low body and hand motion.",r001,Mechanical Repair,Gold,,472.3116509546634,71805e46-ca99-4b12-abb4-b1c1af470ae7
Stationary,5,,#C C raises his left hand,The action describes a single hand movement which does not involve significant motion or task execution.,r001,Mechanical Repair,Gold,,484.6696209546634,71805e46-ca99-4b12-abb4-b1c1af470ae7
Object Transfer,5,,#C C dips big brush into paint bucket,"The action involves picking up and transferring the brush into the paint bucket, which is a logistics step.",r001,Mechanical Repair,Gold,,109.8547796,747ca62c-333e-472a-94d8-7d436c56cb45
Locomotion,5,Object Transfer,#C C moves back the wooden object.,Movement through space involving the body.,r001,Mechanical Repair,Bad,,301.7048809546634,7544f7c5-3823-439f-bc64-326a15d65406
Stationary,5,,#C C squats down.,"Change in posture, low overall motion.",r001,Mechanical Repair,Gold,,653.1214776213301,7544f7c5-3823-439f-bc64-326a15d65406
Essential Operation,5,,#C C continues cleaning the wooden members with sandpaper.,Core manual task involving high hand activity.,r001,Mechanical Repair,Gold,,808.3158176213301,7544f7c5-3823-439f-bc64-326a15d65406
Search,5,,#C C analyses the color codes on the wires,"Visual inspection, likely involves head movement and minimal hand activity.",r001,Carpentry,Gold,,47.14163,7a8330bb-336d-48a0-9dfb-c9ae34ff9145
Essential Operation,5,Object Transfer,#C C separates brown color wire,Core manual task involving fine motor skills.,r001,Carpentry,Gold,,51.251,7a8330bb-336d-48a0-9dfb-c9ae34ff9145
Essential Operation,5,,#C C twists wire with pliers,Core task involving high hand activity with tools.,r001,Carpentry,Gold,,100.52545,7a8330bb-336d-48a0-9dfb-c9ae34ff9145
Search,5,,#C C dips fingers inside hole on the ceiling,"The action involves a visual search or monitoring, with fingers being dipped inside a hole, indicating head and hand movements focused on finding or feeling something specific.",r001,Carpentry,,Skip,301.84102,7a8330bb-336d-48a0-9dfb-c9ae34ff9145
Stationary,5,,#C C holds metal strip,"Low body/hand motion, holding an object without movement.",r001,Carpentry,Gold,,324.13768,7a8330bb-336d-48a0-9dfb-c9ae34ff9145
Essential Operation,5,,#C C strips wire cover off the wire,"Core manual task, high hand activity.",r001,Carpentry,Gold,,352.22833,7a8330bb-336d-48a0-9dfb-c9ae34ff9145
Stationary,5,,#C C holds other wire,"Low body/hand motion, holding an object.",r001,Carpentry,Gold,,433.76195,7a8330bb-336d-48a0-9dfb-c9ae34ff9145
Locomotion,5,Object Transfer,#C C climbs ladder with cable connector & screw driver,"Movement through space, high body acceleration.",r001,Carpentry,Gold,,500.87615,7a8330bb-336d-48a0-9dfb-c9ae34ff9145
Essential Operation,5,,#C C inserts wire inside cable connector,Core manual task involving precise hand movements.,r001,Carpentry,Gold,,505.4905,7a8330bb-336d-48a0-9dfb-c9ae34ff9145
Locomotion,5,Object Transfer,#C C walks back with cable connector & screw driver,"Body moving through space (walking), high body acceleration.",r001,Carpentry,Gold,,534.5051646666667,7a8330bb-336d-48a0-9dfb-c9ae34ff9145
Essential Operation,5,,#C C tightens cable connector screw with a screw driver,Core manual task involving high hand activity.,r001,Carpentry,Gold,,548.8603146666667,7a8330bb-336d-48a0-9dfb-c9ae34ff9145
Essential Operation,5,,#C C removes wire insulator,"Core manual task, high hand activity.",r001,Carpentry,Gold,,648.4882266666667,7a8330bb-336d-48a0-9dfb-c9ae34ff9145
Locomotion,5,Object Transfer,#C C goes down the ladder with screw driver,"Body moving through space (going down a ladder), involves high body acceleration.",r001,Carpentry,Gold,,708.6838166666666,7a8330bb-336d-48a0-9dfb-c9ae34ff9145
Object Transfer,5,,#C C grabs other wires,Logistics step involving picking up or moving an object.,r001,Carpentry,Gold,,767.3598266666667,7a8330bb-336d-48a0-9dfb-c9ae34ff9145
Stationary,5,,#C C removes his right hand from the pedal.,"The action describes a removal of the hand from a pedal, which is likely followed by a pause or static position.",r001,Mechanical Repair,Gold,,7.61675,7d43e858-fc76-4f75-83b7-0da80e3a8a46
Search,5,Object Transfer,#C C turns the wood in his hands,Head and hand movement indicating a visual search or inspection.,r001,Carpentry,Bad,,40.38595,7f53fc56-d792-483c-9243-71796f4a47e5
Search,5,Essential Operation,#C C measures the wood with the tape measure,Visual inspection/monitoring with minimal hand movement.,r001,Carpentry,Gold,,64.48515,7f53fc56-d792-483c-9243-71796f4a47e5
Search,5,Essential Operation,#C C measures the wood with the try square,"Visual inspection/monitoring with the try square, hands and head involved in precise measurement.",r001,Carpentry,Gold,,78.48505,7f53fc56-d792-483c-9243-71796f4a47e5
Essential Operation,5,,#C C marks the wood with the carpenter pencil,Core task involving precise hand movements.,r001,Carpentry,Gold,,116.35742,7f53fc56-d792-483c-9243-71796f4a47e5
Essential Operation,5,,#C C cleans the wood with his left hand,Core manual task involving high hand activity.,r001,Carpentry,Gold,,165.27504,7f53fc56-d792-483c-9243-71796f4a47e5
Stationary,5,,#C C touches a black music player with his right hand,"The action involves a touch, which is a brief interaction and does not involve significant movement.",r001,Carpentry,Gold,,193.92235,7f53fc56-d792-483c-9243-71796f4a47e5
Stationary,5,Object Transfer,#C C lowers the glasses,"Low body/hand motion, likely involves minor hand movement for glasses adjustment.",r001,Carpentry,Bad,,217.90768,7f53fc56-d792-483c-9243-71796f4a47e5
Object Transfer,5,,#C C moves the wood on the metal workbench with his hands,Logistics of moving the wood on the workbench.,r001,Carpentry,Gold,,272.48533,7f53fc56-d792-483c-9243-71796f4a47e5
Essential Operation,5,,#C C sands the wood on the metal work bench with the sanding machine,Core manual task involving high hand activity with the sanding machine.,r001,Carpentry,Gold,,336.63993,7f53fc56-d792-483c-9243-71796f4a47e5
Object Transfer,5,,#C C pushes the measuring tape into its case with his right hand,Logistics action of putting away the measuring tape.,r001,Carpentry,Gold,,401.67133,7f53fc56-d792-483c-9243-71796f4a47e5
Object Transfer,5,,#C C drops the carpenter pencil on the metal work bench with his right hand,"[CtxFixed] The action involves deliberately placing the carpenter pencil onto the metal work bench, which fits the criteria for 'Object Transfer'.",r001,Carpentry,Gold,,405.05834,7f53fc56-d792-483c-9243-71796f4a47e5
Object Transfer,5,,#C C moves the try square and a white paper on the metal work bench with his left hand,Logistics of moving objects (try square and paper) on a surface.,r001,Carpentry,Gold,,505.91546,7f53fc56-d792-483c-9243-71796f4a47e5
Object Transfer,5,,#C C lifts the wood from the floor with his hands,"Action involves picking up an object, characteristic of logistics or setup steps.",r001,Carpentry,Gold,,657.4742166666666,7f53fc56-d792-483c-9243-71796f4a47e5
Object Transfer,5,,#C C drops the wood on the floor,Refined via regex fallback,r001,Carpentry,Gold,,661.4371266666667,7f53fc56-d792-483c-9243-71796f4a47e5
Search,5,,#C C studies the diagram in the white papers,"Visual search or monitoring, head movement likely involved.",r001,Carpentry,Gold,,752.0007866666667,7f53fc56-d792-483c-9243-71796f4a47e5
Object Transfer,5,,#C C drops the tape measure on the metal workbench with his right hand,"[CtxFixed] The action of dropping the tape measure onto the metal workbench can be interpreted as a deliberate placement of the object, which fits the 'Object Transfer' category.",r001,Carpentry,Gold,,814.4284766666667,7f53fc56-d792-483c-9243-71796f4a47e5
Object Transfer,5,,#C C picks up a try square from the metal workbench with his right hand,Logistics step of picking up an object.,r001,Carpentry,Gold,,815.3396666666667,7f53fc56-d792-483c-9243-71796f4a47e5
Object Transfer,5,,#C C picks a poker chips,"Picking up an object, involves short bursts of hand acceleration.",r001,Playing Instrument,Gold,,14.8874686,808c2a0c-9010-4be5-88b1-d697b417848d
Object Transfer,5,,#C C places the poker chips on the board,Logistics step involving placing objects.,r001,Playing Instrument,Gold,,16.2123086,808c2a0c-9010-4be5-88b1-d697b417848d
Object Transfer,5,,# C C places the poker chips on the board,"Logistics of placing objects, short bursts of hand acceleration.",r001,Playing Instrument,Gold,,23.151138600000003,808c2a0c-9010-4be5-88b1-d697b417848d
Object Transfer,5,,#O man A places the playing card on the table,"The action involves placing an object, which is a logistics step.",r001,Playing Instrument,Gold,,81.6399486,808c2a0c-9010-4be5-88b1-d697b417848d
Stationary,5,Object Transfer,#O man A pulls a playing card,"The action described is pulling a card, which is a quick motion but does not involve sustained movement or high energy activity.",r001,Playing Instrument,Bad,,119.6857486,808c2a0c-9010-4be5-88b1-d697b417848d
Essential Operation,5,Stationary,#C C rubs the left hand with the right hand,Core manual task involving high hand activity.,r001,Playing Instrument,Bad,,132.61276859999998,808c2a0c-9010-4be5-88b1-d697b417848d
Essential Operation,5,Stationary,#O man A moves the right hand,Core manual task involving high hand activity.,r001,Playing Instrument,Bad,,189.4279986,808c2a0c-9010-4be5-88b1-d697b417848d
Object Transfer,5,,#O man A lifts the pen,"The action involves picking up an object (pen), which is a logistics step.",r001,Playing Instrument,Gold,,196.9178586,808c2a0c-9010-4be5-88b1-d697b417848d
Stationary,5,Essential Operation,#O man A writes on the paper,"The action describes a stationary activity such as writing, which involves minimal body movement.",r001,Playing Instrument,Bad,,220.9561186,808c2a0c-9010-4be5-88b1-d697b417848d
Essential Operation,5,Stationary,#C C moves both hands,Core task involving high hand activity.,r001,Playing Instrument,Bad,,268.47018860000003,808c2a0c-9010-4be5-88b1-d697b417848d
Object Transfer,5,,#C C drops the dice on the board,"[CtxFixed] The action of dropping the dice onto the board is a deliberate placement, which fits the definition of an Object Transfer.",r001,Playing Instrument,Gold,,276.6305386,808c2a0c-9010-4be5-88b1-d697b417848d
Stationary,5,,#CC holds the pen with both her hands,"Low body/hand motion, holding position.",r001,Playing Instrument,Gold,,299.2733386458333,808c2a0c-9010-4be5-88b1-d697b417848d
Object Transfer,5,,#C C pushes the cards towards the game board,Logistics step involving the movement of cards towards the game board.,r001,Playing Instrument,Gold,,353.4637786458333,808c2a0c-9010-4be5-88b1-d697b417848d
Stationary,5,Object Transfer,#O a man X shakes the dice,The action described ('shakes the dice') does not involve significant body or hand motion that would qualify it for other categories.,r001,Playing Instrument,Bad,,392.96963864583336,808c2a0c-9010-4be5-88b1-d697b417848d
Object Transfer,5,,#C C picks up the game piece,"The action involves picking up an object, which is a logistics step.",r001,Playing Instrument,Gold,,434.8927686458333,808c2a0c-9010-4be5-88b1-d697b417848d
Essential Operation,5,,#C C writes on the sheet of paper with the pen,Core manual task involving high hand activity.,r001,Playing Instrument,Gold,,458.7657786458333,808c2a0c-9010-4be5-88b1-d697b417848d
Object Transfer,5,,#O a man X picks up the pen,Logistics/Setup step (picking up the pen).,r001,Playing Instrument,Gold,,492.9344186458333,808c2a0c-9010-4be5-88b1-d697b417848d
Stationary,5,,#O a man X holds the cards with both his hands,"The action describes holding cards with both hands, indicating a low-energy, stationary state.",r001,Playing Instrument,Gold,,530.5764786458333,808c2a0c-9010-4be5-88b1-d697b417848d
Object Transfer,5,,#O a man X moves the game piece on the game board's surface,Logistics step involving moving the game piece.,r001,Playing Instrument,Gold,,546.2223186458333,808c2a0c-9010-4be5-88b1-d697b417848d
Stationary,5,Essential Operation,#C C writes writes on a paper,Writing is a fine motor task with low body motion.,r001,Playing Instrument,Bad,,612.7978658298177,808c2a0c-9010-4be5-88b1-d697b417848d
Stationary,5,,#O man X faces card to C,"The action described does not involve significant movement, suggesting a stationary or low-energy activity.",r001,Playing Instrument,,Skip,712.0460658298177,808c2a0c-9010-4be5-88b1-d697b417848d
Search,5,,#c c looks through the phone,"Head movement (visual search), hands mostly still.",r001,Walking Outdoors,Gold,,5.7848696,80debc82-fea5-4125-aab6-725d1b139289
Locomotion,5,Object Transfer,#C C pushes vacuum cleaner,"Body moving through space with the vacuum cleaner, high body acceleration.",r001,Cleaning,Bad,,644.378927613672,8698a0ea-f434-49f9-a8e4-45220e5d4b2c
Object Transfer,5,,#C C picks carpet from the floor,Logistics step involving picking up an object.,r001,Cleaning,Gold,,701.3839876136719,8698a0ea-f434-49f9-a8e4-45220e5d4b2c
Object Transfer,5,,#C C picks a vacuum head,Logistics step involving picking up an object.,r001,Cleaning,Gold,,723.323447613672,8698a0ea-f434-49f9-a8e4-45220e5d4b2c
Locomotion,5,,#C C adjusts vacuum cleaner with legs,"Body movement through space, likely involves adjusting the position of the legs.",r001,Cleaning,,Skip,791.1392076136719,8698a0ea-f434-49f9-a8e4-45220e5d4b2c
Object Transfer,5,,#C C picks blander,Logistics step involving picking up an object.,r001,Mechanical Repair,Gold,,53.9662686,8b633bf7-5585-4bb1-bb68-eea38ac9f14a
Essential Operation,5,,#C C puts cell tape on the light,Core task involving manual dexterity and focused hand activity.,r001,Mechanical Repair,Gold,,104.5266186,8b633bf7-5585-4bb1-bb68-eea38ac9f14a
Object Transfer,5,,#C C puts cell tape down,Logistics step involving placing an object.,r001,Mechanical Repair,Gold,,178.8506386,8b633bf7-5585-4bb1-bb68-eea38ac9f14a
Stationary,5,,#C C holds light cover,Holding an object in place involves minimal movement.,r001,Mechanical Repair,Gold,,204.0920186,8b633bf7-5585-4bb1-bb68-eea38ac9f14a
Essential Operation,5,,#C C moves #unsure from mouth,"[CtxFixed] The action of moving something from the mouth is likely part of a process involving the manipulation or preparation of the cell tape, which is an essential operation.",r001,Mechanical Repair,,Skip,281.2458340931641,8b633bf7-5585-4bb1-bb68-eea38ac9f14a
Essential Operation,5,,#C C sticks tape on cover light,Core task involving manual dexterity and hand activity.,r001,Mechanical Repair,Gold,,306.74827409316407,8b633bf7-5585-4bb1-bb68-eea38ac9f14a
Essential Operation,5,,#C C presses tape on the light,Core manual task involving hand activity.,r001,Mechanical Repair,Gold,,337.0613340931641,8b633bf7-5585-4bb1-bb68-eea38ac9f14a
Object Transfer,5,,#C C picks # #unsure,Logistics step of picking up an object.,r001,Mechanical Repair,,Skip,488.4601440931641,8b633bf7-5585-4bb1-bb68-eea38ac9f14a
Essential Operation,5,,#C C applies the liquid on the wooden piece with the brush.,Core task involving high hand activity.,r001,Carpentry,Gold,,9.1901296,8d44b13c-464d-498b-b639-dfede202872c
Object Transfer,5,,#C C takes the liquid from the container with the brush.,Logistics step involving picking up and transferring liquid.,r001,Carpentry,Gold,,48.211639600000005,8d44b13c-464d-498b-b639-dfede202872c
Object Transfer,5,,#C C picks a paint brush from the table.,"Logistics/Setup step, picking up an object.",r001,Carpentry,Gold,,299.2693009546634,8d44b13c-464d-498b-b639-dfede202872c
Object Transfer,5,,#C C moves the container of liquid on the table.,"Moving an object from one place to another, short bursts of hand acceleration.",r001,Carpentry,Gold,,470.54828095466337,8d44b13c-464d-498b-b639-dfede202872c
Essential Operation,5,,#C C scrapes the plywood with the small filler scraper.,Core manual task involving high hand activity.,r001,Carpentry,Gold,,513.8309909546634,8d44b13c-464d-498b-b639-dfede202872c
Essential Operation,5,,#C C scrapes the plywood with the wood filler on the cabinet.,Core task involving manual work with high hand activity.,r001,Carpentry,Gold,,519.7589709546634,8d44b13c-464d-498b-b639-dfede202872c
Essential Operation,5,,#C C tears the white paper into two.,[CtxFixed] Tearing the white paper is an essential operation as it involves modifying the object for a specific purpose.,r001,Carpentry,Gold,,558.9979409546634,8d44b13c-464d-498b-b639-dfede202872c
Essential Operation,5,,#C C applies the wood filler to the wooden structure.,Core task involving manual activity with hands.,r001,Carpentry,Gold,,604.8916809546635,8d44b13c-464d-498b-b639-dfede202872c
Object Transfer,5,,#C C takes the wood filler with the scraper,"Logistics/Setup step, picking up an object.",r001,Carpentry,Gold,,630.1117609546634,8d44b13c-464d-498b-b639-dfede202872c
Essential Operation,5,,#C C scrapes the wood filler from the scraper.,Core manual task involving high hand activity.,r001,Carpentry,Gold,,639.1055609546634,8d44b13c-464d-498b-b639-dfede202872c
Stationary,5,,#C C touches the wood filler on the white sheet.,"Low body/hand motion, likely involves a gentle touch.",r001,Carpentry,Gold,,675.8251309546635,8d44b13c-464d-498b-b639-dfede202872c
Essential Operation,5,,#C C wipes a microwave,Core manual task involving high hand activity.,r001,Cleaning,Gold,,107.5077786,8d9e3484-81d3-478f-a056-c2e78d84a6b3
Essential Operation,5,,#C C wipes wall with a paper towel,Core task involving high hand activity.,r001,Cleaning,Gold,,140.4251386,8d9e3484-81d3-478f-a056-c2e78d84a6b3
Essential Operation,5,,#C C wipes a kitchen counter with a paper towel,"Core cleaning task, high hand activity.",r001,Cleaning,Gold,,220.1362486,8d9e3484-81d3-478f-a056-c2e78d84a6b3
Locomotion,5,Object Transfer,#C C pushes spray bottles,"Body moving through space with an object (pushing), high body acceleration.",r001,Cleaning,Bad,,243.4624386,8d9e3484-81d3-478f-a056-c2e78d84a6b3
Essential Operation,5,,#C C wipes a cooker with a paper towel,Core task involving high hand activity.,r001,Cleaning,Gold,,244.8767186,8d9e3484-81d3-478f-a056-c2e78d84a6b3
Essential Operation,5,,#C C scrubs a cooker with a scrubber,Core task involving manual scrubbing with high hand activity.,r001,Cleaning,Gold,,313.33675798964845,8d9e3484-81d3-478f-a056-c2e78d84a6b3
Essential Operation,5,,#C C wipes a cooker with a scrubber,Core task involving high hand activity.,r001,Cleaning,Gold,,350.69317798964846,8d9e3484-81d3-478f-a056-c2e78d84a6b3
Essential Operation,5,,#C C wipes a kitchen worktop with a paper towel,Core task involving high hand activity.,r001,Cleaning,Gold,,432.3085479896485,8d9e3484-81d3-478f-a056-c2e78d84a6b3
Object Transfer,5,,#C C carries the dish holder from the counter,"Logistics step, moving an object from one location to another.",r001,Cleaning,Gold,,16.35127,90f8d8f3-21af-4554-a56d-fecf36467855
Essential Operation,5,,#C C continues drilling through the wall.,Core task involving high hand activity.,r001,Carpentry,Gold,,48.3432296,95d9ba52-4cf1-4e7a-88c0-0402ed1d60c8
Object Transfer,5,,#C C picks up a masonry nail and hammer.,Logistics step of picking up items.,r001,Carpentry,Gold,,105.5739996,95d9ba52-4cf1-4e7a-88c0-0402ed1d60c8
Locomotion,5,Essential Operation,#C C pulls the drilling machine wire on the ground.,"Body moving through space to pull the wire, involves high body acceleration.",r001,Carpentry,Bad,,193.4086196,95d9ba52-4cf1-4e7a-88c0-0402ed1d60c8
Essential Operation,5,,#C C continues drilling the wall.,Core task involving high hand activity and focused action.,r001,Carpentry,Gold,,216.2662996,95d9ba52-4cf1-4e7a-88c0-0402ed1d60c8
Stationary,5,,#C C stops drilling the wall.,Low body/hand motion after completing an action.,r001,Carpentry,Gold,,244.8378196,95d9ba52-4cf1-4e7a-88c0-0402ed1d60c8
Essential Operation,5,,#C C moves the side handle with his left hand,Core task involving high hand activity.,r001,Carpentry,Gold,,288.0195609546634,95d9ba52-4cf1-4e7a-88c0-0402ed1d60c8
Essential Operation,5,,#C C caves out the wall with the chisel,Core task involving high hand activity and focused manual operation.,r001,Carpentry,Gold,,333.8108409546634,95d9ba52-4cf1-4e7a-88c0-0402ed1d60c8
Locomotion,5,,#C C enters the lift,"Movement through space, entering the lift indicates a change in location.",r001,Walking Outdoors,Gold,,517.5745586,9930414f-b998-4217-b6b5-aa686236fdf8
Stationary,5,Object Transfer,#C C arranges the office cabinet,"The action describes arranging an office cabinet, which is a low-energy activity with minimal body movement.",r001,Walking Outdoors,Bad,,597.7244386,9930414f-b998-4217-b6b5-aa686236fdf8
Object Transfer,5,,#C C takes a banner,Logistics step involving picking up an object.,r001,Walking Outdoors,Gold,,612.8416186000001,9930414f-b998-4217-b6b5-aa686236fdf8
Locomotion,5,Object Transfer,#C C exists the office and closes the door,Body moving through space (walking).,r001,Walking Outdoors,Gold,,625.1339186,9930414f-b998-4217-b6b5-aa686236fdf8
Locomotion,5,,#C C exists the lift and walks,"Body moving through space, indicative of walking with high body acceleration.",r001,Walking Outdoors,Gold,,682.2171686,9930414f-b998-4217-b6b5-aa686236fdf8
Locomotion,5,,#C C exists the groundfloor door and walks to his car,"Body moving through space, involves walking.",r001,Walking Outdoors,Gold,,689.6623886,9930414f-b998-4217-b6b5-aa686236fdf8
Locomotion,5,,#C C enters the car and drives,"Body moving through space (driving), high body acceleration.",r001,Walking Outdoors,Gold,,758.2793286,9930414f-b998-4217-b6b5-aa686236fdf8
Locomotion,5,Object Transfer,#C C walks with a trolley,"Body moving through space, high body acceleration.",r001,Walking Outdoors,Gold,,1455.7813185999998,9930414f-b998-4217-b6b5-aa686236fdf8
Object Transfer,5,,#C C puts the oranges in the trolley,Logistics step involving picking up and placing the oranges into the trolley.,r001,Walking Outdoors,Gold,,1601.6147486,9930414f-b998-4217-b6b5-aa686236fdf8
Object Transfer,5,,#C C takes cucambers at the shelf,"Logistics step, picking up objects.",r001,Walking Outdoors,Gold,,1676.4848186,9930414f-b998-4217-b6b5-aa686236fdf8
Object Transfer,5,,#c c places the milk powder tin in the shopping bag,Logistics step involving placing an object.,r001,Walking Outdoors,Gold,,3105.0500686,9930414f-b998-4217-b6b5-aa686236fdf8
Object Transfer,5,,#c c picks bottle of #unsure from the cashier counter,Logistics step involving picking up an object.,r001,Walking Outdoors,Gold,,3107.0152186,9930414f-b998-4217-b6b5-aa686236fdf8
Search,5,,#c c looks at the cashier counter,"Head movement (visual search), hands mostly still.",r001,Walking Outdoors,Gold,,3160.5823686000003,9930414f-b998-4217-b6b5-aa686236fdf8
Locomotion,5,Object Transfer,#c c moves the trolley towards the parking lot,"Body moving through space, indicative of walking or pushing an object while moving.",r001,Walking Outdoors,Bad,,3215.7372186,9930414f-b998-4217-b6b5-aa686236fdf8
Locomotion,5,,#c c stops the stroller,"Stopping the stroller is part of the walking activity, involves body movement.",r001,Walking Outdoors,,Skip,3277.0239386000003,9930414f-b998-4217-b6b5-aa686236fdf8
Object Transfer,5,,#c c moves the shopping bag,"Logistics of moving the shopping bag, short bursts of hand acceleration.",r001,Walking Outdoors,Gold,,3288.1711586,9930414f-b998-4217-b6b5-aa686236fdf8
Object Transfer,5,,#c c places the sachet of spaghetti in the boot,"Logistics step, placing an object.",r001,Walking Outdoors,Gold,,3301.2643886,9930414f-b998-4217-b6b5-aa686236fdf8
Object Transfer,5,,#c c closes the car boot,"The action involves closing a car boot, which is a logistics step.",r001,Walking Outdoors,Gold,,3309.4535986,9930414f-b998-4217-b6b5-aa686236fdf8
Locomotion,5,,#c c walks towards the parking lot,Body moving through space (walking).,r001,Walking Outdoors,Gold,,3387.2393786,9930414f-b998-4217-b6b5-aa686236fdf8
Object Transfer,5,,#c c removes a board from the car seat,Logistics step involving picking up and removing an object.,r001,Walking Outdoors,Gold,,3698.9774386,9930414f-b998-4217-b6b5-aa686236fdf8
Locomotion,5,,#c c walks into the showroom,"Body moving through space, indicative of walking.",r001,Walking Outdoors,Gold,,3736.5781786,9930414f-b998-4217-b6b5-aa686236fdf8
Object Transfer,5,,#C C puts hand in the bag,"The action involves picking up or putting something in a bag, which is a logistics step.",r001,Walking Outdoors,,Skip,579.3991452666667,9e7fa594-5774-4681-a034-50a5c83cff8f
Locomotion,5,Object Transfer,#O lady X carries basket,Body moving through space while carrying an object.,r001,Walking Outdoors,Bad,,679.9616152666667,9e7fa594-5774-4681-a034-50a5c83cff8f
Stationary,5,Essential Operation,#C C types on laptop,Typing on a laptop is a stationary activity with minimal body movement.,r001,Walking Outdoors,Bad,,756.8627552666667,9e7fa594-5774-4681-a034-50a5c83cff8f
Stationary,5,Object Transfer,#C C moves bowl,"The action 'C moves bowl' does not indicate locomotion or high activity that would fit the other categories. It suggests a brief, low-energy movement.",r001,Walking Outdoors,Bad,,826.0431252666667,9e7fa594-5774-4681-a034-50a5c83cff8f
Object Transfer,5,,#C C drops #unsure in the tray,Refined via regex fallback,r001,Walking Outdoors,Gold,,985.1755852666668,9e7fa594-5774-4681-a034-50a5c83cff8f
Stationary,5,,#C C holds charger,Holding an object with minimal body movement.,r001,Walking Outdoors,Gold,,988.3350952666668,9e7fa594-5774-4681-a034-50a5c83cff8f
Stationary,5,Essential Operation,#C C types on the phone,"Typing on a phone involves minimal body movement and is primarily a hand activity, which fits the stationary category.",r001,Walking Outdoors,Bad,,1079.9126919333337,9e7fa594-5774-4681-a034-50a5c83cff8f
Stationary,5,Essential Operation,#C C inserts earphone in the phone,"The action involves a small, precise movement that does not involve significant body or hand acceleration.",r001,Walking Outdoors,Bad,,1114.1759919333333,9e7fa594-5774-4681-a034-50a5c83cff8f
Stationary,5,,#C C holds laptop,"Holding an object with minimal movement, indicating a stationary action.",r001,Walking Outdoors,Gold,,1171.4695619333334,9e7fa594-5774-4681-a034-50a5c83cff8f
Stationary,5,Essential Operation,#C C writes on the pad,"Low body/hand motion, writing is a fine motor task with minimal body movement.",r001,Walking Outdoors,Bad,,1190.6608919333332,9e7fa594-5774-4681-a034-50a5c83cff8f
Stationary,5,,#O person X talks with C,"Low body/hand motion, focus on conversation.",r001,Walking Outdoors,Gold,,1269.3207319333333,9e7fa594-5774-4681-a034-50a5c83cff8f
Stationary,5,,#C C holds marker pen,"Low body/hand motion, holding an object without moving.",r001,Walking Outdoors,Gold,,1362.2133519333331,9e7fa594-5774-4681-a034-50a5c83cff8f
Object Transfer,5,,#C C picks up bag,Logistics action of picking up an object.,r001,Walking Outdoors,Gold,,1422.4903619333334,9e7fa594-5774-4681-a034-50a5c83cff8f
Essential Operation,5,,#O Man X Eats a banana,"The action involves eating, which is a core manual task with high hand activity.",r001,Walking Outdoors,Gold,,73.7173586,a65500f7-956f-486d-872a-61742acb90d8
Object Transfer,5,,#C C Puts down part of a vacuum cleaner,"Action involves placing an object down, which is a logistics step.",r001,Walking Outdoors,Gold,,159.7178286,a65500f7-956f-486d-872a-61742acb90d8
Stationary,5,Essential Operation,#C C Connects plug socket in a socket,"The action involves a specific task (connecting a plug to a socket) which is typically performed while standing still, resulting in low body motion.",r001,Walking Outdoors,Bad,,196.1343986,a65500f7-956f-486d-872a-61742acb90d8
Stationary,5,Essential Operation,#C C Unplugs a phone charger charger,"The action described is not related to locomotion or movement through space, but rather a static task of unplugging a charger.",r001,Walking Outdoors,Bad,,251.0749486,a65500f7-956f-486d-872a-61742acb90d8
Object Transfer,5,,#C C Puts down a shopping bag on a bed,Logistics step involving placing an object down.,r001,Walking Outdoors,Gold,,385.1570086,a65500f7-956f-486d-872a-61742acb90d8
Essential Operation,5,Object Transfer,#C C Lifts a vacuum cleaner,Lifting an object involves a core manual task with high hand activity.,r001,Walking Outdoors,Bad,,440.01317860000006,a65500f7-956f-486d-872a-61742acb90d8
Object Transfer,5,,#C C Puts don a cable,"Logistics step, likely involves picking up and putting down the cable.",r001,Walking Outdoors,,Skip,627.2998652666668,a65500f7-956f-486d-872a-61742acb90d8
Stationary,5,Essential Operation,#C C Presses vacuum cleaner button,"Pressing a button is a short, localized action with minimal body movement.",r001,Walking Outdoors,Bad,,772.3496652666668,a65500f7-956f-486d-872a-61742acb90d8
Locomotion,5,Object Transfer,#C C Moves a vacuum cleaner on the floor,"Body moving through space, likely involves pushing or moving a vacuum cleaner which implies high body acceleration.",r001,Walking Outdoors,Bad,,1107.9260419333334,a65500f7-956f-486d-872a-61742acb90d8
Essential Operation,5,,#C C Presses a vacuum cleaner,"[CtxFixed] The current action involves using the vacuum cleaner, which is a functional operation rather than a movement or transfer of an object.",r001,Walking Outdoors,Gold,,1344.8656619333333,a65500f7-956f-486d-872a-61742acb90d8
Essential Operation,5,,#C C cleans the stairs,"Core manual task involving cleaning, high hand activity.",r001,Walking Outdoors,Gold,,1422.7797819333332,a65500f7-956f-486d-872a-61742acb90d8
Stationary,5,Essential Operation,#C C adjusts the vacuum machine,Adjusting a machine typically involves low body and hand motion.,r001,Walking Outdoors,Bad,,1838.5064909546631,a65500f7-956f-486d-872a-61742acb90d8
Object Transfer,5,,#C C leans the broom towards the wall,The action involves placing an object (broom) in a specific location (against the wall).,r001,Walking Outdoors,Gold,,1944.2419909546632,a65500f7-956f-486d-872a-61742acb90d8
Essential Operation,5,Object Transfer,#C C moves a cable,Core manual task involving high hand activity.,r001,Walking Outdoors,Bad,,2001.3457509546631,a65500f7-956f-486d-872a-61742acb90d8
Object Transfer,5,,#C C places a mop on a cabinet,"The action involves placing an object, which is a logistics step.",r001,Walking Outdoors,Gold,,2288.6491586,a65500f7-956f-486d-872a-61742acb90d8
Locomotion,5,Object Transfer,#C C carries a vacuum machine,"Body moving through space with an object, high body acceleration.",r001,Walking Outdoors,Bad,,3065.801815266667,a65500f7-956f-486d-872a-61742acb90d8
Essential Operation,5,,#C C cleans a house using a vacuum machine,Core manual task involving high hand activity with the vacuum machine.,r001,Walking Outdoors,Gold,,3226.1156319333336,a65500f7-956f-486d-872a-61742acb90d8
Essential Operation,5,,#C C pulls a vacuum cleaner,Core task involving high hand activity.,r001,Walking Outdoors,Gold,,3428.4588319333334,a65500f7-956f-486d-872a-61742acb90d8
Stationary,5,Search,#C C checks the vacuum tool cleaner,"Checking an item involves minimal movement, mostly visual inspection.",r001,Walking Outdoors,Bad,,3436.9524119333337,a65500f7-956f-486d-872a-61742acb90d8
Object Transfer,5,,#C C places a drink on the refrigerator,Logistics step of placing an object.,r001,Walking Outdoors,Gold,,3592.7593419333334,a65500f7-956f-486d-872a-61742acb90d8
Object Transfer,5,,#C C places a khaki bag on a corner,"The action involves placing an object, which is a logistics step.",r001,Walking Outdoors,Gold,,3707.961421933333,a65500f7-956f-486d-872a-61742acb90d8
Stationary,5,,#C C press a switch,Pressing a switch is a brief action with minimal movement.,r001,Walking Outdoors,Gold,,3853.0364986,a65500f7-956f-486d-872a-61742acb90d8
Object Transfer,5,,#C C places the cup on the stand,Logistics step involving placing an object.,r001,Walking Outdoors,Gold,,3885.3342786,a65500f7-956f-486d-872a-61742acb90d8
Stationary,5,,#C C holds the items with both hands.,"Low body/hand motion, holding items without movement.",r001,Cooking,Gold,,33.0194686,a75199b2-6032-427c-bb94-0429e97e1859
Object Transfer,5,,#C C puts the onion on the kitchen slab.,Logistics step involving picking up and placing the onion.,r001,Cooking,Gold,,49.3033186,a75199b2-6032-427c-bb94-0429e97e1859
Object Transfer,5,,#C C takes cooking oil bottle.,"Logistics/Setup step, picking up an object.",r001,Cooking,Gold,,128.3505386,a75199b2-6032-427c-bb94-0429e97e1859
Object Transfer,5,,#C C takes more tomatoes.,Logistics/Setup step (taking more tomatoes).,r001,Cooking,Gold,,154.28790859999998,a75199b2-6032-427c-bb94-0429e97e1859
Essential Operation,5,,#C C feels cooking oil in the saucepan.,Core task involving manual interaction with the oil in the saucepan.,r001,Cooking,,Skip,201.5374086,a75199b2-6032-427c-bb94-0429e97e1859
Object Transfer,5,,#C C takes more tomato.,"Logistics step, picking up or moving an object.",r001,Cooking,Gold,,212.6136386,a75199b2-6032-427c-bb94-0429e97e1859
Stationary,5,,#C C pulls sweater sleeve,"Low body/hand motion, likely adjusting clothing while standing still.",r001,Cooking,Gold,,356.038713106836,a75199b2-6032-427c-bb94-0429e97e1859
Stationary,5,,#C C holds the phone with both hands.,"Low body/hand motion, holding an object without movement.",r001,Cleaning,Gold,,17.9320896,aa37b427-5980-4bf5-be29-87bdb2e60154
Locomotion,5,,#C C cleans towards the living room.,Body moving through space (cleaning while moving towards another room).,r001,Cleaning,,Skip,158.2399096,aa37b427-5980-4bf5-be29-87bdb2e60154
Object Transfer,5,,#C C picks #unsure from the room.,Logistics action involving picking up an object.,r001,Cleaning,Gold,,176.7010896,aa37b427-5980-4bf5-be29-87bdb2e60154
Locomotion,5,,#C C goes outside the room.,"Body moving through space (going outside the room), high body acceleration.",r001,Cleaning,Gold,,178.5789996,aa37b427-5980-4bf5-be29-87bdb2e60154
Essential Operation,5,,#C C wipes #unsure from the counter top with the right hand.,Core manual task involving high hand activity.,r001,Cleaning,Gold,,258.14158960000003,aa37b427-5980-4bf5-be29-87bdb2e60154
Stationary,5,,#O lady Z faces C.,"Low body/hand motion, likely facing or addressing someone.",r001,Cleaning,Gold,,285.2021409546634,aa37b427-5980-4bf5-be29-87bdb2e60154
Essential Operation,5,,#O lady Z uses the laptop with her right hand.,Core manual task involving high hand activity.,r001,Cleaning,Gold,,314.0799509546634,aa37b427-5980-4bf5-be29-87bdb2e60154
Object Transfer,5,,#C C puts #unsure inside the shelf with his right hand.,Logistics step involving placing an object.,r001,Cleaning,Gold,,349.5048509546634,aa37b427-5980-4bf5-be29-87bdb2e60154
Object Transfer,5,,#C C dumps the shoes at the stairs.,Logistics step involving moving and placing an object.,r001,Cleaning,Gold,,412.6008709546634,aa37b427-5980-4bf5-be29-87bdb2e60154
Object Transfer,5,,#C C opens a wardrobe door. with the right hand.,Logistics step involving opening a door.,r001,Cleaning,Gold,,418.5695509546634,aa37b427-5980-4bf5-be29-87bdb2e60154
Object Transfer,5,,#C C puts the container lid on the sink.,Logistics step involving picking up and placing an object.,r001,Cleaning,Gold,,512.0032009546634,aa37b427-5980-4bf5-be29-87bdb2e60154
Stationary,5,,#C C stands in the bathroom.,"Low body/hand motion, idle position.",r001,Cleaning,Gold,,539.9756376213301,aa37b427-5980-4bf5-be29-87bdb2e60154
Locomotion,5,Object Transfer,#C C lifts the phones,"Body movement, likely standing up or lifting the phone with significant body acceleration.",r001,Mechanical Repair,Bad,,302.5427195155273,aa40c5e2-3730-45c3-8514-9785a67a7e36
Object Transfer,5,,#C C puts aside the cut potatoes.,"Logistics step, moving the cut potatoes to a different location.",r001,Cooking,Gold,,149.5303486,ab7ed4f7-10ee-4ccb-bb21-4853c9018b1e
Stationary,5,,#C C holds the cut potatoes.,"Low body/hand motion, holding an object without movement.",r001,Cooking,Gold,,237.7563486,ab7ed4f7-10ee-4ccb-bb21-4853c9018b1e
Object Transfer,5,,#C C pulls the half potato aside.,Movement of an object (potato) from one location to another.,r001,Cooking,Gold,,262.2253386,ab7ed4f7-10ee-4ccb-bb21-4853c9018b1e
Essential Operation,5,,#C C chops the potato into small pieces.,Core task involving repetitive and high hand activity.,r001,Cooking,Gold,,264.0535086,ab7ed4f7-10ee-4ccb-bb21-4853c9018b1e
Stationary,5,,#C C places his hand on the cooking recipe.,"Low body/hand motion, indicating a pause or idle state.",r001,Cooking,Gold,,315.41266236484114,ab7ed4f7-10ee-4ccb-bb21-4853c9018b1e
Essential Operation,5,,#C C washes a table knife.,Core task involving high hand activity.,r001,Cooking,Gold,,349.5179723648411,ab7ed4f7-10ee-4ccb-bb21-4853c9018b1e
Object Transfer,5,,#C C picks the chopped potatoes.,"Logistics step, picking up an object.",r001,Cooking,Gold,,405.2147323648411,ab7ed4f7-10ee-4ccb-bb21-4853c9018b1e
Object Transfer,5,,#C C puts the chopped potatoes in the frying pan.,Logistics step involving picking up and placing the chopped potatoes.,r001,Cooking,Gold,,410.30680236484113,ab7ed4f7-10ee-4ccb-bb21-4853c9018b1e
Object Transfer,5,,#O woman K opens the cupboard.,Logistics/Setup step involving opening a cupboard.,r001,Cooking,Gold,,485.97489236484114,ab7ed4f7-10ee-4ccb-bb21-4853c9018b1e
Object Transfer,5,,#C C puts the chopping board on the basin.,Logistics step involving moving an object to a location.,r001,Cooking,Gold,,525.9308323648411,ab7ed4f7-10ee-4ccb-bb21-4853c9018b1e
Object Transfer,5,,#C C picks a tray from the rack.,Logistics step involving picking up an object.,r001,Cooking,Gold,,558.4519521677084,ab7ed4f7-10ee-4ccb-bb21-4853c9018b1e
Essential Operation,5,,#O woman K washes the utensils.,Core manual task involving high hand activity.,r001,Cooking,Gold,,571.6424421677084,ab7ed4f7-10ee-4ccb-bb21-4853c9018b1e
Essential Operation,5,,#C C pours water in the saucepan.,Core task involving active hand movement.,r001,Cooking,Gold,,673.8924421677084,ab7ed4f7-10ee-4ccb-bb21-4853c9018b1e
Object Transfer,5,,#C C fetches water on a measuring jug.,Fetching an object (logistics step).,r001,Cooking,Gold,,770.0381721677084,ab7ed4f7-10ee-4ccb-bb21-4853c9018b1e
Stationary,5,Object Transfer,#C C shakes the cooking pot on the cooker,"Shaking the pot involves minimal movement beyond arm-level oscillation, indicating low overall body and hand activity.",r001,Cooking,Bad,,903.3722286458332,ab7ed4f7-10ee-4ccb-bb21-4853c9018b1e
Object Transfer,5,,#O person X opens the paste with her hands,"Opening an object, which involves logistics and short bursts of hand activity.",r001,Cooking,Gold,,991.1972186458332,ab7ed4f7-10ee-4ccb-bb21-4853c9018b1e
Stationary,5,,#O person X interacts with C,"Interaction and communication, likely low body/hand motion.",r001,Cooking,Gold,,999.7061186458334,ab7ed4f7-10ee-4ccb-bb21-4853c9018b1e
Essential Operation,5,,#O person X stirs food with a rubber spatula in the cooking pan,Core task involving high hand activity.,r001,Cooking,Gold,,1013.9878786458332,ab7ed4f7-10ee-4ccb-bb21-4853c9018b1e
Stationary,5,,#O woman K holds a slice spoon.,Holding an object without any movement.,r001,Cooking,Gold,,1114.4704585527995,ab7ed4f7-10ee-4ccb-bb21-4853c9018b1e
Stationary,5,Object Transfer,#C C shakes the knife.,"[CtxFixed] Shaking the knife does not involve movement to a new location, it is not an essential operation, it does not involve transferring an object, it is not a search action, and it is not locomotion. Shaking the knife is a stationary action as it involves manipulating the knife in place.",r001,Cooking,Bad,,1204.6880385527995,ab7ed4f7-10ee-4ccb-bb21-4853c9018b1e
Object Transfer,5,,#O woman K takes the cooking recipe from C.,Logistics/Setup step involving taking an object.,r001,Cooking,Gold,,1245.6827985527996,ab7ed4f7-10ee-4ccb-bb21-4853c9018b1e
Stationary,5,,#O woman K holds the potato with her hand.,Holding an object without movement.,r001,Cooking,Gold,,1262.4837785527995,ab7ed4f7-10ee-4ccb-bb21-4853c9018b1e
Object Transfer,5,,#C C leaves the wooden spoon on the saucepan.,Logistics step of placing an object.,r001,Cooking,,Skip,1264.9836485527994,ab7ed4f7-10ee-4ccb-bb21-4853c9018b1e
Object Transfer,5,,#C C arranges cooking pot on the other pots.,"Logistics of arranging objects, involves picking up and placing pots.",r001,Mechanical Repair,Gold,,139.9282586,aeadb544-fd9f-4bb8-bfbd-fbefd899ec8e
Object Transfer,5,,#C C places a lid in a cupboard.,Logistics step involving placing an object.,r001,Mechanical Repair,Gold,,205.5144086,aeadb544-fd9f-4bb8-bfbd-fbefd899ec8e
Object Transfer,5,,#C C places a plate in the bowl.,Logistics step involving placing an object.,r001,Mechanical Repair,Gold,,216.9069086,aeadb544-fd9f-4bb8-bfbd-fbefd899ec8e
Object Transfer,5,,#C C arranges container in the drawer.,Logistics step involving placing an object.,r001,Mechanical Repair,Gold,,269.42024860000004,aeadb544-fd9f-4bb8-bfbd-fbefd899ec8e
Object Transfer,5,,#C C places a jar in a cupboard.,Logistics step involving placing an object.,r001,Mechanical Repair,Gold,,424.3912292850099,aeadb544-fd9f-4bb8-bfbd-fbefd899ec8e
Object Transfer,5,,#C C picks up utensils.,"The action involves picking up objects, which is a logistics step.",r001,Mechanical Repair,Gold,,490.1219392850099,aeadb544-fd9f-4bb8-bfbd-fbefd899ec8e
Object Transfer,5,,#C C puts the lid in the drawer,Logistics step involving placing an object.,r001,Mechanical Repair,Gold,,554.6630976136719,aeadb544-fd9f-4bb8-bfbd-fbefd899ec8e
Object Transfer,5,,#C C puts the lid on the surface,"The action involves placing an object, which is a logistics step.",r001,Mechanical Repair,Gold,,573.9505876136719,aeadb544-fd9f-4bb8-bfbd-fbefd899ec8e
Object Transfer,5,,#C C moves cups in the cupboard,Logistics of moving objects (cups).,r001,Mechanical Repair,Gold,,644.2327876136719,aeadb544-fd9f-4bb8-bfbd-fbefd899ec8e
Object Transfer,5,,#C C puts a cup on the shelf,Logistics step involving placing an object.,r001,Mechanical Repair,Gold,,722.2690076136719,aeadb544-fd9f-4bb8-bfbd-fbefd899ec8e
Stationary,5,,#C C holds a packet of floor,Holding an object with minimal movement.,r001,Mechanical Repair,Gold,,791.9795876136719,aeadb544-fd9f-4bb8-bfbd-fbefd899ec8e
Object Transfer,5,,#C C arranges the items in the storage container,Logistics step involving arranging items.,r001,Mechanical Repair,Gold,,1213.1630971449215,aeadb544-fd9f-4bb8-bfbd-fbefd899ec8e
Object Transfer,5,,#C C arranges the container on the shelf,Logistics step involving placement of an object.,r001,Mechanical Repair,Gold,,1336.4781971449218,aeadb544-fd9f-4bb8-bfbd-fbefd899ec8e
Essential Operation,5,,#C C operates the cellphone,"Core manual task involving hands, likely high hand activity.",r001,Mechanical Repair,Gold,,1403.4812070741211,aeadb544-fd9f-4bb8-bfbd-fbefd899ec8e
Stationary,5,,#C C holds the ring spanner with both hands.,"Low body/hand motion, holding an object without movement.",r001,Mechanical Repair,Gold,,1.75163,b5d0eb9a-2064-4dc0-a123-b220b1046995
Essential Operation,5,,#C C turns the ring spanner on a bolt in the engine with his right hand.,Core manual task with high hand activity.,r001,Mechanical Repair,Gold,,178.56035,b5d0eb9a-2064-4dc0-a123-b220b1046995
Essential Operation,5,,#C C fixes the T shape wrench and spanner on the engine with both hands.,Core manual task involving high hand activity.,r001,Mechanical Repair,Gold,,193.80222,b5d0eb9a-2064-4dc0-a123-b220b1046995
Object Transfer,5,,#C C removes the metal rod from the engine with his left hand.,Logistics/Setup step involving the removal of an object.,r001,Mechanical Repair,Gold,,220.79904,b5d0eb9a-2064-4dc0-a123-b220b1046995
Essential Operation,5,,#C C fixes the metal band on the metal rod with his right hand.,Core manual task involving high hand activity.,r001,Mechanical Repair,Gold,,223.66094,b5d0eb9a-2064-4dc0-a123-b220b1046995
Object Transfer,5,,#C C drops the spanner on the workbench.,"[CtxFixed] The action of dropping the spanner onto the workbench can be interpreted as a deliberate placement of the object, which fits the 'Object Transfer' category.",r001,Mechanical Repair,Gold,,228.33852,b5d0eb9a-2064-4dc0-a123-b220b1046995
Essential Operation,5,,#C C fixes the ring spanner on a screw with his right hand on the engine.,Core manual task involving precise hand movements.,r001,Mechanical Repair,Gold,,333.17578000000003,b5d0eb9a-2064-4dc0-a123-b220b1046995
Stationary,5,,#C C holds the bolt with both hands.,"Low body/hand motion, holding position.",r001,Mechanical Repair,Gold,,347.72688,b5d0eb9a-2064-4dc0-a123-b220b1046995
Object Transfer,5,,#C C drops the engine on the workbench with his left hand.,"[CtxFixed] The action of dropping the engine onto the workbench is a deliberate placement, which fits the criteria for 'Object Transfer'.",r001,Mechanical Repair,Gold,,520.56639,b5d0eb9a-2064-4dc0-a123-b220b1046995
Object Transfer,5,Essential Operation,#C C removes a bolt from the engine space with his left hand. #Unsure,"The action involves removing a bolt, which is a logistics step in the repair process.",r001,Mechanical Repair,Gold,,522.6180400000001,b5d0eb9a-2064-4dc0-a123-b220b1046995
Stationary,5,,#C C holds the fence branches with his hand,"The action describes holding branches, which involves minimal movement.",r001,Gardening,Gold,,37.5226886,b940de2b-5fa2-4f37-badc-a42a39919a65
Essential Operation,5,,#C C trims the fence branches with a lopper shears,Core manual task involving high hand activity.,r001,Gardening,Gold,,56.4238086,b940de2b-5fa2-4f37-badc-a42a39919a65
Locomotion,5,Object Transfer,#C C moves the fence branches on the ground,"Body moving through space to manipulate objects (moving branches), involves high body acceleration.",r001,Gardening,Bad,,90.4039086,b940de2b-5fa2-4f37-badc-a42a39919a65
Essential Operation,5,Object Transfer,#C C removes the fence branches on the ground,Core manual task involving manipulation and removal of objects.,r001,Gardening,Gold,,138.21466859999998,b940de2b-5fa2-4f37-badc-a42a39919a65
Object Transfer,5,,#C C scoops the fence branches on the ground,"The action involves picking up and moving objects, which is a logistics step.",r001,Gardening,Gold,,214.0077686,b940de2b-5fa2-4f37-badc-a42a39919a65
Object Transfer,5,,#C C picks the lawn rake on the ground,Logistics step involving picking up an object.,r001,Gardening,Gold,,236.8151986,b940de2b-5fa2-4f37-badc-a42a39919a65
Essential Operation,5,Object Transfer,#C C removes the fence branches on the fence with his right hand,Core task involving high hand activity.,r001,Gardening,Gold,,323.2542992330025,b940de2b-5fa2-4f37-badc-a42a39919a65
Essential Operation,5,,#C C sweeps the fence branches on the ground with a lawn rake,Core manual task involving high hand activity.,r001,Gardening,Gold,,476.1537292330025,b940de2b-5fa2-4f37-badc-a42a39919a65
Stationary,5,,#C C holds the woven sack bag with his hands,"Low body/hand motion, holding an object without moving.",r001,Gardening,Gold,,513.5623592330024,b940de2b-5fa2-4f37-badc-a42a39919a65
Essential Operation,5,,#C C scoops the fence branches on the ground with a lawn rake,Core task involving repetitive hand movements and force application.,r001,Gardening,Gold,,532.8932892330025,b940de2b-5fa2-4f37-badc-a42a39919a65
Object Transfer,5,,#C C picks the lopper shears on the ground,Logistics step involving picking up an object.,r001,Gardening,Gold,,559.329437613672,b940de2b-5fa2-4f37-badc-a42a39919a65
Object Transfer,5,,#C C puts the lopper shears on the ground,Logistics step involving placing an object.,r001,Gardening,Gold,,559.9512776136719,b940de2b-5fa2-4f37-badc-a42a39919a65
Essential Operation,5,,#C C trims the fence with a lopper shears,Core task involving manual operation with high hand activity.,r001,Gardening,Gold,,669.5892576136719,b940de2b-5fa2-4f37-badc-a42a39919a65
Essential Operation,5,Object Transfer,#C C moves the fence branches on the fence with his left hand,Core task involving high hand activity.,r001,Gardening,Gold,,713.6712776136719,b940de2b-5fa2-4f37-badc-a42a39919a65
Object Transfer,5,,#C C moves the fence branches on the fence with his left hand,Moving objects (fence branches) to a specific location.,r001,Gardening,Gold,,805.0649676136719,b940de2b-5fa2-4f37-badc-a42a39919a65
Essential Operation,5,,#C C scrubs the wooden rail with the sand paper in her right hand.,Core manual task with high hand activity.,r001,Mechanical Repair,Gold,,62.59009,b963268a-e7af-4265-b74b-e04031fef505
Essential Operation,5,,#C C scrubs the wooden rail with the sand paper in her left hand.,Core manual task involving high hand activity.,r001,Mechanical Repair,Gold,,90.32177,b963268a-e7af-4265-b74b-e04031fef505
Stationary,5,,#C C holds onto the rail with her left hand,"The action describes holding onto a rail, which is a stable, low-motion activity.",r001,Mechanical Repair,Gold,,230.72114,b963268a-e7af-4265-b74b-e04031fef505
Essential Operation,5,,#C C sandpapers the furniture with her left hand,Core manual task involving high hand activity.,r001,Mechanical Repair,Gold,,320.19219,b963268a-e7af-4265-b74b-e04031fef505
Stationary,5,,#C C holds the staircase with both hand,"Low body/hand motion, holding position.",r001,Mechanical Repair,Gold,,377.71531,b963268a-e7af-4265-b74b-e04031fef505
Essential Operation,5,,#C C sandpapers the furniture with her right hand,"Core manual task, high hand activity.",r001,Mechanical Repair,Gold,,636.8316466666666,b963268a-e7af-4265-b74b-e04031fef505
Essential Operation,5,,#C C smoothens the wooden rail with the sandpaper in his right hand.,Core manual task involving high hand activity.,r001,Mechanical Repair,Gold,,873.6068566666667,b963268a-e7af-4265-b74b-e04031fef505
Stationary,5,Essential Operation,#C C cleans his right finger with his left finger.,"Low body/hand motion, focused task.",r001,Mechanical Repair,Gold,,906.4686666666666,b963268a-e7af-4265-b74b-e04031fef505
Essential Operation,5,,#C C smoothens the wooden rail with the sandpaper in his left hand.,Core task involving high hand activity.,r001,Mechanical Repair,Gold,,911.8399366666667,b963268a-e7af-4265-b74b-e04031fef505
Stationary,5,,#C C dusts his trouser with his left hand.,"Low body/hand motion, likely standing still.",r001,Mechanical Repair,Gold,,983.9738866666668,b963268a-e7af-4265-b74b-e04031fef505
Object Transfer,5,,#C C passes the brush in his right hand to his left hand.,"Transferring an object from one hand to the other, logistics step.",r001,Mechanical Repair,Gold,,1089.3945013333334,b963268a-e7af-4265-b74b-e04031fef505
Essential Operation,5,,#C C cleans the wooden rail with the brush in his right hand.,Core manual task involving high hand activity.,r001,Mechanical Repair,Gold,,1095.7938533333331,b963268a-e7af-4265-b74b-e04031fef505
Stationary,5,,#C C holds the wooden rail with his left hand.,Holding an object with minimal movement.,r001,Mechanical Repair,Gold,,1291.0061333333333,b963268a-e7af-4265-b74b-e04031fef505
Essential Operation,5,,#C C cleans the wooden rail with the brush with his left hand.,Core manual task involving high hand activity.,r001,Mechanical Repair,Gold,,1401.9983433333332,b963268a-e7af-4265-b74b-e04031fef505
Locomotion,5,,#C walks down the step.,"Body moving through space (walking), high body acceleration.",r001,Mechanical Repair,Gold,,1486.5113033333332,b963268a-e7af-4265-b74b-e04031fef505
Essential Operation,5,,#C C cleans the wooden rail with the brush his right hand.,Core task involving high hand activity.,r001,Mechanical Repair,Gold,,1498.4243333333334,b963268a-e7af-4265-b74b-e04031fef505
Locomotion,5,Stationary,#C C stands on the mat on the floor,Body movement through space (standing up).,r001,Desk Work,Bad,,10.4775686,b9eed644-56a9-4a0b-b1a3-5cc0d6688297
Locomotion,5,,#C C walks on the mat on the floor,Body moving through space (walking).,r001,Desk Work,Gold,,572.552319332807,b9eed644-56a9-4a0b-b1a3-5cc0d6688297
Locomotion,5,Stationary,#C C stands up on the mat on the floor,"Body movement through space, specifically standing up.",r001,Desk Work,Bad,,879.918647613672,b9eed644-56a9-4a0b-b1a3-5cc0d6688297
Locomotion,5,,#C C does the plank jump on the mat on the floor,"Body moving through space with a physical exercise (plank jump), high body acceleration.",r001,Desk Work,Gold,,919.934887613672,b9eed644-56a9-4a0b-b1a3-5cc0d6688297
Locomotion,5,,#C C does the sprinting drills exercise on the mat on the floor,"Body moving through space (exercise), high body acceleration.",r001,Desk Work,Gold,,1068.481417613672,b9eed644-56a9-4a0b-b1a3-5cc0d6688297
Locomotion,5,,#O A woman X does the sprinting drills exercises on the mat on the floor,"The action involves movement through space, specifically sprinting drills, which indicates high body acceleration.",r001,Desk Work,Gold,,1432.9966747475596,b9eed644-56a9-4a0b-b1a3-5cc0d6688297
Object Transfer,5,,#C C picks up an eggplant from the fridge,Logistics action involving picking up an object.,r001,Cooking,Gold,,51.7494086,ba23930c-cef7-4f3e-b5bb-8f0a4ae5b1e4
Object Transfer,5,,#C C places down an onion.,Logistics step involving placing an object down.,r001,Cooking,Gold,,302.0181660916505,ba23930c-cef7-4f3e-b5bb-8f0a4ae5b1e4
Object Transfer,5,,#O person A picks up a squeezer.,"Logistics/Setup step, picking up an object.",r001,Cooking,Gold,,330.0303260916505,ba23930c-cef7-4f3e-b5bb-8f0a4ae5b1e4
Essential Operation,5,,#C C cuts pepper with a knife.,Core task involving precise hand movements.,r001,Cooking,Gold,,395.8223360916505,ba23930c-cef7-4f3e-b5bb-8f0a4ae5b1e4
Essential Operation,5,,#C C peels ginger with a peeler.,Core manual task involving high hand activity.,r001,Cooking,Gold,,510.18359609165054,ba23930c-cef7-4f3e-b5bb-8f0a4ae5b1e4
Object Transfer,5,,#C C opens up a package.,Logistics/Setup step involving the interaction with an object.,r001,Cooking,Gold,,555.565657613672,ba23930c-cef7-4f3e-b5bb-8f0a4ae5b1e4
Object Transfer,5,,#C C picks up a sieve.,Logistics/Setup step.,r001,Cooking,Gold,,616.4101976136719,ba23930c-cef7-4f3e-b5bb-8f0a4ae5b1e4
Essential Operation,5,,#C C washes a pot on the tap.,Core task involving high hand activity.,r001,Cooking,Gold,,635.124777613672,ba23930c-cef7-4f3e-b5bb-8f0a4ae5b1e4
Object Transfer,5,,#C C picks up a pot.,Logistics step involving picking up an object.,r001,Cooking,Gold,,647.843717613672,ba23930c-cef7-4f3e-b5bb-8f0a4ae5b1e4
Stationary,5,,#C C holds a mesh tray with his hand.,"Low body/hand motion, holding an object without movement.",r001,Cooking,Gold,,824.8951971421684,ba23930c-cef7-4f3e-b5bb-8f0a4ae5b1e4
Essential Operation,5,,#C C brushes a knife with a brush.,Core task involving high hand activity.,r001,Cooking,Gold,,904.3250671421685,ba23930c-cef7-4f3e-b5bb-8f0a4ae5b1e4
Object Transfer,5,,#C C places down a cloth.,"The action involves placing down an object, which is a logistics step.",r001,Cooking,Gold,,976.7255871421684,ba23930c-cef7-4f3e-b5bb-8f0a4ae5b1e4
Locomotion,5,Object Transfer,#C C pushes a mesh tray.,"Body moving through space to push an object, likely involves high body acceleration.",r001,Cooking,Bad,,1010.6451071421684,ba23930c-cef7-4f3e-b5bb-8f0a4ae5b1e4
Object Transfer,5,,#C C places down a bowl.,Logistics step (placing down an object).,r001,Cooking,Gold,,1015.4840871421684,ba23930c-cef7-4f3e-b5bb-8f0a4ae5b1e4
Object Transfer,5,,#C C places down a container.,"Logistics/Setup step, placing down an object.",r001,Cooking,Gold,,1055.1034071421684,ba23930c-cef7-4f3e-b5bb-8f0a4ae5b1e4
Object Transfer,5,,#C C picks up vegetables.,Logistics step involving picking up objects.,r001,Cooking,Gold,,1125.9014871733175,ba23930c-cef7-4f3e-b5bb-8f0a4ae5b1e4
Object Transfer,5,,#O person A places food on the plate.,Logistics step involving picking up and placing down an object.,r001,Cooking,Gold,,1130.5042371733175,ba23930c-cef7-4f3e-b5bb-8f0a4ae5b1e4
Essential Operation,5,,#O person A peels onion with a hand.,Core manual task involving high hand activity.,r001,Cooking,Gold,,1296.0779538399845,ba23930c-cef7-4f3e-b5bb-8f0a4ae5b1e4
Essential Operation,5,,#C C wipes a knife on the grinder.,Core manual task involving high hand activity.,r001,Cooking,Gold,,1615.6643464873698,ba23930c-cef7-4f3e-b5bb-8f0a4ae5b1e4
Essential Operation,5,,#C C wipes a grinder with a hand.,Core manual task involving high hand activity.,r001,Cooking,Gold,,1650.815073942069,ba23930c-cef7-4f3e-b5bb-8f0a4ae5b1e4
Essential Operation,5,,#O person A stirs food on the cooking pot with a spoon.,Core manual task involving high hand activity.,r001,Cooking,Gold,,1671.589483942069,ba23930c-cef7-4f3e-b5bb-8f0a4ae5b1e4
Object Transfer,5,,#C C throws onions on the cooking pot.,Logistics step involving moving an object (onions) to a location (cooking pot).,r001,Cooking,Gold,,1682.117153942069,ba23930c-cef7-4f3e-b5bb-8f0a4ae5b1e4
Essential Operation,5,,#C C wipes a knife on the cooking pot.,Core task involving manual activity with the hands.,r001,Cooking,Gold,,1715.931273942069,ba23930c-cef7-4f3e-b5bb-8f0a4ae5b1e4
Essential Operation,5,,#C C peels a grape with his hand.,"Core task involving manual manipulation, high hand activity.",r001,Cooking,Gold,,1815.868913942069,ba23930c-cef7-4f3e-b5bb-8f0a4ae5b1e4
Object Transfer,5,,#C C places down a knife.,Logistics step involving placing down an object.,r001,Cooking,Gold,,1912.623935032292,ba23930c-cef7-4f3e-b5bb-8f0a4ae5b1e4
Object Transfer,5,,#C C places down a fruit.,"Logistics step, placing down an object.",r001,Cooking,Gold,,1924.421635032292,ba23930c-cef7-4f3e-b5bb-8f0a4ae5b1e4
Essential Operation,5,,#C C cuts a fruit with his hand.,Core manual task involving high hand activity.,r001,Cooking,Gold,,1940.457255032292,ba23930c-cef7-4f3e-b5bb-8f0a4ae5b1e4
Essential Operation,5,,#C C cuts a fruit with a knife.,Core task involving manual operation with high hand activity.,r001,Cooking,Gold,,1963.976245032292,ba23930c-cef7-4f3e-b5bb-8f0a4ae5b1e4
Object Transfer,5,,#C C pushes a bowl.,Logistics step involving the movement of an object.,r001,Cooking,Gold,,2103.632175032292,ba23930c-cef7-4f3e-b5bb-8f0a4ae5b1e4
Object Transfer,5,,#C C closes a bottle with a bottle top.,"Closing a bottle involves picking up and securing a lid, which is a logistics step.",r001,Cooking,Gold,,2202.6706964860464,ba23930c-cef7-4f3e-b5bb-8f0a4ae5b1e4
Object Transfer,5,,#C C picks up a grinder.,Logistics step involving picking up an object.,r001,Cooking,Gold,,2279.88850981938,ba23930c-cef7-4f3e-b5bb-8f0a4ae5b1e4
Essential Operation,5,Object Transfer,#O person A closes a bottle with his hands.,"Core manual task involving hands, likely with high hand acceleration.",r001,Cooking,Gold,,2303.99314981938,ba23930c-cef7-4f3e-b5bb-8f0a4ae5b1e4
Object Transfer,5,,#C C places a cooking pot on the weighing machine.,Logistics step involving placing an object.,r001,Cooking,Gold,,2339.76446981938,ba23930c-cef7-4f3e-b5bb-8f0a4ae5b1e4
Essential Operation,5,,#C C wipes surface with his hand.,Core task involving high hand activity.,r001,Cooking,Gold,,2466.4786331540363,ba23930c-cef7-4f3e-b5bb-8f0a4ae5b1e4
Object Transfer,5,,#C C picks up an ingredient.,Logistics step involving picking up an object.,r001,Cooking,Gold,,2480.1294931540365,ba23930c-cef7-4f3e-b5bb-8f0a4ae5b1e4
Object Transfer,5,,#C C picks up a squeezer.,"Logistics step, picking up an object.",r001,Cooking,Gold,,2578.3898731540366,ba23930c-cef7-4f3e-b5bb-8f0a4ae5b1e4
Essential Operation,5,,#C C brushes a peeler with a brush.,Core task involving manual activity with the hands.,r001,Cooking,Gold,,2622.112173154037,ba23930c-cef7-4f3e-b5bb-8f0a4ae5b1e4
Essential Operation,5,,#C C washes a squeezer with a brush.,Core manual task involving high hand activity.,r001,Cooking,Gold,,2632.9686731540364,ba23930c-cef7-4f3e-b5bb-8f0a4ae5b1e4
Object Transfer,5,,#C C places a squeezer on the rack.,"Logistics/Setup step, placing an object.",r001,Cooking,Gold,,2641.595823154036,ba23930c-cef7-4f3e-b5bb-8f0a4ae5b1e4
Object Transfer,5,,#C C picks up a chop board.,"Logistics/Setup step, picking up an object.",r001,Cooking,Gold,,2743.917149524136,ba23930c-cef7-4f3e-b5bb-8f0a4ae5b1e4
Essential Operation,5,,#C C washes a chop board.,Core manual task involving high hand activity.,r001,Cooking,Gold,,2745.125599524136,ba23930c-cef7-4f3e-b5bb-8f0a4ae5b1e4
Essential Operation,5,,#C C wipes surface with a cloth.,"Core task involving manual effort, high hand activity.",r001,Cooking,Gold,,2900.185379524136,ba23930c-cef7-4f3e-b5bb-8f0a4ae5b1e4
Object Transfer,5,,#C C places down a paper.,Logistics step of placing down an object.,r001,Cooking,Gold,,2956.676849524136,ba23930c-cef7-4f3e-b5bb-8f0a4ae5b1e4
Stationary,5,Object Transfer,#C C aligns a kettle.,"Low body/hand motion, likely involves fine adjustment or alignment.",r001,Cooking,Bad,,2965.3796695241363,ba23930c-cef7-4f3e-b5bb-8f0a4ae5b1e4
Search,5,,#C C gathers dirt,"[CtxFixed] The action of gathering dirt suggests that C is looking for something or cleaning up, which falls under the category of 'Search'.",r001,Cooking,,Skip,3001.5529070505213,ba23930c-cef7-4f3e-b5bb-8f0a4ae5b1e4
Locomotion,5,,C C walks around,"Body moving through space, associated with walking.",r001,Cooking,Gold,,3006.065967050521,ba23930c-cef7-4f3e-b5bb-8f0a4ae5b1e4
Object Transfer,5,,#C C takes plates from cabinet,Logistics step involving picking up and moving objects.,r001,Cooking,Gold,,3038.037327050521,ba23930c-cef7-4f3e-b5bb-8f0a4ae5b1e4
Essential Operation,5,,#C C plays the video game with the controller,Core task involving high hand activity with the controller.,r001,Playing Instrument,Gold,,556.0460176136719,bba34eeb-7691-4dee-9527-d812ab6ebbe2
Stationary,5,Essential Operation,#C C plays video games with the controller,"Low body/hand motion, mostly hand movements with a controller.",r001,Playing Instrument,Bad,,1182.126717144922,bba34eeb-7691-4dee-9527-d812ab6ebbe2
Object Transfer,5,,#C C takes a floor brush cleaner,Logistics/Setup step (taking the cleaner).,r001,Cleaning,Gold,,829.3364281211263,bd16e1a8-5119-4f24-ac6f-d4a388bc78bc
Object Transfer,5,,#C C puts the paper behind the tv,Logistics step of placing an object in a specific location.,r001,Cleaning,Gold,,1121.48023567972,bd16e1a8-5119-4f24-ac6f-d4a388bc78bc
Stationary,5,Object Transfer,#c c adjusts the decorative,Adjusting an object typically involves minimal movement and is more about positioning rather than active motion.,r001,Cleaning,Bad,,1854.0691634726888,bd16e1a8-5119-4f24-ac6f-d4a388bc78bc
Essential Operation,5,,#C C cuts a thread using scissors,Core manual task involving precise hand movements.,r001,Cleaning,Gold,,2373.304346100212,bd16e1a8-5119-4f24-ac6f-d4a388bc78bc
Object Transfer,5,,#c c adjust the mat on the floor with her finger,"Logistics/adjustment step, involves handling an object.",r001,Cleaning,Gold,,2496.1472556314616,bd16e1a8-5119-4f24-ac6f-d4a388bc78bc
Essential Operation,5,,#c c cleans the floor mat with the vacuum cleaner,Core manual task involving high hand activity.,r001,Cleaning,Gold,,2515.655905631462,bd16e1a8-5119-4f24-ac6f-d4a388bc78bc
Object Transfer,5,,#C C closes the washing machine door,Logistics action involving the interaction with an object (closing the door).,r001,Cleaning,Gold,,32.3240386,c569794f-e88a-414d-b34c-a06d7f7f800a
Object Transfer,5,,#C C hangs a cloth on the cloth line,Logistics action involving picking up and placing the cloth.,r001,Cleaning,Gold,,181.9482019333333,c569794f-e88a-414d-b34c-a06d7f7f800a
Object Transfer,5,,#C C picks up a cloth in the bag,Logistics step involving picking up an object.,r001,Cleaning,Gold,,273.46234193333333,c569794f-e88a-414d-b34c-a06d7f7f800a
Object Transfer,5,,#C C picks up the bicycle tube with his left hand.,Logistics step involving picking up an object.,r001,Mechanical Repair,Gold,,21.5015296,c9b40d8d-7cb5-4ce7-9e30-8d36adb94a4f
Locomotion,5,,#C C moves towards a small bicycle.,Body moving through space to reach a destination.,r001,Mechanical Repair,Gold,,41.1514296,c9b40d8d-7cb5-4ce7-9e30-8d36adb94a4f
Locomotion,5,,#C C walks towards another bicycle.,"Body moving through space, indicative of walking.",r001,Mechanical Repair,Gold,,58.985389600000005,c9b40d8d-7cb5-4ce7-9e30-8d36adb94a4f
Object Transfer,5,,#C C switches on the light with his right hand. #Unsure,"The action involves turning on a light, which is a logistics step (interaction with an object).",r001,Walking Outdoors,Gold,,101.9126186,cbb644c5-aa49-479d-97ce-cfe515bf01ea
Locomotion,5,,#O A woman X walks into the living room.,Body moving through space (walking).,r001,Walking Outdoors,Gold,,451.9849286,cbb644c5-aa49-479d-97ce-cfe515bf01ea
Locomotion,5,,#O boy Y runs back through the door,Body moving through space at a fast pace (running).,r001,Walking Outdoors,Gold,,1225.0129586,cbb644c5-aa49-479d-97ce-cfe515bf01ea
Locomotion,5,,#O boy Y runs back and forth the door,Body moving through space with high body acceleration.,r001,Walking Outdoors,Gold,,1235.6171486,cbb644c5-aa49-479d-97ce-cfe515bf01ea
Stationary,5,,#C C talks to boy Y,"Low body/hand motion, possibly standing still while talking.",r001,Walking Outdoors,Gold,,1837.4465186,cbb644c5-aa49-479d-97ce-cfe515bf01ea
Object Transfer,5,,#C C puts two tennis bat in the green bag.,"Logistics step, putting objects into a container.",r001,Walking Outdoors,Gold,,1931.3725086,cbb644c5-aa49-479d-97ce-cfe515bf01ea
Stationary,5,Object Transfer,#C C closes the dish washer machine,"Low energy action, minimal movement.",r001,Cleaning,Bad,,122.6447896,ceea3a90-8339-4512-8ae2-0da5f1ee6bff
Object Transfer,5,,#C C wears the glove on his right hand,Logistics step of putting on a glove.,r001,Gardening,,Skip,59.5444496,d9941963-10dd-49bc-badc-998c88cf1e18
Object Transfer,5,,#C C picks up a container beside the flower pot,Logistics step involving picking up an object.,r001,Gardening,Gold,,378.6822809546634,d9941963-10dd-49bc-badc-998c88cf1e18
Locomotion,5,,#C C walks back into the room,"Movement through space, involves walking.",r001,Gardening,Gold,,412.1123009546634,d9941963-10dd-49bc-badc-998c88cf1e18
Essential Operation,5,,#C C loosens the soil in the flower pot with a hand trowel,Core task involving manual labor with high hand activity.,r001,Gardening,Gold,,589.9813476213301,d9941963-10dd-49bc-badc-998c88cf1e18
Essential Operation,5,,#C C removes plant debris from the flower pot,"Core task involving manual labor, likely with high hand activity.",r001,Gardening,Gold,,602.26230762133,d9941963-10dd-49bc-badc-998c88cf1e18
Object Transfer,5,Essential Operation,#C C puts two plants in the flower pot,Logistics step involving placing objects (plants in the pot).,r001,Gardening,Gold,,630.6387176213301,d9941963-10dd-49bc-badc-998c88cf1e18
Object Transfer,5,Essential Operation,#C C puts the hand trowel in a flower pot,"Logistics step, placing an object.",r001,Gardening,Gold,,789.78629762133,d9941963-10dd-49bc-badc-998c88cf1e18
Object Transfer,5,,#C C carries two flower pots out of the room,"Logistics of carrying objects, short bursts of hand activity.",r001,Gardening,Gold,,811.9802476213301,d9941963-10dd-49bc-badc-998c88cf1e18
Object Transfer,5,,#C C drops the flower pot at the extreme of the table,"[CtxFixed] The action of dropping the flower pot at the extreme of the table indicates a deliberate placement of the object, which fits the definition of 'Object Transfer'.",r001,Gardening,Gold,,956.58514762133,d9941963-10dd-49bc-badc-998c88cf1e18
Essential Operation,5,,#C C cuts the root of the plant,Core task involving high hand activity.,r001,Gardening,Gold,,1045.64056762133,d9941963-10dd-49bc-badc-998c88cf1e18
Essential Operation,5,,#C C scoops soil from the bag with the trowel,Core task involving manual labor with high hand activity.,r001,Gardening,Gold,,1069.7076722879967,d9941963-10dd-49bc-badc-998c88cf1e18
Object Transfer,5,Essential Operation,#C C drops the plant in the second planter,"[CtxFixed] The action involves moving the plant from C's hand to the second planter, which is a deliberate placement of the object.",r001,Gardening,Gold,,1146.4259342879966,d9941963-10dd-49bc-badc-998c88cf1e18
Object Transfer,5,Essential Operation,#C C adjusts the plant in the second planter,Logistics step involving moving the plant to the correct position.,r001,Gardening,Gold,,1148.070444287997,d9941963-10dd-49bc-badc-998c88cf1e18
Stationary,5,,#C C holds the plant in the second planter,"Low body/hand motion, holding position.",r001,Gardening,Gold,,1200.3727942879966,d9941963-10dd-49bc-badc-998c88cf1e18
Object Transfer,5,Essential Operation,#C C pours the soil in the third planter,Logistics step involving the transfer of soil to a planter.,r001,Gardening,Gold,,1207.366284287997,d9941963-10dd-49bc-badc-998c88cf1e18
Stationary,5,Object Transfer,#C C lifts the second planter for a while,"Low body/hand motion, holding position.",r001,Gardening,Bad,,1231.0305242879967,d9941963-10dd-49bc-badc-998c88cf1e18
Locomotion,5,Object Transfer,#C C lifts the third planter for a while,"Body moving through space, likely involves standing up or lifting which involves high body acceleration.",r001,Gardening,Bad,,1242.8260142879967,d9941963-10dd-49bc-badc-998c88cf1e18
Essential Operation,5,,#C C adjusts the soil in the third planter,"Core task involving manual adjustment, high hand activity.",r001,Gardening,Gold,,1246.8985342879969,d9941963-10dd-49bc-badc-998c88cf1e18
Essential Operation,5,,#C C adjusts the soil in the third planter with his left hand,Core manual task involving precise hand movements.,r001,Gardening,Gold,,1307.7660842879966,d9941963-10dd-49bc-badc-998c88cf1e18
Essential Operation,5,,#C C pours soil into another plant vase.,Core task involving manual operation with high hand activity.,r001,Gardening,Gold,,1418.4846442879966,d9941963-10dd-49bc-badc-998c88cf1e18
Object Transfer,5,Essential Operation,#C C removes a plant from the plant vase.,Logistics step involving picking up and moving an object.,r001,Gardening,Gold,,1512.1368042879967,d9941963-10dd-49bc-badc-998c88cf1e18
Search,5,,#C C checks the roots of the plant.,"Visual inspection, likely involves head movement and minimal hand activity.",r001,Gardening,Gold,,1584.0832642879966,d9941963-10dd-49bc-badc-998c88cf1e18
Object Transfer,5,Essential Operation,#C C covers the plant root with soil.,Logistics step involving the transfer of soil to cover the plant root.,r001,Gardening,Gold,,1598.5609789546631,d9941963-10dd-49bc-badc-998c88cf1e18
Essential Operation,5,,#C C pours the soil into the plant vase.,Core task involving high hand activity.,r001,Gardening,Gold,,1619.837308954663,d9941963-10dd-49bc-badc-998c88cf1e18
Object Transfer,5,,#C C adjusts a planter on the table with his right hand.,Logistics step involving moving an object (planter).,r001,Gardening,Gold,,1692.0767409546634,d9941963-10dd-49bc-badc-998c88cf1e18
Object Transfer,5,,#C C scoops sand from the plastic bag.,Logistics of transferring sand from the bag.,r001,Gardening,Gold,,1789.7924809546632,d9941963-10dd-49bc-badc-998c88cf1e18
Object Transfer,5,,#C C moves a planter towards him with his left hand.,Logistics of moving an object towards the person.,r001,Gardening,Gold,,1869.6930909546631,d9941963-10dd-49bc-badc-998c88cf1e18
Essential Operation,5,Object Transfer,#C C pours the sand into the planter.,Core task involving active hand movement.,r001,Gardening,Gold,,1897.1489509546632,d9941963-10dd-49bc-badc-998c88cf1e18
Object Transfer,5,,#C C dips the trowel in his right hand inside the bag,"The action involves picking up the trowel from the bag, which is a logistics step.",r001,Gardening,Gold,,1907.469300954664,d9941963-10dd-49bc-badc-998c88cf1e18
Object Transfer,5,,#C C removes his left hand from the bag,Logistics step involving the removal of a hand from an object (bag).,r001,Gardening,,Skip,1908.1859209546635,d9941963-10dd-49bc-badc-998c88cf1e18
Object Transfer,5,,#C C removes his left hand from the vase,"The action involves a logistical movement, specifically removing a hand from an object.",r001,Gardening,,Skip,1921.6546009546632,d9941963-10dd-49bc-badc-998c88cf1e18
Stationary,5,Search,#C C reads on the computer screen,"Low body/hand motion, focused visual activity.",r001,Desk Work,Bad,,291.2219509546634,db16f466-a943-47c4-b7e4-1866f5603aae
Search,5,,#C C reads on the desktop screen,"Visual search or monitoring, likely involves head movement while hands are mostly still.",r001,Desk Work,Gold,,1072.410304287997,db16f466-a943-47c4-b7e4-1866f5603aae
Essential Operation,5,,#C C types on the laptop screen,Core manual task involving high hand activity.,r001,Desk Work,Gold,,1543.106694287997,db16f466-a943-47c4-b7e4-1866f5603aae
Stationary,5,Essential Operation,#C C scrolls on the screen,"Low body/hand motion, mostly finger movement.",r001,Desk Work,Bad,,1758.762434287997,db16f466-a943-47c4-b7e4-1866f5603aae
Object Transfer,5,,#C C takes the tissue box,Logistics step involving picking up or moving an object.,r001,Desk Work,Gold,,1872.495394287997,db16f466-a943-47c4-b7e4-1866f5603aae
Essential Operation,5,,#C C presses the mouse,Core task involving high hand activity.,r001,Desk Work,Gold,,1894.283974287997,db16f466-a943-47c4-b7e4-1866f5603aae
Search,5,,#C C looks at the other desktop,"Head movement (visual search), hands mostly still.",r001,Desk Work,Gold,,1972.4634342879967,db16f466-a943-47c4-b7e4-1866f5603aae
Locomotion,5,,#C C walks over the bridge,"Body moving through space, indicative of walking.",r001,Walking Outdoors,Gold,,185.68167,dc266fb8-d459-450f-aca8-b8be6c6b0dc2
Essential Operation,5,,#C C adjusts the lever at the front of the lathe machine with his two hands #unsure,Adjusting a tool or machine involves focused hand activity.,r001,Carpentry,Gold,,12.430339599999998,dc6da3c4-dcb4-4ccb-8d2e-d5023dac6ace
Essential Operation,5,,#C C adjusts the lever under the lathe machine with his left hand #unsure,Core manual task involving precise hand movement.,r001,Carpentry,Gold,,40.4474396,dc6da3c4-dcb4-4ccb-8d2e-d5023dac6ace
Stationary,5,,#C C holds the lathe machine with his two hands #unsure,"The action involves holding the lathe machine, which suggests a stable and relatively motionless posture.",r001,Carpentry,Gold,,73.8941696,dc6da3c4-dcb4-4ccb-8d2e-d5023dac6ace
Essential Operation,5,,#C C tightens the left lever on the lathe machine with his right hand #unsure,Core manual task involving high hand activity.,r001,Carpentry,Gold,,87.9124396,dc6da3c4-dcb4-4ccb-8d2e-d5023dac6ace
Essential Operation,5,,#C C tightens the right lever on the lathe machine with his right hand #unsure,Core manual task involving high hand activity.,r001,Carpentry,Gold,,135.5050996,dc6da3c4-dcb4-4ccb-8d2e-d5023dac6ace
Object Transfer,5,,#C C picks up the wood on the table with his two hands,Logistics step involving picking up an object.,r001,Carpentry,Gold,,152.3833296,dc6da3c4-dcb4-4ccb-8d2e-d5023dac6ace
Locomotion,5,,#C C lifts up the wood,"Body movement through space to lift the wood, high body acceleration.",r001,Carpentry,Gold,,173.8002696,dc6da3c4-dcb4-4ccb-8d2e-d5023dac6ace
Essential Operation,5,,#C C adjusts the lever on the cover of the lathe machine with his two hands #unsure,Adjusting a machine lever is a core manual task involving high hand activity.,r001,Carpentry,Gold,,212.9486396,dc6da3c4-dcb4-4ccb-8d2e-d5023dac6ace
Locomotion,5,Object Transfer,#C C pulls the top of the lathe machine,"The action involves moving the body to operate a machine, which typically involves significant whole-body movement.",r001,Carpentry,Bad,,238.7499996,dc6da3c4-dcb4-4ccb-8d2e-d5023dac6ace
Stationary,5,Object Transfer,#C C adjusts the lever on the cover of the lathe machine #unsure,Adjusting a lever typically involves fine motor control and minimal body movement.,r001,Carpentry,Bad,,242.3367196,dc6da3c4-dcb4-4ccb-8d2e-d5023dac6ace
Locomotion,5,,#C C walks towards another table.,"Body moving through space, indicative of walking.",r001,Carpentry,Gold,,307.7387309546634,dc6da3c4-dcb4-4ccb-8d2e-d5023dac6ace
Essential Operation,5,Object Transfer,#C C removes wood from the wood smoothing machine.,Core task involving manual operation with high hand activity.,r001,Carpentry,Gold,,349.9876209546634,dc6da3c4-dcb4-4ccb-8d2e-d5023dac6ace
Object Transfer,5,,#C C places wood on the wood smoothing machine.,Logistics step involving the placement of an object.,r001,Carpentry,Gold,,434.9198409546634,dc6da3c4-dcb4-4ccb-8d2e-d5023dac6ace
Locomotion,5,Object Transfer,#C C moves the exercise mat on the floor with his left leg.,"Body movement through space, involving a leg action which typically involves high body acceleration.",r001,Desk Work,Bad,,63.2417196,de8ea8a7-6bdb-4679-9b17-9dc6a79e45e7
Locomotion,5,,#C C does sit up on the exercise mat.,"Body movement through space, in this case, standing up from a sitting position.",r001,Desk Work,Gold,,81.07635959999999,de8ea8a7-6bdb-4679-9b17-9dc6a79e45e7
Stationary,5,,#C C sits on the exercise mat.,"The action involves sitting, which is a low energy, stationary activity.",r001,Desk Work,Gold,,205.7158196,de8ea8a7-6bdb-4679-9b17-9dc6a79e45e7
Object Transfer,5,,#C C touches a phone on the floor with his right hand.,Logistics step involving picking up an object.,r001,Desk Work,,Skip,388.2062409546634,de8ea8a7-6bdb-4679-9b17-9dc6a79e45e7
Object Transfer,5,,#C C picks the phone on the floor with his right hand.,Logistics step involving picking up an object.,r001,Desk Work,Gold,,496.43729095466335,de8ea8a7-6bdb-4679-9b17-9dc6a79e45e7
Locomotion,5,,#C C stretches his leg outward.,Body movement through space (stretching leg).,r001,Desk Work,,Skip,1252.3342409546633,de8ea8a7-6bdb-4679-9b17-9dc6a79e45e7
Stationary,5,,#C C place his left hand on the floor.,Placing hand on the floor indicates a static position with minimal movement.,r001,Desk Work,Gold,,1277.6669709546632,de8ea8a7-6bdb-4679-9b17-9dc6a79e45e7
Stationary,5,,#C C lay on his back on the mat.,"The action involves lying down, which is a low-energy, stationary state.",r001,Desk Work,Gold,,1348.3545409546632,de8ea8a7-6bdb-4679-9b17-9dc6a79e45e7
Stationary,5,,#C C pauses briefly.,"Low body/hand motion, indicating a pause.",r001,Mechanical Repair,Gold,,38.2719196,df7bdd06-c392-4a3d-ae1a-cdc234582472
Stationary,5,,#C C stops brushing the plank.,"The action indicates a pause in activity, suggesting low energy and motion.",r001,Mechanical Repair,Gold,,87.2798796,df7bdd06-c392-4a3d-ae1a-cdc234582472
Stationary,5,,#C C lifts right hand up,"Single movement of lifting hand, likely followed by a pause.",r001,Playing Instrument,Gold,,731.301207613672,e2f492ff-74c7-4fdc-8c93-0d4ebf66cc63
Essential Operation,5,,#C C presses the button with left hand,Core manual task involving pressing a button with high hand activity.,r001,Playing Instrument,Gold,,744.8110476136719,e2f492ff-74c7-4fdc-8c93-0d4ebf66cc63
Object Transfer,5,Essential Operation,#C C switches the volume button with right hand,Logistics step involving picking up and moving the volume button.,r001,Playing Instrument,Bad,,763.5859176136719,e2f492ff-74c7-4fdc-8c93-0d4ebf66cc63
Essential Operation,5,,#C C switches the knobs with left hand,Core manual task involving precise hand movements.,r001,Playing Instrument,Gold,,819.4473276136719,e2f492ff-74c7-4fdc-8c93-0d4ebf66cc63
Essential Operation,5,,#C C presses a synthesizer,Core manual task involving high hand activity.,r001,Playing Instrument,Gold,,1337.3114271449217,e2f492ff-74c7-4fdc-8c93-0d4ebf66cc63
Stationary,5,Essential Operation,#C C presses an equalizer,"Low body/hand motion, primarily finger movement which does not significantly affect IMU readings.",r001,Playing Instrument,Bad,,1559.8846872440938,e2f492ff-74c7-4fdc-8c93-0d4ebf66cc63
Object Transfer,5,Essential Operation,#C C passes the key to his left hand,Transfer of an object (the key) from one hand to another.,r001,Mechanical Repair,Gold,,89.12045,e5a9f6d7-e7df-4209-a825-0a391c4815ba
Locomotion,5,Object Transfer,#C C moves the motorcycle's kick start with his right foot,"Body moving through space, specifically using foot to move a part of the motorcycle.",r001,Mechanical Repair,Bad,,160.61622,e5a9f6d7-e7df-4209-a825-0a391c4815ba
Stationary,5,,#C C puts his right foot on the ground,"The action describes a stable position, indicating low body motion.",r001,Mechanical Repair,Gold,,174.19056,e5a9f6d7-e7df-4209-a825-0a391c4815ba
Stationary,5,Essential Operation,#C C puts the key in the motorcycle's ignition,"The action involves a single motion of putting a key in the ignition, followed by a stationary state where the motorcycle is being started or is in the process of starting.",r001,Mechanical Repair,Bad,,199.59078,e5a9f6d7-e7df-4209-a825-0a391c4815ba
Essential Operation,5,,#C C tightens the bolt with the screwdriver,Core manual task involving high hand activity.,r001,Mechanical Repair,Gold,,264.89499,e5a9f6d7-e7df-4209-a825-0a391c4815ba
Essential Operation,5,,#C C tightens the bolt to the scooter motorcycle with the screwdriver,Core manual task involving high hand activity.,r001,Mechanical Repair,Gold,,327.88817,e5a9f6d7-e7df-4209-a825-0a391c4815ba
Object Transfer,5,,#C C picks up the screwdriver from the ground,"Logistics/Setup step, picking up an object.",r001,Mechanical Repair,Gold,,358.69319,e5a9f6d7-e7df-4209-a825-0a391c4815ba
Object Transfer,5,,#C C picks bolts from the ground with his hands #unsure,Logistics step involving picking up objects.,r001,Mechanical Repair,Gold,,391.84416,e5a9f6d7-e7df-4209-a825-0a391c4815ba
Object Transfer,5,,#C C picks a nylon from the carton,"Logistics step, picking up an object.",r001,Mechanical Repair,Gold,,413.16619,e5a9f6d7-e7df-4209-a825-0a391c4815ba
Essential Operation,5,,#C C turns on the impact drill #unsure,The action involves operating a tool (impact drill) which is a core manual task.,r001,Mechanical Repair,Gold,,432.67951,e5a9f6d7-e7df-4209-a825-0a391c4815ba
Stationary,5,,#C C touches the scooter motorcycle with his right hand,"Low body/hand motion, touch implies a stationary action.",r001,Mechanical Repair,Gold,,465.29627,e5a9f6d7-e7df-4209-a825-0a391c4815ba
Essential Operation,5,,#C C pulls the cable tie with his right hand,Core manual task involving high hand activity.,r001,Mechanical Repair,Gold,,524.87099,e5a9f6d7-e7df-4209-a825-0a391c4815ba
Essential Operation,5,,#C C cuts the cable tie with the pair of scissors,Core task involving manual dexterity with high hand activity.,r001,Mechanical Repair,Gold,,547.2683446666666,e5a9f6d7-e7df-4209-a825-0a391c4815ba
Object Transfer,5,,#C C passes the pair of scissors to his right hand,Logistics step involving the transfer of an object (scissors).,r001,Mechanical Repair,Gold,,549.1254146666666,e5a9f6d7-e7df-4209-a825-0a391c4815ba
Locomotion,5,,#C C turns the scooter motorcycle,"Body moving through space, likely involves turning or rotating the body.",r001,Mechanical Repair,,Skip,550.3413346666667,e5a9f6d7-e7df-4209-a825-0a391c4815ba
Object Transfer,5,,#C C picks up the nylon from the ground,Logistics step involving picking up an object.,r001,Mechanical Repair,Gold,,792.3865066666667,e5a9f6d7-e7df-4209-a825-0a391c4815ba
Object Transfer,5,,#C C drops the adapter in the container #unsure,"[CtxFixed] The action of dropping the adapter into the container is a deliberate placement, which fits the definition of 'Object Transfer'.",r001,Mechanical Repair,Gold,,862.4188366666667,e5a9f6d7-e7df-4209-a825-0a391c4815ba
Object Transfer,5,,#C C picks a bundle of cable ties from a container,Logistics step of picking up an object.,r001,Mechanical Repair,Gold,,868.6353066666667,e5a9f6d7-e7df-4209-a825-0a391c4815ba
Object Transfer,5,,#C C puts the drill bit in the bundle of drill bits,Logistics action involving picking up and placing an object.,r001,Mechanical Repair,Gold,,879.6044466666667,e5a9f6d7-e7df-4209-a825-0a391c4815ba
Stationary,5,,#C C adjusts his trouser,"Adjusting clothing is a low-energy, stationary action.",r001,Mechanical Repair,Gold,,899.5948666666667,e5a9f6d7-e7df-4209-a825-0a391c4815ba
Essential Operation,5,,#C C cuts the onion with the knife,"Core task, high hand activity.",r001,Cleaning,Gold,,184.2167196,e75caa1f-8658-432c-b559-f6a1f3fc409c
Object Transfer,5,,#C C picks the onion from the counter top,Logistics step involving picking up an object.,r001,Cleaning,Gold,,265.0476396,e75caa1f-8658-432c-b559-f6a1f3fc409c
Essential Operation,5,,#C C cuts the onion on the chopping board with the knife,Core task involving high hand activity and fine motor skills.,r001,Cleaning,Gold,,337.3232109546634,e75caa1f-8658-432c-b559-f6a1f3fc409c
Essential Operation,5,,#C C extends the onions on the chopping board with the knife,Core task involving high hand activity with the knife.,r001,Cleaning,Gold,,398.7687509546634,e75caa1f-8658-432c-b559-f6a1f3fc409c
Essential Operation,5,,#C C cuts the onion on the chopping board with the green knife,Core task involving precise hand movements.,r001,Cleaning,Gold,,528.4452209546633,e75caa1f-8658-432c-b559-f6a1f3fc409c
Search,5,,#C C looks into the cupboard,"Head movement (visual search), hands mostly still.",r001,Cleaning,Gold,,1231.4170009546633,e75caa1f-8658-432c-b559-f6a1f3fc409c
Stationary,5,,#C C holds the flour,"Low body/hand motion, holding an object without moving.",r001,Cleaning,Gold,,1390.824320954663,e75caa1f-8658-432c-b559-f6a1f3fc409c
Stationary,5,,#C C holds the flour packet,"Low energy activity, holding an object without movement.",r001,Cleaning,Gold,,1449.8284209546632,e75caa1f-8658-432c-b559-f6a1f3fc409c
Essential Operation,5,,#C C cuts the icing sugar,Core task involving manual dexterity and hand activity.,r001,Cleaning,Gold,,1511.1768309546633,e75caa1f-8658-432c-b559-f6a1f3fc409c
Essential Operation,5,,#C C sieves the ingredients,Core task involving high hand activity.,r001,Cleaning,Gold,,1608.3459809546632,e75caa1f-8658-432c-b559-f6a1f3fc409c
Object Transfer,5,,#C C places the knife on the utensils rack,Logistics/Setup step involving placing an object.,r001,Cleaning,Gold,,1700.3795209546631,e75caa1f-8658-432c-b559-f6a1f3fc409c
Object Transfer,5,,#C C takes the eggs,Logistics/Setup step involving picking up or moving an object.,r001,Cleaning,Gold,,1828.570550954663,e75caa1f-8658-432c-b559-f6a1f3fc409c
Object Transfer,5,,#C C puts the egg shell in the dustbin,"Logistics step, moving the egg shell to the dustbin.",r001,Cleaning,Gold,,1834.3655209546632,e75caa1f-8658-432c-b559-f6a1f3fc409c
Object Transfer,5,,#C C closes the cooking oil,Logistics/Setup step involving closing an object.,r001,Cleaning,Gold,,2009.9176709546632,e75caa1f-8658-432c-b559-f6a1f3fc409c
Object Transfer,5,,#C C puts the meat in a cup,Logistics step involving picking up and placing an object.,r001,Cleaning,Gold,,2631.840710954664,e75caa1f-8658-432c-b559-f6a1f3fc409c
Object Transfer,5,,#C C puts the vegetable on the paper,"Logistics step, moving an object to a specific location.",r001,Cleaning,Gold,,2703.250530954663,e75caa1f-8658-432c-b559-f6a1f3fc409c
Object Transfer,5,,#C C places the chopping board on the table,Logistics step involving the placement of an object.,r001,Cleaning,Gold,,2818.362690954664,e75caa1f-8658-432c-b559-f6a1f3fc409c
Object Transfer,5,,#C C puts the meat ball in the container,Logistics step involving the transfer of an object.,r001,Cleaning,Gold,,2843.3933409546635,e75caa1f-8658-432c-b559-f6a1f3fc409c
Object Transfer,5,,#C C removes the meatball in the cup,Logistics step involving picking up and moving an object.,r001,Cleaning,Gold,,3002.772200954664,e75caa1f-8658-432c-b559-f6a1f3fc409c
Essential Operation,5,,#C C collects the flour with a spoon,Core manual task involving high hand activity.,r001,Cleaning,Gold,,3103.0778709546635,e75caa1f-8658-432c-b559-f6a1f3fc409c
Object Transfer,5,,#C C places the knife on the table,Logistics step of placing an object.,r001,Cleaning,Gold,,3178.8747909546632,e75caa1f-8658-432c-b559-f6a1f3fc409c
Search,5,,#C C Looks inside the polythene paper,"Head movement (visual search), hands mostly still.",r001,Carpentry,Gold,,16.33352,e87ff93b-e900-42a6-83f7-3873c4d831fb
Object Transfer,5,,#C C Picks another bulb holder from the box,Logistics step involving picking up an object.,r001,Carpentry,Gold,,48.13298,e87ff93b-e900-42a6-83f7-3873c4d831fb
Object Transfer,5,,#C C Picks a box of bulbs,Logistics step involving picking up an object.,r001,Carpentry,Gold,,61.7329,e87ff93b-e900-42a6-83f7-3873c4d831fb
Essential Operation,5,,#C C Fixes the universal wiring harness with cables,Core manual task involving fine motor skills and manipulation.,r001,Carpentry,Gold,,174.90191,e87ff93b-e900-42a6-83f7-3873c4d831fb
Essential Operation,5,,#C C Fixes the bulb holder on universal wiring harness with screwdriver,Core manual task involving fine motor skills and tool use.,r001,Carpentry,Gold,,236.91846,e87ff93b-e900-42a6-83f7-3873c4d831fb
Locomotion,5,,#C C Steps down the ladder,Body moving through space (stepping down).,r001,Carpentry,Gold,,279.87611,e87ff93b-e900-42a6-83f7-3873c4d831fb
Essential Operation,5,,#C C Tightens the wires with a pliers,Core manual task involving high hand activity.,r001,Carpentry,Gold,,572.0038766666667,e87ff93b-e900-42a6-83f7-3873c4d831fb
Essential Operation,5,,#C C Fixes the cables with a screw on the cables holder,Core task involving manual operation with high hand activity.,r001,Carpentry,Gold,,615.6661466666667,e87ff93b-e900-42a6-83f7-3873c4d831fb
Essential Operation,5,,#C C Fixes the bulb holder on the cables,"Core task involving manual assembly or fixing, high hand activity.",r001,Carpentry,Gold,,647.4643966666666,e87ff93b-e900-42a6-83f7-3873c4d831fb
Essential Operation,5,,#C C Fixes the bulb holder with a screwdriver,Core manual task involving high hand activity.,r001,Carpentry,Gold,,661.5826766666667,e87ff93b-e900-42a6-83f7-3873c4d831fb
Stationary,5,,#C C Folds her knees,The action describes a static body position with no movement through space.,r001,Playing Instrument,Gold,,538.0582693333332,e8c715ba-d198-4e89-b33f-6efb25750c2a
Locomotion,5,,#C C Lifts the knees,"Body movement through space, likely standing up or adjusting position.",r001,Playing Instrument,Gold,,541.1141893333332,e8c715ba-d198-4e89-b33f-6efb25750c2a
Stationary,5,Object Transfer,#C C Puts the book on her laps,The action involves placing an object and is likely to be followed by a period of inactivity or minimal movement.,r001,Playing Instrument,Bad,,545.3525993333333,e8c715ba-d198-4e89-b33f-6efb25750c2a
Stationary,5,Object Transfer,#C C Turns the book,The action described does not involve significant body or hand movement.,r001,Playing Instrument,Bad,,582.4046633333334,e8c715ba-d198-4e89-b33f-6efb25750c2a
Object Transfer,5,Essential Operation,#C C Opens another page,"Logistics/Setup step, short bursts of hand activity.",r001,Playing Instrument,Gold,,1185.5430366666667,e8c715ba-d198-4e89-b33f-6efb25750c2a
Stationary,5,,#C C Puts her left hand on the book,"The action describes a static pose, indicating low body/hand motion.",r001,Playing Instrument,Gold,,1714.55238,e8c715ba-d198-4e89-b33f-6efb25750c2a
Locomotion,5,,#C C Walks towards the hallway,Body moving through space (walking).,r001,Playing Instrument,Gold,,2908.444316666667,e8c715ba-d198-4e89-b33f-6efb25750c2a
Stationary,5,,#C C touches the laptop with left hand,"Low body/hand motion, likely a minor gesture or setup action.",r001,Playing Instrument,Gold,,829.4038652666667,eab7f116-e9c4-4c07-a963-ceffaaa68f29
Stationary,5,Essential Operation,#C C plays racing game,Playing a racing game typically involves minimal body movement and mostly hand movements on a controller.,r001,Playing Instrument,Bad,,1841.0588419333333,eab7f116-e9c4-4c07-a963-ceffaaa68f29
Stationary,5,,# C C touches mouse,"Low body/hand motion, likely interacting with a stationary object.",r001,Playing Instrument,Gold,,2118.8247219333334,eab7f116-e9c4-4c07-a963-ceffaaa68f29
Object Transfer,5,,# C C puts cup on table,Logistics step of placing an object.,r001,Playing Instrument,Gold,,2151.1425286000003,eab7f116-e9c4-4c07-a963-ceffaaa68f29
Stationary,5,Essential Operation,#C C operates laptop on desk,"Low body/hand motion, likely involves minimal movement.",r001,Playing Instrument,Bad,,2594.9717886000003,eab7f116-e9c4-4c07-a963-ceffaaa68f29
Essential Operation,5,,#C C plays a computer game using he keyboard,Core task involving manual dexterity with the keyboard.,r001,Playing Instrument,Gold,,2908.9729886,eab7f116-e9c4-4c07-a963-ceffaaa68f29
Essential Operation,5,,#C C presses computer keyboard,Core task involving high hand activity.,r001,Playing Instrument,Gold,,3260.750855266667,eab7f116-e9c4-4c07-a963-ceffaaa68f29
Stationary,5,,#C C touches computer mouse,"Low body/hand motion, likely involves minimal movement.",r001,Playing Instrument,Gold,,3366.731865266667,eab7f116-e9c4-4c07-a963-ceffaaa68f29
Essential Operation,5,,#C C plays game on computer,Core task involving hand activity on the computer.,r001,Playing Instrument,Gold,,3887.437171933333,eab7f116-e9c4-4c07-a963-ceffaaa68f29
Essential Operation,5,,#C C pours the soap in he bottle top,"Core task involving manual pouring, high hand activity.",r001,Cleaning,Gold,,53.3269086,ed693d1a-0231-4854-aae7-27a06e3f7d6f
Essential Operation,5,,#C C folds the cloth in her hands,Core manual task involving high hand activity.,r001,Cleaning,Gold,,150.92639859999997,ed693d1a-0231-4854-aae7-27a06e3f7d6f
Object Transfer,5,,#C C picks up the socks from the bed,Logistics action involving picking up an object.,r001,Cleaning,Gold,,164.7811386,ed693d1a-0231-4854-aae7-27a06e3f7d6f
Essential Operation,5,,#C C folds the socks together,Core manual task involving high hand activity.,r001,Cleaning,Gold,,177.83302859999998,ed693d1a-0231-4854-aae7-27a06e3f7d6f
Object Transfer,5,,#C C picks up the clothes from the bed,Logistics step involving picking up an object.,r001,Cleaning,Gold,,535.1011784403729,ed693d1a-0231-4854-aae7-27a06e3f7d6f
Object Transfer,5,,#C C puts the clothes on the other cloth,Logistics step involving picking up and placing the clothes.,r001,Cleaning,Gold,,536.5552384403729,ed693d1a-0231-4854-aae7-27a06e3f7d6f
Object Transfer,5,,#C C puts the clothes inside the bed drawer,Logistics step involving picking up and placing the clothes.,r001,Cleaning,Gold,,547.9519484403729,ed693d1a-0231-4854-aae7-27a06e3f7d6f
Object Transfer,5,,#C C picks up the cloth from the laundry basket,"Logistics/Setup step, picking up an object.",r001,Cleaning,Gold,,6.7106586,ee05e77f-d52f-48d7-b19f-6b14411a7849
Object Transfer,5,,#C C closes the door of the laundry machine,Logistics step involving the closure of a door.,r001,Cleaning,Gold,,57.2676086,ee05e77f-d52f-48d7-b19f-6b14411a7849
Stationary,5,Search,#C C stares the laundry machine,"Low body/hand motion, likely observing.",r001,Cleaning,Gold,,106.5730286,ee05e77f-d52f-48d7-b19f-6b14411a7849
Stationary,5,Essential Operation,#C C operates the laundry machine,Operating a machine typically involves minimal movement and can be considered a stationary action.,r001,Cleaning,Bad,,115.9922986,ee05e77f-d52f-48d7-b19f-6b14411a7849
Search,5,,#C C looks around the laundry,"Visual search, head movement likely involved.",r001,Cleaning,Gold,,125.3085086,ee05e77f-d52f-48d7-b19f-6b14411a7849
Locomotion,5,Object Transfer,#C C moves the clothes on the bed,"Body moving through space to move clothes, involves high body acceleration.",r001,Cleaning,Bad,,205.1820886,ee05e77f-d52f-48d7-b19f-6b14411a7849
Object Transfer,5,,#C C picks up the sock from the bed,Logistics step involving picking up an object.,r001,Cleaning,Gold,,242.3277286,ee05e77f-d52f-48d7-b19f-6b14411a7849
Object Transfer,5,,#C C puts the socks on the bed,Logistics step involving moving an object (putting socks on the bed).,r001,Cleaning,Gold,,262.0576886,ee05e77f-d52f-48d7-b19f-6b14411a7849
Object Transfer,5,,#C C drops the sock on the bed,"[CtxFixed] The action of dropping the sock onto the bed is a deliberate placement of the object onto a surface, which fits the definition of 'Object Transfer'.",r001,Cleaning,Gold,,275.4035086,ee05e77f-d52f-48d7-b19f-6b14411a7849
Stationary,5,Search,#C C stares the sock in his hands,"Low body/hand motion, focused attention.",r001,Cleaning,Gold,,277.9175886,ee05e77f-d52f-48d7-b19f-6b14411a7849
Essential Operation,5,Object Transfer,#C C moves the cloth in her hands,"Core cleaning task, high hand activity.",r001,Cleaning,Gold,,364.3989645422623,ee05e77f-d52f-48d7-b19f-6b14411a7849
Essential Operation,5,,#C C wipes the bed sheet with her hand,Core manual task involving high hand activity.,r001,Cleaning,Gold,,384.3987045422624,ee05e77f-d52f-48d7-b19f-6b14411a7849
Stationary,5,Essential Operation,#C C folds the cloth on the bed,"Low energy activity, hands engaged in a fine motor skill without significant motion.",r001,Cleaning,Bad,,433.5694945422623,ee05e77f-d52f-48d7-b19f-6b14411a7849
Locomotion,5,Object Transfer,#C C moves the cloth on the bed,"Movement through space, likely involves body motion to move the cloth.",r001,Cleaning,Bad,,493.34769454226233,ee05e77f-d52f-48d7-b19f-6b14411a7849
Essential Operation,5,,#C C Folds the hand towel,Core manual task involving hand movement.,r001,Cleaning,Gold,,562.2176022621095,ee05e77f-d52f-48d7-b19f-6b14411a7849
Object Transfer,5,Essential Operation,#C C Puts the shirt on the hanger,Logistics step involving picking up and placing the shirt on a hanger.,r001,Cleaning,Gold,,588.7601122621095,ee05e77f-d52f-48d7-b19f-6b14411a7849
Locomotion,5,,#C C Walks toward the shelves,Body moving through space (walking).,r001,Cleaning,Gold,,633.8337722621095,ee05e77f-d52f-48d7-b19f-6b14411a7849
Locomotion,5,,#C C Moves to the bed,"Movement through space, likely involves walking or moving the body.",r001,Cleaning,Gold,,642.7096622621094,ee05e77f-d52f-48d7-b19f-6b14411a7849
Object Transfer,5,,#C C Puts the clothe on top of the clothes,Logistics step involving the placement of an object.,r001,Cleaning,Gold,,715.9797522621094,ee05e77f-d52f-48d7-b19f-6b14411a7849
Object Transfer,5,,#C C picks the egg,Logistics step involving picking up an object.,r001,Cooking,Gold,,128.70694526666665,ee7bc1e4-fca9-4c23-9b98-63ce27333824
Essential Operation,5,,#C C pours water in the bowl,Core task involving high hand activity.,r001,Cooking,Gold,,202.26312526666663,ee7bc1e4-fca9-4c23-9b98-63ce27333824
Object Transfer,5,Essential Operation,#C C puts salt in the bowl,Logistics step involving picking up and putting down objects.,r001,Cooking,Gold,,219.97124526666667,ee7bc1e4-fca9-4c23-9b98-63ce27333824
Object Transfer,5,,#C C puts the bread on the chopping board,Logistics step involving moving an object from one place to another.,r001,Cooking,Gold,,248.28885526666667,ee7bc1e4-fca9-4c23-9b98-63ce27333824
Object Transfer,5,,#C C puts a piece of bread in the bowl,Logistics step involving picking up and placing an object.,r001,Cooking,Gold,,258.30512526666666,ee7bc1e4-fca9-4c23-9b98-63ce27333824
Object Transfer,5,,#C C picks a piece of bread,"Logistics step, picking up an object.",r001,Cooking,Gold,,263.64646526666667,ee7bc1e4-fca9-4c23-9b98-63ce27333824
Object Transfer,5,,#C C picks bread from the container with the left hand.,Logistics step involving picking up an object.,r001,Cooking,Gold,,296.46867526666665,ee7bc1e4-fca9-4c23-9b98-63ce27333824
Object Transfer,5,,#C C picks a frying pan on the cooker.,Logistics step involving picking up an object.,r001,Cooking,Gold,,317.43818526666666,ee7bc1e4-fca9-4c23-9b98-63ce27333824
Object Transfer,5,,#C C puts the frying pan on the cooker.,Logistics step involving picking up and placing an object.,r001,Cooking,Gold,,363.7342152666667,ee7bc1e4-fca9-4c23-9b98-63ce27333824
Object Transfer,5,,#C C picks a bottle of milk on the countertop.,Logistics step involving picking up an object.,r001,Cooking,Gold,,391.3658552666666,ee7bc1e4-fca9-4c23-9b98-63ce27333824
Object Transfer,5,,#C C puts a container of bread in an instant pot,Logistics step involving the placement of an object.,r001,Cooking,Gold,,425.43652526666665,ee7bc1e4-fca9-4c23-9b98-63ce27333824
Stationary,5,,#C C puts the left hand on the frying pot.,"The action involves stabilizing the pot with the hand, indicating a low-energy, stationary posture.",r001,Cooking,Gold,,477.72166526666666,ee7bc1e4-fca9-4c23-9b98-63ce27333824
Object Transfer,5,,#C C drops a bowl on the countertop.,Refined via regex fallback,r001,Cooking,Gold,,543.6148252666668,ee7bc1e4-fca9-4c23-9b98-63ce27333824
Object Transfer,5,,#C C pulls out a kitchen worktop drawer,"Logistics step involving the drawer, short burst of hand activity.",r001,Cooking,Gold,,937.9696452666668,ee7bc1e4-fca9-4c23-9b98-63ce27333824
Object Transfer,5,,#C C puts the plates in the utensils tray,Logistics step involving moving objects to a specific location.,r001,Cooking,Gold,,941.4938852666668,ee7bc1e4-fca9-4c23-9b98-63ce27333824
Stationary,5,Essential Operation,#C C Scrolls the phone with the left thumb,"Low body motion, focused hand activity.",r001,Cooking,Bad,,1103.0947352666667,ee7bc1e4-fca9-4c23-9b98-63ce27333824
Stationary,5,Essential Operation,#C C Drinks the milk from the glass,"Low body/hand motion, drinking is a stationary activity.",r001,Cooking,Bad,,1188.9798752666666,ee7bc1e4-fca9-4c23-9b98-63ce27333824
Stationary,5,Essential Operation,#C C Eats the sausage,"Low body/hand motion, eating is a stationary activity.",r001,Cooking,Bad,,1252.5271952666667,ee7bc1e4-fca9-4c23-9b98-63ce27333824
Object Transfer,5,,#C C pulls the dishwasher tray,Logistics step involving the movement of an object.,r001,Cooking,Gold,,1442.1751152666666,ee7bc1e4-fca9-4c23-9b98-63ce27333824
Object Transfer,5,,#C C places the scrubber pad on the kitchen sink,Logistics step involving placing an object.,r001,Cooking,Gold,,1506.447775266667,ee7bc1e4-fca9-4c23-9b98-63ce27333824
Stationary,5,,#C C rotates his body in a courtyard. #Unsure,"The action describes a body rotation in a stationary position, indicating low overall motion.",r001,Desk Work,Gold,,2.86979,eebb7a06-e9ce-4982-92dc-ec4a5d74d725
Object Transfer,5,,#C C picks a skipping rope on the ground with his left hand.,Logistics step involving picking up an object.,r001,Desk Work,Gold,,14.83751,eebb7a06-e9ce-4982-92dc-ec4a5d74d725
Locomotion,5,Essential Operation,#C C skips with the skipping rope in both hands.,"Body moving through space with a skipping rope, indicating high body acceleration.",r001,Desk Work,Gold,,23.26795,eebb7a06-e9ce-4982-92dc-ec4a5d74d725
Stationary,5,Locomotion,#C C does side bends in the courtyard.,The action involves minimal movement and can be considered as a low-energy activity.,r001,Desk Work,Gold,,71.24987,eebb7a06-e9ce-4982-92dc-ec4a5d74d725
Stationary,5,,#C C scratches his stomach. #Unsure,"Low body/hand motion, likely while seated.",r001,Desk Work,Gold,,345.43274,eebb7a06-e9ce-4982-92dc-ec4a5d74d725
Stationary,5,Locomotion,#C C continues to perform exercise.,"Low body/hand motion, likely minimal movement during exercise in a seated position.",r001,Desk Work,Bad,,1933.26736,eebb7a06-e9ce-4982-92dc-ec4a5d74d725
Search,5,,#C C spins her head #Unsure,"Head movement (spinning), passive hands.",r001,Playing Instrument,Gold,,44.576989600000005,f00d5909-4828-4475-be3a-474b12c9eccf
Stationary,5,Essential Operation,#C C joins more magnetic beads to the new shape,"The action describes a fine manual task that likely involves minimal movement, suggesting a stationary position.",r001,Playing Instrument,Bad,,195.9503596,f00d5909-4828-4475-be3a-474b12c9eccf
Object Transfer,5,,#C C detaches a shapes from the collection of shapes.,Logistics step involving picking up or putting down an object.,r001,Playing Instrument,Gold,,282.2898096,f00d5909-4828-4475-be3a-474b12c9eccf
Object Transfer,5,,#C C drops the shape on the table.,Refined via regex fallback,r001,Playing Instrument,Gold,,417.5569109546634,f00d5909-4828-4475-be3a-474b12c9eccf
Essential Operation,5,Essential Operation,#C C joins the roll to the magnetic bead shape.,Core task involving manual dexterity with the instrument.,r001,Playing Instrument,Gold,,447.2770109546634,f00d5909-4828-4475-be3a-474b12c9eccf
Stationary,5,Essential Operation,#C C joins the roll to the magnetic bead shape.,The action describes a setup or configuration step that likely involves minimal movement.,r001,Playing Instrument,Bad,,483.6865509546634,f00d5909-4828-4475-be3a-474b12c9eccf
Essential Operation,5,Essential Operation,#C C separates a roll of magnetic beads from a cluster.,Core manual task involving high hand activity.,r001,Playing Instrument,Gold,,491.2630509546634,f00d5909-4828-4475-be3a-474b12c9eccf
Essential Operation,5,,#C C squeezes the beads together.,Core task involving high hand activity.,r001,Playing Instrument,Gold,,591.8873209546634,f00d5909-4828-4475-be3a-474b12c9eccf
Stationary,5,Object Transfer,#C C separates the magnetic beads,The action described does not involve significant body or hand movement.,r001,Playing Instrument,Bad,,637.2449909546634,f00d5909-4828-4475-be3a-474b12c9eccf
Object Transfer,5,,#C C joins the magnetic beads together.,"The action involves picking up and joining objects, which is a logistics step.",r001,Playing Instrument,Gold,,914.1344309546636,f00d5909-4828-4475-be3a-474b12c9eccf
Stationary,5,,#C C holds a wire cable,Holding an object with minimal movement.,r001,Carpentry,Gold,,240.67189,f0164f5d-c87e-4296-9e20-2166586c1ebd
Essential Operation,5,,#C C pulls a cable wire,Core manual task involving high hand activity.,r001,Carpentry,Gold,,347.66726,f0164f5d-c87e-4296-9e20-2166586c1ebd
Object Transfer,5,,#C C puts screw driver down on the floor,Logistics step involving placing an object.,r001,Carpentry,Gold,,463.01414,f0164f5d-c87e-4296-9e20-2166586c1ebd
Essential Operation,5,,#C C tights the cables,"Core task involving manual operation, likely with tools.",r001,Carpentry,Gold,,509.96466,f0164f5d-c87e-4296-9e20-2166586c1ebd
Object Transfer,5,,#C C picks a lemon from the plastic bowl,"Logistics step, picking up an object.",r001,Cooking,Gold,,43.6198486,f735d4bb-d65e-4965-ac0d-270c0b9e5993
Object Transfer,5,,#C C puts #unsure on the countertop,"Logistics step, putting an object down.",r001,Cooking,Gold,,62.8180286,f735d4bb-d65e-4965-ac0d-270c0b9e5993
Object Transfer,5,,#C C picks red and yellow pepper from the fridge crisper,Logistics step involving picking up objects.,r001,Cooking,Gold,,66.0663586,f735d4bb-d65e-4965-ac0d-270c0b9e5993
Object Transfer,5,,#C C closes the base counter drawer with his left hand,Logistics action involving the manipulation of a drawer.,r001,Cooking,Gold,,89.31032859999999,f735d4bb-d65e-4965-ac0d-270c0b9e5993
Object Transfer,5,,#C C picks the piece of radicchio from the countertop,Logistics step involving picking up an object.,r001,Cooking,Gold,,119.3612386,f735d4bb-d65e-4965-ac0d-270c0b9e5993
Stationary,5,,#C C holds the onion pieces with both hands,"Low body/hand motion, holding position.",r001,Cooking,Gold,,125.8358286,f735d4bb-d65e-4965-ac0d-270c0b9e5993
Essential Operation,5,,#C C chops the piece of onion on the chopping board,Core task involving repetitive hand movements.,r001,Cooking,Gold,,141.80391859999995,f735d4bb-d65e-4965-ac0d-270c0b9e5993
Object Transfer,5,,#C C removes a slice of onion from the knife with his left hand finger,Logistics step involving the transfer of an object (onion slice).,r001,Cooking,Gold,,187.4210286,f735d4bb-d65e-4965-ac0d-270c0b9e5993
Essential Operation,5,,#C C cuts a piece of onion with the knife,Core task involving manual dexterity and high hand activity.,r001,Cooking,Gold,,203.2626186,f735d4bb-d65e-4965-ac0d-270c0b9e5993
Essential Operation,5,Object Transfer,#C C moves an onion piece on the chopping board with his left hand,Core task involving precise hand movements.,r001,Cooking,Gold,,205.5436186,f735d4bb-d65e-4965-ac0d-270c0b9e5993
Essential Operation,5,Object Transfer,#C C removes pieces of onions from the knife,Core task involving manual dexterity and fine motor skills.,r001,Cooking,Gold,,282.48688928529333,f735d4bb-d65e-4965-ac0d-270c0b9e5993
Essential Operation,5,,#C C cuts the stem of the onion,Core task involving high hand activity.,r001,Cooking,Gold,,315.3325392852933,f735d4bb-d65e-4965-ac0d-270c0b9e5993
Object Transfer,5,,#C C picks a piece of cabbage from the counter,Logistics action of picking up an object.,r001,Cooking,Gold,,366.1951592852933,f735d4bb-d65e-4965-ac0d-270c0b9e5993
Essential Operation,5,,#C C washes the pepper with the running water,Core task involving manual operation with high hand activity.,r001,Cooking,Gold,,739.6554676136719,f735d4bb-d65e-4965-ac0d-270c0b9e5993
Essential Operation,5,,#C C removes the chili seeds with his right hand,Core task involving fine manual dexterity.,r001,Cooking,Gold,,867.7720882616542,f735d4bb-d65e-4965-ac0d-270c0b9e5993
Essential Operation,5,,#C C moves the chili pieces on the chopping board,Core task involving high hand activity.,r001,Cooking,Gold,,938.023058261654,f735d4bb-d65e-4965-ac0d-270c0b9e5993
Object Transfer,5,,#C C moves the chili seeds from the chopping board with the knife,Logistics of moving an object with a tool.,r001,Cooking,Gold,,981.8451582616542,f735d4bb-d65e-4965-ac0d-270c0b9e5993
Essential Operation,5,,#C C removes a chili seed from the knife with his left hand finger,Core task involving fine manual dexterity with the hand.,r001,Cooking,Gold,,985.7519682616542,f735d4bb-d65e-4965-ac0d-270c0b9e5993
Object Transfer,5,,#C C puts the chili seeds on the countertop,Logistics step involving moving an object.,r001,Cooking,Gold,,997.102978261654,f735d4bb-d65e-4965-ac0d-270c0b9e5993
Essential Operation,5,,#C C shakes his hands in the sink,"High hand activity, likely washing or cleaning hands.",r001,Cooking,Gold,,1029.0162882616542,f735d4bb-d65e-4965-ac0d-270c0b9e5993
Object Transfer,5,,#C C picks a seed from the chopping board,Logistics step involving picking up an object.,r001,Cooking,Gold,,1037.381928261654,f735d4bb-d65e-4965-ac0d-270c0b9e5993
Essential Operation,5,,#C C shakes his hand in the sink,"High hand activity, likely related to washing or cleaning hands.",r001,Cooking,Gold,,1058.798368261654,f735d4bb-d65e-4965-ac0d-270c0b9e5993
Object Transfer,5,,#C C picks a chili piece from the chopping board,Logistics step involving picking up an object.,r001,Cooking,Gold,,1091.204318261654,f735d4bb-d65e-4965-ac0d-270c0b9e5993
Essential Operation,5,,#C C chops a chili pepper with a knife,Core task involving repetitive hand movements.,r001,Cooking,Gold,,1245.8406871449215,f735d4bb-d65e-4965-ac0d-270c0b9e5993
Object Transfer,5,,#C C puts the lid on the countertop,Logistics step involving placing an object.,r001,Cooking,Gold,,1319.9562171449218,f735d4bb-d65e-4965-ac0d-270c0b9e5993
Essential Operation,5,,#C C removes a lemon seed with his hand,"Core manual task, high hand activity.",r001,Cooking,Gold,,1562.281657247594,f735d4bb-d65e-4965-ac0d-270c0b9e5993
Stationary,5,,#C C touches the lemon seed with his left hand finger,"Low body/hand motion, focused action with one finger.",r001,Cooking,Gold,,1588.002387247594,f735d4bb-d65e-4965-ac0d-270c0b9e5993
Locomotion,5,Object Transfer,#C C moves the frying pan with his left hand,"The action involves moving an object through space, which can be categorized under locomotion if it implies a significant movement of the body or a heavy object.",r001,Cooking,Bad,,1641.975987144922,f735d4bb-d65e-4965-ac0d-270c0b9e5993
Essential Operation,5,,#C C washes the tomatoes in the sink,Core task involving manual labor with high hand activity.,r001,Cooking,Gold,,1681.3269871449218,f735d4bb-d65e-4965-ac0d-270c0b9e5993
Essential Operation,5,,#C C cuts a tomato with a knife,Core task involving high hand activity.,r001,Cooking,Gold,,1702.970917144922,f735d4bb-d65e-4965-ac0d-270c0b9e5993
Essential Operation,5,,#C C pours cooking oil in the frying pan,Core task involving high hand activity.,r001,Cooking,Gold,,1773.3313071449218,f735d4bb-d65e-4965-ac0d-270c0b9e5993
Object Transfer,5,,#C C closes the oil bottle with his left hand,"Closing an object, involves a specific action with the hand.",r001,Cooking,Gold,,1782.6660671449215,f735d4bb-d65e-4965-ac0d-270c0b9e5993
Object Transfer,5,,#C C puts the wooden spoon on the frying pan,"Logistics/Setup step, short burst of hand activity.",r001,Cooking,Gold,,1811.5728171449216,f735d4bb-d65e-4965-ac0d-270c0b9e5993
Object Transfer,5,,#C C puts the waste in the polythene bag,Logistics step involving moving the waste to the bag.,r001,Cooking,Gold,,1921.5903868195533,f735d4bb-d65e-4965-ac0d-270c0b9e5993
Object Transfer,5,,#C C closes the tap with his right hand,Closing the tap is a logistics step involving a specific action with the hand.,r001,Cooking,Gold,,1963.063156819553,f735d4bb-d65e-4965-ac0d-270c0b9e5993
Essential Operation,5,,#C C rinses his hands in the sink,Core task involving high hand activity.,r001,Cooking,Gold,,1984.5607068195527,f735d4bb-d65e-4965-ac0d-270c0b9e5993
Object Transfer,5,,#C C puts the lid on the frying pan,Logistics step involving the placement of an object.,r001,Cooking,Gold,,2006.6806268195533,f735d4bb-d65e-4965-ac0d-270c0b9e5993
Object Transfer,5,,#C C puts the frying pan lid on the countertop,Logistics/Setup step involving picking up and placing an object.,r001,Cooking,Gold,,2114.220206819554,f735d4bb-d65e-4965-ac0d-270c0b9e5993
Object Transfer,5,,#C C closes the juice bottle cap,Logistics action involving the closure of a bottle cap.,r001,Cooking,Gold,,2258.303076158594,f735d4bb-d65e-4965-ac0d-270c0b9e5993
Essential Operation,5,,#C C rinses his hand in the sink,"Core task involving hand activity, specifically cleaning/washing.",r001,Cooking,Gold,,2266.1202861585944,f735d4bb-d65e-4965-ac0d-270c0b9e5993
Stationary,5,,#C C holds the wooden spoon with his left hand,"Low body/hand motion, holding an object without moving.",r001,Cooking,Gold,,2327.154106158594,f735d4bb-d65e-4965-ac0d-270c0b9e5993
Essential Operation,5,,#C C rinses a knife in the sink,Core manual task involving high hand activity.,r001,Cooking,Gold,,2335.895516158594,f735d4bb-d65e-4965-ac0d-270c0b9e5993
Essential Operation,5,,#C C washes the knife with a washing sponge,Core manual task involving high hand activity.,r001,Cooking,Gold,,2337.179146158594,f735d4bb-d65e-4965-ac0d-270c0b9e5993
Essential Operation,5,,#C C rinses the spoon in the sink,Core task involving manual activity with the hands.,r001,Cooking,Gold,,2374.497616158594,f735d4bb-d65e-4965-ac0d-270c0b9e5993
Essential Operation,5,,#C C washes the cup in the sink,Core task involving high hand activity.,r001,Cooking,Gold,,2378.2414361585943,f735d4bb-d65e-4965-ac0d-270c0b9e5993
Essential Operation,5,,#C C pours egg York in a small bowl,Core task involving high hand activity.,r001,Cooking,,Skip,93.6448796,f9ce56a3-3e9b-4edd-b133-c05eed792ec0
Object Transfer,5,,#C C puts the egg shell in a sink,Logistics step involving moving an object (egg shell) to a specific location (sink).,r001,Cooking,Gold,,184.1204896,f9ce56a3-3e9b-4edd-b133-c05eed792ec0
Object Transfer,5,,#c c fetches flour,Logistics step involving picking up and moving an object.,r001,Cooking,Gold,,479.60010197916665,f9ce56a3-3e9b-4edd-b133-c05eed792ec0
Object Transfer,5,,#c c picks flour,Logistics step involving picking up an object.,r001,Cooking,Gold,,522.7038519791666,f9ce56a3-3e9b-4edd-b133-c05eed792ec0
Object Transfer,5,Essential Operation,#C C opens the bottle of oil,Logistics step involving opening a container.,r001,Cooking,Gold,,584.6557342879968,f9ce56a3-3e9b-4edd-b133-c05eed792ec0
Object Transfer,5,Essential Operation,#C C closes the oil bottle,"Closing an object, which is a logistics step involving short bursts of hand activity.",r001,Cooking,Gold,,605.7775042879967,f9ce56a3-3e9b-4edd-b133-c05eed792ec0
Object Transfer,5,,#C C picks air fryer cooking basket,"Logistics/Setup step, picking up an object.",r001,Cooking,Gold,,633.7568142879968,f9ce56a3-3e9b-4edd-b133-c05eed792ec0
Object Transfer,5,,#C C puts air fryer tray in the air fryer,Logistics step involving placing an object.,r001,Cooking,Gold,,645.7367942879968,f9ce56a3-3e9b-4edd-b133-c05eed792ec0
Object Transfer,5,,#C C moves the measuring cup,Movement of an object from one location to another.,r001,Cooking,Gold,,664.5419642879967,f9ce56a3-3e9b-4edd-b133-c05eed792ec0
Object Transfer,5,,#C C lifts a sieve basket,Logistics step involving picking up an object.,r001,Cooking,Gold,,673.8240242879967,f9ce56a3-3e9b-4edd-b133-c05eed792ec0
Essential Operation,5,,#C C rinses the stainless steel bowl,Core task involving high hand activity.,r001,Cooking,Gold,,676.1317542879967,f9ce56a3-3e9b-4edd-b133-c05eed792ec0
Essential Operation,5,Object Transfer,#C C hits the bowl with the whisk,Core task involving high hand activity.,r001,Cooking,Gold,,744.5552719791666,f9ce56a3-3e9b-4edd-b133-c05eed792ec0
Object Transfer,5,,#C C puts the yogurt cover on the table,"Logistics/Setup step, involves picking up and placing down an object.",r001,Cooking,Gold,,771.5235419791666,f9ce56a3-3e9b-4edd-b133-c05eed792ec0
Object Transfer,5,,#C C puts the bowl on top of a microwave,Logistics step involving picking up and placing an object.,r001,Cooking,Gold,,921.7797242879968,f9ce56a3-3e9b-4edd-b133-c05eed792ec0
Essential Operation,5,,#C C attaches whisks on the electric mixer,Core manual task involving high hand activity.,r001,Cooking,Gold,,942.5605142879969,f9ce56a3-3e9b-4edd-b133-c05eed792ec0
Stationary,5,,#C C holds the electric mixer with both hands,"The action involves holding an object with both hands, indicating a stationary position with low body and hand motion.",r001,Cooking,Gold,,1098.88745762133,f9ce56a3-3e9b-4edd-b133-c05eed792ec0
Search,5,,#C C looks at a flour,"Head movement (visual inspection), hands mostly still.",r001,Cooking,Gold,,1357.4613519791667,f9ce56a3-3e9b-4edd-b133-c05eed792ec0
Search,5,,#C C checks the egg foam thickness,Head and hand movements are focused on checking the state of the egg foam.,r001,Cooking,Gold,,1369.77681762133,f9ce56a3-3e9b-4edd-b133-c05eed792ec0
Essential Operation,5,,#C C pours mixture into a bowl,"Core task involving manual pouring, high hand activity.",r001,Cooking,Gold,,1570.3017119791668,f9ce56a3-3e9b-4edd-b133-c05eed792ec0
Object Transfer,5,,#C C puts down metal bowl,Logistics step involving placing an object down.,r001,Cooking,Gold,,1623.0883119791667,f9ce56a3-3e9b-4edd-b133-c05eed792ec0
Object Transfer,5,,#C C picks an empty bowl,Logistics action involving picking up an object.,r001,Cooking,Gold,,1764.546310954663,f9ce56a3-3e9b-4edd-b133-c05eed792ec0
Essential Operation,5,,#C C collects dough with a cooking stick in steel bowl,Core task involving high hand activity.,r001,Cooking,Gold,,1840.7463719791667,f9ce56a3-3e9b-4edd-b133-c05eed792ec0
Essential Operation,5,,#C C wipes cake mix on the baking tin with her finger,Core manual task involving high hand activity.,r001,Cooking,Gold,,1937.4146609546635,f9ce56a3-3e9b-4edd-b133-c05eed792ec0
Stationary,5,,#C C rotates the baking tin,The action involves a small rotation which is likely to have minimal acceleration and can be considered a low-energy movement.,r001,Cooking,Gold,,1938.258910954664,f9ce56a3-3e9b-4edd-b133-c05eed792ec0
Stationary,5,Essential Operation,#C C wipes her finger with a paper towel,"Low body/hand motion, cleaning action typically involves minimal movement.",r001,Cooking,Bad,,1957.291990954664,f9ce56a3-3e9b-4edd-b133-c05eed792ec0
Locomotion,5,Object Transfer,#C C carries the baking tin,Body moving through space with the baking tin.,r001,Cooking,Bad,,1960.3576909546632,f9ce56a3-3e9b-4edd-b133-c05eed792ec0
Essential Operation,5,,#C C washes both hands,Core task involving high hand activity.,r001,Cooking,Gold,,2039.2264719791667,f9ce56a3-3e9b-4edd-b133-c05eed792ec0
Object Transfer,5,,#C C places the spatula in the sink,Logistics step involving placing an object.,r001,Cooking,Gold,,2171.8682119791665,f9ce56a3-3e9b-4edd-b133-c05eed792ec0
Object Transfer,5,Essential Operation,#C C blocks the drainage,Logistics step involving placement of an object.,r001,Cooking,Gold,,2181.772944287997,f9ce56a3-3e9b-4edd-b133-c05eed792ec0
Object Transfer,5,,#C C Puts down a bottle on the table,Logistics step involving placing an object down.,r001,Mechanical Repair,Gold,,126.95200958632812,fa21a282-6099-45cd-a4a7-39daf7973ec0
Stationary,5,Object Transfer,#C C Shakes a bottle,Shaking a bottle can be a relatively low-energy action if it involves minimal body movement and is primarily hand-based.,r001,Mechanical Repair,Bad,,213.0948195863281,fa21a282-6099-45cd-a4a7-39daf7973ec0
Object Transfer,5,,# CC opens system case,Opening a case is a logistics/assembly step.,r001,Mechanical Repair,Gold,,399.2663510106197,fa21a282-6099-45cd-a4a7-39daf7973ec0
Object Transfer,5,,# C C puts precision screwdriver on table,Logistics step involving placing an object.,r001,Mechanical Repair,Gold,,439.4825910106197,fa21a282-6099-45cd-a4a7-39daf7973ec0
Essential Operation,5,,# C C connects anti-static strap on computer,Core manual task involving precise hand movements.,r001,Mechanical Repair,Gold,,470.2900010106197,fa21a282-6099-45cd-a4a7-39daf7973ec0
Search,5,,#C C looks at the sound system,"Head movement (visual inspection), hands mostly still.",r001,Mechanical Repair,Gold,,562.0107667217449,fa21a282-6099-45cd-a4a7-39daf7973ec0
Search,5,,#C C looks at the plastic paper,"Head movement (visual inspection), hands mostly still.",r001,Mechanical Repair,Gold,,624.9054267217448,fa21a282-6099-45cd-a4a7-39daf7973ec0
Object Transfer,5,,#C C puts the screw on the table,Logistics step involving placing an object.,r001,Mechanical Repair,Gold,,730.2178667217448,fa21a282-6099-45cd-a4a7-39daf7973ec0
Essential Operation,5,,#C C loosens the screw,Core manual task involving high hand activity.,r001,Mechanical Repair,Gold,,787.0317467217449,fa21a282-6099-45cd-a4a7-39daf7973ec0
Object Transfer,5,,#C C puts a bolt on a table,Logistics step involving placing an object.,r001,Mechanical Repair,Gold,,950.1593846939458,fa21a282-6099-45cd-a4a7-39daf7973ec0
Search,5,,#C C checks a pack of bolts,"Head movement (visual search), hands mostly still.",r001,Mechanical Repair,Gold,,964.7860646939458,fa21a282-6099-45cd-a4a7-39daf7973ec0
Essential Operation,5,,#C C inserts a bolt on a cooker,Core manual task involving hand activity.,r001,Mechanical Repair,Gold,,1010.6961646939458,fa21a282-6099-45cd-a4a7-39daf7973ec0
Essential Operation,5,,#C C loosens a bolt on a cooker,"Core manual task involving manipulation, high hand activity.",r001,Mechanical Repair,Gold,,1170.5988462529947,fa21a282-6099-45cd-a4a7-39daf7973ec0
Object Transfer,5,,#C C picks a bolt on a bolt holder,Logistics step of picking up an object.,r001,Mechanical Repair,Gold,,1341.658116252995,fa21a282-6099-45cd-a4a7-39daf7973ec0
Essential Operation,5,,#C C inserts a bolt on a chuck,Core manual task involving precise hand movements.,r001,Mechanical Repair,Gold,,1374.742611729415,fa21a282-6099-45cd-a4a7-39daf7973ec0
Essential Operation,5,,#C C tightens a bolt on a cassette,Core manual task involving high hand activity.,r001,Mechanical Repair,Gold,,1502.4949717294153,fa21a282-6099-45cd-a4a7-39daf7973ec0
Object Transfer,5,,#C C picks a towel on a table,Logistics step involving picking up an object.,r001,Mechanical Repair,Gold,,1552.5318517294152,fa21a282-6099-45cd-a4a7-39daf7973ec0
Stationary,5,Object Transfer,#C C shakes a bottle of spray,Shaking a bottle can be a stationary action with minimal body movement.,r001,Mechanical Repair,Bad,,1570.034131729415,fa21a282-6099-45cd-a4a7-39daf7973ec0
Essential Operation,5,,#C C sprays the speaker,Core task involving high hand activity.,r001,Mechanical Repair,Gold,,1571.3122117294151,fa21a282-6099-45cd-a4a7-39daf7973ec0
Stationary,5,Object Transfer,#C C moves a towel on a table,"The action involves moving a towel on a table, which likely involves minimal body movement and low energy expenditure.",r001,Mechanical Repair,Bad,,1598.3267517294153,fa21a282-6099-45cd-a4a7-39daf7973ec0
Object Transfer,5,,#C C moves a n empty box on a table,Logistics step involving moving an object.,r001,Mechanical Repair,Gold,,1684.1991795391275,fa21a282-6099-45cd-a4a7-39daf7973ec0
Object Transfer,5,Essential Operation,#C C puts a bolt on a screwdriver,"Logistics/Setup step, short burst of hand activity.",r001,Mechanical Repair,Gold,,1719.8794795391275,fa21a282-6099-45cd-a4a7-39daf7973ec0
Search,5,,#C C checks in a speaker,"Head movement (visual inspection), hands mostly still.",r001,Mechanical Repair,Gold,,1732.4403795391277,fa21a282-6099-45cd-a4a7-39daf7973ec0
Object Transfer,5,,#C C puts the cloth on the floor,Logistics step involving placing an object.,r001,Mechanical Repair,Gold,,110.5905986,fa6e5f70-d4d9-49a7-9d74-d19bf127df55
Object Transfer,5,,#C C picks the cloth in the drawer,Logistics step involving picking up an object.,r001,Mechanical Repair,Gold,,132.64160859999998,fa6e5f70-d4d9-49a7-9d74-d19bf127df55
Object Transfer,5,,#C C puts the cloth on the lap,Logistics step involving placing an object (cloth).,r001,Mechanical Repair,Gold,,184.4414086,fa6e5f70-d4d9-49a7-9d74-d19bf127df55
Object Transfer,5,,#C C picks the cloth in the floor,Logistics step involving picking up an object.,r001,Mechanical Repair,Gold,,221.5534086,fa6e5f70-d4d9-49a7-9d74-d19bf127df55
Object Transfer,5,,#C C puts the cloth on the hanger,Logistics step involving placing an object.,r001,Mechanical Repair,Gold,,264.0578686,fa6e5f70-d4d9-49a7-9d74-d19bf127df55
Locomotion,5,Object Transfer,#C C pushes the clothes,"Body moving through space (pushing), high body acceleration.",r001,Mechanical Repair,Bad,,333.2207418861328,fa6e5f70-d4d9-49a7-9d74-d19bf127df55
Object Transfer,5,,#C C picks a cloth on the hanger in the wardrobe,Logistics step involving picking up an object.,r001,Mechanical Repair,Gold,,361.6000418861328,fa6e5f70-d4d9-49a7-9d74-d19bf127df55
Stationary,5,,#C C touches the clothes on the hanger in the wardrobe,"Low body/hand motion, likely inspecting or feeling the clothes.",r001,Mechanical Repair,Gold,,377.0235118861328,fa6e5f70-d4d9-49a7-9d74-d19bf127df55
Stationary,5,,#C C touches the phone screen,"Low body/hand motion, likely involves fine motor skills with minimal movement.",r001,Mechanical Repair,Gold,,455.6464018861328,fa6e5f70-d4d9-49a7-9d74-d19bf127df55
Object Transfer,5,,#C C picks a small motorcycle disc in a bag from a plastic bag with both hands.,Logistics step involving picking up an object.,r001,Mechanical Repair,Gold,,7.76279,fa8a5802-fc36-488d-b646-9831f6afeea5
Object Transfer,5,,#C C opens the bag of the first motorcycle disc with both hands.,Logistics/Setup step (opening a bag).,r001,Mechanical Repair,Gold,,43.76836,fa8a5802-fc36-488d-b646-9831f6afeea5
Essential Operation,5,,#C C turns the first small motorcycle disc in both hands.,High hand activity as C manipulates the motorcycle disc.,r001,Mechanical Repair,Gold,,48.24775,fa8a5802-fc36-488d-b646-9831f6afeea5
Object Transfer,5,,#C C picks a hand drilling machine from the car lift with his right hand.,"The action involves picking up an object, which is a logistics step.",r001,Mechanical Repair,Gold,,110.676,fa8a5802-fc36-488d-b646-9831f6afeea5
Stationary,5,Essential Operation,#C C switches on the flash light.,"Low body/hand motion, likely involves minimal physical movement.",r001,Mechanical Repair,Bad,,164.74993,fa8a5802-fc36-488d-b646-9831f6afeea5
Essential Operation,5,,#C C screws the bolt into the motorcycle part with the bolt tightener.,Core manual task involving high hand activity.,r001,Mechanical Repair,Gold,,209.99014,fa8a5802-fc36-488d-b646-9831f6afeea5
Essential Operation,5,,#C C tightens other bolts with the bolt tightener in both hands.,Core manual task involving high hand activity.,r001,Mechanical Repair,Gold,,224.14987,fa8a5802-fc36-488d-b646-9831f6afeea5
Stationary,5,,#C C holds the motorcycle tire with his left hand.,"The action involves holding an object, which implies low motion.",r001,Mechanical Repair,Gold,,264.61656,fa8a5802-fc36-488d-b646-9831f6afeea5
Essential Operation,5,,#C C tightens the nuts in the motorcycle wheel with the hand drilling machine in his right hand.,Core manual task involving high hand activity with a tool.,r001,Mechanical Repair,Gold,,264.79413,fa8a5802-fc36-488d-b646-9831f6afeea5
Locomotion,5,Object Transfer,#C C moves a rod.,"Movement of the body through space, likely involves significant body acceleration.",r001,Mechanical Repair,Bad,,315.2172,fa8a5802-fc36-488d-b646-9831f6afeea5
Essential Operation,5,,#C C attaches the bolt screw to the motorcycle tire.,Core manual task involving hand activity.,r001,Mechanical Repair,Gold,,377.64676,fa8a5802-fc36-488d-b646-9831f6afeea5
Object Transfer,5,,#C C picks a gasket. #unsure,Logistics step of picking up an object.,r001,Mechanical Repair,Gold,,461.62056,fa8a5802-fc36-488d-b646-9831f6afeea5
Object Transfer,5,Essential Operation,#C C opens the package with the screw driver in his right gloved hand.,"The action involves opening a package, which is a logistics step involving the transfer of an object.",r001,Mechanical Repair,Bad,,592.2717866666667,fa8a5802-fc36-488d-b646-9831f6afeea5
Essential Operation,5,,#C C screws the motorcycle sprocket chain with the nut in both gloved hands.,Core manual task involving high hand activity.,r001,Mechanical Repair,Gold,,603.0907566666667,fa8a5802-fc36-488d-b646-9831f6afeea5
Essential Operation,5,,#C C attaches the sprocket chain to the motorcycle sprocket with both gloved hands.,Core manual task involving high hand activity.,r001,Mechanical Repair,Gold,,607.6721966666667,fa8a5802-fc36-488d-b646-9831f6afeea5
Object Transfer,5,,#C C picks the sprocket chain from the metal with his right gloved hand.,"The action involves picking up an object, which is a logistics step.",r001,Mechanical Repair,Gold,,647.9558966666667,fa8a5802-fc36-488d-b646-9831f6afeea5
Essential Operation,5,,#C C screws the motorcycle sprocket chain with the ratchet in his right gloved hand.,Core manual task involving high hand activity.,r001,Mechanical Repair,Gold,,654.1462666666666,fa8a5802-fc36-488d-b646-9831f6afeea5
Essential Operation,5,,#C C attaches the sprocket chain to the motorcycle sprocket with his left gloved hand.,Core manual task involving precise hand movements.,r001,Mechanical Repair,Gold,,762.4769766666667,fa8a5802-fc36-488d-b646-9831f6afeea5
Stationary,5,,#C C holds the motorcycle sprocket chain with both gloved hands.,"The action describes holding an object, which involves minimal motion.",r001,Mechanical Repair,Gold,,823.3927466666667,fa8a5802-fc36-488d-b646-9831f6afeea5
Essential Operation,5,,#C C screws the motorcycle sprocket with the plier in his right gloved hand.,Core manual task involving high hand activity.,r001,Mechanical Repair,Gold,,849.6904466666667,fa8a5802-fc36-488d-b646-9831f6afeea5
Stationary,5,,#C C holds the motorcycle sprocket with both gloved hands.,"Low body/hand motion, holding an object.",r001,Mechanical Repair,Gold,,857.0433466666666,fa8a5802-fc36-488d-b646-9831f6afeea5
Essential Operation,5,,#C C cleans the glasses with his right gloved hand.,Core manual task involving high hand activity.,r001,Mechanical Repair,Gold,,933.4000566666666,fa8a5802-fc36-488d-b646-9831f6afeea5
Essential Operation,5,,#C C files the motorcycle sprocket with the grinder in his both gloved hands.,Core manual task with high hand activity.,r001,Mechanical Repair,Gold,,945.2329666666668,fa8a5802-fc36-488d-b646-9831f6afeea5
Stationary,5,,#C C holds the grinder cable with his left gloved hand.,"The action describes holding an object, which indicates a low-energy, static posture.",r001,Mechanical Repair,Gold,,969.6586766666668,fa8a5802-fc36-488d-b646-9831f6afeea5
Object Transfer,5,Essential Operation,#C C opens the package with the screwdriver in his right gloved hand.,"The action involves opening a package, which is a logistics step.",r001,Mechanical Repair,Bad,,1001.7187666666666,fa8a5802-fc36-488d-b646-9831f6afeea5
Stationary,5,,#C C holds the nut with his both gloved hand. #Unsure,"The action describes holding an object with hands, indicating low movement.",r001,Mechanical Repair,Gold,,1046.9930766666666,fa8a5802-fc36-488d-b646-9831f6afeea5
Essential Operation,5,,#C C sticks the glue to the motorcycle sprocket with his right gloved hand.,Core manual task involving high hand activity.,r001,Mechanical Repair,Gold,,1114.5808433333334,fa8a5802-fc36-488d-b646-9831f6afeea5
Object Transfer,5,,#C C passes the cloth from his right gloved hand to his left gloved hand.,The action involves passing an object (cloth) from one hand to the other.,r001,Mechanical Repair,Gold,,1138.4121333333333,fa8a5802-fc36-488d-b646-9831f6afeea5
Essential Operation,5,,#C C screws the motorcycle sprocket with the plier in both gloved hand.,Core manual task involving high hand activity.,r001,Mechanical Repair,Gold,,1171.7521333333334,fa8a5802-fc36-488d-b646-9831f6afeea5
Essential Operation,5,,#C C rolls the motorcycle tyre with his right gloved hand.,Core task involving high hand activity.,r001,Mechanical Repair,Gold,,1253.0352733333334,fa8a5802-fc36-488d-b646-9831f6afeea5
Stationary,5,,#C C touches the motorcycle sprocket with his left gloved hand.,"Low body/hand motion, likely inspecting or feeling the sprocket without movement.",r001,Mechanical Repair,Gold,,1261.135813333333,fa8a5802-fc36-488d-b646-9831f6afeea5
Stationary,5,,#C C holds the motorcycle chassis with his right gloved hand.,"Low body/hand motion, holding position.",r001,Mechanical Repair,Gold,,1309.195603333333,fa8a5802-fc36-488d-b646-9831f6afeea5
Stationary,5,,#C C holds the motorcycle tyre with his both gloved hands.,"Holding an object with hands, minimal movement.",r001,Mechanical Repair,Gold,,1346.545843333333,fa8a5802-fc36-488d-b646-9831f6afeea5
Essential Operation,5,,#C C screws the motorcycle muffler with the ratchet in his right gloved hand.,Core manual task involving high hand activity.,r001,Mechanical Repair,Gold,,1366.6359133333333,fa8a5802-fc36-488d-b646-9831f6afeea5
Object Transfer,5,,#C C drops the ratchet on a metal with his right gloved hand.,"[CtxFixed] The action of dropping the ratchet onto the metal surface indicates a deliberate placement of the object, which fits the criteria for 'Object Transfer'.",r001,Mechanical Repair,Gold,,1373.9671233333331,fa8a5802-fc36-488d-b646-9831f6afeea5
Object Transfer,5,,#C C picks metals from the workbench drawer with his left gloved hand.,Logistics step involving picking up objects.,r001,Mechanical Repair,Gold,,1403.4425633333333,fa8a5802-fc36-488d-b646-9831f6afeea5
Object Transfer,5,,#C C drops the plier on the metal with his left gloved hand.,"[CtxFixed] The action of dropping the plier onto the metal surface is a deliberate placement, which fits the criteria for 'Object Transfer'.",r001,Mechanical Repair,Gold,,1457.7941033333334,fa8a5802-fc36-488d-b646-9831f6afeea5
Locomotion,5,,#C C walks towards the workbench.,"Movement through space, high body acceleration.",r001,Mechanical Repair,Gold,,1551.8945233333334,fa8a5802-fc36-488d-b646-9831f6afeea5
Object Transfer,5,,#C C drops the hammer on the workbench with his left gloved hand.,"[CtxFixed] The action of dropping the hammer onto the workbench appears to be a deliberate placement rather than a mistake, as it is being performed in a controlled manner and placed on a specific surface.",r001,Mechanical Repair,Gold,,1571.0368133333334,fa8a5802-fc36-488d-b646-9831f6afeea5
Object Transfer,5,,#C C drops the tissue on the metal with his right gloved hand.,"[CtxFixed] The action of dropping the tissue onto the metal surface indicates a deliberate placement, which fits the criteria for 'Object Transfer'.",r001,Mechanical Repair,Gold,,1626.391448,fa8a5802-fc36-488d-b646-9831f6afeea5
Stationary,5,,#C C holds the motorcycle mudguard with his left gloved hand.,"Low body/hand motion, holding an object.",r001,Mechanical Repair,Gold,,1654.71187,fa8a5802-fc36-488d-b646-9831f6afeea5
Essential Operation,5,,#C C cleans both gloved hands with the tissue.,Core task involving high hand activity.,r001,Mechanical Repair,Gold,,1700.18161,fa8a5802-fc36-488d-b646-9831f6afeea5
Stationary,5,,#C C raises both gloved hands up.,Raising hands and holding a position indicates low body motion.,r001,Mechanical Repair,Gold,,1707.8086,fa8a5802-fc36-488d-b646-9831f6afeea5
Locomotion,5,Essential Operation,#C C vacuums the stairs with a vacuum cleaner,Body moving through space while performing a cleaning task with a vacuum cleaner.,r001,Cleaning,Bad,,37.7606986,fd878068-4a9a-458d-9225-fe4865907f0a
Locomotion,5,Essential Operation,#C C vacuums the room with a vacuum cleaner,Body moving through space while performing a task that involves movement.,r001,Cleaning,Bad,,179.57291859999998,fd878068-4a9a-458d-9225-fe4865907f0a
Object Transfer,5,,#C C carriers the vacuum cleaner,Logistics step of moving the vacuum cleaner.,r001,Cleaning,Gold,,219.1175586,fd878068-4a9a-458d-9225-fe4865907f0a
Object Transfer,5,,#C C puts the mats on the floor,Logistics step involving picking up and placing objects.,r001,Cleaning,Gold,,266.1123986,fd878068-4a9a-458d-9225-fe4865907f0a
Locomotion,5,,#C C walks in of the washroom,Body moving through space (walking).,r001,Cleaning,Gold,,316.1276701258789,fd878068-4a9a-458d-9225-fe4865907f0a
Object Transfer,5,,#C C pulls his hand off the watch,"[CtxFixed] The action of pulling his hand off the watch indicates a deliberate movement to release the watch, which involves transferring the state of holding the object to not holding it.",r001,Cleaning,Gold,,326.84193012587895,fd878068-4a9a-458d-9225-fe4865907f0a
