video_uid,timestamp_sec,narration_text,scenario,action,reasoning,status,batch,round
053ae0a6-937d-4bdc-8001-d3dfe7899811,22.62115,#C C rides the motorcycle on the road.,Walking Outdoors,Locomotion,Body moving through space at a steady pace.,silver,7,r001
053ae0a6-937d-4bdc-8001-d3dfe7899811,1152.6007033333333,#O The man X comes down from his bike.,Walking Outdoors,Locomotion,"Body moving through space, transitioning from one mode of movement to another.",silver,7,r001
053ae0a6-937d-4bdc-8001-d3dfe7899811,1186.6582733333337,#C C rides his motorcycle on the road.,Walking Outdoors,Locomotion,"Body moving through space, high body acceleration.",silver,7,r001
053ae0a6-937d-4bdc-8001-d3dfe7899811,1269.7482433333334,#C C rides his motorcycle to the left.,Walking Outdoors,Locomotion,"Body moving through space, high body acceleration.",silver,7,r001
053ae0a6-937d-4bdc-8001-d3dfe7899811,1925.9038966666667,#C C drives to the left.,Walking Outdoors,Locomotion,"Body moving through space, indicative of movement or travel.",silver,7,r001
053ae0a6-937d-4bdc-8001-d3dfe7899811,2258.1474700000003,#O The man X covers the seat of the scooter with his right hand.,Walking Outdoors,Locomotion,"The action is part of a larger movement (walking outdoors), indicating high body acceleration.",silver,7,r001
053ae0a6-937d-4bdc-8001-d3dfe7899811,2577.1569400000003,#C C rides the motorcycle to the right.,Walking Outdoors,Locomotion,Body moving through space (riding a motorcycle).,silver,7,r001
053ae0a6-937d-4bdc-8001-d3dfe7899811,2918.3413493333333,#C C parks the motorcycle. #unsure,Walking Outdoors,Locomotion,"The action involves the body moving through space to park a motorcycle, which is a form of locomotion.",silver,7,r001
0793bbe0-b8d5-4d46-9f02-c71d1bd4fad2,83.91212859999999,# X x eats # #unsure,Cooking,Stationary,"Low body/hand motion, typically involves chewing and swallowing.",silver,7,r001
0793bbe0-b8d5-4d46-9f02-c71d1bd4fad2,93.4079386,# X x wakes up,Cooking,Stationary,"Low body/hand motion, indicative of waking up or transitioning to a stationary state.",silver,7,r001
0793bbe0-b8d5-4d46-9f02-c71d1bd4fad2,99.2783386,# X x seats on couch,Cooking,Stationary,"Low body/hand motion, sitting on a couch.",silver,7,r001
0793bbe0-b8d5-4d46-9f02-c71d1bd4fad2,146.4123286,# X x operates on phone,Cooking,Stationary,"Low body/hand motion, likely involves holding the phone and interacting with it.",silver,7,r001
0793bbe0-b8d5-4d46-9f02-c71d1bd4fad2,357.14401197916663,#C C moves out of the room.,Cooking,Locomotion,Body moving through space (walking out of the room).,silver,7,r001
0793bbe0-b8d5-4d46-9f02-c71d1bd4fad2,789.9059352666667,# X x coughs,Cooking,Stationary,"Low body/hand motion, brief action.",silver,7,r001
0793bbe0-b8d5-4d46-9f02-c71d1bd4fad2,801.9419952666667,# X x operates tv using phone,Cooking,Stationary,Operating a TV using a phone likely involves minimal body movement and could be considered a low-energy activity.,silver,7,r001
0793bbe0-b8d5-4d46-9f02-c71d1bd4fad2,924.1981853125,#O man A scratches his arm,Cooking,Stationary,"Low body/hand motion, likely idle action.",silver,7,r001
0793bbe0-b8d5-4d46-9f02-c71d1bd4fad2,1116.5750752666663,# X x scrolls tv using laptop,Cooking,Stationary,"Low body/hand motion, primarily finger movements on a device.",silver,7,r001
0793bbe0-b8d5-4d46-9f02-c71d1bd4fad2,1234.0059852666666,# C c scrolls phone,Cooking,Stationary,"Low body/hand motion, likely involves minor finger movements.",silver,7,r001
0793bbe0-b8d5-4d46-9f02-c71d1bd4fad2,1287.6258952666667,# C c puts phone on couch,Cooking,Object Transfer,Logistics step of placing an object.,silver,7,r001
0793bbe0-b8d5-4d46-9f02-c71d1bd4fad2,1629.354461979167,#O A person T rubs his feet together,Cooking,Stationary,"Low body/hand motion, rubbing feet together while stationary.",silver,7,r001
0793bbe0-b8d5-4d46-9f02-c71d1bd4fad2,2003.9232652666665,# X x stretches,Cooking,Stationary,"Low body/hand motion, likely involves minimal movement.",silver,7,r001
0793bbe0-b8d5-4d46-9f02-c71d1bd4fad2,2367.6271552666667,# C c laughs,Cooking,Stationary,"Low body/hand motion, likely involves only head and vocal activity.",silver,7,r001
0793bbe0-b8d5-4d46-9f02-c71d1bd4fad2,3347.3494142879968,#c c cuts fish,Cooking,Essential Operation,"Core task, high hand activity.",silver,7,r001
0793bbe0-b8d5-4d46-9f02-c71d1bd4fad2,3409.8941042879965,#c c takes fish,Cooking,Object Transfer,Logistics/Setup step.,silver,7,r001
0793bbe0-b8d5-4d46-9f02-c71d1bd4fad2,3413.175044287997,#c c washes fish,Cooking,Essential Operation,"Core task, high hand activity.",silver,7,r001
0c892917-34b9-4344-a8cf-d04ff885dc86,118.1827686,#C C sets on a wash machine,Cleaning,Stationary,Setting an object typically involves minimal movement after the object is placed.,silver,7,r001
0dedbbb0-d1a4-4231-a980-2b43acc08cb2,36.5160286,#C C takes a step,Gardening,Locomotion,"Movement through space, indicative of walking or stepping.",silver,7,r001
0dedbbb0-d1a4-4231-a980-2b43acc08cb2,52.9780286,#C C tears the paper towel,Gardening,Essential Operation,"Core task involving manual dexterity, high hand activity.",silver,7,r001
0dedbbb0-d1a4-4231-a980-2b43acc08cb2,56.3140286,#C C folds the paper towel,Gardening,Stationary,The action of folding a paper towel is a fine motor task that does not involve significant movement of the body or hands.,silver,7,r001
0dedbbb0-d1a4-4231-a980-2b43acc08cb2,60.8160286,#C C holds the plant thermometer,Gardening,Stationary,"Low body/hand motion, holding an object without moving.",silver,7,r001
0dedbbb0-d1a4-4231-a980-2b43acc08cb2,135.2583886,#C C looks at the plant thermometer,Gardening,Search,"Head movement (visual inspection), hands mostly still.",silver,7,r001
0dedbbb0-d1a4-4231-a980-2b43acc08cb2,177.84002859999998,#C C puts the plant thermometer in the soil,Gardening,Object Transfer,Logistics action of placing an object in a specific location.,silver,7,r001
0dedbbb0-d1a4-4231-a980-2b43acc08cb2,185.1322286,#C C pulls the plant thermometer,Gardening,Stationary,"The action involves holding and possibly reading the thermometer, which implies minimal body movement.",silver,7,r001
0dedbbb0-d1a4-4231-a980-2b43acc08cb2,189.3280286,#C C wipes the plant thermometer with a paper towel,Gardening,Essential Operation,Core task involving manual activity with the hands.,silver,7,r001
0dedbbb0-d1a4-4231-a980-2b43acc08cb2,258.6900286,#C C shakes the potted plant,Gardening,Essential Operation,"[CtxFixed] Shaking the potted plant does not fit into the categories of Locomotion, Object Transfer, Search, or Stationary. It is an action that seems to serve a specific purpose, such as checking the plant's condition or removing excess water, which falls under Essential Operation.",silver,7,r001
0dedbbb0-d1a4-4231-a980-2b43acc08cb2,270.9780286,#C C picks the potted plant,Gardening,Object Transfer,Logistics/Setup step involving picking up an object.,silver,7,r001
0dedbbb0-d1a4-4231-a980-2b43acc08cb2,293.5280394185429,#C C puts hands on lap,Gardening,Stationary,"Low body/hand motion, indicative of a resting or idle state.",silver,7,r001
0dedbbb0-d1a4-4231-a980-2b43acc08cb2,413.6370394185429,#C C moves pebbles,Gardening,Object Transfer,"Logistics of moving pebbles, short bursts of hand activity.",silver,7,r001
0dedbbb0-d1a4-4231-a980-2b43acc08cb2,531.7723727518763,#C C rotates the plant,Gardening,Search,"Head/Hand movement (rotation), likely for visual inspection.",silver,7,r001
0dedbbb0-d1a4-4231-a980-2b43acc08cb2,744.7293582712241,#C C lifts plant leaves,Gardening,Search,"The action involves looking under plant leaves, which requires head and possibly hand movements to inspect but does not involve significant body movement.",silver,7,r001
0dedbbb0-d1a4-4231-a980-2b43acc08cb2,831.300358271224,#C C lifts right hand,Gardening,Stationary,The action describes a single hand movement which is likely isolated and does not involve continuous motion or high activity.,silver,7,r001
0f39b336-3e41-4305-9325-bb9cd74b8146,0.3256452666666666,#C C holds a cycling helmet,Cooking,Stationary,Holding an object without movement.,silver,7,r001
0f39b336-3e41-4305-9325-bb9cd74b8146,1.1484852666666665,#C C turns a cycling helmet,Cooking,Stationary,Turning an object typically involves low body and hand motion.,silver,7,r001
0f39b336-3e41-4305-9325-bb9cd74b8146,9.376495266666666,#C C touches a bicycle,Cooking,Stationary,"Low body/hand motion, likely inspecting or touching the bicycle without moving it.",silver,7,r001
0f39b336-3e41-4305-9325-bb9cd74b8146,187.29794526666663,#C C stops a bicycle,Cooking,Locomotion,Stopping involves body movement through space.,silver,7,r001
0f39b336-3e41-4305-9325-bb9cd74b8146,233.22405526666665,#C C removes a food from a backpack,Cooking,Object Transfer,"Logistics step, moving an object from one place to another.",silver,7,r001
0f39b336-3e41-4305-9325-bb9cd74b8146,294.05069526666665,#C C reads the label,Cooking,Search,"Head movement (reading), passive hands.",silver,7,r001
0f39b336-3e41-4305-9325-bb9cd74b8146,326.9606952666667,#C C puts the electric jug down,Cooking,Object Transfer,Logistics step involving placing an object.,silver,7,r001
0f39b336-3e41-4305-9325-bb9cd74b8146,409.5469852666667,#C C picks up the cup,Cooking,Object Transfer,Logistics step involving picking up an object.,silver,7,r001
0f39b336-3e41-4305-9325-bb9cd74b8146,504.2146952666666,#C C scoops some #unsure,Cooking,Essential Operation,"Core task involving hand movement, likely scooping or transferring ingredients.",silver,7,r001
0f39b336-3e41-4305-9325-bb9cd74b8146,547.6026952666666,#C C picks up the water,Cooking,Object Transfer,Logistics step involving picking up an object.,silver,7,r001
0f39b336-3e41-4305-9325-bb9cd74b8146,565.5443952666666,#C C adjusts legs.,Cooking,Stationary,"Low body/hand motion, possibly adjusting posture while stationary.",silver,7,r001
0f39b336-3e41-4305-9325-bb9cd74b8146,580.7150952666666,#C C operates a television with a remote control.,Cooking,Object Transfer,"Operating a remote control involves picking it up, pressing buttons, and potentially putting it down.",silver,7,r001
0f39b336-3e41-4305-9325-bb9cd74b8146,676.1729252666667,#C C adjusts phone.,Cooking,Search,"Head movement (visual search), hands mostly still.",silver,7,r001
0f39b336-3e41-4305-9325-bb9cd74b8146,851.6477852666666,#C C lifts the hand up,Cooking,Stationary,"Low body/hand motion, likely a preparatory or idle action.",silver,7,r001
0f39b336-3e41-4305-9325-bb9cd74b8146,944.6370352666664,#C C picks the water bottle on the floor,Cooking,Object Transfer,Logistics step involving picking up an object.,silver,7,r001
0f39b336-3e41-4305-9325-bb9cd74b8146,1336.3476619333333,#C C picks up the mug,Cooking,Object Transfer,Logistics action involving picking up an object.,silver,7,r001
0f39b336-3e41-4305-9325-bb9cd74b8146,2215.1409686,#C C adjusts a chair.,Cooking,Stationary,Adjusting a chair involves minimal movement and is likely done while standing still.,silver,7,r001
0f39b336-3e41-4305-9325-bb9cd74b8146,2243.1309686000004,#C C eats apple.,Cooking,Stationary,"Low body/hand motion, eating is a relatively stationary activity.",silver,7,r001
0f39b336-3e41-4305-9325-bb9cd74b8146,2272.0402586,#C C adjusts camera on the head.,Cooking,Search,"Head movement (adjusting), hands mostly still.",silver,7,r001
13dbccdf-ab84-42ee-ba1c-40cb158b8733,12.52408,#C C removes switch from the bag,Carpentry,Object Transfer,Logistics step involving picking up or removing an object.,silver,7,r001
13dbccdf-ab84-42ee-ba1c-40cb158b8733,15.07163,#C C picks the switch part,Carpentry,Object Transfer,Logistics step of picking up an object.,silver,7,r001
13dbccdf-ab84-42ee-ba1c-40cb158b8733,174.16555,#C C inspects a wire,Carpentry,Search,"Head movement (inspection), hands mostly still.",silver,7,r001
13dbccdf-ab84-42ee-ba1c-40cb158b8733,204.63287,#C C fixes wire on the switch,Carpentry,Essential Operation,Core task involving manual operation with hands.,silver,7,r001
13dbccdf-ab84-42ee-ba1c-40cb158b8733,394.59093,#O a man X sweeps the floor,Carpentry,Locomotion,"Body moving through space while performing a sweeping action, indicating movement and potentially high body acceleration.",silver,7,r001
13dbccdf-ab84-42ee-ba1c-40cb158b8733,450.93552,#C C stares down,Carpentry,Stationary,"Low body/hand motion, focused gaze.",silver,7,r001
13dbccdf-ab84-42ee-ba1c-40cb158b8733,514.4902999999999,#C C fixes the wire,Carpentry,Essential Operation,Core manual task involving high hand activity.,silver,7,r001
13dbccdf-ab84-42ee-ba1c-40cb158b8733,638.6281666666666,#C C fixes the switch,Carpentry,Essential Operation,"[CtxFixed] The action of 'fixing the switch' is a deliberate attempt to correct or maintain functionality, which falls under the category of Essential Operation.",silver,7,r001
13dbccdf-ab84-42ee-ba1c-40cb158b8733,682.2359366666667,#C C kneels down,Carpentry,Stationary,"The action of kneeling down is a change in posture, but it does not involve significant body or hand motion.",silver,7,r001
13dbccdf-ab84-42ee-ba1c-40cb158b8733,773.2882466666667,#C C inspects the switch,Carpentry,Search,"Head movement (inspection), hands mostly still.",silver,7,r001
13dbccdf-ab84-42ee-ba1c-40cb158b8733,918.2049966666666,#C C walks around the apartment,Carpentry,Locomotion,"Body moving through space, high body acceleration.",silver,7,r001
13dbccdf-ab84-42ee-ba1c-40cb158b8733,978.7965066666668,#C C holds the spirit level,Carpentry,Stationary,"Low body/hand motion, holding an object without movement.",silver,7,r001
13dbccdf-ab84-42ee-ba1c-40cb158b8733,980.8430466666666,#C C holds spirit level on the wall,Carpentry,Stationary,Low body/hand motion while holding the spirit level.,silver,7,r001
13dbccdf-ab84-42ee-ba1c-40cb158b8733,985.5620166666666,#C C puts spirit level down,Carpentry,Object Transfer,Logistics step involving placing an object down.,silver,7,r001
181cfd16-4777-43a3-a0b2-136b4a1cc348,18.54409,#O a man Y rides a horse,Playing Instrument,Locomotion,"The action describes movement through space, which corresponds to locomotion.",silver,7,r001
181cfd16-4777-43a3-a0b2-136b4a1cc348,27.84,#O a man X rides a horse,Playing Instrument,Locomotion,"The action involves movement through space, characteristic of locomotion.",silver,7,r001
181cfd16-4777-43a3-a0b2-136b4a1cc348,92.71731,#O a man U follows W,Playing Instrument,Locomotion,"[CtxFixed] The current action describes a man following another person, which is a form of movement or travel. Therefore, it fits best under the 'Locomotion' category.",silver,7,r001
181cfd16-4777-43a3-a0b2-136b4a1cc348,263.05456,#O a man X sits on a horse,Playing Instrument,Stationary,"The action describes sitting on a horse, which is a stationary activity with minimal movement.",silver,7,r001
181cfd16-4777-43a3-a0b2-136b4a1cc348,409.13331,#O a lady O stands besides C,Playing Instrument,Stationary,"The action describes a person standing still, indicating low body motion.",silver,7,r001
181cfd16-4777-43a3-a0b2-136b4a1cc348,477.34719,#O a man L sits on the car,Playing Instrument,Stationary,"The action describes a person sitting, which is a low-energy, stationary activity.",silver,7,r001
181cfd16-4777-43a3-a0b2-136b4a1cc348,502.86,#O a man K walks around,Playing Instrument,Locomotion,The action describes movement through space.,silver,7,r001
181cfd16-4777-43a3-a0b2-136b4a1cc348,617.1136133333333,#o a man V walks around the parking,Playing Instrument,Locomotion,"The action describes movement through space, indicating walking.",silver,7,r001
181cfd16-4777-43a3-a0b2-136b4a1cc348,670.5193833333333,#O a man U stands by the door of a car,Playing Instrument,Stationary,"The action describes a person standing still, indicating low body and hand motion.",silver,7,r001
181cfd16-4777-43a3-a0b2-136b4a1cc348,701.3459133333333,#O a man T walks around the parking,Playing Instrument,Locomotion,"The action describes movement through space, indicating walking.",silver,7,r001
1cccdb19-2eb3-4ab7-ab74-58c9b425a68c,40.2020286,#C C cuts a piece of the tissue,Cleaning,Essential Operation,Core task involving manual operation with hands.,silver,7,r001
1cccdb19-2eb3-4ab7-ab74-58c9b425a68c,109.9310286,#C C puts the bottle down,Cleaning,Object Transfer,"Logistics/Setup step, putting an object down.",silver,7,r001
1cccdb19-2eb3-4ab7-ab74-58c9b425a68c,293.03474684388704,#C C Places the dead leaves on the table,Cleaning,Object Transfer,Logistics step involving picking up and placing dead leaves.,silver,7,r001
1cccdb19-2eb3-4ab7-ab74-58c9b425a68c,374.9487768438871,#C C Separates the branches of the house plant,Cleaning,Essential Operation,"Core manual task, high hand activity.",silver,7,r001
1cccdb19-2eb3-4ab7-ab74-58c9b425a68c,400.6858368438871,#C C Prunes the dead leaves of the house plant with a scissor,Cleaning,Essential Operation,Core task involving manual dexterity with hands.,silver,7,r001
1cccdb19-2eb3-4ab7-ab74-58c9b425a68c,1133.1166971449218,#C C Touches the house plant leaves,Cleaning,Search,"Implies visual or tactile inspection, likely with head and/or hand movement.",silver,7,r001
1cccdb19-2eb3-4ab7-ab74-58c9b425a68c,1195.456077144922,#C C Drains the water from the sick,Cleaning,Essential Operation,"Core task involving manual operation, likely with high hand activity.",silver,7,r001
1cccdb19-2eb3-4ab7-ab74-58c9b425a68c,1505.9962184684507,#C C looks on the flower pot.,Cleaning,Search,Visual inspection or search related to head movement.,silver,7,r001
1cccdb19-2eb3-4ab7-ab74-58c9b425a68c,1609.3521484684509,#C C looks in the flower plant.,Cleaning,Search,Visual search involving head movement.,silver,7,r001
1cccdb19-2eb3-4ab7-ab74-58c9b425a68c,1720.9119671449218,#C C puts #unsure on a sink top,Cleaning,Object Transfer,Logistics step involving picking up and placing an object.,silver,7,r001
1cccdb19-2eb3-4ab7-ab74-58c9b425a68c,1724.337457144922,#C C puts water in a bottle,Cleaning,Object Transfer,Logistics action involving picking up and pouring water.,silver,7,r001
1cccdb19-2eb3-4ab7-ab74-58c9b425a68c,1762.896357144922,#C C looks at flowers,Cleaning,Search,"Head movement (visual search), hands mostly still.",silver,7,r001
1cccdb19-2eb3-4ab7-ab74-58c9b425a68c,1806.4118971449216,#C C pours water into a flower pot,Cleaning,Essential Operation,Core manual task involving hand activity.,silver,7,r001
1cccdb19-2eb3-4ab7-ab74-58c9b425a68c,1820.0266171449216,#C C puts a notebook on a table,Cleaning,Object Transfer,Logistics step of moving an item from one place to another.,silver,7,r001
1cccdb19-2eb3-4ab7-ab74-58c9b425a68c,1820.923467144922,#C C moves a scissors on a table,Cleaning,Object Transfer,Movement of an object from one place to another.,silver,7,r001
1cccdb19-2eb3-4ab7-ab74-58c9b425a68c,1821.7943671449216,#C C moves a notebook,Cleaning,Object Transfer,Logistics of moving an object from one place to another.,silver,7,r001
1cccdb19-2eb3-4ab7-ab74-58c9b425a68c,1859.5218571449216,#C C puts a bottle on a sink top,Cleaning,Object Transfer,Logistics step involving picking up and placing the bottle.,silver,7,r001
1cccdb19-2eb3-4ab7-ab74-58c9b425a68c,1908.5562272155312,#C C throws dirt on a table,Cleaning,Locomotion,"The action involves movement through space to throw dirt, which implies significant body acceleration.",silver,7,r001
1cccdb19-2eb3-4ab7-ab74-58c9b425a68c,2027.569527215532,#C C walks towards flowers,Cleaning,Locomotion,Body moving through space (walking).,silver,7,r001
1cccdb19-2eb3-4ab7-ab74-58c9b425a68c,2037.437677215531,#C C shakes a water bottle,Cleaning,Stationary,Shaking a water bottle is a relatively low-energy activity with minimal body movement.,silver,7,r001
1cccdb19-2eb3-4ab7-ab74-58c9b425a68c,2050.039137215532,#C C puts towel on a board,Cleaning,Object Transfer,Logistics step involving picking up and placing the towel.,silver,7,r001
1cccdb19-2eb3-4ab7-ab74-58c9b425a68c,2088.500047215531,#C C touches a flower,Cleaning,Stationary,"Low body/hand motion, likely involves gentle touch.",silver,7,r001
1cccdb19-2eb3-4ab7-ab74-58c9b425a68c,2110.495557215532,#C C touches a leaf,Cleaning,Stationary,"Low body/hand motion, likely involves light contact or inspection.",silver,7,r001
1cccdb19-2eb3-4ab7-ab74-58c9b425a68c,2132.0500205488647,#C C picks a bottle from a sink top,Cleaning,Object Transfer,Logistics step involving picking up an object.,silver,7,r001
1cccdb19-2eb3-4ab7-ab74-58c9b425a68c,2262.553367284896,#C C picks dirt from a flower pot,Cleaning,Object Transfer,Logistics step involving picking up an object.,silver,7,r001
1cccdb19-2eb3-4ab7-ab74-58c9b425a68c,2319.523237284896,#C C picks a sprayer bottle,Cleaning,Object Transfer,Logistics action involving picking up an object.,silver,7,r001
1cccdb19-2eb3-4ab7-ab74-58c9b425a68c,2366.648687284896,#C C lowers a sprayer bottle,Cleaning,Object Transfer,"The action involves the logistics of lowering an object, which corresponds to short bursts of hand acceleration.",silver,7,r001
1cccdb19-2eb3-4ab7-ab74-58c9b425a68c,2439.180457284896,#C C touches leaves,Cleaning,Stationary,"Low body/hand motion, likely involves gentle touch.",silver,7,r001
1da50887-dd33-4644-9377-1bf855b86ffd,348.9970809546634,#C C holds the jug with her hand,Desk Work,Stationary,The action describes holding an object without any significant movement.,silver,7,r001
1da50887-dd33-4644-9377-1bf855b86ffd,505.04013095466337,#C C touches his face with his hand,Desk Work,Stationary,"Low body/hand motion, likely idle or thinking.",silver,7,r001
1e5cd1c1-7023-4800-b743-16a9c2753ac2,16.8652786,#c c moves the bicycle in a corner,Desk Work,Locomotion,Body moving through space to place the bicycle in a corner.,silver,7,r001
1ead2ccf-0c67-41e7-88d3-de7ecd0c8c7c,121.0949386,#C C peels the brussels sprouts,Cooking,Essential Operation,Core task involving fine manual dexterity and repetitive motion.,silver,7,r001
1ead2ccf-0c67-41e7-88d3-de7ecd0c8c7c,175.85960859999997,#C C chops the brussels sprouts,Cooking,Essential Operation,Core task involving repetitive hand movements.,silver,7,r001
1ead2ccf-0c67-41e7-88d3-de7ecd0c8c7c,222.3715186,#C C puts the brussels sprouts in a storage container,Cooking,Object Transfer,Logistics step involving picking up and placing an object.,silver,7,r001
1ead2ccf-0c67-41e7-88d3-de7ecd0c8c7c,266.9590086,#C C picks a cooking oil from the cabinet,Cooking,Object Transfer,Logistics step involving picking up an object.,silver,7,r001
1ead2ccf-0c67-41e7-88d3-de7ecd0c8c7c,306.20106860000004,#C C sprinkles salt on the brussels sprouts,Cooking,Stationary,"Low body/hand motion, fine motor activity.",silver,7,r001
1ead2ccf-0c67-41e7-88d3-de7ecd0c8c7c,335.79605860000004,#C C holds the bottle of cooking oil,Cooking,Stationary,"Low body/hand motion, holding an object without active manipulation.",silver,7,r001
1ead2ccf-0c67-41e7-88d3-de7ecd0c8c7c,377.11435860000006,#C C opens the packet of walnut with a pair of scissors,Cooking,Object Transfer,Logistics step involving opening an item.,silver,7,r001
1ead2ccf-0c67-41e7-88d3-de7ecd0c8c7c,565.5357481394766,#C C gets into the house,Cooking,Locomotion,Body moving through space (entering the house).,silver,7,r001
1ead2ccf-0c67-41e7-88d3-de7ecd0c8c7c,658.0466681394765,#C C clears the food from the chopping board,Cooking,Object Transfer,Logistics step involving picking up and moving objects.,silver,7,r001
1ead2ccf-0c67-41e7-88d3-de7ecd0c8c7c,825.7685776136719,#C C chops the leaves with a knife,Cooking,Essential Operation,Core task involving repetitive hand movements.,silver,7,r001
1ead2ccf-0c67-41e7-88d3-de7ecd0c8c7c,1203.759637613672,#C C closes the margarine,Cooking,Object Transfer,"Closing an object, a logistics step involving short bursts of hand activity.",silver,7,r001
1ead2ccf-0c67-41e7-88d3-de7ecd0c8c7c,1420.1611956827053,#C C rubs her hands,Cooking,Stationary,"Low body/hand motion, likely idle action.",silver,7,r001
1fb7b18b-03a7-4a3a-a795-a2da80be3c56,28.4942996,#C C moves the cable tie from beneath the packet of cable tie.,Carpentry,Object Transfer,Logistics/Setup step involving moving an object.,silver,7,r001
1fb7b18b-03a7-4a3a-a795-a2da80be3c56,29.219199600000003,#C C drops the cable tie on the table.,Carpentry,Object Transfer,Refined via regex fallback,silver,7,r001
1fb7b18b-03a7-4a3a-a795-a2da80be3c56,76.8918396,#C C touches the cables.,Carpentry,Stationary,"Low body/hand motion, likely involves fine motor skills or inspection.",silver,7,r001
1fb7b18b-03a7-4a3a-a795-a2da80be3c56,80.2362696,#C C drops the digital multimeter with the cable in the shelf.,Carpentry,Object Transfer,Refined via regex fallback,silver,7,r001
1fb7b18b-03a7-4a3a-a795-a2da80be3c56,122.9691496,#C C picks up the cable.,Carpentry,Object Transfer,"The action involves picking up an object, which is a logistics step.",silver,7,r001
1fb7b18b-03a7-4a3a-a795-a2da80be3c56,224.8996296,#C C moves towards the table.,Carpentry,Locomotion,Body moving through space to reach the table.,silver,7,r001
1fb7b18b-03a7-4a3a-a795-a2da80be3c56,231.0077396,#C C drops the cable ties on the table.,Carpentry,Object Transfer,Refined via regex fallback,silver,7,r001
1fb7b18b-03a7-4a3a-a795-a2da80be3c56,332.8650009546634,#C C holds cable ties with his left hand.,Carpentry,Stationary,"Low body/hand motion, holding an object without movement.",silver,7,r001
1fb7b18b-03a7-4a3a-a795-a2da80be3c56,347.7291409546634,#C C holds the cable tie with his left hand.,Carpentry,Stationary,The action describes a holding position which involves minimal movement.,silver,7,r001
1fb7b18b-03a7-4a3a-a795-a2da80be3c56,360.2539709546634,#C C touches the top of the cable tie with his left hand.,Carpentry,Stationary,"Low body/hand motion, likely inspection or preparation.",silver,7,r001
1fb7b18b-03a7-4a3a-a795-a2da80be3c56,367.1400109546634,#C C writes on the cable tie with the pen.,Carpentry,Essential Operation,Core task involving fine motor skills and high hand activity.,silver,7,r001
2090d1c2-8308-4966-b903-e860b498f4e3,6.4709886,#C C shuffles the cards while talking,Playing Instrument,Stationary,"Low body/hand motion, primarily involves hand shuffling and talking.",silver,7,r001
2090d1c2-8308-4966-b903-e860b498f4e3,142.71816859999998,#C C takes his cards and talks,Playing Instrument,Stationary,"The action involves holding cards and talking, which are low-energy activities.",silver,7,r001
2090d1c2-8308-4966-b903-e860b498f4e3,255.0223086,#O O rolls the dices and talks,Playing Instrument,Stationary,"Low body/hand motion, primarily verbal interaction.",silver,7,r001
2090d1c2-8308-4966-b903-e860b498f4e3,268.1100586,#O O writes something down while talking,Playing Instrument,Stationary,"Low body/hand motion, indicating a stationary activity like writing and talking.",silver,7,r001
2090d1c2-8308-4966-b903-e860b498f4e3,302.18268868278113,#C C plays the game while talking,Playing Instrument,Stationary,"Low body/hand motion, implies idle or talking activity.",silver,7,r001
2090d1c2-8308-4966-b903-e860b498f4e3,571.0140921677084,#x x puts pawn on board,Playing Instrument,Object Transfer,Logistics step involving placing an object.,silver,7,r001
2090d1c2-8308-4966-b903-e860b498f4e3,634.4831921677084,#x x shuffles cards,Playing Instrument,Stationary,Shuffling cards is typically done with one hand while the other hand and body remain relatively stationary.,silver,7,r001
2090d1c2-8308-4966-b903-e860b498f4e3,749.7050221677084,#x x writes,Playing Instrument,Stationary,"Low body/hand motion, indicative of a writing activity.",silver,7,r001
2090d1c2-8308-4966-b903-e860b498f4e3,804.6646731540364,#O A lady D picks the dice.,Playing Instrument,Object Transfer,"The action involves picking up an object, which is a logistics step.",silver,7,r001
2090d1c2-8308-4966-b903-e860b498f4e3,807.7912231540365,#O A lady D looks at the paper.,Playing Instrument,Search,"Head movement (visual search), hands mostly still.",silver,7,r001
2090d1c2-8308-4966-b903-e860b498f4e3,812.7390831540365,#O A lady D looks at the chart.,Playing Instrument,Search,"Head movement (visual search), hands mostly still.",silver,7,r001
2090d1c2-8308-4966-b903-e860b498f4e3,819.5675331540365,#O A lady D moves the hand.,Playing Instrument,Essential Operation,Playing an instrument involves high hand activity.,silver,7,r001
21247536-db56-454f-8781-133fbfabe60b,422.1618609546634,#C C opens the dishwasher,Cooking,Object Transfer,Logistics action involving opening a drawer or container.,silver,7,r001
22a3ba4e-c70d-4905-b40f-f8dcfcee5835,3.93271,#C C scrapes the wood glue from woodwork with chisel.,Carpentry,Essential Operation,Core manual task involving high hand activity.,silver,7,r001
22a3ba4e-c70d-4905-b40f-f8dcfcee5835,70.83141,#C C rubs his thumb with his other fingers,Carpentry,Stationary,"Low body/hand motion, likely idle or contemplative action.",silver,7,r001
22a3ba4e-c70d-4905-b40f-f8dcfcee5835,121.99932,#C C takes wood glue from the top of the black box with the chisel.,Carpentry,Object Transfer,Logistics step involving picking up and moving an object.,silver,7,r001
22a3ba4e-c70d-4905-b40f-f8dcfcee5835,195.16363,#C C picks up the chisel on the woodwork,Carpentry,Object Transfer,Logistics step of picking up the chisel.,silver,7,r001
22a3ba4e-c70d-4905-b40f-f8dcfcee5835,226.97655,#C C applies the wood glue on the woodwork with the chisel,Carpentry,Essential Operation,Core task involving high hand activity and precision.,silver,7,r001
267aa640-f3d0-4288-96b2-6ecf32b23198,0.9380286,#C C shifts the gear with left hand,Mechanical Repair,Essential Operation,Core manual task involving high hand activity.,silver,7,r001
267aa640-f3d0-4288-96b2-6ecf32b23198,250.0870286,#C C steers the car forward,Mechanical Repair,Locomotion,"Body moving through space, involves movement of the car.",silver,7,r001
267aa640-f3d0-4288-96b2-6ecf32b23198,306.2910273792969,#C C lets go of the gear lever with left hand,Mechanical Repair,Object Transfer,"The action involves a hand letting go of an object, which is part of the logistics process.",silver,7,r001
26a56478-0c95-49b7-bb5e-1caef7750633,11.2740286,#O lady A picks a playing card,Playing Instrument,Stationary,"The action described is picking a card, which involves minimal body movement.",silver,7,r001
26a56478-0c95-49b7-bb5e-1caef7750633,173.8610286,#C C picks a playing card,Playing Instrument,Object Transfer,Logistics/Setup step (picking up an object).,silver,7,r001
26a56478-0c95-49b7-bb5e-1caef7750633,823.5443655954427,#O woman X moves a card,Playing Instrument,Object Transfer,"The action involves moving an object (card), which is a logistics step.",silver,7,r001
271d7528-09b8-4649-bb55-183a94d6a626,110.1642886,#C C plays labyrinth board game,Playing Instrument,Stationary,Playing a board game typically involves minimal body movement and is more about cognitive engagement and hand movements on a relatively small scale.,silver,7,r001
271d7528-09b8-4649-bb55-183a94d6a626,251.9372686,#O man X touches the labyrinth board game,Playing Instrument,Stationary,"Low body/hand motion, likely involves minimal movement.",silver,7,r001
271d7528-09b8-4649-bb55-183a94d6a626,411.0929172476537,#O man X holds labyrinth board game piece,Playing Instrument,Stationary,"The action describes holding an object, which involves minimal movement.",silver,7,r001
271d7528-09b8-4649-bb55-183a94d6a626,556.0303521677084,#O man X plays labyrinth board game,Playing Instrument,Stationary,"Low body/hand motion, likely involves holding the game board and pieces.",silver,7,r001
271d7528-09b8-4649-bb55-183a94d6a626,756.4345121677084,#O man X puts down the card,Playing Instrument,Object Transfer,"The action involves putting down an object, which is a logistics step.",silver,7,r001
271d7528-09b8-4649-bb55-183a94d6a626,1395.1518063038593,#O B plays the labyrinth board game,Playing Instrument,Stationary,Playing a board game typically involves minimal body movement and is a stationary activity.,silver,7,r001
29928d46-5209-4d00-9fbf-b5c056845ded,11.8718286,#C C picks a microfiber towel,Mechanical Repair,Object Transfer,Logistics step of picking up an object.,silver,7,r001
29928d46-5209-4d00-9fbf-b5c056845ded,39.6904886,#C C looks at the microfiber towel,Mechanical Repair,Search,"Head movement (visual inspection), hands mostly still.",silver,7,r001
29928d46-5209-4d00-9fbf-b5c056845ded,340.9971587027318,#C C wipes the bicycle with serviette,Mechanical Repair,Essential Operation,Core task involving manual activity with hands.,silver,7,r001
2af3d6a1-36bf-48b5-a272-c03a960c608e,26.578629600000003,#C C scrubs the tin,Cleaning,Essential Operation,Core manual task involving high hand activity.,silver,7,r001
2af3d6a1-36bf-48b5-a272-c03a960c608e,40.4928496,#C C rinses the tin,Cleaning,Essential Operation,Core manual task involving hand activity.,silver,7,r001
2af3d6a1-36bf-48b5-a272-c03a960c608e,51.8468196,#C C puts the tin down,Cleaning,Object Transfer,Logistics step of placing an object down.,silver,7,r001
2af3d6a1-36bf-48b5-a272-c03a960c608e,63.417339600000005,#C C scrubs the spoon,Cleaning,Essential Operation,Core task involving high hand activity.,silver,7,r001
2af3d6a1-36bf-48b5-a272-c03a960c608e,272.96569960000005,#C C wipes the hand with the towel,Cleaning,Essential Operation,"Core cleaning task, high hand activity.",silver,7,r001
2fa81cfe-e0d4-42e5-be39-e14287215bd2,112.2981986,#C C Moves the knife under the light,Mechanical Repair,Search,"Head movement (visual search), hands mostly still.",silver,7,r001
2fa81cfe-e0d4-42e5-be39-e14287215bd2,133.04156859999998,#C C Looks at the knife,Mechanical Repair,Search,"Head movement (visual inspection), hands mostly still.",silver,7,r001
2fa81cfe-e0d4-42e5-be39-e14287215bd2,181.2472786,#C C Sharpens the hammer,Mechanical Repair,Essential Operation,Core manual task involving high hand activity.,silver,7,r001
2fa81cfe-e0d4-42e5-be39-e14287215bd2,267.6184292852933,#C C picks up the brush from the wall,Mechanical Repair,Object Transfer,Logistics step of picking up an object.,silver,7,r001
2fa81cfe-e0d4-42e5-be39-e14287215bd2,349.2748392852933,#C C checks the knife,Mechanical Repair,Search,"Head movement (visual inspection), hands mostly still.",silver,7,r001
2fa81cfe-e0d4-42e5-be39-e14287215bd2,352.5669292852933,#C C sharpens the knife on the electric knife sharpener,Mechanical Repair,Essential Operation,Core manual task involving high hand activity.,silver,7,r001
2fa81cfe-e0d4-42e5-be39-e14287215bd2,572.8812076136719,#C C wraps the towel around the knife,Mechanical Repair,Object Transfer,"Wrapping an object (towel around knife), involves picking up and placing the towel around the knife.",silver,7,r001
2fa81cfe-e0d4-42e5-be39-e14287215bd2,617.841727613672,#C C puts file in the drawer,Mechanical Repair,Object Transfer,"Logistics/Setup step, involving placing an object.",silver,7,r001
2fa81cfe-e0d4-42e5-be39-e14287215bd2,721.556247613672,#C C puts down the file,Mechanical Repair,Object Transfer,Logistics step of placing an object down.,silver,7,r001
2fa81cfe-e0d4-42e5-be39-e14287215bd2,901.8369782617305,#C C adjusts the light,Mechanical Repair,Stationary,Adjusting the light likely involves fine-tuning with minimal body movement.,silver,7,r001
2fa81cfe-e0d4-42e5-be39-e14287215bd2,994.9942782617304,#C C polishes the knife,Mechanical Repair,Essential Operation,Core manual task involving high hand activity.,silver,7,r001
2fa81cfe-e0d4-42e5-be39-e14287215bd2,1059.8957882617306,#C C touches the #unsure,Mechanical Repair,Search,"[CtxFixed] The action of touching an object typically indicates an attempt to identify or locate something, which falls under the 'Search' category.",silver,7,r001
2fa81cfe-e0d4-42e5-be39-e14287215bd2,1281.1971071449218,#C C smoothens the knife with sandpaper,Mechanical Repair,Essential Operation,Core task involving manual effort with high hand activity.,silver,7,r001
2fa81cfe-e0d4-42e5-be39-e14287215bd2,1354.1042671449218,#C C puts knife down,Mechanical Repair,Object Transfer,"Action involves placing an object down, which is a logistics step.",silver,7,r001
2fa81cfe-e0d4-42e5-be39-e14287215bd2,1427.5493372477476,#C C runs finger on the knife,Mechanical Repair,Search,Checking the condition of the knife with minimal hand movement.,silver,7,r001
2fa81cfe-e0d4-42e5-be39-e14287215bd2,1458.0668672477475,#C C lifts up knife,Mechanical Repair,Object Transfer,"Action involves picking up an object, which is a logistics step.",silver,7,r001
2fa81cfe-e0d4-42e5-be39-e14287215bd2,1459.9068172477475,#C C uses sandpaper to polish knife,Mechanical Repair,Essential Operation,Core manual task involving high hand activity.,silver,7,r001
2fa81cfe-e0d4-42e5-be39-e14287215bd2,1502.0262672477477,#C C opens box,Mechanical Repair,Object Transfer,Logistics/Setup step involving opening a box.,silver,7,r001
2fa81cfe-e0d4-42e5-be39-e14287215bd2,1577.4228872477474,#C C picks up #unsure,Mechanical Repair,Object Transfer,Logistics action of picking up an object.,silver,7,r001
2fa81cfe-e0d4-42e5-be39-e14287215bd2,1594.1418772477475,#C C grinds #unsure,Mechanical Repair,Essential Operation,Core manual task involving high hand activity.,silver,7,r001
2fa81cfe-e0d4-42e5-be39-e14287215bd2,1655.3713207126302,#C C sharpens knife with electric grinder machine,Mechanical Repair,Essential Operation,Core manual task involving high hand activity.,silver,7,r001
2fa81cfe-e0d4-42e5-be39-e14287215bd2,1863.6026507126303,#C C closes tool box,Mechanical Repair,Object Transfer,Logistics step involving closing an object (toolbox).,silver,7,r001
2fa81cfe-e0d4-42e5-be39-e14287215bd2,1917.6265201265785,#C C unzips jacket,Mechanical Repair,Stationary,"Low body/hand motion, likely preparing for task.",silver,7,r001
2fa81cfe-e0d4-42e5-be39-e14287215bd2,1985.721990126578,#C C walks in the workshop,Mechanical Repair,Locomotion,"Body moving through space, indicative of walking.",silver,7,r001
2fa81cfe-e0d4-42e5-be39-e14287215bd2,2023.247530126578,#C C opens tool box,Mechanical Repair,Object Transfer,Logistics/Setup step involving opening a container.,silver,7,r001
2fa81cfe-e0d4-42e5-be39-e14287215bd2,2040.3420701265784,#C C puts tool box on the shelf,Mechanical Repair,Object Transfer,"Logistics step, moving an object to a specific location.",silver,7,r001
2fa81cfe-e0d4-42e5-be39-e14287215bd2,2078.1242301265784,#C C lifts up tool bag,Mechanical Repair,Object Transfer,"The action involves picking up an object, which is a logistics step.",silver,7,r001
2fa81cfe-e0d4-42e5-be39-e14287215bd2,2117.612490126578,#C C picks up tool box,Mechanical Repair,Object Transfer,Logistics/Setup step involving picking up an object.,silver,7,r001
2fa81cfe-e0d4-42e5-be39-e14287215bd2,2162.094130126578,#C C moves tool,Mechanical Repair,Object Transfer,Movement of an object (tool) from one place to another.,silver,7,r001
2fa81cfe-e0d4-42e5-be39-e14287215bd2,2167.729490126578,#C C moves jerrycan,Mechanical Repair,Locomotion,Body moving through space to move an object (jerrycan). High Body Accel.,silver,7,r001
31cbf7bb-d464-4ec3-bddd-c387766f8572,66.68206959999999,#C C picks an egg from the counter,Cooking,Object Transfer,Logistics step involving picking up an object.,silver,7,r001
31cbf7bb-d464-4ec3-bddd-c387766f8572,147.2555396,#C C pours some spice on the eggs,Cooking,Essential Operation,"Core task, high hand activity.",silver,7,r001
31cbf7bb-d464-4ec3-bddd-c387766f8572,273.33570960000003,#C C puts right hand on #unsure,Cooking,Stationary,"Low body/hand motion, indicating a pause or idle action.",silver,7,r001
31cbf7bb-d464-4ec3-bddd-c387766f8572,332.93179095466337,#C C holds up the paper,Cooking,Search,"Head movement (visual search), hands mostly still.",silver,7,r001
31cbf7bb-d464-4ec3-bddd-c387766f8572,386.3896409546634,#C C places the box on the counter,Cooking,Object Transfer,Logistics step involving pick up and put down actions.,silver,7,r001
31cbf7bb-d464-4ec3-bddd-c387766f8572,529.2288209546633,#O X presses the button on the cooker,Cooking,Stationary,"Low body/hand motion, brief action.",silver,7,r001
31cbf7bb-d464-4ec3-bddd-c387766f8572,548.3601109546634,#C C moves the hand from the door,Cooking,Stationary,"Low body/hand motion, likely just a minor hand movement without significant acceleration.",silver,7,r001
31cbf7bb-d464-4ec3-bddd-c387766f8572,563.8678309546634,#C C points the pan,Cooking,Stationary,Pointing the pan likely involves minimal movement and is more of a stationary action.,silver,7,r001
31cbf7bb-d464-4ec3-bddd-c387766f8572,707.1234009546633,#O X lifts the pan,Cooking,Locomotion,"Body movement involved in lifting an object, indicating a change in posture or position.",silver,7,r001
31cbf7bb-d464-4ec3-bddd-c387766f8572,707.2630409546634,#C C leans the fork to the bowl,Cooking,Object Transfer,Logistics step involving placing the fork into the bowl.,silver,7,r001
33fced0b-4bf6-4989-9174-cda7bb51ecef,34.419729600000004,#C C takes a tray,Cooking,Object Transfer,Logistics/Setup step involving picking up or moving an object.,silver,7,r001
33fced0b-4bf6-4989-9174-cda7bb51ecef,81.3178396,#C C turns off the light,Cooking,Stationary,"Low body/hand motion, primarily a button press or switch action.",silver,7,r001
33fced0b-4bf6-4989-9174-cda7bb51ecef,87.8751096,#C C removes chaffs on the potatoes,Cooking,Essential Operation,Core task involving high hand activity.,silver,7,r001
33fced0b-4bf6-4989-9174-cda7bb51ecef,184.9311996,#C C aligns the potato slices,Cooking,Essential Operation,"Core task involving fine motor skills, high hand activity.",silver,7,r001
33fced0b-4bf6-4989-9174-cda7bb51ecef,213.7977296,#C C pours the cooking oil on the tray,Cooking,Essential Operation,Core task involving hand movements with a specific object.,silver,7,r001
33fced0b-4bf6-4989-9174-cda7bb51ecef,261.95237960000003,#C C takes the potato slices,Cooking,Object Transfer,Logistics step involving picking up or moving objects.,silver,7,r001
33fced0b-4bf6-4989-9174-cda7bb51ecef,308.8035809546634,#C C puts the potatoes in the tray,Cooking,Object Transfer,Logistics step involving picking up and placing the potatoes.,silver,7,r001
33fced0b-4bf6-4989-9174-cda7bb51ecef,334.2960109546634,#C C aligns the potatoes,Cooking,Stationary,"The action involves aligning potatoes, which likely involves minimal movement and is more about positioning than active motion.",silver,7,r001
33fced0b-4bf6-4989-9174-cda7bb51ecef,346.7756809546634,#C C drops the potato slice in the tray,Cooking,Object Transfer,Refined via regex fallback,silver,7,r001
33fced0b-4bf6-4989-9174-cda7bb51ecef,362.4562609546634,#C C looks at the cabinet,Cooking,Search,"Head movement (visual search), hands mostly still.",silver,7,r001
33fced0b-4bf6-4989-9174-cda7bb51ecef,460.81922095466336,#C C unwraps a chicken,Cooking,Essential Operation,Core manual task involving high hand activity.,silver,7,r001
33fced0b-4bf6-4989-9174-cda7bb51ecef,477.71989095466336,#C C puts the chicken on the chopping board,Cooking,Object Transfer,Logistics step involving picking up and placing the chicken.,silver,7,r001
33fced0b-4bf6-4989-9174-cda7bb51ecef,557.8860776213301,#C C puts the grill tray in the oven,Cooking,Object Transfer,Logistics step involving placing an object.,silver,7,r001
33fced0b-4bf6-4989-9174-cda7bb51ecef,565.8680476213301,#C C pushes the grill tray,Cooking,Locomotion,"Body movement through space, likely involving pushing an object.",silver,7,r001
33fced0b-4bf6-4989-9174-cda7bb51ecef,590.85712762133,#C C switches a switch,Cooking,Stationary,"Low body/hand motion, likely involves minimal movement.",silver,7,r001
33fced0b-4bf6-4989-9174-cda7bb51ecef,690.80360762133,#C C dips the cracker in a paste,Cooking,Essential Operation,Core task involving hand manipulation with irregular motion.,silver,7,r001
33fced0b-4bf6-4989-9174-cda7bb51ecef,880.8501776213301,#C C moves beside the worktop,Cooking,Locomotion,"Movement through space, likely involves walking or moving around the kitchen.",silver,7,r001
33fced0b-4bf6-4989-9174-cda7bb51ecef,890.85059762133,#C C puts a knife in the drawer,Cooking,Object Transfer,Logistics/Setup step.,silver,7,r001
33fced0b-4bf6-4989-9174-cda7bb51ecef,895.6808976213301,#C C walks in the kitchen area,Cooking,Locomotion,"Body moving through space, indicative of walking.",silver,7,r001
33fced0b-4bf6-4989-9174-cda7bb51ecef,935.64223762133,#C C puts the jar in the cabinet,Cooking,Object Transfer,Logistics step involving placing an object.,silver,7,r001
33fced0b-4bf6-4989-9174-cda7bb51ecef,985.22857762133,#C C takes a stopper,Cooking,Object Transfer,Logistics/Setup step.,silver,7,r001
33fced0b-4bf6-4989-9174-cda7bb51ecef,1018.86663762133,#C C takes a towel,Cooking,Object Transfer,"Logistics/Setup step, picking up an object.",silver,7,r001
33fced0b-4bf6-4989-9174-cda7bb51ecef,1028.72015762133,#C C closes water,Cooking,Stationary,"Low body/hand motion, likely involves turning a knob or closing a tap.",silver,7,r001
33fced0b-4bf6-4989-9174-cda7bb51ecef,1034.95646762133,#C C moves the sink pipe,Cooking,Essential Operation,"Core manual task involving manipulation, high hand activity.",silver,7,r001
33fced0b-4bf6-4989-9174-cda7bb51ecef,1100.2012042879967,#C C takes a bowl,Cooking,Object Transfer,Logistics/Setup step.,silver,7,r001
33fced0b-4bf6-4989-9174-cda7bb51ecef,1101.2637542879966,#C C moves to the wall cabinet,Cooking,Locomotion,Movement through space to reach a destination.,silver,7,r001
33fced0b-4bf6-4989-9174-cda7bb51ecef,1155.4831642879967,#C C moves the head,Cooking,Search,"Head movement (visual search), hands mostly still.",silver,7,r001
33fced0b-4bf6-4989-9174-cda7bb51ecef,1161.8764342879963,#C C touches the sink knob,Cooking,Object Transfer,"Logistics step, touching an object (sink knob).",silver,7,r001
33fced0b-4bf6-4989-9174-cda7bb51ecef,1212.1871842879966,#C C throws chaff away,Cooking,Locomotion,"Involves movement through space to throw something, likely involves body acceleration.",silver,7,r001
33fced0b-4bf6-4989-9174-cda7bb51ecef,1214.6195042879967,#C C picks chaff,Cooking,Object Transfer,Logistics step involving picking up an object.,silver,7,r001
33fced0b-4bf6-4989-9174-cda7bb51ecef,1217.052794287997,#C C looks at the chaff,Cooking,Search,"Head movement (visual inspection), hands mostly still.",silver,7,r001
33fced0b-4bf6-4989-9174-cda7bb51ecef,1302.6964442879969,#C C picks a root,Cooking,Object Transfer,"Logistics step, picking up an object.",silver,7,r001
33fced0b-4bf6-4989-9174-cda7bb51ecef,1383.9111442879966,#C C takes sand,Cooking,Object Transfer,"[CtxFixed] The action of taking sand can be considered a part of the process of moving or placing sand, which involves deliberate manipulation of an object.",silver,7,r001
33fced0b-4bf6-4989-9174-cda7bb51ecef,1384.6601842879966,#C C puts sand in the basin,Cooking,Object Transfer,Logistics step involving picking up and placing an object.,silver,7,r001
33fced0b-4bf6-4989-9174-cda7bb51ecef,1458.000114287997,#C C mixes the soil,Cooking,Essential Operation,"Core task involving mixing, high hand activity.",silver,7,r001
33fced0b-4bf6-4989-9174-cda7bb51ecef,1557.4899842879968,#C C looks around the backyard,Cooking,Search,"Head movement (visual search), hands mostly still.",silver,7,r001
33fced0b-4bf6-4989-9174-cda7bb51ecef,1585.0562042879965,#C C puts soil in the basin,Cooking,Object Transfer,"Logistics step, moving the soil to the basin.",silver,7,r001
33fced0b-4bf6-4989-9174-cda7bb51ecef,1591.6142942879965,#C C pulls a basin,Cooking,Object Transfer,Logistics action involving picking up an object.,silver,7,r001
33fced0b-4bf6-4989-9174-cda7bb51ecef,1656.3850709546632,#C C walks in the backyard,Cooking,Locomotion,Body moving through space (walking).,silver,7,r001
33fced0b-4bf6-4989-9174-cda7bb51ecef,1750.6927609546633,#C C looks at the wooden box,Cooking,Search,"Head movement (visual search), hands mostly still.",silver,7,r001
33fced0b-4bf6-4989-9174-cda7bb51ecef,1804.0965309546632,#C C takes soil,Cooking,Object Transfer,Logistics/Setup step involving picking up or moving an object.,silver,7,r001
33fced0b-4bf6-4989-9174-cda7bb51ecef,1842.002450954664,#C C shakes the basin,Cooking,Stationary,"Low body/hand motion, shaking is minimal movement.",silver,7,r001
33fced0b-4bf6-4989-9174-cda7bb51ecef,1856.188290954664,#C C puts the broom down,Cooking,Object Transfer,Logistics action involving placing an object.,silver,7,r001
33fced0b-4bf6-4989-9174-cda7bb51ecef,1907.2124009546635,#C C mixes the soil by hand,Cooking,Essential Operation,Core manual task involving high hand activity.,silver,7,r001
33fced0b-4bf6-4989-9174-cda7bb51ecef,1990.211690954664,#C C takes the basin,Cooking,Object Transfer,Logistics/Setup step involving picking up an object.,silver,7,r001
33fced0b-4bf6-4989-9174-cda7bb51ecef,2040.9498709546635,#C C moves to the oven,Cooking,Locomotion,Movement through space to reach the oven.,silver,7,r001
34de7377-879e-4f37-bd0a-9aab8593210f,96.9531586,#O a man X holds card,Playing Instrument,Stationary,"The action described does not involve any significant movement or task, indicating a low-energy state.",silver,7,r001
34de7377-879e-4f37-bd0a-9aab8593210f,230.3689986,#O a man X puts card on the table,Playing Instrument,Object Transfer,Logistics step involving placing an object.,silver,7,r001
34de7377-879e-4f37-bd0a-9aab8593210f,290.1048986,#O a man X points card,Playing Instrument,Stationary,"The action described does not involve any significant body or hand movement, indicating a low-energy state.",silver,7,r001
34de7377-879e-4f37-bd0a-9aab8593210f,395.1718886,#O a man X puts card down,Playing Instrument,Stationary,"The action of putting a card down is a brief, low-energy movement.",silver,7,r001
34de7377-879e-4f37-bd0a-9aab8593210f,546.3603886000001,#O a man X turns card,Playing Instrument,Stationary,"The action described does not involve significant body or hand motion, suggesting a low-energy activity.",silver,7,r001
34de7377-879e-4f37-bd0a-9aab8593210f,578.4392986458333,#C C takes the play card,Playing Instrument,Object Transfer,Logistics/Setup step (taking an object).,silver,7,r001
34de7377-879e-4f37-bd0a-9aab8593210f,680.7372586458333,#C C looks at the play card,Playing Instrument,Search,"Head movement (visual search), hands mostly still.",silver,7,r001
34de7377-879e-4f37-bd0a-9aab8593210f,702.7000086458333,#C C stretches his hand,Playing Instrument,Stationary,"Low body/hand motion, likely preparing to play.",silver,7,r001
34de7377-879e-4f37-bd0a-9aab8593210f,724.7784886458334,#O A man X looks at the play card,Playing Instrument,Search,"Head movement (looking), passive hands.",silver,7,r001
34de7377-879e-4f37-bd0a-9aab8593210f,790.1141786458334,#C C pushes the play card,Playing Instrument,Stationary,"The action 'pushes the play card' implies a brief, stationary interaction without significant body or hand motion.",silver,7,r001
34de7377-879e-4f37-bd0a-9aab8593210f,824.466497144922,#O a man X mixes card,Playing Instrument,Essential Operation,"Core manual task, likely involves high hand activity.",silver,7,r001
34de7377-879e-4f37-bd0a-9aab8593210f,1138.2679022621094,#O man Y removes the camera,Playing Instrument,Stationary,"The action describes removing an object, which is likely a setup/logistics step and does not involve significant body or hand motion.",silver,7,r001
37f4000f-e934-4799-957d-e89dc504fd07,0.6293086,#O A man Y moves hands,Playing Instrument,Essential Operation,"Core task involving high hand activity, likely playing the instrument.",silver,7,r001
37f4000f-e934-4799-957d-e89dc504fd07,10.4084386,#C C moves a catan board game box lid on the table,Playing Instrument,Object Transfer,"The action involves moving an object (the box lid), which is a logistics step.",silver,7,r001
37f4000f-e934-4799-957d-e89dc504fd07,20.0686786,#C C picks box on the table,Playing Instrument,Object Transfer,Logistics step involving picking up an object.,silver,7,r001
37f4000f-e934-4799-957d-e89dc504fd07,23.6998686,#C C separates cards,Playing Instrument,Stationary,"The action of separating cards is likely a low-energy, fine motor task.",silver,7,r001
37f4000f-e934-4799-957d-e89dc504fd07,71.3287386,#O A man Y arranges pieces of catan board,Playing Instrument,Object Transfer,Logistics/Setup step involving arranging objects.,silver,7,r001
37f4000f-e934-4799-957d-e89dc504fd07,92.1247086,#C C picks pieces of catan board on the table,Playing Instrument,Object Transfer,Logistics step involving picking up objects.,silver,7,r001
37f4000f-e934-4799-957d-e89dc504fd07,98.2345086,#C C fixes piece of catan board on the table,Playing Instrument,Object Transfer,"Logistics step, placing an object on the table.",silver,7,r001
37f4000f-e934-4799-957d-e89dc504fd07,106.8086086,#O A man Y fixes pieces of catan board on the table,Playing Instrument,Object Transfer,"Logistics/Setup step, placing items on the table.",silver,7,r001
37f4000f-e934-4799-957d-e89dc504fd07,132.6288286,#O A man Y sits on a chair,Playing Instrument,Stationary,"The action describes sitting on a chair, indicating low body and hand motion.",silver,7,r001
37f4000f-e934-4799-957d-e89dc504fd07,225.7747686,#C C turns #unsure on the table,Playing Instrument,Stationary,"The action describes a momentary pause or uncertainty, indicating low energy and no significant motion.",silver,7,r001
37f4000f-e934-4799-957d-e89dc504fd07,230.7851086,#C C picks #unsure on the table,Playing Instrument,Object Transfer,Logistics/Setup step (picking up an object).,silver,7,r001
37f4000f-e934-4799-957d-e89dc504fd07,237.2822786,#C C puts #unsure on the board,Playing Instrument,Object Transfer,"Logistics step, placing an object on a surface.",silver,7,r001
37f4000f-e934-4799-957d-e89dc504fd07,244.5329386,#C C picks #unsure with the other hand,Playing Instrument,Object Transfer,"Logistics action, picking up an object with the hand.",silver,7,r001
37f4000f-e934-4799-957d-e89dc504fd07,255.6605886,#C C moves hand around,Playing Instrument,Essential Operation,Core task involving high hand activity.,silver,7,r001
37f4000f-e934-4799-957d-e89dc504fd07,385.3331134162207,#C C crosses hands,Playing Instrument,Stationary,The action of crossing hands is a preparatory movement and does not involve significant motion.,silver,7,r001
37f4000f-e934-4799-957d-e89dc504fd07,405.3738834162207,#C C leans hands on the table,Playing Instrument,Stationary,"Low body/hand motion, indicating a pause or rest.",silver,7,r001
37f4000f-e934-4799-957d-e89dc504fd07,413.62547341622064,#O A man Y picks card on the table,Playing Instrument,Object Transfer,"The action involves picking up an object, which is a logistics step.",silver,7,r001
37f4000f-e934-4799-957d-e89dc504fd07,418.0307134162207,#O A man Y holds cards,Playing Instrument,Stationary,"The action describes holding cards, which involves minimal movement.",silver,7,r001
37f4000f-e934-4799-957d-e89dc504fd07,531.5332534162206,#O A man Y picks cards on the table,Playing Instrument,Object Transfer,"The action involves picking up objects (cards), which is a logistics step.",silver,7,r001
37f4000f-e934-4799-957d-e89dc504fd07,573.718007613672,#C C uses gestures,Playing Instrument,Stationary,"Low body/hand motion, possibly indicating a pause or preparatory gesture.",silver,7,r001
37f4000f-e934-4799-957d-e89dc504fd07,631.4817876136719,#O A man Y puts card on the table,Playing Instrument,Object Transfer,The action involves placing an object (card) on a surface (table).,silver,7,r001
37f4000f-e934-4799-957d-e89dc504fd07,638.4223676136719,#O A man Y points on the board,Playing Instrument,Stationary,Pointing on the board indicates a static action with minimal body movement.,silver,7,r001
37f4000f-e934-4799-957d-e89dc504fd07,647.0262376136719,#O A man Y picks dices on the table,Playing Instrument,Object Transfer,"Action involves picking up objects, which is a logistics step.",silver,7,r001
37f4000f-e934-4799-957d-e89dc504fd07,652.6922976136719,#O A man Y picks #unsure on the table,Playing Instrument,Object Transfer,"The action involves picking up an object from the table, which is a logistics step.",silver,7,r001
37f4000f-e934-4799-957d-e89dc504fd07,725.2241376136719,#O A man Y shakes dices,Playing Instrument,Object Transfer,"[CtxFixed] The action of shaking dices can be considered as part of the process of handling and transferring the dices, even though shaking is not a direct transfer action, it is a preparatory step before potentially transferring or using the dices.",silver,7,r001
37f4000f-e934-4799-957d-e89dc504fd07,806.653327613672,#O A man Y arranges cards,Playing Instrument,Stationary,"The action describes arranging cards, which involves minimal body movement.",silver,7,r001
37f4000f-e934-4799-957d-e89dc504fd07,845.0985750406223,#O A man Y picks dices,Playing Instrument,Object Transfer,"The action involves picking up objects, which is a logistics step.",silver,7,r001
37f4000f-e934-4799-957d-e89dc504fd07,861.2662650406223,#O A man Y gives C the dices,Playing Instrument,Object Transfer,"The action involves giving an object (dices), which is a logistics step.",silver,7,r001
37f4000f-e934-4799-957d-e89dc504fd07,876.2903650406224,#O A man Y puts dices on the table,Playing Instrument,Object Transfer,"Logistics step, putting objects down.",silver,7,r001
37f4000f-e934-4799-957d-e89dc504fd07,889.9786350406223,#O A man Y puts cards on the table,Playing Instrument,Object Transfer,Logistics step of placing cards on the table.,silver,7,r001
37f4000f-e934-4799-957d-e89dc504fd07,899.6325050406224,#O A man Y puts #unsure on the board,Playing Instrument,Stationary,"The action described seems to be setting up the instrument or preparing to play, which involves low body/hand motion.",silver,7,r001
37f4000f-e934-4799-957d-e89dc504fd07,1066.6340983739556,#C C puts dices on the table,Playing Instrument,Object Transfer,"Logistics/Setup step, putting objects in place.",silver,7,r001
37f4000f-e934-4799-957d-e89dc504fd07,1180.6604416989585,#C C joins hands,Playing Instrument,Stationary,"Joining hands is a low-energy, static action.",silver,7,r001
37f4000f-e934-4799-957d-e89dc504fd07,1228.2977116989582,#C C shakes dices,Playing Instrument,Essential Operation,"[CtxFixed] Shaking dices is a preparatory action before using them, such as in a game, and is not related to locomotion, search, or stationary behavior.",silver,7,r001
37f4000f-e934-4799-957d-e89dc504fd07,1300.9322416989585,#O A man Y holds #unsure on the board,Playing Instrument,Stationary,The action description suggests a pause or holding position without active movement.,silver,7,r001
37f4000f-e934-4799-957d-e89dc504fd07,1328.5793816989583,#O A man Y picks dices on the table,Playing Instrument,Essential Operation,Playing an instrument involves core manual tasks with high hand activity.,silver,7,r001
37f4000f-e934-4799-957d-e89dc504fd07,1344.2728616989584,#O A man Y moves cards,Playing Instrument,Stationary,"The action described seems to involve moving cards, which typically involves low energy movements.",silver,7,r001
37f4000f-e934-4799-957d-e89dc504fd07,1439.118957905176,#O A man Y moves around,Playing Instrument,Locomotion,"The action describes movement around, which corresponds to body motion through space.",silver,7,r001
37f4000f-e934-4799-957d-e89dc504fd07,1458.610757905176,#O A man Y shakes hand,Playing Instrument,Stationary,"Low body/hand motion, implies a pause or interaction rather than active playing.",silver,7,r001
37f4000f-e934-4799-957d-e89dc504fd07,1475.143347905176,#O A man Y moves dice on the table,Playing Instrument,Object Transfer,Logistics/moving an object on the table.,silver,7,r001
37f4000f-e934-4799-957d-e89dc504fd07,1552.1589879051758,#O A man Y uses gestures,Playing Instrument,Stationary,The description 'uses gestures' is not specific enough to indicate active movement or high acceleration. This could imply a stationary action such as conducting or gesturing while talking.,silver,7,r001
37f4000f-e934-4799-957d-e89dc504fd07,1582.962437905176,#C C moves fingers,Playing Instrument,Essential Operation,Core task involving high hand activity.,silver,7,r001
37f4000f-e934-4799-957d-e89dc504fd07,1655.4705042803384,#C C collects cards from the table.,Playing Instrument,Object Transfer,"Logistics/Setup step, picking up objects.",silver,7,r001
37f4000f-e934-4799-957d-e89dc504fd07,1683.6778842803385,#C C looks on.,Playing Instrument,Stationary,"Low body/hand motion, indicating an idle or observational state.",silver,7,r001
37f4000f-e934-4799-957d-e89dc504fd07,1778.8049542803385,#O person X does #unsure,Playing Instrument,Essential Operation,Core task involving manual dexterity and fine motor skills.,silver,7,r001
37f4000f-e934-4799-957d-e89dc504fd07,1798.0438642803383,#C C drops dices on the table.,Playing Instrument,Object Transfer,Refined via regex fallback,silver,7,r001
37f4000f-e934-4799-957d-e89dc504fd07,1894.7541742803385,#O person X collects dices on the table.,Playing Instrument,Object Transfer,Logistics step involving picking up and putting down objects.,silver,7,r001
37f4000f-e934-4799-957d-e89dc504fd07,1924.5744849098564,#C C drops cards on the table.,Playing Instrument,Object Transfer,Refined via regex fallback,silver,7,r001
37f4000f-e934-4799-957d-e89dc504fd07,1935.4200349098564,#O person X drops the dices.,Playing Instrument,Object Transfer,"[CtxFixed] The action involves a deliberate placement of the dices onto a surface, which fits the criteria for Object Transfer.",silver,7,r001
37f4000f-e934-4799-957d-e89dc504fd07,1983.1028649098564,#C C does #unsure,Playing Instrument,Essential Operation,Playing an instrument involves core manual tasks with high hand activity.,silver,7,r001
37f4000f-e934-4799-957d-e89dc504fd07,1988.1636749098564,#O person X moves a dice on the table.,Playing Instrument,Object Transfer,"The action involves moving an object (dice), which is a logistics step.",silver,7,r001
37f4000f-e934-4799-957d-e89dc504fd07,2183.561483811589,#C C places the pellet on the table.,Playing Instrument,Object Transfer,Logistics step involving placing an object.,silver,7,r001
37f4000f-e934-4799-957d-e89dc504fd07,2195.520083811589,#C C looks at her cards.,Playing Instrument,Search,"Visual search or monitoring, likely with head movement.",silver,7,r001
37f4000f-e934-4799-957d-e89dc504fd07,2246.476593811589,#O person X takes a card.,Playing Instrument,Object Transfer,Logistics step involving picking up an item (card).,silver,7,r001
37f4000f-e934-4799-957d-e89dc504fd07,2262.833713811589,#C C shuffles her cards.,Playing Instrument,Stationary,The action of shuffling cards is typically performed with one hand while the other hand and the body remain relatively stationary.,silver,7,r001
37f4000f-e934-4799-957d-e89dc504fd07,2401.214893811589,#C C collects a card.,Playing Instrument,Stationary,"The action 'collects a card' does not involve significant body or hand movement, indicating a low-energy activity.",silver,7,r001
37f4000f-e934-4799-957d-e89dc504fd07,2444.122313811589,#O person X lifts a pellet.,Playing Instrument,Object Transfer,"The action involves picking up an object, which is a logistics step.",silver,7,r001
39cfed05-9a45-4d70-9ee8-f6579380f6e3,24.9624886,#C C puts on the electric kettle,Cooking,Object Transfer,"The action involves picking up and placing the kettle, which is a logistics step.",silver,7,r001
39cfed05-9a45-4d70-9ee8-f6579380f6e3,33.5534486,#C C puts the jug in the kitchen cabinet,Cooking,Object Transfer,Logistics step involving placing an object.,silver,7,r001
39cfed05-9a45-4d70-9ee8-f6579380f6e3,41.7467086,#C C picks coffee maker from the shelf,Cooking,Object Transfer,Logistics/Setup step involving picking up an object.,silver,7,r001
39cfed05-9a45-4d70-9ee8-f6579380f6e3,49.2652586,#C C puts the lid on the table,Cooking,Object Transfer,"Logistics/Setup step, moving an object to a location.",silver,7,r001
39cfed05-9a45-4d70-9ee8-f6579380f6e3,59.8765486,#C C scoops #unsure from the storage can,Cooking,Object Transfer,Logistics step involving picking up or transferring an object.,silver,7,r001
39cfed05-9a45-4d70-9ee8-f6579380f6e3,132.47609859999997,#C C scoops #unsure from the glass can,Cooking,Essential Operation,"Core task involving scooping, high hand activity.",silver,7,r001
39cfed05-9a45-4d70-9ee8-f6579380f6e3,280.33194860000003,#C C holds the cooking pan handle,Cooking,Stationary,"Low body/hand motion, holding position.",silver,7,r001
39cfed05-9a45-4d70-9ee8-f6579380f6e3,308.7265779896485,#C C puts spice on the shelf,Cooking,Object Transfer,Logistics/Setup step involving moving an object to a location.,silver,7,r001
39cfed05-9a45-4d70-9ee8-f6579380f6e3,338.5592279896485,#C C turns coffee maker on the table,Cooking,Object Transfer,Logistics step involving picking up and placing the coffee maker.,silver,7,r001
39cfed05-9a45-4d70-9ee8-f6579380f6e3,349.0671179896485,#C C closes the coffee maker with the lid,Cooking,Object Transfer,"Closing an object, involves picking up and placing the lid.",silver,7,r001
3a9a814d-222f-4712-97b4-a71d9f8b5a4a,45.05546,#C C puts a mark on the wall,Carpentry,Essential Operation,Marking the wall involves a focused manual task with high hand activity.,silver,7,r001
3a9a814d-222f-4712-97b4-a71d9f8b5a4a,197.9223,#C C climb down the ladder,Carpentry,Locomotion,Body moving through space (climbing down). High body acceleration.,silver,7,r001
3a9a814d-222f-4712-97b4-a71d9f8b5a4a,275.14892,#C C hits the screw,Carpentry,Essential Operation,Core task involving high hand activity and forceful motion.,silver,7,r001
3a9a814d-222f-4712-97b4-a71d9f8b5a4a,366.91026,#C C drills the screw,Carpentry,Essential Operation,Core manual task involving high hand activity.,silver,7,r001
3b856ad7-6781-473a-b528-357dafb153ac,18.979945266666665,#C C walks towards the dough,Cooking,Locomotion,Body moving through space (walking).,silver,7,r001
3b856ad7-6781-473a-b528-357dafb153ac,102.26665526666666,#C C picks some dough,Cooking,Object Transfer,Logistics step of picking an object.,silver,7,r001
3b856ad7-6781-473a-b528-357dafb153ac,103.10014526666666,#C C drops the dough in the wheat flour,Cooking,Object Transfer,[CtxFixed] The action of dropping the dough into the wheat flour can be considered a deliberate placement step in the cooking process.,silver,7,r001
3b856ad7-6781-473a-b528-357dafb153ac,139.99222526666665,#O woman X presses the bread,Cooking,Essential Operation,Core task involving manual operation with high hand activity.,silver,7,r001
3b856ad7-6781-473a-b528-357dafb153ac,159.20800526666667,#C C holds the rolling stick with both hands,Cooking,Stationary,"Low body/hand motion, holding an object without movement.",silver,7,r001
3b856ad7-6781-473a-b528-357dafb153ac,162.17442526666667,#O woman X places the rolled dough on the plate,Cooking,Object Transfer,Logistics step involving picking up and placing the dough.,silver,7,r001
3b856ad7-6781-473a-b528-357dafb153ac,176.38821526666666,#C C tosses the dough in the wheat flour,Cooking,Essential Operation,Core task involving high hand activity.,silver,7,r001
3b856ad7-6781-473a-b528-357dafb153ac,211.96724526666665,#O woman X flips the bread,Cooking,Locomotion,"The action involves movement through space, likely with a swinging motion of the body or arm.",silver,7,r001
3b856ad7-6781-473a-b528-357dafb153ac,231.25801526666663,#C C drops the rolled dough in the cooking pan,Cooking,Object Transfer,"[CtxFixed] The action of dropping the rolled dough into the cooking pan is a deliberate placement, which fits the criteria for 'Object Transfer'.",silver,7,r001
3b856ad7-6781-473a-b528-357dafb153ac,253.46079526666665,#C C adjusts the dough,Cooking,Essential Operation,Core task involving hands in a repetitive and focused manner.,silver,7,r001
3b856ad7-6781-473a-b528-357dafb153ac,363.2449552666666,#C C puts the sieve on the plate,Cooking,Object Transfer,Logistics step involving picking up and placing the sieve.,silver,7,r001
3b856ad7-6781-473a-b528-357dafb153ac,527.3666752666667,#C C removes the sieve from the plate,Cooking,Object Transfer,Logistics/Setup step involving the removal of an object.,silver,7,r001
3b856ad7-6781-473a-b528-357dafb153ac,604.9880252666667,#O A woman Y wears a mitten,Cooking,Stationary,"The action described is wearing a mitten, which involves minimal movement.",silver,7,r001
3b856ad7-6781-473a-b528-357dafb153ac,618.8512252666667,#O A woman Y picks a spoon,Cooking,Object Transfer,Logistics action of picking up an object.,silver,7,r001
3b856ad7-6781-473a-b528-357dafb153ac,705.3834452666667,#C C mixes soup with a spoon,Cooking,Essential Operation,Core task involving high hand activity.,silver,7,r001
3b856ad7-6781-473a-b528-357dafb153ac,739.4111352666667,#C C cuts paratha,Cooking,Essential Operation,Core task involving high hand activity.,silver,7,r001
3b856ad7-6781-473a-b528-357dafb153ac,739.4111352666667,#O A woman Y cuts paratha,Cooking,Essential Operation,"Core task, high hand activity.",silver,7,r001
3b856ad7-6781-473a-b528-357dafb153ac,754.4037752666667,#C C dips paratha in soup,Cooking,Essential Operation,Core manual task involving hand movement.,silver,7,r001
3b856ad7-6781-473a-b528-357dafb153ac,857.4758952666667,#C C eats the roti,Cooking,Stationary,"Low body/hand motion, eating involves minimal movement.",silver,7,r001
3b856ad7-6781-473a-b528-357dafb153ac,890.8925652666667,#C C puts the roti on the plate,Cooking,Object Transfer,Logistics step involving picking up and placing the roti on the plate.,silver,7,r001
3b856ad7-6781-473a-b528-357dafb153ac,927.7476452666668,#C C dips the roti in the soup,Cooking,Essential Operation,Core task involving manipulation of objects with high hand activity.,silver,7,r001
3b856ad7-6781-473a-b528-357dafb153ac,1179.0391019333333,#O a lady X puts dirt on the side of the plate,Cooking,Object Transfer,Refined via regex fallback,silver,7,r001
3b856ad7-6781-473a-b528-357dafb153ac,1187.9709919333334,#O a lady X eats,Cooking,Stationary,"Low body/hand motion, eating involves minimal movement.",silver,7,r001
3b856ad7-6781-473a-b528-357dafb153ac,1201.8906419333332,#O a lady X puts the mango peel on the side of the plate,Cooking,Object Transfer,Logistics step of moving the mango peel to the side of the plate.,silver,7,r001
3b856ad7-6781-473a-b528-357dafb153ac,1225.5989719333334,#C C eats chapati,Cooking,Stationary,"Low body/hand motion, eating is a relatively stationary action.",silver,7,r001
3b856ad7-6781-473a-b528-357dafb153ac,1356.1522019333331,#O a lady X picks #unsure from the bowl,Cooking,Object Transfer,Logistics step involving picking an object.,silver,7,r001
3b856ad7-6781-473a-b528-357dafb153ac,1387.9488719333333,#C C picks taco.,Cooking,Object Transfer,"Logistics step, picking up an object.",silver,7,r001
3b856ad7-6781-473a-b528-357dafb153ac,1430.5488719333332,#O woman X lifts a bowl.,Cooking,Object Transfer,Logistics action involving lifting an object.,silver,7,r001
3b856ad7-6781-473a-b528-357dafb153ac,1436.5443419333333,#C C eats food from a spoon.,Cooking,Stationary,"Low body/hand motion, eating involves minimal movement.",silver,7,r001
3b856ad7-6781-473a-b528-357dafb153ac,1457.7882419333332,#C C eats the taco piece.,Cooking,Stationary,"Low body/hand motion, eating is a relatively stationary action.",silver,7,r001
3b856ad7-6781-473a-b528-357dafb153ac,1469.539731933333,#C C stirs soup with spoon.,Cooking,Essential Operation,Core task involving repetitive hand movements.,silver,7,r001
3b856ad7-6781-473a-b528-357dafb153ac,1476.694801933333,#C C puts spoon in the bowl.,Cooking,Object Transfer,"Logistics step, short burst of hand activity.",silver,7,r001
3b856ad7-6781-473a-b528-357dafb153ac,1510.9736419333333,#C C drinks soup from the bowl.,Cooking,Stationary,"Low body/hand motion, primarily involving the mouth.",silver,7,r001
3b856ad7-6781-473a-b528-357dafb153ac,1516.053051933333,#O woman X eats with hand.,Cooking,Essential Operation,"Direct interaction with food, involving high hand activity.",silver,7,r001
3b856ad7-6781-473a-b528-357dafb153ac,1536.7493619333334,#C C adjusts hand.,Cooking,Stationary,"Low body/hand motion, likely fine adjustment.",silver,7,r001
3b856ad7-6781-473a-b528-357dafb153ac,1603.4966019333333,#C C puts the mango piece in a plate.,Cooking,Object Transfer,Logistics step involving picking up and placing the mango piece.,silver,7,r001
3b856ad7-6781-473a-b528-357dafb153ac,1625.6011719333333,#O woman X operates a phone.,Cooking,Stationary,Operating a phone typically involves minimal body movement and can be considered a stationary activity.,silver,7,r001
3b856ad7-6781-473a-b528-357dafb153ac,1628.7677019333332,#C C drops the mango peel in the plate.,Cooking,Object Transfer,Refined via regex fallback,silver,7,r001
3b856ad7-6781-473a-b528-357dafb153ac,1630.2033519333334,#C C picks a mango piece.,Cooking,Object Transfer,Logistics step involving picking up an object.,silver,7,r001
3b856ad7-6781-473a-b528-357dafb153ac,1651.0234919333334,#C C eats from the mango peel.,Cooking,Essential Operation,Core task involving manual manipulation and consumption.,silver,7,r001
3b856ad7-6781-473a-b528-357dafb153ac,1671.2276919333333,#C C drops the peel in the plate.,Cooking,Object Transfer,Refined via regex fallback,silver,7,r001
3b856ad7-6781-473a-b528-357dafb153ac,1739.3593619333333,#C C adjusts a mango piece.,Cooking,Essential Operation,Core task involving precise hand movements.,silver,7,r001
3b856ad7-6781-473a-b528-357dafb153ac,1740.3695319333333,#C C eats the mango piece.,Cooking,Stationary,"Low body/hand motion, eating is a relatively still activity.",silver,7,r001
3b856ad7-6781-473a-b528-357dafb153ac,1847.7119319333333,#C C views the mango peel.,Cooking,Search,"Visual inspection, likely involves head movement.",silver,7,r001
3b856ad7-6781-473a-b528-357dafb153ac,1858.1735219333327,#C C puts the bowl on a bowl.,Cooking,Object Transfer,Logistics/Setup step involving picking up and placing an object.,silver,7,r001
3b856ad7-6781-473a-b528-357dafb153ac,1864.7542919333328,#O woman X arranges a bowl on the plate.,Cooking,Object Transfer,Logistics step involving placing an object (arranging a bowl on a plate).,silver,7,r001
3b856ad7-6781-473a-b528-357dafb153ac,1876.193991933333,#O woman X drops dirt in a bowl.,Cooking,Object Transfer,Refined via regex fallback,silver,7,r001
3b989129-a310-4aa9-85f5-e5e9a90df99b,16.9707396,#C C aligns the plastic pack,Cooking,Stationary,"Low body/hand motion, aligning an object is a precise, stationary task.",silver,7,r001
3b989129-a310-4aa9-85f5-e5e9a90df99b,168.0692796,#C C places cooking stick on the countertop,Cooking,Object Transfer,Logistics step involving placing an object.,silver,7,r001
3b989129-a310-4aa9-85f5-e5e9a90df99b,400.9502186458333,#C C lifts pan,Cooking,Locomotion,"Movement of the body or object through space, likely involves lifting which can be associated with body acceleration.",silver,7,r001
3b989129-a310-4aa9-85f5-e5e9a90df99b,434.2471186458333,#C C tilts pan,Cooking,Essential Operation,"Core task involving manipulation of an object, high hand activity.",silver,7,r001
3b989129-a310-4aa9-85f5-e5e9a90df99b,447.79483864583335,#C C stirs #unsure on pan,Cooking,Essential Operation,Core task involving high hand activity.,silver,7,r001
3b989129-a310-4aa9-85f5-e5e9a90df99b,638.0837709546634,#C C pours icing sugar on the cooking pan,Cooking,Essential Operation,Core task involving high hand activity.,silver,7,r001
3b989129-a310-4aa9-85f5-e5e9a90df99b,682.0399009546634,#C C spreads icing sugar on the cooking pan,Cooking,Essential Operation,Core task involving fine hand movements.,silver,7,r001
3b989129-a310-4aa9-85f5-e5e9a90df99b,824.0665209546635,#C C throws the eggshell in the dustbin,Cooking,Object Transfer,Logistics step involving picking up and disposing of an object.,silver,7,r001
3b989129-a310-4aa9-85f5-e5e9a90df99b,834.7996709546634,#C C hits an egg on the countertop,Cooking,Essential Operation,Core task involving manual action with high hand acceleration.,silver,7,r001
3b989129-a310-4aa9-85f5-e5e9a90df99b,955.3271409546634,#C C holds the can,Cooking,Stationary,"Low body/hand motion, holding an object without movement.",silver,7,r001
3b989129-a310-4aa9-85f5-e5e9a90df99b,960.9725709546634,#C C pours the egg in the chopper bowl,Cooking,Essential Operation,Core task involving high hand activity.,silver,7,r001
3b989129-a310-4aa9-85f5-e5e9a90df99b,1110.7338709546632,#C C places the flavor bottle on the countertop,Cooking,Object Transfer,Logistics step involving the placement of an object.,silver,7,r001
3b989129-a310-4aa9-85f5-e5e9a90df99b,1126.3158409546634,#C C inserts the plug in the socket,Cooking,Object Transfer,"Logistics step, short burst of hand activity.",silver,7,r001
3b989129-a310-4aa9-85f5-e5e9a90df99b,1187.0231209546632,#C C holds the chopper bowl,Cooking,Stationary,"Holding an object without moving it around, low energy activity.",silver,7,r001
3b989129-a310-4aa9-85f5-e5e9a90df99b,1289.6270709546634,#C C picks the packet of cream,Cooking,Object Transfer,Logistics step involving picking up an object.,silver,7,r001
3b989129-a310-4aa9-85f5-e5e9a90df99b,1292.4473309546634,#C C unwraps the cream,Cooking,Essential Operation,Core manual task involving hand activity.,silver,7,r001
3b989129-a310-4aa9-85f5-e5e9a90df99b,1370.195900954663,#C C pours the ingredient in the chopper bowl,Cooking,Essential Operation,Core task involving manual operation with high hand activity.,silver,7,r001
3b989129-a310-4aa9-85f5-e5e9a90df99b,1410.3815609546632,#C C picks the motor,Cooking,Object Transfer,Logistics/Setup step.,silver,7,r001
3b989129-a310-4aa9-85f5-e5e9a90df99b,1412.2142909546633,#C C attaches the motor on the chopper bowl,Cooking,Essential Operation,"Core task involving manual assembly, high hand activity.",silver,7,r001
3b989129-a310-4aa9-85f5-e5e9a90df99b,1428.8631709546632,#C C disconnects the blade from the chopper bowl,Cooking,Essential Operation,Core manual task involving hand manipulation.,silver,7,r001
3b989129-a310-4aa9-85f5-e5e9a90df99b,1614.3966209546631,#C C places the can in the fridge,Cooking,Object Transfer,Logistics step involving picking up and placing an object.,silver,7,r001
3b989129-a310-4aa9-85f5-e5e9a90df99b,1627.935210954663,#C C places the chopper bowl on the countertop,Cooking,Object Transfer,Logistics step involving the placement of an object.,silver,7,r001
3b989129-a310-4aa9-85f5-e5e9a90df99b,1679.7666709546631,#C C places the chopper bowl on the rack,Cooking,Object Transfer,Logistics step involving placing an object.,silver,7,r001
3b989129-a310-4aa9-85f5-e5e9a90df99b,1686.496290954663,#C C places the whisk in the bowl,Cooking,Object Transfer,"Logistics step, placing an object.",silver,7,r001
3b989129-a310-4aa9-85f5-e5e9a90df99b,1706.351730954663,#C C places the whisk on the rack,Cooking,Object Transfer,"Logistics/Setup step, placing object.",silver,7,r001
3b989129-a310-4aa9-85f5-e5e9a90df99b,1707.9961409546631,#C C picks the detergent,Cooking,Object Transfer,"Logistics step, picking up an object.",silver,7,r001
3b989129-a310-4aa9-85f5-e5e9a90df99b,1707.9961409546631,#C C picks the sponge,Cooking,Object Transfer,"Logistics/Setup step, picking up an object.",silver,7,r001
3b989129-a310-4aa9-85f5-e5e9a90df99b,1754.532000954663,#C C rinses the chopper adapter,Cooking,Essential Operation,"Core task involving hand activity, specifically washing.",silver,7,r001
3b989129-a310-4aa9-85f5-e5e9a90df99b,1791.3904909546632,#C C drags the cooking pan in the sink,Cooking,Essential Operation,Dragging the pan involves high hand activity and is a core task in the cooking process.,silver,7,r001
3b989129-a310-4aa9-85f5-e5e9a90df99b,1795.926740954663,#C C places the blade on the rack,Cooking,Object Transfer,"Logistics step, placing an object.",silver,7,r001
3e287c36-44a8-4871-b090-dbd352392181,67.2335086,#C C holds the dumbbell with one hand,Desk Work,Stationary,Holding an object with minimal movement.,silver,7,r001
3e287c36-44a8-4871-b090-dbd352392181,286.2409092695843,#C C exercises with a dumbbell,Desk Work,Essential Operation,Core manual task involving high hand activity.,silver,7,r001
3e287c36-44a8-4871-b090-dbd352392181,375.6997692695843,#C C lifts up dumbbell,Desk Work,Essential Operation,Core task involving high hand activity.,silver,7,r001
3e287c36-44a8-4871-b090-dbd352392181,455.1730092695843,#C C picks up dumbbell,Desk Work,Object Transfer,Logistics step involving picking up an object.,silver,7,r001
408cd48d-2156-4d5c-b8fd-8beccf301066,7.3021796,#C C looks at himself through the phone camera,Cooking,Search,"Visual search or monitoring (looking at himself through the phone camera), low hand activity.",silver,7,r001
408cd48d-2156-4d5c-b8fd-8beccf301066,180.4138796,#C C sweeps under the curtain,Cooking,Object Transfer,"Logistics action involving sweeping, which is a transfer of motion/energy to an object.",silver,7,r001
408cd48d-2156-4d5c-b8fd-8beccf301066,265.5593996,#C C leans the brush against the wall,Cooking,Stationary,"Low body/hand motion, setting down an object.",silver,7,r001
408cd48d-2156-4d5c-b8fd-8beccf301066,316.7370109546634,#Sweeps the floor with the brush,Cooking,Locomotion,"Body movement through space, likely involves sweeping motions with the brush.",silver,7,r001
408cd48d-2156-4d5c-b8fd-8beccf301066,484.9461509546634,#C C wipes the dirt on the table with his hand,Cooking,Essential Operation,Core task involving high hand activity.,silver,7,r001
408cd48d-2156-4d5c-b8fd-8beccf301066,713.3911309546634,#C C drops the kitenge on the couch,Cooking,Object Transfer,"[CtxFixed] The action involves deliberately placing the kitenge onto the couch, which fits the definition of a deliberate placement.",silver,7,r001
408cd48d-2156-4d5c-b8fd-8beccf301066,823.3915109546633,#C C sweeps the floor with the brush,Cooking,Locomotion,"Movement through space while performing a sweeping action, involves significant body acceleration.",silver,7,r001
408cd48d-2156-4d5c-b8fd-8beccf301066,932.8879709546634,#C C drops the shoes on the floor,Cooking,Object Transfer,Refined via regex fallback,silver,7,r001
408cd48d-2156-4d5c-b8fd-8beccf301066,997.7870309546634,#C C puts the dustbin on the floor,Cooking,Object Transfer,Logistics step involving moving an object.,silver,7,r001
408cd48d-2156-4d5c-b8fd-8beccf301066,1140.9406609546634,#C C Wipes the table with a paper towel,Cooking,Essential Operation,Core task involving high hand activity.,silver,7,r001
408cd48d-2156-4d5c-b8fd-8beccf301066,1153.7109509546633,#C C Cuts another piece of paper towel,Cooking,Essential Operation,"Core task, high hand activity.",silver,7,r001
408cd48d-2156-4d5c-b8fd-8beccf301066,1285.4217509546634,#C C Opens the waste bin,Cooking,Object Transfer,Logistics step involving opening an object.,silver,7,r001
408cd48d-2156-4d5c-b8fd-8beccf301066,1339.9200309546632,#C C Covers the container with polythene paper,Cooking,Object Transfer,Logistics step involving covering an object.,silver,7,r001
408cd48d-2156-4d5c-b8fd-8beccf301066,1483.6339709546633,#C C Removes the capsicum from the polythene paper,Cooking,Object Transfer,Logistics/Setup step involving the removal of an object.,silver,7,r001
408cd48d-2156-4d5c-b8fd-8beccf301066,1612.6054609546632,#C C Opens the microwave,Cooking,Object Transfer,Logistics/Setup step (opening a drawer or container).,silver,7,r001
408cd48d-2156-4d5c-b8fd-8beccf301066,1629.5182409546633,#C C Removes a plate of tortilla from the microwave,Cooking,Object Transfer,Logistics step involving picking up and moving an object.,silver,7,r001
408cd48d-2156-4d5c-b8fd-8beccf301066,1649.499690954663,#C C Picks the flatbreads from the fridge,Cooking,Object Transfer,Logistics step involving picking up an object.,silver,7,r001
408cd48d-2156-4d5c-b8fd-8beccf301066,1753.181790954663,#C C Closes the tin with a lid,Cooking,Object Transfer,Logistics step involving picking up and placing the lid on the tin.,silver,7,r001
40a4de2a-a6e6-46eb-a7cf-cd79fae7c5f8,65.2300686,#C C takes the packed food on the table,Cooking,Object Transfer,Logistics step involving picking up and moving an object.,silver,7,r001
40a4de2a-a6e6-46eb-a7cf-cd79fae7c5f8,82.9031986,#C C opens the drawer door,Cooking,Object Transfer,Logistics/Setup step.,silver,7,r001
40a4de2a-a6e6-46eb-a7cf-cd79fae7c5f8,350.81408860000005,#C C separates garlic pieces,Cooking,Essential Operation,Core manual task involving high hand activity.,silver,7,r001
40a4de2a-a6e6-46eb-a7cf-cd79fae7c5f8,555.8451193319112,#C C tears pack #Unsure,Cooking,Stationary,The action of tearing a pack is a quick motion but does not involve significant body movement.,silver,7,r001
40a4de2a-a6e6-46eb-a7cf-cd79fae7c5f8,591.7645893319112,#C C shakes mixture in the bottle,Cooking,Essential Operation,Core task involving high hand activity.,silver,7,r001
40a4de2a-a6e6-46eb-a7cf-cd79fae7c5f8,608.7472693319112,#C C removes bottle from blender,Cooking,Object Transfer,Logistics/Setup step involving the removal of an object.,silver,7,r001
40a4de2a-a6e6-46eb-a7cf-cd79fae7c5f8,689.4448993319112,#C C places lid on counter top,Cooking,Object Transfer,Logistics step involving placement of an object.,silver,7,r001
40a4de2a-a6e6-46eb-a7cf-cd79fae7c5f8,707.1660993319113,#C C pulls baking tray from oven,Cooking,Object Transfer,Logistics of moving the baking tray from the oven.,silver,7,r001
40a4de2a-a6e6-46eb-a7cf-cd79fae7c5f8,847.892807613672,#C C puts the tomato aside,Cooking,Object Transfer,Logistics step involving picking up and placing down an object.,silver,7,r001
40a4de2a-a6e6-46eb-a7cf-cd79fae7c5f8,864.443507613672,#C C takes the tomato,Cooking,Object Transfer,Logistics/Setup step.,silver,7,r001
40a4de2a-a6e6-46eb-a7cf-cd79fae7c5f8,1009.137657613672,#C C wipes the face,Cooking,Stationary,"Low body/hand motion, likely involves minimal movement.",silver,7,r001
40a4de2a-a6e6-46eb-a7cf-cd79fae7c5f8,1458.1857983031705,#C C carries the chopping board with onions,Cooking,Object Transfer,Logistics step of moving the chopping board with onions.,silver,7,r001
40a4de2a-a6e6-46eb-a7cf-cd79fae7c5f8,1517.1871083031706,#C C checks #unsure on the grill,Cooking,Search,"Head movement (visual search), hands mostly still.",silver,7,r001
40a4de2a-a6e6-46eb-a7cf-cd79fae7c5f8,1642.490851041406,#C C takes a knife from the table,Cooking,Object Transfer,"Logistics/Setup step, picking up an object.",silver,7,r001
40a4de2a-a6e6-46eb-a7cf-cd79fae7c5f8,1670.295561041406,#C C takes the butter slices from the chopping board,Cooking,Object Transfer,Logistics step involving picking up and moving an object.,silver,7,r001
40a4de2a-a6e6-46eb-a7cf-cd79fae7c5f8,1738.574351041406,#C C searches for #unsure in the kitchen cabinet,Cooking,Search,"Head movement (visual search), hands mostly still.",silver,7,r001
40a4de2a-a6e6-46eb-a7cf-cd79fae7c5f8,1774.024591041406,#C C mixes the vegetable mixture in the bowl with a spoon,Cooking,Essential Operation,Core manual task involving high hand activity.,silver,7,r001
40a4de2a-a6e6-46eb-a7cf-cd79fae7c5f8,1777.4520010414062,#C C serves vegetable mixture on a plate,Cooking,Object Transfer,Logistics step involving picking up and placing the vegetable mixture on a plate.,silver,7,r001
40a83cc4-0e1e-4de4-8a7b-d028ecd0c214,7.69811,#C C puts the papers on a large paper,Carpentry,Object Transfer,"Logistics step of placing papers, short bursts of hand activity.",silver,7,r001
40a83cc4-0e1e-4de4-8a7b-d028ecd0c214,18.20426,#C C gestures out,Carpentry,Stationary,"Low body/hand motion, likely involves minimal movement.",silver,7,r001
40a83cc4-0e1e-4de4-8a7b-d028ecd0c214,96.88468,#C C goes up the ladder,Carpentry,Locomotion,Body moving through space (climbing). High body acceleration.,silver,7,r001
40a83cc4-0e1e-4de4-8a7b-d028ecd0c214,264.6341,#C C picks packs of bulb holders,Carpentry,Object Transfer,"Logistics step, picking up objects.",silver,7,r001
40a83cc4-0e1e-4de4-8a7b-d028ecd0c214,691.0106566666667,#C C looks on the watch,Carpentry,Search,"Head movement (looking), passive hands.",silver,7,r001
40a83cc4-0e1e-4de4-8a7b-d028ecd0c214,716.5860166666666,#C C goes down the ladder,Carpentry,Locomotion,"Body moving through space, likely involves walking or descending.",silver,7,r001
40a83cc4-0e1e-4de4-8a7b-d028ecd0c214,801.4483166666666,#C C puts down the wire,Carpentry,Object Transfer,Logistics step of placing an object down.,silver,7,r001
40a83cc4-0e1e-4de4-8a7b-d028ecd0c214,933.8928166666668,#C C fixes the cable connector on the electric cable,Carpentry,Essential Operation,Core manual task involving high hand activity.,silver,7,r001
40a83cc4-0e1e-4de4-8a7b-d028ecd0c214,950.2193166666666,#C C picks a cable connector,Carpentry,Object Transfer,Logistics step of picking up an object.,silver,7,r001
40a83cc4-0e1e-4de4-8a7b-d028ecd0c214,1079.993333333333,#C C picks ring bulb holder,Carpentry,Object Transfer,"Logistics step, picking up an object.",silver,7,r001
42263a6a-e984-4dd9-82db-a43d6e879c8f,647.5548033333333,#C C Walks along the pavement with a man X,Walking Outdoors,Locomotion,"Body moving through space, indicative of walking.",silver,7,r001
42263a6a-e984-4dd9-82db-a43d6e879c8f,1002.7146133333332,#C C walks along the pavement with a man K,Walking Outdoors,Locomotion,"Body moving through space, indicative of walking.",silver,7,r001
42263a6a-e984-4dd9-82db-a43d6e879c8f,1495.9154666666668,#C C walks along the road with a man X,Walking Outdoors,Locomotion,"Body moving through space, indicative of walking.",silver,7,r001
42263a6a-e984-4dd9-82db-a43d6e879c8f,2074.76652,#C C walks with a man X,Walking Outdoors,Locomotion,"Body moving through space, indicative of walking.",silver,7,r001
42263a6a-e984-4dd9-82db-a43d6e879c8f,2481.407143333334,#C C walks along the pavement with a man Y,Walking Outdoors,Locomotion,"Body moving through space, indicative of walking.",silver,7,r001
44271ca2-afea-4ae1-8f09-52236b16f151,18.31742,# C c raises hands,Walking Outdoors,Stationary,The action of raising hands while walking does not fit the locomotion category since the focus is on a stationary action rather than movement through space.,silver,7,r001
4ace159b-7af8-492b-9910-e14a5cb72d1a,64.9744996,#C C looks at the mirrior,Mechanical Repair,Search,"Head movement (visual inspection), hands mostly still.",silver,7,r001
4ace159b-7af8-492b-9910-e14a5cb72d1a,353.3067109546634,#C C ties shoes laces,Mechanical Repair,Stationary,The action of tying shoelaces involves fine motor skills with hands but does not involve significant body movement.,silver,7,r001
4ace159b-7af8-492b-9910-e14a5cb72d1a,722.4625186000001,#C C touches on the ground,Mechanical Repair,Stationary,"Low body/hand motion, indicative of a stationary action such as touching an object without moving around.",silver,7,r001
4ace159b-7af8-492b-9910-e14a5cb72d1a,2211.4184286000004,#C C runs on a pavement,Mechanical Repair,Locomotion,"Body moving through space (running), high body acceleration.",silver,7,r001
4ace159b-7af8-492b-9910-e14a5cb72d1a,3090.9211386000006,#c c touches shoes,Mechanical Repair,Stationary,"Low body/hand motion, indicative of inspection or touch.",silver,7,r001
4ace159b-7af8-492b-9910-e14a5cb72d1a,3437.0099486000004,#c c puts leg forward,Mechanical Repair,Locomotion,"Movement through space, indicative of walking or stepping.",silver,7,r001
4ace159b-7af8-492b-9910-e14a5cb72d1a,3478.8677986,#c c touches metal,Mechanical Repair,Stationary,"Low body/hand motion, likely inspecting or feeling the metal.",silver,7,r001
4ace159b-7af8-492b-9910-e14a5cb72d1a,4222.0793786,#c c presses lift control unit,Mechanical Repair,Stationary,Pressing a control unit typically involves minimal body movement and is a stationary action.,silver,7,r001
4ace159b-7af8-492b-9910-e14a5cb72d1a,4643.135028600001,#c c connects blender to the blender motor unit,Mechanical Repair,Essential Operation,Core manual task involving high hand activity.,silver,7,r001
4dc58b9f-75f4-4f27-aa19-2b8ebd1daad6,177.5453796,#C C shifts the fourth wire on the floor on top of the orange wire.,Carpentry,Object Transfer,"The action involves moving an object (wire), which is a logistics step.",silver,7,r001
4dc58b9f-75f4-4f27-aa19-2b8ebd1daad6,186.6021696,#C C shifts the fifth wire on the floor with his right hand.,Carpentry,Object Transfer,Logistics step involving moving an object (wire) on the floor.,silver,7,r001
4dc58b9f-75f4-4f27-aa19-2b8ebd1daad6,213.0972296,#C C drops the sixth wire on the floor.,Carpentry,Object Transfer,Refined via regex fallback,silver,7,r001
4dc58b9f-75f4-4f27-aa19-2b8ebd1daad6,246.3425296,#C C places his left hand on his camera.,Carpentry,Stationary,"The action involves placing a hand on a camera, which is a low-energy, static activity.",silver,7,r001
4dc58b9f-75f4-4f27-aa19-2b8ebd1daad6,413.66761095466336,#C C drags the wire from the wall.,Carpentry,Locomotion,"Body moving through space, likely involves significant body acceleration.",silver,7,r001
4dc58b9f-75f4-4f27-aa19-2b8ebd1daad6,689.4698176213301,#C C adjusts the ladder.,Carpentry,Locomotion,Adjusting the ladder involves body movement through space.,silver,7,r001
4dc58b9f-75f4-4f27-aa19-2b8ebd1daad6,698.41679762133,#C C touches a wire with his left hand.,Carpentry,Essential Operation,"[CtxFixed] The action of touching a wire with the left hand is likely part of an essential operation, such as checking for electricity or making an electrical connection.",silver,7,r001
4dc58b9f-75f4-4f27-aa19-2b8ebd1daad6,765.91238762133,#C C unties the wire.,Carpentry,Stationary,The action of untangling a wire is likely to involve fine motor skills with minimal body movement.,silver,7,r001
4dc58b9f-75f4-4f27-aa19-2b8ebd1daad6,807.4985976213301,#C C drops the junction box on the floor.,Carpentry,Object Transfer,Refined via regex fallback,silver,7,r001
4dc58b9f-75f4-4f27-aa19-2b8ebd1daad6,866.88747762133,#C C walks away with the container.,Carpentry,Locomotion,Body moving through space with the container.,silver,7,r001
4dc58b9f-75f4-4f27-aa19-2b8ebd1daad6,919.97805762133,#C C lifts the drill gun from the ladder with his right hand.,Carpentry,Object Transfer,"The action involves picking up an object, which is a logistics step.",silver,7,r001
4dc58b9f-75f4-4f27-aa19-2b8ebd1daad6,946.22505762133,#C C looks at the wire.,Carpentry,Search,"Head movement (visual inspection), hands mostly still.",silver,7,r001
50444259-3a59-4f0a-b846-ac0c1b32b5ca,32.7785196,#C C pulls chair on the floor,Cleaning,Locomotion,"Movement of the chair through space, likely involves sliding or dragging which is a form of locomotion.",silver,7,r001
50444259-3a59-4f0a-b846-ac0c1b32b5ca,72.4405596,#C C eats the peach,Cleaning,Essential Operation,Core manual task involving the hands with high activity.,silver,7,r001
50444259-3a59-4f0a-b846-ac0c1b32b5ca,158.5077996,#C C places a slice of peach on the table,Cleaning,Object Transfer,Logistics step involving pick up and put down actions.,silver,7,r001
50444259-3a59-4f0a-b846-ac0c1b32b5ca,195.5969896,#C C puts peach in the mouth,Cleaning,Stationary,"Low body/hand motion, eating action.",silver,7,r001
50444259-3a59-4f0a-b846-ac0c1b32b5ca,339.7442709546634,#C C pushes the rack,Cleaning,Locomotion,"Body moving through space, likely involves pushing an object which results in high body acceleration.",silver,7,r001
50444259-3a59-4f0a-b846-ac0c1b32b5ca,366.8478709546634,#C C rinses cooking pan,Cleaning,Essential Operation,Core task involving high hand activity.,silver,7,r001
50444259-3a59-4f0a-b846-ac0c1b32b5ca,396.2184209546634,#C C places cup on the rack,Cleaning,Object Transfer,Logistics step involving the placement of an object.,silver,7,r001
50444259-3a59-4f0a-b846-ac0c1b32b5ca,415.59484095466337,#C C picks a jar from the sink,Cleaning,Object Transfer,Logistics step involving picking up an object.,silver,7,r001
50444259-3a59-4f0a-b846-ac0c1b32b5ca,424.2469909546634,#C C pulls the rack,Cleaning,Locomotion,"Body moving through space, likely involves pulling an object which indicates movement.",silver,7,r001
50444259-3a59-4f0a-b846-ac0c1b32b5ca,443.38523095466337,#C C places sieving bowl on the rack,Cleaning,Object Transfer,Logistics step involving placing an object.,silver,7,r001
50444259-3a59-4f0a-b846-ac0c1b32b5ca,457.5389709546634,#C C hangs cloth towel on the cooker handle,Cleaning,Object Transfer,Logistics action involving picking up and placing the towel.,silver,7,r001
50444259-3a59-4f0a-b846-ac0c1b32b5ca,470.0825009546634,#C C picks plate from the table,Cleaning,Object Transfer,Logistics step involving picking up an object.,silver,7,r001
50444259-3a59-4f0a-b846-ac0c1b32b5ca,498.7127509546634,#C C moves a lid,Cleaning,Object Transfer,Logistics step involving moving an object.,silver,7,r001
50444259-3a59-4f0a-b846-ac0c1b32b5ca,560.4215486,#C C places sponge in the sink,Cleaning,Object Transfer,Logistics step involving picking up and placing an object.,silver,7,r001
50444259-3a59-4f0a-b846-ac0c1b32b5ca,566.4530386,#C C scrubs a serving spoon with a sponge,Cleaning,Essential Operation,Core task involving high hand activity.,silver,7,r001
50444259-3a59-4f0a-b846-ac0c1b32b5ca,867.4558486000001,#C C picks a dish on the table,Cleaning,Object Transfer,Logistics step involving picking up an object.,silver,7,r001
50444259-3a59-4f0a-b846-ac0c1b32b5ca,902.9825686,#C C picks a pen from the table,Cleaning,Object Transfer,Logistics step involving picking up an object.,silver,7,r001
50444259-3a59-4f0a-b846-ac0c1b32b5ca,1017.8045586,#C C picks a glass,Cleaning,Object Transfer,Logistics step involving picking up an object.,silver,7,r001
50444259-3a59-4f0a-b846-ac0c1b32b5ca,1025.2495786,#C C places dish on the countertop,Cleaning,Object Transfer,Logistics step involving picking up and placing an object.,silver,7,r001
50444259-3a59-4f0a-b846-ac0c1b32b5ca,1062.6699579333333,#C C folds the table cover,Cleaning,Essential Operation,Core manual task involving fine hand movements.,silver,7,r001
50444259-3a59-4f0a-b846-ac0c1b32b5ca,1072.9636179333334,#C C throws table cloth in the washing machine,Cleaning,Locomotion,"Body movement involved in the action of throwing, which includes a sudden motion and possibly movement to retrieve and place the table cloth.",silver,7,r001
50444259-3a59-4f0a-b846-ac0c1b32b5ca,1155.9399619333333,#C C moves table on the floor,Cleaning,Locomotion,Body moving through space to move the table.,silver,7,r001
50444259-3a59-4f0a-b846-ac0c1b32b5ca,1161.8599419333332,#C C moves chair on the floor,Cleaning,Locomotion,"Body moving through space, likely involves pushing or dragging a chair.",silver,7,r001
50444259-3a59-4f0a-b846-ac0c1b32b5ca,1201.7344719333332,#C C moves cleaning brush,Cleaning,Essential Operation,Core task involving high hand activity.,silver,7,r001
53443703-0ad4-44b9-9be6-041e01b26e4e,29.0484486,#C C puts the cards on the sheet,Playing Instrument,Object Transfer,Logistics/Setup step (placing cards).,silver,7,r001
53443703-0ad4-44b9-9be6-041e01b26e4e,66.6006786,#O O puts the cards on the sheet,Playing Instrument,Object Transfer,"The action involves placing objects (cards) on a surface, which is a logistics step.",silver,7,r001
53443703-0ad4-44b9-9be6-041e01b26e4e,314.5893587027318,#O O puts the card down,Playing Instrument,Object Transfer,"The action involves putting an object down, which is a logistics step.",silver,7,r001
53443703-0ad4-44b9-9be6-041e01b26e4e,455.2636387027318,#O O touches the cards,Playing Instrument,Stationary,"The action 'touches the cards' implies a low-energy, stationary interaction.",silver,7,r001
53443703-0ad4-44b9-9be6-041e01b26e4e,535.3113720360651,#C C touches o's hand,Playing Instrument,Stationary,"Low body/hand motion, likely involves gentle contact or communication.",silver,7,r001
53443703-0ad4-44b9-9be6-041e01b26e4e,555.8198221677084,#C C puts the card in the sheet,Playing Instrument,Object Transfer,"Logistics step of placing the card, short burst of hand activity.",silver,7,r001
53443703-0ad4-44b9-9be6-041e01b26e4e,916.7005627881418,#O O shuffles the cards,Playing Instrument,Stationary,Shuffling cards is typically a localized hand movement and does not involve significant body locomotion.,silver,7,r001
53443703-0ad4-44b9-9be6-041e01b26e4e,1027.901032788142,#O O picks the cards,Playing Instrument,Stationary,"The action of picking cards does not involve significant body movement and can be considered a low-energy, stationary activity.",silver,7,r001
53443703-0ad4-44b9-9be6-041e01b26e4e,1668.4775086,#O O puts the card on the sheet,Playing Instrument,Object Transfer,"Logistics/Setup step, placing an object.",silver,7,r001
53443703-0ad4-44b9-9be6-041e01b26e4e,1675.9736986,#C C puts the card on the sheet,Playing Instrument,Object Transfer,"Logistics step, placing an object.",silver,7,r001
5607d99f-d48e-484a-8d35-50f3be65fde4,73.58414959999999,#C C places the sheet on a mattress,Walking Outdoors,Object Transfer,"Logistics step, placing an object.",silver,7,r001
5607d99f-d48e-484a-8d35-50f3be65fde4,103.3474296,#C C lifts a pillow cover,Walking Outdoors,Essential Operation,Core manual task involving high hand activity.,silver,7,r001
5613f20a-991f-43c1-9a7d-87632ef6795c,90.2316086,#C C throws the waste papers in the dustbin,Cleaning,Object Transfer,Logistics action involving moving an object to a destination.,silver,7,r001
5613f20a-991f-43c1-9a7d-87632ef6795c,159.62581859999997,#C C throws the waste papers in the dustbin,Cleaning,Locomotion,Movement of the body through space to perform the action.,silver,7,r001
5613f20a-991f-43c1-9a7d-87632ef6795c,205.5441186,#C C checks #unsure,Cleaning,Stationary,"Low body/hand motion, likely inspecting or waiting.",silver,7,r001
5613f20a-991f-43c1-9a7d-87632ef6795c,263.7412286,#C C moves dustbins,Cleaning,Locomotion,"Body moving through space to move dustbins, involves high body acceleration.",silver,7,r001
5613f20a-991f-43c1-9a7d-87632ef6795c,557.2222221677084,#C C places a bucket on ground,Cleaning,Object Transfer,"Logistics step, placing an object.",silver,7,r001
5613f20a-991f-43c1-9a7d-87632ef6795c,562.6086921677083,#C C turns around the area,Cleaning,Locomotion,"Movement through space, likely involves turning or walking around the area.",silver,7,r001
5613f20a-991f-43c1-9a7d-87632ef6795c,722.2332321677084,#C C picks a bottle from the bucket,Cleaning,Object Transfer,Logistics step involving picking up an object.,silver,7,r001
5613f20a-991f-43c1-9a7d-87632ef6795c,770.0914521677084,#C C picks bottles from the bucket,Cleaning,Object Transfer,Logistics step involving picking up objects.,silver,7,r001
5613f20a-991f-43c1-9a7d-87632ef6795c,875.6894585763998,#C C locks the door,Cleaning,Stationary,"The action of locking the door is a brief, stationary activity with minimal body movement.",silver,7,r001
57de9622-1f5b-48e4-89b0-9f364fb1bf3c,3060.7,#C C was taking an evening walk with X and S they were having a chat as the kept walking,Walking Outdoors,Locomotion,"Body moving through space (walking), implies high body acceleration.",silver,7,r001
597c6e1f-4a54-4688-a24d-52bf8f458730,133.39971,#c c insert the bolt,Carpentry,Essential Operation,Core task involving high hand activity.,silver,7,r001
597c6e1f-4a54-4688-a24d-52bf8f458730,194.74298,#c c puts the bolt,Carpentry,Object Transfer,"Logistics/Setup step, involving picking up or putting down an object.",silver,7,r001
597c6e1f-4a54-4688-a24d-52bf8f458730,220.55076,#c c checks if the wire mesh is tight,Carpentry,Search,"Visual inspection, likely involves head movement and minimal hand activity.",silver,7,r001
603a427f-9191-4ca4-a1b0-dd3c5e7fda70,36.0184086,#C C dries his hands with a napkin,Cleaning,Stationary,"Low body/hand motion, likely standing still while drying hands.",silver,7,r001
603a427f-9191-4ca4-a1b0-dd3c5e7fda70,41.6722786,#C C drops napkin in the oven handle,Cleaning,Object Transfer,"[CtxFixed] The action of dropping the napkin onto the oven handle can be considered a deliberate placement of the napkin, even if it was dropped accidentally. Therefore, it is classified as 'Object Transfer'.",silver,7,r001
603a427f-9191-4ca4-a1b0-dd3c5e7fda70,74.7940086,#C C operates a phone on the kitchen slap.,Cleaning,Stationary,"Low body/hand motion, likely involves holding the phone and operating it.",silver,7,r001
603a427f-9191-4ca4-a1b0-dd3c5e7fda70,121.3984586,#C C cleans the bowl with a tissue,Cleaning,Essential Operation,Core manual task involving high hand activity.,silver,7,r001
603a427f-9191-4ca4-a1b0-dd3c5e7fda70,279.5666886,#C C picks phone from the kitchen slap,Cleaning,Object Transfer,Logistics step involving picking up an object.,silver,7,r001
603a427f-9191-4ca4-a1b0-dd3c5e7fda70,332.24557860000004,#C C carries a bag of sugar from the shelf.,Cleaning,Object Transfer,Logistics of moving an object from one place to another.,silver,7,r001
603a427f-9191-4ca4-a1b0-dd3c5e7fda70,355.6214186,#C C drops the spoon on the slab.,Cleaning,Object Transfer,"[CtxFixed] The action of dropping the spoon onto the slab is a deliberate placement, which fits the criteria for 'Object Transfer'.",silver,7,r001
603a427f-9191-4ca4-a1b0-dd3c5e7fda70,401.3247086,#C C opens a fridge with right hand.,Cleaning,Object Transfer,Logistics action involving opening a fridge.,silver,7,r001
60bfacbb-063f-4e3f-bc74-fe993c7a521a,1.2523196,#C C wipes the cat with a towel,Cleaning,Essential Operation,Core task involving manual activity with the hands.,silver,7,r001
60bfacbb-063f-4e3f-bc74-fe993c7a521a,41.6677696,#C C moves both hands,Cleaning,Stationary,"Low body/hand motion, could imply idle or talking.",silver,7,r001
60bfacbb-063f-4e3f-bc74-fe993c7a521a,46.0076596,#C C shakes the towel,Cleaning,Stationary,"Low body/hand motion, more about shaking which is not a continuous high-energy motion.",silver,7,r001
60bfacbb-063f-4e3f-bc74-fe993c7a521a,120.1021496,#C C drops the right hand,Cleaning,Stationary,[CtxFixed] The action of dropping the right hand is a stationary action as it involves the cessation of movement of a body part without any significant transfer or search activity.,silver,7,r001
60bfacbb-063f-4e3f-bc74-fe993c7a521a,215.0843496,#C C drops #Unsure on the nylon paper bag,Cleaning,Object Transfer,"[CtxFixed] The action of dropping the object onto the nylon paper bag indicates a deliberate placement, which fits the criteria for 'Object Transfer'.",silver,7,r001
60bfacbb-063f-4e3f-bc74-fe993c7a521a,228.7608296,#C C sieves #Unsure,Cleaning,Essential Operation,Core task involving active hand movement.,silver,7,r001
60bfacbb-063f-4e3f-bc74-fe993c7a521a,241.4848696,#C C moves the siever,Cleaning,Locomotion,Movement of the body through space to move the siever.,silver,7,r001
60bfacbb-063f-4e3f-bc74-fe993c7a521a,254.3990596,#C C pushes #Unsure on the bucket,Cleaning,Locomotion,"Body moving through space to push the bucket, likely involves high body acceleration.",silver,7,r001
60bfacbb-063f-4e3f-bc74-fe993c7a521a,261.67506960000003,#C C adjust the camera,Cleaning,Stationary,"Adjusting the camera typically involves minimal movement, mostly hand adjustments and possibly head movements.",silver,7,r001
60bfacbb-063f-4e3f-bc74-fe993c7a521a,303.6663809546634,#C C moves the siever,Cleaning,Object Transfer,Moving an object from one place to another.,silver,7,r001
60bfacbb-063f-4e3f-bc74-fe993c7a521a,312.9172309546634,#C C scoops #Unsure,Cleaning,Essential Operation,"Core task involving scooping, high hand activity.",silver,7,r001
60bfacbb-063f-4e3f-bc74-fe993c7a521a,347.2200409546634,#C C pours #unsure on the nylon paper bag,Cleaning,Essential Operation,Core task involving manual activity with hands.,silver,7,r001
60bfacbb-063f-4e3f-bc74-fe993c7a521a,382.8008209546634,#C C pours #Unsure,Cleaning,Essential Operation,Core task involving active hand movement.,silver,7,r001
60bfacbb-063f-4e3f-bc74-fe993c7a521a,452.4238309546634,#C C stretches the rope,Cleaning,Locomotion,"Body movement through space, likely involves stretching which is a form of body movement.",silver,7,r001
60bfacbb-063f-4e3f-bc74-fe993c7a521a,470.1183309546634,#C C shakes the rope,Cleaning,Locomotion,"Body moving through space, likely involves swinging or moving the arms with the rope.",silver,7,r001
60bfacbb-063f-4e3f-bc74-fe993c7a521a,473.7913309546634,#C C lifts the rope,Cleaning,Locomotion,"Body moving through space, likely involves physical movement to lift an object.",silver,7,r001
60bfacbb-063f-4e3f-bc74-fe993c7a521a,474.0503709546634,#C C swings the rope,Cleaning,Locomotion,"Body moving through space, likely involves swinging motion with high body acceleration.",silver,7,r001
655e0641-f92b-4db0-acb3-223525247c90,48.9024286,#C C holds the apple fruit with her right hand,Mechanical Repair,Stationary,"Holding an object without moving, low energy activity.",silver,7,r001
6ab72273-4324-4cec-aad4-1a644b57356b,32.8210786,#C C lifts detergent bottle,Cleaning,Object Transfer,Logistics step involving picking up an object.,silver,7,r001
6ab72273-4324-4cec-aad4-1a644b57356b,151.8106186,#C C closes water tap,Cleaning,Stationary,Short action with low energy motion.,silver,7,r001
6ab72273-4324-4cec-aad4-1a644b57356b,247.8724786,#C C wipes table with sponge,Cleaning,Essential Operation,Core task involving high hand activity.,silver,7,r001
6ab72273-4324-4cec-aad4-1a644b57356b,300.5633834828125,#C C moves a tin #Unsure,Cleaning,Locomotion,"Movement of an object through space, likely involves body motion.",silver,7,r001
6ab72273-4324-4cec-aad4-1a644b57356b,357.2229534828125,#C C cleans utensils rack,Cleaning,Essential Operation,Core task involving high hand activity for cleaning.,silver,7,r001
6ab72273-4324-4cec-aad4-1a644b57356b,378.1437334828125,#C C cleans sink with a sponge,Cleaning,Essential Operation,Core manual task involving high hand activity.,silver,7,r001
6ab72273-4324-4cec-aad4-1a644b57356b,478.5671134828125,#C C sprays soap to the sponge,Cleaning,Essential Operation,Core task involving high hand activity.,silver,7,r001
6ab72273-4324-4cec-aad4-1a644b57356b,734.2978768505982,#C C cleans under cabinets,Cleaning,Essential Operation,"Core manual task involving cleaning, high hand activity.",silver,7,r001
6ab72273-4324-4cec-aad4-1a644b57356b,748.6353268505982,#C C scrubs floor with vacuum hose pipe,Cleaning,Essential Operation,Core task involving high hand activity.,silver,7,r001
6ab72273-4324-4cec-aad4-1a644b57356b,827.952327613672,#C C drops a bucket,Cleaning,Object Transfer,"[CtxFixed] The action of dropping a bucket is a deliberate placement of the object onto a surface, which fits the criteria for 'Object Transfer'.",silver,7,r001
6ab72273-4324-4cec-aad4-1a644b57356b,857.268427613672,#C C pours a liquid soap in a bucket,Cleaning,Essential Operation,Core manual task involving high hand activity.,silver,7,r001
6ab72273-4324-4cec-aad4-1a644b57356b,862.9092176136719,#C C fills water in a bucket,Cleaning,Essential Operation,Core task involving high hand activity.,silver,7,r001
6ab72273-4324-4cec-aad4-1a644b57356b,1058.0826076136718,#C C carries a bucket,Cleaning,Locomotion,Body moving through space with an object (high body acceleration).,silver,7,r001
6ab72273-4324-4cec-aad4-1a644b57356b,1380.5515882628472,#C C drops a pan,Cleaning,Object Transfer,"[CtxFixed] The action of dropping a pan is a deliberate placement of the object onto a surface, which fits the criteria for 'Object Transfer'.",silver,7,r001
6ab72273-4324-4cec-aad4-1a644b57356b,1404.1949782628471,#C C washes a dish,Cleaning,Essential Operation,"Core task, high hand activity.",silver,7,r001
6ab72273-4324-4cec-aad4-1a644b57356b,1536.6965182628471,#C C rinses a spoon,Cleaning,Essential Operation,Core manual task involving hand movement.,silver,7,r001
6ab72273-4324-4cec-aad4-1a644b57356b,1738.1068649378906,#C C picks a pan lid,Cleaning,Object Transfer,Logistics step involving picking up an object.,silver,7,r001
6ab72273-4324-4cec-aad4-1a644b57356b,1761.3505649378906,#C C drops a pan lid,Cleaning,Object Transfer,"[CtxFixed] The action of dropping a pan lid is a deliberate placement of the object onto a surface, which fits the criteria for 'Object Transfer'.",silver,7,r001
6ab72273-4324-4cec-aad4-1a644b57356b,1932.774482496484,#C C carries a pan,Cleaning,Locomotion,Body moving through space with an object.,silver,7,r001
6ab72273-4324-4cec-aad4-1a644b57356b,1986.634522496484,#C C drops a liquid soap,Cleaning,Object Transfer,"[CtxFixed] The action of dropping a liquid soap is a deliberate placement of the soap onto a surface, which fits the criteria for 'Object Transfer'.",silver,7,r001
6b8963b9-0645-4eb4-93d0-32644cfcd99f,11.68808,#C C holds the small plastic tray with his hands,Carpentry,Stationary,"Low body/hand motion, holding an object without movement.",silver,7,r001
6b8963b9-0645-4eb4-93d0-32644cfcd99f,83.01251,#C C touches the plastic tomato vase on the greenhouse bench,Carpentry,Stationary,"Low energy, touch action without movement.",silver,7,r001
6b8963b9-0645-4eb4-93d0-32644cfcd99f,137.73972,#C C picks the plastic tray on the greenhouse bench,Carpentry,Object Transfer,Logistics step involving picking up an object.,silver,7,r001
6b8963b9-0645-4eb4-93d0-32644cfcd99f,462.78338,#C C holds his phone with his hands,Carpentry,Stationary,"Low body/hand motion, holding phone.",silver,7,r001
6b8963b9-0645-4eb4-93d0-32644cfcd99f,666.9436433333333,#C C stands on the floor,Carpentry,Stationary,"Low body/hand motion, indicating a static position.",silver,7,r001
6b8963b9-0645-4eb4-93d0-32644cfcd99f,730.1638633333333,#C C holds the bag on the chair with his hands,Carpentry,Stationary,"Low body/hand motion, holding an object in place.",silver,7,r001
6b8963b9-0645-4eb4-93d0-32644cfcd99f,895.7915133333333,#C C opens the table drawer,Carpentry,Object Transfer,Logistics step involving opening a drawer.,silver,7,r001
6b8963b9-0645-4eb4-93d0-32644cfcd99f,1171.00396,#C C operates his phone with his hands,Carpentry,Stationary,Operating a phone typically involves low body motion and can be performed while standing or sitting still.,silver,7,r001
6bc12612-2c12-4938-a394-c65de370a159,347.4066987027318,#C C dances in the house,Desk Work,Locomotion,"Body moving through space, likely involves high body acceleration.",silver,7,r001
6bc12612-2c12-4938-a394-c65de370a159,996.1104686458332,#C C picks a glass of water.,Desk Work,Object Transfer,Logistics step involving picking up an object.,silver,7,r001
6bc12612-2c12-4938-a394-c65de370a159,1493.6837653125,#C C dances around,Desk Work,Locomotion,Body moving through space with high body acceleration.,silver,7,r001
6bc12612-2c12-4938-a394-c65de370a159,2258.331093764388,#C C lifts left leg,Desk Work,Stationary,"Low body/hand motion, slight movement does not constitute a core task or transfer.",silver,7,r001
6bc12612-2c12-4938-a394-c65de370a159,2285.626963764388,#C C steps on the ground,Desk Work,Locomotion,"Body moving through space, likely involves walking or stepping.",silver,7,r001
6d9d3b31-334f-4710-8f66-8d9befde4665,14.3132886,#C C Stretches the sweater,Cleaning,Stationary,"The action involves a gentle stretch, which is likely to have low body and hand acceleration.",silver,7,r001
6d9d3b31-334f-4710-8f66-8d9befde4665,42.0998986,#C C Places the tray in the cabinet,Cleaning,Object Transfer,Logistics step involving placing an object.,silver,7,r001
6d9d3b31-334f-4710-8f66-8d9befde4665,154.63891859999998,#C C Moves the drawer,Cleaning,Object Transfer,Logistics step involving moving a drawer.,silver,7,r001
6d9d3b31-334f-4710-8f66-8d9befde4665,352.7383922621094,#C C Picks a cutlery holder,Cleaning,Object Transfer,Logistics/Setup step involving picking up an object.,silver,7,r001
6d9d3b31-334f-4710-8f66-8d9befde4665,354.5023022621094,#C C Picks a dish sponge from the sink,Cleaning,Object Transfer,Logistics step involving picking up an object.,silver,7,r001
6d9d3b31-334f-4710-8f66-8d9befde4665,370.7365722621094,#C C Turns around the house,Cleaning,Locomotion,"Movement through space, likely involves walking or moving around.",silver,7,r001
6d9d3b31-334f-4710-8f66-8d9befde4665,382.2466022621094,#C C Cleans the utensils rack with a sponge,Cleaning,Essential Operation,Core manual task involving high hand activity.,silver,7,r001
6d9d3b31-334f-4710-8f66-8d9befde4665,462.0997622621094,#C C Applies liquid soap on the sink wall,Cleaning,Essential Operation,"Core task involving manual application, high hand activity.",silver,7,r001
6d9d3b31-334f-4710-8f66-8d9befde4665,532.0303222621094,#C C Wipes the sink table,Cleaning,Essential Operation,Core manual task involving high hand activity.,silver,7,r001
6d9d3b31-334f-4710-8f66-8d9befde4665,1012.5033086,#C C Places the chopping board on side of the microwave,Cleaning,Object Transfer,Logistics step involving placing an object.,silver,7,r001
6d9d3b31-334f-4710-8f66-8d9befde4665,1065.4731986000002,#C C Places the spray bottle on the table,Cleaning,Object Transfer,Logistics step involving placing an object.,silver,7,r001
6d9d3b31-334f-4710-8f66-8d9befde4665,1126.8356186,#C C picks a jug from the box,Cleaning,Object Transfer,Logistics step involving picking up an object.,silver,7,r001
6d9d3b31-334f-4710-8f66-8d9befde4665,1145.5969386000002,#C C picks jugs from the shelf,Cleaning,Object Transfer,Logistics step involving picking up objects.,silver,7,r001
6d9d3b31-334f-4710-8f66-8d9befde4665,1257.8289086,#C C cleans the toaster with a scoring pad,Cleaning,Essential Operation,"Core task involving manual cleaning activity, high hand activity.",silver,7,r001
6d9d3b31-334f-4710-8f66-8d9befde4665,1282.3533286000002,#C C cleans the box with a scoring pad,Cleaning,Essential Operation,"Core manual task, high hand activity.",silver,7,r001
6d9d3b31-334f-4710-8f66-8d9befde4665,1467.4016483137016,#C C pulls a chair back,Cleaning,Locomotion,"Movement of the chair through space, likely involves pushing or pulling with body motion.",silver,7,r001
6d9d3b31-334f-4710-8f66-8d9befde4665,1526.8253283137014,#C C picks a chart from the floor,Cleaning,Object Transfer,Logistics step involving picking up an object.,silver,7,r001
6d9d3b31-334f-4710-8f66-8d9befde4665,1558.5611883137017,#C C walks around the corridor,Cleaning,Locomotion,"Body moving through space, indicative of walking.",silver,7,r001
6d9d3b31-334f-4710-8f66-8d9befde4665,1581.6625183137016,#C C places a wall art on the cooker,Cleaning,Object Transfer,Logistics step involving picking up and placing an object.,silver,7,r001
6d9d3b31-334f-4710-8f66-8d9befde4665,1665.351857613672,#C C cleans on wall with a scoring pad,Cleaning,Essential Operation,Core task involving high hand activity.,silver,7,r001
6d9d3b31-334f-4710-8f66-8d9befde4665,1711.8125376136718,#C C adjusts a vacuum pipe,Cleaning,Essential Operation,Adjusting the vacuum pipe is a core manual task involving fine motor skills.,silver,7,r001
6d9d3b31-334f-4710-8f66-8d9befde4665,1726.021057613672,#C C extends the vacuum pipe,Cleaning,Essential Operation,"Core task, high hand activity for setting up the tool.",silver,7,r001
6d9d3b31-334f-4710-8f66-8d9befde4665,1954.326885024212,#C C holds the spray bottle,Cleaning,Stationary,"Low body/hand motion, holding an object without active manipulation.",silver,7,r001
6d9d3b31-334f-4710-8f66-8d9befde4665,2036.981315024212,#C C pulls the chair,Cleaning,Locomotion,"Movement of the body to pull an object, involving significant body acceleration.",silver,7,r001
6d9d3b31-334f-4710-8f66-8d9befde4665,2089.159805024211,#C C places the vacuum cleaner down,Cleaning,Object Transfer,Logistics step of putting down an object.,silver,7,r001
6e988330-6694-403c-9011-5e5e1ff1d7f6,494.62812,#C C stretchers hand,Mechanical Repair,Stationary,"Low body/hand motion, stretching is a static action.",silver,7,r001
6eb083c4-a7dc-454b-84bc-2f0d8a69dffe,9.5550786,#C C opens a deep fryer,Cooking,Object Transfer,"Opening an object, which is part of the logistics/setup step.",silver,7,r001
6eb083c4-a7dc-454b-84bc-2f0d8a69dffe,31.7134286,#C C removes dirt from the frying basket,Cooking,Essential Operation,"Core task involving manual cleaning, high hand activity.",silver,7,r001
6eb083c4-a7dc-454b-84bc-2f0d8a69dffe,49.6066386,#C C puts the dirt on the counter,Cooking,Object Transfer,"Logistics step, moving an object to a new location.",silver,7,r001
6eb083c4-a7dc-454b-84bc-2f0d8a69dffe,85.8243486,#C C takes a bowl of food from the fridge,Cooking,Object Transfer,Logistics step involving picking up and moving an object.,silver,7,r001
6eb083c4-a7dc-454b-84bc-2f0d8a69dffe,208.6470386,#C C moves the plate aside on the counter,Cooking,Object Transfer,Logistics step involving moving an object.,silver,7,r001
6eb083c4-a7dc-454b-84bc-2f0d8a69dffe,208.6470386,#C C places the plate on the counter,Cooking,Object Transfer,"Logistics step, placing an object.",silver,7,r001
6eb083c4-a7dc-454b-84bc-2f0d8a69dffe,299.95470866327605,#C C places piece of meat in the plate,Cooking,Object Transfer,Logistics step involving the placement of an object.,silver,7,r001
6eb083c4-a7dc-454b-84bc-2f0d8a69dffe,345.09956866327605,#C C cleans the hands,Cooking,Essential Operation,Core manual task involving high hand activity.,silver,7,r001
6eb083c4-a7dc-454b-84bc-2f0d8a69dffe,484.98380199660943,#C C pours liquid in the paste,Cooking,Essential Operation,Core task involving high hand activity.,silver,7,r001
6eb083c4-a7dc-454b-84bc-2f0d8a69dffe,695.5836662177904,#C C places spice container on the counter top,Cooking,Object Transfer,"Logistics step, placing an object.",silver,7,r001
6eb083c4-a7dc-454b-84bc-2f0d8a69dffe,854.318537062517,#C C closes the bottle of spice,Cooking,Object Transfer,"Closing an object involves picking it up and placing it, which is a logistics step.",silver,7,r001
70c8bd4f-bfe1-4fb5-82ad-7d763cc28935,0.92384,#C C touches the spark advance. #Unsure,Mechanical Repair,Stationary,"Low body/hand motion, likely inspecting or feeling the component.",silver,7,r001
70c8bd4f-bfe1-4fb5-82ad-7d763cc28935,7.04335,#C C inspects the gas tank Cover.,Mechanical Repair,Search,Visual inspection involves head movement and observation.,silver,7,r001
70c8bd4f-bfe1-4fb5-82ad-7d763cc28935,11.63728,#C C kneels beside the motorcycle.,Mechanical Repair,Stationary,The action involves a change in posture to a stationary position (kneeling).,silver,7,r001
70c8bd4f-bfe1-4fb5-82ad-7d763cc28935,49.89673,#C C hits the gas tank with his right hand twice.,Mechanical Repair,Search,"[CtxFixed] The action of hitting the gas tank twice with his right hand suggests that C is checking or verifying something about the gas tank, which aligns with a search or inspection behavior.",silver,7,r001
70c8bd4f-bfe1-4fb5-82ad-7d763cc28935,96.38944,#C C adjusts a wire on the gas tank cover with his right hand.,Mechanical Repair,Essential Operation,Core manual task involving precise hand movements.,silver,7,r001
70c8bd4f-bfe1-4fb5-82ad-7d763cc28935,161.00119,#C C brings out a tool box with his left hand.,Mechanical Repair,Object Transfer,"The action involves picking up and moving an object (tool box), which is a logistics step.",silver,7,r001
70c8bd4f-bfe1-4fb5-82ad-7d763cc28935,191.45297,#C C returns two screws to his jacket pocket with his left hand.,Mechanical Repair,Object Transfer,"The action involves placing objects (screws) into a pocket, which is a logistics task.",silver,7,r001
70c8bd4f-bfe1-4fb5-82ad-7d763cc28935,244.01984,#C C tightens the screw into the ignition part with the socket screwdriver. #Unsure,Mechanical Repair,Essential Operation,Core manual task involving high hand activity.,silver,7,r001
70c8bd4f-bfe1-4fb5-82ad-7d763cc28935,264.29112,#C C tightens the screw into the ignition part with the socket screw driver. #Unsure,Mechanical Repair,Essential Operation,Core manual task involving high hand activity.,silver,7,r001
70c8bd4f-bfe1-4fb5-82ad-7d763cc28935,329.8585,#C C tightens the screw with the screwdriver.,Mechanical Repair,Essential Operation,Core manual task involving high hand activity.,silver,7,r001
70c8bd4f-bfe1-4fb5-82ad-7d763cc28935,339.45341,#C C touches the gas tank with both hands.,Mechanical Repair,Stationary,"Low body/hand motion, indicative of inspection or observation.",silver,7,r001
70c8bd4f-bfe1-4fb5-82ad-7d763cc28935,356.01148,#C C picks a screwdriver from the ground.,Mechanical Repair,Object Transfer,"Action involves picking up an object, indicative of logistics.",silver,7,r001
70c8bd4f-bfe1-4fb5-82ad-7d763cc28935,511.66988,#C C bends beside the motorcycle.,Mechanical Repair,Locomotion,"Body movement to change position, indicative of high body acceleration.",silver,7,r001
70c8bd4f-bfe1-4fb5-82ad-7d763cc28935,534.3731546666667,#C C adjusts the kickstart. #Unsure,Mechanical Repair,Essential Operation,Core manual task involving fine motor skills and hand manipulation.,silver,7,r001
70c8bd4f-bfe1-4fb5-82ad-7d763cc28935,549.6516746666667,#C C drops the tissue paper on the workshop table with his left gloved hand.,Mechanical Repair,Object Transfer,"[CtxFixed] The action involves deliberately placing the tissue paper onto the workshop table, which fits the definition of a deliberate placement.",silver,7,r001
70c8bd4f-bfe1-4fb5-82ad-7d763cc28935,571.2760266666667,#C C puts engine oil into the oil tank with both gloved hands.,Mechanical Repair,Object Transfer,Logistics step of transferring oil into the tank.,silver,7,r001
70c8bd4f-bfe1-4fb5-82ad-7d763cc28935,647.8014966666667,#C C walks to the other side of the motorcycle.,Mechanical Repair,Locomotion,"Body moving through space, high body acceleration.",silver,7,r001
70c8bd4f-bfe1-4fb5-82ad-7d763cc28935,663.8501266666667,#C C hits the side panel with his gloved right hand.,Mechanical Repair,Essential Operation,"[CtxFixed] The action of hitting the side panel with his gloved right hand likely indicates a final adjustment or check to ensure the side panel is properly fixed, which is part of the essential operation of assembling or maintaining the motorcycle.",silver,7,r001
70c8bd4f-bfe1-4fb5-82ad-7d763cc28935,673.1080666666667,#C C touches the foot rest of the motorcycle with his gloved left hand. #unsure,Mechanical Repair,Stationary,"The action involves touching an object with one hand, indicating a pause and inspection rather than active movement or task execution.",silver,7,r001
70c8bd4f-bfe1-4fb5-82ad-7d763cc28935,693.8193666666666,#C C takes a pen from the table with his gloved right hand.,Mechanical Repair,Object Transfer,Logistics/Setup step involving picking up an object.,silver,7,r001
70c8bd4f-bfe1-4fb5-82ad-7d763cc28935,732.2141466666667,#C C takes a T spanner from the tool compartment with his gloved left hand.,Mechanical Repair,Object Transfer,Logistics action involving picking up an object.,silver,7,r001
70c8bd4f-bfe1-4fb5-82ad-7d763cc28935,810.6728566666667,#C C removes the cylinder kit from the pack with his left hand. #unsure,Mechanical Repair,Object Transfer,Logistics step involving picking up the cylinder kit.,silver,7,r001
70c8bd4f-bfe1-4fb5-82ad-7d763cc28935,831.2177366666667,#C C removes his gloved left hand from the tissue paper.,Mechanical Repair,Object Transfer,"The action involves removing a hand from an object, which is a logistics step.",silver,7,r001
72d6a00b-0554-41cd-a00d-0c1e64e400df,99.02673,#C C walks along the path,Walking Outdoors,Locomotion,"Body moving through space, high body acceleration.",silver,7,r001
72d6a00b-0554-41cd-a00d-0c1e64e400df,737.0211333333333,#C C turns backwards,Walking Outdoors,Locomotion,Turning while moving involves body rotation and movement through space.,silver,7,r001
72d6a00b-0554-41cd-a00d-0c1e64e400df,761.0227133333333,#C C turns forward,Walking Outdoors,Locomotion,Turning while moving through space.,silver,7,r001
72d6a00b-0554-41cd-a00d-0c1e64e400df,793.1451033333333,#C C runs forward,Walking Outdoors,Locomotion,Body moving through space with high body acceleration.,silver,7,r001
72d6a00b-0554-41cd-a00d-0c1e64e400df,883.6770333333334,#C C runs around,Walking Outdoors,Locomotion,"Body moving through space at a higher speed, indicating running.",silver,7,r001
72d6a00b-0554-41cd-a00d-0c1e64e400df,1087.9676326666668,#C C looks backwards,Walking Outdoors,Search,"Head movement (visual search), hands mostly still.",silver,7,r001
72d6a00b-0554-41cd-a00d-0c1e64e400df,1165.5933366666666,#C C walks out of the field,Walking Outdoors,Locomotion,"Body moving through space, indicative of walking.",silver,7,r001
72d6a00b-0554-41cd-a00d-0c1e64e400df,1220.2736066666666,#C C turns round,Walking Outdoors,Locomotion,Turning while moving involves body rotation and movement through space.,silver,7,r001
72d6a00b-0554-41cd-a00d-0c1e64e400df,1354.2740966666663,#C C runs backwards,Walking Outdoors,Locomotion,Body moving through space in a running motion.,silver,7,r001
72d6a00b-0554-41cd-a00d-0c1e64e400df,1378.0343933333334,#O man Y walks with the paper plate,Walking Outdoors,Locomotion,Body moving through space (walking).,silver,7,r001
72d6a00b-0554-41cd-a00d-0c1e64e400df,1466.0594133333334,#O man Z catches the paper plate,Walking Outdoors,Object Transfer,"[CtxFixed] The action involves the man catching a paper plate, which can be considered a deliberate action of receiving or catching an object.",silver,7,r001
72d6a00b-0554-41cd-a00d-0c1e64e400df,1720.55389,#C C throws the plate,Walking Outdoors,Object Transfer,"[CtxFixed] The action involves moving an object (the plate) from one person to another, which fits the definition of transferring an object.",silver,7,r001
72d6a00b-0554-41cd-a00d-0c1e64e400df,2049.89506,#C C converses with Woman S,Walking Outdoors,Stationary,"Low body/hand motion, likely involves minimal movement while speaking.",silver,7,r001
72d6a00b-0554-41cd-a00d-0c1e64e400df,2159.881499333333,#C C runs left,Walking Outdoors,Locomotion,Body moving through space with significant acceleration.,silver,7,r001
72d6a00b-0554-41cd-a00d-0c1e64e400df,2462.304713333333,#O Man S runs,Walking Outdoors,Locomotion,Body moving through space with high body acceleration.,silver,7,r001
72d6a00b-0554-41cd-a00d-0c1e64e400df,2471.226473333333,#O Man H walks,Walking Outdoors,Locomotion,"Body moving through space, indicative of walking.",silver,7,r001
72d6a00b-0554-41cd-a00d-0c1e64e400df,2529.511303333333,#O Man P walks,Walking Outdoors,Locomotion,"Body moving through space, indicative of walking.",silver,7,r001
72d6a00b-0554-41cd-a00d-0c1e64e400df,2575.837993333333,#O Woman Q runs,Walking Outdoors,Locomotion,Body moving through space at a fast pace.,silver,7,r001
72d6a00b-0554-41cd-a00d-0c1e64e400df,2587.038233333333,#O woman Y runs,Walking Outdoors,Locomotion,"Body moving through space at a rapid pace, high body acceleration.",silver,7,r001
72d6a00b-0554-41cd-a00d-0c1e64e400df,2590.990763333333,#O Man U holds #unsure,Walking Outdoors,Locomotion,"Indicates movement through space, likely walking or moving with uncertainty.",silver,7,r001
72d6a00b-0554-41cd-a00d-0c1e64e400df,2598.3075433333333,#O Woman B runs,Walking Outdoors,Locomotion,"Body moving through space at a running pace, high body acceleration.",silver,7,r001
72d6a00b-0554-41cd-a00d-0c1e64e400df,2598.962903333333,#O Man G runs,Walking Outdoors,Locomotion,"Body moving through space, indicative of running which involves high body acceleration.",silver,7,r001
72d6a00b-0554-41cd-a00d-0c1e64e400df,2604.051323333333,#O Man V runs,Walking Outdoors,Locomotion,Body moving through space with high body acceleration.,silver,7,r001
72d6a00b-0554-41cd-a00d-0c1e64e400df,2658.4461126666665,#O Woman H walks,Walking Outdoors,Locomotion,"Body moving through space, indicative of walking.",silver,7,r001
72d6a00b-0554-41cd-a00d-0c1e64e400df,2713.9488126666665,#O Woman T walks,Walking Outdoors,Locomotion,"Body moving through space (walking), high body acceleration.",silver,7,r001
72d6a00b-0554-41cd-a00d-0c1e64e400df,2740.871696666667,#O man L stands,Walking Outdoors,Locomotion,"Standing up implies transition or movement, which often involves body acceleration.",silver,7,r001
72d6a00b-0554-41cd-a00d-0c1e64e400df,2746.852956666667,#O Woman V walks,Walking Outdoors,Locomotion,"Body moving through space, indicative of walking.",silver,7,r001
72d6a00b-0554-41cd-a00d-0c1e64e400df,2754.9666666666667,#O Man P drinks from a bottle,Walking Outdoors,Stationary,"The action involves a person drinking from a bottle, which is a low-energy activity with minimal body movement.",silver,7,r001
752e22a0-e229-421a-80bf-7d3253169b02,1034.0223342879967,#C C stares at the laptop,Desk Work,Stationary,"Low body/hand motion, focused visual activity.",silver,7,r001
752e22a0-e229-421a-80bf-7d3253169b02,1267.786854287997,#C C scrolls the mouse,Desk Work,Stationary,"Low body/hand motion, mostly finger movement.",silver,7,r001
774a7c0d-6d18-4cdc-b2fb-ceb8d195deca,27.5229986,#C C straightens hands,Desk Work,Stationary,"Low body/hand motion, likely adjusting posture.",silver,7,r001
774a7c0d-6d18-4cdc-b2fb-ceb8d195deca,43.4361186,#C C sneezes,Desk Work,Stationary,[CtxFixed] Sneezing is an involuntary action that does not involve movement from one place to another or any other deliberate operation.,silver,7,r001
774a7c0d-6d18-4cdc-b2fb-ceb8d195deca,187.1300786,#C C picks dumbbells on the floor,Desk Work,Object Transfer,Logistics step involving picking up objects from the floor.,silver,7,r001
774a7c0d-6d18-4cdc-b2fb-ceb8d195deca,360.8926957462195,#C C puts a remote on a table,Desk Work,Object Transfer,Logistics step involving picking up and putting down an object.,silver,7,r001
774a7c0d-6d18-4cdc-b2fb-ceb8d195deca,494.52583574621946,#C C puts dumbbells on the floor,Desk Work,Object Transfer,"Logistics of placing objects, short bursts of hand acceleration.",silver,7,r001
774a7c0d-6d18-4cdc-b2fb-ceb8d195deca,511.02038574621946,#C C scratches a hand,Desk Work,Stationary,"Low body/hand motion, brief and minor action.",silver,7,r001
774a7c0d-6d18-4cdc-b2fb-ceb8d195deca,580.0443831540365,#C C lifts looks on the watch,Desk Work,Search,"Head movement (visual check), hands mostly still.",silver,7,r001
774a7c0d-6d18-4cdc-b2fb-ceb8d195deca,768.9019431540364,#C C checks on the watch,Desk Work,Search,"Head movement (visual search), hands mostly still.",silver,7,r001
7b277350-9926-42ef-b5f7-3ee000f3350a,31.1561786,#C C holds round box,Carpentry,Stationary,"Low body/hand motion, holding an object without moving.",silver,7,r001
7b277350-9926-42ef-b5f7-3ee000f3350a,34.5639086,#C C gazes at ladder,Carpentry,Search,"Head movement (visual inspection), hands mostly still.",silver,7,r001
7b277350-9926-42ef-b5f7-3ee000f3350a,88.3219086,"#C C holds mini hack saw, conduit pipe & measuring tape",Carpentry,Stationary,"The action describes holding items, which indicates a static position with minimal motion.",silver,7,r001
7b277350-9926-42ef-b5f7-3ee000f3350a,90.9552486,#C C drops measuring tape,Carpentry,Object Transfer,"[CtxFixed] The action of dropping the measuring tape is a deliberate placement of the object onto a surface, which fits the criteria for 'Object Transfer'.",silver,7,r001
7b277350-9926-42ef-b5f7-3ee000f3350a,116.4010186,#C C lifts conduit pipe up,Carpentry,Locomotion,"Body moving through space to lift an object, involves high body acceleration.",silver,7,r001
7b277350-9926-42ef-b5f7-3ee000f3350a,124.1126986,#C C goes down the ladder with conduit pipe,Carpentry,Locomotion,"Body moving through space (going down the ladder), high body acceleration.",silver,7,r001
7b277350-9926-42ef-b5f7-3ee000f3350a,134.7149686,#C C connects conduit pipe to the joint on the wall,Carpentry,Essential Operation,Core manual task involving high hand activity.,silver,7,r001
7b277350-9926-42ef-b5f7-3ee000f3350a,169.24511859999998,#C C climbs ladder with drill,Carpentry,Locomotion,"Body moving through space with a tool, high body acceleration.",silver,7,r001
7b277350-9926-42ef-b5f7-3ee000f3350a,295.1974986,#C C puts the other panel light down,Carpentry,Object Transfer,Logistics step involving placing an object down.,silver,7,r001
7b277350-9926-42ef-b5f7-3ee000f3350a,300.52407860000005,#C C walks towards exit,Carpentry,Locomotion,"Body moving through space, indicative of walking.",silver,7,r001
7b277350-9926-42ef-b5f7-3ee000f3350a,319.33423860000005,#C C holds tape measure,Carpentry,Stationary,"Low body/hand motion, holding an object without moving.",silver,7,r001
7b277350-9926-42ef-b5f7-3ee000f3350a,383.5084686,#C C goes down the ladder with tape measure,Carpentry,Locomotion,Body moving through space (descending a ladder).,silver,7,r001
7b277350-9926-42ef-b5f7-3ee000f3350a,402.8532686,#C C grabs tape measure,Carpentry,Object Transfer,Logistics action of picking up an object.,silver,7,r001
7b277350-9926-42ef-b5f7-3ee000f3350a,426.5770386,#C C holds conduit pipe & mini hack saw,Carpentry,Stationary,"The action describes holding items without movement, indicating a stationary state.",silver,7,r001
7b277350-9926-42ef-b5f7-3ee000f3350a,438.0328286,#C C holds conduit pipe & round box,Carpentry,Stationary,"The action describes holding items, which involves minimal movement.",silver,7,r001
7b277350-9926-42ef-b5f7-3ee000f3350a,438.7454586,#C C inserts conduit pipe inside round box,Carpentry,Object Transfer,Logistics step involving the placement of an object.,silver,7,r001
7b277350-9926-42ef-b5f7-3ee000f3350a,549.8734532666667,#C C clips conduit pipe,Carpentry,Essential Operation,Core manual task involving high hand activity.,silver,7,r001
7b277350-9926-42ef-b5f7-3ee000f3350a,585.1495552666667,#C C picks a screw,Carpentry,Object Transfer,Logistics step of picking an object.,silver,7,r001
7b277350-9926-42ef-b5f7-3ee000f3350a,642.9775352666667,#C C looks around the container,Carpentry,Search,"Visual search activity, likely involves head movement.",silver,7,r001
7b277350-9926-42ef-b5f7-3ee000f3350a,644.8321452666667,#C C walks around the container,Carpentry,Locomotion,"Body moving through space, indicative of walking.",silver,7,r001
7b277350-9926-42ef-b5f7-3ee000f3350a,648.6464752666667,#C C picks a tape measure,Carpentry,Object Transfer,Logistics/Setup step (picking up an object).,silver,7,r001
7b277350-9926-42ef-b5f7-3ee000f3350a,662.7643052666667,#C C uses a tape measure on the metal,Carpentry,Search,Visual inspection/alignment with the tape measure.,silver,7,r001
7b277350-9926-42ef-b5f7-3ee000f3350a,744.1766452666667,#C C walks up on the lader,Carpentry,Locomotion,Body moving through space (walking).,silver,7,r001
7b277350-9926-42ef-b5f7-3ee000f3350a,946.7945652666668,"#C C goes down the ladder with panel light, panel holder & screw driver",Carpentry,Locomotion,"Body moving through space with objects, high body acceleration.",silver,7,r001
7b277350-9926-42ef-b5f7-3ee000f3350a,959.9747252666668,#C C scouts inside the screw container,Carpentry,Search,"Visual search for the screw, likely involves head movement and minimal hand activity.",silver,7,r001
7b277350-9926-42ef-b5f7-3ee000f3350a,979.3523952666668,#C C picks a screw from the container,Carpentry,Object Transfer,Logistics step involving picking up an object.,silver,7,r001
7b277350-9926-42ef-b5f7-3ee000f3350a,1338.3031642879969,#C C carries panel holder & screw,Carpentry,Object Transfer,"The action involves carrying an object, which is a logistics step.",silver,7,r001
7b277350-9926-42ef-b5f7-3ee000f3350a,1343.6267642879966,#C C grabs drill,Carpentry,Object Transfer,"The action involves picking up the drill, which is a logistics step.",silver,7,r001
7b277350-9926-42ef-b5f7-3ee000f3350a,1364.741014287997,#C C holds drill,Carpentry,Stationary,"The action describes holding a drill, which implies a static position with minimal movement.",silver,7,r001
7b277350-9926-42ef-b5f7-3ee000f3350a,1384.041444287997,#C C looks at the metal light holder,Carpentry,Search,"Visual inspection, head movement involved.",silver,7,r001
7b277350-9926-42ef-b5f7-3ee000f3350a,1433.7429342879966,#C C puts screw in the metal light holder,Carpentry,Essential Operation,"Core task involving manual operation, likely with high hand acceleration.",silver,7,r001
7b277350-9926-42ef-b5f7-3ee000f3350a,1474.3182142879966,#C C looks at the LED light,Carpentry,Search,"Head movement (visual inspection), passive hands.",silver,7,r001
7b277350-9926-42ef-b5f7-3ee000f3350a,1481.5755242879966,#C C slots the LED cable in plastic connecter,Carpentry,Essential Operation,Core manual task involving precise hand movements.,silver,7,r001
7b277350-9926-42ef-b5f7-3ee000f3350a,1505.0025542879966,#C C moves the lader,Carpentry,Locomotion,"Body moving through space, likely involves carrying or moving a ladder.",silver,7,r001
7b277350-9926-42ef-b5f7-3ee000f3350a,1525.7835942879965,#C C picks screw from the ground,Carpentry,Object Transfer,Logistics step involving picking up an object.,silver,7,r001
7b277350-9926-42ef-b5f7-3ee000f3350a,1564.9513642879965,#C C walks down the lader,Carpentry,Locomotion,Body moving through space (walking).,silver,7,r001
7b277350-9926-42ef-b5f7-3ee000f3350a,1704.5005409546634,#C C pushes wires inside conduit pipe,Carpentry,Essential Operation,"Core manual task involving hands, high hand activity.",silver,7,r001
7b277350-9926-42ef-b5f7-3ee000f3350a,1764.2049009546631,#C C strips wire cover with pliers,Carpentry,Essential Operation,Core manual task involving high hand activity.,silver,7,r001
7b277350-9926-42ef-b5f7-3ee000f3350a,1776.8339109546632,#C C climbs the ladder with wires,Carpentry,Locomotion,"Body moving through space (climbing), high body acceleration.",silver,7,r001
7b277350-9926-42ef-b5f7-3ee000f3350a,1855.9810309546635,#C C exits container house,Carpentry,Locomotion,Exiting involves movement through space.,silver,7,r001
7b277350-9926-42ef-b5f7-3ee000f3350a,1902.487500954664,#C C holds screw driver & socket,Carpentry,Stationary,"The action describes holding an object, which is a low energy, stationary state.",silver,7,r001
819c3c0c-b89b-4d2e-96a8-a88d06973fa9,26.865959600000004,#C C works on the wood with the table saw machine,Carpentry,Essential Operation,Core manual task involving high hand activity.,silver,7,r001
819c3c0c-b89b-4d2e-96a8-a88d06973fa9,46.683969600000005,#C C picks a stool in the workshop,Carpentry,Object Transfer,"Logistics/Setup step, picking up an object.",silver,7,r001
819c3c0c-b89b-4d2e-96a8-a88d06973fa9,129.1464896,#C C places the wood on his right hand on the wood on his left hand on the table saw machine,Carpentry,Object Transfer,Logistics step involving moving the wood to the table saw.,silver,7,r001
819c3c0c-b89b-4d2e-96a8-a88d06973fa9,220.1490796,#C C packs some wood on each other on the side of the table saw machine,Carpentry,Essential Operation,Core task involving manual work with hands.,silver,7,r001
819c3c0c-b89b-4d2e-96a8-a88d06973fa9,224.1558396,#C C picks another wood on the side of the table saw machine,Carpentry,Object Transfer,"Logistics step, picking up an object.",silver,7,r001
819c3c0c-b89b-4d2e-96a8-a88d06973fa9,264.8448296,#C C drops the wood with other woods on the other side of the table saw machine,Carpentry,Object Transfer,"[CtxFixed] The action involves deliberately placing the wood with other woods on the other side of the table saw machine, which indicates a purposeful movement and placement of objects.",silver,7,r001
819c3c0c-b89b-4d2e-96a8-a88d06973fa9,315.2924509546634,#C C removes one wood with his right hand.,Carpentry,Object Transfer,"The action involves picking up an object, which is a logistics step.",silver,7,r001
819c3c0c-b89b-4d2e-96a8-a88d06973fa9,362.4692609546634,#C C adjusts the wood on the sawing machine.,Carpentry,Stationary,Adjusting the wood on the sawing machine likely involves minimal body movement and is a preparatory action rather than a high-energy task.,silver,7,r001
85020424-0ed9-4dcd-9a39-e5ab84ec6b6d,169.73847,#C C hits the tennis ball,Desk Work,Essential Operation,"[CtxFixed] The action of hitting a tennis ball is a repetitive and deliberate action in the context of playing tennis, which makes it an essential operation in the sequence.",silver,7,r001
85020424-0ed9-4dcd-9a39-e5ab84ec6b6d,171.53077,#O person X hits tennis ball,Desk Work,Locomotion,"[CtxFixed] The action of hitting the tennis ball is a continuation of the previous actions, which suggests that the person is in the process of playing tennis. The current action should be classified based on the context, which indicates that the person is moving to hit the ball again, thus it is a part of the locomotion involved in the game.",silver,7,r001
85020424-0ed9-4dcd-9a39-e5ab84ec6b6d,875.0734533333333,#O person X hits tennis ball,Desk Work,Essential Operation,"[CtxFixed] The action of hitting a tennis ball is a repetitive and deliberate action, which falls under the category of an essential operation in the context of playing tennis.",silver,7,r001
8773a5e9-c3fd-4777-815b-572b08ce3abe,173.2057486,#X person o plays chess,Playing Instrument,Stationary,Playing chess involves minimal body movement and mostly involves hand movements with pieces on a board.,silver,7,r001
8773a5e9-c3fd-4777-815b-572b08ce3abe,562.0872093320909,#C c plays chess,Playing Instrument,Stationary,Playing chess involves minimal body movement and is primarily a cognitive task.,silver,7,r001
8773a5e9-c3fd-4777-815b-572b08ce3abe,720.9381393320908,#X person o puts chess piece aside,Playing Instrument,Object Transfer,Logistics/Setup step involving putting a chess piece aside.,silver,7,r001
8773a5e9-c3fd-4777-815b-572b08ce3abe,756.7635093320908,#X person o points chess chart,Playing Instrument,Stationary,"The action description is unclear, but if interpreted as a stationary position, it fits this category.",silver,7,r001
8773a5e9-c3fd-4777-815b-572b08ce3abe,1342.915207144922,#X person o picks chess piece,Playing Instrument,Object Transfer,"The action involves picking up an object, which is a logistics step.",silver,7,r001
8773a5e9-c3fd-4777-815b-572b08ce3abe,1893.489057613672,#X person o removes uncertain on the chess chart,Playing Instrument,Stationary,"The action involves a strategic decision on a chess chart, which is typically done with minimal movement.",silver,7,r001
89274721-662b-429d-8101-cdf5bfc8610f,27.361439600000004,#C C eats grapes,Walking Outdoors,Essential Operation,"Core manual task involving hand activity, such as eating.",silver,7,r001
89274721-662b-429d-8101-cdf5bfc8610f,63.5192196,#C C spreads jam on the bread,Walking Outdoors,Essential Operation,"Core manual task involving hands, with high hand activity.",silver,7,r001
89274721-662b-429d-8101-cdf5bfc8610f,230.9428996,#C C adjusts the bottle,Walking Outdoors,Stationary,"Adjusting an object while walking is likely a brief, stationary action rather than continuous motion.",silver,7,r001
89274721-662b-429d-8101-cdf5bfc8610f,391.1600009546634,#C C puts sponge on the sink table,Walking Outdoors,Object Transfer,"Action involves placing an object, indicating logistics or setup step.",silver,7,r001
8a431195-083a-4e07-a99d-28c2591beaef,94.1749986,#C C puts the Vegas on the table,Cooking,Object Transfer,Logistics/Setup step.,silver,7,r001
8a431195-083a-4e07-a99d-28c2591beaef,216.5772586,#C C cuts the cucumber,Cooking,Essential Operation,"Core task, high hand activity.",silver,7,r001
8a431195-083a-4e07-a99d-28c2591beaef,319.53857846832705,#C C puts the eggplant in a baker pan,Cooking,Object Transfer,"Logistics/Setup step, moving an object.",silver,7,r001
8a431195-083a-4e07-a99d-28c2591beaef,409.645678468327,#Closes the tap,Cooking,Essential Operation,Closing the tap involves a core manual task with high hand activity.,silver,7,r001
8a431195-083a-4e07-a99d-28c2591beaef,1135.4939916989583,#CC opens the cupboard,Cooking,Object Transfer,Logistics/Setup step involving opening a cupboard.,silver,7,r001
8a431195-083a-4e07-a99d-28c2591beaef,1229.8280716989584,#CC puts phone down takes the milk bottle,Cooking,Object Transfer,Logistics/Setup step involving picking up and putting down objects.,silver,7,r001
8a431195-083a-4e07-a99d-28c2591beaef,1298.3156316989582,#C C puts cheese on top of a weigh machine,Cooking,Object Transfer,Logistics step involving picking up and placing an object.,silver,7,r001
8a431195-083a-4e07-a99d-28c2591beaef,1434.65958071263,#C C grates cheese,Cooking,Essential Operation,"Core task, high hand activity.",silver,7,r001
8d50f526-624c-40bd-b696-7ad6ce5746ab,26.718999600000004,#C C blows away dirt on a part of the table saw.,Carpentry,Stationary,"Low body/hand motion, primarily an action involving airflow.",silver,7,r001
8d50f526-624c-40bd-b696-7ad6ce5746ab,57.3992996,#C C fixes the removed parts of the table saw.,Carpentry,Essential Operation,Core manual task involving precise hand movements.,silver,7,r001
8d50f526-624c-40bd-b696-7ad6ce5746ab,146.4420996,#C C adjusts the dust collector. #unsure,Carpentry,Stationary,Adjusting a tool typically involves fine adjustments and may not involve significant body or hand motion.,silver,7,r001
8d50f526-624c-40bd-b696-7ad6ce5746ab,230.7109996,#C C loosens the rip fence on the dust collector of the table saw. #unsure,Carpentry,Essential Operation,"The action involves manipulating a tool, which is a core manual task.",silver,7,r001
8d50f526-624c-40bd-b696-7ad6ce5746ab,243.2837896,#C C adjusts the rip fence on the dust collector of the table saw. #unsure,Carpentry,Stationary,Adjusting a setting typically involves fine-tuning with minimal body or hand movement.,silver,7,r001
8d50f526-624c-40bd-b696-7ad6ce5746ab,352.7962209546634,#C C picks a wrench from the extension wing of the table saw.,Carpentry,Object Transfer,Logistics step involving picking up an object.,silver,7,r001
8d50f526-624c-40bd-b696-7ad6ce5746ab,366.2046609546634,#C C walks towards the tool board.,Carpentry,Locomotion,Body moving through space (walking).,silver,7,r001
8d50f526-624c-40bd-b696-7ad6ce5746ab,377.0949709546634,#C C adjusts the rip fence and wooden Piece by the dust collector. #unsure,Carpentry,Stationary,"The action involves adjusting settings and positioning a piece, which typically involves low body and hand motion.",silver,7,r001
9155f5b9-6235-484f-990d-fbd3010a791e,0.7085696,#O A man X eats the food,Mechanical Repair,Stationary,"Low body/hand motion, eating is a stationary activity.",silver,7,r001
9155f5b9-6235-484f-990d-fbd3010a791e,53.1305796,#C C movies his hand,Mechanical Repair,Stationary,Low body/hand motion.,silver,7,r001
9155f5b9-6235-484f-990d-fbd3010a791e,57.166039600000005,#O A man X puts his hand in his mouth,Mechanical Repair,Object Transfer,Refined via regex fallback,silver,7,r001
9155f5b9-6235-484f-990d-fbd3010a791e,75.44795959999999,#O A man X converses,Mechanical Repair,Stationary,"Low body/hand motion, likely involves talking.",silver,7,r001
9155f5b9-6235-484f-990d-fbd3010a791e,118.0891896,#O A man X opens the bottle,Mechanical Repair,Object Transfer,"The action involves opening a bottle, which is a logistics step involving picking up and opening an object.",silver,7,r001
9155f5b9-6235-484f-990d-fbd3010a791e,144.1082596,#O A man X puts down the bottle drink,Mechanical Repair,Object Transfer,"The action involves placing an object (the bottle), which corresponds to a 'put down' logistics step.",silver,7,r001
9155f5b9-6235-484f-990d-fbd3010a791e,295.6113809546634,#O person X takes a bite.,Mechanical Repair,Stationary,"Eating involves minimal motion beyond the mouth, which does not generate significant IMU signals.",silver,7,r001
9155f5b9-6235-484f-990d-fbd3010a791e,314.2332509546634,#O person X eats the bite.,Mechanical Repair,Stationary,"Low body/hand motion, eating is a stationary activity.",silver,7,r001
9155f5b9-6235-484f-990d-fbd3010a791e,416.6623509546634,#O person X licks fingers.,Mechanical Repair,Stationary,"Low body/hand motion, no movement involved.",silver,7,r001
9155f5b9-6235-484f-990d-fbd3010a791e,465.2171509546634,#O person X puts the phone down.,Mechanical Repair,Stationary,"Putting an object down indicates a pause or end to active motion, suggesting a transition to a stationary state.",silver,7,r001
9155f5b9-6235-484f-990d-fbd3010a791e,638.33213762133,#O person X stands up.,Mechanical Repair,Locomotion,"Body movement through space, in this case standing up.",silver,7,r001
9155f5b9-6235-484f-990d-fbd3010a791e,705.21399762133,#O person X licks the #unsure,Mechanical Repair,Stationary,"Low body/hand motion, possibly inspecting or thinking.",silver,7,r001
9155f5b9-6235-484f-990d-fbd3010a791e,720.7136076213301,#O person X turns around.,Mechanical Repair,Locomotion,"Body movement through space (turning around), high body acceleration.",silver,7,r001
9155f5b9-6235-484f-990d-fbd3010a791e,845.26119762133,#O man Y holds lid,Mechanical Repair,Stationary,"Holding a lid involves minimal movement, indicating a stationary action.",silver,7,r001
9155f5b9-6235-484f-990d-fbd3010a791e,851.9021976213301,#C C covers blender with lid,Mechanical Repair,Object Transfer,Logistics step involving picking up and placing the lid.,silver,7,r001
9155f5b9-6235-484f-990d-fbd3010a791e,879.4789176213301,#C C dialogues with man Y,Mechanical Repair,Stationary,"Low body/hand motion, likely involves speaking.",silver,7,r001
9155f5b9-6235-484f-990d-fbd3010a791e,1380.6423942879967,#O man X speaks to man Z.,Mechanical Repair,Stationary,"Low body/hand motion, speaking involves minimal physical activity.",silver,7,r001
9155f5b9-6235-484f-990d-fbd3010a791e,1394.4614442879963,#O man Z holds his phone with the left hand.,Mechanical Repair,Stationary,"Low body/hand motion, holding an object.",silver,7,r001
9155f5b9-6235-484f-990d-fbd3010a791e,1454.0506542879966,#O man Z puts the cup down.,Mechanical Repair,Object Transfer,"The action involves placing an object (the cup) down, which is a logistics step.",silver,7,r001
9155f5b9-6235-484f-990d-fbd3010a791e,1486.2184842879965,#O man Z leans back.,Mechanical Repair,Stationary,"The action describes a change in posture to a more relaxed state, indicating low energy and no significant movement.",silver,7,r001
9155f5b9-6235-484f-990d-fbd3010a791e,1549.3711942879966,#O man Z holds his chin with the right hand.,Mechanical Repair,Stationary,"Low body/hand motion, indicative of thinking or idle state.",silver,7,r001
9155f5b9-6235-484f-990d-fbd3010a791e,1551.4948442879966,#O man Z holds his phone with both hands.,Mechanical Repair,Stationary,"Low body/hand motion, holding the phone indicates a static position.",silver,7,r001
9155f5b9-6235-484f-990d-fbd3010a791e,1630.8199589546632,#O man Z makes a move on the chess board.,Mechanical Repair,Stationary,"Low body/hand motion, likely involves minimal physical movement.",silver,7,r001
9155f5b9-6235-484f-990d-fbd3010a791e,1652.5644309546633,#O Man Y touches the board,Mechanical Repair,Stationary,"Low body/hand motion, likely inspecting or holding the board.",silver,7,r001
9155f5b9-6235-484f-990d-fbd3010a791e,1653.2111409546633,#O Man Y removes the hand from the board,Mechanical Repair,Stationary,"The action implies a pause or end of a motion, indicating low energy activity.",silver,7,r001
9155f5b9-6235-484f-990d-fbd3010a791e,1662.7290109546634,#O Man Y strokes the phone with a finger,Mechanical Repair,Search,"Stroking an object, likely involves visual search or monitoring.",silver,7,r001
9155f5b9-6235-484f-990d-fbd3010a791e,1666.7799009546634,#O Man Y looks the board,Mechanical Repair,Stationary,[CtxFixed] Man Y looking at the board indicates a stationary action as he is observing the board without moving it or any objects on it.,silver,7,r001
9155f5b9-6235-484f-990d-fbd3010a791e,1700.1107609546632,#O Man Y looks at the board,Mechanical Repair,Search,"Head movement (visual inspection), hands mostly still.",silver,7,r001
9155f5b9-6235-484f-990d-fbd3010a791e,1735.306670954663,#C C Lifts a piece on the board,Mechanical Repair,Locomotion,"Body moving through space to lift an object, indicating high body acceleration.",silver,7,r001
9155f5b9-6235-484f-990d-fbd3010a791e,1749.4445909546632,#O A man Y picks the cup,Mechanical Repair,Object Transfer,"The action involves picking up an object, which is a logistics step.",silver,7,r001
9155f5b9-6235-484f-990d-fbd3010a791e,1750.9951009546633,#O A man Y drinks a drink,Mechanical Repair,Stationary,"Low body/hand motion, indicative of a pause or break activity.",silver,7,r001
9155f5b9-6235-484f-990d-fbd3010a791e,1786.1694609546632,#O A man Y moves a chess piece,Mechanical Repair,Stationary,"The action of moving a chess piece involves minimal body movement and is likely performed with one hand, indicating low energy activity.",silver,7,r001
9155f5b9-6235-484f-990d-fbd3010a791e,1790.1590409546634,#C C Moves a chess piece on the board,Mechanical Repair,Stationary,"Low body/hand motion, likely involves fine motor skills with minimal movement.",silver,7,r001
9155f5b9-6235-484f-990d-fbd3010a791e,1887.364000954664,#O Man Y moves a chess piece on the board,Mechanical Repair,Stationary,"Low body/hand motion, primarily involves hand movement which is gentle and controlled.",silver,7,r001
9155f5b9-6235-484f-990d-fbd3010a791e,1948.5855009546635,#O Man X touches his chin with a thumb,Mechanical Repair,Stationary,"Low body/hand motion, indicative of thinking or idle state.",silver,7,r001
9155f5b9-6235-484f-990d-fbd3010a791e,1954.6117909546635,#O Man X moves his hand from his chin,Mechanical Repair,Stationary,"Low body/hand motion, likely thinking or pausing.",silver,7,r001
9155f5b9-6235-484f-990d-fbd3010a791e,2066.8715509546632,#O Man X folds his hands,Mechanical Repair,Stationary,"Low body/hand motion, indicating a pause or rest.",silver,7,r001
9155f5b9-6235-484f-990d-fbd3010a791e,2089.117720954663,#O Man X moves a piece,Mechanical Repair,Locomotion,Movement of a piece implies body motion through space.,silver,7,r001
9155f5b9-6235-484f-990d-fbd3010a791e,2137.3303956213304,#C C moves a piece,Mechanical Repair,Object Transfer,Moving a piece involves logistics and setup.,silver,7,r001
9155f5b9-6235-484f-990d-fbd3010a791e,2154.4963156213303,#O Man X touches his mouth,Mechanical Repair,Stationary,"Low body/hand motion, likely a pause or thinking moment.",silver,7,r001
9155f5b9-6235-484f-990d-fbd3010a791e,2165.3387156213303,#O Man X touches the chessboard,Mechanical Repair,Stationary,"Low body/hand motion, likely inspecting or pausing.",silver,7,r001
9155f5b9-6235-484f-990d-fbd3010a791e,2185.75669762133,#O person X plays chess game with C.,Mechanical Repair,Stationary,"Low body/hand motion, typically involves holding a position while engaging in the game.",silver,7,r001
9155f5b9-6235-484f-990d-fbd3010a791e,2187.97375762133,#C C plays chess game with person O.,Mechanical Repair,Stationary,"Low body/hand motion, engaged in a stationary activity (playing chess).",silver,7,r001
9155f5b9-6235-484f-990d-fbd3010a791e,2239.08125762133,#C C takes more chess pieces.,Mechanical Repair,Object Transfer,"Logistics/Setup step, picking up objects.",silver,7,r001
9155f5b9-6235-484f-990d-fbd3010a791e,2290.6649076213303,#O person X puts the chess pieces in the bag.,Mechanical Repair,Object Transfer,Logistics step involving picking up and putting down objects.,silver,7,r001
9155f5b9-6235-484f-990d-fbd3010a791e,2310.0816876213303,#O person X puts the bag with chess pieces on the table.,Mechanical Repair,Object Transfer,Logistics step involving the placement of an object.,silver,7,r001
9155f5b9-6235-484f-990d-fbd3010a791e,2323.59035762133,#O person X puts the chess board on the table.,Mechanical Repair,Object Transfer,"The action involves placing an object (chess board) on a surface (table), which is a logistics step.",silver,7,r001
9155f5b9-6235-484f-990d-fbd3010a791e,2414.81236762133,#C C puts the polythene bag on the table.,Mechanical Repair,Object Transfer,Logistics step involving placing an object.,silver,7,r001
9155f5b9-6235-484f-990d-fbd3010a791e,2466.61288762133,#C C turns right,Mechanical Repair,Stationary,Turning right does not necessarily involve significant body movement or acceleration.,silver,7,r001
9252292c-b444-40a8-8df1-facd8e1a583b,67.0281,#C C drops the standing wood on the white table,Carpentry,Object Transfer,"[CtxFixed] The action of dropping the standing wood onto the white table can be interpreted as a deliberate placement of the wood, which fits the criteria for 'Object Transfer'.",silver,7,r001
9252292c-b444-40a8-8df1-facd8e1a583b,88.14359,#C C aligns the woods properly,Carpentry,Stationary,"Low body/hand motion, alignment is a precise task that requires minimal movement.",silver,7,r001
9252292c-b444-40a8-8df1-facd8e1a583b,94.4357,#C C drops the standing piece of wood on the white table,Carpentry,Object Transfer,"[CtxFixed] The action of dropping the piece of wood onto the table can be considered a form of deliberate placement, even if it is a drop. This involves moving an object significantly and placing it onto a surface.",silver,7,r001
9252292c-b444-40a8-8df1-facd8e1a583b,104.60957,#C C arranges the pieces of wood properly,Carpentry,Object Transfer,"Logistics of arranging objects, involves picking up and placing down items.",silver,7,r001
9252292c-b444-40a8-8df1-facd8e1a583b,133.06535,#C C takes the nailed woods,Carpentry,Object Transfer,Logistics/Setup step involving picking up or moving objects.,silver,7,r001
9252292c-b444-40a8-8df1-facd8e1a583b,137.56101,#C C moves a piece of wood away from the edge of the white table,Carpentry,Object Transfer,"Moving an object, involves logistics.",silver,7,r001
9252292c-b444-40a8-8df1-facd8e1a583b,221.45669,#C C changes the standing style of the joined pieces of wood,Carpentry,Locomotion,"Body moving through space, likely involves repositioning or adjusting stance.",silver,7,r001
9252292c-b444-40a8-8df1-facd8e1a583b,263.57081,#C C nails the piece of wood to the furniture with the electric nail gun,Carpentry,Essential Operation,Core manual task involving high hand activity.,silver,7,r001
9252292c-b444-40a8-8df1-facd8e1a583b,324.0121,#C C places the two black woods on the wood.,Carpentry,Object Transfer,"Logistics step of placing objects, short bursts of hand activity.",silver,7,r001
9252292c-b444-40a8-8df1-facd8e1a583b,456.71961,#C C staples the black wood on the set of wood.,Carpentry,Essential Operation,Core manual task involving high hand activity.,silver,7,r001
94c90968-502c-4cb1-9aa7-359a3ee0338d,34.0365886,#C C closes the packet,Playing Instrument,Object Transfer,"Logistics step involving closing a packet, short burst of hand activity.",silver,7,r001
94c90968-502c-4cb1-9aa7-359a3ee0338d,108.4876986,#C C converses with O,Playing Instrument,Stationary,"Low body/hand motion, likely involves speaking.",silver,7,r001
94c90968-502c-4cb1-9aa7-359a3ee0338d,183.6632486,#O A person C moves the card in the table,Playing Instrument,Stationary,"The action described does not indicate significant body or hand movement, suggesting a low-energy, stationary activity.",silver,7,r001
94c90968-502c-4cb1-9aa7-359a3ee0338d,190.5717986,#C C picks a polythene packet,Playing Instrument,Object Transfer,"The action involves picking up an object, which is a logistics step.",silver,7,r001
94c90968-502c-4cb1-9aa7-359a3ee0338d,432.1908986,#C C places the card down,Playing Instrument,Object Transfer,Action involves picking up or putting down an object.,silver,7,r001
94c90968-502c-4cb1-9aa7-359a3ee0338d,451.6179386,#O O hands a meeple to C,Playing Instrument,Object Transfer,"Logistics/transfer step, passing an object.",silver,7,r001
94c90968-502c-4cb1-9aa7-359a3ee0338d,467.6459186,#O A man X plays a game,Playing Instrument,Stationary,Playing a game generally involves minimal body movement.,silver,7,r001
94c90968-502c-4cb1-9aa7-359a3ee0338d,476.2321786,#O O touches the board,Playing Instrument,Essential Operation,"Core task involving hands, likely producing sound or adjusting the instrument.",silver,7,r001
94c90968-502c-4cb1-9aa7-359a3ee0338d,550.6896452666667,#C C converses to O,Playing Instrument,Stationary,"Low body/hand motion, involves speaking.",silver,7,r001
94c90968-502c-4cb1-9aa7-359a3ee0338d,688.4590476213301,#O O shows the card to C,Playing Instrument,Object Transfer,"The action involves showing a card, which is a logistics/transfer step.",silver,7,r001
94c90968-502c-4cb1-9aa7-359a3ee0338d,985.59708762133,#O O places the cards in the table,Playing Instrument,Object Transfer,Logistics/Setup step involving placing cards on the table.,silver,7,r001
95aa4159-3ad7-46f3-ad1e-c85e6b64659c,33.9238896,#C C operates a cellphone on a chair with his right hand.,Playing Instrument,Stationary,Operating a cellphone while seated involves minimal body movement.,silver,7,r001
95aa4159-3ad7-46f3-ad1e-c85e6b64659c,190.9154396,#C C operates the cellphone on the chair with his right hand.,Playing Instrument,Essential Operation,Core manual task involving high hand activity.,silver,7,r001
95aa4159-3ad7-46f3-ad1e-c85e6b64659c,344.2641109546634,#C C places his right leg on the chair.,Playing Instrument,Stationary,"The action describes a static movement, placing a leg on a chair, which involves low body motion.",silver,7,r001
96e3caaa-e563-4c28-b123-021db8fd26b1,69.96819959999999,#C C sandpapers the railing,Mechanical Repair,Essential Operation,Core task involving manual work with high hand activity.,silver,7,r001
96e3caaa-e563-4c28-b123-021db8fd26b1,94.9357696,#C C takes a step forward,Mechanical Repair,Locomotion,"Movement through space, indicative of stepping which involves high body acceleration.",silver,7,r001
96e3caaa-e563-4c28-b123-021db8fd26b1,196.5091996,#C C folds sandpaper with both hands,Mechanical Repair,Essential Operation,Core manual task involving high hand activity.,silver,7,r001
96e3caaa-e563-4c28-b123-021db8fd26b1,286.7335509546634,#C C lifts her left hand towards the wooden rail,Mechanical Repair,Stationary,"The action described involves a single hand movement towards a rail, which does not indicate significant body movement or high hand acceleration typical of other categories.",silver,7,r001
96e3caaa-e563-4c28-b123-021db8fd26b1,321.5588809546634,#C C folds the scraper with both hands,Mechanical Repair,Essential Operation,Core manual task involving high hand activity.,silver,7,r001
9940a038-2bb1-4d2d-afeb-81f2798f815f,1.3703596,#C C walks towards a stack of woods.,Carpentry,Locomotion,Body moving through space (walking).,silver,7,r001
9940a038-2bb1-4d2d-afeb-81f2798f815f,83.47660959999999,#C C drops the tri-square on the wood cutting machine.,Carpentry,Object Transfer,"[CtxFixed] The action involves deliberately placing the tri-square onto the wood cutting machine, which fits the criteria for an Object Transfer.",silver,7,r001
9940a038-2bb1-4d2d-afeb-81f2798f815f,141.6927096,#C C turns on the circular saw.,Carpentry,Stationary,Turning on a tool is an action that does not involve significant body or hand movement.,silver,7,r001
9940a038-2bb1-4d2d-afeb-81f2798f815f,367.17837095466336,#C C marks the piece of wood with the pencil.,Carpentry,Essential Operation,Core task involving fine hand movements.,silver,7,r001
9940a038-2bb1-4d2d-afeb-81f2798f815f,371.8849309546634,#C C adjusts the tri-square on the piece of wood.,Carpentry,Search,"Adjusting an object likely involves visual monitoring and alignment, indicating head movement and focused attention.",silver,7,r001
9940a038-2bb1-4d2d-afeb-81f2798f815f,414.3425409546634,#C C adjusts the piece of wood o the wood cutting machine.,Carpentry,Essential Operation,Adjusting the piece of wood involves a core manual task with high hand activity.,silver,7,r001
9940a038-2bb1-4d2d-afeb-81f2798f815f,440.1897809546634,#C C picks a wood sanding machine from the floor.,Carpentry,Object Transfer,Logistics step involving picking up an object.,silver,7,r001
9940a038-2bb1-4d2d-afeb-81f2798f815f,467.1795509546634,#C C touches the piece of wood.,Carpentry,Stationary,"Low body/hand motion, likely inspecting the wood.",silver,7,r001
9940a038-2bb1-4d2d-afeb-81f2798f815f,468.98038095466336,#C C drops the wood sanding machine on the floor.,Carpentry,Object Transfer,Refined via regex fallback,silver,7,r001
9940a038-2bb1-4d2d-afeb-81f2798f815f,528.3896109546635,#C C measures the piece of wood with the measuring tape.,Carpentry,Search,"Visual search or monitoring (checking measurements), hands mostly still.",silver,7,r001
9940a038-2bb1-4d2d-afeb-81f2798f815f,533.9597256213301,#C C drops the measuring tape on the wood cutting machine.,Carpentry,Object Transfer,"[CtxFixed] The action of dropping the measuring tape onto the wood cutting machine is a deliberate placement, which fits the criteria for 'Object Transfer'.",silver,7,r001
9940a038-2bb1-4d2d-afeb-81f2798f815f,551.07610562133,#C C places the tri-square on the other side of the piece of wood.,Carpentry,Object Transfer,Moving an object from one place to another.,silver,7,r001
9940a038-2bb1-4d2d-afeb-81f2798f815f,574.3178052666667,#C C drops the pencil on the work table with his right hand.,Carpentry,Object Transfer,"[CtxFixed] The action of dropping the pencil on the work table is a deliberate placement, which fits the criteria for 'Object Transfer'.",silver,7,r001
9940a038-2bb1-4d2d-afeb-81f2798f815f,643.8330152666667,#C C places the circular saw on the work table with both hands.,Carpentry,Object Transfer,"Placing an object on a surface, involves logistics.",silver,7,r001
9940a038-2bb1-4d2d-afeb-81f2798f815f,688.1601252666667,#C C writes on the log of wood with the pencil in his right hand.,Carpentry,Essential Operation,Core manual task involving high hand activity.,silver,7,r001
9940a038-2bb1-4d2d-afeb-81f2798f815f,730.4716852666667,#C C holds the circular saw with his right hand.,Carpentry,Stationary,The action describes holding an object without any significant movement.,silver,7,r001
9940a038-2bb1-4d2d-afeb-81f2798f815f,736.8681052666667,#C C adjusts a radio antenna with his left hand.,Carpentry,Stationary,"Low body/hand motion, focused fine motor adjustment.",silver,7,r001
9c22c7ff-b8ab-4fe8-bb6d-a46e35ba80fd,152.1820396,#C C watches background,Desk Work,Stationary,"Low body/hand motion, focused attention without physical activity.",silver,7,r001
9c22c7ff-b8ab-4fe8-bb6d-a46e35ba80fd,229.2970596,#C C touches laptop,Desk Work,Stationary,"Low body/hand motion, likely involves minimal movement.",silver,7,r001
9c22c7ff-b8ab-4fe8-bb6d-a46e35ba80fd,946.8654009546634,#Person O opens window,Desk Work,Object Transfer,"The action involves opening a window, which is a logistics step.",silver,7,r001
a16dde53-8a4d-4246-aab4-9759f0af81f0,8.6061386,#C C opens the fridge drawer,Cooking,Object Transfer,Logistics step involving opening a drawer.,silver,7,r001
a16dde53-8a4d-4246-aab4-9759f0af81f0,19.604398600000003,#C C closes the fridge drawer,Cooking,Object Transfer,Logistics step involving the manipulation of an object (closing a drawer).,silver,7,r001
a16dde53-8a4d-4246-aab4-9759f0af81f0,81.5963986,#C C drops the package,Cooking,Object Transfer,"[CtxFixed] The action of dropping the package is a deliberate placement onto a surface, which fits the criteria for 'Object Transfer'.",silver,7,r001
a16dde53-8a4d-4246-aab4-9759f0af81f0,311.60099870260785,#C C cuts mushroom,Cooking,Essential Operation,"Core task, high hand activity.",silver,7,r001
a16dde53-8a4d-4246-aab4-9759f0af81f0,437.7812387026078,#C C drops the garlic,Cooking,Essential Operation,"[CtxFixed] The action of dropping the garlic appears to be a part of the process of peeling and preparing it, which is an essential operation in cooking.",silver,7,r001
a16dde53-8a4d-4246-aab4-9759f0af81f0,450.3867887026079,#C C cuts cauliflower,Cooking,Essential Operation,"Core task, high hand activity.",silver,7,r001
a16dde53-8a4d-4246-aab4-9759f0af81f0,563.5875621677084,#COO takes the noodles,Cooking,Object Transfer,Logistics step involving picking up and/or moving an object.,silver,7,r001
a16dde53-8a4d-4246-aab4-9759f0af81f0,606.5058421677084,#OO wipes the table,Cooking,Essential Operation,Core task involving high hand activity.,silver,7,r001
a16dde53-8a4d-4246-aab4-9759f0af81f0,688.7111921677084,#C C mixes the noodles,Cooking,Essential Operation,Core task involving high hand activity.,silver,7,r001
a16dde53-8a4d-4246-aab4-9759f0af81f0,822.5773721677084,#C C switches of the gas,Cooking,Stationary,"Low body/hand motion, likely involves a simple switch action.",silver,7,r001
a16dde53-8a4d-4246-aab4-9759f0af81f0,939.9805556981744,#C C holds the pot,Cooking,Stationary,"Low body/hand motion, holding an object without movement.",silver,7,r001
a16dde53-8a4d-4246-aab4-9759f0af81f0,990.2120256981744,#C C carries pressure cooker,Cooking,Locomotion,"Body moving through space with an object, high body acceleration.",silver,7,r001
a16dde53-8a4d-4246-aab4-9759f0af81f0,1007.2561956981745,#C C cracks egg,Cooking,Essential Operation,Core task involving high hand activity.,silver,7,r001
a16dde53-8a4d-4246-aab4-9759f0af81f0,1091.679855266667,#C C Cuts broccoli with a knife,Cooking,Essential Operation,"Core task, high hand activity.",silver,7,r001
a16dde53-8a4d-4246-aab4-9759f0af81f0,1128.3362352666666,#C C Moves pieces of broccoli on a chopping board,Cooking,Essential Operation,"Core task involving manual manipulation, high hand activity.",silver,7,r001
a16dde53-8a4d-4246-aab4-9759f0af81f0,1151.648335266667,#O A lady x walks around a kitchen,Cooking,Locomotion,"Movement through space, involves walking.",silver,7,r001
a16dde53-8a4d-4246-aab4-9759f0af81f0,1174.0824252666666,#C C Picks up pieces of cucumber from the table,Cooking,Object Transfer,Logistics step involving picking up objects.,silver,7,r001
a16dde53-8a4d-4246-aab4-9759f0af81f0,1220.3890452666667,#C C Picks up vegetables from a paper,Cooking,Object Transfer,Logistics step involving picking up objects.,silver,7,r001
a16dde53-8a4d-4246-aab4-9759f0af81f0,1221.3326852666669,#C C Puts down vegetables on a chopping board,Cooking,Object Transfer,Logistics step involving picking up and putting down objects.,silver,7,r001
a16dde53-8a4d-4246-aab4-9759f0af81f0,1271.4214352666663,#C C Picks up a paper from the counter,Cooking,Object Transfer,"Logistics step, picking up an object.",silver,7,r001
a16dde53-8a4d-4246-aab4-9759f0af81f0,1278.4710352666666,#C C Picks up cones from a can,Cooking,Object Transfer,Logistics action involving picking up objects.,silver,7,r001
a16dde53-8a4d-4246-aab4-9759f0af81f0,1298.3591852666666,#C C Puts vegetables in a fridge,Cooking,Object Transfer,Logistics step involving picking up and placing objects.,silver,7,r001
a16dde53-8a4d-4246-aab4-9759f0af81f0,1332.7165552666663,#O A lady x puts carrots on a pan,Cooking,Object Transfer,Logistics step involving picking up and placing the carrots.,silver,7,r001
a16dde53-8a4d-4246-aab4-9759f0af81f0,1348.7340052666666,#C C Puts vegetables on a pan,Cooking,Object Transfer,Logistics step involving picking up and placing objects.,silver,7,r001
a16dde53-8a4d-4246-aab4-9759f0af81f0,1359.0128652666667,#C C Moves cones on a chopping board,Cooking,Object Transfer,Logistics step involving moving objects.,silver,7,r001
a16dde53-8a4d-4246-aab4-9759f0af81f0,1374.4228353125,#C C cuts a vegetable,Cooking,Essential Operation,Core task involving high hand activity.,silver,7,r001
a16dde53-8a4d-4246-aab4-9759f0af81f0,1389.3701953124998,#O person X cooks food,Cooking,Essential Operation,Core manual task involved in cooking.,silver,7,r001
a16dde53-8a4d-4246-aab4-9759f0af81f0,1429.2430253125,#C C chats with person X,Cooking,Stationary,Low body/hand motion.,silver,7,r001
a16dde53-8a4d-4246-aab4-9759f0af81f0,1464.2848353124998,#C C drops the knife in the dish rack,Cooking,Object Transfer,"[CtxFixed] The action of dropping the knife into the dish rack appears to be a deliberate placement, which fits the criteria for 'Object Transfer'.",silver,7,r001
a16dde53-8a4d-4246-aab4-9759f0af81f0,1495.9271453125,#C C unfolds the kitchen towel,Cooking,Stationary,"Unfolding a towel is a low-energy, stationary action.",silver,7,r001
a16dde53-8a4d-4246-aab4-9759f0af81f0,1559.6611153125,#O person X holds the cooking oil,Cooking,Stationary,Holding an object without significant movement.,silver,7,r001
a16dde53-8a4d-4246-aab4-9759f0af81f0,1627.3527753125,#C C places an egg on the table,Cooking,Object Transfer,"Logistics step, moving an object from one place to another.",silver,7,r001
a16dde53-8a4d-4246-aab4-9759f0af81f0,1635.1446653125,#O person X scoops the food,Cooking,Essential Operation,Core task involving high hand activity.,silver,7,r001
a16dde53-8a4d-4246-aab4-9759f0af81f0,1643.5547653125,#C C holds an egg on the chopping mat,Cooking,Stationary,The action involves holding an object without significant movement.,silver,7,r001
a16dde53-8a4d-4246-aab4-9759f0af81f0,1648.6533653125,#C C drags an egg on the chopping mat,Cooking,Essential Operation,Core task involving high hand activity.,silver,7,r001
a16dde53-8a4d-4246-aab4-9759f0af81f0,1663.1029853125,#C C drags another piece of egg on the chopping mat,Cooking,Essential Operation,Core task involving high hand activity.,silver,7,r001
a16dde53-8a4d-4246-aab4-9759f0af81f0,1685.4761253124998,#C C holds the bowl with both hands,Cooking,Stationary,"Low body/hand motion, holding an object.",silver,7,r001
a16dde53-8a4d-4246-aab4-9759f0af81f0,1696.6019953125,#O person X pours soup on the plate,Cooking,Essential Operation,Core task involving a manual action with high hand activity.,silver,7,r001
a16dde53-8a4d-4246-aab4-9759f0af81f0,1718.8471753125,#O person X places the egg piece on the plate,Cooking,Object Transfer,Logistics step involving picking up and placing an object.,silver,7,r001
a16dde53-8a4d-4246-aab4-9759f0af81f0,1727.4192453125,#C C picks a piece of egg,Cooking,Object Transfer,"Logistics step, picking up an object.",silver,7,r001
a16dde53-8a4d-4246-aab4-9759f0af81f0,1756.1997153124998,#C C seasons the food,Cooking,Essential Operation,Core task involving high hand activity.,silver,7,r001
a16dde53-8a4d-4246-aab4-9759f0af81f0,1764.9839853125,#C C covers the can,Cooking,Object Transfer,Logistics step involving picking up and placing the can cover.,silver,7,r001
a16dde53-8a4d-4246-aab4-9759f0af81f0,1777.9111453125,#O person X moves in the kitchen,Cooking,Locomotion,"Movement through space, likely walking or moving around the kitchen.",silver,7,r001
a16dde53-8a4d-4246-aab4-9759f0af81f0,1780.7100153125,#O person X talks to C,Cooking,Stationary,"Low body/hand motion, likely involves speaking.",silver,7,r001
a16dde53-8a4d-4246-aab4-9759f0af81f0,1781.7561153124998,#C C picks the pieces of cucumber,Cooking,Object Transfer,"Logistics step, picking up objects.",silver,7,r001
a16dde53-8a4d-4246-aab4-9759f0af81f0,1783.3212953124998,#O person X holds the turner spatula with the right hand,Cooking,Stationary,"Low body/hand motion, holding an object.",silver,7,r001
a16dde53-8a4d-4246-aab4-9759f0af81f0,1786.5513253125,#C C picks the piece of cucumber,Cooking,Object Transfer,"Logistics step, picking up an object.",silver,7,r001
a16dde53-8a4d-4246-aab4-9759f0af81f0,1830.7901153125,#C C looks at the wristwatch,Cooking,Search,"Head movement (visual search), passive hands.",silver,7,r001
a3f45e46-6c63-402c-a6b9-1c3ad529166d,37.5366786,#c c pulls machine hose,Cleaning,Essential Operation,Core task involving high hand activity.,silver,7,r001
a3f45e46-6c63-402c-a6b9-1c3ad529166d,238.8688886,#c c pulls machine hose,Cleaning,Locomotion,"Movement through space, likely involves pulling an object which causes body acceleration.",silver,7,r001
a69ae4a8-8e1d-47c1-bbd0-de2bb4a33fca,7.62289,#C C turns a nut with his left hand.,Mechanical Repair,Essential Operation,Core manual task involving high hand activity.,silver,7,r001
a69ae4a8-8e1d-47c1-bbd0-de2bb4a33fca,69.1114,#C C tightens the second nut with the spanner.,Mechanical Repair,Essential Operation,Core manual task involving high hand activity.,silver,7,r001
a69ae4a8-8e1d-47c1-bbd0-de2bb4a33fca,153.4866,#C C touches a piece of paper on another table with his right hand.,Mechanical Repair,Object Transfer,"Action involves picking up and transferring an object, indicating short bursts of hand acceleration.",silver,7,r001
a69ae4a8-8e1d-47c1-bbd0-de2bb4a33fca,160.84866,#C C moves the bicycle's front wheel with both hands.,Mechanical Repair,Essential Operation,High hand activity during the repair task.,silver,7,r001
a69ae4a8-8e1d-47c1-bbd0-de2bb4a33fca,248.73712,#C C kicks the pedal with his left foot.,Mechanical Repair,Locomotion,"Body movement through kicking, involves high body acceleration.",silver,7,r001
a69ae4a8-8e1d-47c1-bbd0-de2bb4a33fca,286.83986,#C C transfers the lame from his left hand to his right hand.,Mechanical Repair,Object Transfer,"The action involves moving an object between hands, which is a logistics step.",silver,7,r001
a69ae4a8-8e1d-47c1-bbd0-de2bb4a33fca,397.56149,#C C moves the first bicycle with both hands.,Mechanical Repair,Object Transfer,"Moving an object (bicycle) with both hands, logistics step.",silver,7,r001
aaa740da-6986-45aa-8445-0280ee36cded,27.948809600000004,#C C puts the cloth in his left hand inside the shopping bag in his right hand.,Cleaning,Object Transfer,Logistics step involving the movement of an object from one hand to another.,silver,7,r001
aaa740da-6986-45aa-8445-0280ee36cded,259.5832896,#C C walks toward the living room,Cleaning,Locomotion,Body moving through space (walking).,silver,7,r001
aaa740da-6986-45aa-8445-0280ee36cded,302.6303509546634,#C C picks a trash bag on the floor with his left hand.,Cleaning,Object Transfer,Logistics step of picking up an object.,silver,7,r001
aaa740da-6986-45aa-8445-0280ee36cded,342.90590095466337,#C C opens a door with his left hand.,Cleaning,Object Transfer,"The action involves opening a door, which is a logistics step.",silver,7,r001
aaa740da-6986-45aa-8445-0280ee36cded,441.2035609546634,#C C covers the box with a lid with both hands.,Cleaning,Object Transfer,Logistics action involving the placement of one object onto another.,silver,7,r001
aaa740da-6986-45aa-8445-0280ee36cded,449.4516809546634,#C C raises his left hand towards his face. #Unsure,Cleaning,Stationary,"Low body/hand motion, possibly adjusting personal items.",silver,7,r001
aaa740da-6986-45aa-8445-0280ee36cded,485.55742095466337,#C C picks a tissue box on the table with his left hand.,Cleaning,Object Transfer,Logistics step involving picking up an object.,silver,7,r001
ae9cb412-7b93-49ae-bb46-306dc74d5fe3,7.4634986,#C C holds a tray with the left hand,Cooking,Stationary,"Low body/hand motion, maintaining a steady position.",silver,7,r001
ae9cb412-7b93-49ae-bb46-306dc74d5fe3,9.0114486,#C C picks a chopping board with the right hand,Cooking,Object Transfer,Logistics/Setup step involving picking up an object.,silver,7,r001
ae9cb412-7b93-49ae-bb46-306dc74d5fe3,14.1661586,#C C rubs hands in the room,Cooking,Stationary,"Low body/hand motion, likely idle or preparatory action.",silver,7,r001
ae9cb412-7b93-49ae-bb46-306dc74d5fe3,103.4965086,#C C opens a cupboard with the left hand,Cooking,Object Transfer,Logistics action involving opening a cupboard.,silver,7,r001
ae9cb412-7b93-49ae-bb46-306dc74d5fe3,111.3480186,#C C touches #Unsure in the cupboard,Cooking,Search,Indicates a visual search or exploration with hands.,silver,7,r001
ae9cb412-7b93-49ae-bb46-306dc74d5fe3,179.16208859999998,#C C picks a piece of bread with the right hand,Cooking,Object Transfer,Logistics step involving picking up an object.,silver,7,r001
ae9cb412-7b93-49ae-bb46-306dc74d5fe3,183.2970286,#C C slices a piece of bread on the chopping board,Cooking,Essential Operation,Core task involving high hand activity.,silver,7,r001
ae9cb412-7b93-49ae-bb46-306dc74d5fe3,327.8739186,#C C picks a can on the kitchen top,Cooking,Object Transfer,Logistics step involving picking up an object.,silver,7,r001
ae9cb412-7b93-49ae-bb46-306dc74d5fe3,333.9435886,#C C rinses a tray in the sink with both hands,Cooking,Essential Operation,Core task involving high hand activity.,silver,7,r001
ae9cb412-7b93-49ae-bb46-306dc74d5fe3,340.6862386,#C C places a tray on the kitchen top,Cooking,Object Transfer,Logistics step involving placing an object.,silver,7,r001
ae9cb412-7b93-49ae-bb46-306dc74d5fe3,490.98156860000006,#C C presses a glass on the piece of bread,Cooking,Essential Operation,Core task involving high hand activity.,silver,7,r001
ae9cb412-7b93-49ae-bb46-306dc74d5fe3,504.7736586,#C C moves pieces of bread in the frying pan,Cooking,Essential Operation,Core task involving high hand activity.,silver,7,r001
ae9cb412-7b93-49ae-bb46-306dc74d5fe3,522.8782386,#C C holds a glass with both hands,Cooking,Stationary,"Low body/hand motion, holding an object.",silver,7,r001
ae9cb412-7b93-49ae-bb46-306dc74d5fe3,720.8059893600199,#C C turns the bread on the pan.,Cooking,Stationary,"Low body/hand motion, primarily involves minor hand movement without significant acceleration.",silver,7,r001
ae9cb412-7b93-49ae-bb46-306dc74d5fe3,774.0178093600199,#C C cooks the bread.,Cooking,Essential Operation,"Core task, high hand activity.",silver,7,r001
ae9cb412-7b93-49ae-bb46-306dc74d5fe3,823.8820976136719,#C C turns the bread on the table.,Cooking,Stationary,The action involves a minor movement that does not significantly change the position of the body or hands.,silver,7,r001
ae9cb412-7b93-49ae-bb46-306dc74d5fe3,855.1729876136719,#C C cooks the bread on the pan.,Cooking,Essential Operation,Core task involving active use of hands.,silver,7,r001
ae9cb412-7b93-49ae-bb46-306dc74d5fe3,918.961717613672,#C C picks up the egg.,Cooking,Object Transfer,Logistics step involving picking up an object.,silver,7,r001
ae9cb412-7b93-49ae-bb46-306dc74d5fe3,1084.290437613672,#c c presses the doughnut,Cooking,Essential Operation,"Core task involving hands, high hand activity.",silver,7,r001
ae9cb412-7b93-49ae-bb46-306dc74d5fe3,1103.324987613672,#c c moves hands towards the doughnut,Cooking,Stationary,"The action describes a preparatory movement towards an object, likely with minimal net movement.",silver,7,r001
ae9cb412-7b93-49ae-bb46-306dc74d5fe3,1161.743257613672,#c c rubs both hands,Cooking,Stationary,"Low body/hand motion, rubbing hands is a stationary activity.",silver,7,r001
ae9cb412-7b93-49ae-bb46-306dc74d5fe3,1164.542867613672,#c c holds a sieve,Cooking,Stationary,Holding an object with minimal motion.,silver,7,r001
ae9cb412-7b93-49ae-bb46-306dc74d5fe3,1177.945377613672,#c c lifts up the sieve with right hand,Cooking,Object Transfer,Logistics step involving picking up an object.,silver,7,r001
ae9cb412-7b93-49ae-bb46-306dc74d5fe3,1551.7543882985397,#C C turns a dough with a spatula,Cooking,Essential Operation,Core task involving high hand activity.,silver,7,r001
ae9cb412-7b93-49ae-bb46-306dc74d5fe3,1562.8880782985398,#C C places a spatula on the counter,Cooking,Object Transfer,Logistics step involving placing an object.,silver,7,r001
ae9cb412-7b93-49ae-bb46-306dc74d5fe3,1628.2811082985395,#C C hits the cooking pan with a cooking stick,Cooking,Essential Operation,"[CtxFixed] The action of hitting the cooking pan with a cooking stick is likely part of the cooking process, such as breaking up food or ensuring even cooking.",silver,7,r001
ae9cb412-7b93-49ae-bb46-306dc74d5fe3,1635.2681582985397,#C C places a sachet in the fridge,Cooking,Object Transfer,Logistics step involving picking up and placing an object.,silver,7,r001
ae9cb412-7b93-49ae-bb46-306dc74d5fe3,1709.5045086,#C C puts the butter on the plate.,Cooking,Object Transfer,Logistics step involving picking up and placing down an object.,silver,7,r001
af16d9ef-f726-49dc-bf2e-73553dd417fd,16.87328,#C C Pulls a cable with hands,Cleaning,Essential Operation,Core manual task involving high hand activity.,silver,7,r001
af16d9ef-f726-49dc-bf2e-73553dd417fd,57.37356,#C C Puts a hand on a car seat,Cleaning,Stationary,"Low body/hand motion, indicative of a stable position.",silver,7,r001
af16d9ef-f726-49dc-bf2e-73553dd417fd,74.57958,#C C Unfolds a car mat with hands,Cleaning,Essential Operation,"Core manual task involving hands, likely with repetitive and focused hand movements.",silver,7,r001
af16d9ef-f726-49dc-bf2e-73553dd417fd,129.49299,#C C Moves part of a vacuum cleaner,Cleaning,Locomotion,Body moving through space to manipulate a tool.,silver,7,r001
af16d9ef-f726-49dc-bf2e-73553dd417fd,326.60324,#C C Cleans a car door with a vacuum cleaner,Cleaning,Essential Operation,Core manual task involving high hand activity.,silver,7,r001
af16d9ef-f726-49dc-bf2e-73553dd417fd,402.48671,#C C Holds a vacuum cleaner with hands,Cleaning,Stationary,"Low body/hand motion, holding an object without moving.",silver,7,r001
af16d9ef-f726-49dc-bf2e-73553dd417fd,460.45287,#C C Drops a car mat on the floor,Cleaning,Object Transfer,Refined via regex fallback,silver,7,r001
af16d9ef-f726-49dc-bf2e-73553dd417fd,468.16105,#C C Hits a car mat on a wall,Cleaning,Essential Operation,Core task involving high hand activity.,silver,7,r001
af16d9ef-f726-49dc-bf2e-73553dd417fd,558.7937566666667,#C C Cleans a car with a vacuum cleaner,Cleaning,Essential Operation,Core manual task involving high hand activity.,silver,7,r001
af16d9ef-f726-49dc-bf2e-73553dd417fd,725.8077266666667,#C C Shakes a car mat,Cleaning,Essential Operation,High hand activity involved in the shaking motion.,silver,7,r001
af16d9ef-f726-49dc-bf2e-73553dd417fd,1014.01715,#C C cleans the tire with the vacuum cleaner,Cleaning,Essential Operation,Core task involving high hand activity with a tool.,silver,7,r001
af16d9ef-f726-49dc-bf2e-73553dd417fd,1064.76648,#C C removes dirt from the vacuum cleaner,Cleaning,Essential Operation,Core manual task involving high hand activity.,silver,7,r001
af16d9ef-f726-49dc-bf2e-73553dd417fd,1072.1257,#C C removes dirt from the car,Cleaning,Essential Operation,Core manual task involving high hand activity.,silver,7,r001
af16d9ef-f726-49dc-bf2e-73553dd417fd,1180.01898,#C C lifts the seat buckle,Cleaning,Essential Operation,Core manual task involving fine motor skills.,silver,7,r001
af16d9ef-f726-49dc-bf2e-73553dd417fd,1250.64425,#C C Walks beside the car,Cleaning,Locomotion,Body moving through space (walking).,silver,7,r001
af16d9ef-f726-49dc-bf2e-73553dd417fd,1261.43129,#C C Hits the mat on wall,Cleaning,Essential Operation,"High hand activity, likely involves hitting or tapping the mat.",silver,7,r001
af16d9ef-f726-49dc-bf2e-73553dd417fd,1280.0884946666663,#C C Looks at the hands,Cleaning,Stationary,"Low body/hand motion, focused observation.",silver,7,r001
af16d9ef-f726-49dc-bf2e-73553dd417fd,1297.318714666667,#C C Moves the seat,Cleaning,Locomotion,"Body movement through space, likely involves moving an object or oneself.",silver,7,r001
af16d9ef-f726-49dc-bf2e-73553dd417fd,1447.1219646666666,#C C Holds the vacuum pipe with hands,Cleaning,Stationary,"Low body/hand motion, holding position.",silver,7,r001
af16d9ef-f726-49dc-bf2e-73553dd417fd,1494.8528946666663,#C C Cleans the seat,Cleaning,Essential Operation,"Core task involving manual cleaning activity, high hand acceleration.",silver,7,r001
af16d9ef-f726-49dc-bf2e-73553dd417fd,1800.5158933333332,#C C Cleans the seats of the car with a vacuum car cleaner,Cleaning,Essential Operation,Core manual task involving high hand activity.,silver,7,r001
af16d9ef-f726-49dc-bf2e-73553dd417fd,1828.516743333333,#C C Cleans the steering wheel with a car vacuum cleaner,Cleaning,Essential Operation,Core manual task involving high hand activity.,silver,7,r001
af16d9ef-f726-49dc-bf2e-73553dd417fd,1840.8432233333333,#C C Cleans the mats of the car with a vacuum car cleaner,Cleaning,Essential Operation,Core manual task involving high hand activity.,silver,7,r001
af16d9ef-f726-49dc-bf2e-73553dd417fd,1941.9544833333327,#C C Cleans the glass holder of the car with a car vacuum cleaner,Cleaning,Essential Operation,Core task involving high hand activity and focused movement.,silver,7,r001
af16d9ef-f726-49dc-bf2e-73553dd417fd,2511.23628,#C C Sprays the car door,Cleaning,Essential Operation,Core task involving high hand activity with the spray bottle.,silver,7,r001
af16d9ef-f726-49dc-bf2e-73553dd417fd,2580.2902546666664,#C C Wipes a glove compartment with a towel,Cleaning,Essential Operation,"Core cleaning task, high hand activity.",silver,7,r001
af16d9ef-f726-49dc-bf2e-73553dd417fd,2954.2604466666667,#C C Picks a bottle of spray,Cleaning,Object Transfer,"Logistics step, picking up an object.",silver,7,r001
af16d9ef-f726-49dc-bf2e-73553dd417fd,3220.177693333333,#C C Dips the paper towel in the water,Cleaning,Essential Operation,Core manual task involving hand activity.,silver,7,r001
af16d9ef-f726-49dc-bf2e-73553dd417fd,3293.918393333333,#C C Wipes the door with towel,Cleaning,Essential Operation,"Core manual task, high hand activity.",silver,7,r001
af16d9ef-f726-49dc-bf2e-73553dd417fd,3443.518233333333,#C C Looks at the towel,Cleaning,Search,"Head movement (visual inspection), hands mostly still.",silver,7,r001
b0d3a6de-6520-414d-8161-3ae0ea34feb3,11.5412686,#C C plays with the dog,Playing Instrument,Stationary,"Low body/hand motion, interaction but not involving significant movement.",silver,7,r001
b0d3a6de-6520-414d-8161-3ae0ea34feb3,49.5736786,#C C puts the toy in the hand,Playing Instrument,Object Transfer,"The action involves picking up an object (toy), which is a logistics step.",silver,7,r001
b148c2bd-349a-4c3d-af5c-6791c300bea9,85.99160859999999,#C C touches the camera with the left hand,Cooking,Stationary,"Low body/hand motion, likely a brief interaction with an object.",silver,7,r001
b148c2bd-349a-4c3d-af5c-6791c300bea9,553.7698232666667,#C C puts meat on a table,Cooking,Object Transfer,"Logistics step, moving an object to a location.",silver,7,r001
b148c2bd-349a-4c3d-af5c-6791c300bea9,712.8485976213301,#C C puts #unsure in the plate,Cooking,Object Transfer,"Logistics step, placing an item on the plate.",silver,7,r001
b148c2bd-349a-4c3d-af5c-6791c300bea9,735.5605876213301,#C C takes a clothe,Cooking,Object Transfer,Logistics/Setup step.,silver,7,r001
b148c2bd-349a-4c3d-af5c-6791c300bea9,774.5778976213301,#C C takes polythene paper,Cooking,Object Transfer,Logistics/Setup step involving picking up or taking an object.,silver,7,r001
b148c2bd-349a-4c3d-af5c-6791c300bea9,824.4047876213301,#C C takes meat,Cooking,Object Transfer,Logistics step involving picking up or moving an object.,silver,7,r001
b148c2bd-349a-4c3d-af5c-6791c300bea9,867.5176276213301,#C C opens the cabinetry,Cooking,Object Transfer,Logistics step involving opening a cabinet.,silver,7,r001
b148c2bd-349a-4c3d-af5c-6791c300bea9,871.20781762133,#C C cooks meat,Cooking,Essential Operation,"Core task, high hand activity.",silver,7,r001
b148c2bd-349a-4c3d-af5c-6791c300bea9,1137.64478762133,#C C closes the cap,Cooking,Object Transfer,Logistics step involving closing an object.,silver,7,r001
b148c2bd-349a-4c3d-af5c-6791c300bea9,1188.88779762133,#C C pours water in the cup,Cooking,Essential Operation,Core task involving high hand activity.,silver,7,r001
b311fad7-8292-41d5-ad41-3693b4120bc8,2.3189996,#C C adjusts his camera with his right hand. #Unsure,Carpentry,Stationary,"Low body/hand motion, primarily hand adjustment.",silver,7,r001
b311fad7-8292-41d5-ad41-3693b4120bc8,37.5301096,#C C holds the second wire in the switch with his left hand.,Carpentry,Stationary,"Low body/hand motion, holding position.",silver,7,r001
b311fad7-8292-41d5-ad41-3693b4120bc8,38.4166296,#C C screws the second wire into the switch with the screwdriver in his right hand.,Carpentry,Essential Operation,Core manual task involving high hand activity.,silver,7,r001
b311fad7-8292-41d5-ad41-3693b4120bc8,43.087289600000005,#C C picks another wire from the wall socket with his right hand.,Carpentry,Object Transfer,"The action involves picking up an object, which is a logistics step.",silver,7,r001
b311fad7-8292-41d5-ad41-3693b4120bc8,46.4704296,#C C screws the third wire into the switch with the screwdriver in his right hand.,Carpentry,Essential Operation,Core manual task involving high hand activity.,silver,7,r001
b45099b9-a5af-4e72-bb58-0d9333aa751c,2.375855266666667,#C C Opens the laptop,Desk Work,Object Transfer,"Logistics step, short burst of hand activity.",silver,7,r001
b45099b9-a5af-4e72-bb58-0d9333aa751c,41.87263526666667,#C C Puts the paper on the file,Desk Work,Object Transfer,Logistics step involving picking up and placing an object.,silver,7,r001
b45099b9-a5af-4e72-bb58-0d9333aa751c,122.39357526666666,#C C Holds the pen,Desk Work,Stationary,"Low body/hand motion, holding object without movement.",silver,7,r001
b45099b9-a5af-4e72-bb58-0d9333aa751c,122.82435526666666,#C C Moves the papers,Desk Work,Object Transfer,"Logistics step involving moving papers, short bursts of hand acceleration.",silver,7,r001
b45099b9-a5af-4e72-bb58-0d9333aa751c,271.56320526666667,#C C Picks the pen in the box,Desk Work,Object Transfer,Logistics step involving picking up an object.,silver,7,r001
b45e4207-b0ff-4894-94d7-50622a0466db,16.45525,#C C walks on the driveway,Walking Outdoors,Locomotion,"Body moving through space, high body acceleration.",silver,7,r001
b45e4207-b0ff-4894-94d7-50622a0466db,31.72164,#C C looks around the garden,Walking Outdoors,Search,"Head movement (visual search), hands mostly still.",silver,7,r001
b45e4207-b0ff-4894-94d7-50622a0466db,54.22185,#C C walks on the cabro blocks,Walking Outdoors,Locomotion,"Body moving through space, indicative of walking.",silver,7,r001
b45e4207-b0ff-4894-94d7-50622a0466db,73.49036,#C C walks on the tarmac road,Walking Outdoors,Locomotion,"Body moving through space, indicative of walking.",silver,7,r001
b4707bc6-3579-4992-93ec-0eff21ba8922,126.3194996,#C C sprays the camera with the spray gun regulator,Cleaning,Essential Operation,Core task involving high hand activity.,silver,7,r001
b4707bc6-3579-4992-93ec-0eff21ba8922,157.75246959999998,#C C drops the spray gun regulator in his right hand on the table,Cleaning,Object Transfer,Refined via regex fallback,silver,7,r001
b4707bc6-3579-4992-93ec-0eff21ba8922,193.5346996,#C C moves the camera towards his face,Cleaning,Search,"Head movement towards the face (visual focus), hands mostly still.",silver,7,r001
b4707bc6-3579-4992-93ec-0eff21ba8922,200.7474096,#C C moves the camera farther from his face,Cleaning,Stationary,"Low body/hand motion, likely involves minimal movement to adjust the camera position.",silver,7,r001
b4707bc6-3579-4992-93ec-0eff21ba8922,244.1596796,#C C turns the camera with his right hand,Cleaning,Stationary,"Low body/hand motion, focused hand movement does not imply significant motion signature.",silver,7,r001
b4707bc6-3579-4992-93ec-0eff21ba8922,246.2162396,#C C handles the cartridge in the lower part of the camera with his right hand,Cleaning,Object Transfer,Logistics step involving handling an object.,silver,7,r001
b4707bc6-3579-4992-93ec-0eff21ba8922,317.9733809546634,#C C closes the polaroid camera,Cleaning,Stationary,"Low body/hand motion, likely involves minimal movement.",silver,7,r001
b4707bc6-3579-4992-93ec-0eff21ba8922,338.5666609546634,#C C cleans the polaroid camera with the wipe,Cleaning,Essential Operation,"Core manual task involving cleaning, high hand activity.",silver,7,r001
b4707bc6-3579-4992-93ec-0eff21ba8922,342.4789109546634,#C C looks at the wipe,Cleaning,Search,"Head movement (visual inspection), hands mostly still.",silver,7,r001
b4707bc6-3579-4992-93ec-0eff21ba8922,421.7888209546634,#C C cleans the handle of the polaroid camera,Cleaning,Essential Operation,"Core manual task involving cleaning, high hand activity.",silver,7,r001
b4707bc6-3579-4992-93ec-0eff21ba8922,485.46660095466336,#C C raises the polaroid camera,Cleaning,Stationary,The action of raising a camera is likely a preparatory or setup motion with minimal body movement.,silver,7,r001
b4707bc6-3579-4992-93ec-0eff21ba8922,497.3062609546634,#C C cleans the polaroid camera,Cleaning,Essential Operation,Core task involving manual cleaning activity.,silver,7,r001
b4707bc6-3579-4992-93ec-0eff21ba8922,623.17895762133,#C C touches the camera with his right hand.,Cleaning,Stationary,"Low body/hand motion, likely a momentary touch.",silver,7,r001
b4707bc6-3579-4992-93ec-0eff21ba8922,626.9715876213301,#C C turns the camera to the previous position.,Cleaning,Search,"Head movement (turning camera), hands mostly still.",silver,7,r001
b4707bc6-3579-4992-93ec-0eff21ba8922,632.13288762133,#C C tilts the camera in his hands sideways to the right.,Cleaning,Stationary,"Low body/hand motion, primarily hand movement which is not indicative of a core task or transfer.",silver,7,r001
b4707bc6-3579-4992-93ec-0eff21ba8922,636.3844376213301,#C C moves the camera around with both hands.,Cleaning,Search,Movement of hands to visually inspect or monitor the area.,silver,7,r001
b4707bc6-3579-4992-93ec-0eff21ba8922,666.0518576213301,#C C turns the camera towards him.,Cleaning,Search,"Head movement (turning towards), passive hands.",silver,7,r001
b4707bc6-3579-4992-93ec-0eff21ba8922,679.1848676213301,#C C grabs a bottle of liquid with his left hand.,Cleaning,Object Transfer,Logistics step involving picking up an object.,silver,7,r001
b4707bc6-3579-4992-93ec-0eff21ba8922,688.3540976213301,#C C holds the cotton bud.,Cleaning,Stationary,"Low body/hand motion, holding an object.",silver,7,r001
b4707bc6-3579-4992-93ec-0eff21ba8922,694.7991576213301,#C C cleans the viewfinder window with the cotton bud.,Cleaning,Essential Operation,Core manual task with high hand activity.,silver,7,r001
b4707bc6-3579-4992-93ec-0eff21ba8922,709.22559762133,#C C removes the cotton bud from the viewfinder window.,Cleaning,Object Transfer,Logistics step involving picking up and moving an object.,silver,7,r001
b4707bc6-3579-4992-93ec-0eff21ba8922,742.74397762133,#C C dips his right hand into the film eject slot.,Cleaning,Stationary,The action involves a hand movement but does not involve significant body movement or sustained hand activity.,silver,7,r001
b4707bc6-3579-4992-93ec-0eff21ba8922,863.6381476213301,#C C touches the tip of the bottle with the cotton wool in his left hand.,Cleaning,Essential Operation,"Core cleaning task, high hand activity.",silver,7,r001
b4707bc6-3579-4992-93ec-0eff21ba8922,864.05777762133,#C C pours the liquid on the cotton wool.,Cleaning,Essential Operation,Core task involving manual dexterity and control.,silver,7,r001
b4707bc6-3579-4992-93ec-0eff21ba8922,981.35167762133,#C C drops the cotton bud in his right hand on the table.,Cleaning,Object Transfer,Refined via regex fallback,silver,7,r001
b4707bc6-3579-4992-93ec-0eff21ba8922,998.03456762133,#C C cleans the Polaroid camera with the cotton wool in his right hand.,Cleaning,Essential Operation,Core task involving manual cleaning activity with high hand acceleration.,silver,7,r001
b4707bc6-3579-4992-93ec-0eff21ba8922,1000.75817762133,#C C tilts the Polaroid camera with his left hand.,Cleaning,Stationary,"The action involves tilting an object with one hand, which suggests minimal movement and a stationary position.",silver,7,r001
b4707bc6-3579-4992-93ec-0eff21ba8922,1013.44338762133,#C C holds the Polaroid camera with his left hand.,Cleaning,Stationary,"Low body/hand motion, holding an object without movement.",silver,7,r001
b4707bc6-3579-4992-93ec-0eff21ba8922,1040.0534476213302,#C C moves the Polaroid camera box with his left hand.,Cleaning,Object Transfer,Logistics step involving moving an object.,silver,7,r001
b4707bc6-3579-4992-93ec-0eff21ba8922,1064.3866622879966,#C C flips through the pages of the Polaroid camera manual in his hands.,Cleaning,Stationary,"Low body/hand motion, primarily involving hand flipping through pages.",silver,7,r001
b4707bc6-3579-4992-93ec-0eff21ba8922,1100.585304287997,#C C points his right finger at an image in the book,Cleaning,Stationary,Pointing action with minimal body movement.,silver,7,r001
b4707bc6-3579-4992-93ec-0eff21ba8922,1103.1588342879966,#C C removes his right finger from the book,Cleaning,Object Transfer,"The action involves a small, precise movement related to logistics or setup.",silver,7,r001
b4707bc6-3579-4992-93ec-0eff21ba8922,1225.5043042879963,#C C flips through the pages of the book with his left hand,Cleaning,Search,"Head and hand movement (visual search/inspection), likely low body motion.",silver,7,r001
b4707bc6-3579-4992-93ec-0eff21ba8922,1262.5244442879966,#C C turns the item #unsure,Cleaning,Search,"Head movement (turning), hands mostly still.",silver,7,r001
b4707bc6-3579-4992-93ec-0eff21ba8922,1331.590084287997,#C C leans backward,Cleaning,Stationary,"Low body/hand motion, indicative of a pause or idle state.",silver,7,r001
b4707bc6-3579-4992-93ec-0eff21ba8922,1533.607824287997,#C C drops the camera on the table,Cleaning,Object Transfer,Refined via regex fallback,silver,7,r001
b4707bc6-3579-4992-93ec-0eff21ba8922,1655.9066609546633,#C C turns the box to the side.,Cleaning,Object Transfer,Logistics action involving the manipulation of an object.,silver,7,r001
b4707bc6-3579-4992-93ec-0eff21ba8922,1837.3977809546632,#C C cleans the box with the cotton wool in his right hand.,Cleaning,Essential Operation,Core task involving high hand activity.,silver,7,r001
b4707bc6-3579-4992-93ec-0eff21ba8922,1910.9572809546632,#C C places the cello tape on the table,Cleaning,Object Transfer,Logistics step involving the placement of an object.,silver,7,r001
b4707bc6-3579-4992-93ec-0eff21ba8922,1939.4239909546632,#C C wipes the top part of the box,Cleaning,Essential Operation,Core task involving high hand activity.,silver,7,r001
b4707bc6-3579-4992-93ec-0eff21ba8922,1998.8632309546635,#C C cleans the side part of the box,Cleaning,Essential Operation,"Core manual task involving cleaning, high hand activity.",silver,7,r001
b4707bc6-3579-4992-93ec-0eff21ba8922,2033.561170954664,#C C closes the box with her left hand,Cleaning,Object Transfer,Logistics action involving the manipulation and closure of an object.,silver,7,r001
b4707bc6-3579-4992-93ec-0eff21ba8922,2037.204980954664,#C C picks up a screw driver with her left hand,Cleaning,Object Transfer,Logistics step of picking up an object.,silver,7,r001
b4707bc6-3579-4992-93ec-0eff21ba8922,2065.953400954664,#C C stops the cleaning of the camera,Cleaning,Stationary,"Indicates a pause or stop in action, likely with minimal movement.",silver,7,r001
b4707bc6-3579-4992-93ec-0eff21ba8922,2098.009870954664,#C C lifts the camera up,Cleaning,Object Transfer,"The action involves picking up an object, which is a logistics step.",silver,7,r001
b4f8496d-dc4a-483c-94e5-b0dabce47fc8,14.4680986,#C C Picks the knife sanding pads,Mechanical Repair,Object Transfer,Logistics step involving picking up an item.,silver,7,r001
b4f8496d-dc4a-483c-94e5-b0dabce47fc8,19.0137786,#C C Places the knife sanding pads on the table,Mechanical Repair,Object Transfer,Logistics step involving placing objects.,silver,7,r001
b4f8496d-dc4a-483c-94e5-b0dabce47fc8,55.6485986,#C C Sands the knife with a knife sanding machine,Mechanical Repair,Essential Operation,Core task involving high hand activity.,silver,7,r001
b4f8496d-dc4a-483c-94e5-b0dabce47fc8,422.01696928529327,#C C Wipes the knife with a towel,Mechanical Repair,Essential Operation,Core manual task involving high hand activity.,silver,7,r001
b4f8496d-dc4a-483c-94e5-b0dabce47fc8,437.7938592852933,#C C Turns off the knife sharpening machine,Mechanical Repair,Stationary,"Low body/hand motion, action involves a switch or button press.",silver,7,r001
b4f8496d-dc4a-483c-94e5-b0dabce47fc8,451.6575092852933,#C C Looks around the workshop,Mechanical Repair,Search,"Head movement (visual search), hands mostly still.",silver,7,r001
b4f8496d-dc4a-483c-94e5-b0dabce47fc8,462.48478928529335,#C C Picks another knife sharpening pad,Mechanical Repair,Object Transfer,"Logistics/Setup step, picking up an object.",silver,7,r001
b4f8496d-dc4a-483c-94e5-b0dabce47fc8,477.24287928529327,#C C Looks at the knife sharpening pad,Mechanical Repair,Search,"Head movement (visual inspection), passive hands.",silver,7,r001
b4f8496d-dc4a-483c-94e5-b0dabce47fc8,509.1171092852933,#C C Sharpens the knife with a knife sharpening machine,Mechanical Repair,Essential Operation,Core manual task involving high hand activity.,silver,7,r001
b4f8496d-dc4a-483c-94e5-b0dabce47fc8,587.8176176136719,#C C Sharpens the knife with a knife sanding machine,Mechanical Repair,Essential Operation,Core manual task involving high hand activity.,silver,7,r001
b4f8496d-dc4a-483c-94e5-b0dabce47fc8,937.0298282374988,#C C Applies the polish on the knife sharpening machine machine,Mechanical Repair,Essential Operation,Core task involving high hand activity.,silver,7,r001
b4f8496d-dc4a-483c-94e5-b0dabce47fc8,1028.5614282374988,#C C Wipes the trouser with hand,Mechanical Repair,Stationary,"Low body/hand motion, likely wiping a small area.",silver,7,r001
b4f8496d-dc4a-483c-94e5-b0dabce47fc8,1137.658607144922,#C C Places the small box of #unsure inside a big box,Mechanical Repair,Object Transfer,Logistics step involving picking up and placing an object.,silver,7,r001
b4f8496d-dc4a-483c-94e5-b0dabce47fc8,1151.7207271449215,#C C Picks a knife sharpener pad,Mechanical Repair,Object Transfer,Logistics step involving picking up an object.,silver,7,r001
b4f8496d-dc4a-483c-94e5-b0dabce47fc8,1170.496217144922,#C C Puts the knife sharpener pad in the box,Mechanical Repair,Object Transfer,"Logistics/Setup step, moving an object.",silver,7,r001
b4f8496d-dc4a-483c-94e5-b0dabce47fc8,1420.3621624964844,#C C Sprays the sharpening stone with water,Mechanical Repair,Essential Operation,Core manual task involving high hand activity.,silver,7,r001
b99c164c-dae8-4009-bb1f-56f550aa4fd5,1.8199296,#C C operates a computer with both hands.,Desk Work,Essential Operation,Core task involving high hand activity.,silver,7,r001
b99c164c-dae8-4009-bb1f-56f550aa4fd5,73.80620959999999,#C C operates the computer with his right hand.,Desk Work,Essential Operation,Core manual task involving high hand activity.,silver,7,r001
b99c164c-dae8-4009-bb1f-56f550aa4fd5,129.0666796,#C C drops the phone on the table.,Desk Work,Object Transfer,Refined via regex fallback,silver,7,r001
b99c164c-dae8-4009-bb1f-56f550aa4fd5,622.7389976213301,#C C types on the keyboard of the computer with both hands.,Desk Work,Essential Operation,Core manual task involving high hand activity.,silver,7,r001
b99c164c-dae8-4009-bb1f-56f550aa4fd5,676.0722876213301,#C C moves his right hand to his face.,Desk Work,Stationary,"Low body/hand motion, likely a minor gesture or touch.",silver,7,r001
b99c164c-dae8-4009-bb1f-56f550aa4fd5,700.84051762133,#C C watches the screen.,Desk Work,Search,"Head movement (visual monitoring), hands mostly still.",silver,7,r001
b99c164c-dae8-4009-bb1f-56f550aa4fd5,800.6315576213301,#C C operates the mouse with his right hand.,Desk Work,Essential Operation,Core manual task involving high hand activity.,silver,7,r001
b99c164c-dae8-4009-bb1f-56f550aa4fd5,1140.5755742879967,#C C operates the monitor with the mouse,Desk Work,Stationary,"Low body/hand motion, primarily hand movement on a stationary object.",silver,7,r001
b99c164c-dae8-4009-bb1f-56f550aa4fd5,1389.2951742879966,#C C operates a mouse on the computer desk with his right hand.,Desk Work,Essential Operation,Core task involving high hand activity.,silver,7,r001
b99c164c-dae8-4009-bb1f-56f550aa4fd5,1507.937254287997,#C C places his left hand on the keyboard on the computer.,Desk Work,Essential Operation,"Core task involving high hand activity, such as typing or operating a keyboard.",silver,7,r001
bc215572-bd4c-4457-bbc1-58cdd6398cc7,91.24337,#C C stares at the cup board,Mechanical Repair,Stationary,"Low body/hand motion, likely visual observation.",silver,7,r001
bc215572-bd4c-4457-bbc1-58cdd6398cc7,253.28853,#C C walks toward the door,Mechanical Repair,Locomotion,"Movement through space, high body acceleration.",silver,7,r001
bc215572-bd4c-4457-bbc1-58cdd6398cc7,265.79399,#C C walks in the living room,Mechanical Repair,Locomotion,"Movement through space, indicative of walking.",silver,7,r001
bc215572-bd4c-4457-bbc1-58cdd6398cc7,326.7525,#C C climbs on the bicycle,Mechanical Repair,Locomotion,"Body moving through space, climbing action.",silver,7,r001
bc215572-bd4c-4457-bbc1-58cdd6398cc7,1891.1377766666665,#C C throws fish food in the water.,Mechanical Repair,Object Transfer,"[CtxFixed] The action of throwing fish food into the water is a deliberate placement of an object, which fits the definition of 'Object Transfer'.",silver,7,r001
bc215572-bd4c-4457-bbc1-58cdd6398cc7,2092.4214366666665,#C C puts aside a bicycle.,Mechanical Repair,Object Transfer,Logistics step of putting an object aside.,silver,7,r001
bc215572-bd4c-4457-bbc1-58cdd6398cc7,2099.3418066666663,#C C moves a bicycle.,Mechanical Repair,Locomotion,Body moving through space to move the bicycle.,silver,7,r001
bc215572-bd4c-4457-bbc1-58cdd6398cc7,2227.3872366666665,#C C moves his foot.,Mechanical Repair,Stationary,"Low body/hand motion, foot movement does not imply significant locomotion or activity.",silver,7,r001
bc215572-bd4c-4457-bbc1-58cdd6398cc7,2893.9270366666665,#C C puts down his hand.,Mechanical Repair,Stationary,"The action indicates a pause or end to motion, suggesting a low-energy state.",silver,7,r001
bc215572-bd4c-4457-bbc1-58cdd6398cc7,2913.0077166666665,#C C holds his phone with both hands.,Mechanical Repair,Stationary,"Low body/hand motion, holding an object without moving.",silver,7,r001
bdf00ef0-4616-40ab-ab2e-4437cb93f39e,64.2480896,#C C makes curtain,Cleaning,Stationary,The action 'makes curtain' does not specify any specific movement that would classify it under the other categories. It is likely a stationary task involving manual adjustments.,silver,7,r001
bdf00ef0-4616-40ab-ab2e-4437cb93f39e,233.5859296,#C C picks picks pillow case,Cleaning,Object Transfer,Logistics step involving picking up an object.,silver,7,r001
bdf00ef0-4616-40ab-ab2e-4437cb93f39e,350.4021109546634,#C C drops bed duvet case on bed,Cleaning,Object Transfer,"[CtxFixed] The action involves moving the bed duvet case onto the bed, which is a deliberate placement.",silver,7,r001
bf6e4f01-7891-42fe-9b52-1b5033379b44,68.6392586,#C C puts the pieces of bread in the bowl,Cooking,Object Transfer,"Logistics step, moving objects from one place to another.",silver,7,r001
bf6e4f01-7891-42fe-9b52-1b5033379b44,124.1700386,#C C washes the hands with tap water,Cooking,Essential Operation,Core manual task involving high hand activity.,silver,7,r001
bf6e4f01-7891-42fe-9b52-1b5033379b44,259.9795886,#C C puts the paper in the bin,Cooking,Object Transfer,Logistics step involving moving an object (paper) to a destination (bin).,silver,7,r001
bf6e4f01-7891-42fe-9b52-1b5033379b44,326.05775707826206,#C C puts the opener on the chopping board,Cooking,Object Transfer,Logistics step involving placing the opener on the chopping board.,silver,7,r001
bf6e4f01-7891-42fe-9b52-1b5033379b44,380.39051707826206,#C C opens the cabinet drawer,Cooking,Object Transfer,Logistics/Setup step involving opening a drawer.,silver,7,r001
bf6e4f01-7891-42fe-9b52-1b5033379b44,429.19666707826207,#C C puts the milk in the fridge,Cooking,Object Transfer,Logistics step involving picking up and putting down the milk.,silver,7,r001
bf6e4f01-7891-42fe-9b52-1b5033379b44,749.7998876136719,#C C puts the bottle of oil into the box,Cooking,Object Transfer,Logistics/Setup step involving picking up and putting down the bottle.,silver,7,r001
bf6e4f01-7891-42fe-9b52-1b5033379b44,849.843338365625,#C c removes #unsure from the box,Cooking,Object Transfer,Logistics step involving picking up or removing an object.,silver,7,r001
bf6e4f01-7891-42fe-9b52-1b5033379b44,854.734808365625,#C c breaks a piece of #unsure,Cooking,Object Transfer,"[CtxFixed] The action involves breaking a piece of an object, which can be considered a form of object manipulation and transfer.",silver,7,r001
bf6e4f01-7891-42fe-9b52-1b5033379b44,863.568908365625,#C c puts #unsure on top of the minced meat inside the bowl,Cooking,Object Transfer,Logistics step involving placing an item.,silver,7,r001
bf6e4f01-7891-42fe-9b52-1b5033379b44,982.530568365625,#C c picks #unsure from the counter top,Cooking,Object Transfer,"Action involves picking up an object, which is a logistics step.",silver,7,r001
c20cf0c7-8c75-47cb-b069-46c2a2058519,0.0,#C C drills the wall.,Carpentry,Essential Operation,Core manual task involving high hand activity.,silver,7,r001
c20cf0c7-8c75-47cb-b069-46c2a2058519,136.86757,#C C looks at holes on the wall,Carpentry,Search,"Head movement (visual search), hands mostly still.",silver,7,r001
c20cf0c7-8c75-47cb-b069-46c2a2058519,140.23573,#C C puts the screws in the wall.,Carpentry,Essential Operation,Core manual task involving high hand activity.,silver,7,r001
c20cf0c7-8c75-47cb-b069-46c2a2058519,161.54821,#C C hits the screw with the hammer.,Carpentry,Essential Operation,Core manual task involving high hand activity.,silver,7,r001
c20cf0c7-8c75-47cb-b069-46c2a2058519,188.03761,#C C fixes the metal on the wall.,Carpentry,Essential Operation,"Core task involving manual work, likely with high hand activity.",silver,7,r001
c20cf0c7-8c75-47cb-b069-46c2a2058519,298.55747,#C C tightens the nut with the machine.,Carpentry,Essential Operation,Core task involving high hand activity.,silver,7,r001
c3361017-8999-4dfb-88cd-90f1f13d58b2,8.4061396,#C C cuts the tape on the foam wrap on the bicycle,Mechanical Repair,Essential Operation,Core task involving manual dexterity and fine motor skills.,silver,7,r001
c3361017-8999-4dfb-88cd-90f1f13d58b2,31.5580896,#C C drops bicycle wheel padding,Mechanical Repair,Object Transfer,"[CtxFixed] The action of dropping the bicycle wheel padding is a deliberate placement onto a surface, which fits the criteria for 'Object Transfer'.",silver,7,r001
c3361017-8999-4dfb-88cd-90f1f13d58b2,46.8854696,#C C removes wrapping from bicycle steering,Mechanical Repair,Object Transfer,Logistics step involving the removal of an object (wrapping).,silver,7,r001
c3361017-8999-4dfb-88cd-90f1f13d58b2,142.9339096,#C C turns bicycle's back tire,Mechanical Repair,Locomotion,"Rotation of the tire involves continuous circular motion, indicative of a locomotive action.",silver,7,r001
c3361017-8999-4dfb-88cd-90f1f13d58b2,148.8572596,#C C dusts off bicycle gear,Mechanical Repair,Stationary,"Low body/hand motion, focused activity.",silver,7,r001
c3361017-8999-4dfb-88cd-90f1f13d58b2,151.9397196,#C C unmounts bicycle from the wall,Mechanical Repair,Locomotion,Body moving through space to unmount the bicycle.,silver,7,r001
c3361017-8999-4dfb-88cd-90f1f13d58b2,161.1150496,#C C picks a stand,Mechanical Repair,Object Transfer,"Logistics/Setup step, picking up an object.",silver,7,r001
c3361017-8999-4dfb-88cd-90f1f13d58b2,175.5753896,#C C turns the back tire,Mechanical Repair,Locomotion,"Body moving through space to rotate the tire, involves high body acceleration.",silver,7,r001
c3361017-8999-4dfb-88cd-90f1f13d58b2,323.1140009546634,#C C closes the drawer in the mini tool cabinet,Mechanical Repair,Object Transfer,"Logistics action involving the drawer, short bursts of hand acceleration.",silver,7,r001
c3361017-8999-4dfb-88cd-90f1f13d58b2,329.5318309546634,#C C cuts some tape from the masking tape with his hand,Mechanical Repair,Essential Operation,Core manual task involving high hand activity.,silver,7,r001
c3361017-8999-4dfb-88cd-90f1f13d58b2,372.7120409546634,#C C drops the electric soldering iron on the floor,Mechanical Repair,Object Transfer,Refined via regex fallback,silver,7,r001
c3b19085-f7eb-4217-8eec-b8cc056f92a1,0.0,#C C lets go of the camera,Cleaning,Object Transfer,"[CtxFixed] Releasing the camera is a deliberate action of placing the object down, which fits the criteria for Object Transfer.",silver,7,r001
c3b19085-f7eb-4217-8eec-b8cc056f92a1,39.752,#C C alights from the car,Cleaning,Locomotion,"The action describes a movement from one place to another, indicating a change in position.",silver,7,r001
c3b19085-f7eb-4217-8eec-b8cc056f92a1,160.088,#C C moves towards his left,Cleaning,Locomotion,Body movement through space.,silver,7,r001
c3b19085-f7eb-4217-8eec-b8cc056f92a1,173.445,#C C places the tissue in his right hand,Cleaning,Object Transfer,"The action involves picking up or putting down an object, which is a logistics step.",silver,7,r001
c3b19085-f7eb-4217-8eec-b8cc056f92a1,308.914,#C C sprays disinfectant on the boot,Cleaning,Essential Operation,Core task involving high hand activity for applying disinfectant.,silver,7,r001
c3b19085-f7eb-4217-8eec-b8cc056f92a1,342.31809,#C C wipes the boot with the tissue,Cleaning,Essential Operation,"Core manual task, high hand activity.",silver,7,r001
c3b19085-f7eb-4217-8eec-b8cc056f92a1,508.904,#C C sprays disinfectant on the tissue,Cleaning,Essential Operation,Core manual task involving high hand activity.,silver,7,r001
c3b19085-f7eb-4217-8eec-b8cc056f92a1,518.149,#C C opens the mirror,Cleaning,Object Transfer,"Opening an object, involves a short burst of hand activity.",silver,7,r001
c3b19085-f7eb-4217-8eec-b8cc056f92a1,529.8697500000001,#C C inspects the card,Cleaning,Search,Visual inspection involves head movement and passive hands.,silver,7,r001
c3b19085-f7eb-4217-8eec-b8cc056f92a1,640.1412566666667,#C C stares at the wind screen,Cleaning,Stationary,"Low body/hand motion, focused gaze.",silver,7,r001
c431062e-857c-4e9f-ad5c-94f925acc822,86.8914386,#C C carries cut piece of paper to kitchen cabinet,Cleaning,Object Transfer,Logistics step involving carrying an object.,silver,7,r001
c431062e-857c-4e9f-ad5c-94f925acc822,133.23598859999998,#C C washes sponge in sink,Cleaning,Essential Operation,Core manual task involving high hand activity.,silver,7,r001
c431062e-857c-4e9f-ad5c-94f925acc822,133.55421859999998,#C C picks bottle lid on countertop,Cleaning,Object Transfer,Logistics step involving picking up an object.,silver,7,r001
c431062e-857c-4e9f-ad5c-94f925acc822,175.8510786,#C C holds sponge on countertop,Cleaning,Stationary,"Low body/hand motion, holding position.",silver,7,r001
c431062e-857c-4e9f-ad5c-94f925acc822,246.0147086,#C C rinses bowl with sink water,Cleaning,Essential Operation,Core task involving high hand activity.,silver,7,r001
c431062e-857c-4e9f-ad5c-94f925acc822,289.3346786,#C C applies liquid on washing sponge,Cleaning,Essential Operation,Core manual task involving high hand activity.,silver,7,r001
c431062e-857c-4e9f-ad5c-94f925acc822,292.25712860000004,#C C picks plate in sink,Cleaning,Object Transfer,Logistics step involving picking up an object.,silver,7,r001
c431062e-857c-4e9f-ad5c-94f925acc822,343.3111486,#C C picks dishwashing liquid bottle on countertop,Cleaning,Object Transfer,Logistics step involving picking up an object.,silver,7,r001
c431062e-857c-4e9f-ad5c-94f925acc822,400.3675786,#C C wipes a point on board with hand,Cleaning,Essential Operation,"Core cleaning task, high hand activity.",silver,7,r001
c431062e-857c-4e9f-ad5c-94f925acc822,401.9995386000001,#C C turns board,Cleaning,Stationary,Turning a board likely involves minimal body movement and could be a static action.,silver,7,r001
c431062e-857c-4e9f-ad5c-94f925acc822,405.4175786,#C C rinses board with sink water,Cleaning,Essential Operation,Core task involving high hand activity and interaction with an object.,silver,7,r001
c431062e-857c-4e9f-ad5c-94f925acc822,487.7050086,#C C washes lids in sink,Cleaning,Essential Operation,"Core task involving manual washing, high hand activity.",silver,7,r001
c431062e-857c-4e9f-ad5c-94f925acc822,517.9254286,#C C pours sink water in bottle,Cleaning,Essential Operation,"Core task involving manual pouring, high hand activity.",silver,7,r001
c431062e-857c-4e9f-ad5c-94f925acc822,519.3730786,#C C rinses bottle,Cleaning,Essential Operation,Core manual task involving hand activity.,silver,7,r001
c431062e-857c-4e9f-ad5c-94f925acc822,521.0095086,#C C picks the other bottle in sink,Cleaning,Object Transfer,Logistics step involving picking up an object.,silver,7,r001
c431062e-857c-4e9f-ad5c-94f925acc822,555.9160786,#C C rinses strainer in sink,Cleaning,Essential Operation,Core task involving high hand activity.,silver,7,r001
c431062e-857c-4e9f-ad5c-94f925acc822,577.4985986,#C C washes lid with sponge,Cleaning,Essential Operation,Core manual task involving high hand activity.,silver,7,r001
c431062e-857c-4e9f-ad5c-94f925acc822,639.1502786,#C C washes hand in sink,Cleaning,Essential Operation,Core manual task involving high hand activity.,silver,7,r001
c431062e-857c-4e9f-ad5c-94f925acc822,650.8148186,#C C shifts lid to left hand,Cleaning,Object Transfer,Logistics step involving moving an object from one hand to another.,silver,7,r001
c431062e-857c-4e9f-ad5c-94f925acc822,702.1675786,#C C picks washing sponge on countertop,Cleaning,Object Transfer,Logistics step involving picking up an object.,silver,7,r001
c431062e-857c-4e9f-ad5c-94f925acc822,783.9449856000001,#C C takes skillet in sink,Cleaning,Object Transfer,Logistics step involving picking up an object.,silver,7,r001
c431062e-857c-4e9f-ad5c-94f925acc822,792.4329256000001,#C C holds washing sponge on sink countertop,Cleaning,Stationary,"Low body/hand motion, holding position.",silver,7,r001
c431062e-857c-4e9f-ad5c-94f925acc822,827.7023286000001,#C C drops bottle in paper bin,Cleaning,Object Transfer,"[CtxFixed] The action of dropping the bottle into the paper bin is a deliberate placement, which fits the definition of an Object Transfer.",silver,7,r001
c431062e-857c-4e9f-ad5c-94f925acc822,830.9812386000001,#C C walks back to sink,Cleaning,Locomotion,Body moving through space (walking).,silver,7,r001
c431062e-857c-4e9f-ad5c-94f925acc822,858.6765886000001,#C C positions paper inside bin,Cleaning,Object Transfer,"Logistics step, placing an object in a specific location.",silver,7,r001
c431062e-857c-4e9f-ad5c-94f925acc822,877.2963386000001,#C C shakes hand in sink,Cleaning,Essential Operation,Core task involving high hand activity.,silver,7,r001
c431062e-857c-4e9f-ad5c-94f925acc822,880.0489986,#C C turns on sink water,Cleaning,Essential Operation,"Core task involving manual operation to turn on water, high hand activity.",silver,7,r001
c431062e-857c-4e9f-ad5c-94f925acc822,894.2146686000001,#C C returns skillet to countertop,Cleaning,Object Transfer,Logistics step of placing an object down.,silver,7,r001
c6a3921a-1cf8-4d8e-94be-7c1b94641c65,15.5234886,#C C puts a pillow on the chair,Mechanical Repair,Object Transfer,Action involves placing an object (pillow) onto another object (chair).,silver,7,r001
c6a3921a-1cf8-4d8e-94be-7c1b94641c65,68.1720286,#C C lifts the bed cover,Mechanical Repair,Locomotion,"Body movement, likely involves lifting which implies high body acceleration.",silver,7,r001
c6a3921a-1cf8-4d8e-94be-7c1b94641c65,72.5318486,#C C stretches the bed cover,Mechanical Repair,Stationary,"The action of stretching a bed cover does not involve continuous movement or high acceleration, but rather a static positioning and adjustment.",silver,7,r001
c6a3921a-1cf8-4d8e-94be-7c1b94641c65,84.4758686,#C C covers the mattress,Mechanical Repair,Stationary,Covering an object typically involves minimal movement and is not characterized by high acceleration or rotation.,silver,7,r001
c6a3921a-1cf8-4d8e-94be-7c1b94641c65,154.9831286,#C C moves the pillow cover to the left hand,Mechanical Repair,Object Transfer,Logistics step involving moving an object from one hand to another.,silver,7,r001
c6a3921a-1cf8-4d8e-94be-7c1b94641c65,174.61222859999998,#C C puts the pillows in the pillow cover,Mechanical Repair,Object Transfer,Logistics step involving placing objects into covers.,silver,7,r001
c6a3921a-1cf8-4d8e-94be-7c1b94641c65,202.0279286,#C C puts the pillows on the bed,Mechanical Repair,Object Transfer,Logistics step involving placing objects.,silver,7,r001
c6a3921a-1cf8-4d8e-94be-7c1b94641c65,354.47098249648445,#C C stretches the duvet cover,Mechanical Repair,Stationary,"The action of stretching a duvet cover does not correspond to the high energy movements associated with locomotion, essential operations, object transfer, search, or errors/corrections. It involves a more relaxed, stationary activity.",silver,7,r001
c6a3921a-1cf8-4d8e-94be-7c1b94641c65,412.6504024964844,#C C lifts the duvet,Mechanical Repair,Locomotion,"Body moving through space (lifting), high body acceleration.",silver,7,r001
c6a3921a-1cf8-4d8e-94be-7c1b94641c65,415.2156124964844,#C C walks beside the bed,Mechanical Repair,Locomotion,Body moving through space (walking).,silver,7,r001
c6a3921a-1cf8-4d8e-94be-7c1b94641c65,419.1159624964844,#C C lowers the duvet,Mechanical Repair,Object Transfer,"The action involves lowering an object, which is a logistics step.",silver,7,r001
c6f952ea-b060-42a7-8441-3cde54e9c1d1,17.80205,#C C places the pliers on the wall,Carpentry,Object Transfer,Logistics action of placing an object.,silver,7,r001
c6f952ea-b060-42a7-8441-3cde54e9c1d1,43.29523,#C C pulls on the tape,Carpentry,Stationary,Pulling on a tape measure typically involves minimal body movement and is a static action.,silver,7,r001
c6f952ea-b060-42a7-8441-3cde54e9c1d1,79.24,#C C sticks the strip lights on the wall,Carpentry,Essential Operation,Core task involving manual dexterity and precision.,silver,7,r001
c6f952ea-b060-42a7-8441-3cde54e9c1d1,126.844,#C C sticks the strip lights on the wall,Carpentry,Stationary,"The action involves a stationary activity such as applying adhesive or positioning objects on a wall, which typically does not involve significant body or hand movement.",silver,7,r001
c6f952ea-b060-42a7-8441-3cde54e9c1d1,222.299,#C C places one of the pliers on the wall,Carpentry,Object Transfer,Logistics step of placing an object.,silver,7,r001
c6f952ea-b060-42a7-8441-3cde54e9c1d1,226.99922,#C C compares the wall and the strip lights,Carpentry,Search,"Visual inspection and comparison, likely involves head movement and minimal hand activity.",silver,7,r001
c6f952ea-b060-42a7-8441-3cde54e9c1d1,285.57435,#C C walks towards the gate,Carpentry,Locomotion,Body moving through space (walking).,silver,7,r001
c6f952ea-b060-42a7-8441-3cde54e9c1d1,346.33304,#C C fixes the emitter with the soldering iron,Carpentry,Essential Operation,Core manual task involving high hand activity.,silver,7,r001
c6f952ea-b060-42a7-8441-3cde54e9c1d1,347.59154,#C C removes the wire from the emitter,Carpentry,Stationary,Removing a wire is a precise action that likely involves minimal movement.,silver,7,r001
c6f952ea-b060-42a7-8441-3cde54e9c1d1,375.51001,#C C stares at the wall,Carpentry,Stationary,"Low body/hand motion, visual focus without movement.",silver,7,r001
c7344db5-fc90-42b9-9dad-346dd3c5e4f0,340.90043526666665,#C C drags the rack,Cleaning,Locomotion,"Body movement through space, likely involves dragging which is a form of locomotion with the rack.",silver,7,r001
c7344db5-fc90-42b9-9dad-346dd3c5e4f0,364.55253526666667,#C C cleans the lid,Cleaning,Essential Operation,Core manual task involving high hand activity.,silver,7,r001
c7344db5-fc90-42b9-9dad-346dd3c5e4f0,375.0772452666667,#C C cleans the cooking spoon,Cleaning,Essential Operation,"Core task involving manual cleaning activity, high hand acceleration.",silver,7,r001
c7344db5-fc90-42b9-9dad-346dd3c5e4f0,495.35092526666665,#C C places the trash in the bin,Cleaning,Object Transfer,Logistics step involving picking up and placing an object.,silver,7,r001
c7344db5-fc90-42b9-9dad-346dd3c5e4f0,503.5002952666667,#C C cleans the cooking pot,Cleaning,Essential Operation,Core task involving high hand activity.,silver,7,r001
c7344db5-fc90-42b9-9dad-346dd3c5e4f0,551.3858652666667,#C C pours the water from the cooking pot,Cleaning,Essential Operation,"Core task involving manual pouring action, high hand activity.",silver,7,r001
c7344db5-fc90-42b9-9dad-346dd3c5e4f0,555.9429352666667,#C C scrubs the cooking pot,Cleaning,Essential Operation,Core manual task involving high hand activity.,silver,7,r001
c7344db5-fc90-42b9-9dad-346dd3c5e4f0,588.2488952666668,#C C puts down electric jug,Cleaning,Object Transfer,Logistics step involving placing an object.,silver,7,r001
c7344db5-fc90-42b9-9dad-346dd3c5e4f0,648.0060152666667,#C C takes glass,Cleaning,Object Transfer,Logistics/Setup step involving picking up or moving an object.,silver,7,r001
c7344db5-fc90-42b9-9dad-346dd3c5e4f0,794.0318652666667,#C C puts bowl in the drawer,Cleaning,Object Transfer,Logistics step involving moving an object.,silver,7,r001
c7344db5-fc90-42b9-9dad-346dd3c5e4f0,988.7746752666668,#C C wipes the table with a washing sponge,Cleaning,Essential Operation,Core task involving high hand activity.,silver,7,r001
c7344db5-fc90-42b9-9dad-346dd3c5e4f0,1119.5776719333332,#C C picks a lid from kitchen counter wit right hand,Cleaning,Object Transfer,Logistics step involving picking up an object.,silver,7,r001
c7344db5-fc90-42b9-9dad-346dd3c5e4f0,1193.6023519333332,#C C walks around the kitchen room,Cleaning,Locomotion,"Body moving through space, indicative of walking.",silver,7,r001
c7344db5-fc90-42b9-9dad-346dd3c5e4f0,1200.0107119333334,#C C exchanges scrub sponge to his left hand,Cleaning,Object Transfer,Logistics of picking up and moving the scrub sponge to the other hand.,silver,7,r001
c7344db5-fc90-42b9-9dad-346dd3c5e4f0,1256.1605419333332,#C C rinses scrub sponge on the sink with left hand,Cleaning,Essential Operation,Core manual task involving high hand activity.,silver,7,r001
c7344db5-fc90-42b9-9dad-346dd3c5e4f0,1257.2741719333333,#C C places scrub sponge on sink surface,Cleaning,Object Transfer,"Logistics step, placing an object.",silver,7,r001
c7344db5-fc90-42b9-9dad-346dd3c5e4f0,1262.9295719333334,#C C unrolls tissue paper with left hand,Cleaning,Essential Operation,Core task involving manual dexterity and fine motor skills.,silver,7,r001
c7344db5-fc90-42b9-9dad-346dd3c5e4f0,1265.2883519333334,#C C folds tissue paper on his left hands,Cleaning,Stationary,"Low body/hand motion, focused activity.",silver,7,r001
c7344db5-fc90-42b9-9dad-346dd3c5e4f0,1287.7108119333334,#C C cuts tissue paper with left hand,Cleaning,Essential Operation,Core task involving manual operation with high hand activity.,silver,7,r001
c7344db5-fc90-42b9-9dad-346dd3c5e4f0,1340.3325519333332,#C C moves nylon paper dust on floor,Cleaning,Locomotion,Movement through space while performing a cleaning task.,silver,7,r001
c7344db5-fc90-42b9-9dad-346dd3c5e4f0,1342.2402919333333,#C C picks dust pan with right hand,Cleaning,Object Transfer,Logistics action of picking up an object.,silver,7,r001
c7344db5-fc90-42b9-9dad-346dd3c5e4f0,1343.3889519333334,#C C sweeps kitchen floor with broom,Cleaning,Locomotion,Body moving through space while performing a sweeping action.,silver,7,r001
c7344db5-fc90-42b9-9dad-346dd3c5e4f0,1510.4346619333332,#C C moves the paper towel on the table,Cleaning,Locomotion,Body moving through space to move the paper towel.,silver,7,r001
c7344db5-fc90-42b9-9dad-346dd3c5e4f0,1534.8308619333334,#C C looks at his watch,Cleaning,Search,"Head movement (looking), hands mostly still.",silver,7,r001
c7344db5-fc90-42b9-9dad-346dd3c5e4f0,1645.8421386,#C C disposes trash,Cleaning,Object Transfer,Logistics step involving picking up and disposing of trash.,silver,7,r001
c7344db5-fc90-42b9-9dad-346dd3c5e4f0,1679.3588386,#C C drops paper bag,Cleaning,Object Transfer,"[CtxFixed] The action of dropping the paper bag can be interpreted as a deliberate placement of the object onto a surface, which fits the criteria for 'Object Transfer'.",silver,7,r001
c7344db5-fc90-42b9-9dad-346dd3c5e4f0,1824.4631386,#C C hangs rapture shower,Cleaning,Locomotion,"Body moving through space to hang an object, likely involves walking or reaching.",silver,7,r001
c7344db5-fc90-42b9-9dad-346dd3c5e4f0,2012.8960486,#C C places toilet hand bidet on hanger with left hand,Cleaning,Object Transfer,Logistics step involving placing an object.,silver,7,r001
c7344db5-fc90-42b9-9dad-346dd3c5e4f0,2022.3240686,#C C hangs scouring cloth on door handle with right hand,Cleaning,Object Transfer,Logistics action involving the placement of an object.,silver,7,r001
c80acd5c-5989-4d6b-82a3-8140b5da0d6c,33.442838599999995,#C C sticks the peg on the hanging line,Cleaning,Object Transfer,Logistics step involving picking up and placing an object.,silver,7,r001
c80acd5c-5989-4d6b-82a3-8140b5da0d6c,59.0679086,#C C picks up a peg,Cleaning,Object Transfer,Logistics step involving picking up an object.,silver,7,r001
c80acd5c-5989-4d6b-82a3-8140b5da0d6c,279.1021986,#C C hangs the bedsheet on the potable hanging line,Cleaning,Locomotion,Body moving through space to hang the bedsheet.,silver,7,r001
c80acd5c-5989-4d6b-82a3-8140b5da0d6c,316.93928982070315,#C C lifts the bedsheet,Cleaning,Object Transfer,"The action involves picking up an object (bedsheet), which is a logistics step.",silver,7,r001
c80acd5c-5989-4d6b-82a3-8140b5da0d6c,407.5774298207032,#C C removes clothes from the basket,Cleaning,Object Transfer,Logistics/Setup step involving picking up and removing objects.,silver,7,r001
c80acd5c-5989-4d6b-82a3-8140b5da0d6c,438.8766098207032,#C C picks clothes from the chair,Cleaning,Object Transfer,"Logistics step, picking up an object.",silver,7,r001
c80acd5c-5989-4d6b-82a3-8140b5da0d6c,445.5076798207032,#C C puts the clothes basket on the floor,Cleaning,Object Transfer,Logistics step involving moving an object (clothes basket).,silver,7,r001
c87e11bc-9038-4fd2-9ec1-f86998634e2e,111.39741,#C C Stares at the roof,Desk Work,Stationary,"Low body/hand motion, focused gaze.",silver,7,r001
c87e11bc-9038-4fd2-9ec1-f86998634e2e,349.83224,#C C Points a finger,Desk Work,Stationary,Pointing involves minimal body movement and is generally a stationary action.,silver,7,r001
c87e11bc-9038-4fd2-9ec1-f86998634e2e,1505.1025366666668,#C C Clicks a laptop,Desk Work,Stationary,"Low body/hand motion, mostly finger movement which does not register in IMU.",silver,7,r001
c87e11bc-9038-4fd2-9ec1-f86998634e2e,1534.9893866666666,#C C Plays chess on a laptop,Desk Work,Stationary,"Low body/hand motion, focused activity on a stationary object.",silver,7,r001
c8f8ebf1-5613-4f4a-802c-ada5e4c4b651,22.6128786,#C C drops a cord on a couch with his left hand.,Cooking,Object Transfer,"[CtxFixed] The action of dropping a cord onto a couch is a deliberate placement of the object onto a surface, which fits the definition of 'Object Transfer'.",silver,7,r001
c8f8ebf1-5613-4f4a-802c-ada5e4c4b651,33.0605386,#C C drops the camera on a chair with his right hand.,Cooking,Object Transfer,"[CtxFixed] The action of dropping the camera onto a chair is a deliberate placement, which fits the definition of 'Object Transfer'.",silver,7,r001
c8f8ebf1-5613-4f4a-802c-ada5e4c4b651,178.5470586,#C C picks another piece of meat with his left hand.,Cooking,Object Transfer,Logistics action involving picking up an object.,silver,7,r001
c8f8ebf1-5613-4f4a-802c-ada5e4c4b651,325.0356886,#C C cuts the piece of meat with the knife in his right hand.,Cooking,Essential Operation,Core task involving high hand activity.,silver,7,r001
c8f8ebf1-5613-4f4a-802c-ada5e4c4b651,332.2991486,#C C cuts the pieces of meat together with the knife in his right hand.,Cooking,Essential Operation,Core task involving high hand activity.,silver,7,r001
c8f8ebf1-5613-4f4a-802c-ada5e4c4b651,339.82228860000004,#C C arranges the pieces of meat together with his left hand.,Cooking,Stationary,"Low body/hand motion, arranging items.",silver,7,r001
c8f8ebf1-5613-4f4a-802c-ada5e4c4b651,423.9118086,#C C operates a phone on a tissue roll with his right hand.,Cooking,Essential Operation,Core manual task involving precise hand movements.,silver,7,r001
c8f8ebf1-5613-4f4a-802c-ada5e4c4b651,454.7067886,#C C inserts the blade into the base with his right hand.,Cooking,Essential Operation,Core task involving precise hand movements.,silver,7,r001
c8f8ebf1-5613-4f4a-802c-ada5e4c4b651,493.8346886000001,#C C puts the phone on a cloth with his right hand.,Cooking,Object Transfer,Logistics step involving placing an object.,silver,7,r001
c8f8ebf1-5613-4f4a-802c-ada5e4c4b651,530.4878886,#C C closes the keg of oil with his right hand.,Cooking,Object Transfer,"Closing an object, a logistics step involving short bursts of hand activity.",silver,7,r001
c9dcb3bf-0dfe-4b07-8bca-0582ac7a81c0,216.5391196,#C C scrolls the laptop mouse,Desk Work,Stationary,"Low body/hand motion, focused on visual interaction.",silver,7,r001
cd4a46ba-548f-41bc-910b-4b0bc7fe5d9f,60.3470286,#C C picks up the screw driver,Carpentry,Object Transfer,Logistics step of picking up an object.,silver,7,r001
cd4a46ba-548f-41bc-910b-4b0bc7fe5d9f,94.6130286,#C C unfolds the measuring tape,Carpentry,Object Transfer,Action involves picking up and unfolding an object.,silver,7,r001
cd4a46ba-548f-41bc-910b-4b0bc7fe5d9f,103.8710286,#C C makes a marking on the wall,Carpentry,Essential Operation,Core task involving precise hand movements.,silver,7,r001
cd4a46ba-548f-41bc-910b-4b0bc7fe5d9f,231.5200286,#C C wipes the socket box with the hand,Carpentry,Essential Operation,Core manual task involving high hand activity.,silver,7,r001
cd4a46ba-548f-41bc-910b-4b0bc7fe5d9f,330.1080286,#C C puts the spirit level between the legs,Carpentry,Object Transfer,Logistics step involving placing an object.,silver,7,r001
cd4a46ba-548f-41bc-910b-4b0bc7fe5d9f,416.7940286000001,#C C walks out of the room,Carpentry,Locomotion,"Movement through space, indicative of walking.",silver,7,r001
cd4a46ba-548f-41bc-910b-4b0bc7fe5d9f,476.1920286,#CC stares at the phone,Carpentry,Search,"Head movement (visual focus), hands mostly still.",silver,7,r001
cd4a46ba-548f-41bc-910b-4b0bc7fe5d9f,629.23663762133,#C C fixes the drill bit on the nail gun,Carpentry,Essential Operation,Core manual task involving high hand activity.,silver,7,r001
cd4a46ba-548f-41bc-910b-4b0bc7fe5d9f,842.1886376213301,#C C picks the nut from the box,Carpentry,Object Transfer,Logistics step involving picking an object.,silver,7,r001
cd4a46ba-548f-41bc-910b-4b0bc7fe5d9f,876.54063762133,#C C fixes the nut on the drill bit,Carpentry,Essential Operation,Core manual task involving high hand activity.,silver,7,r001
cd4a46ba-548f-41bc-910b-4b0bc7fe5d9f,878.3826376213301,#C C drills the nut on the socket box,Carpentry,Essential Operation,Core manual task involving high hand activity.,silver,7,r001
cf90f24b-32de-452a-b154-03ca5e47099a,19.319499600000004,#C C raises his legs up.,Desk Work,Stationary,"Low body/hand motion, indicative of a relaxed, stationary position.",silver,7,r001
cf90f24b-32de-452a-b154-03ca5e47099a,32.6119196,#C C lowers his legs.,Desk Work,Stationary,"Low body/hand motion, indicates a change to a stationary position.",silver,7,r001
cf90f24b-32de-452a-b154-03ca5e47099a,112.9227896,#C C pauses.,Desk Work,Stationary,"Low body/hand motion, indicates a pause.",silver,7,r001
cf90f24b-32de-452a-b154-03ca5e47099a,161.1235596,#C C moves his legs to the left.,Desk Work,Stationary,"Low body/hand motion, slight movement does not qualify as locomotion.",silver,7,r001
cf90f24b-32de-452a-b154-03ca5e47099a,275.7600696,#C C pinches his left leg with his right hand.,Desk Work,Essential Operation,"[CtxFixed] The action of pinching one's leg is likely an essential operation, such as checking for injuries or applying pressure.",silver,7,r001
cf90f24b-32de-452a-b154-03ca5e47099a,344.3202509546634,#C C puts his hands on his legs,Desk Work,Stationary,"Low body/hand motion, indicating a pause or rest.",silver,7,r001
cf90f24b-32de-452a-b154-03ca5e47099a,424.6495709546634,#C C looks toward a round table,Desk Work,Search,"Head movement (visual search), hands mostly still.",silver,7,r001
cfac3358-8f12-4f02-9899-f130e449e2c6,49.9059,#C C Opens the door with left hand,Walking Outdoors,Object Transfer,Logistics action involving picking up and putting down an object (opening the door).,silver,7,r001
cfac3358-8f12-4f02-9899-f130e449e2c6,306.18383,#C C Tilts the camera,Walking Outdoors,Search,"Head movement (tilting the camera), hands mostly still.",silver,7,r001
cfac3358-8f12-4f02-9899-f130e449e2c6,376.9599,#C C Places the water bottle on the refilling station,Walking Outdoors,Object Transfer,Logistics step of placing an object.,silver,7,r001
cfac3358-8f12-4f02-9899-f130e449e2c6,380.18586,#C C Fills the water bottle,Walking Outdoors,Essential Operation,"Core manual task (filling), high hand activity.",silver,7,r001
cfac3358-8f12-4f02-9899-f130e449e2c6,506.09831,#C C Looks both sides of the road,Walking Outdoors,Search,"Head movement (visual search), hands mostly still.",silver,7,r001
cfac3358-8f12-4f02-9899-f130e449e2c6,920.7250833333331,#C C Looks side of the road,Walking Outdoors,Search,"Head movement (visual search), hands mostly still.",silver,7,r001
d1d1b6da-e7f8-48e7-9ee4-d8382582695a,29.4289686,#C C moves the hand in the fridge,Cooking,Object Transfer,Logistics step involving moving the hand to retrieve or place an object.,silver,7,r001
d1d1b6da-e7f8-48e7-9ee4-d8382582695a,50.9297586,#C C unpacks the carrot,Cooking,Object Transfer,"Logistics/Setup step, picking up and placing the carrot.",silver,7,r001
d1d1b6da-e7f8-48e7-9ee4-d8382582695a,52.2651186,#C C puts the packet aside,Cooking,Object Transfer,"Logistics/Setup step, moving the packet to a different location.",silver,7,r001
d1d1b6da-e7f8-48e7-9ee4-d8382582695a,86.5718586,#C C dries the hands on the towel,Cooking,Stationary,"Low energy activity, hands are moving but in a controlled manner without significant acceleration.",silver,7,r001
d1d1b6da-e7f8-48e7-9ee4-d8382582695a,221.8475386,#C C moves the carrot,Cooking,Essential Operation,"Core task, high hand activity.",silver,7,r001
d1d1b6da-e7f8-48e7-9ee4-d8382582695a,234.8219686,#C C opens the gas,Cooking,Object Transfer,"Opening an object, a logistics step.",silver,7,r001
d1d1b6da-e7f8-48e7-9ee4-d8382582695a,256.7162586,#C C pours the carrot in the cooking pot,Cooking,Essential Operation,Core task involving high hand activity.,silver,7,r001
d1d1b6da-e7f8-48e7-9ee4-d8382582695a,294.5537286458333,#C C reads from the phone,Cooking,Stationary,"Low body/hand motion, focused activity.",silver,7,r001
d1d1b6da-e7f8-48e7-9ee4-d8382582695a,309.17141864583334,#C C searches inside the fridge,Cooking,Search,"Visual search inside the fridge, likely involves head movement.",silver,7,r001
d1d1b6da-e7f8-48e7-9ee4-d8382582695a,392.1567286458333,#C C picks #unsure from the container,Cooking,Object Transfer,Logistics step of picking an item from a container.,silver,7,r001
d1d1b6da-e7f8-48e7-9ee4-d8382582695a,424.2561186458333,#C C searches in the container,Cooking,Search,"Head movement (visual search), hands mostly still.",silver,7,r001
d1d1b6da-e7f8-48e7-9ee4-d8382582695a,447.0976886458333,#C C puts #unsure in the container,Cooking,Object Transfer,"Logistics step, putting an item into a container.",silver,7,r001
d1d1b6da-e7f8-48e7-9ee4-d8382582695a,450.0295186458333,#C C folds #unsure,Cooking,Stationary,"Low body/hand motion, likely involves fine motor skills with minimal acceleration.",silver,7,r001
d1d1b6da-e7f8-48e7-9ee4-d8382582695a,544.4709986458333,#C C moves a cup in the cabinet,Cooking,Object Transfer,Logistics/moving an object within a space.,silver,7,r001
d1d1b6da-e7f8-48e7-9ee4-d8382582695a,618.594357613672,#C C clips a package with a peg.,Cooking,Essential Operation,Core task involving manual operation with hands.,silver,7,r001
d1d1b6da-e7f8-48e7-9ee4-d8382582695a,779.092267613672,#C C stirs legumes with the hand.,Cooking,Essential Operation,Core task involving high hand activity.,silver,7,r001
d1d1b6da-e7f8-48e7-9ee4-d8382582695a,822.6025210414064,#C C moves the hand to the face,Cooking,Stationary,"Low body/hand motion, likely a minor gesture or touch.",silver,7,r001
d1d1b6da-e7f8-48e7-9ee4-d8382582695a,946.6307810414064,#C C takes the jag of water,Cooking,Essential Operation,"Core task, high hand activity.",silver,7,r001
d1d1b6da-e7f8-48e7-9ee4-d8382582695a,1046.7438910414062,#C C takes the chopboard,Cooking,Object Transfer,Logistics/Setup step.,silver,7,r001
d7cbf914-f1c9-4160-afd7-0e3c1d2a3d11,61.2253986,#C C presses the pard,Playing Instrument,Essential Operation,"Core task, high hand activity.",silver,7,r001
d7cbf914-f1c9-4160-afd7-0e3c1d2a3d11,76.5451286,#C C looks the TV,Playing Instrument,Search,"Head movement (visual search), passive hands.",silver,7,r001
d7cbf914-f1c9-4160-afd7-0e3c1d2a3d11,131.7476686,#C C plays the video game,Playing Instrument,Stationary,Playing a video game typically involves minimal body movement and can be considered a low-energy activity.,silver,7,r001
d7cbf914-f1c9-4160-afd7-0e3c1d2a3d11,275.9620186,#C C holds the pard,Playing Instrument,Stationary,"Low body/hand motion, likely preparing to play.",silver,7,r001
d7cbf914-f1c9-4160-afd7-0e3c1d2a3d11,942.5301916517578,#C C gets screen on to start playing game,Playing Instrument,Stationary,The action describes a setup step that involves minimal body or hand movement.,silver,7,r001
dbd50964-e448-4129-8c00-1e1bc0d6e892,35.3529286,#c c puts the bottle on the utensils rack,Cleaning,Object Transfer,Logistics step involving moving an object from one location to another.,silver,7,r001
e0c4d2c7-fd50-4c50-b40e-e1eda4a5708b,3.63886,#C C wears the glove on her right hand.,Cleaning,Object Transfer,"The action involves picking up and putting on a glove, which is a logistics step.",silver,7,r001
e0c4d2c7-fd50-4c50-b40e-e1eda4a5708b,32.49586,#C C picks a cover from the tray with her right hand.,Cleaning,Object Transfer,Logistics step involving picking up an object.,silver,7,r001
e0c4d2c7-fd50-4c50-b40e-e1eda4a5708b,179.07294,#C C positions the jar vertically with her left hand,Cleaning,Stationary,The action involves stabilizing an object with minimal movement.,silver,7,r001
e0c4d2c7-fd50-4c50-b40e-e1eda4a5708b,180.90695,#C C picks a glass cup with her left hand,Cleaning,Object Transfer,Logistics step involving picking up an object.,silver,7,r001
e0c4d2c7-fd50-4c50-b40e-e1eda4a5708b,184.31321,#C C rinses the glass cup,Cleaning,Essential Operation,Core task involving hand activity for cleaning.,silver,7,r001
e0c4d2c7-fd50-4c50-b40e-e1eda4a5708b,267.66691,#C C washes the grater with both hands,Cleaning,Essential Operation,Core task involving high hand activity.,silver,7,r001
e0c4d2c7-fd50-4c50-b40e-e1eda4a5708b,308.03742,#C C washes the jar,Cleaning,Essential Operation,Core task involving manual activity with high hand acceleration.,silver,7,r001
e0c4d2c7-fd50-4c50-b40e-e1eda4a5708b,347.75244,#C C drops the cup on the plate rack.,Cleaning,Object Transfer,Refined via regex fallback,silver,7,r001
e0c4d2c7-fd50-4c50-b40e-e1eda4a5708b,348.39398,#C C picks up a cup from the plate rack.,Cleaning,Object Transfer,Logistics step involving picking up an object.,silver,7,r001
e0c4d2c7-fd50-4c50-b40e-e1eda4a5708b,354.91469,#C C adjusts a plate on the plate rack with her left hand,Cleaning,Object Transfer,Logistics step involving the placement of an object.,silver,7,r001
e0c4d2c7-fd50-4c50-b40e-e1eda4a5708b,631.0838866666667,#C C wipes the kitchen sink with the cloth in his right hand,Cleaning,Essential Operation,"Core cleaning task, high hand activity.",silver,7,r001
e0c4d2c7-fd50-4c50-b40e-e1eda4a5708b,644.6139066666667,#C C passes the dirt to his left hand,Cleaning,Object Transfer,Transfer of an object from one hand to another.,silver,7,r001
e0c4d2c7-fd50-4c50-b40e-e1eda4a5708b,689.4196166666667,#C C passes the cloth to the left hand,Cleaning,Object Transfer,Passing an object from one hand to another involves logistics and short bursts of hand acceleration.,silver,7,r001
e0c4d2c7-fd50-4c50-b40e-e1eda4a5708b,697.7218866666667,#C C squeezes the cloth with his hands,Cleaning,Essential Operation,Core manual task involving high hand activity.,silver,7,r001
e0c4d2c7-fd50-4c50-b40e-e1eda4a5708b,788.7779066666667,#C C rinses inside the kitchen sink,Cleaning,Essential Operation,Core manual task involving hand activity with water.,silver,7,r001
e0c4d2c7-fd50-4c50-b40e-e1eda4a5708b,809.5703466666666,#C C pours water inside the kitchen sink with his left hand,Cleaning,Essential Operation,Core task involving high hand activity.,silver,7,r001
e0c4d2c7-fd50-4c50-b40e-e1eda4a5708b,825.1450166666666,#C C scrubs the inside of the kitchen sink with the brush,Cleaning,Essential Operation,Core task involving high hand activity.,silver,7,r001
e0c4d2c7-fd50-4c50-b40e-e1eda4a5708b,875.4521766666667,#C C picks a small pan support for gas stove on the gas cooker.,Cleaning,Object Transfer,Logistics step involving picking up an object.,silver,7,r001
e0c4d2c7-fd50-4c50-b40e-e1eda4a5708b,907.4242866666666,#C C switches the sponge from her left hand to her right hand.,Cleaning,Object Transfer,Logistics step involving the transfer of an object between hands.,silver,7,r001
e0c4d2c7-fd50-4c50-b40e-e1eda4a5708b,908.4138866666668,#C C wipes the gas cooker top with the sponge.,Cleaning,Essential Operation,"Core cleaning task, high hand activity.",silver,7,r001
e0c4d2c7-fd50-4c50-b40e-e1eda4a5708b,959.8564066666668,#C C stops wiping the gas cooker top.,Cleaning,Stationary,"The action indicates a pause in activity, suggesting low body/hand motion.",silver,7,r001
e0c4d2c7-fd50-4c50-b40e-e1eda4a5708b,989.9702766666668,#C C adjusts the other pan support for gas stove in the sick.,Cleaning,Stationary,"Adjusting involves fine motor movements, likely with one hand, and minimal body movement.",silver,7,r001
e0c4d2c7-fd50-4c50-b40e-e1eda4a5708b,1062.7038766666667,#C C wipes the gas cooker top with the napkin.,Cleaning,Essential Operation,"Core cleaning task, high hand activity.",silver,7,r001
e0c4d2c7-fd50-4c50-b40e-e1eda4a5708b,1122.8587633333334,#C wipes the controls of the cooker with the cloth,Cleaning,Essential Operation,Core task involving high hand activity.,silver,7,r001
e739f98c-a5f6-454f-a0b9-8f2fd024c1cf,8.90328,#C C loosens the bolt with the spanner #unsure,Mechanical Repair,Essential Operation,Core manual task involving high hand activity.,silver,7,r001
e739f98c-a5f6-454f-a0b9-8f2fd024c1cf,26.12393,#C C connects the wheel spanner to the bolt,Mechanical Repair,Essential Operation,Core manual task involving high hand activity.,silver,7,r001
e739f98c-a5f6-454f-a0b9-8f2fd024c1cf,131.74671,#C C holds the wheel spanner with his left hand,Mechanical Repair,Stationary,"Low body/hand motion, holding the tool.",silver,7,r001
e739f98c-a5f6-454f-a0b9-8f2fd024c1cf,147.00337,#C C passes the bolt to his left hand,Mechanical Repair,Object Transfer,Logistics step involving the transfer of an object.,silver,7,r001
e7eead9a-5f4e-47af-8f54-2dd3fd453a2d,63.7360896,#C C holds a stick attached to a plastic bottle tied to a rope hanging from the ceiling with his right hand. #Unsure,Playing Instrument,Stationary,The action describes a setup or holding position which involves minimal movement.,silver,7,r001
e7eead9a-5f4e-47af-8f54-2dd3fd453a2d,251.3735796,#C The kitten X plays with the stick C is holding in his left hand.,Playing Instrument,Stationary,"The action describes a playful, stationary interaction without significant body or hand movement.",silver,7,r001
e826857f-8b94-4168-bc5a-7aaff9cdc7c0,92.5059786,#C C places hand on a counter,Desk Work,Stationary,"Low body/hand motion, likely holding a position.",silver,7,r001
e826857f-8b94-4168-bc5a-7aaff9cdc7c0,250.9770686,#C C drops glass,Desk Work,Object Transfer,"[CtxFixed] The action of dropping the glass is a deliberate placement of the object onto a surface, which fits the criteria for 'Object Transfer'.",silver,7,r001
e826857f-8b94-4168-bc5a-7aaff9cdc7c0,299.6376459631039,#C C picks water glass,Desk Work,Object Transfer,Logistics step involving picking up an object.,silver,7,r001
e826857f-8b94-4168-bc5a-7aaff9cdc7c0,317.1008059631039,#C C places hand on a counter top,Desk Work,Stationary,"Low body/hand motion, indicating a pause or resting position.",silver,7,r001
e826857f-8b94-4168-bc5a-7aaff9cdc7c0,366.0271059631039,#C C drops bag,Desk Work,Object Transfer,"[CtxFixed] The action of dropping a bag is a deliberate placement of the object onto a surface, which fits the criteria for 'Object Transfer'.",silver,7,r001
e826857f-8b94-4168-bc5a-7aaff9cdc7c0,409.895405963104,#C C climbs counter top,Desk Work,Locomotion,Body moving through space (climbing). High body acceleration.,silver,7,r001
e826857f-8b94-4168-bc5a-7aaff9cdc7c0,724.1573504310547,#C C pulls rope side ways,Desk Work,Locomotion,"[CtxFixed] The action of pulling the rope sideways is still related to movement and locomotion, even though the direction has changed.",silver,7,r001
e8c52c5d-4d8f-4d9f-befd-29f661f80f27,2.2415486,#C C stirs the food in the cooking pan,Cooking,Essential Operation,"Core task involving manual manipulation, high hand activity.",silver,7,r001
e8c52c5d-4d8f-4d9f-befd-29f661f80f27,102.9209186,#C C closes the kitchen door with her right hand,Cooking,Object Transfer,"Action involves logistics (closing a door), short burst of hand activity.",silver,7,r001
e8c52c5d-4d8f-4d9f-befd-29f661f80f27,258.6543886,#C C puts the spoon in the black food container on the countertop,Cooking,Object Transfer,Logistics step involving the placement of an object.,silver,7,r001
e8c52c5d-4d8f-4d9f-befd-29f661f80f27,281.4828086,#C C puts #unsure on the fridge,Cooking,Object Transfer,Logistics step involving placing an object.,silver,7,r001
e8c52c5d-4d8f-4d9f-befd-29f661f80f27,681.4034845966002,#C C switches on the electric kettle on the countertop,Cooking,Object Transfer,"The action involves turning on an appliance, which is a logistics step.",silver,7,r001
e8c52c5d-4d8f-4d9f-befd-29f661f80f27,757.6898745966001,#C C puts a tray on the countertop,Cooking,Object Transfer,Logistics step involving placing an object.,silver,7,r001
e8c52c5d-4d8f-4d9f-befd-29f661f80f27,872.5180312757811,#C C stirs the food with a serving spoon,Cooking,Essential Operation,Core task involving repetitive hand movements.,silver,7,r001
e8c52c5d-4d8f-4d9f-befd-29f661f80f27,881.5987012757812,#C C taste the food with a steel spoon,Cooking,Stationary,"Low body/hand motion, tasting involves minimal movement.",silver,7,r001
e8c52c5d-4d8f-4d9f-befd-29f661f80f27,972.0020512757812,#C C picks a steel spoon on the countertop,Cooking,Object Transfer,Logistics step involving picking up an object.,silver,7,r001
e959b283-5bd6-4d23-a21d-4e73b3997468,15.5330596,#C C plays video game with the mouse using his right hand.,Playing Instrument,Essential Operation,Core manual task involving high hand activity.,silver,7,r001
e959b283-5bd6-4d23-a21d-4e73b3997468,1338.055230954663,#C C plays video game with the mouse.,Playing Instrument,Essential Operation,Core manual task involving high hand activity with the mouse.,silver,7,r001
e9c385b9-ab98-4120-8073-9129fff2dfbe,16.2850986,#C C holds glass with the other hand,Cleaning,Stationary,"Low body/hand motion, holding an object without moving.",silver,7,r001
e9c385b9-ab98-4120-8073-9129fff2dfbe,115.7879186,#C C puts plate in dishwasher,Cleaning,Object Transfer,Logistics action involving picking up and placing an object.,silver,7,r001
e9c385b9-ab98-4120-8073-9129fff2dfbe,223.3089586,#C C drops cooking pot in the sink,Cleaning,Object Transfer,Refined via regex fallback,silver,7,r001
e9c385b9-ab98-4120-8073-9129fff2dfbe,271.6092186,#C C picks pan,Cleaning,Object Transfer,Logistics step involving picking up an object.,silver,7,r001
e9c385b9-ab98-4120-8073-9129fff2dfbe,371.7130983906636,#C C washes the plastic spoon in the basin in the sink,Cleaning,Essential Operation,Core manual task involving hand activity.,silver,7,r001
e9c385b9-ab98-4120-8073-9129fff2dfbe,434.43835839066367,#C C removes the trash in the sink strainer,Cleaning,Object Transfer,Logistics step involving picking up and moving an object.,silver,7,r001
e9c385b9-ab98-4120-8073-9129fff2dfbe,537.1228217239969,#C C wipes the gas stove with a sponge,Cleaning,Essential Operation,Core task involving high hand activity.,silver,7,r001
e9c385b9-ab98-4120-8073-9129fff2dfbe,613.7082786472006,#C C puts the trash in the dustbin,Cleaning,Object Transfer,Logistics step involving picking up and placing an object.,silver,7,r001
ebae32c1-6ad1-4b96-851c-166e1784d50a,83.532,#C C searches the left pocket,Carpentry,Search,Implication of head and hand movement to search the pocket.,silver,7,r001
ebae32c1-6ad1-4b96-851c-166e1784d50a,292.543,#C C puts the label away,Carpentry,Object Transfer,Logistics step of putting an object away.,silver,7,r001
ebae32c1-6ad1-4b96-851c-166e1784d50a,338.149,#C C counts the labels,Carpentry,Stationary,"Low body/hand motion, likely involves visual inspection.",silver,7,r001
ebae32c1-6ad1-4b96-851c-166e1784d50a,369.451,#C C writes on the label,Carpentry,Stationary,"Low body/hand motion, writing involves fine motor skills but is generally stationary.",silver,7,r001
ebae32c1-6ad1-4b96-851c-166e1784d50a,408.723,#C C moves the glove aside,Carpentry,Stationary,"Minimal motion involved, likely a preparatory action.",silver,7,r001
ebae32c1-6ad1-4b96-851c-166e1784d50a,482.078,#C C sprays the plant,Carpentry,Stationary,"The action of spraying a plant is likely to involve holding the spray bottle and spraying, which is a low energy activity.",silver,7,r001
ebae32c1-6ad1-4b96-851c-166e1784d50a,575.5333333333333,#C C picks up the plant,Carpentry,Object Transfer,Logistics step involving picking up an object.,silver,7,r001
ebae32c1-6ad1-4b96-851c-166e1784d50a,615.6693333333333,#C C holds up the tent fabric,Carpentry,Stationary,"The action involves holding up an object, which indicates a static posture with minimal movement.",silver,7,r001
ebae32c1-6ad1-4b96-851c-166e1784d50a,684.2493333333333,#C C picks up the spray,Carpentry,Object Transfer,Logistics action involving picking up an object.,silver,7,r001
ebae32c1-6ad1-4b96-851c-166e1784d50a,705.8273333333334,#C C puts the plant in the container,Carpentry,Object Transfer,Logistics step involving moving an object from one place to another.,silver,7,r001
ebae32c1-6ad1-4b96-851c-166e1784d50a,710.4863333333333,#C C picks up the tissue paper,Carpentry,Object Transfer,"Logistics step, picking up an object.",silver,7,r001
ebae32c1-6ad1-4b96-851c-166e1784d50a,788.3533333333334,#C C picks up the label,Carpentry,Object Transfer,Logistics step of picking up an object.,silver,7,r001
ebae32c1-6ad1-4b96-851c-166e1784d50a,977.3293333333334,#C C picks up a small container,Carpentry,Object Transfer,Logistics step involving picking up an object.,silver,7,r001
ebae32c1-6ad1-4b96-851c-166e1784d50a,987.0473333333332,#C C sprays the #unsure on the plant,Carpentry,Stationary,"Low body/hand motion, likely involves holding the spray bottle and applying spray.",silver,7,r001
ebae32c1-6ad1-4b96-851c-166e1784d50a,1172.7666666666669,#C C throws the plant in the bin,Carpentry,Object Transfer,"[CtxFixed] The action involves moving the plant from one location to another (the bin), which fits the definition of Object Transfer.",silver,7,r001
ebae32c1-6ad1-4b96-851c-166e1784d50a,1200.4706666666666,#C C picks up the blade,Carpentry,Object Transfer,Logistics step of picking up an object.,silver,7,r001
ebae32c1-6ad1-4b96-851c-166e1784d50a,1560.669666666667,#C C picks up the pen,Carpentry,Object Transfer,Logistics action of picking up an object.,silver,7,r001
ebae32c1-6ad1-4b96-851c-166e1784d50a,1629.382016,#C C picks up a small pipe,Carpentry,Object Transfer,Logistics step involving picking up an object.,silver,7,r001
ebae32c1-6ad1-4b96-851c-166e1784d50a,1797.722,#C C picks up the basin,Carpentry,Object Transfer,Logistics step of picking up an object.,silver,7,r001
ebae32c1-6ad1-4b96-851c-166e1784d50a,1845.07,#C C puts the blade on the board,Carpentry,Essential Operation,Core manual task involving high hand activity.,silver,7,r001
ebae32c1-6ad1-4b96-851c-166e1784d50a,1999.24549,#C C counts plants in the tray,Carpentry,Search,"Visual search or monitoring, likely involves head movement.",silver,7,r001
ebae32c1-6ad1-4b96-851c-166e1784d50a,2010.94142,#C C walks in the lab with trays in hand,Carpentry,Locomotion,"Body moving through space (walking), high body acceleration.",silver,7,r001
ebae32c1-6ad1-4b96-851c-166e1784d50a,2044.36322,#C C picks trash on the floor,Carpentry,Object Transfer,Logistics action of picking up an object.,silver,7,r001
ebae32c1-6ad1-4b96-851c-166e1784d50a,2068.51499,#O Woman X puts plant in the nursery,Carpentry,Object Transfer,Logistics step involving moving the plant to a new location.,silver,7,r001
ed11ed4a-fc40-443b-919f-3c4ec2001250,1.7321786,#C C sprays the sink with #unsure,Cleaning,Essential Operation,Core task involving manual activity with the hand.,silver,7,r001
ed11ed4a-fc40-443b-919f-3c4ec2001250,26.6775486,#C C opens the dust bin,Cleaning,Object Transfer,Logistics/Setup step involving opening an object.,silver,7,r001
ed11ed4a-fc40-443b-919f-3c4ec2001250,47.6547586,#C C folds the tissue paper in her hands,Cleaning,Essential Operation,Core manual task involving high hand activity.,silver,7,r001
ed11ed4a-fc40-443b-919f-3c4ec2001250,115.7425486,#C C stares the staffs in the kitchen,Cleaning,Stationary,"Low body/hand motion, likely observing or thinking.",silver,7,r001
ed11ed4a-fc40-443b-919f-3c4ec2001250,133.0775086,#C C stares water in the tray,Cleaning,Stationary,"Low body/hand motion, likely observing.",silver,7,r001
ed11ed4a-fc40-443b-919f-3c4ec2001250,134.16443859999998,#C C wipes the sink with her hand,Cleaning,Essential Operation,"Core manual task, high hand activity.",silver,7,r001
ed11ed4a-fc40-443b-919f-3c4ec2001250,135.46042859999997,#C C stirs water with her hand in the tray,Cleaning,Essential Operation,Core task involving repetitive hand movement.,silver,7,r001
ed11ed4a-fc40-443b-919f-3c4ec2001250,151.98048859999997,#C C picks up the serving spoon from the sink,Cleaning,Object Transfer,Logistics step involving picking up an object.,silver,7,r001
ed11ed4a-fc40-443b-919f-3c4ec2001250,154.37853859999998,#C C cleans the serving spoon with a sponge in a tray,Cleaning,Essential Operation,Core manual task involving high hand activity.,silver,7,r001
ed11ed4a-fc40-443b-919f-3c4ec2001250,163.3357586,#C C picks up the chopping sticks from the sink,Cleaning,Object Transfer,Logistics step involving picking up an object.,silver,7,r001
ed11ed4a-fc40-443b-919f-3c4ec2001250,165.48946859999998,#C C dips the chopping sticks in the soap water,Cleaning,Essential Operation,"Core task involving manipulation, high hand activity.",silver,7,r001
ed11ed4a-fc40-443b-919f-3c4ec2001250,254.7958786,#C C picks up the bottle lid from the sink,Cleaning,Object Transfer,Logistics step involving picking up an object.,silver,7,r001
ed11ed4a-fc40-443b-919f-3c4ec2001250,286.4694486373196,#C C cleans the bottle top with a sponge inside the sink,Cleaning,Essential Operation,Core manual task involving high hand activity.,silver,7,r001
ed11ed4a-fc40-443b-919f-3c4ec2001250,360.7499686373196,#C C wipes the sink with tissue paper,Cleaning,Essential Operation,"Core manual task, high hand activity.",silver,7,r001
ed11ed4a-fc40-443b-919f-3c4ec2001250,452.8241586373196,#C C cleans the sink with a piece of cloth,Cleaning,Essential Operation,Core manual task involving high hand activity.,silver,7,r001
ed11ed4a-fc40-443b-919f-3c4ec2001250,539.922561970653,#C C puts the piece of cloth on the top of the dust bin,Cleaning,Object Transfer,Logistics step involving placing an object.,silver,7,r001
ed11ed4a-fc40-443b-919f-3c4ec2001250,605.0421707126303,#C C removes dirt from the sink,Cleaning,Essential Operation,"Core cleaning task, high hand activity.",silver,7,r001
ed11ed4a-fc40-443b-919f-3c4ec2001250,684.2048207126303,#C C stares the tissue paper in her hand,Cleaning,Stationary,"Low body/hand motion, likely holding the tissue with minimal movement.",silver,7,r001
ed11ed4a-fc40-443b-919f-3c4ec2001250,702.4509707126302,#C C wipes the mirror with tissue paper,Cleaning,Essential Operation,Core task involving manual effort with high hand activity.,silver,7,r001
ee1eea29-aaad-41a4-b299-c72ed26c9da5,2.99941,#C C adjust the camera,Mechanical Repair,Essential Operation,"Adjusting the camera involves fine manual adjustments, indicating high hand activity.",silver,7,r001
ee1eea29-aaad-41a4-b299-c72ed26c9da5,23.4575,#C C wears hid helmet,Mechanical Repair,Stationary,"Low body/hand motion, likely involves putting on a helmet which is a static action.",silver,7,r001
ee1eea29-aaad-41a4-b299-c72ed26c9da5,880.6386033333333,#O Person A carries his helmet,Mechanical Repair,Object Transfer,Logistics step involving the movement of an object (helmet).,silver,7,r001
efd052ce-4af1-48f4-8546-c13428ee92ec,4.1268386,#C C picks a doll on speaker,Playing Instrument,Object Transfer,"Picking up an object, which involves a short burst of hand acceleration.",silver,7,r001
efd052ce-4af1-48f4-8546-c13428ee92ec,31.2670686,#C C fixes cable in turntable,Playing Instrument,Essential Operation,"Core task involving precise manual adjustments, high hand activity.",silver,7,r001
efd052ce-4af1-48f4-8546-c13428ee92ec,71.9999286,#C C rotates turntable knob,Playing Instrument,Essential Operation,"Core task involving manipulation, high hand activity.",silver,7,r001
efd052ce-4af1-48f4-8546-c13428ee92ec,270.3504286,#C C spins turntable wheel,Playing Instrument,Locomotion,"Body moving through space, likely involves hand movement to spin the turntable wheel.",silver,7,r001
efd052ce-4af1-48f4-8546-c13428ee92ec,812.5723093601797,#C C stares at turntable,Playing Instrument,Stationary,"Low body/hand motion, focusing visually.",silver,7,r001
efd052ce-4af1-48f4-8546-c13428ee92ec,851.6438576136719,#C C touches turntable monitor,Playing Instrument,Stationary,"Low body/hand motion, likely involves fine motor skills with minimal movement.",silver,7,r001
efd052ce-4af1-48f4-8546-c13428ee92ec,907.680607613672,#C C plays turntable,Playing Instrument,Essential Operation,Core manual task involving precise hand movements.,silver,7,r001
efd052ce-4af1-48f4-8546-c13428ee92ec,1176.171967613672,#C C holds face,Playing Instrument,Stationary,"The action 'holds face' indicates a pause or a moment of stillness, with minimal movement.",silver,7,r001
efd052ce-4af1-48f4-8546-c13428ee92ec,1390.178438345763,#C C looks at turntable,Playing Instrument,Search,"Head movement (visual inspection), passive hands.",silver,7,r001
efd052ce-4af1-48f4-8546-c13428ee92ec,1421.8263983457628,#C C taps turntable monitor,Playing Instrument,Essential Operation,Core task involving manual operation on the turntable monitor.,silver,7,r001
efd052ce-4af1-48f4-8546-c13428ee92ec,1855.6746171449213,#C C adjusts the button,Playing Instrument,Stationary,Adjusting a button is a fine motor task that typically involves minimal body movement.,silver,7,r001
efe942ae-6339-4646-b644-dbe76db177ca,284.97371358539056,#C C rinses the towel in tap water,Cleaning,Essential Operation,Core manual task involving high hand activity.,silver,7,r001
efe942ae-6339-4646-b644-dbe76db177ca,305.15212358539054,#C C wipes the mirror with a towel,Cleaning,Essential Operation,"Core manual task, high hand activity.",silver,7,r001
efe942ae-6339-4646-b644-dbe76db177ca,463.4535135853905,#C C puts the liquid container on the floor,Cleaning,Object Transfer,Logistics step involving placing an object.,silver,7,r001
efe942ae-6339-4646-b644-dbe76db177ca,732.1437521677084,#C C takes the toilet brush,Cleaning,Object Transfer,Logistics/Setup step involving picking up an object.,silver,7,r001
efe942ae-6339-4646-b644-dbe76db177ca,871.7513018666737,#C C puts the detergent on the hand,Cleaning,Essential Operation,Core task involving manual activity with the hands.,silver,7,r001
efe942ae-6339-4646-b644-dbe76db177ca,945.1511118666735,#C C fetches water from the tap,Cleaning,Essential Operation,Core task involving a manual action with the hands.,silver,7,r001
efe942ae-6339-4646-b644-dbe76db177ca,1231.7975916989585,#C C scrubs the bath tab with a scourer,Cleaning,Essential Operation,Core manual task involving high hand activity.,silver,7,r001
efe942ae-6339-4646-b644-dbe76db177ca,1294.5837616989584,#C C scrubs the bath tab with a brush,Cleaning,Essential Operation,Core manual task involving high hand activity.,silver,7,r001
efe942ae-6339-4646-b644-dbe76db177ca,1360.0496116989584,#C C sprays the detergent on the wall,Cleaning,Essential Operation,Core task involving high hand activity.,silver,7,r001
efe942ae-6339-4646-b644-dbe76db177ca,1577.927082706539,#C C scrubs the bath tab nozzle with a scourer,Cleaning,Essential Operation,Core manual task involving high hand activity.,silver,7,r001
eff9a4e2-a2ab-45d4-a142-64a9aa4fc6e9,5.0526286,#C C wears socks,Cleaning,Stationary,Putting on socks is a low-energy activity.,silver,7,r001
eff9a4e2-a2ab-45d4-a142-64a9aa4fc6e9,101.3828786,#C C puts dust in the bin,Cleaning,Object Transfer,Logistics step involving picking up and disposing of dust.,silver,7,r001
eff9a4e2-a2ab-45d4-a142-64a9aa4fc6e9,415.3305561585938,#C C applies soap on hands,Cleaning,Essential Operation,Core manual task involving high hand activity.,silver,7,r001
eff9a4e2-a2ab-45d4-a142-64a9aa4fc6e9,634.0175691778774,#C C drops a plate,Cleaning,Object Transfer,"[CtxFixed] The action of dropping a plate is a deliberate placement onto a surface, which fits the criteria for 'Object Transfer'.",silver,7,r001
eff9a4e2-a2ab-45d4-a142-64a9aa4fc6e9,648.8351791778774,#C C drops a spoon,Cleaning,Essential Operation,"[CtxFixed] The current action involves dropping a spoon, which is part of the cleaning process and can be considered an essential operation in the context of cleaning utensils.",silver,7,r001
eff9a4e2-a2ab-45d4-a142-64a9aa4fc6e9,734.0168491778774,#C C drops a cup,Cleaning,Object Transfer,"[CtxFixed] The action of dropping a cup is a deliberate placement of the object onto a surface, which fits the criteria for 'Object Transfer'.",silver,7,r001
eff9a4e2-a2ab-45d4-a142-64a9aa4fc6e9,756.6532691778774,#C C turns off a tap,Cleaning,Object Transfer,Turning off a tap is a logistics step involving a specific action with the hand.,silver,7,r001
eff9a4e2-a2ab-45d4-a142-64a9aa4fc6e9,939.674717613672,#C C pulls kitchen drawer,Cleaning,Object Transfer,Logistics action involving drawer movement.,silver,7,r001
eff9a4e2-a2ab-45d4-a142-64a9aa4fc6e9,1118.7346276136718,#C C folds a pillow cover,Cleaning,Stationary,The action involves minimal movement and is likely performed while standing or sitting still.,silver,7,r001
f522ce65-50a9-4119-9d49-57c32dea58f7,344.94503684388707,#C C hits another sack with left leg,Mechanical Repair,Locomotion,"Body moving through space, likely involves leg movement.",silver,7,r001
f522ce65-50a9-4119-9d49-57c32dea58f7,351.00303684388706,#C C hangs the saw,Mechanical Repair,Object Transfer,"Logistics step, moving the saw to hang it.",silver,7,r001
f522ce65-50a9-4119-9d49-57c32dea58f7,362.0080368438871,#C C picks a metal,Mechanical Repair,Object Transfer,Logistics step of picking up an object.,silver,7,r001
f522ce65-50a9-4119-9d49-57c32dea58f7,363.72307684388704,#C C looks at the metal,Mechanical Repair,Search,"Head movement (visual inspection), hands mostly still.",silver,7,r001
f522ce65-50a9-4119-9d49-57c32dea58f7,385.9950368438871,#C C puts clothing in a basket,Mechanical Repair,Object Transfer,"Logistics of moving objects, short bursts of hand activity.",silver,7,r001
f522ce65-50a9-4119-9d49-57c32dea58f7,452.1570368438871,#C C puts the bag on the floor,Mechanical Repair,Object Transfer,Logistics step of placing an object.,silver,7,r001
f522ce65-50a9-4119-9d49-57c32dea58f7,458.1950368438871,#C C puts a cloth in a container,Mechanical Repair,Object Transfer,Logistics step involving picking up and placing the cloth.,silver,7,r001
f522ce65-50a9-4119-9d49-57c32dea58f7,542.9740368438871,#C C puts the utensils in the crate,Mechanical Repair,Object Transfer,Logistics step involving picking up and putting down objects.,silver,7,r001
f522ce65-50a9-4119-9d49-57c32dea58f7,568.859427613672,#C C looks at handles,Mechanical Repair,Search,"Head movement (visual inspection), hands mostly still.",silver,7,r001
f522ce65-50a9-4119-9d49-57c32dea58f7,574.332507613672,#C C looks in the box,Mechanical Repair,Search,"Head movement (visual search), hands mostly still.",silver,7,r001
f522ce65-50a9-4119-9d49-57c32dea58f7,580.495057613672,#C C searches in the box,Mechanical Repair,Search,"Head movement (visual search), hands mostly still.",silver,7,r001
f522ce65-50a9-4119-9d49-57c32dea58f7,1034.3122529100915,#C C removes a nail from the paper,Mechanical Repair,Object Transfer,"The action involves picking up and removing an object, which is a logistics step.",silver,7,r001
f522ce65-50a9-4119-9d49-57c32dea58f7,1060.7730829100915,#C C places the metal on the floor,Mechanical Repair,Object Transfer,"Logistics step, placing an object.",silver,7,r001
f522ce65-50a9-4119-9d49-57c32dea58f7,1155.5805571449218,#C C puts metal clips in plastic bag,Mechanical Repair,Object Transfer,Logistics step involving picking up and placing clips into a bag.,silver,7,r001
f522ce65-50a9-4119-9d49-57c32dea58f7,1205.086107144922,#C C moves plastic bottle lid aside,Mechanical Repair,Object Transfer,Logistics/moving an object out of the way.,silver,7,r001
f522ce65-50a9-4119-9d49-57c32dea58f7,1209.233007144922,#C C moves electric cable aside,Mechanical Repair,Object Transfer,Logistics step involving moving an object (electric cable).,silver,7,r001
f522ce65-50a9-4119-9d49-57c32dea58f7,1355.3526471449218,#C C puts up a ladder,Mechanical Repair,Locomotion,"Movement of the body to place the ladder, involving significant body acceleration.",silver,7,r001
f522ce65-50a9-4119-9d49-57c32dea58f7,1398.7371859242187,#C C throws the nylon,Mechanical Repair,Object Transfer,[CtxFixed] The action of throwing the nylon is a continuation of the previous actions involving the transfer of objects. It appears to be a deliberate action rather than an error or correction.,silver,7,r001
f522ce65-50a9-4119-9d49-57c32dea58f7,1421.8763959242187,#C C checks the nuts,Mechanical Repair,Search,Head and hand movements likely involved in inspecting the nuts.,silver,7,r001
f522ce65-50a9-4119-9d49-57c32dea58f7,1461.1917659242183,#C C takes #unsure from the nylon,Mechanical Repair,Object Transfer,"[CtxFixed] The current action involves taking something from the nylon, which implies a transfer of an object.",silver,7,r001
f522ce65-50a9-4119-9d49-57c32dea58f7,1496.7141259242187,#C C holds the rope,Mechanical Repair,Stationary,"Low body/hand motion, holding an object without moving.",silver,7,r001
f522ce65-50a9-4119-9d49-57c32dea58f7,1558.343915924219,#C C checks the nails,Mechanical Repair,Search,"Head movement (visual search), hands mostly still.",silver,7,r001
