video_uid,timestamp_sec,narration_text,scenario,action,reasoning,status,batch,round
067b03df-107c-4b7c-9dcc-eb9cdf56d682,875.7727033333333,#C C puts bicycle aside,Mechanical Repair,Locomotion,"Body movement to place the bicycle, likely involves standing up or moving to set it aside.",silver,5,r001
0d825fa6-51fc-41d7-b179-db3b3a0b148f,39.4431386,#C C scrubs the carpet with the cloth,Cleaning,Essential Operation,Core manual task involving high hand activity.,silver,5,r001
0d825fa6-51fc-41d7-b179-db3b3a0b148f,326.6259898207032,#C C places the cloth on the sink,Cleaning,Object Transfer,"Logistics step, placing an object.",silver,5,r001
0e61fde0-18ed-44df-8328-816a4756f77e,137.93766,#C C drops the black funnel on the paper with his left hand.,Mechanical Repair,Object Transfer,"[CtxFixed] The action involves deliberately placing the black funnel onto the paper, which fits the criteria for Object Transfer.",silver,5,r001
0e61fde0-18ed-44df-8328-816a4756f77e,139.78308,#C C inserts the dipstick into the motorcycle with his left hand.,Mechanical Repair,Essential Operation,Core task involving high hand activity.,silver,5,r001
1120c597-930c-49b7-8a61-f0dce9c31be5,76.63169,#C C stops stirring the food with the wooden spoon in her right hand,Cooking,Stationary,"Low body/hand motion, indicates a pause or stop in activity.",silver,5,r001
1120c597-930c-49b7-8a61-f0dce9c31be5,77.51701,#C C picks up a bottle on the kitchen slab with her right hand,Cooking,Object Transfer,Logistics step involving picking up an object.,silver,5,r001
1120c597-930c-49b7-8a61-f0dce9c31be5,98.82568,#C C touches her face with her right hand #unsure,Cooking,Stationary,"Low body/hand motion, likely a brief, stationary action.",silver,5,r001
1120c597-930c-49b7-8a61-f0dce9c31be5,105.10982,#C C holds the wooden spoon with her right hand,Cooking,Stationary,"The action involves holding an object without any movement, indicating low energy activity.",silver,5,r001
1120c597-930c-49b7-8a61-f0dce9c31be5,105.47965,#C C stirs the food with the wooden spoon in her right hand,Cooking,Essential Operation,Core task involving repetitive hand movements.,silver,5,r001
1120c597-930c-49b7-8a61-f0dce9c31be5,118.74137,#C C opens the bottle with her right hand,Cooking,Object Transfer,Logistics action involving opening a bottle.,silver,5,r001
14644fba-afeb-471c-8d82-2a7783dc67c5,566.8444921677084,#C C places the phone aside.,Mechanical Repair,Object Transfer,Logistics step of putting the phone aside.,silver,5,r001
14644fba-afeb-471c-8d82-2a7783dc67c5,568.6490621677084,#C C moves his hand away from the steering wheel.,Mechanical Repair,Stationary,"Low body/hand motion, indicating a pause or transition to a new action.",silver,5,r001
14644fba-afeb-471c-8d82-2a7783dc67c5,588.9304021677084,#C C pulls the gear.,Mechanical Repair,Essential Operation,"Core task involving manual effort, likely with high hand acceleration.",silver,5,r001
14644fba-afeb-471c-8d82-2a7783dc67c5,933.6292027326308,#C C pulls the visor.,Mechanical Repair,Stationary,The action of pulling a visor is likely a quick movement with minimal body acceleration.,silver,5,r001
14644fba-afeb-471c-8d82-2a7783dc67c5,985.4939727326308,#C C pulls up the gear.,Mechanical Repair,Locomotion,"Body movement to pull up an object, indicating a change in position.",silver,5,r001
17b06e6c-3823-4825-91d1-68a9864bd983,6.1873986,#C C dips kitchen cloth in the sink,Cleaning,Essential Operation,Core task involving high hand activity.,silver,5,r001
17b06e6c-3823-4825-91d1-68a9864bd983,365.2101524964844,#C C throws adapter on a window sill,Cleaning,Object Transfer,"The action involves placing an object, which is a logistics step.",silver,5,r001
18edc157-d1d7-4ad6-bfb9-355c14560a65,148.5106296,#C C sweeps the other part of the yard with a broom,Cleaning,Locomotion,"Movement through space while performing a task, high body acceleration.",silver,5,r001
18fc3782-9929-4df3-b6c9-40943de4c22d,591.5495381211263,#C C brushes edge floor with the brush,Mechanical Repair,Essential Operation,Core manual task involving high hand activity.,silver,5,r001
18fc3782-9929-4df3-b6c9-40943de4c22d,776.7106581211262,#C C sands the wall with sand paper,Mechanical Repair,Essential Operation,Core manual task involving high hand activity.,silver,5,r001
18fc3782-9929-4df3-b6c9-40943de4c22d,1246.213498456831,#C C takes #unsure,Mechanical Repair,Essential Operation,"[CtxFixed] The current action continues the pattern of cleaning the wall, which is consistent with the previous actions classified as 'Essential Operation'.",silver,5,r001
1b21ee39-9ed2-4684-96aa-ffa9a7855f3d,104.49572,#C C looks at the screw,Carpentry,Search,"Head movement (visual inspection), hands mostly still.",silver,5,r001
1b21ee39-9ed2-4684-96aa-ffa9a7855f3d,172.09295,#C C touches the machine with right hand,Carpentry,Stationary,"Low body/hand motion, likely checking or adjusting the machine.",silver,5,r001
1b21ee39-9ed2-4684-96aa-ffa9a7855f3d,253.70786,#C C moves the right hand to the rod,Carpentry,Essential Operation,"Core manual task, high hand activity.",silver,5,r001
1b21ee39-9ed2-4684-96aa-ffa9a7855f3d,447.89005,#C C touches the bolt,Carpentry,Stationary,"The action 'touches the bolt' implies a stationary, low-energy interaction.",silver,5,r001
1b21ee39-9ed2-4684-96aa-ffa9a7855f3d,528.23968,#C C looks at the bolt,Carpentry,Search,"Head movement (visual inspection), hands mostly still.",silver,5,r001
1b21ee39-9ed2-4684-96aa-ffa9a7855f3d,644.4026533333333,#C C puts the hex key on the machine,Carpentry,Object Transfer,Logistics step involving placing an object.,silver,5,r001
1b21ee39-9ed2-4684-96aa-ffa9a7855f3d,721.8792533333333,#C C touches the curtain,Carpentry,Stationary,"Low body/hand motion, likely involves gentle touch.",silver,5,r001
1b21ee39-9ed2-4684-96aa-ffa9a7855f3d,1068.4474826666665,#C C looks at the spanners,Carpentry,Search,"Head movement (visual inspection), hands mostly still.",silver,5,r001
1b21ee39-9ed2-4684-96aa-ffa9a7855f3d,1186.2702466666667,#C C looks at the cylinders,Carpentry,Search,"Visual inspection, likely involves head movement and minimal hand activity.",silver,5,r001
1b3c0015-a687-4237-abb5-cde1bfd1e85f,1.46514,#C C takes #unsure,Walking Outdoors,Locomotion,"Movement through space, likely walking or moving with uncertainty.",silver,5,r001
1b3c0015-a687-4237-abb5-cde1bfd1e85f,95.10204,#C C presses on the lift button,Walking Outdoors,Stationary,"Pressing a button involves minimal body movement, primarily hand activity.",silver,5,r001
1bc1f5e9-9d74-4a07-9d1b-39e5410436b6,97.4228196,#C C walks back to the previously marked wall,Carpentry,Locomotion,Body moving through space (walking).,silver,5,r001
1bc1f5e9-9d74-4a07-9d1b-39e5410436b6,362.7590209546634,#C C walks back to the driller on the floor,Carpentry,Locomotion,Body moving through space (walking).,silver,5,r001
1d3ef460-0afc-4d50-9701-48204c907b43,8.482655266666667,#C C Holds a packet of pastries with a the other hand,Cooking,Stationary,"Low body/hand motion, holding an item.",silver,5,r001
1d3ef460-0afc-4d50-9701-48204c907b43,24.259205266666665,#C C Picks utensils on a table,Cooking,Object Transfer,Logistics/Setup step involving picking up objects.,silver,5,r001
1d3ef460-0afc-4d50-9701-48204c907b43,37.86719526666667,#C C Closes a cooking pot with a lid,Cooking,Object Transfer,Logistics step involving picking up and placing the lid on the pot.,silver,5,r001
1d3ef460-0afc-4d50-9701-48204c907b43,39.59705526666667,#C C Opens a cooking pot,Cooking,Object Transfer,Logistics step involving opening a pot.,silver,5,r001
1d3ef460-0afc-4d50-9701-48204c907b43,40.20487526666667,#C C Moves a cooking pot on a gas cooker,Cooking,Locomotion,"Body moving through space to move a pot, high body acceleration expected.",silver,5,r001
1d3ef460-0afc-4d50-9701-48204c907b43,301.97768526666664,#C C picks earphones on the table.,Cooking,Object Transfer,Logistics step involving picking up an item.,silver,5,r001
1d3ef460-0afc-4d50-9701-48204c907b43,531.8155452666667,#C C cleans cooking stick.,Cooking,Essential Operation,"Core task involving manual cleaning, high hand activity.",silver,5,r001
1d3ef460-0afc-4d50-9701-48204c907b43,560.3866652666667,#C C scrubs plate,Cooking,Essential Operation,Core task involving high hand activity.,silver,5,r001
1d3ef460-0afc-4d50-9701-48204c907b43,580.4965552666667,#C C picks bowl from the sink,Cooking,Object Transfer,Logistics step involving picking up an object.,silver,5,r001
1d3ef460-0afc-4d50-9701-48204c907b43,639.1569252666667,#C C flips plate,Cooking,Object Transfer,Logistics step involving the manipulation and movement of an object.,silver,5,r001
1d3ef460-0afc-4d50-9701-48204c907b43,660.1869352666668,#C C holds chopping board in the right hand,Cooking,Stationary,Holding an object without significant movement.,silver,5,r001
1e5ca2af-3f1b-40d5-b3a7-d712ac4b5065,12.3196886,#C C closes the kettle heater,Cooking,Object Transfer,Logistics action involving closing an object.,silver,5,r001
1e5ca2af-3f1b-40d5-b3a7-d712ac4b5065,36.6578286,#C C picks the utensils cleaning scrubber,Cooking,Object Transfer,Logistics step involving picking up an object.,silver,5,r001
1e5ca2af-3f1b-40d5-b3a7-d712ac4b5065,405.831739069057,#C C holds the spoon with left hand.,Cooking,Stationary,"Low body/hand motion, holding an object without movement.",silver,5,r001
1e5ca2af-3f1b-40d5-b3a7-d712ac4b5065,409.558409069057,#C C tastes the mixture.,Cooking,Stationary,"Low body/hand motion, primarily involves tasting.",silver,5,r001
1e5ca2af-3f1b-40d5-b3a7-d712ac4b5065,492.992299069057,#C C takes empty packet.,Cooking,Object Transfer,Logistics/Setup step (taking an object).,silver,5,r001
1e5ca2af-3f1b-40d5-b3a7-d712ac4b5065,508.449939069057,#C C raise hand to the cabinet.,Cooking,Object Transfer,"The action involves reaching for an object, which is a logistics step.",silver,5,r001
1e5ca2af-3f1b-40d5-b3a7-d712ac4b5065,513.939609069057,#C C mixes the mixture.,Cooking,Essential Operation,Core task involving high hand activity.,silver,5,r001
1e5ca2af-3f1b-40d5-b3a7-d712ac4b5065,523.931109069057,#C C puts the bowl in the microwave.,Cooking,Object Transfer,Logistics step involving moving an object to a specific location.,silver,5,r001
1e5ca2af-3f1b-40d5-b3a7-d712ac4b5065,531.234279069057,#C C licks the spoon.,Cooking,Stationary,"Minimal body and hand movement, mostly head and tongue motion.",silver,5,r001
1e5ca2af-3f1b-40d5-b3a7-d712ac4b5065,551.5506318861329,#C C cuts one piece of banana.,Cooking,Essential Operation,"Core task, high hand activity.",silver,5,r001
1e5ca2af-3f1b-40d5-b3a7-d712ac4b5065,560.8399518861329,#C C holds the items with right hand.,Cooking,Stationary,"Low body/hand motion, holding items without active manipulation.",silver,5,r001
1e5ca2af-3f1b-40d5-b3a7-d712ac4b5065,562.1181218861328,#C C arranges kitchen slab.,Cooking,Stationary,"Low body/hand motion, arranging likely involves minimal movement.",silver,5,r001
1e5ca2af-3f1b-40d5-b3a7-d712ac4b5065,620.9814018861329,#C C removes excess water from the hand.,Cooking,Essential Operation,Core task involving manual activity with hands.,silver,5,r001
1e5ca2af-3f1b-40d5-b3a7-d712ac4b5065,653.7979518861329,#C C licks the spices.,Cooking,Stationary,"Low body/hand motion, mostly hand to mouth.",silver,5,r001
1e5ca2af-3f1b-40d5-b3a7-d712ac4b5065,674.4191618861329,#C C takes the bowl of food.,Cooking,Object Transfer,Logistics step involving picking up and moving an object.,silver,5,r001
20400762-1e47-462d-a7d1-64a1b162b1f9,26.62359,#C C picks a hand switch button on the tool table with his gloved right hand. #Unsure,Mechanical Repair,Object Transfer,"The action involves picking up an object, which is a logistics step.",silver,5,r001
20400762-1e47-462d-a7d1-64a1b162b1f9,111.75399,#C C drops the chisel in his gloved right hand on the tool table.,Mechanical Repair,Object Transfer,"[CtxFixed] The action of dropping the chisel onto the tool table is a deliberate placement of the object, which fits the definition of 'Object Transfer'.",silver,5,r001
20400762-1e47-462d-a7d1-64a1b162b1f9,237.59073,#C C drops the scissors in his gloved right hand on the tool table.,Mechanical Repair,Object Transfer,"[CtxFixed] The action of dropping the scissors onto the tool table can be interpreted as a deliberate placement, which fits the definition of 'Object Transfer'.",silver,5,r001
20400762-1e47-462d-a7d1-64a1b162b1f9,251.68227,#C C rolls his gloved right fingers on the wire in the hand switch. #Unsure,Mechanical Repair,Essential Operation,"High hand activity, likely inspecting or manipulating the wire.",silver,5,r001
20400762-1e47-462d-a7d1-64a1b162b1f9,273.97809,#C C holds the tissue with both hands. #Unsure,Mechanical Repair,Stationary,"Low body/hand motion, holding an object.",silver,5,r001
20400762-1e47-462d-a7d1-64a1b162b1f9,326.09097,#C C places the soldering iron in his gloved right hand into an opening on the work table.,Mechanical Repair,Object Transfer,"The action involves placing an object (soldering iron) in a specific location, which is a logistical step.",silver,5,r001
20400762-1e47-462d-a7d1-64a1b162b1f9,339.55514,#C C soldiers the wires on the trafficator switch of the motorbike in his gloved left hand with the soldering iron in his gloved right hand.,Mechanical Repair,Essential Operation,Core manual task involving high hand activity.,silver,5,r001
20400762-1e47-462d-a7d1-64a1b162b1f9,430.61569,#C C soldiers the steel line wire on the metal stool on the work table with the soldering iron in his gloved right hand. #Unsure,Mechanical Repair,Essential Operation,Core task involving high hand activity with the soldering iron.,silver,5,r001
20400762-1e47-462d-a7d1-64a1b162b1f9,475.69092,#C C clips a wire from the trafficator switch of the motorbike with the plier in his right gloved hand.,Mechanical Repair,Essential Operation,Core manual task involving high hand activity.,silver,5,r001
20400762-1e47-462d-a7d1-64a1b162b1f9,512.20569,#C C picks a welding torch from the work table with his gloved right hand.,Mechanical Repair,Object Transfer,Logistics/Setup step involving picking up an object.,silver,5,r001
20400762-1e47-462d-a7d1-64a1b162b1f9,537.7205,#C C picks a black tape from a hook on the wall with his gloved left hand.,Mechanical Repair,Object Transfer,"Logistics step, picking up an object.",silver,5,r001
20400762-1e47-462d-a7d1-64a1b162b1f9,544.39426,#C C picks a piece of the tape in his gloved left hand with his gloved right hand.,Mechanical Repair,Object Transfer,"The action involves picking up an object, which is a logistics step.",silver,5,r001
20400762-1e47-462d-a7d1-64a1b162b1f9,568.56934,#C C tears off the tape with his gloved right hand.,Mechanical Repair,Essential Operation,Core manual task involving high hand activity.,silver,5,r001
20400762-1e47-462d-a7d1-64a1b162b1f9,633.50612,#C C passes the screwdriver from his gloved right hand to his gloved left hand.,Mechanical Repair,Object Transfer,"The action involves passing an object, which is a logistics step.",silver,5,r001
20400762-1e47-462d-a7d1-64a1b162b1f9,636.99979,#C C retrieves the screw from the back of the trafficator switch in his left gloved hand with his right gloved hand.,Mechanical Repair,Object Transfer,"The action involves picking up an object, which is a logistics step.",silver,5,r001
20400762-1e47-462d-a7d1-64a1b162b1f9,721.23343,#C C tightens the trafficator switch with the screw and screwdriver in both gloved hands.,Mechanical Repair,Essential Operation,Core manual task involving high hand activity with a tool.,silver,5,r001
20400762-1e47-462d-a7d1-64a1b162b1f9,761.7677,#C C touches the ignition. #Unsure,Mechanical Repair,Stationary,"Low body/hand motion, possibly inspection or contemplation.",silver,5,r001
20400762-1e47-462d-a7d1-64a1b162b1f9,772.74524,#C C opens the bolt & washer with both gloved hands. #Unsure,Mechanical Repair,Object Transfer,"The action involves opening an object, which is a logistics step.",silver,5,r001
20400762-1e47-462d-a7d1-64a1b162b1f9,799.3527799999999,#C C supports the windscreen with his gloved left hand.,Mechanical Repair,Stationary,"Low body/hand motion, holding position.",silver,5,r001
20400762-1e47-462d-a7d1-64a1b162b1f9,845.11877,#C C moves a metal stool on the work table with both gloved hands.,Mechanical Repair,Object Transfer,Logistics/moving an object (stool) on a surface.,silver,5,r001
20400762-1e47-462d-a7d1-64a1b162b1f9,896.18348,#C C picks a screwdriver from the work table with his gloved right hand.,Mechanical Repair,Object Transfer,"The action involves picking up an object, which is a logistics step.",silver,5,r001
20400762-1e47-462d-a7d1-64a1b162b1f9,904.89826,#C C pulls out the nut and washer from the windscreen with both gloved hands.,Mechanical Repair,Object Transfer,"The action involves picking up and removing objects, which is a logistics step.",silver,5,r001
20400762-1e47-462d-a7d1-64a1b162b1f9,944.99474,#C C opens the pillion with both gloved hands. #Unsure,Mechanical Repair,Object Transfer,"The action involves opening a drawer or container, which is a logistics step.",silver,5,r001
20400762-1e47-462d-a7d1-64a1b162b1f9,963.41688,#C C closes the pillion. #Unsure,Mechanical Repair,Stationary,Closing an item typically involves minimal body movement and can be a static action.,silver,5,r001
20400762-1e47-462d-a7d1-64a1b162b1f9,973.87918,#C C pulls back a nylon in the pillion with his gloved left hand. #Unsure,Mechanical Repair,Essential Operation,"The action involves a core manual task, likely requiring precise hand movements.",silver,5,r001
20400762-1e47-462d-a7d1-64a1b162b1f9,982.3816,#C C pulls back the cloth in the pillion with his gloved left hand. #Unsure,Mechanical Repair,Essential Operation,High hand activity involved in the task of cleaning or wiping a surface.,silver,5,r001
20400762-1e47-462d-a7d1-64a1b162b1f9,991.65608,#C C walks towards the motorbike.,Mechanical Repair,Locomotion,"Body moving through space, indicative of walking.",silver,5,r001
20400762-1e47-462d-a7d1-64a1b162b1f9,998.07469,#C C fastens the nut in the pillion with his gloved right hand. #Unsure,Mechanical Repair,Essential Operation,Core manual task involving hand activity.,silver,5,r001
20400762-1e47-462d-a7d1-64a1b162b1f9,1001.79568,#C C screws a nut in the pillion with the screwdriver in both gloved hands. #Unsure,Mechanical Repair,Essential Operation,Core manual task involving high hand activity with a tool.,silver,5,r001
20400762-1e47-462d-a7d1-64a1b162b1f9,1051.12696,#C C moves his gloved left hand off the ignition.,Mechanical Repair,Stationary,The action describes a hand movement that is likely minimal and does not involve any significant body movement or high activity.,silver,5,r001
20400762-1e47-462d-a7d1-64a1b162b1f9,1051.12696,#C C holds the throttle of the motorbike with his gloved right hand.,Mechanical Repair,Stationary,"Low body/hand motion, holding position.",silver,5,r001
20400762-1e47-462d-a7d1-64a1b162b1f9,1066.2770846666665,#C C touches the dashboard of the motorbike with his gloved left hand.,Mechanical Repair,Stationary,"Low body/hand motion, likely inspection or waiting.",silver,5,r001
20400762-1e47-462d-a7d1-64a1b162b1f9,1080.1779946666666,#C C picks a metal stool from the ground with his gloved left hand.,Mechanical Repair,Object Transfer,Logistics step involving picking up an object.,silver,5,r001
20400762-1e47-462d-a7d1-64a1b162b1f9,1109.889496666667,#C C unscrews a screw on the motorbike with the screwdriver in both gloved hands.,Mechanical Repair,Essential Operation,Core manual task involving high hand activity.,silver,5,r001
20400762-1e47-462d-a7d1-64a1b162b1f9,1147.1749866666669,#C C brings the bike filter down.,Mechanical Repair,Object Transfer,Movement of an object from one location to another.,silver,5,r001
20400762-1e47-462d-a7d1-64a1b162b1f9,1153.5252566666666,#C C walks towards a work table.,Mechanical Repair,Locomotion,Body moving through space (walking).,silver,5,r001
20400762-1e47-462d-a7d1-64a1b162b1f9,1175.9450066666666,#C C cleans the case in his gloved left hand with the napkin in his gloved right hand.,Mechanical Repair,Essential Operation,Core manual task involving high hand activity.,silver,5,r001
20b96ca4-67e5-41e9-87b6-6683bd641df4,38.079899600000005,#C C reads the words on the display screen,Desk Work,Search,"Head movement (visual search), hands mostly still.",silver,5,r001
25eca07b-a5e2-433e-b7c0-24b5d8e153de,8.4048886,#C C pushes the handbrake,Mechanical Repair,Essential Operation,Core manual task involving high hand activity.,silver,5,r001
25eca07b-a5e2-433e-b7c0-24b5d8e153de,34.2206586,#C C drives,Mechanical Repair,Locomotion,"Movement through space, likely involves walking or driving.",silver,5,r001
25eca07b-a5e2-433e-b7c0-24b5d8e153de,1378.133307144922,#C C Raises left hand towards #unsure,Mechanical Repair,Stationary,"The action described is not clear but implies a pause or uncertainty, which typically involves low energy and motion.",silver,5,r001
25eca07b-a5e2-433e-b7c0-24b5d8e153de,1786.7044171449218,#C C touches the turning signal,Mechanical Repair,Stationary,"[CtxFixed] The action of touching the turning signal is a stationary action as it involves activating a switch or button on the vehicle, which does not involve movement of the person or the vehicle itself.",silver,5,r001
25eca07b-a5e2-433e-b7c0-24b5d8e153de,1787.801697144922,#C C takes hand off the steering wheel,Mechanical Repair,Stationary,"The action indicates a shift to a stationary state, likely with minimal hand movement.",silver,5,r001
2b21ad6f-5e35-485b-8f3e-ac6dd1551f62,6.20925,#C C picks spanner from the ground,Carpentry,Object Transfer,Logistics step involving picking up an object.,silver,5,r001
2c27b5f1-4af6-49ad-a43c-3efb0c150868,152.1812186,#C C takes another container,Cooking,Object Transfer,Logistics/Setup step involving picking up or moving an object.,silver,5,r001
2c27b5f1-4af6-49ad-a43c-3efb0c150868,222.6283886,#C C shakes the blender,Cooking,Essential Operation,Core task involving high hand activity.,silver,5,r001
2c27b5f1-4af6-49ad-a43c-3efb0c150868,236.8212786,#C C adds juice into the food,Cooking,Essential Operation,Core task involving manual activity with the hands.,silver,5,r001
2c27b5f1-4af6-49ad-a43c-3efb0c150868,355.8250492852933,#C C places a lid on the countertop,Cooking,Object Transfer,Logistics step involving placing an object.,silver,5,r001
2c27b5f1-4af6-49ad-a43c-3efb0c150868,367.4403292852933,#C C touches a bottle tin,Cooking,Object Transfer,Logistics step involving interaction with an object.,silver,5,r001
2c27b5f1-4af6-49ad-a43c-3efb0c150868,412.9370292852933,#C C opens a paper,Cooking,Object Transfer,"Opening an object, involves short bursts of hand activity.",silver,5,r001
2c27b5f1-4af6-49ad-a43c-3efb0c150868,461.7508292852933,#C C drops a paper,Cooking,Object Transfer,"[CtxFixed] The current action involves C dropping a paper, which is a deliberate placement of the object onto a surface. This fits the criteria for 'Object Transfer'.",silver,5,r001
2c27b5f1-4af6-49ad-a43c-3efb0c150868,486.2366992852933,#C C drops a paper on the counter top,Cooking,Object Transfer,Logistics step of placing an object down.,silver,5,r001
2c27b5f1-4af6-49ad-a43c-3efb0c150868,578.684847613672,#C C puts the fork in food,Cooking,Essential Operation,Core task involving high hand activity.,silver,5,r001
2c27b5f1-4af6-49ad-a43c-3efb0c150868,680.5919576136719,#C C picks the polythene,Cooking,Object Transfer,"Logistics step, picking an object.",silver,5,r001
2c27b5f1-4af6-49ad-a43c-3efb0c150868,740.5908176136719,#C C puts the food in the counter top,Cooking,Object Transfer,Logistics step involving moving an object to a specific location.,silver,5,r001
2c27b5f1-4af6-49ad-a43c-3efb0c150868,790.1090776136718,#C C packs the food,Cooking,Object Transfer,Logistics step involving picking up and putting down objects.,silver,5,r001
2c27b5f1-4af6-49ad-a43c-3efb0c150868,1028.9338581997508,#C C touches the food,Cooking,Stationary,"Low body/hand motion, possibly inspecting the food.",silver,5,r001
2c27b5f1-4af6-49ad-a43c-3efb0c150868,1217.991537144922,#C C closes the polythene of #unsure,Cooking,Object Transfer,Logistics action of closing a container.,silver,5,r001
2c27b5f1-4af6-49ad-a43c-3efb0c150868,1293.182407144922,#C C puts towel on the stove,Cooking,Object Transfer,Logistics step involving picking up and placing the towel.,silver,5,r001
2c27b5f1-4af6-49ad-a43c-3efb0c150868,1312.9721371449218,#C C moves towards the kitchen,Cooking,Locomotion,Body moving through space (walking).,silver,5,r001
2c27b5f1-4af6-49ad-a43c-3efb0c150868,1328.2223571449215,#C C puts polythene of #unsure on the chair,Cooking,Object Transfer,Logistics step involving picking up and placing an object.,silver,5,r001
2c27b5f1-4af6-49ad-a43c-3efb0c150868,1330.4112771449218,#C C puts polythene of #unsure in the fridge,Cooking,Object Transfer,Logistics step involving picking up and putting down an object.,silver,5,r001
2c27b5f1-4af6-49ad-a43c-3efb0c150868,1340.9672771449218,#C C puts cube tray on the table,Cooking,Object Transfer,Logistics step involving the placement of an object.,silver,5,r001
33a9701c-625d-4500-8ef3-f39bd1f6dc1d,168.2735196,#C C puts the leaves on the carton,Cleaning,Object Transfer,Logistics step involving moving leaves to a carton.,silver,5,r001
33a9701c-625d-4500-8ef3-f39bd1f6dc1d,215.0533796,#C C aligns the leaves on the carton piece,Cleaning,Stationary,Low energy activity with minimal movement.,silver,5,r001
33a9701c-625d-4500-8ef3-f39bd1f6dc1d,308.8977009546634,#C C looks at the leaves,Cleaning,Search,Visual inspection/monitoring with minimal hand movement.,silver,5,r001
33a9701c-625d-4500-8ef3-f39bd1f6dc1d,355.3658009546634,#C C looks at items on the floor,Cleaning,Search,"Head movement (visual search), hands mostly still.",silver,5,r001
33a9701c-625d-4500-8ef3-f39bd1f6dc1d,388.8691609546634,#C C arranges the leaves,Cleaning,Object Transfer,Logistics of moving and arranging objects.,silver,5,r001
33a9701c-625d-4500-8ef3-f39bd1f6dc1d,480.7196809546634,#C C looks at the leaves on the floor,Cleaning,Search,"Visual search with head movement, hands mostly still.",silver,5,r001
33a9701c-625d-4500-8ef3-f39bd1f6dc1d,543.7511909546635,#C C presses the leaves,Cleaning,Essential Operation,"Core manual task involving pressing, high hand activity.",silver,5,r001
33a9701c-625d-4500-8ef3-f39bd1f6dc1d,629.0021009546634,#C C places the leave on the cardboard,Cleaning,Object Transfer,"Logistics step, placing an object.",silver,5,r001
33a9701c-625d-4500-8ef3-f39bd1f6dc1d,632.3390509546634,#C C presses the leaves decoration,Cleaning,Essential Operation,"Core task involving manual effort, likely with hands.",silver,5,r001
33a9701c-625d-4500-8ef3-f39bd1f6dc1d,711.8033309546634,#C C looks at the leaves decoration,Cleaning,Search,"Head movement (visual inspection), hands mostly still.",silver,5,r001
33a9701c-625d-4500-8ef3-f39bd1f6dc1d,932.6794109546634,#O person X points to the wall,Cleaning,Stationary,"Low body/hand motion, pointing does not involve significant movement.",silver,5,r001
33a9701c-625d-4500-8ef3-f39bd1f6dc1d,1003.8017609546636,#O person X looks at the wall,Cleaning,Search,"Head movement (visual inspection), hands mostly still.",silver,5,r001
33a9701c-625d-4500-8ef3-f39bd1f6dc1d,1132.7103909546634,#C C picks plants on the floor,Cleaning,Object Transfer,Logistics step involving picking up objects (plants).,silver,5,r001
33a9701c-625d-4500-8ef3-f39bd1f6dc1d,1153.7373009546632,#C C holds a leave,Cleaning,Stationary,"Low body/hand motion, holding an object without movement.",silver,5,r001
33a9701c-625d-4500-8ef3-f39bd1f6dc1d,1399.0472909546634,#O person X looks at the plant decoration on the wall,Cleaning,Search,"Head movement (visual inspection), passive hands.",silver,5,r001
33a9701c-625d-4500-8ef3-f39bd1f6dc1d,1414.3152009546634,#C C looks at the plants on the floor,Cleaning,Search,"Head movement (visual inspection), passive hands.",silver,5,r001
33a9701c-625d-4500-8ef3-f39bd1f6dc1d,1460.6361809546634,#C C sticks a plant on the wall,Cleaning,Stationary,"The action involves a static interaction with the environment, likely with minimal body movement.",silver,5,r001
33a9701c-625d-4500-8ef3-f39bd1f6dc1d,1535.6864009546632,#C C cuts a piece of tape with scissors,Cleaning,Essential Operation,Core task involving high hand activity.,silver,5,r001
33a9701c-625d-4500-8ef3-f39bd1f6dc1d,1538.6130809546632,#O person X takes a piece of tape from C finger,Cleaning,Object Transfer,Logistics step involving the transfer of an object.,silver,5,r001
33a9701c-625d-4500-8ef3-f39bd1f6dc1d,1547.2160809546633,#O person X attaches the tape on the plant,Cleaning,Essential Operation,Core manual task involving precise hand movement.,silver,5,r001
33a9701c-625d-4500-8ef3-f39bd1f6dc1d,1642.0743109546631,#C C sticks the plant on the wall,Cleaning,Object Transfer,"[CtxFixed] The action of sticking the plant on the wall indicates a deliberate placement of an object onto a surface, which fits the definition of Object Transfer.",silver,5,r001
33a9701c-625d-4500-8ef3-f39bd1f6dc1d,1665.1314109546631,#C C point to the plant decoration,Cleaning,Stationary,"Pointing involves minimal movement and is often accompanied by speaking, which indicates a stationary action.",silver,5,r001
33a9701c-625d-4500-8ef3-f39bd1f6dc1d,1668.0258509546632,#C C looks at the plant decoration,Cleaning,Search,"Head movement (visual inspection), passive hands.",silver,5,r001
33a9701c-625d-4500-8ef3-f39bd1f6dc1d,1739.225890954663,#C C looks at the plant decoration on the wall,Cleaning,Search,"Head movement (visual search), passive hands.",silver,5,r001
33a9701c-625d-4500-8ef3-f39bd1f6dc1d,1774.2859409546631,#C C looks at the monitors on the table,Cleaning,Stationary,"Low body/hand motion, focused visual activity.",silver,5,r001
33a9701c-625d-4500-8ef3-f39bd1f6dc1d,2137.228400954664,#C C places the container lid on the countertop,Cleaning,Object Transfer,Logistics step involving placing an object.,silver,5,r001
33a9701c-625d-4500-8ef3-f39bd1f6dc1d,2146.109090954664,#C C picks the container li,Cleaning,Object Transfer,Logistics step involving picking up an object.,silver,5,r001
33a9701c-625d-4500-8ef3-f39bd1f6dc1d,2205.012270954664,#C C pours spice in the chicken pieces,Cleaning,Essential Operation,Core task involving manual dexterity and fine motor skills.,silver,5,r001
33a9701c-625d-4500-8ef3-f39bd1f6dc1d,2256.598780954664,#C C slightly moves the container,Cleaning,Stationary,"Low body/hand motion, slight movement.",silver,5,r001
33a9701c-625d-4500-8ef3-f39bd1f6dc1d,2369.0786809546635,#C C places the chopping sticks in the sink,Cleaning,Object Transfer,Logistics step involving picking up and placing an object.,silver,5,r001
33a9701c-625d-4500-8ef3-f39bd1f6dc1d,2372.243830954664,#C C washes left hand,Cleaning,Essential Operation,"Core manual task, high hand activity.",silver,5,r001
33a9701c-625d-4500-8ef3-f39bd1f6dc1d,2578.7177209546635,#C C places items in the fridge,Cleaning,Object Transfer,"Logistics step involving placing items, short bursts of hand acceleration.",silver,5,r001
33a9701c-625d-4500-8ef3-f39bd1f6dc1d,2619.9815309546634,#C C pushes the paper in the fridge,Cleaning,Object Transfer,Logistics of moving an object (paper) into a specific location (fridge).,silver,5,r001
33a9701c-625d-4500-8ef3-f39bd1f6dc1d,2678.986860954664,#C C picks the plastic paper,Cleaning,Object Transfer,Logistics step involving picking up an object.,silver,5,r001
33a9701c-625d-4500-8ef3-f39bd1f6dc1d,2752.725870954664,#C C looks at the onion,Cleaning,Search,"Head movement (visual inspection), hands mostly still.",silver,5,r001
33a9701c-625d-4500-8ef3-f39bd1f6dc1d,2774.1225109546635,#C C places the onions in one of the trays,Cleaning,Object Transfer,Logistics step involving the placement of objects.,silver,5,r001
33a9701c-625d-4500-8ef3-f39bd1f6dc1d,2816.305790954664,#C C places the plastic paper on the countertop,Cleaning,Object Transfer,Logistics step involving picking up and placing an object.,silver,5,r001
33a9701c-625d-4500-8ef3-f39bd1f6dc1d,2937.4567609546634,#C C places the meat pieces in a plastic paper,Cleaning,Object Transfer,Logistics step involving picking up and placing objects.,silver,5,r001
33a9701c-625d-4500-8ef3-f39bd1f6dc1d,2956.082850954664,#C C removes plastic paper on the container,Cleaning,Essential Operation,Core manual task involving hand activity.,silver,5,r001
33a9701c-625d-4500-8ef3-f39bd1f6dc1d,3069.453820954664,# O man X raises leg,Cleaning,Locomotion,"Body movement through space, specifically raising a leg which involves body acceleration.",silver,5,r001
34240230-b681-4f0e-b3d8-b486aeb1104d,28.3971496,#C C grabs a brush in the pot with his right hand,Carpentry,Object Transfer,"The action involves picking up an object, which is a logistics step.",silver,5,r001
34240230-b681-4f0e-b3d8-b486aeb1104d,219.8711796,#C C walks over to a furniture on another table,Carpentry,Locomotion,Body moving through space to reach another location.,silver,5,r001
34240230-b681-4f0e-b3d8-b486aeb1104d,221.1136496,#C C drops the pot on the furniture table,Carpentry,Object Transfer,"[CtxFixed] The action of dropping the pot onto the furniture table indicates a deliberate placement of the object, which fits the criteria for Object Transfer.",silver,5,r001
34240230-b681-4f0e-b3d8-b486aeb1104d,222.4587196,#C C cleans the brush on the edge of the pot,Carpentry,Essential Operation,"Core task involving manual cleaning, high hand activity.",silver,5,r001
34240230-b681-4f0e-b3d8-b486aeb1104d,309.4945909546634,#C C applies the liquid paint on the furniture with the brush in his right hand,Carpentry,Essential Operation,Core task involving high hand activity.,silver,5,r001
34240230-b681-4f0e-b3d8-b486aeb1104d,474.9356809546634,#C C holds the handle of the pot with his left hand,Carpentry,Stationary,Holding an object without movement.,silver,5,r001
34240230-b681-4f0e-b3d8-b486aeb1104d,480.6073909546634,#C C dips the brush into the liquid paint in the pot with his right hand,Carpentry,Object Transfer,Logistics step of picking up and transferring the brush into the paint pot.,silver,5,r001
34240230-b681-4f0e-b3d8-b486aeb1104d,729.1967109546634,#C C lifts the pot from the table with his left hand,Carpentry,Object Transfer,"Action involves picking up an object, which is a logistics step.",silver,5,r001
34240230-b681-4f0e-b3d8-b486aeb1104d,744.4293409546634,#C C places the pot on the table with his left hand,Carpentry,Object Transfer,"Logistics step, placing an object.",silver,5,r001
34240230-b681-4f0e-b3d8-b486aeb1104d,758.7558409546634,#C C removes his left hand from the pot,Carpentry,Object Transfer,"The action involves removing a hand from an object, which is a logistics step.",silver,5,r001
35b37e37-6bb1-4131-be37-693e9b794a97,357.2756474820286,#C C looks around in the studio room.,Playing Instrument,Search,"Head movement (visual search), hands mostly still.",silver,5,r001
35b37e37-6bb1-4131-be37-693e9b794a97,455.0140274820286,#C C adjusts the cable.,Playing Instrument,Object Transfer,"Logistics step, likely involves picking up or moving the cable.",silver,5,r001
35b37e37-6bb1-4131-be37-693e9b794a97,502.1780374820286,#C C plays the mbira.,Playing Instrument,Essential Operation,Core manual task involving high hand activity.,silver,5,r001
35b37e37-6bb1-4131-be37-693e9b794a97,565.7973121677084,#C C converses with X.,Playing Instrument,Stationary,Low body/hand motion.,silver,5,r001
35b37e37-6bb1-4131-be37-693e9b794a97,573.0564821677084,#O producer X points towards the work desk.,Playing Instrument,Stationary,Pointing is a low-energy gesture.,silver,5,r001
35b37e37-6bb1-4131-be37-693e9b794a97,648.9919621677084,#C C adjusts the mbira.,Playing Instrument,Stationary,"Adjusting an instrument typically involves small, precise movements that do not involve significant body or hand acceleration.",silver,5,r001
35b37e37-6bb1-4131-be37-693e9b794a97,690.0810621677084,#C C looks around in the studio.,Playing Instrument,Search,"Head movement (visual search), hands mostly still.",silver,5,r001
35b37e37-6bb1-4131-be37-693e9b794a97,705.8419721677084,#O producer X adjusts the right hand.,Playing Instrument,Essential Operation,Core manual task involving fine hand movements.,silver,5,r001
35b37e37-6bb1-4131-be37-693e9b794a97,782.4352221677084,#O producer X walks around in the studio.,Playing Instrument,Locomotion,"Body moving through space, associated with high body acceleration.",silver,5,r001
35b37e37-6bb1-4131-be37-693e9b794a97,838.8102027881419,#C C adjusts the plastic paper.,Playing Instrument,Object Transfer,Logistics step involving picking up or adjusting an object.,silver,5,r001
35b37e37-6bb1-4131-be37-693e9b794a97,847.4589527881419,#C C adjusts papers and an envelope on the table.,Playing Instrument,Object Transfer,Logistics step involving moving objects (papers and envelope).,silver,5,r001
35b37e37-6bb1-4131-be37-693e9b794a97,854.5778327881419,#C C adjusts a #unsure on the work desk.,Playing Instrument,Stationary,Adjusting an item on a desk typically involves fine motor movements and is not associated with significant body or hand acceleration.,silver,5,r001
35b37e37-6bb1-4131-be37-693e9b794a97,936.278042788142,#C C adjusts a flower on the work desk.,Playing Instrument,Object Transfer,"The action involves picking up and placing the flower, which is a logistics step.",silver,5,r001
35b37e37-6bb1-4131-be37-693e9b794a97,959.793612788142,#C C adjusts a board on the floor.,Playing Instrument,Object Transfer,Logistics step involving picking up or putting down an object.,silver,5,r001
35b37e37-6bb1-4131-be37-693e9b794a97,995.849602788142,#C C receives the studio light from X.,Playing Instrument,Object Transfer,Logistics step involving receiving an object.,silver,5,r001
35b37e37-6bb1-4131-be37-693e9b794a97,1008.594642788142,#C C puts the studio light on the work desk.,Playing Instrument,Object Transfer,Logistics action of placing an object.,silver,5,r001
35b37e37-6bb1-4131-be37-693e9b794a97,1082.4703461214751,#C C puts the mbira on the work desk.,Playing Instrument,Object Transfer,"Logistics step, placing an object down.",silver,5,r001
35b37e37-6bb1-4131-be37-693e9b794a97,1094.5250152666663,#C C adjusts the microphone,Playing Instrument,Object Transfer,Logistics step involving the setup or adjustment of an object.,silver,5,r001
35b37e37-6bb1-4131-be37-693e9b794a97,1204.903195266667,#C C pulls the sleeve up,Playing Instrument,Stationary,The action involves adjusting clothing and does not involve significant body or hand motion.,silver,5,r001
35b37e37-6bb1-4131-be37-693e9b794a97,1246.4027352666667,#C C plucks the tines with the thumbs,Playing Instrument,Essential Operation,Core manual task involving high hand activity.,silver,5,r001
35b37e37-6bb1-4131-be37-693e9b794a97,1281.3339852666666,#C C switches the lights off,Playing Instrument,Stationary,"Low body/hand motion, possibly involving a simple action like flipping a switch.",silver,5,r001
35b37e37-6bb1-4131-be37-693e9b794a97,1336.1000152666666,#O a man Y switches the lights off,Playing Instrument,Stationary,"The action of switching lights off is a brief, low-energy motion.",silver,5,r001
35b37e37-6bb1-4131-be37-693e9b794a97,1470.6616114530716,#O a man Y holds a phone on the tripod stand,Playing Instrument,Stationary,"The action describes holding a phone on a tripod, which indicates a low-energy, static position.",silver,5,r001
35b37e37-6bb1-4131-be37-693e9b794a97,1473.9433914530716,#O a man Y holds the tripod stand,Playing Instrument,Stationary,Holding a stationary object with no significant movement.,silver,5,r001
35e004f4-ad64-4835-9358-38a58b431252,25.120389600000003,#c c pick the meat with the chinese stick,Cooking,Object Transfer,Logistics step involving picking up an object.,silver,5,r001
35e004f4-ad64-4835-9358-38a58b431252,113.0753896,#c c pick the meat from the bowl,Cooking,Object Transfer,Logistics step involving picking up an object.,silver,5,r001
35e004f4-ad64-4835-9358-38a58b431252,331.8493109546634,#c c put the meat in the bowl,Cooking,Object Transfer,Logistics step involving picking up and placing the meat in the bowl.,silver,5,r001
35e004f4-ad64-4835-9358-38a58b431252,390.7308009546634,#c c pick the towel,Cooking,Object Transfer,Logistics step involving picking up an object.,silver,5,r001
35e004f4-ad64-4835-9358-38a58b431252,457.9234009546634,#c c hang the cooking spoon,Cooking,Object Transfer,Logistics step involving picking up and hanging an object.,silver,5,r001
35e004f4-ad64-4835-9358-38a58b431252,570.1133642879968,#c c pour oil in the pan,Cooking,Essential Operation,Core task involving a manual operation with high hand activity.,silver,5,r001
35e004f4-ad64-4835-9358-38a58b431252,573.7939142879968,#c c close the oil top,Cooking,Object Transfer,Logistics step involving closing an object.,silver,5,r001
35e004f4-ad64-4835-9358-38a58b431252,713.5197942879968,#c c stir the onion with the wooden spoon,Cooking,Essential Operation,Core task involving high hand activity.,silver,5,r001
35e004f4-ad64-4835-9358-38a58b431252,770.1199742879967,#c c push the meat with the dough,Cooking,Essential Operation,Core task involving high hand activity.,silver,5,r001
35e004f4-ad64-4835-9358-38a58b431252,830.3966942879968,#c c rinse the knife,Cooking,Essential Operation,Core task involving high hand activity.,silver,5,r001
35e004f4-ad64-4835-9358-38a58b431252,873.0723442879968,#c c put the dough in the pan,Cooking,Object Transfer,Logistics step of placing the dough into the pan.,silver,5,r001
35e004f4-ad64-4835-9358-38a58b431252,878.4993242879967,#c c cut the dough,Cooking,Essential Operation,"Core task, high hand activity.",silver,5,r001
35e004f4-ad64-4835-9358-38a58b431252,995.4399242879967,#c c stir the food with the wooden spoon,Cooking,Essential Operation,Core task involving high hand activity.,silver,5,r001
35e004f4-ad64-4835-9358-38a58b431252,1078.86922762133,#c c pick the sponge,Cooking,Object Transfer,"Logistics/Setup step, picking up an object.",silver,5,r001
35e004f4-ad64-4835-9358-38a58b431252,2116.045454287997,#C C stirs the maize,Cooking,Essential Operation,Core task involving high hand activity.,silver,5,r001
36f976f4-ba4e-4564-b970-82f8692b8c61,-3.999999999976245e-07,#O A man X holds cards in his left hand.,Playing Instrument,Stationary,"The action describes holding cards without any significant movement, indicating a low energy state.",silver,5,r001
36f976f4-ba4e-4564-b970-82f8692b8c61,106.5443196,#O The man X touches his face with his right hand.,Playing Instrument,Stationary,"The action described involves a minor movement that is not characteristic of a core task, logistics, search, or an error. It is more indicative of a brief, non-task related movement while in a stationary state.",silver,5,r001
36f976f4-ba4e-4564-b970-82f8692b8c61,123.2043796,#O The man X interacts with man Z.,Playing Instrument,Stationary,"The action described does not specify any physical activity, implying a stationary or low-energy interaction.",silver,5,r001
36f976f4-ba4e-4564-b970-82f8692b8c61,155.3986396,#O The man Z adjusts his shirt with his left hand.,Playing Instrument,Stationary,"Adjusting attire is a low-energy activity, typically done while standing still.",silver,5,r001
36f976f4-ba4e-4564-b970-82f8692b8c61,167.4525296,#O The man X passes the card in his right hand to man Y.,Playing Instrument,Object Transfer,"The action involves passing an object, which is a form of logistics or transfer.",silver,5,r001
36f976f4-ba4e-4564-b970-82f8692b8c61,189.9658296,#O The man X places the card in his right hand on the table.,Playing Instrument,Object Transfer,"Placing an object, involves short bursts of hand acceleration.",silver,5,r001
36f976f4-ba4e-4564-b970-82f8692b8c61,212.0160396,#O The man X laughs at man Y.,Playing Instrument,Stationary,"Low body/hand motion, indicative of a stationary activity like talking.",silver,5,r001
36f976f4-ba4e-4564-b970-82f8692b8c61,308.0108809546634,#O The man Z moves the cards on the table with both hands.,Playing Instrument,Object Transfer,"Logistics step involving moving objects (cards), short bursts of hand acceleration.",silver,5,r001
36f976f4-ba4e-4564-b970-82f8692b8c61,366.8943409546634,#O The man Y interacts with man X.,Playing Instrument,Stationary,"The action describes an interaction between two people, which likely involves speaking or observing, with minimal body or hand motion.",silver,5,r001
36f976f4-ba4e-4564-b970-82f8692b8c61,366.8943409546634,#O The man Y interacts with man Z.,Playing Instrument,Stationary,The action description does not indicate any specific movement or interaction that would classify under the other categories.,silver,5,r001
36f976f4-ba4e-4564-b970-82f8692b8c61,389.1709509546634,#O The man Z places the card in his left hand on the table.,Playing Instrument,Object Transfer,The action involves moving an object (the card) to a specific location (the table).,silver,5,r001
36f976f4-ba4e-4564-b970-82f8692b8c61,496.1037309546634,#O The man Z passes the card in his left hand to man X.,Playing Instrument,Object Transfer,"The action involves passing an object, which is a logistics step.",silver,5,r001
36f976f4-ba4e-4564-b970-82f8692b8c61,606.2799309546634,#O man Y drops card on the table with right hand.,Playing Instrument,Object Transfer,Refined via regex fallback,silver,5,r001
36f976f4-ba4e-4564-b970-82f8692b8c61,748.7927469546635,#O man W drops card on the table with right hand.,Playing Instrument,Object Transfer,"The action involves placing an object (card) on a surface, which is a logistics step.",silver,5,r001
36f976f4-ba4e-4564-b970-82f8692b8c61,894.3269409546634,#O The man Y stretches his right hand.,Playing Instrument,Stationary,"The action describes a stretching motion which is not continuous and does not involve active playing of the instrument, indicating low energy and a stationary position.",silver,5,r001
36f976f4-ba4e-4564-b970-82f8692b8c61,1033.4917509546635,#O The man Y places the card in his right hand on the table.,Playing Instrument,Object Transfer,The action involves placing an object (card) on a surface (table).,silver,5,r001
36f976f4-ba4e-4564-b970-82f8692b8c61,1043.7961009546634,#O The man Z rests both hands on the table.,Playing Instrument,Stationary,"Low body/hand motion, indicating a rest or pause.",silver,5,r001
36f976f4-ba4e-4564-b970-82f8692b8c61,1049.4556609546637,#O The man X places his right hand on his right leg.,Playing Instrument,Stationary,Placing a hand on a leg indicates a preparatory or idle motion with low energy.,silver,5,r001
36f976f4-ba4e-4564-b970-82f8692b8c61,1252.2245079546633,#O man F drops card on the table.,Playing Instrument,Object Transfer,Refined via regex fallback,silver,5,r001
36f976f4-ba4e-4564-b970-82f8692b8c61,1593.7101509546633,#O man D shares card.,Playing Instrument,Stationary,The action describes a share or transfer which is likely a stationary interaction without significant body or hand motion.,silver,5,r001
36f976f4-ba4e-4564-b970-82f8692b8c61,1764.1869509546632,#O man A plays a card.,Playing Instrument,Stationary,"Playing a card is a low-energy, stationary action.",silver,5,r001
398ad750-86ea-4298-a97a-b6b689f1ad13,257.69707960000005,#C C looks at the phone on the table,Desk Work,Search,"Head movement (visual search), hands mostly still.",silver,5,r001
3d8f5230-0c22-4018-86b0-e6d851b74b11,591.6583669784222,#C C holds the gear lever,Mechanical Repair,Stationary,"Low body/hand motion, holding an object without movement.",silver,5,r001
3d8f5230-0c22-4018-86b0-e6d851b74b11,692.0249903117555,#C C picks the hand sanitizer,Mechanical Repair,Object Transfer,"Logistics/Setup step, picking up an object.",silver,5,r001
3dedfa92-4e30-47ed-9611-aa4f79a32a13,65.31817,#C C removes the bolt on the blue color scooter with his gloved left hand.,Mechanical Repair,Essential Operation,Removing a bolt is a core manual task involving high hand activity.,silver,5,r001
3dedfa92-4e30-47ed-9611-aa4f79a32a13,76.66028,#C C drops the bottle on the workshop table with his gloved left hand.,Mechanical Repair,Object Transfer,"[CtxFixed] The action of dropping the bottle onto the workshop table is a deliberate placement, which fits the criteria for 'Object Transfer'.",silver,5,r001
3dedfa92-4e30-47ed-9611-aa4f79a32a13,79.86906,#C C passes the screw driver from his gloved left hand to his gloved right hand.,Mechanical Repair,Object Transfer,"The action involves passing an object, which is a logistics step.",silver,5,r001
3dedfa92-4e30-47ed-9611-aa4f79a32a13,213.4415,#C C walks to the blue color scooter.,Mechanical Repair,Locomotion,Body moving through space (walking).,silver,5,r001
3dedfa92-4e30-47ed-9611-aa4f79a32a13,232.47417,#C C touches the scooter tube with both hands.,Mechanical Repair,Stationary,"Low body/hand motion, likely inspecting.",silver,5,r001
3dedfa92-4e30-47ed-9611-aa4f79a32a13,270.3164,#O A dog X walks inside the workshop.,Mechanical Repair,Locomotion,"Movement through space, indicative of walking.",silver,5,r001
3dedfa92-4e30-47ed-9611-aa4f79a32a13,398.61089,#C C loosens the bolts in the engine on the table with the screw driver in both gloved hands.,Mechanical Repair,Essential Operation,Core manual task involving high hand activity.,silver,5,r001
3dedfa92-4e30-47ed-9611-aa4f79a32a13,407.48586,#C C removes the bolt from the engine with his gloved right hand.,Mechanical Repair,Object Transfer,Logistics step involving the removal of an object.,silver,5,r001
3dedfa92-4e30-47ed-9611-aa4f79a32a13,408.09823,#C C drops the bolt inside the steel bowl on the table with his gloved right hand.,Mechanical Repair,Object Transfer,Refined via regex fallback,silver,5,r001
3dedfa92-4e30-47ed-9611-aa4f79a32a13,462.58981,#C C picks nails from the box in his gloved left hand.,Mechanical Repair,Object Transfer,"The action involves picking up items, which is a logistics step.",silver,5,r001
3dedfa92-4e30-47ed-9611-aa4f79a32a13,508.56945,#C C drops the loosened engine part inside the steel bowl with his gloved hand.,Mechanical Repair,Object Transfer,"[CtxFixed] The action involves moving the loosened engine part from the table to the steel bowl, which fits the definition of transferring an object from one location to another.",silver,5,r001
3dedfa92-4e30-47ed-9611-aa4f79a32a13,539.4392046666667,#C C picks the screw from the table with his gloved right hand.,Mechanical Repair,Object Transfer,"Logistics step, picking up an object.",silver,5,r001
3dedfa92-4e30-47ed-9611-aa4f79a32a13,586.2838366666667,#C C removes a cover from the workshop table clamp with both gloved hands.,Mechanical Repair,Object Transfer,Logistics step involving the removal of an object.,silver,5,r001
3dedfa92-4e30-47ed-9611-aa4f79a32a13,626.3808666666666,#C C drops the bolt in his gloved right hand to his gloved left hand.,Mechanical Repair,Object Transfer,"[CtxFixed] The action involves transferring the bolt from the right hand to the left hand, which is a deliberate movement of the object.",silver,5,r001
3dedfa92-4e30-47ed-9611-aa4f79a32a13,726.9070766666666,#C C picks the screw driver on the workshop table with his gloved right hand.,Mechanical Repair,Object Transfer,"The action involves picking up an object, which is a logistics step.",silver,5,r001
3dedfa92-4e30-47ed-9611-aa4f79a32a13,767.3018766666667,#C C picks a paper from the workshop table with his gloved right hand.,Mechanical Repair,Object Transfer,Logistics step involving picking up an object.,silver,5,r001
3dedfa92-4e30-47ed-9611-aa4f79a32a13,789.2416466666666,#C C cleans the lubricant with the paper in his gloved right hand.,Mechanical Repair,Essential Operation,"Core manual task involving cleaning, high hand activity.",silver,5,r001
3dedfa92-4e30-47ed-9611-aa4f79a32a13,858.5118566666667,#C C tightens the screw with the screwdriver in his gloved right hand.,Mechanical Repair,Essential Operation,Core manual task involving high hand activity.,silver,5,r001
3dedfa92-4e30-47ed-9611-aa4f79a32a13,888.3955766666667,#C C drops the plier on the table with his gloved right hand.,Mechanical Repair,Object Transfer,Refined via regex fallback,silver,5,r001
3dedfa92-4e30-47ed-9611-aa4f79a32a13,911.4967766666666,#C C places the screw in a hole with the screwdriver in his gloved right hand.,Mechanical Repair,Essential Operation,"Core manual task, high hand activity with the screwdriver.",silver,5,r001
3dedfa92-4e30-47ed-9611-aa4f79a32a13,922.4744966666668,#C C drops the carburetor on the table with his gloved right hand.,Mechanical Repair,Object Transfer,Refined via regex fallback,silver,5,r001
3dedfa92-4e30-47ed-9611-aa4f79a32a13,928.0992166666668,#C C picks the air blow gun of the air blower with his gloved right hand.,Mechanical Repair,Object Transfer,Logistics step of picking up the air blow gun.,silver,5,r001
3dedfa92-4e30-47ed-9611-aa4f79a32a13,930.9634366666668,#C C transfers the air blow gun from his gloved left hand to his gloved right hand.,Mechanical Repair,Object Transfer,"The action involves moving an object between hands, which is a logistics step.",silver,5,r001
3dedfa92-4e30-47ed-9611-aa4f79a32a13,941.5445766666668,#C C puts the screw in his mouth with his gloved left hand.,Mechanical Repair,Object Transfer,Logistics step involving picking up the screw.,silver,5,r001
3dedfa92-4e30-47ed-9611-aa4f79a32a13,975.8643166666668,#C C holds the screw with both gloved hands.,Mechanical Repair,Stationary,"Low body/hand motion, holding the screw.",silver,5,r001
3dedfa92-4e30-47ed-9611-aa4f79a32a13,1082.2707713333334,#C C drops the spanner on the table with his gloved right hand.,Mechanical Repair,Object Transfer,Refined via regex fallback,silver,5,r001
3dedfa92-4e30-47ed-9611-aa4f79a32a13,1138.6289033333333,#C C blows the pipe of the carburetor with the air blow gun on his gloved right hand.,Mechanical Repair,Essential Operation,Core manual task involving high hand activity.,silver,5,r001
3dedfa92-4e30-47ed-9611-aa4f79a32a13,1139.5180933333334,#C C places the air blow gun on the bench vice with his gloved right hand.,Mechanical Repair,Object Transfer,"Placing an object, which is a logistics step involving short bursts of hand acceleration.",silver,5,r001
4469a684-b4f9-4b50-a26f-2943f477a420,130.27109,#O man W talks on the walkway,Walking Outdoors,Locomotion,Body moving through space (walking).,silver,5,r001
4469a684-b4f9-4b50-a26f-2943f477a420,164.56492,#O man T talks on the walkway,Walking Outdoors,Stationary,"Low body/hand motion, despite being on a walkway, the focus is on talking.",silver,5,r001
4469a684-b4f9-4b50-a26f-2943f477a420,268.19096,#O man T moves on the walkway,Walking Outdoors,Locomotion,"Body moving through space, indicative of walking.",silver,5,r001
4469a684-b4f9-4b50-a26f-2943f477a420,412.12104,#O O holds the keys on the hand,Walking Outdoors,Stationary,Holding keys in hand indicates low body and hand motion.,silver,5,r001
4469a684-b4f9-4b50-a26f-2943f477a420,429.35509,#O man X cycles on the walkway,Walking Outdoors,Locomotion,Body moving through space via cycling.,silver,5,r001
4469a684-b4f9-4b50-a26f-2943f477a420,756.1587993333333,#O man A speaks with gestures,Walking Outdoors,Locomotion,"The action involves movement through space, even with gestures, which indicates locomotion.",silver,5,r001
4469a684-b4f9-4b50-a26f-2943f477a420,872.6076133333333,#C C looks at man B,Walking Outdoors,Search,"Head movement (visual search), hands mostly still.",silver,5,r001
4469a684-b4f9-4b50-a26f-2943f477a420,904.7823333333332,#O chef A serves rice on a plate,Walking Outdoors,Stationary,"The action describes a serving action which is likely to be a precise and controlled movement, not involving significant body motion.",silver,5,r001
4469a684-b4f9-4b50-a26f-2943f477a420,917.8603333333332,#O chef A walks,Walking Outdoors,Locomotion,"Body moving through space, indicative of walking.",silver,5,r001
4469a684-b4f9-4b50-a26f-2943f477a420,939.4373333333332,#O man E speaks with gestures,Walking Outdoors,Locomotion,"Body is in motion (walking), gestures are secondary.",silver,5,r001
4469a684-b4f9-4b50-a26f-2943f477a420,967.4209333333332,#O chef A serves rice,Walking Outdoors,Locomotion,"The action implies movement through space, likely walking to serve rice.",silver,5,r001
4469a684-b4f9-4b50-a26f-2943f477a420,1033.1633333333334,#O man F greets C,Walking Outdoors,Stationary,"Low body/hand motion, likely involves speaking or gesturing.",silver,5,r001
4469a684-b4f9-4b50-a26f-2943f477a420,1089.2209533333337,#O server Z walks,Walking Outdoors,Locomotion,"Body moving through space, indicative of walking.",silver,5,r001
4469a684-b4f9-4b50-a26f-2943f477a420,1097.3663333333334,#C C opens the salad container,Walking Outdoors,Object Transfer,Logistics step involving opening a container.,silver,5,r001
4469a684-b4f9-4b50-a26f-2943f477a420,1138.8453333333332,#C C looks at the coca cola can,Walking Outdoors,Search,"Head movement (visual search), hands mostly still.",silver,5,r001
4469a684-b4f9-4b50-a26f-2943f477a420,1239.2771433333332,#O man X interacts with C,Walking Outdoors,Locomotion,"The action implies movement through space, likely walking.",silver,5,r001
4469a684-b4f9-4b50-a26f-2943f477a420,1450.6646826666663,#O man A talks,Walking Outdoors,Stationary,"Low body/hand motion, likely standing still while talking.",silver,5,r001
4469a684-b4f9-4b50-a26f-2943f477a420,1608.8226826666669,#O man D speaks with gestures,Walking Outdoors,Locomotion,"Body moving through space with gestures, indicating movement.",silver,5,r001
4469a684-b4f9-4b50-a26f-2943f477a420,1630.7386826666666,#O man A picks the spoon,Walking Outdoors,Object Transfer,"The action involves picking up an object, which is a logistics step.",silver,5,r001
4469a684-b4f9-4b50-a26f-2943f477a420,1662.4396666666669,#O man A scratches head,Walking Outdoors,Stationary,"Low body/hand motion, focused action (scratching head).",silver,5,r001
4469a684-b4f9-4b50-a26f-2943f477a420,1686.996666666667,#O man A operates phone,Walking Outdoors,Stationary,Operating a phone typically involves minimal body movement and is generally a stationary activity.,silver,5,r001
4469a684-b4f9-4b50-a26f-2943f477a420,1826.4346666666663,#O man F eats,Walking Outdoors,Stationary,"The action describes a person eating, which is typically associated with low body and hand motion.",silver,5,r001
4469a684-b4f9-4b50-a26f-2943f477a420,1857.3936666666664,#O man B wipes face with a hand,Walking Outdoors,Stationary,The action involves a single hand movement while the person is likely standing or paused during locomotion.,silver,5,r001
4469a684-b4f9-4b50-a26f-2943f477a420,1912.1646666666663,#O man A touches phone,Walking Outdoors,Stationary,The action described is a static interaction with an object (touching the phone) rather than movement through space.,silver,5,r001
4469a684-b4f9-4b50-a26f-2943f477a420,2094.445186666667,#O man B removes face mask,Walking Outdoors,Locomotion,"The action is part of a walking scenario, indicating movement through space.",silver,5,r001
4469a684-b4f9-4b50-a26f-2943f477a420,2245.4210000000003,#O man A wipes his left hand fingers with right hand,Walking Outdoors,Stationary,The action described involves a minor hand movement and does not involve significant body motion or locomotion.,silver,5,r001
4469a684-b4f9-4b50-a26f-2943f477a420,2249.083,#O man B operates phone,Walking Outdoors,Stationary,"The action implies holding and operating a phone, which typically involves low body and hand motion.",silver,5,r001
4469a684-b4f9-4b50-a26f-2943f477a420,2371.5620000000004,#O man A eats salad,Walking Outdoors,Essential Operation,"The action involves eating, which is a core manual task with high hand activity.",silver,5,r001
4469a684-b4f9-4b50-a26f-2943f477a420,2405.577,#O man D looks at his phone,Walking Outdoors,Search,"Head movement (looking at phone), hands mostly still.",silver,5,r001
4469a684-b4f9-4b50-a26f-2943f477a420,2500.24244,#O man B speaks with gestures,Walking Outdoors,Locomotion,"Body moving through space (walking), gestures indicate active movement.",silver,5,r001
4469a684-b4f9-4b50-a26f-2943f477a420,2800.766,#O man B folds a leg,Walking Outdoors,Locomotion,"Body movement during walking, involves leg folding which is part of the walking gait.",silver,5,r001
4469a684-b4f9-4b50-a26f-2943f477a420,2854.8053493333337,#O man A picks teeth,Walking Outdoors,Stationary,The action of picking teeth is a stationary activity with minimal body movement.,silver,5,r001
4469a684-b4f9-4b50-a26f-2943f477a420,3044.887333333333,#C C speaks with gestures,Walking Outdoors,Locomotion,"Body moving through space (walking), gestures are secondary.",silver,5,r001
4469a684-b4f9-4b50-a26f-2943f477a420,3295.529933333333,#O Man D looks at Man F,Walking Outdoors,Search,"Head movement (visual search), hands mostly still.",silver,5,r001
4469a684-b4f9-4b50-a26f-2943f477a420,3314.897563333333,#O Man F gestures,Walking Outdoors,Locomotion,"The action implies movement through space, likely walking.",silver,5,r001
4469a684-b4f9-4b50-a26f-2943f477a420,3317.089883333333,#O Man A takes the can from the table,Walking Outdoors,Object Transfer,Logistics/Setup step (taking an object).,silver,5,r001
4469a684-b4f9-4b50-a26f-2943f477a420,3369.4106433333336,#O Man A sits back on the chair,Walking Outdoors,Stationary,"The action describes a person sitting back on a chair, indicating a stationary position with low body and hand motion.",silver,5,r001
4469a684-b4f9-4b50-a26f-2943f477a420,3510.8333733333334,#O Man A touches his face with the left hand,Walking Outdoors,Stationary,"The action involves a minor, localized movement (touching face) without significant body or hand acceleration.",silver,5,r001
4469a684-b4f9-4b50-a26f-2943f477a420,3524.391853333333,#O Man A moves his hand,Walking Outdoors,Stationary,The action describes a hand movement without indicating significant body motion or locomotion.,silver,5,r001
4469a684-b4f9-4b50-a26f-2943f477a420,3533.816083333333,#O Man D holds a bottle of water,Walking Outdoors,Stationary,"The action describes holding a bottle of water, which indicates a static posture with minimal movement.",silver,5,r001
4469a684-b4f9-4b50-a26f-2943f477a420,3589.8110326666665,#O Man B moves on his chair,Walking Outdoors,Stationary,"The action describes movement on a chair, which is low body motion.",silver,5,r001
4469a684-b4f9-4b50-a26f-2943f477a420,3604.2948926666654,#O Man B taps on his phone's screen,Walking Outdoors,Stationary,"The action involves tapping on a phone's screen, which is a low-energy activity with minimal body movement.",silver,5,r001
4469a684-b4f9-4b50-a26f-2943f477a420,3606.1909826666665,#O Man F gestures with the left hand,Walking Outdoors,Stationary,"The action describes a gesture with the hand while walking is not mentioned, indicating a pause or stationary moment.",silver,5,r001
4469a684-b4f9-4b50-a26f-2943f477a420,3751.288432666666,#O Man A puts the left hand on top of the right hand,Walking Outdoors,Stationary,The action described is a static gesture without significant body movement.,silver,5,r001
4469a684-b4f9-4b50-a26f-2943f477a420,3782.4486126666666,#O Man B stretches his t-shirt outwards,Walking Outdoors,Stationary,The action describes a static gesture (stretching a shirt) rather than movement through space.,silver,5,r001
4469a684-b4f9-4b50-a26f-2943f477a420,3789.6486426666665,#O Man A gestures,Walking Outdoors,Stationary,The action 'gestures' implies a stationary pose with minimal locomotion.,silver,5,r001
4469a684-b4f9-4b50-a26f-2943f477a420,3830.7853266666666,#O Man G moves his fingers on the table,Walking Outdoors,Stationary,"The action describes a hand movement on a table, which indicates low body motion and a stationary position.",silver,5,r001
4469a684-b4f9-4b50-a26f-2943f477a420,3925.767666666666,#O Man A lowers his hand,Walking Outdoors,Locomotion,"The action is part of a walking scenario, which implies continuous movement through space.",silver,5,r001
4469a684-b4f9-4b50-a26f-2943f477a420,3999.8959466666665,#O Man B scratches his head,Walking Outdoors,Stationary,The action involves a stationary activity (scratching head) rather than locomotion or other high-energy movements.,silver,5,r001
4469a684-b4f9-4b50-a26f-2943f477a420,4007.8871966666666,#O Man B touches his neck,Walking Outdoors,Stationary,"The action describes a specific body part interaction, indicating a low-energy, stationary activity.",silver,5,r001
4469a684-b4f9-4b50-a26f-2943f477a420,4126.206116666666,#O Man A gestures with the left hand,Walking Outdoors,Stationary,Gesturing with one hand while walking is less likely; more consistent with a stationary pose or talking.,silver,5,r001
4469a684-b4f9-4b50-a26f-2943f477a420,4129.8303866666665,#O Man F raises the right hand,Walking Outdoors,Locomotion,"The action is occurring while the person is walking, which is a form of locomotion.",silver,5,r001
4469a684-b4f9-4b50-a26f-2943f477a420,4159.173316666666,#O Man F raises both hands,Walking Outdoors,Locomotion,"The action is likely occurring during movement, but the primary focus is on the body moving through space.",silver,5,r001
4469a684-b4f9-4b50-a26f-2943f477a420,4183.230376666666,#O Man F rests his elbow on the table,Walking Outdoors,Stationary,The action describes a resting position with minimal movement.,silver,5,r001
4469a684-b4f9-4b50-a26f-2943f477a420,4247.152406,#O Man F gestures with the right hand,Walking Outdoors,Stationary,"Low body/hand motion, focused on hand gesture.",silver,5,r001
4469a684-b4f9-4b50-a26f-2943f477a420,4310.492216000001,#O Man B gestures with the right hand,Walking Outdoors,Stationary,"The action describes a gesture with the right hand, indicating a low level of body movement.",silver,5,r001
4469a684-b4f9-4b50-a26f-2943f477a420,4364.67137,#O Man B swipes on his phone's screen,Walking Outdoors,Stationary,"The action involves a hand movement on a phone's screen while walking, but the primary focus is on the interaction with the phone, which is a low-energy activity.",silver,5,r001
4469a684-b4f9-4b50-a26f-2943f477a420,4376.88042,#O Man A scoops the cinnamon roll,Walking Outdoors,Essential Operation,"The action involves a core manual task, scooping, which involves high hand activity.",silver,5,r001
4469a684-b4f9-4b50-a26f-2943f477a420,4554.0145600000005,#O Man A looks at his phone,Walking Outdoors,Search,"Head movement (looking at phone), hands mostly still.",silver,5,r001
4469a684-b4f9-4b50-a26f-2943f477a420,4580.029930000001,#O Man D switches the phone off,Walking Outdoors,Stationary,"The action involves a change in phone status, which is a low-energy activity.",silver,5,r001
4469a684-b4f9-4b50-a26f-2943f477a420,4732.33665,#C C moves the right hand,Walking Outdoors,Locomotion,"The action is likely part of walking, which involves movement through space.",silver,5,r001
4469a684-b4f9-4b50-a26f-2943f477a420,4775.32577,#O Man F touches his face,Walking Outdoors,Stationary,The action involves a static gesture (touching face) rather than movement through space.,silver,5,r001
4469a684-b4f9-4b50-a26f-2943f477a420,4784.662160000001,#C C gestures with the right hand,Walking Outdoors,Stationary,The action involves a hand gesture while the body remains relatively still.,silver,5,r001
4469a684-b4f9-4b50-a26f-2943f477a420,4812.8686800000005,#O Man G puts the phone on the table,Walking Outdoors,Object Transfer,"The action involves placing an object (phone) on a surface (table), which is a logistics step.",silver,5,r001
4469a684-b4f9-4b50-a26f-2943f477a420,4896.1383000000005,#O Man F hits the left hand with the right hand,Walking Outdoors,Essential Operation,"Core manual task involving hand movement, likely for balance or signaling.",silver,5,r001
4469a684-b4f9-4b50-a26f-2943f477a420,4958.316509333334,#O Man B gestures his right hand,Walking Outdoors,Stationary,"The action describes a hand gesture without significant movement, indicating a low energy state.",silver,5,r001
4469a684-b4f9-4b50-a26f-2943f477a420,4999.234449333334,#O Man D points at the phone's screen,Walking Outdoors,Search,Head and hand movement focused on visual interaction with the phone.,silver,5,r001
4469a684-b4f9-4b50-a26f-2943f477a420,5028.597869333334,#O Man F touches his head,Walking Outdoors,Stationary,"The action involves touching the head, which is a low-energy, stationary activity.",silver,5,r001
4469a684-b4f9-4b50-a26f-2943f477a420,5050.549939333334,#O Man G points at the phone's screen,Walking Outdoors,Search,"Head movement (visual search), hands mostly still.",silver,5,r001
4469a684-b4f9-4b50-a26f-2943f477a420,5252.341723333334,#O Man B puts the paper on the table,Walking Outdoors,Stationary,"The action involves placing an item on a table, which is a brief interaction rather than continuous motion.",silver,5,r001
4469a684-b4f9-4b50-a26f-2943f477a420,5275.944083333334,#O Man B touches his hair,Walking Outdoors,Stationary,The action described involves a minor gesture (touching hair) rather than movement through space.,silver,5,r001
4469a684-b4f9-4b50-a26f-2943f477a420,5288.5816933333335,#O Man F talks,Walking Outdoors,Stationary,"Low body/hand motion, indicative of talking or idle state.",silver,5,r001
4469a684-b4f9-4b50-a26f-2943f477a420,5326.870063333334,#O Man D gestures with the left hand,Walking Outdoors,Stationary,Gesturing with the hand while walking is not a core locomotion activity but rather a stationary action with minimal body movement.,silver,5,r001
4469a684-b4f9-4b50-a26f-2943f477a420,5335.3460233333335,#O Man B points at C,Walking Outdoors,Stationary,Pointing action involves minimal body movement.,silver,5,r001
4469a684-b4f9-4b50-a26f-2943f477a420,5348.173763333333,#O Man B rubs his nose,Walking Outdoors,Stationary,"Low body/hand motion, rubbing nose is a minor action.",silver,5,r001
453dc4a1-57b2-4803-9156-cf30016c3a79,523.48792,#C C waves his hand,Walking Outdoors,Stationary,"Low body/hand motion, likely a brief, isolated action.",silver,5,r001
453dc4a1-57b2-4803-9156-cf30016c3a79,721.3020393333333,#C C unfolds the towel,Walking Outdoors,Object Transfer,"The action involves picking up and unfolding an object, which is a logistics step.",silver,5,r001
453dc4a1-57b2-4803-9156-cf30016c3a79,788.8283993333333,#O man Y points C,Walking Outdoors,Stationary,"The action involves pointing, which is a stationary activity with minimal body movement.",silver,5,r001
453dc4a1-57b2-4803-9156-cf30016c3a79,880.6988833333334,#C C operates the treadmill,Walking Outdoors,Locomotion,Body moving through space (operating a treadmill involves walking in place).,silver,5,r001
453dc4a1-57b2-4803-9156-cf30016c3a79,2128.458246,#O man Y takes a photograph,Walking Outdoors,Search,"Head movement (aiming camera), hands mostly still.",silver,5,r001
453dc4a1-57b2-4803-9156-cf30016c3a79,3019.7038233333333,#O O stands in the gym,Walking Outdoors,Stationary,"Low body/hand motion, indicates a pause or waiting.",silver,5,r001
453dc4a1-57b2-4803-9156-cf30016c3a79,3389.689953333333,#C C moves in the gym,Walking Outdoors,Locomotion,"Body moving through space, indicative of walking or moving in a gym setting.",silver,5,r001
453dc4a1-57b2-4803-9156-cf30016c3a79,3454.6368933333333,#C C looks around the gym,Walking Outdoors,Search,"Head movement (visual search), hands mostly still.",silver,5,r001
453dc4a1-57b2-4803-9156-cf30016c3a79,3585.4099226666667,#O O wipes the weight rack,Walking Outdoors,Stationary,"The action involves cleaning a stationary object, indicating low body and hand motion.",silver,5,r001
453dc4a1-57b2-4803-9156-cf30016c3a79,3590.6982426666664,#O O walks in the gym,Walking Outdoors,Locomotion,"Body moving through space, indicative of walking.",silver,5,r001
453dc4a1-57b2-4803-9156-cf30016c3a79,3938.6282166666665,#O O communicates on the walkway,Walking Outdoors,Locomotion,"Movement through space, indicative of walking.",silver,5,r001
46f5a400-654f-4aa3-8185-da5ea97bc1a6,53.4095,#C C cuts flower,Gardening,Essential Operation,"Core task, high hand activity.",silver,5,r001
46f5a400-654f-4aa3-8185-da5ea97bc1a6,74.22783,#C C trims flower,Gardening,Essential Operation,Core task involving manual operation with high hand activity.,silver,5,r001
46f5a400-654f-4aa3-8185-da5ea97bc1a6,98.02559,#C C holds flowers,Gardening,Stationary,"Low body/hand motion, holding position.",silver,5,r001
48d07017-2af5-41c3-83a7-814721012f94,23.9663496,#c c touch the face,Cooking,Stationary,"Low body/hand motion, likely idle or paused action.",silver,5,r001
48d07017-2af5-41c3-83a7-814721012f94,53.3321596,#c c fold the dirt with the hand,Cooking,Essential Operation,"Core task involving hands, likely high hand activity.",silver,5,r001
48d07017-2af5-41c3-83a7-814721012f94,96.8066496,#c c pick chickpeas from the shelf,Cooking,Object Transfer,Logistics step involving picking up an object.,silver,5,r001
48d07017-2af5-41c3-83a7-814721012f94,127.6463196,#c c pour chickpeas in the tin,Cooking,Essential Operation,"Core task involving manual pouring, high hand activity.",silver,5,r001
48d07017-2af5-41c3-83a7-814721012f94,167.1106796,#c c wash chickpeas,Cooking,Essential Operation,Core task involving high hand activity.,silver,5,r001
48d07017-2af5-41c3-83a7-814721012f94,243.7195396,#c c pick Quaker,Cooking,Object Transfer,"The action involves picking up an object, which is a logistics step.",silver,5,r001
48d07017-2af5-41c3-83a7-814721012f94,288.7911409546634,#c c stir the oat with the spoon,Cooking,Essential Operation,Core task involving high hand activity.,silver,5,r001
48d07017-2af5-41c3-83a7-814721012f94,353.5719909546634,#c c hold the cup,Cooking,Stationary,"Low body/hand motion, holding an object without movement.",silver,5,r001
48d07017-2af5-41c3-83a7-814721012f94,709.4216186,#c c remove the sandal,Cooking,Object Transfer,Logistics/Setup step (removing an item).,silver,5,r001
48d07017-2af5-41c3-83a7-814721012f94,775.3465986,#c c wash the leaves,Cooking,Essential Operation,"Core task, high hand activity.",silver,5,r001
48d07017-2af5-41c3-83a7-814721012f94,776.2428286,#c c pour water in the sink,Cooking,Object Transfer,Logistics step involving the transfer of water into the sink.,silver,5,r001
48d07017-2af5-41c3-83a7-814721012f94,814.3922186,#c c pick the bowl,Cooking,Object Transfer,Logistics step involving picking up an object.,silver,5,r001
48d07017-2af5-41c3-83a7-814721012f94,819.6996986,#c c close the drawer,Cooking,Object Transfer,Logistics step involving the interaction with a drawer.,silver,5,r001
48d07017-2af5-41c3-83a7-814721012f94,821.9434586,#c c put the bowl lid on the table,Cooking,Object Transfer,Logistics step involving placing an object.,silver,5,r001
48d07017-2af5-41c3-83a7-814721012f94,832.6465686,#c c push the bowl,Cooking,Object Transfer,Logistics/movement of the bowl.,silver,5,r001
48d07017-2af5-41c3-83a7-814721012f94,832.9484486,#c c raise the hand,Cooking,Stationary,"Low body/hand motion, raising hand is a minor movement.",silver,5,r001
48d07017-2af5-41c3-83a7-814721012f94,902.1491286,#c c pick the leaves in the bowl,Cooking,Essential Operation,Core task involving manual dexterity and manipulation.,silver,5,r001
48d07017-2af5-41c3-83a7-814721012f94,906.4367886,#c c wipe the leaves,Cooking,Essential Operation,Core task involving high hand activity.,silver,5,r001
48d07017-2af5-41c3-83a7-814721012f94,994.8186986,#c c press the leaves,Cooking,Essential Operation,"Core task involving manipulation, likely with hands.",silver,5,r001
48d07017-2af5-41c3-83a7-814721012f94,1089.1615286,#c c wipe the leaves with the paper towel,Cooking,Essential Operation,Core task involving manual activity with hands.,silver,5,r001
48d07017-2af5-41c3-83a7-814721012f94,1148.7296209546632,#c c wipe the leaves with the serviette,Cooking,Essential Operation,Core task involving high hand activity.,silver,5,r001
48d07017-2af5-41c3-83a7-814721012f94,1229.5782609546632,#c c put the serviette in the bowl,Cooking,Object Transfer,Logistics step involving picking up and placing an object.,silver,5,r001
48d07017-2af5-41c3-83a7-814721012f94,1238.6504009546634,#c c pick the dirt,Cooking,Object Transfer,Logistics step involving picking up an object.,silver,5,r001
48d07017-2af5-41c3-83a7-814721012f94,1359.6441009546634,#c c shake the leaves,Cooking,Essential Operation,"Core task involving hands, likely with irregular motion.",silver,5,r001
48d07017-2af5-41c3-83a7-814721012f94,1408.1357309546634,#c c pic the bowl lid,Cooking,Object Transfer,"Logistics step, picking up an object.",silver,5,r001
48d07017-2af5-41c3-83a7-814721012f94,1499.0127109546634,#c c move the pan,Cooking,Object Transfer,"Moving an object (pan), short burst of hand acceleration.",silver,5,r001
48d07017-2af5-41c3-83a7-814721012f94,1581.1391309546634,#c c arrange the grass in the rack,Cooking,Stationary,"The action involves arranging items, which likely involves minimal movement and mostly stationary hand actions.",silver,5,r001
48d07017-2af5-41c3-83a7-814721012f94,1620.4253009546633,#c c put #unsure in the rack door,Cooking,Object Transfer,"Logistics step, putting an item in a specific location.",silver,5,r001
48d07017-2af5-41c3-83a7-814721012f94,1645.124240954663,#c c push the rack in the drawer,Cooking,Object Transfer,Logistics step involving moving an object (rack) into a drawer.,silver,5,r001
48d07017-2af5-41c3-83a7-814721012f94,1682.016000954663,#c c put the chopping board in the sink,Cooking,Object Transfer,Logistics step involving moving an object (chopping board) to a location (sink).,silver,5,r001
48d07017-2af5-41c3-83a7-814721012f94,1923.0354909546631,#c c put the sheet on the table,Cooking,Object Transfer,"Logistics step, moving an object to a location.",silver,5,r001
48d07017-2af5-41c3-83a7-814721012f94,2051.834580954663,#c c push the mattress in the bed,Cooking,Locomotion,"Body movement to push the mattress, involves high body acceleration.",silver,5,r001
48d07017-2af5-41c3-83a7-814721012f94,2242.512030954664,#c c close the door,Cooking,Object Transfer,"Closing an object (the door), involves a specific action with the hand.",silver,5,r001
49888696-0791-4b97-8e11-9b712d73b03e,17.1369086,#C C dials laptop,Desk Work,Essential Operation,Core manual task involving hand activity.,silver,5,r001
49d911e6-b9c7-4709-ace1-f3ee7c05d5fa,150.55003,#C C holds the next wire,Carpentry,Stationary,"Low body/hand motion, holding an object without movement.",silver,5,r001
4ee4d53c-82d6-4900-b3e9-91ddf911bc5f,544.7683286000001,#C C stares at the screen.,Desk Work,Stationary,"Low body/hand motion, focused attention.",silver,5,r001
4ee4d53c-82d6-4900-b3e9-91ddf911bc5f,759.0361386000001,#C C looks on the monitor,Desk Work,Search,"Visual search on the monitor, likely involves head movement.",silver,5,r001
4ee4d53c-82d6-4900-b3e9-91ddf911bc5f,824.5924286000001,#c c look around,Desk Work,Search,"Head movement (looking around), passive hands.",silver,5,r001
4ee4d53c-82d6-4900-b3e9-91ddf911bc5f,1929.9020852666663,#C c looks at the desktop on his right,Desk Work,Search,"Head movement (visual search), hands mostly still.",silver,5,r001
4f71337b-ddf2-4458-8eff-078521dc169b,36.150369600000005,#C C clicks on the computer mouse with his right hand.,Playing Instrument,Essential Operation,Core manual task involving high hand activity.,silver,5,r001
4f71337b-ddf2-4458-8eff-078521dc169b,370.6324709546634,#C C plays the computer game with the computer mouse in his right hand.,Playing Instrument,Essential Operation,Core manual task involving high hand activity.,silver,5,r001
4f71337b-ddf2-4458-8eff-078521dc169b,1811.3692509546631,#C C scratches his right hand with his left hand.,Playing Instrument,Stationary,"[CtxFixed] The action of scratching one's hand does not involve movement to a new location, transfer of objects, or searching for something. It is a stationary action performed to relieve an itch or discomfort.",silver,5,r001
4f71337b-ddf2-4458-8eff-078521dc169b,2509.9321009546634,#C C presses the keys on a computer keyboard with his left hand.,Playing Instrument,Essential Operation,Core task involving high hand activity.,silver,5,r001
4f71337b-ddf2-4458-8eff-078521dc169b,3233.465980954664,#C C moves his right hand to his face. #unsure,Playing Instrument,Stationary,"The action described is a movement that does not involve continuous motion or high activity, suggesting a preparatory or paused state.",silver,5,r001
4f71337b-ddf2-4458-8eff-078521dc169b,3806.786430954664,#C C lifts his left hand towards his face. #unsure,Playing Instrument,Stationary,"The action described involves a single hand movement towards the face, which does not indicate significant body motion or sustained activity that would classify it under other categories.",silver,5,r001
4f71337b-ddf2-4458-8eff-078521dc169b,3809.827520954664,#C C moves a mouse connected to a desktop computer in a white table with his right hand.,Playing Instrument,Stationary,"Low body/hand motion, high likelihood of minimal movement.",silver,5,r001
4f71337b-ddf2-4458-8eff-078521dc169b,4067.068130954664,#C C moves a mouse connected to a desktop system on a white table with his right hand.,Playing Instrument,Essential Operation,"Core task involving high hand activity, likely related to computer interaction.",silver,5,r001
52778079-3106-4b2c-a694-e4961e5721bd,6.52832,#C C picks up a bag of #unsure,Carpentry,Object Transfer,Logistics step involving picking up an object.,silver,5,r001
52778079-3106-4b2c-a694-e4961e5721bd,15.09115,#C C removes a #unsure from the bag,Carpentry,Object Transfer,Logistics step involving picking up an object.,silver,5,r001
52778079-3106-4b2c-a694-e4961e5721bd,45.33202,#C C rolls the #unsure on the fence,Carpentry,Locomotion,"Body movement through space, likely involves rolling or moving an object.",silver,5,r001
52778079-3106-4b2c-a694-e4961e5721bd,76.44497,#C C sticks the wire on the wall,Carpentry,Stationary,"The action of sticking wire on the wall is likely a precise, stationary task with minimal body movement.",silver,5,r001
584f625d-15b0-49e8-bfa6-718b9cf010e0,422.23128095466336,#O a child B walks around the house,Walking Outdoors,Locomotion,"The action involves movement through space, which corresponds to walking.",silver,5,r001
584f625d-15b0-49e8-bfa6-718b9cf010e0,823.3110742879967,#C C puts the clothe on a surface,Walking Outdoors,Stationary,"The action involves placing an object on a surface, which is a low-energy activity.",silver,5,r001
584f625d-15b0-49e8-bfa6-718b9cf010e0,842.1939442879968,#C C holds the child B,Walking Outdoors,Stationary,"Holding a child involves low body and hand motion, indicating a stationary or paused action.",silver,5,r001
584f625d-15b0-49e8-bfa6-718b9cf010e0,1118.0712719791666,#C C aligns the yarn,Walking Outdoors,Stationary,"The action described does not indicate movement or high activity, suggesting a low-energy, possibly stationary state.",silver,5,r001
584f625d-15b0-49e8-bfa6-718b9cf010e0,1176.3835719791666,#C C holds the crochet hook with the right hand,Walking Outdoors,Essential Operation,Core manual task involving high hand activity.,silver,5,r001
584f625d-15b0-49e8-bfa6-718b9cf010e0,1312.4368419791667,#C C holds the crochet hook with the left hand,Walking Outdoors,Essential Operation,Core manual task involving high hand activity.,silver,5,r001
584f625d-15b0-49e8-bfa6-718b9cf010e0,1334.143181979167,#C C interchanges the crochet hook,Walking Outdoors,Essential Operation,Core manual task involving high hand activity.,silver,5,r001
584f625d-15b0-49e8-bfa6-718b9cf010e0,1448.01002762133,#C C puts the scissors on the table,Walking Outdoors,Object Transfer,"Logistics step, placing an object down.",silver,5,r001
584f625d-15b0-49e8-bfa6-718b9cf010e0,1575.5340376213298,#C C drains water from the socks,Walking Outdoors,Stationary,The action involves a manual task that does not involve movement through space.,silver,5,r001
584f625d-15b0-49e8-bfa6-718b9cf010e0,1625.846308954663,#C C puts the socks on a basin,Walking Outdoors,Stationary,The action involves a static activity (putting socks on a basin) with minimal body movement.,silver,5,r001
584f625d-15b0-49e8-bfa6-718b9cf010e0,1639.2416809546633,#C C mixes the detergent with water,Walking Outdoors,Essential Operation,"Core manual task involving mixing, high hand activity.",silver,5,r001
584f625d-15b0-49e8-bfa6-718b9cf010e0,1673.1394709546632,#C C picks a package of tissue papers,Walking Outdoors,Object Transfer,Logistics step of picking up an object.,silver,5,r001
584f625d-15b0-49e8-bfa6-718b9cf010e0,1694.2061009546633,#C C puts the package on a shelf,Walking Outdoors,Object Transfer,Logistics step involving placing an object.,silver,5,r001
584f625d-15b0-49e8-bfa6-718b9cf010e0,1726.8685109546634,#C C puts the tissue papers on a surface,Walking Outdoors,Object Transfer,"Action involves placing an object, indicative of logistics and setup.",silver,5,r001
584f625d-15b0-49e8-bfa6-718b9cf010e0,1792.0463809546634,#C C puts the teddy bear on a chair,Walking Outdoors,Object Transfer,Logistics step involving placing an object (teddy bear) on a surface (chair).,silver,5,r001
584f625d-15b0-49e8-bfa6-718b9cf010e0,1811.3300909546635,#C C picks a thread,Walking Outdoors,Essential Operation,"Core manual task (picking a thread), high hand activity.",silver,5,r001
59867cc2-3e1f-4dea-b4d7-dbaf55982e72,7.3380286,#C C moves the bottles away from the cooker,Cooking,Object Transfer,Logistics step involving moving objects.,silver,5,r001
59867cc2-3e1f-4dea-b4d7-dbaf55982e72,20.3509686,#C C stares at the baking tray,Cooking,Stationary,"Low body/hand motion, focused gaze.",silver,5,r001
59867cc2-3e1f-4dea-b4d7-dbaf55982e72,53.3530286,#C C fetches the paste with the spoon,Cooking,Object Transfer,Logistics step involving picking up and transferring the spoon.,silver,5,r001
59867cc2-3e1f-4dea-b4d7-dbaf55982e72,65.92131859999999,#C C picks up the package,Cooking,Object Transfer,Logistics step involving picking up an object.,silver,5,r001
59867cc2-3e1f-4dea-b4d7-dbaf55982e72,89.4500286,#C C walks towards the trash can,Cooking,Locomotion,Body moving through space (walking).,silver,5,r001
59867cc2-3e1f-4dea-b4d7-dbaf55982e72,91.8788886,#C C throws the can in the trash can,Cooking,Object Transfer,"[CtxFixed] The action of throwing the can into the trash can is a deliberate placement of the can into the trash can, which fits the definition of an Object Transfer.",silver,5,r001
59867cc2-3e1f-4dea-b4d7-dbaf55982e72,114.1960286,#C C picks up the carrot,Cooking,Object Transfer,"Logistics step, picking up an object.",silver,5,r001
59867cc2-3e1f-4dea-b4d7-dbaf55982e72,114.9835586,#C C scrapes the paste off the spoon with the carrot,Cooking,Essential Operation,Core task involving high hand activity.,silver,5,r001
59867cc2-3e1f-4dea-b4d7-dbaf55982e72,233.7515786,#C C picks up the onion,Cooking,Object Transfer,"Logistics/Setup step, picking up an object.",silver,5,r001
59867cc2-3e1f-4dea-b4d7-dbaf55982e72,255.8572486,#C C spreads spices on the onion,Cooking,Essential Operation,Core task involving fine motor skills and high hand activity.,silver,5,r001
59867cc2-3e1f-4dea-b4d7-dbaf55982e72,268.6856786,#C C places the piece on the baking tray,Cooking,Object Transfer,Logistics step involving placing an object.,silver,5,r001
59867cc2-3e1f-4dea-b4d7-dbaf55982e72,268.9997386,#C C moves up the onion piece,Cooking,Essential Operation,Core task involving high hand activity.,silver,5,r001
59867cc2-3e1f-4dea-b4d7-dbaf55982e72,293.9177098207032,#C C picks a soap from the soap dish,Cooking,Object Transfer,Logistics step involving picking up an object.,silver,5,r001
59867cc2-3e1f-4dea-b4d7-dbaf55982e72,318.04587982070314,#C C wipes the tray with finger,Cooking,Essential Operation,Core task involving manual effort with high hand activity.,silver,5,r001
59867cc2-3e1f-4dea-b4d7-dbaf55982e72,342.8390698207032,#C C closes the storage container with lid,Cooking,Essential Operation,Closing a storage container involves a core manual task with significant hand activity.,silver,5,r001
59867cc2-3e1f-4dea-b4d7-dbaf55982e72,346.5215498207032,#C C picks a storage container from the table,Cooking,Object Transfer,Logistics/Setup step involving picking up an object.,silver,5,r001
59867cc2-3e1f-4dea-b4d7-dbaf55982e72,429.8007198207032,#C C washes the cooking pot with the cleaning sponge,Cooking,Essential Operation,Core task involving high hand activity.,silver,5,r001
59867cc2-3e1f-4dea-b4d7-dbaf55982e72,508.7205398207032,#C C picks a polythene pack from the table,Cooking,Object Transfer,Logistics step involving picking up an object.,silver,5,r001
59867cc2-3e1f-4dea-b4d7-dbaf55982e72,510.0042498207032,#C C moves a disposable cup on the table,Cooking,Object Transfer,Logistics/Setup step involving moving an object.,silver,5,r001
59867cc2-3e1f-4dea-b4d7-dbaf55982e72,524.8299698207031,#C C closes the storage cabinet,Cooking,Object Transfer,Logistics/Setup step involving closing an object.,silver,5,r001
59867cc2-3e1f-4dea-b4d7-dbaf55982e72,607.4330145734143,#O a woman X walks towards C,Cooking,Locomotion,Body moving through space (walking action).,silver,5,r001
59867cc2-3e1f-4dea-b4d7-dbaf55982e72,650.8850145734143,#C C places the dish on the chopping board,Cooking,Object Transfer,"Logistics step, moving the dish to the chopping board.",silver,5,r001
59867cc2-3e1f-4dea-b4d7-dbaf55982e72,694.5234345734143,#C C talks to a woman X,Cooking,Stationary,Low body/hand motion during conversation.,silver,5,r001
59867cc2-3e1f-4dea-b4d7-dbaf55982e72,702.2379645734143,#O a woman X talks to C,Cooking,Stationary,"Low body/hand motion, likely involves speaking.",silver,5,r001
59867cc2-3e1f-4dea-b4d7-dbaf55982e72,803.357681240081,#C C unloads the items in the cabinet,Cooking,Object Transfer,Logistics step involving picking up and putting down objects.,silver,5,r001
59867cc2-3e1f-4dea-b4d7-dbaf55982e72,825.1906942803387,#C C searches in the cabinet.,Cooking,Search,"Head movement (visual search), hands mostly still.",silver,5,r001
59867cc2-3e1f-4dea-b4d7-dbaf55982e72,864.4992342803387,#C C picks a garlic on the kitchen counter.,Cooking,Object Transfer,Logistics step involving picking up an object.,silver,5,r001
59867cc2-3e1f-4dea-b4d7-dbaf55982e72,957.8242942803386,#C C puts the olive oil bottle and the bottle lid on the kitchen counter.,Cooking,Object Transfer,Logistics step involving placing objects on a surface.,silver,5,r001
59867cc2-3e1f-4dea-b4d7-dbaf55982e72,1013.6041442803388,#C C drops a garlic skin covers on the kitchen counter.,Cooking,Object Transfer,"[CtxFixed] The action of dropping the garlic skin covers onto the kitchen counter indicates a deliberate placement of the object, which fits the criteria for 'Object Transfer'.",silver,5,r001
59867cc2-3e1f-4dea-b4d7-dbaf55982e72,1060.5346842803388,#C C drops an onion skin cover piece on the kitchen counter.,Cooking,Object Transfer,"[CtxFixed] The action of dropping an onion skin cover piece onto the kitchen counter can be interpreted as a deliberate placement, which fits the 'Object Transfer' category.",silver,5,r001
59867cc2-3e1f-4dea-b4d7-dbaf55982e72,1091.404826252995,#C C turns the onion,Cooking,Essential Operation,"Core task involving manipulation, high hand activity.",silver,5,r001
59867cc2-3e1f-4dea-b4d7-dbaf55982e72,1151.6991962529949,#C C picks onions from the chopping board,Cooking,Object Transfer,Logistics step involving picking up objects.,silver,5,r001
59867cc2-3e1f-4dea-b4d7-dbaf55982e72,1209.5376262529949,#C C puts onion peel on the table,Cooking,Object Transfer,Logistics step involving moving an object.,silver,5,r001
59867cc2-3e1f-4dea-b4d7-dbaf55982e72,1377.3463619791669,#C C moves a carrot on the chopping board,Cooking,Essential Operation,"Core task involving manipulation of an object, high hand activity.",silver,5,r001
59867cc2-3e1f-4dea-b4d7-dbaf55982e72,1390.3688919791666,#C C throws the carrot in the tray,Cooking,Essential Operation,Core task involving active hand movement.,silver,5,r001
59867cc2-3e1f-4dea-b4d7-dbaf55982e72,1440.1902419791666,#C C peels the garlic skin with the hands,Cooking,Essential Operation,"Core task involving manual manipulation, high hand activity.",silver,5,r001
59867cc2-3e1f-4dea-b4d7-dbaf55982e72,1467.3566919791665,#C C moves the content in the tray,Cooking,Essential Operation,Core task involving active hand movement.,silver,5,r001
59867cc2-3e1f-4dea-b4d7-dbaf55982e72,1485.0043619791666,#C C puts the cooking stick in the cooking pot,Cooking,Object Transfer,Logistics step of placing an object into another.,silver,5,r001
59867cc2-3e1f-4dea-b4d7-dbaf55982e72,1528.4017319791667,#C C puts the food in the aluminum foil,Cooking,Object Transfer,Logistics step involving picking up and placing the food in foil.,silver,5,r001
59867cc2-3e1f-4dea-b4d7-dbaf55982e72,1591.3205219791666,#C C shapes the food in the hand,Cooking,Essential Operation,Core manual task involving high hand activity.,silver,5,r001
59867cc2-3e1f-4dea-b4d7-dbaf55982e72,1618.9631819791666,#C C scoops food with the hands,Cooking,Object Transfer,"The action involves picking up and transferring food, which is a logistics step.",silver,5,r001
59867cc2-3e1f-4dea-b4d7-dbaf55982e72,1682.1795338115885,#C C places the cereal pieces together,Cooking,Stationary,"Low body/hand motion, likely involves holding the cereal pieces in place.",silver,5,r001
59867cc2-3e1f-4dea-b4d7-dbaf55982e72,1702.5355038115886,#C C cuts the cereal piece in half,Cooking,Essential Operation,"Core task, high hand activity.",silver,5,r001
59867cc2-3e1f-4dea-b4d7-dbaf55982e72,1762.9855838115886,#C C shapes the cereal piece,Cooking,Essential Operation,Core task involving hands in a precise manual operation.,silver,5,r001
59867cc2-3e1f-4dea-b4d7-dbaf55982e72,1856.3542438115885,#C C separates the cereal pieces,Cooking,Essential Operation,Core task involving fine hand movements.,silver,5,r001
59867cc2-3e1f-4dea-b4d7-dbaf55982e72,1895.8430938115885,#C C picks up the cereal piece,Cooking,Object Transfer,Logistics step involving picking up an object.,silver,5,r001
59867cc2-3e1f-4dea-b4d7-dbaf55982e72,1899.9577038115883,#C C drops the piece on the foil,Cooking,Object Transfer,"[CtxFixed] The action of dropping the piece on the foil appears to be a deliberate placement, consistent with the previous action of placing the piece on the foil.",silver,5,r001
59867cc2-3e1f-4dea-b4d7-dbaf55982e72,1915.2155819791667,#C C touches the moulded crisp rice mixture,Cooking,Essential Operation,Core task involving manual interaction with the food item.,silver,5,r001
59867cc2-3e1f-4dea-b4d7-dbaf55982e72,1964.8211219791665,#C C removes the crisp rice mixture on the wooden cooking stick with the hand,Cooking,Essential Operation,Core task involving manipulation with the hand.,silver,5,r001
59867cc2-3e1f-4dea-b4d7-dbaf55982e72,1967.8932519791665,#C C places the wooden cooking stick in the cooking pot,Cooking,Object Transfer,Logistics step involving the placement of an object.,silver,5,r001
59867cc2-3e1f-4dea-b4d7-dbaf55982e72,1968.3805419791663,#C C moulds the crisp rice mixture,Cooking,Essential Operation,Core manual task involving high hand activity.,silver,5,r001
59867cc2-3e1f-4dea-b4d7-dbaf55982e72,1972.0602019791663,#C C places the moulded crisp rice mixture on the paper,Cooking,Object Transfer,Logistics step involving placing an object.,silver,5,r001
59867cc2-3e1f-4dea-b4d7-dbaf55982e72,2008.827801979167,#C C removes some crisp rice mixture with the wooden cooking stick,Cooking,Object Transfer,Logistics action involving picking up or moving an object.,silver,5,r001
59867cc2-3e1f-4dea-b4d7-dbaf55982e72,2223.3560219791666,#C C walks across,Cooking,Locomotion,Body moving through space (walking).,silver,5,r001
59867cc2-3e1f-4dea-b4d7-dbaf55982e72,2254.6546219791667,#C C opens package,Cooking,Object Transfer,Logistics step involving opening a package.,silver,5,r001
59867cc2-3e1f-4dea-b4d7-dbaf55982e72,2291.4936619791665,#C C puts #unsure on meat,Cooking,Object Transfer,Logistics step involving picking up or placing an item.,silver,5,r001
59867cc2-3e1f-4dea-b4d7-dbaf55982e72,2301.5841619791668,#C C scratches herself,Cooking,Stationary,"Low body/hand motion, likely a minor, non-task related action.",silver,5,r001
59867cc2-3e1f-4dea-b4d7-dbaf55982e72,2322.8600419791665,#C C puts meat down,Cooking,Object Transfer,Logistics step involving the movement of an object.,silver,5,r001
59867cc2-3e1f-4dea-b4d7-dbaf55982e72,2414.219401979167,#C C puts pot on stove,Cooking,Object Transfer,"Logistics step, moving the pot to the stove.",silver,5,r001
59867cc2-3e1f-4dea-b4d7-dbaf55982e72,2425.902241979167,#C C puts hand in pot,Cooking,Essential Operation,"Core task involving direct interaction with a cooking vessel, indicating high hand activity.",silver,5,r001
59867cc2-3e1f-4dea-b4d7-dbaf55982e72,2437.5609719791664,#C C breaks #unsure,Cooking,Essential Operation,"[CtxFixed] The current action involves breaking an object, which is a deliberate and purposeful action that can be categorized as an essential operation.",silver,5,r001
59867cc2-3e1f-4dea-b4d7-dbaf55982e72,2473.6063513701824,#C C lifts butter with both hands,Cooking,Object Transfer,"The action involves picking up an object, which is a logistics step.",silver,5,r001
59867cc2-3e1f-4dea-b4d7-dbaf55982e72,2493.087931370182,#C C removes pasta from the box,Cooking,Object Transfer,Logistics step involving picking up and putting down objects.,silver,5,r001
59867cc2-3e1f-4dea-b4d7-dbaf55982e72,2496.0595913701823,#C C breaks pasta with hands,Cooking,Essential Operation,"Core task involving hands, high hand activity.",silver,5,r001
59867cc2-3e1f-4dea-b4d7-dbaf55982e72,2504.7008613701823,#C C places pasta on other hand,Cooking,Object Transfer,Logistics step involving the transfer of an object.,silver,5,r001
59867cc2-3e1f-4dea-b4d7-dbaf55982e72,2510.640191370182,#C C holds cooking pot with hand,Cooking,Stationary,"Low body/hand motion, holding an object without movement.",silver,5,r001
59867cc2-3e1f-4dea-b4d7-dbaf55982e72,2523.3553513701822,#C C places pasta on the tray,Cooking,Object Transfer,Logistics step involving picking up and placing an object.,silver,5,r001
59867cc2-3e1f-4dea-b4d7-dbaf55982e72,2541.7776513701824,#C C lifts pasta box from the cooker,Cooking,Object Transfer,Logistics step involving picking up an object.,silver,5,r001
59867cc2-3e1f-4dea-b4d7-dbaf55982e72,2543.9198813701823,#C C picks pasta from the tray,Cooking,Object Transfer,Logistics step involving picking up an object.,silver,5,r001
59867cc2-3e1f-4dea-b4d7-dbaf55982e72,2622.5837613701824,#C C picks meat from the foil,Cooking,Object Transfer,Logistics step involving picking up an object.,silver,5,r001
59867cc2-3e1f-4dea-b4d7-dbaf55982e72,2623.5303713701824,#C C inserts pasta in the meat,Cooking,Essential Operation,Core manual task involving high hand activity.,silver,5,r001
59867cc2-3e1f-4dea-b4d7-dbaf55982e72,2665.7413413701825,#C C places meat on the foil,Cooking,Object Transfer,Logistics step involving picking up and placing an object.,silver,5,r001
59867cc2-3e1f-4dea-b4d7-dbaf55982e72,2751.742851505121,#C C touches meat with hand,Cooking,Stationary,"Low body/hand motion, likely involves fine motor skills with minimal acceleration.",silver,5,r001
59867cc2-3e1f-4dea-b4d7-dbaf55982e72,2753.3153515051213,#C C holds meat with both hands,Cooking,Stationary,"Low body/hand motion, holding an object.",silver,5,r001
59867cc2-3e1f-4dea-b4d7-dbaf55982e72,2804.373901505121,#C C lifts meat from the tray,Cooking,Object Transfer,Logistics step involving picking up an object.,silver,5,r001
59867cc2-3e1f-4dea-b4d7-dbaf55982e72,2849.220921505121,#C C pours butter on the meat,Cooking,Essential Operation,Core task involving manual dexterity and hand activity.,silver,5,r001
59867cc2-3e1f-4dea-b4d7-dbaf55982e72,2911.409844838455,#C C wipes chopping board with cloth,Cooking,Essential Operation,Core task involving high hand activity.,silver,5,r001
59867cc2-3e1f-4dea-b4d7-dbaf55982e72,2926.1021348384547,#C C picks marshmallow from the counter top,Cooking,Object Transfer,Logistics step involving picking up an object.,silver,5,r001
59867cc2-3e1f-4dea-b4d7-dbaf55982e72,2938.7308448384547,#C C moves products aside,Cooking,Object Transfer,Logistics action involving moving objects.,silver,5,r001
59867cc2-3e1f-4dea-b4d7-dbaf55982e72,2980.9517648384544,#C C pours marshmallow on the cooking pot,Cooking,Essential Operation,"Core task involving manipulation, high hand activity.",silver,5,r001
59867cc2-3e1f-4dea-b4d7-dbaf55982e72,2982.2370948384546,#C C places weighing cup on the counter top,Cooking,Object Transfer,Logistics step involving placing an object.,silver,5,r001
59867cc2-3e1f-4dea-b4d7-dbaf55982e72,3000.1574186000003,#C C moves marshmallow packet,Cooking,Object Transfer,"Moving an object (marshmallow packet), involves picking up and/or putting down.",silver,5,r001
59867cc2-3e1f-4dea-b4d7-dbaf55982e72,3114.7982186000004,#C C touches marshmallow packet,Cooking,Stationary,"Low body/hand motion, likely a brief touch or inspection.",silver,5,r001
59867cc2-3e1f-4dea-b4d7-dbaf55982e72,3142.1013886,#C C stirs the marshmallow in the cooking pot,Cooking,Essential Operation,Core task involving high hand activity.,silver,5,r001
59867cc2-3e1f-4dea-b4d7-dbaf55982e72,3327.0256886,#C C picks vanilla packets,Cooking,Object Transfer,"Logistics step, picking up an object.",silver,5,r001
59867cc2-3e1f-4dea-b4d7-dbaf55982e72,3342.2896486000004,#C C mixes the mixture in the cooking pot,Cooking,Essential Operation,Core task involving high hand activity.,silver,5,r001
59867cc2-3e1f-4dea-b4d7-dbaf55982e72,3394.3801286000003,#C C puts the rice in the mixture,Cooking,Object Transfer,Logistics step involving the placement of an object.,silver,5,r001
59867cc2-3e1f-4dea-b4d7-dbaf55982e72,3493.7466986000004,#C C open the packet,Cooking,Object Transfer,Logistics/Setup step involving opening an object.,silver,5,r001
59867cc2-3e1f-4dea-b4d7-dbaf55982e72,3559.0781519569337,#C C spreads the margarine,Cooking,Essential Operation,Core task involving high hand activity.,silver,5,r001
599037f1-5825-4315-a75d-9a50d16959b5,98.50586,#c c cuts cable with knife,Carpentry,Essential Operation,Core manual task involving high hand activity.,silver,5,r001
599037f1-5825-4315-a75d-9a50d16959b5,142.82993,#c c cuts the cable around,Carpentry,Essential Operation,Core task involving manual operation with high hand activity.,silver,5,r001
599037f1-5825-4315-a75d-9a50d16959b5,203.56568,#c c wipes the cable,Carpentry,Stationary,"Low body/hand motion, wiping is a smooth motion that does not involve high acceleration.",silver,5,r001
5d511be2-5a9a-4776-ad5e-c0e3a00dfb07,184.5359596,#C C adjusts the piece of wood with his left hand,Carpentry,Essential Operation,Core manual task involving fine hand movements.,silver,5,r001
5d511be2-5a9a-4776-ad5e-c0e3a00dfb07,267.9393496,#C C carries the wood away from the cutting machine,Carpentry,Locomotion,"Body moving through space with the wood, indicating movement.",silver,5,r001
5d511be2-5a9a-4776-ad5e-c0e3a00dfb07,292.2249809546634,#C C tightens the clamp to the wood planks,Carpentry,Essential Operation,Core manual task involving high hand activity.,silver,5,r001
5d511be2-5a9a-4776-ad5e-c0e3a00dfb07,300.0144909546634,#C C picks the clamp from the wood planks,Carpentry,Object Transfer,Logistics/Setup step involving picking up an object.,silver,5,r001
5ed59c41-af9e-4368-a0ce-30d536d34895,30.084138600000003,#O person S holds a blue paper.,Cooking,Stationary,Holding an object without movement.,silver,5,r001
5ed59c41-af9e-4368-a0ce-30d536d34895,54.4487186,#O person P touches the container.,Cooking,Object Transfer,Logistics/Setup step involving interaction with an object.,silver,5,r001
5ed59c41-af9e-4368-a0ce-30d536d34895,65.7384086,#O person B touches S's head.,Cooking,Search,"Implication of head contact and visual interaction, likely involves head movement.",silver,5,r001
5ed59c41-af9e-4368-a0ce-30d536d34895,98.5125486,#C C puts cake on the chopping board.,Cooking,Object Transfer,Logistics step involving picking up and placing an object.,silver,5,r001
5ed59c41-af9e-4368-a0ce-30d536d34895,175.2052286,#C C a box from the cabinet.,Cooking,Object Transfer,Logistics step involving moving an object.,silver,5,r001
5ed59c41-af9e-4368-a0ce-30d536d34895,322.6446386,#O person B scratches the head.,Cooking,Stationary,"Low body/hand motion, indicating a stationary action.",silver,5,r001
5ed59c41-af9e-4368-a0ce-30d536d34895,374.1779886000001,#C C clean the knife.,Cooking,Essential Operation,"Core task involving manual cleaning, high hand activity.",silver,5,r001
5ed59c41-af9e-4368-a0ce-30d536d34895,385.2520086,#C C cuts the cake.,Cooking,Essential Operation,"Core task, high hand activity.",silver,5,r001
5ed59c41-af9e-4368-a0ce-30d536d34895,489.3824386,#C C holds butter on the table.,Cooking,Stationary,"Low body/hand motion, holding an object without moving.",silver,5,r001
5ed59c41-af9e-4368-a0ce-30d536d34895,504.4840786,#O person R adjusts the hair.,Cooking,Stationary,Adjusting hair involves minimal movement and is generally a stationary activity.,silver,5,r001
5ed59c41-af9e-4368-a0ce-30d536d34895,663.2728152666667,#C C puts cake on the plate.,Cooking,Object Transfer,Logistics step involving picking up and placing the cake.,silver,5,r001
5ed59c41-af9e-4368-a0ce-30d536d34895,670.7167252666667,#C C spreads blue band on the cake.,Cooking,Essential Operation,Core task involving high hand activity.,silver,5,r001
5ed59c41-af9e-4368-a0ce-30d536d34895,680.0990452666667,#C C scoops blue band.,Cooking,Essential Operation,Core task involving high hand activity.,silver,5,r001
5ed59c41-af9e-4368-a0ce-30d536d34895,683.0957452666667,#O person R plays with P.,Cooking,Stationary,"Low body/hand motion, implies idle or playful interaction without significant movement.",silver,5,r001
5ed59c41-af9e-4368-a0ce-30d536d34895,689.6717552666667,#O person P takes the cake.,Cooking,Object Transfer,Logistics step involving picking up the cake.,silver,5,r001
5ed59c41-af9e-4368-a0ce-30d536d34895,738.1957652666667,#O person S swings the chair.,Cooking,Stationary,Swinging a chair while stationary indicates low overall body motion.,silver,5,r001
5ed59c41-af9e-4368-a0ce-30d536d34895,766.1227652666668,#C C touches P.,Cooking,Stationary,"Low body/hand motion, likely involves minimal movement.",silver,5,r001
5ed59c41-af9e-4368-a0ce-30d536d34895,806.9758752666667,#O person P dances.,Cooking,Locomotion,Body moving through space with rhythmic motion.,silver,5,r001
5ed59c41-af9e-4368-a0ce-30d536d34895,846.8515986000001,#O A baby X crawls on the floor,Cooking,Locomotion,"Movement through space, characteristic of crawling.",silver,5,r001
5ed59c41-af9e-4368-a0ce-30d536d34895,887.3469053125,#O The woman D walks towards the dog A.,Cooking,Locomotion,Body moving through space (walking).,silver,5,r001
5ed59c41-af9e-4368-a0ce-30d536d34895,887.3822553125,#C C converses with the woman D.,Cooking,Stationary,"Low body/hand motion, likely involves speaking.",silver,5,r001
5ed59c41-af9e-4368-a0ce-30d536d34895,890.1432753125,#C C holds the child B's right arm with her left hand. #unsure,Cooking,Stationary,"The action involves holding, which is a static interaction with low body and hand motion.",silver,5,r001
5ed59c41-af9e-4368-a0ce-30d536d34895,899.5165553125,#O The woman D points to the child B's left leg with her right index finger.,Cooking,Stationary,"Low body/hand motion, pointing involves minimal movement.",silver,5,r001
5ed59c41-af9e-4368-a0ce-30d536d34895,914.3415753125,#C C drops the child B on the floor with her hands.,Cooking,Object Transfer,Refined via regex fallback,silver,5,r001
5ed59c41-af9e-4368-a0ce-30d536d34895,927.1779153125,#C C touches her face with her right hand. #unsure,Cooking,Stationary,"Low body/hand motion, mostly hand activity which is not part of a core task or object transfer.",silver,5,r001
5ed59c41-af9e-4368-a0ce-30d536d34895,960.6749053125,#O The woman D rests the child B on her body with her hands.,Cooking,Stationary,"The action involves holding a child, which is a low-energy, stationary activity.",silver,5,r001
5ed59c41-af9e-4368-a0ce-30d536d34895,966.7907953125,#O The child B rubs her face with her right hand.,Cooking,Stationary,"Low body/hand motion, indicative of a pause or idle moment.",silver,5,r001
5ed59c41-af9e-4368-a0ce-30d536d34895,971.5381153125,#O The woman D rocks the child B with her hands.,Cooking,Stationary,"Low energy, rocking motion with hands while holding the child.",silver,5,r001
5ed59c41-af9e-4368-a0ce-30d536d34895,995.9885153125,#O The woman D itches her head with her left hand.,Cooking,Stationary,"Low body/hand motion, indicating a pause or idle action.",silver,5,r001
5ed59c41-af9e-4368-a0ce-30d536d34895,996.1551753125,#C C drops the bowl on the plate in her left hand with her right hand.,Cooking,Object Transfer,Refined via regex fallback,silver,5,r001
5ed59c41-af9e-4368-a0ce-30d536d34895,1006.7620953125,#C The woman D passes the child B to C.,Cooking,Object Transfer,Logistics step involving passing an object (the child).,silver,5,r001
5ed59c41-af9e-4368-a0ce-30d536d34895,1008.3654253125,#O The boy E walks towards a chair.,Cooking,Locomotion,The action involves movement through space (walking).,silver,5,r001
5ed59c41-af9e-4368-a0ce-30d536d34895,1028.6768253125,#C C walks away from the living room area.,Cooking,Locomotion,Body moving through space (walking).,silver,5,r001
5ed59c41-af9e-4368-a0ce-30d536d34895,1036.0759953125,#C C walks through the kitchen door.,Cooking,Locomotion,Body moving through space (walking).,silver,5,r001
5ed59c41-af9e-4368-a0ce-30d536d34895,1046.9608753125,#C C drops the plate and bowl on the plastic plate on the kitchen counter with her left hand.,Cooking,Object Transfer,"[CtxFixed] The action of dropping the plate and bowl onto the plastic plate on the kitchen counter is a deliberate placement, which fits the criteria for 'Object Transfer'.",silver,5,r001
5ed59c41-af9e-4368-a0ce-30d536d34895,1055.7593753125,#O The boy E walks towards the kitchen counter.,Cooking,Locomotion,Body moving through space (walking).,silver,5,r001
5ed59c41-af9e-4368-a0ce-30d536d34895,1073.4659153125,#O The man F touches the boy E with his left hand.,Cooking,Stationary,"The action describes a touch, which is a low-energy interaction.",silver,5,r001
5ed59c41-af9e-4368-a0ce-30d536d34895,1085.0729353125,#O The man F stomps his left foot on the floor.,Cooking,Locomotion,"Body movement through space, characterized by high body acceleration.",silver,5,r001
5ed59c41-af9e-4368-a0ce-30d536d34895,1088.4399453125,#O The man F walks away from the wooden cabinet.,Cooking,Locomotion,"The action involves the man moving through space, which is characteristic of locomotion.",silver,5,r001
5ed59c41-af9e-4368-a0ce-30d536d34895,1116.099971933333,#C C spreads lurpak on the cake.,Cooking,Essential Operation,Core task involving high hand activity.,silver,5,r001
5ed59c41-af9e-4368-a0ce-30d536d34895,1144.6710619333332,#C C drops the piece on the floor.,Cooking,Object Transfer,Refined via regex fallback,silver,5,r001
5ed59c41-af9e-4368-a0ce-30d536d34895,1145.6016919333333,#O person D walks towards the dog.,Cooking,Locomotion,"Movement through space, indicative of walking.",silver,5,r001
5ed59c41-af9e-4368-a0ce-30d536d34895,1196.4731219333332,#O person B holds the container.,Cooking,Stationary,"Low body/hand motion, holding an object.",silver,5,r001
5ed59c41-af9e-4368-a0ce-30d536d34895,1259.0020419333332,#C C gives P the piece of cake.,Cooking,Object Transfer,Logistics step involving the transfer of an object.,silver,5,r001
5ed59c41-af9e-4368-a0ce-30d536d34895,1312.4170419333334,#C C gives P the glass of water.,Cooking,Object Transfer,Logistics step involving the transfer of an object.,silver,5,r001
5ed59c41-af9e-4368-a0ce-30d536d34895,1339.9484619333334,#O person P turns the head.,Cooking,Search,"Head movement (visual search), hands mostly still.",silver,5,r001
5ed59c41-af9e-4368-a0ce-30d536d34895,1654.7978586,#O person Q pulls dog leash.,Cooking,Locomotion,"The action involves pulling a dog leash, which implies movement through space.",silver,5,r001
5ed59c41-af9e-4368-a0ce-30d536d34895,2176.777891933333,#C C walks on the pavement with man Y,Cooking,Locomotion,Body moving through space (walking).,silver,5,r001
5ed59c41-af9e-4368-a0ce-30d536d34895,2221.1380919333333,#C c fixes the seat,Cooking,Stationary,"Adjusting or fixing a seat is likely a low-energy, stationary action.",silver,5,r001
5ed59c41-af9e-4368-a0ce-30d536d34895,2741.2703152666672,#O man Y touches the face,Cooking,Stationary,"Low body/hand motion, indicative of a pause or idle action.",silver,5,r001
5ed59c41-af9e-4368-a0ce-30d536d34895,2923.147085266667,#C C pulls the stroller,Cooking,Locomotion,"Body moving through space (pulling the stroller), high body acceleration.",silver,5,r001
5ed59c41-af9e-4368-a0ce-30d536d34895,3004.945885266667,#O woman Y walks around,Cooking,Locomotion,"Movement through space, indicative of walking.",silver,5,r001
5ed59c41-af9e-4368-a0ce-30d536d34895,3030.576505266667,#O child X holds C,Cooking,Stationary,"Low body/hand motion, likely holding still.",silver,5,r001
5ed59c41-af9e-4368-a0ce-30d536d34895,3046.8283152666672,#O child X walks around,Cooking,Locomotion,Body moving through space (walking).,silver,5,r001
5ed59c41-af9e-4368-a0ce-30d536d34895,3251.8861199333337,#O child X demonstrates with the hand,Cooking,Stationary,"The action implies a demonstration with the hand, which is likely to be low energy and stationary.",silver,5,r001
5f2fe227-e8fc-4635-8b3e-2f56e9be61b5,119.17599,#C C transfers the bottle of lubricant to his left hand. #Unsure,Mechanical Repair,Object Transfer,"The action involves picking up and moving an object, which corresponds to logistics or setup.",silver,5,r001
5f2fe227-e8fc-4635-8b3e-2f56e9be61b5,160.46962,#C C turns the back tire of the bicycle.,Mechanical Repair,Locomotion,"Rotation of a body part (tire), which involves movement through space.",silver,5,r001
5f2fe227-e8fc-4635-8b3e-2f56e9be61b5,197.60478,#C C walks to another bicycle.,Mechanical Repair,Locomotion,Body moving through space (walking).,silver,5,r001
5f2fe227-e8fc-4635-8b3e-2f56e9be61b5,318.78494,#C C stops adjusting the pedal of the bicycle with his right hand.,Mechanical Repair,Stationary,"Low body/hand motion, indicating a pause in activity.",silver,5,r001
5f2fe227-e8fc-4635-8b3e-2f56e9be61b5,352.44003,#C C greases the rear derailleur of a bicycle with the grease in his right hand.,Mechanical Repair,Essential Operation,Core manual task involving high hand activity.,silver,5,r001
5f2fe227-e8fc-4635-8b3e-2f56e9be61b5,358.04352,#C C greases the front derailleur of the bicycle with the grease in his right hand.,Mechanical Repair,Essential Operation,Core manual task involving high hand activity.,silver,5,r001
5f2fe227-e8fc-4635-8b3e-2f56e9be61b5,425.85854,#C C holds the handle bar grip of the bicycle with his both hands.,Mechanical Repair,Stationary,"Low body/hand motion, holding position.",silver,5,r001
5f2fe227-e8fc-4635-8b3e-2f56e9be61b5,442.41674,#C C searches for a bolt in the tool box with his right hand.,Mechanical Repair,Search,Focused hand movement and visual search for an item.,silver,5,r001
5f2fe227-e8fc-4635-8b3e-2f56e9be61b5,470.0715,#C C drops the bolt in the tool box with his right hand.,Mechanical Repair,Object Transfer,"[CtxFixed] The action of dropping the bolt into the tool box can be considered a deliberate placement, which fits the definition of 'Object Transfer'.",silver,5,r001
5f2fe227-e8fc-4635-8b3e-2f56e9be61b5,493.63994,#C C walks back inside the workshop.,Mechanical Repair,Locomotion,Body moving through space (walking).,silver,5,r001
5f2fe227-e8fc-4635-8b3e-2f56e9be61b5,540.6646146666667,#C C wheels the bicycle with both hands.,Mechanical Repair,Locomotion,"Body moving through space with significant hand involvement, indicating a form of locomotion.",silver,5,r001
5f2fe227-e8fc-4635-8b3e-2f56e9be61b5,592.6311666666667,#C C touches the tire with his right hand.,Mechanical Repair,Stationary,"Low body/hand motion, likely inspecting the tire.",silver,5,r001
5f2fe227-e8fc-4635-8b3e-2f56e9be61b5,656.7881666666667,#C C carries a roller chain.,Mechanical Repair,Object Transfer,Logistics of moving an object (roller chain).,silver,5,r001
5f2fe227-e8fc-4635-8b3e-2f56e9be61b5,686.2181666666667,#C C puts another tool in the kit.,Mechanical Repair,Object Transfer,Logistics/Setup step involving placing an object.,silver,5,r001
5f2fe227-e8fc-4635-8b3e-2f56e9be61b5,706.2929766666666,#C C opens a drawer on the desk with his right hand.,Mechanical Repair,Object Transfer,Logistics step involving opening a drawer.,silver,5,r001
5f2fe227-e8fc-4635-8b3e-2f56e9be61b5,722.5528566666667,#C C opens the drawer under the desk with his left hand.,Mechanical Repair,Object Transfer,Logistics step involving opening a drawer.,silver,5,r001
5f2fe227-e8fc-4635-8b3e-2f56e9be61b5,723.0122366666667,#C C drops the rubber tape in the drawer.,Mechanical Repair,Object Transfer,"[CtxFixed] The action of dropping the rubber tape into the drawer is a deliberate placement, which fits the criteria for 'Object Transfer'.",silver,5,r001
5f6f87ea-e1c3-4868-bb60-22c9e874d056,11.0735596,#O A woman X shifts a card on the table with her left hand.,Playing Instrument,Object Transfer,Logistics action involving moving an object (card).,silver,5,r001
5f6f87ea-e1c3-4868-bb60-22c9e874d056,15.9505896,#O The man U looks at the cards on the table.,Playing Instrument,Search,"Head movement (visual search), hands mostly still.",silver,5,r001
5f6f87ea-e1c3-4868-bb60-22c9e874d056,19.383589600000004,#O The woman X points her right hand at a card on the table.,Playing Instrument,Stationary,The action described involves a static pointing gesture with minimal body movement.,silver,5,r001
5f6f87ea-e1c3-4868-bb60-22c9e874d056,27.361829600000004,#O The woman T looks at man S.,Playing Instrument,Stationary,"Low body/hand motion, visual interaction only.",silver,5,r001
5f6f87ea-e1c3-4868-bb60-22c9e874d056,48.7720996,#O The man U drops a token on the card with his right hand.,Playing Instrument,Object Transfer,"[CtxFixed] The action of dropping a token on the card is a deliberate placement, which fits the definition of 'Object Transfer'.",silver,5,r001
5f6f87ea-e1c3-4868-bb60-22c9e874d056,54.3934696,#O The man U points at a card with his right hand.,Playing Instrument,Object Transfer,"The action involves picking up or pointing at an object, which is a logistics step.",silver,5,r001
5f6f87ea-e1c3-4868-bb60-22c9e874d056,72.7063496,#O The man S holds a token on the table with his right hand.,Playing Instrument,Stationary,The action describes a static position with minimal motion.,silver,5,r001
5f6f87ea-e1c3-4868-bb60-22c9e874d056,84.8622496,#O The man S picks the card on the table with his right hand.,Playing Instrument,Object Transfer,Logistics step involving picking up an object.,silver,5,r001
5f6f87ea-e1c3-4868-bb60-22c9e874d056,99.8234596,#O The man U drops the cards on the table with his right hand.,Playing Instrument,Object Transfer,Refined via regex fallback,silver,5,r001
5f6f87ea-e1c3-4868-bb60-22c9e874d056,148.9539496,#O The man U points at a token on the card on the table with his right hand.,Playing Instrument,Search,The action involves pointing and visual search to locate a token on the card.,silver,5,r001
5f6f87ea-e1c3-4868-bb60-22c9e874d056,188.3703196,#O The man W drops a token on a card with his right hand.,Playing Instrument,Object Transfer,"The action involves picking up and placing down an object, which is characteristic of logistics and setup steps.",silver,5,r001
5f6f87ea-e1c3-4868-bb60-22c9e874d056,202.0241996,#O The man U moves a token on the card with his right hand.,Playing Instrument,Object Transfer,"Logistics action of moving a token, short bursts of hand acceleration.",silver,5,r001
5f6f87ea-e1c3-4868-bb60-22c9e874d056,223.2632796,#O The man V points his right hand at a card.,Playing Instrument,Stationary,"The action described involves pointing at a card, which is a low-energy, stationary action.",silver,5,r001
5f6f87ea-e1c3-4868-bb60-22c9e874d056,341.0401019791667,#C C picks dice on the table,Playing Instrument,Object Transfer,Logistics step involving picking up an object.,silver,5,r001
5f6f87ea-e1c3-4868-bb60-22c9e874d056,516.7889419791667,#O Person D puts card on the table,Playing Instrument,Object Transfer,"Logistics step, putting an object (card) on a surface (table).",silver,5,r001
5f6f87ea-e1c3-4868-bb60-22c9e874d056,530.1889719791667,#O Person H looks at the cards,Playing Instrument,Search,"Head movement (visual search), hands mostly still.",silver,5,r001
5f6f87ea-e1c3-4868-bb60-22c9e874d056,589.0496409546633,#O The man J drops the paper on the card.,Playing Instrument,Object Transfer,"The action involves dropping an object, which is a logistics step.",silver,5,r001
5f6f87ea-e1c3-4868-bb60-22c9e874d056,594.5887609546634,#C C jubilates. #Unsure,Playing Instrument,Stationary,"The action 'jubilates' suggests an emotional state rather than a specific physical action, likely with low body/hand motion.",silver,5,r001
5f6f87ea-e1c3-4868-bb60-22c9e874d056,610.9931209546634,#O The lady H jubilates.,Playing Instrument,Stationary,"The action described does not indicate any specific motion or task, suggesting a low-energy state like celebration or joy without movement.",silver,5,r001
5f6f87ea-e1c3-4868-bb60-22c9e874d056,639.1424409546634,#O The man J adjusts his glasses. #Unsure,Playing Instrument,Search,"Head movement (adjusting glasses), hands mostly still.",silver,5,r001
5f6f87ea-e1c3-4868-bb60-22c9e874d056,651.0926809546634,#O The man G checks through his cards.,Playing Instrument,Search,Head and hand movements involved in visual search or inspection.,silver,5,r001
5f6f87ea-e1c3-4868-bb60-22c9e874d056,661.8481409546633,#O The man F picks a card from the pile of cards.,Playing Instrument,Object Transfer,"The action involves picking up an object (card), which is a logistics step.",silver,5,r001
5f6f87ea-e1c3-4868-bb60-22c9e874d056,663.2087709546634,#O The man F checks his cards,Playing Instrument,Search,"Head and hand movements likely involved in checking, but low overall body motion.",silver,5,r001
5f6f87ea-e1c3-4868-bb60-22c9e874d056,665.9864809546634,#O The lady E picks a card from the pile of cards.,Playing Instrument,Object Transfer,"The action involves picking up an object (card), which is a logistics step.",silver,5,r001
5f6f87ea-e1c3-4868-bb60-22c9e874d056,686.2234809546634,#O The lady E adjusts her glasses with her right hand.,Playing Instrument,Stationary,"Low body/hand motion, focusing on a small adjustment.",silver,5,r001
5f6f87ea-e1c3-4868-bb60-22c9e874d056,689.6925709546634,#O The lady H plays with the papers on the table.,Playing Instrument,Stationary,"The action described involves manipulating papers, which is a low-energy, stationary activity.",silver,5,r001
5f6f87ea-e1c3-4868-bb60-22c9e874d056,707.8954856213301,#O The lady H picks a card from the table.,Playing Instrument,Object Transfer,"Action involves picking up an object (card), which is a logistics step.",silver,5,r001
5f6f87ea-e1c3-4868-bb60-22c9e874d056,714.0194956213301,#O The man F drops the paper on the card.,Playing Instrument,Object Transfer,"[CtxFixed] The action involves the deliberate placement of an object (dropping the paper onto the card), which fits the criteria for Object Transfer.",silver,5,r001
5f6f87ea-e1c3-4868-bb60-22c9e874d056,714.2725356213301,#O The lady E drops the paper on the card.,Playing Instrument,Object Transfer,"The action involves dropping an object, which is a logistics step involving short bursts of hand acceleration.",silver,5,r001
5f6f87ea-e1c3-4868-bb60-22c9e874d056,716.0834356213301,#O The lady H sits on the chair.,Playing Instrument,Stationary,"The action describes sitting down, which involves minimal movement.",silver,5,r001
5f6f87ea-e1c3-4868-bb60-22c9e874d056,737.03864562133,#O The lady E adjusts her glasses.,Playing Instrument,Stationary,"Low body/hand motion, primarily involves head adjustment.",silver,5,r001
5f6f87ea-e1c3-4868-bb60-22c9e874d056,741.94200562133,#O The man G packs his cards from the table.,Playing Instrument,Object Transfer,Logistics step involving picking up and packing items.,silver,5,r001
5f6f87ea-e1c3-4868-bb60-22c9e874d056,748.4263256213301,#O The man checks through his cards.,Playing Instrument,Search,Head and hand movement involved in visual inspection.,silver,5,r001
5f6f87ea-e1c3-4868-bb60-22c9e874d056,748.4765656213301,#O The man J picks a card from the pile of cards.,Playing Instrument,Object Transfer,The action involves picking up and transferring an object (a card).,silver,5,r001
5f6f87ea-e1c3-4868-bb60-22c9e874d056,766.5326456213301,#O The man F removes his hands from the cards.,Playing Instrument,Stationary,"The action describes a pause or cessation of movement, indicating a low-energy state.",silver,5,r001
5f6f87ea-e1c3-4868-bb60-22c9e874d056,775.74334562133,#O The man D plays a card.,Playing Instrument,Stationary,"Low body/hand motion, primarily cognitive activity.",silver,5,r001
5f6f87ea-e1c3-4868-bb60-22c9e874d056,794.1609856213302,#O The man D touches the card on the table.,Playing Instrument,Stationary,"The action described is a static interaction, likely involving minimal movement.",silver,5,r001
5f6f87ea-e1c3-4868-bb60-22c9e874d056,794.9655056213301,#O The man D touches the paper on the table.,Playing Instrument,Stationary,"The action described involves a gentle touch which is likely to be a low-energy, stationary activity.",silver,5,r001
5f6f87ea-e1c3-4868-bb60-22c9e874d056,888.6373976213301,#O Man G drops the button on the table with his right hand.,Playing Instrument,Object Transfer,Refined via regex fallback,silver,5,r001
5f6f87ea-e1c3-4868-bb60-22c9e874d056,894.95916762133,#O Man E gathers the cards with both hands.,Playing Instrument,Object Transfer,Logistics step involving picking up objects with both hands.,silver,5,r001
5f6f87ea-e1c3-4868-bb60-22c9e874d056,904.68904762133,#O Man E picks a card from the deck on the table with his left hand.,Playing Instrument,Object Transfer,Action involves picking up an object from a surface.,silver,5,r001
5f6f87ea-e1c3-4868-bb60-22c9e874d056,947.63994762133,#O Woman C drops a card on the table with his right hand.,Playing Instrument,Object Transfer,"The action involves placing an object (card) on a surface, which is a logistics step.",silver,5,r001
5f6f87ea-e1c3-4868-bb60-22c9e874d056,978.36623762133,#O Woman B picks a button from the table with her right hand.,Playing Instrument,Object Transfer,Logistics step involving picking up an object.,silver,5,r001
5f6f87ea-e1c3-4868-bb60-22c9e874d056,1053.24043762133,#O Man E picks a button from a card on the table with his left hand.,Playing Instrument,Object Transfer,Logistics step involving picking up an object.,silver,5,r001
5f6f87ea-e1c3-4868-bb60-22c9e874d056,1055.2760676213302,#O Man A picks a button from a card on the table with his right hand.,Playing Instrument,Object Transfer,Logistics step involving picking up an object.,silver,5,r001
5f6f87ea-e1c3-4868-bb60-22c9e874d056,1056.47023762133,#O Man A drops the button in his right hand on the table.,Playing Instrument,Object Transfer,Refined via regex fallback,silver,5,r001
5f6f87ea-e1c3-4868-bb60-22c9e874d056,1063.54476762133,#O Woman B drops the card on some cards on the table with her right hand.,Playing Instrument,Object Transfer,"The action involves placing an object (card) on the table, which is a logistics step.",silver,5,r001
5f6f87ea-e1c3-4868-bb60-22c9e874d056,1067.24740762133,#C C picks a card from the deck on the table with his right hand.,Playing Instrument,Object Transfer,Logistics step involving picking up an object.,silver,5,r001
5f6f87ea-e1c3-4868-bb60-22c9e874d056,1170.40111762133,#C C adjusts the card on the table with his right hand.,Playing Instrument,Object Transfer,Logistics step involving picking up or putting down an object.,silver,5,r001
5f6f87ea-e1c3-4868-bb60-22c9e874d056,1218.66437762133,#O The man H picks up the orange jigsaw from the first card on the table with his right hand.,Playing Instrument,Object Transfer,"The action involves picking up an object, which is a logistics step.",silver,5,r001
5f6f87ea-e1c3-4868-bb60-22c9e874d056,1223.95469762133,#O The man F rearranges the cards on the playing table with both hands.,Playing Instrument,Object Transfer,"The action involves picking up and putting down cards, which is a logistics task.",silver,5,r001
5f6f87ea-e1c3-4868-bb60-22c9e874d056,1251.20255762133,"#O The people A, B, D, E, F, G, H look through the cards in their hands.",Playing Instrument,Search,"Visual search or monitoring (looking through cards), head movement involved.",silver,5,r001
5f6f87ea-e1c3-4868-bb60-22c9e874d056,1279.36825762133,#O The man A adjusts a green jigsaw on the table with his right hand.,Playing Instrument,Essential Operation,Core manual task involving fine motor skills and high hand activity.,silver,5,r001
5f6f87ea-e1c3-4868-bb60-22c9e874d056,1320.39650762133,#O The woman G picks up the purple jigsaw from the fifth card on the table with his right hand.,Playing Instrument,Object Transfer,"The action involves picking up an object, which is a logistics step.",silver,5,r001
5f6f87ea-e1c3-4868-bb60-22c9e874d056,1332.58472762133,#O The man A adjusts his glasses with his right hand.,Playing Instrument,Stationary,Adjusting glasses is a minor action with low body and hand motion.,silver,5,r001
5f6f87ea-e1c3-4868-bb60-22c9e874d056,1335.67908762133,#O The man H looks through his set of cards with both hands.,Playing Instrument,Search,Head and hand movement involved in visual search.,silver,5,r001
5f6f87ea-e1c3-4868-bb60-22c9e874d056,1340.46784762133,"#O The people A, B, D, E, F, G, H look through their set of cards in their hands.",Playing Instrument,Search,Head and hand movement involved in looking through cards.,silver,5,r001
5f6f87ea-e1c3-4868-bb60-22c9e874d056,1371.35277762133,#O the woman B moves the cards to her right hand.,Playing Instrument,Object Transfer,"Logistics step, moving objects (cards) to a different location.",silver,5,r001
5f6f87ea-e1c3-4868-bb60-22c9e874d056,1376.67751762133,#O the man H plays a card on the table.,Playing Instrument,Stationary,"The action described seems to be placing a card on the table, which involves minimal movement and can be classified as a stationary action.",silver,5,r001
5f6f87ea-e1c3-4868-bb60-22c9e874d056,1397.9778776213302,#O the man A plays cards on the table with his left hand.,Playing Instrument,Stationary,"Playing cards with one hand while stationary, low body and hand motion.",silver,5,r001
5f6f87ea-e1c3-4868-bb60-22c9e874d056,1448.9178422879968,#O the man A puts both hands on the table.,Playing Instrument,Stationary,Putting hands on the table indicates a pause or resting position with minimal motion.,silver,5,r001
5f6f87ea-e1c3-4868-bb60-22c9e874d056,1470.7012622879963,#O the man A interacts with woman B.,Playing Instrument,Essential Operation,"[CtxFixed] The current action involves interaction between two individuals, which is a form of essential operation such as communication or collaboration.",silver,5,r001
5f6f87ea-e1c3-4868-bb60-22c9e874d056,1471.9378522879963,#O the man A takes a dice from the card with his left hand.,Playing Instrument,Object Transfer,"The action involves picking up an object (dice), which is a logistics step.",silver,5,r001
5f6f87ea-e1c3-4868-bb60-22c9e874d056,1483.2363222879967,#C C takes a dice from the card.,Playing Instrument,Object Transfer,"Logistics/Setup step, picking up an object.",silver,5,r001
5f6f87ea-e1c3-4868-bb60-22c9e874d056,1489.0276822879966,#O the woman B drops the cards on the table.,Playing Instrument,Object Transfer,Refined via regex fallback,silver,5,r001
5f6f87ea-e1c3-4868-bb60-22c9e874d056,1491.0551722879968,#O the man A moves the cards on the table with both hands.,Playing Instrument,Essential Operation,Core task involving high hand activity.,silver,5,r001
5f6f87ea-e1c3-4868-bb60-22c9e874d056,1491.9316022879966,#C C takes a card from the set of cards.,Playing Instrument,Object Transfer,"Logistics/Setup step, picking up an object.",silver,5,r001
5f6f87ea-e1c3-4868-bb60-22c9e874d056,1510.9565122879967,#O the man A rests his head on his hands.,Playing Instrument,Stationary,"Low body/hand motion, indicative of resting or pausing.",silver,5,r001
5f6f87ea-e1c3-4868-bb60-22c9e874d056,1533.0463922879967,#O the man D moves the cards in his hands.,Playing Instrument,Essential Operation,Core manual task involving high hand activity.,silver,5,r001
5f6f87ea-e1c3-4868-bb60-22c9e874d056,1593.5630422879967,#O the man A interacts with several people. #unsure,Playing Instrument,Essential Operation,Core manual task involving high hand activity.,silver,5,r001
5f6f87ea-e1c3-4868-bb60-22c9e874d056,1605.9877622879967,#O the man H interacts with several people. #unsure,Playing Instrument,Stationary,"Interacting with people, likely involves talking or observing, low motion.",silver,5,r001
5f6f87ea-e1c3-4868-bb60-22c9e874d056,1635.046134287997,#O Man A shuffles through some cards with both hands.,Playing Instrument,Object Transfer,Logistics step involving handling objects (cards).,silver,5,r001
5f6f87ea-e1c3-4868-bb60-22c9e874d056,1673.6072542879965,#O Man G drops a button on the table with his right hand. #Unsure,Playing Instrument,Object Transfer,Refined via regex fallback,silver,5,r001
5f6f87ea-e1c3-4868-bb60-22c9e874d056,1676.683294287997,#O Man E leans on the table with both hands.,Playing Instrument,Stationary,"Low body/hand motion, indicates a resting or idle state.",silver,5,r001
5f6f87ea-e1c3-4868-bb60-22c9e874d056,1747.2630742879967,#O Man E arranges some card on the table with his right hand,Playing Instrument,Object Transfer,Logistics/Setup step involving arranging objects.,silver,5,r001
5f6f87ea-e1c3-4868-bb60-22c9e874d056,1751.9181142879966,#O Man A shuffles the cards in his hands.,Playing Instrument,Stationary,"The action of shuffling cards is often performed while standing in one place, indicating low body movement.",silver,5,r001
5f6f87ea-e1c3-4868-bb60-22c9e874d056,1805.7052142879968,#O Woman C touches a card in man D's hand with her right hand.,Playing Instrument,Object Transfer,"The action involves transferring or touching an object, which is a logistics step.",silver,5,r001
5f6f87ea-e1c3-4868-bb60-22c9e874d056,1865.9046342879965,#O Man E moves the card on the table with his right hand.,Playing Instrument,Essential Operation,Core manual task involving high hand activity.,silver,5,r001
5f6f87ea-e1c3-4868-bb60-22c9e874d056,1895.545774287997,#O Man E adjusts the cards in his left hand with his right hand.,Playing Instrument,Object Transfer,"The action involves moving objects (cards), which is a logistics task.",silver,5,r001
5f6f87ea-e1c3-4868-bb60-22c9e874d056,1900.5356942879969,#O Man E picks some cards from the table with his right hand.,Playing Instrument,Object Transfer,Logistics action of picking up objects.,silver,5,r001
5f6f87ea-e1c3-4868-bb60-22c9e874d056,1934.768171287997,#O The lady H drops a card on the table.,Playing Instrument,Object Transfer,Refined via regex fallback,silver,5,r001
5f6f87ea-e1c3-4868-bb60-22c9e874d056,1974.3343912879968,#O The man J touches the paper on the orange card. #Unsure,Playing Instrument,Stationary,The action described involves a touch interaction which is likely to be low in energy and movement.,silver,5,r001
5f6f87ea-e1c3-4868-bb60-22c9e874d056,1988.8185312879968,#O The lady E rests both hands on the table.,Playing Instrument,Stationary,"Low body/hand motion, indicative of a pause or rest.",silver,5,r001
5f6f87ea-e1c3-4868-bb60-22c9e874d056,1989.5062912879969,#O The lady I touches a book on the table.,Playing Instrument,Object Transfer,"The action involves touching a book, which is a logistics step.",silver,5,r001
5f6f87ea-e1c3-4868-bb60-22c9e874d056,2000.0489312879963,#O The man J gathers cards together on the table.,Playing Instrument,Object Transfer,"Logistics action of gathering cards, involves short bursts of hand acceleration.",silver,5,r001
5f6f87ea-e1c3-4868-bb60-22c9e874d056,2001.3808512879968,#O The man F gathers cards together on the table.,Playing Instrument,Stationary,"The action involves organizing cards on a table, which does not involve significant body or hand motion.",silver,5,r001
5f6f87ea-e1c3-4868-bb60-22c9e874d056,2006.757091287997,#O The lady E places the paper on the table. #Unsure,Playing Instrument,Object Transfer,Logistics step involving placing an object.,silver,5,r001
5f6f87ea-e1c3-4868-bb60-22c9e874d056,2008.6829612879967,#O The lady E stretches her hand towards the lady H.,Playing Instrument,Object Transfer,"The action involves a stretch towards another person, which is a form of logistics or setup step.",silver,5,r001
5f6f87ea-e1c3-4868-bb60-22c9e874d056,2013.5654712879968,#O The man F moves a pile of cards on the table.,Playing Instrument,Object Transfer,"Logistics step, moving objects (cards) from one location to another.",silver,5,r001
5f6f87ea-e1c3-4868-bb60-22c9e874d056,2015.4397412879969,#O The man J moves the pile of cards towards the lady E.,Playing Instrument,Object Transfer,Logistics/Setup step involving moving objects (cards).,silver,5,r001
5f6f87ea-e1c3-4868-bb60-22c9e874d056,2018.0097712879965,#O The man F picks a card from the pile of cards on the table.,Playing Instrument,Object Transfer,"The action involves picking up an object (card) from a location (pile on the table), which is a logistics step.",silver,5,r001
5f6f87ea-e1c3-4868-bb60-22c9e874d056,2019.6993012879968,#O The lady H picks a card from the pile of cards.,Playing Instrument,Object Transfer,"The action involves picking up an object (card), which is a logistics step.",silver,5,r001
5f6f87ea-e1c3-4868-bb60-22c9e874d056,2022.5533412879963,#O The man D drops the card on some cards on the table.,Playing Instrument,Object Transfer,"The action involves placing objects, which is a logistics step.",silver,5,r001
5f6f87ea-e1c3-4868-bb60-22c9e874d056,2026.6001512879968,#O The man J checks through his cards.,Playing Instrument,Search,"Head and hand movement focused on checking items, low overall motion.",silver,5,r001
5f6f87ea-e1c3-4868-bb60-22c9e874d056,2035.529871287997,#O The man F plays a card.,Playing Instrument,Essential Operation,"Playing a card involves manual manipulation, which corresponds to a core manual task.",silver,5,r001
5f6f87ea-e1c3-4868-bb60-22c9e874d056,2035.9337912879969,#O The lady I plays a card.,Playing Instrument,Essential Operation,Core manual task involving high hand activity.,silver,5,r001
5f6f87ea-e1c3-4868-bb60-22c9e874d056,2057.0441812879967,#O The lady H drops her cards on the table.,Playing Instrument,Object Transfer,Refined via regex fallback,silver,5,r001
5f6f87ea-e1c3-4868-bb60-22c9e874d056,2067.3529612879965,#O The lady E picks a card from the table.,Playing Instrument,Object Transfer,"The action involves picking up an object (card), which is a logistics step.",silver,5,r001
5f6f87ea-e1c3-4868-bb60-22c9e874d056,2067.962291287997,#O The lady E looks at the card.,Playing Instrument,Search,"Head movement (looking), passive hands.",silver,5,r001
5f6f87ea-e1c3-4868-bb60-22c9e874d056,2069.4505612879966,#O The lady E drops the card on the table.,Playing Instrument,Object Transfer,Refined via regex fallback,silver,5,r001
5f6f87ea-e1c3-4868-bb60-22c9e874d056,2072.1286512879965,#O The lady E checks a card on the table.,Playing Instrument,Search,"Head movement (visual search), hands mostly still.",silver,5,r001
5f6f87ea-e1c3-4868-bb60-22c9e874d056,2091.1844012879965,#O The man F moves a card on the table with his finger.,Playing Instrument,Essential Operation,Core manual task involving precise hand movement.,silver,5,r001
5f6f87ea-e1c3-4868-bb60-22c9e874d056,2098.7170212879964,#O The lady E moves the card closer.,Playing Instrument,Object Transfer,"The action involves moving an object (card), which is a logistics step.",silver,5,r001
5f6f87ea-e1c3-4868-bb60-22c9e874d056,2106.6896312879967,#O The man D touches the card in the man J hand repeatedly.,Playing Instrument,Essential Operation,Core manual task involving repeated hand movements.,silver,5,r001
5f6f87ea-e1c3-4868-bb60-22c9e874d056,2123.0144512879965,#O The man D removes his left hand from the table.,Playing Instrument,Stationary,The action involves a minor movement that does not significantly alter the overall state or motion pattern.,silver,5,r001
5f6f87ea-e1c3-4868-bb60-22c9e874d056,2156.243001287997,#O The man F drops the paper on the card. #Unsure,Playing Instrument,Object Transfer,"[CtxFixed] The action involves the deliberate placement of an object (dropping the paper onto the card), which fits the criteria for Object Transfer.",silver,5,r001
5f6f87ea-e1c3-4868-bb60-22c9e874d056,2165.7033312879967,#O The man G holds the paper on the table. #Unsure,Playing Instrument,Stationary,"The action involves holding an object in place, which indicates minimal movement.",silver,5,r001
5f6f87ea-e1c3-4868-bb60-22c9e874d056,2175.060744287997,#C C drags a blue paper from a card on the table.,Playing Instrument,Object Transfer,"The action involves moving an object, which is a logistics step.",silver,5,r001
5f6f87ea-e1c3-4868-bb60-22c9e874d056,2177.5420142879966,#O The lady H touches a yellow paper on a card on the table.,Playing Instrument,Stationary,"The action describes a touch, which is a low-energy interaction.",silver,5,r001
5f6f87ea-e1c3-4868-bb60-22c9e874d056,2178.1914642879965,#O The man F drops the black paper on the card. #Unsure,Playing Instrument,Object Transfer,"[CtxFixed] The action involves the deliberate placement of the black paper onto the card, which fits the definition of 'Object Transfer'.",silver,5,r001
5f6f87ea-e1c3-4868-bb60-22c9e874d056,2188.617464287997,#C C touches the blue paper on the table.,Playing Instrument,Object Transfer,Action involves picking up or putting down an object.,silver,5,r001
5f6f87ea-e1c3-4868-bb60-22c9e874d056,2197.4760942879966,#O The man G picks a card from the pile of card on the table.,Playing Instrument,Object Transfer,"The action involves picking up an object (card), which is a logistics step.",silver,5,r001
5f6f87ea-e1c3-4868-bb60-22c9e874d056,2227.8675442879967,#O The man F packs his cards from the table.,Playing Instrument,Object Transfer,"Logistics step of picking up and organizing items, involves short bursts of hand acceleration.",silver,5,r001
5f6f87ea-e1c3-4868-bb60-22c9e874d056,2269.3280042879965,#O The lady E holds the pink paper on the card.,Playing Instrument,Stationary,"The action described involves holding a paper, which is a static action with low body and hand motion.",silver,5,r001
5f6f87ea-e1c3-4868-bb60-22c9e874d056,2308.7683242879966,#O The lady I points towards the card on the table. #Unsure,Playing Instrument,Stationary,"The action involves a pointing gesture, which is a low-energy movement.",silver,5,r001
5f6f87ea-e1c3-4868-bb60-22c9e874d056,2325.280304287997,#C C picks the blue paper from the card.,Playing Instrument,Object Transfer,"The action involves picking up an object, which is a logistics step.",silver,5,r001
5f6f87ea-e1c3-4868-bb60-22c9e874d056,2361.7192342879966,#O The man J places his cards on the table.,Playing Instrument,Object Transfer,"The action involves placing objects (cards), which is a logistics step.",silver,5,r001
5f6f87ea-e1c3-4868-bb60-22c9e874d056,2361.8233042879965,#O The lady I plays a card.,Playing Instrument,Stationary,"The action described seems to be a static interaction, such as playing a card game which involves minimal body movement.",silver,5,r001
5f6f87ea-e1c3-4868-bb60-22c9e874d056,2370.2253142879968,#O The man F places a card on the table.,Playing Instrument,Object Transfer,Logistics action (placing an object).,silver,5,r001
5f6f87ea-e1c3-4868-bb60-22c9e874d056,2452.7246242879964,#O The man F touches the card on the table.,Playing Instrument,Stationary,"The action described is a static interaction, likely involving minimal movement.",silver,5,r001
5f6f87ea-e1c3-4868-bb60-22c9e874d056,2459.5153042879965,#O The man J touches the green card on the table.,Playing Instrument,Object Transfer,"The action involves picking up or touching an object, which is a logistics step.",silver,5,r001
5f6f87ea-e1c3-4868-bb60-22c9e874d056,2476.5902342879967,#O The man G picks a card from the pile of cards on the table.,Playing Instrument,Object Transfer,"The action involves picking up an object (a card), which is a logistics step.",silver,5,r001
5f6f87ea-e1c3-4868-bb60-22c9e874d056,2478.3033042879965,#O The man J touches the green card on the table.,Playing Instrument,Stationary,"The action involves a touch, which is a low-energy interaction.",silver,5,r001
5f6f87ea-e1c3-4868-bb60-22c9e874d056,2478.797944287997,#C C checks through his cards.,Playing Instrument,Search,Head and hand movements likely involved in visual inspection.,silver,5,r001
5f6f87ea-e1c3-4868-bb60-22c9e874d056,2483.311394287997,#O The man J picks a card from the the table.,Playing Instrument,Object Transfer,"The action involves picking up an object (card), which is a logistics step.",silver,5,r001
5f6f87ea-e1c3-4868-bb60-22c9e874d056,2498.3796742879967,#O The man F checks through his cards.,Playing Instrument,Search,"Head and hand movement involved in checking through items, indicating a search action.",silver,5,r001
5f6f87ea-e1c3-4868-bb60-22c9e874d056,2530.8438242879965,#O The man D touches the brown paper on the table.,Playing Instrument,Stationary,"The action describes a touch, which is a low-energy, stationary interaction.",silver,5,r001
6269fa52-58af-46d3-9a4b-7aca66c3b622,48.7366886,#C C drops the screwdriver in his left hand on the table.,Mechanical Repair,Object Transfer,Refined via regex fallback,silver,5,r001
6269fa52-58af-46d3-9a4b-7aca66c3b622,92.6690986,#C C takes the second screwdriver on the worktable with his left hand.,Mechanical Repair,Object Transfer,"The action involves picking up an object, which is a logistics step.",silver,5,r001
6269fa52-58af-46d3-9a4b-7aca66c3b622,93.3089286,#C C moves the screwdriver to his right hand.,Mechanical Repair,Object Transfer,Logistics of moving the screwdriver to the right hand.,silver,5,r001
6269fa52-58af-46d3-9a4b-7aca66c3b622,126.2637886,#C C unscrews the screw with the screwdriver in his right hand.,Mechanical Repair,Essential Operation,Core manual task involving high hand activity.,silver,5,r001
6269fa52-58af-46d3-9a4b-7aca66c3b622,221.2260186,#C C moves the bicycle back.,Mechanical Repair,Locomotion,"Movement of the bicycle, involving high body acceleration.",silver,5,r001
6269fa52-58af-46d3-9a4b-7aca66c3b622,248.6053286,#C C adjusts a part of the bicycle with his left hand.,Mechanical Repair,Essential Operation,Core manual task involving precise hand movements.,silver,5,r001
6269fa52-58af-46d3-9a4b-7aca66c3b622,287.7669786,#C C drops the tyre tube on the slab.,Mechanical Repair,Object Transfer,"[CtxFixed] The action of dropping the tyre tube onto the slab is a deliberate placement, which fits the definition of 'Object Transfer'.",silver,5,r001
62ecb68c-4aea-4b07-8e84-696d65cc3672,86.10402859999999,#C C picks the other shoe,Cleaning,Object Transfer,Logistics step of picking up an object.,silver,5,r001
62ecb68c-4aea-4b07-8e84-696d65cc3672,143.12753859999998,#C C throws the wipe in the trash can,Cleaning,Locomotion,"Movement of the hand to throw the wipe, involving a high body acceleration component.",silver,5,r001
62ecb68c-4aea-4b07-8e84-696d65cc3672,187.0382086,#C C places the detergent on the floor,Cleaning,Object Transfer,"Logistics of placing an object, short burst of hand activity.",silver,5,r001
62ecb68c-4aea-4b07-8e84-696d65cc3672,467.2522198207032,#C C rubs #unsure on the shoe,Cleaning,Essential Operation,"Core cleaning task, high hand activity.",silver,5,r001
652f0590-aab5-4de1-b578-238adb54fa0e,43.77905,#O man U faces C.,Mechanical Repair,Stationary,"The action described seems to be a face-to-face interaction, indicating low body and hand motion.",silver,5,r001
652f0590-aab5-4de1-b578-238adb54fa0e,84.92439,#O man V looks at the dashboard.,Mechanical Repair,Search,"Head movement (visual inspection), hands mostly still.",silver,5,r001
652f0590-aab5-4de1-b578-238adb54fa0e,109.97561,#O man T laughs.,Mechanical Repair,Stationary,"Low body/hand motion, indicating a stationary activity such as talking.",silver,5,r001
652f0590-aab5-4de1-b578-238adb54fa0e,127.54558,#O man T walks.,Mechanical Repair,Locomotion,"Body moving through space, indicative of walking.",silver,5,r001
652f0590-aab5-4de1-b578-238adb54fa0e,207.08444,#O man W walks.,Mechanical Repair,Locomotion,"Movement through space, characterized by body acceleration.",silver,5,r001
652f0590-aab5-4de1-b578-238adb54fa0e,220.64155,#C C puts the bag on his laps.,Mechanical Repair,Stationary,The action involves placing an object and likely involves minimal movement thereafter.,silver,5,r001
652f0590-aab5-4de1-b578-238adb54fa0e,228.77083,#O man U drives the car.,Mechanical Repair,Locomotion,"Body moving through space, likely involves driving which is a form of locomotion.",silver,5,r001
652f0590-aab5-4de1-b578-238adb54fa0e,255.41608,#O man V lowers his hand.,Mechanical Repair,Stationary,"The action describes a lowering of the hand, which is a minor movement and does not indicate significant body or hand activity.",silver,5,r001
652f0590-aab5-4de1-b578-238adb54fa0e,929.9456433333334,#C C looks at people playing basketball,Mechanical Repair,Search,"Visual search or monitoring (looking at people playing basketball), low hand activity.",silver,5,r001
652f0590-aab5-4de1-b578-238adb54fa0e,1255.3990366666667,#O man R plays basketball,Mechanical Repair,Locomotion,Playing basketball involves movement through space with high body acceleration.,silver,5,r001
652f0590-aab5-4de1-b578-238adb54fa0e,1287.0807966666666,#O man X plays basketball,Mechanical Repair,Locomotion,Playing basketball involves significant body movement through space.,silver,5,r001
652f0590-aab5-4de1-b578-238adb54fa0e,1371.5525766666667,#C C does exercise,Mechanical Repair,Stationary,"The action 'does exercise' implies a static or low-energy state, likely involving minimal movement.",silver,5,r001
652f0590-aab5-4de1-b578-238adb54fa0e,1932.87049,#C C bounces the ball,Mechanical Repair,Stationary,"The action of bouncing a ball does not fit into the other categories as well as Stationary. It does not involve a core manual task, object transfer, search, or an error/correction. While it involves movement, the context here suggests a playful or idle action rather than a focused repair task.",silver,5,r001
652f0590-aab5-4de1-b578-238adb54fa0e,2029.03571,#O man R bounces the ball,Mechanical Repair,Stationary,"The action of bouncing a ball does not fit the other categories well, and it does not imply continuous movement or a specific task. It suggests a momentary, stationary activity.",silver,5,r001
652f0590-aab5-4de1-b578-238adb54fa0e,2212.769333333333,#O man B plays basketball,Mechanical Repair,Locomotion,"Body moving through space, high body acceleration.",silver,5,r001
652f0590-aab5-4de1-b578-238adb54fa0e,2247.412803333333,#O man R plays the throws the ball,Mechanical Repair,Object Transfer,"[CtxFixed] The action involves throwing the ball, which is a deliberate movement of an object.",silver,5,r001
652f0590-aab5-4de1-b578-238adb54fa0e,2724.393216666667,#O man R plays the basketball,Mechanical Repair,Stationary,"The action described does not involve significant movement or task execution, implying a low-energy state.",silver,5,r001
652f0590-aab5-4de1-b578-238adb54fa0e,2764.0176266666667,#C C plays basketball,Mechanical Repair,Locomotion,"Body moving through space, likely involves high body acceleration.",silver,5,r001
652f0590-aab5-4de1-b578-238adb54fa0e,2955.372516666667,#O man X throws ball to C,Mechanical Repair,Object Transfer,"[CtxFixed] The action involves moving an object (the ball) from one person (man X) to another person (C), which fits the definition of transferring an object.",silver,5,r001
652f0590-aab5-4de1-b578-238adb54fa0e,3000.737316666666,#O man X dribbles ball on pitch,Mechanical Repair,Locomotion,"The action describes movement with a ball, indicating locomotion.",silver,5,r001
652f0590-aab5-4de1-b578-238adb54fa0e,3015.748966666667,#O man T dribbles ball on pitch,Mechanical Repair,Locomotion,"Movement through space, likely involves walking or running with a ball.",silver,5,r001
652f0590-aab5-4de1-b578-238adb54fa0e,3046.1079566666667,#O man Y dribbles ball on pitch,Mechanical Repair,Locomotion,"The action describes movement through space, indicative of locomotion.",silver,5,r001
652f0590-aab5-4de1-b578-238adb54fa0e,3294.5850000000005,#C C holds the ball,Mechanical Repair,Stationary,"Holding an object is a low-energy, stationary action.",silver,5,r001
652f0590-aab5-4de1-b578-238adb54fa0e,3300.0425300000006,#O man X walks around,Mechanical Repair,Locomotion,Body moving through space (walking).,silver,5,r001
652f0590-aab5-4de1-b578-238adb54fa0e,3510.1758800000007,#O man X runs around,Mechanical Repair,Locomotion,Movement through space at a quick pace.,silver,5,r001
652f0590-aab5-4de1-b578-238adb54fa0e,3523.1380000000004,#C C watches the basketball game,Mechanical Repair,Stationary,"Low body/hand motion, likely sitting or standing still while watching.",silver,5,r001
652f0590-aab5-4de1-b578-238adb54fa0e,3756.474799333334,#C C jumps,Mechanical Repair,Locomotion,Body moving through space with a sudden movement.,silver,5,r001
652f0590-aab5-4de1-b578-238adb54fa0e,4405.225626666667,#C C plays the ball,Mechanical Repair,Essential Operation,"[CtxFixed] Playing the ball is an essential operation as it involves an active engagement with an object for a specific purpose, such as entertainment or exercise.",silver,5,r001
652f0590-aab5-4de1-b578-238adb54fa0e,4503.949846666667,#O man V talks,Mechanical Repair,Stationary,"Low body/hand motion, likely speaking.",silver,5,r001
652f0590-aab5-4de1-b578-238adb54fa0e,4565.758026666667,#O man F walks around,Mechanical Repair,Locomotion,"Movement through space, indicative of walking.",silver,5,r001
67b78a5b-ab72-4483-95c4-33e837013e93,6.8833886,# C c touches stairs metal,Cleaning,Locomotion,"Body movement through space, likely involves climbing or moving on stairs.",silver,5,r001
67b78a5b-ab72-4483-95c4-33e837013e93,57.1766486,# C c wears shoes,Cleaning,Stationary,Wearing shoes is typically a static action with minimal movement.,silver,5,r001
67b78a5b-ab72-4483-95c4-33e837013e93,147.05545859999998,# C c rides bicycle in the road,Cleaning,Locomotion,"Body moving through space (riding a bicycle), high body acceleration.",silver,5,r001
67b78a5b-ab72-4483-95c4-33e837013e93,299.6463986,# X x looks at c,Cleaning,Search,"Head movement (visual inspection), hands mostly still.",silver,5,r001
67b78a5b-ab72-4483-95c4-33e837013e93,526.1187486,# C c walks on the road,Cleaning,Locomotion,Body moving through space (walking).,silver,5,r001
67b78a5b-ab72-4483-95c4-33e837013e93,1486.6789419333331,# X x walks,Cleaning,Locomotion,"Body moving through space, indicative of walking.",silver,5,r001
67b78a5b-ab72-4483-95c4-33e837013e93,1965.4113352666664,#X person o moves hand,Cleaning,Stationary,"Low body/hand motion, possibly indicating a stationary activity.",silver,5,r001
67b78a5b-ab72-4483-95c4-33e837013e93,2675.8753079333333,#C c touches calf,Cleaning,Stationary,"Low body/hand motion, likely a touch or scratch.",silver,5,r001
67b78a5b-ab72-4483-95c4-33e837013e93,2883.4502352666664,#O the man X rubs the tissue paper in both hands.,Cleaning,Essential Operation,Core task involving high hand activity.,silver,5,r001
67b78a5b-ab72-4483-95c4-33e837013e93,3060.482301933333,#C c rides toward the house,Cleaning,Locomotion,Body moving through space (ride). High body acceleration expected.,silver,5,r001
67b78a5b-ab72-4483-95c4-33e837013e93,3163.621941933333,#C c picks uncertain on the floor,Cleaning,Object Transfer,"[CtxFixed] The action of picking something up from the floor indicates that the person is moving an object, which fits the definition of Object Transfer.",silver,5,r001
67b78a5b-ab72-4483-95c4-33e837013e93,3204.9446012666667,#C c enters the kitchen,Cleaning,Stationary,Entering a location typically involves minimal motion.,silver,5,r001
67b78a5b-ab72-4483-95c4-33e837013e93,3570.1215376213304,#C c walks along the kitchen corridor,Cleaning,Locomotion,"Body moving through space, indicative of walking.",silver,5,r001
6ac1d2ed-1f6b-4828-a1ab-f81c40bd5e80,144.7843552666667,#C C sets the weighing machine,Cooking,Stationary,Setting the weighing machine involves minimal body and hand motion.,silver,5,r001
6ac1d2ed-1f6b-4828-a1ab-f81c40bd5e80,175.54831526666666,#C C touches the nylon paper on top of the shelf,Cooking,Search,Implies a visual or tactile search for an item on a shelf.,silver,5,r001
6ac1d2ed-1f6b-4828-a1ab-f81c40bd5e80,223.13411526666667,#C C moves towards the shelf,Cooking,Locomotion,Body moving through space towards a destination.,silver,5,r001
6ac1d2ed-1f6b-4828-a1ab-f81c40bd5e80,246.07883526666663,#C C picks the lid on top of the table,Cooking,Object Transfer,Logistics step involving picking up an object.,silver,5,r001
6ac1d2ed-1f6b-4828-a1ab-f81c40bd5e80,269.00312526666664,#C C picks the packet in the fridge,Cooking,Object Transfer,Logistics step involving picking up an object.,silver,5,r001
6ac1d2ed-1f6b-4828-a1ab-f81c40bd5e80,273.48540526666665,#C C puts the packet on top of the table,Cooking,Object Transfer,Logistics step of placing an object.,silver,5,r001
6ac1d2ed-1f6b-4828-a1ab-f81c40bd5e80,639.9902252666667,#C C places the spoon on the bowl,Cooking,Object Transfer,Logistics step involving placing an object.,silver,5,r001
6ac1d2ed-1f6b-4828-a1ab-f81c40bd5e80,680.0985352666668,#C C stirs the the food in the pot with the spoon,Cooking,Essential Operation,Core manual task involving repetitive hand movement.,silver,5,r001
6ac1d2ed-1f6b-4828-a1ab-f81c40bd5e80,1093.2908909546634,#C C scoops some food with the spoon,Cooking,Essential Operation,Core task involving manual operation with the hand.,silver,5,r001
6b889d80-1c10-413c-9532-fbd629305a43,176.12404859999998,#C C flips a playing card,Playing Instrument,Object Transfer,"The action involves picking up or flipping an object, which corresponds to logistics or setup steps.",silver,5,r001
6b889d80-1c10-413c-9532-fbd629305a43,225.4730086,#C C places the playing card on the table,Playing Instrument,Object Transfer,"The action involves placing an object, which is a logistics step.",silver,5,r001
6b889d80-1c10-413c-9532-fbd629305a43,830.9063476136719,#C C plays the spider card game,Playing Instrument,Stationary,Playing a card game involves minimal body movement.,silver,5,r001
6b889d80-1c10-413c-9532-fbd629305a43,939.7453453125,#C C picks a card from the table with right hand,Playing Instrument,Object Transfer,Logistics step involving picking up an object.,silver,5,r001
6b889d80-1c10-413c-9532-fbd629305a43,954.3551353125,#C C touches the card with left hand,Playing Instrument,Stationary,"Low body/hand motion, likely preparatory or idle action.",silver,5,r001
6b889d80-1c10-413c-9532-fbd629305a43,982.1710753125,#C C takes a card from left hand,Playing Instrument,Object Transfer,"Logistics step, moving an object from one hand to another.",silver,5,r001
6b889d80-1c10-413c-9532-fbd629305a43,1495.0819453125,#C C counts the cards,Playing Instrument,Stationary,The action involves minimal body movement and is likely performed while seated or standing still.,silver,5,r001
6b889d80-1c10-413c-9532-fbd629305a43,1880.1329252666667,#C C moves the cards on table,Playing Instrument,Object Transfer,"The action involves picking up and moving cards, which is a logistics task.",silver,5,r001
6c0a8bc3-1a83-4f90-bb7f-6baf959b2364,381.4773740931641,#C C opens fabric conditioner,Cleaning,Object Transfer,Logistics step involving opening an object.,silver,5,r001
6c0a8bc3-1a83-4f90-bb7f-6baf959b2364,396.2686340931641,#C C presses the dry cleaner,Cleaning,Essential Operation,"Core task involving pressing, which is a manual operation.",silver,5,r001
70e81c43-3bf3-4a3c-81df-16f5108a6918,21.220589600000004,#C C flips through the pages of the book with his hands,Desk Work,Search,Flipping through pages indicates a visual search or monitoring activity with active hand movement but primarily focused on finding specific information.,silver,5,r001
70e81c43-3bf3-4a3c-81df-16f5108a6918,35.9581196,#C C passes the earphones to his right hand,Desk Work,Object Transfer,Passing an object from one hand to another.,silver,5,r001
70e81c43-3bf3-4a3c-81df-16f5108a6918,644.1865976213301,#C C taps on the mobile phone with his right index finger.,Desk Work,Essential Operation,Core manual task involving high hand activity.,silver,5,r001
70e81c43-3bf3-4a3c-81df-16f5108a6918,830.7354076213301,#C C operates one of the computers with his right hand,Desk Work,Essential Operation,Core manual task involving high hand activity.,silver,5,r001
70e81c43-3bf3-4a3c-81df-16f5108a6918,1338.7815742879966,#C C drops the paper on a chair with his left hand.,Desk Work,Object Transfer,"The action involves moving an object (paper) from one location to another (chair), which is a logistics step.",silver,5,r001
70e81c43-3bf3-4a3c-81df-16f5108a6918,1341.7712342879963,#C C adjusts the paper on the chair with his left hand.,Desk Work,Object Transfer,Logistics action involving moving an object (paper).,silver,5,r001
70e81c43-3bf3-4a3c-81df-16f5108a6918,1445.446794287997,#C C operates his watch with his right hand.,Desk Work,Stationary,"Low body/hand motion, likely seated while operating watch.",silver,5,r001
70e81c43-3bf3-4a3c-81df-16f5108a6918,1554.3038242879966,#C C picks the USB cord from a bedside table with his right hand.,Desk Work,Object Transfer,"The action involves picking up an object, which is a logistics step.",silver,5,r001
70e81c43-3bf3-4a3c-81df-16f5108a6918,1570.7601442879966,#C C picks the waist bag from the bed with his right hand.,Desk Work,Object Transfer,Logistics step involving picking up an object.,silver,5,r001
70e81c43-3bf3-4a3c-81df-16f5108a6918,1608.2601289546633,#C C opens the cover of the water bottle with his left hand.,Desk Work,Object Transfer,Logistics step involving opening an object.,silver,5,r001
70f2a750-f403-41b8-aabb-480eb3ab4ed4,245.7508886,#C C cuts the ginger.,Cooking,Essential Operation,"Core task, high hand activity.",silver,5,r001
70f2a750-f403-41b8-aabb-480eb3ab4ed4,372.04546928500986,#C C cuts the paper.,Cooking,Essential Operation,"Core task, high hand activity.",silver,5,r001
70f2a750-f403-41b8-aabb-480eb3ab4ed4,407.2782092850099,#C C stirs the garlic.,Cooking,Essential Operation,"Core task, high hand activity.",silver,5,r001
70f2a750-f403-41b8-aabb-480eb3ab4ed4,481.78821928500986,#C C washes the garlic.,Cooking,Essential Operation,Core task involving manual activity with high hand acceleration.,silver,5,r001
70f2a750-f403-41b8-aabb-480eb3ab4ed4,550.5914476136719,#C C stir the food.,Cooking,Essential Operation,Core task involving high hand activity.,silver,5,r001
70f2a750-f403-41b8-aabb-480eb3ab4ed4,784.648207613672,#C C puts the soup on the spoon.,Cooking,Object Transfer,Logistics step of picking up and placing the soup on the spoon.,silver,5,r001
70f2a750-f403-41b8-aabb-480eb3ab4ed4,878.6357782590958,#C C puts the #unsure in the cabinet.,Cooking,Object Transfer,Logistics step involving placing an object.,silver,5,r001
70f2a750-f403-41b8-aabb-480eb3ab4ed4,958.4225182590958,#C C fills the pot with water.,Cooking,Essential Operation,Core task involving manual operation with high hand activity.,silver,5,r001
70f2a750-f403-41b8-aabb-480eb3ab4ed4,1109.552437144922,#C C puts garlic in the squeezer,Cooking,Object Transfer,Logistics step involving picking up and placing the garlic.,silver,5,r001
70f2a750-f403-41b8-aabb-480eb3ab4ed4,1170.920417144922,#C C puts the mushroom stems in the cooking pot,Cooking,Object Transfer,Logistics step involving picking up and placing the mushroom stems.,silver,5,r001
70f2a750-f403-41b8-aabb-480eb3ab4ed4,1250.4827671449218,#C C puts the mushroom waste in the dustbin,Cooking,Object Transfer,Logistics step involving picking up and putting down an object.,silver,5,r001
70f2a750-f403-41b8-aabb-480eb3ab4ed4,1285.4376571449218,#C C takes a package,Cooking,Object Transfer,Logistics/Setup step involving picking up or moving an object.,silver,5,r001
70f2a750-f403-41b8-aabb-480eb3ab4ed4,1353.675017144922,#C C stirs the cucumber,Cooking,Essential Operation,Core task involving high hand activity.,silver,5,r001
70f2a750-f403-41b8-aabb-480eb3ab4ed4,1357.7037571449218,#C C puts the jar lid on the surface,Cooking,Object Transfer,"Logistics step, placing an object on a surface.",silver,5,r001
70f2a750-f403-41b8-aabb-480eb3ab4ed4,1464.239547150964,#C C flaps the dustbin lid,Cooking,Object Transfer,Logistics action involving the manipulation of an object's lid.,silver,5,r001
70f2a750-f403-41b8-aabb-480eb3ab4ed4,1491.9533638176306,#C C puts detergent on the lid,Cooking,Object Transfer,Logistics step involving picking up and placing the detergent.,silver,5,r001
70f2a750-f403-41b8-aabb-480eb3ab4ed4,1575.0168838176303,#C C takes the container lid,Cooking,Object Transfer,Logistics/Setup step.,silver,5,r001
70f2a750-f403-41b8-aabb-480eb3ab4ed4,1598.8214238176306,#C C puts the package on the surface,Cooking,Object Transfer,Logistics step involving picking up and placing the package.,silver,5,r001
70f2a750-f403-41b8-aabb-480eb3ab4ed4,1618.4491238176306,#C C takes broccoli,Cooking,Object Transfer,Logistics step of picking up and moving the broccoli.,silver,5,r001
70f2a750-f403-41b8-aabb-480eb3ab4ed4,1669.995066182194,#C C tastes the stew,Cooking,Stationary,"Low body/hand motion, primarily involves taste perception.",silver,5,r001
71805e46-ca99-4b12-abb4-b1c1af470ae7,106.5765696,#C C paints the porch pillar.,Mechanical Repair,Essential Operation,Core manual task involving high hand activity.,silver,5,r001
71805e46-ca99-4b12-abb4-b1c1af470ae7,147.1889996,#C C removes the paintbrush from the paint container.,Mechanical Repair,Object Transfer,Logistics step involving the movement of an object.,silver,5,r001
71805e46-ca99-4b12-abb4-b1c1af470ae7,363.9336809546634,#C C resumes painting the wooden rail,Mechanical Repair,Essential Operation,Core task involving high hand activity.,silver,5,r001
71805e46-ca99-4b12-abb4-b1c1af470ae7,449.8313309546634,#C C pauses painting the wooden rail,Mechanical Repair,Stationary,"Low body/hand motion, indicates a pause or idle state.",silver,5,r001
71805e46-ca99-4b12-abb4-b1c1af470ae7,472.3116509546634,#O The man Z stands,Mechanical Repair,Stationary,"The action describes a person standing still, indicating low body and hand motion.",silver,5,r001
71805e46-ca99-4b12-abb4-b1c1af470ae7,484.6696209546634,#C C raises his left hand,Mechanical Repair,Stationary,The action describes a single hand movement which does not involve significant motion or task execution.,silver,5,r001
747ca62c-333e-472a-94d8-7d436c56cb45,109.8547796,#C C dips big brush into paint bucket,Mechanical Repair,Object Transfer,"The action involves picking up and transferring the brush into the paint bucket, which is a logistics step.",silver,5,r001
7544f7c5-3823-439f-bc64-326a15d65406,301.7048809546634,#C C moves back the wooden object.,Mechanical Repair,Locomotion,Movement through space involving the body.,silver,5,r001
7544f7c5-3823-439f-bc64-326a15d65406,653.1214776213301,#C C squats down.,Mechanical Repair,Stationary,"Change in posture, low overall motion.",silver,5,r001
7544f7c5-3823-439f-bc64-326a15d65406,808.3158176213301,#C C continues cleaning the wooden members with sandpaper.,Mechanical Repair,Essential Operation,Core manual task involving high hand activity.,silver,5,r001
7a8330bb-336d-48a0-9dfb-c9ae34ff9145,47.14163,#C C analyses the color codes on the wires,Carpentry,Search,"Visual inspection, likely involves head movement and minimal hand activity.",silver,5,r001
7a8330bb-336d-48a0-9dfb-c9ae34ff9145,51.251,#C C separates brown color wire,Carpentry,Essential Operation,Core manual task involving fine motor skills.,silver,5,r001
7a8330bb-336d-48a0-9dfb-c9ae34ff9145,100.52545,#C C twists wire with pliers,Carpentry,Essential Operation,Core task involving high hand activity with tools.,silver,5,r001
7a8330bb-336d-48a0-9dfb-c9ae34ff9145,301.84102,#C C dips fingers inside hole on the ceiling,Carpentry,Search,"The action involves a visual search or monitoring, with fingers being dipped inside a hole, indicating head and hand movements focused on finding or feeling something specific.",silver,5,r001
7a8330bb-336d-48a0-9dfb-c9ae34ff9145,324.13768,#C C holds metal strip,Carpentry,Stationary,"Low body/hand motion, holding an object without movement.",silver,5,r001
7a8330bb-336d-48a0-9dfb-c9ae34ff9145,352.22833,#C C strips wire cover off the wire,Carpentry,Essential Operation,"Core manual task, high hand activity.",silver,5,r001
7a8330bb-336d-48a0-9dfb-c9ae34ff9145,433.76195,#C C holds other wire,Carpentry,Stationary,"Low body/hand motion, holding an object.",silver,5,r001
7a8330bb-336d-48a0-9dfb-c9ae34ff9145,500.87615,#C C climbs ladder with cable connector & screw driver,Carpentry,Locomotion,"Movement through space, high body acceleration.",silver,5,r001
7a8330bb-336d-48a0-9dfb-c9ae34ff9145,505.4905,#C C inserts wire inside cable connector,Carpentry,Essential Operation,Core manual task involving precise hand movements.,silver,5,r001
7a8330bb-336d-48a0-9dfb-c9ae34ff9145,534.5051646666667,#C C walks back with cable connector & screw driver,Carpentry,Locomotion,"Body moving through space (walking), high body acceleration.",silver,5,r001
7a8330bb-336d-48a0-9dfb-c9ae34ff9145,548.8603146666667,#C C tightens cable connector screw with a screw driver,Carpentry,Essential Operation,Core manual task involving high hand activity.,silver,5,r001
7a8330bb-336d-48a0-9dfb-c9ae34ff9145,648.4882266666667,#C C removes wire insulator,Carpentry,Essential Operation,"Core manual task, high hand activity.",silver,5,r001
7a8330bb-336d-48a0-9dfb-c9ae34ff9145,708.6838166666666,#C C goes down the ladder with screw driver,Carpentry,Locomotion,"Body moving through space (going down a ladder), involves high body acceleration.",silver,5,r001
7a8330bb-336d-48a0-9dfb-c9ae34ff9145,767.3598266666667,#C C grabs other wires,Carpentry,Object Transfer,Logistics step involving picking up or moving an object.,silver,5,r001
7d43e858-fc76-4f75-83b7-0da80e3a8a46,7.61675,#C C removes his right hand from the pedal.,Mechanical Repair,Stationary,"The action describes a removal of the hand from a pedal, which is likely followed by a pause or static position.",silver,5,r001
7f53fc56-d792-483c-9243-71796f4a47e5,40.38595,#C C turns the wood in his hands,Carpentry,Search,Head and hand movement indicating a visual search or inspection.,silver,5,r001
7f53fc56-d792-483c-9243-71796f4a47e5,64.48515,#C C measures the wood with the tape measure,Carpentry,Search,Visual inspection/monitoring with minimal hand movement.,silver,5,r001
7f53fc56-d792-483c-9243-71796f4a47e5,78.48505,#C C measures the wood with the try square,Carpentry,Search,"Visual inspection/monitoring with the try square, hands and head involved in precise measurement.",silver,5,r001
7f53fc56-d792-483c-9243-71796f4a47e5,116.35742,#C C marks the wood with the carpenter pencil,Carpentry,Essential Operation,Core task involving precise hand movements.,silver,5,r001
7f53fc56-d792-483c-9243-71796f4a47e5,165.27504,#C C cleans the wood with his left hand,Carpentry,Essential Operation,Core manual task involving high hand activity.,silver,5,r001
7f53fc56-d792-483c-9243-71796f4a47e5,193.92235,#C C touches a black music player with his right hand,Carpentry,Stationary,"The action involves a touch, which is a brief interaction and does not involve significant movement.",silver,5,r001
7f53fc56-d792-483c-9243-71796f4a47e5,217.90768,#C C lowers the glasses,Carpentry,Stationary,"Low body/hand motion, likely involves minor hand movement for glasses adjustment.",silver,5,r001
7f53fc56-d792-483c-9243-71796f4a47e5,272.48533,#C C moves the wood on the metal workbench with his hands,Carpentry,Object Transfer,Logistics of moving the wood on the workbench.,silver,5,r001
7f53fc56-d792-483c-9243-71796f4a47e5,336.63993,#C C sands the wood on the metal work bench with the sanding machine,Carpentry,Essential Operation,Core manual task involving high hand activity with the sanding machine.,silver,5,r001
7f53fc56-d792-483c-9243-71796f4a47e5,401.67133,#C C pushes the measuring tape into its case with his right hand,Carpentry,Object Transfer,Logistics action of putting away the measuring tape.,silver,5,r001
7f53fc56-d792-483c-9243-71796f4a47e5,405.05834,#C C drops the carpenter pencil on the metal work bench with his right hand,Carpentry,Object Transfer,"[CtxFixed] The action involves deliberately placing the carpenter pencil onto the metal work bench, which fits the criteria for 'Object Transfer'.",silver,5,r001
7f53fc56-d792-483c-9243-71796f4a47e5,505.91546,#C C moves the try square and a white paper on the metal work bench with his left hand,Carpentry,Object Transfer,Logistics of moving objects (try square and paper) on a surface.,silver,5,r001
7f53fc56-d792-483c-9243-71796f4a47e5,657.4742166666666,#C C lifts the wood from the floor with his hands,Carpentry,Object Transfer,"Action involves picking up an object, characteristic of logistics or setup steps.",silver,5,r001
7f53fc56-d792-483c-9243-71796f4a47e5,661.4371266666667,#C C drops the wood on the floor,Carpentry,Object Transfer,Refined via regex fallback,silver,5,r001
7f53fc56-d792-483c-9243-71796f4a47e5,752.0007866666667,#C C studies the diagram in the white papers,Carpentry,Search,"Visual search or monitoring, head movement likely involved.",silver,5,r001
7f53fc56-d792-483c-9243-71796f4a47e5,814.4284766666667,#C C drops the tape measure on the metal workbench with his right hand,Carpentry,Object Transfer,"[CtxFixed] The action of dropping the tape measure onto the metal workbench can be interpreted as a deliberate placement of the object, which fits the 'Object Transfer' category.",silver,5,r001
7f53fc56-d792-483c-9243-71796f4a47e5,815.3396666666667,#C C picks up a try square from the metal workbench with his right hand,Carpentry,Object Transfer,Logistics step of picking up an object.,silver,5,r001
808c2a0c-9010-4be5-88b1-d697b417848d,14.8874686,#C C picks a poker chips,Playing Instrument,Object Transfer,"Picking up an object, involves short bursts of hand acceleration.",silver,5,r001
808c2a0c-9010-4be5-88b1-d697b417848d,16.2123086,#C C places the poker chips on the board,Playing Instrument,Object Transfer,Logistics step involving placing objects.,silver,5,r001
808c2a0c-9010-4be5-88b1-d697b417848d,23.151138600000003,# C C places the poker chips on the board,Playing Instrument,Object Transfer,"Logistics of placing objects, short bursts of hand acceleration.",silver,5,r001
808c2a0c-9010-4be5-88b1-d697b417848d,81.6399486,#O man A places the playing card on the table,Playing Instrument,Object Transfer,"The action involves placing an object, which is a logistics step.",silver,5,r001
808c2a0c-9010-4be5-88b1-d697b417848d,119.6857486,#O man A pulls a playing card,Playing Instrument,Stationary,"The action described is pulling a card, which is a quick motion but does not involve sustained movement or high energy activity.",silver,5,r001
808c2a0c-9010-4be5-88b1-d697b417848d,132.61276859999998,#C C rubs the left hand with the right hand,Playing Instrument,Essential Operation,Core manual task involving high hand activity.,silver,5,r001
808c2a0c-9010-4be5-88b1-d697b417848d,189.4279986,#O man A moves the right hand,Playing Instrument,Essential Operation,Core manual task involving high hand activity.,silver,5,r001
808c2a0c-9010-4be5-88b1-d697b417848d,196.9178586,#O man A lifts the pen,Playing Instrument,Object Transfer,"The action involves picking up an object (pen), which is a logistics step.",silver,5,r001
808c2a0c-9010-4be5-88b1-d697b417848d,220.9561186,#O man A writes on the paper,Playing Instrument,Stationary,"The action describes a stationary activity such as writing, which involves minimal body movement.",silver,5,r001
808c2a0c-9010-4be5-88b1-d697b417848d,268.47018860000003,#C C moves both hands,Playing Instrument,Essential Operation,Core task involving high hand activity.,silver,5,r001
808c2a0c-9010-4be5-88b1-d697b417848d,276.6305386,#C C drops the dice on the board,Playing Instrument,Object Transfer,"[CtxFixed] The action of dropping the dice onto the board is a deliberate placement, which fits the definition of an Object Transfer.",silver,5,r001
808c2a0c-9010-4be5-88b1-d697b417848d,299.2733386458333,#CC holds the pen with both her hands,Playing Instrument,Stationary,"Low body/hand motion, holding position.",silver,5,r001
808c2a0c-9010-4be5-88b1-d697b417848d,353.4637786458333,#C C pushes the cards towards the game board,Playing Instrument,Object Transfer,Logistics step involving the movement of cards towards the game board.,silver,5,r001
808c2a0c-9010-4be5-88b1-d697b417848d,392.96963864583336,#O a man X shakes the dice,Playing Instrument,Stationary,The action described ('shakes the dice') does not involve significant body or hand motion that would qualify it for other categories.,silver,5,r001
808c2a0c-9010-4be5-88b1-d697b417848d,434.8927686458333,#C C picks up the game piece,Playing Instrument,Object Transfer,"The action involves picking up an object, which is a logistics step.",silver,5,r001
808c2a0c-9010-4be5-88b1-d697b417848d,458.7657786458333,#C C writes on the sheet of paper with the pen,Playing Instrument,Essential Operation,Core manual task involving high hand activity.,silver,5,r001
808c2a0c-9010-4be5-88b1-d697b417848d,492.9344186458333,#O a man X picks up the pen,Playing Instrument,Object Transfer,Logistics/Setup step (picking up the pen).,silver,5,r001
808c2a0c-9010-4be5-88b1-d697b417848d,530.5764786458333,#O a man X holds the cards with both his hands,Playing Instrument,Stationary,"The action describes holding cards with both hands, indicating a low-energy, stationary state.",silver,5,r001
808c2a0c-9010-4be5-88b1-d697b417848d,546.2223186458333,#O a man X moves the game piece on the game board's surface,Playing Instrument,Object Transfer,Logistics step involving moving the game piece.,silver,5,r001
808c2a0c-9010-4be5-88b1-d697b417848d,612.7978658298177,#C C writes writes on a paper,Playing Instrument,Stationary,Writing is a fine motor task with low body motion.,silver,5,r001
808c2a0c-9010-4be5-88b1-d697b417848d,712.0460658298177,#O man X faces card to C,Playing Instrument,Stationary,"The action described does not involve significant movement, suggesting a stationary or low-energy activity.",silver,5,r001
80debc82-fea5-4125-aab6-725d1b139289,5.7848696,#c c looks through the phone,Walking Outdoors,Search,"Head movement (visual search), hands mostly still.",silver,5,r001
8698a0ea-f434-49f9-a8e4-45220e5d4b2c,644.378927613672,#C C pushes vacuum cleaner,Cleaning,Locomotion,"Body moving through space with the vacuum cleaner, high body acceleration.",silver,5,r001
8698a0ea-f434-49f9-a8e4-45220e5d4b2c,701.3839876136719,#C C picks carpet from the floor,Cleaning,Object Transfer,Logistics step involving picking up an object.,silver,5,r001
8698a0ea-f434-49f9-a8e4-45220e5d4b2c,723.323447613672,#C C picks a vacuum head,Cleaning,Object Transfer,Logistics step involving picking up an object.,silver,5,r001
8698a0ea-f434-49f9-a8e4-45220e5d4b2c,791.1392076136719,#C C adjusts vacuum cleaner with legs,Cleaning,Locomotion,"Body movement through space, likely involves adjusting the position of the legs.",silver,5,r001
8b633bf7-5585-4bb1-bb68-eea38ac9f14a,53.9662686,#C C picks blander,Mechanical Repair,Object Transfer,Logistics step involving picking up an object.,silver,5,r001
8b633bf7-5585-4bb1-bb68-eea38ac9f14a,104.5266186,#C C puts cell tape on the light,Mechanical Repair,Essential Operation,Core task involving manual dexterity and focused hand activity.,silver,5,r001
8b633bf7-5585-4bb1-bb68-eea38ac9f14a,178.8506386,#C C puts cell tape down,Mechanical Repair,Object Transfer,Logistics step involving placing an object.,silver,5,r001
8b633bf7-5585-4bb1-bb68-eea38ac9f14a,204.0920186,#C C holds light cover,Mechanical Repair,Stationary,Holding an object in place involves minimal movement.,silver,5,r001
8b633bf7-5585-4bb1-bb68-eea38ac9f14a,281.2458340931641,#C C moves #unsure from mouth,Mechanical Repair,Essential Operation,"[CtxFixed] The action of moving something from the mouth is likely part of a process involving the manipulation or preparation of the cell tape, which is an essential operation.",silver,5,r001
8b633bf7-5585-4bb1-bb68-eea38ac9f14a,306.74827409316407,#C C sticks tape on cover light,Mechanical Repair,Essential Operation,Core task involving manual dexterity and hand activity.,silver,5,r001
8b633bf7-5585-4bb1-bb68-eea38ac9f14a,337.0613340931641,#C C presses tape on the light,Mechanical Repair,Essential Operation,Core manual task involving hand activity.,silver,5,r001
8b633bf7-5585-4bb1-bb68-eea38ac9f14a,488.4601440931641,#C C picks # #unsure,Mechanical Repair,Object Transfer,Logistics step of picking up an object.,silver,5,r001
8d44b13c-464d-498b-b639-dfede202872c,9.1901296,#C C applies the liquid on the wooden piece with the brush.,Carpentry,Essential Operation,Core task involving high hand activity.,silver,5,r001
8d44b13c-464d-498b-b639-dfede202872c,48.211639600000005,#C C takes the liquid from the container with the brush.,Carpentry,Object Transfer,Logistics step involving picking up and transferring liquid.,silver,5,r001
8d44b13c-464d-498b-b639-dfede202872c,299.2693009546634,#C C picks a paint brush from the table.,Carpentry,Object Transfer,"Logistics/Setup step, picking up an object.",silver,5,r001
8d44b13c-464d-498b-b639-dfede202872c,470.54828095466337,#C C moves the container of liquid on the table.,Carpentry,Object Transfer,"Moving an object from one place to another, short bursts of hand acceleration.",silver,5,r001
8d44b13c-464d-498b-b639-dfede202872c,513.8309909546634,#C C scrapes the plywood with the small filler scraper.,Carpentry,Essential Operation,Core manual task involving high hand activity.,silver,5,r001
8d44b13c-464d-498b-b639-dfede202872c,519.7589709546634,#C C scrapes the plywood with the wood filler on the cabinet.,Carpentry,Essential Operation,Core task involving manual work with high hand activity.,silver,5,r001
8d44b13c-464d-498b-b639-dfede202872c,558.9979409546634,#C C tears the white paper into two.,Carpentry,Essential Operation,[CtxFixed] Tearing the white paper is an essential operation as it involves modifying the object for a specific purpose.,silver,5,r001
8d44b13c-464d-498b-b639-dfede202872c,604.8916809546635,#C C applies the wood filler to the wooden structure.,Carpentry,Essential Operation,Core task involving manual activity with hands.,silver,5,r001
8d44b13c-464d-498b-b639-dfede202872c,630.1117609546634,#C C takes the wood filler with the scraper,Carpentry,Object Transfer,"Logistics/Setup step, picking up an object.",silver,5,r001
8d44b13c-464d-498b-b639-dfede202872c,639.1055609546634,#C C scrapes the wood filler from the scraper.,Carpentry,Essential Operation,Core manual task involving high hand activity.,silver,5,r001
8d44b13c-464d-498b-b639-dfede202872c,675.8251309546635,#C C touches the wood filler on the white sheet.,Carpentry,Stationary,"Low body/hand motion, likely involves a gentle touch.",silver,5,r001
8d9e3484-81d3-478f-a056-c2e78d84a6b3,107.5077786,#C C wipes a microwave,Cleaning,Essential Operation,Core manual task involving high hand activity.,silver,5,r001
8d9e3484-81d3-478f-a056-c2e78d84a6b3,140.4251386,#C C wipes wall with a paper towel,Cleaning,Essential Operation,Core task involving high hand activity.,silver,5,r001
8d9e3484-81d3-478f-a056-c2e78d84a6b3,220.1362486,#C C wipes a kitchen counter with a paper towel,Cleaning,Essential Operation,"Core cleaning task, high hand activity.",silver,5,r001
8d9e3484-81d3-478f-a056-c2e78d84a6b3,243.4624386,#C C pushes spray bottles,Cleaning,Locomotion,"Body moving through space with an object (pushing), high body acceleration.",silver,5,r001
8d9e3484-81d3-478f-a056-c2e78d84a6b3,244.8767186,#C C wipes a cooker with a paper towel,Cleaning,Essential Operation,Core task involving high hand activity.,silver,5,r001
8d9e3484-81d3-478f-a056-c2e78d84a6b3,313.33675798964845,#C C scrubs a cooker with a scrubber,Cleaning,Essential Operation,Core task involving manual scrubbing with high hand activity.,silver,5,r001
8d9e3484-81d3-478f-a056-c2e78d84a6b3,350.69317798964846,#C C wipes a cooker with a scrubber,Cleaning,Essential Operation,Core task involving high hand activity.,silver,5,r001
8d9e3484-81d3-478f-a056-c2e78d84a6b3,432.3085479896485,#C C wipes a kitchen worktop with a paper towel,Cleaning,Essential Operation,Core task involving high hand activity.,silver,5,r001
90f8d8f3-21af-4554-a56d-fecf36467855,16.35127,#C C carries the dish holder from the counter,Cleaning,Object Transfer,"Logistics step, moving an object from one location to another.",silver,5,r001
95d9ba52-4cf1-4e7a-88c0-0402ed1d60c8,48.3432296,#C C continues drilling through the wall.,Carpentry,Essential Operation,Core task involving high hand activity.,silver,5,r001
95d9ba52-4cf1-4e7a-88c0-0402ed1d60c8,105.5739996,#C C picks up a masonry nail and hammer.,Carpentry,Object Transfer,Logistics step of picking up items.,silver,5,r001
95d9ba52-4cf1-4e7a-88c0-0402ed1d60c8,193.4086196,#C C pulls the drilling machine wire on the ground.,Carpentry,Locomotion,"Body moving through space to pull the wire, involves high body acceleration.",silver,5,r001
95d9ba52-4cf1-4e7a-88c0-0402ed1d60c8,216.2662996,#C C continues drilling the wall.,Carpentry,Essential Operation,Core task involving high hand activity and focused action.,silver,5,r001
95d9ba52-4cf1-4e7a-88c0-0402ed1d60c8,244.8378196,#C C stops drilling the wall.,Carpentry,Stationary,Low body/hand motion after completing an action.,silver,5,r001
95d9ba52-4cf1-4e7a-88c0-0402ed1d60c8,288.0195609546634,#C C moves the side handle with his left hand,Carpentry,Essential Operation,Core task involving high hand activity.,silver,5,r001
95d9ba52-4cf1-4e7a-88c0-0402ed1d60c8,333.8108409546634,#C C caves out the wall with the chisel,Carpentry,Essential Operation,Core task involving high hand activity and focused manual operation.,silver,5,r001
9930414f-b998-4217-b6b5-aa686236fdf8,517.5745586,#C C enters the lift,Walking Outdoors,Locomotion,"Movement through space, entering the lift indicates a change in location.",silver,5,r001
9930414f-b998-4217-b6b5-aa686236fdf8,597.7244386,#C C arranges the office cabinet,Walking Outdoors,Stationary,"The action describes arranging an office cabinet, which is a low-energy activity with minimal body movement.",silver,5,r001
9930414f-b998-4217-b6b5-aa686236fdf8,612.8416186000001,#C C takes a banner,Walking Outdoors,Object Transfer,Logistics step involving picking up an object.,silver,5,r001
9930414f-b998-4217-b6b5-aa686236fdf8,625.1339186,#C C exists the office and closes the door,Walking Outdoors,Locomotion,Body moving through space (walking).,silver,5,r001
9930414f-b998-4217-b6b5-aa686236fdf8,682.2171686,#C C exists the lift and walks,Walking Outdoors,Locomotion,"Body moving through space, indicative of walking with high body acceleration.",silver,5,r001
9930414f-b998-4217-b6b5-aa686236fdf8,689.6623886,#C C exists the groundfloor door and walks to his car,Walking Outdoors,Locomotion,"Body moving through space, involves walking.",silver,5,r001
9930414f-b998-4217-b6b5-aa686236fdf8,758.2793286,#C C enters the car and drives,Walking Outdoors,Locomotion,"Body moving through space (driving), high body acceleration.",silver,5,r001
9930414f-b998-4217-b6b5-aa686236fdf8,1455.7813185999998,#C C walks with a trolley,Walking Outdoors,Locomotion,"Body moving through space, high body acceleration.",silver,5,r001
9930414f-b998-4217-b6b5-aa686236fdf8,1601.6147486,#C C puts the oranges in the trolley,Walking Outdoors,Object Transfer,Logistics step involving picking up and placing the oranges into the trolley.,silver,5,r001
9930414f-b998-4217-b6b5-aa686236fdf8,1676.4848186,#C C takes cucambers at the shelf,Walking Outdoors,Object Transfer,"Logistics step, picking up objects.",silver,5,r001
9930414f-b998-4217-b6b5-aa686236fdf8,3105.0500686,#c c places the milk powder tin in the shopping bag,Walking Outdoors,Object Transfer,Logistics step involving placing an object.,silver,5,r001
9930414f-b998-4217-b6b5-aa686236fdf8,3107.0152186,#c c picks bottle of #unsure from the cashier counter,Walking Outdoors,Object Transfer,Logistics step involving picking up an object.,silver,5,r001
9930414f-b998-4217-b6b5-aa686236fdf8,3160.5823686000003,#c c looks at the cashier counter,Walking Outdoors,Search,"Head movement (visual search), hands mostly still.",silver,5,r001
9930414f-b998-4217-b6b5-aa686236fdf8,3215.7372186,#c c moves the trolley towards the parking lot,Walking Outdoors,Locomotion,"Body moving through space, indicative of walking or pushing an object while moving.",silver,5,r001
9930414f-b998-4217-b6b5-aa686236fdf8,3277.0239386000003,#c c stops the stroller,Walking Outdoors,Locomotion,"Stopping the stroller is part of the walking activity, involves body movement.",silver,5,r001
9930414f-b998-4217-b6b5-aa686236fdf8,3288.1711586,#c c moves the shopping bag,Walking Outdoors,Object Transfer,"Logistics of moving the shopping bag, short bursts of hand acceleration.",silver,5,r001
9930414f-b998-4217-b6b5-aa686236fdf8,3301.2643886,#c c places the sachet of spaghetti in the boot,Walking Outdoors,Object Transfer,"Logistics step, placing an object.",silver,5,r001
9930414f-b998-4217-b6b5-aa686236fdf8,3309.4535986,#c c closes the car boot,Walking Outdoors,Object Transfer,"The action involves closing a car boot, which is a logistics step.",silver,5,r001
9930414f-b998-4217-b6b5-aa686236fdf8,3387.2393786,#c c walks towards the parking lot,Walking Outdoors,Locomotion,Body moving through space (walking).,silver,5,r001
9930414f-b998-4217-b6b5-aa686236fdf8,3698.9774386,#c c removes a board from the car seat,Walking Outdoors,Object Transfer,Logistics step involving picking up and removing an object.,silver,5,r001
9930414f-b998-4217-b6b5-aa686236fdf8,3736.5781786,#c c walks into the showroom,Walking Outdoors,Locomotion,"Body moving through space, indicative of walking.",silver,5,r001
9e7fa594-5774-4681-a034-50a5c83cff8f,579.3991452666667,#C C puts hand in the bag,Walking Outdoors,Object Transfer,"The action involves picking up or putting something in a bag, which is a logistics step.",silver,5,r001
9e7fa594-5774-4681-a034-50a5c83cff8f,679.9616152666667,#O lady X carries basket,Walking Outdoors,Locomotion,Body moving through space while carrying an object.,silver,5,r001
9e7fa594-5774-4681-a034-50a5c83cff8f,756.8627552666667,#C C types on laptop,Walking Outdoors,Stationary,Typing on a laptop is a stationary activity with minimal body movement.,silver,5,r001
9e7fa594-5774-4681-a034-50a5c83cff8f,826.0431252666667,#C C moves bowl,Walking Outdoors,Stationary,"The action 'C moves bowl' does not indicate locomotion or high activity that would fit the other categories. It suggests a brief, low-energy movement.",silver,5,r001
9e7fa594-5774-4681-a034-50a5c83cff8f,985.1755852666668,#C C drops #unsure in the tray,Walking Outdoors,Object Transfer,Refined via regex fallback,silver,5,r001
9e7fa594-5774-4681-a034-50a5c83cff8f,988.3350952666668,#C C holds charger,Walking Outdoors,Stationary,Holding an object with minimal body movement.,silver,5,r001
9e7fa594-5774-4681-a034-50a5c83cff8f,1079.9126919333337,#C C types on the phone,Walking Outdoors,Stationary,"Typing on a phone involves minimal body movement and is primarily a hand activity, which fits the stationary category.",silver,5,r001
9e7fa594-5774-4681-a034-50a5c83cff8f,1114.1759919333333,#C C inserts earphone in the phone,Walking Outdoors,Stationary,"The action involves a small, precise movement that does not involve significant body or hand acceleration.",silver,5,r001
9e7fa594-5774-4681-a034-50a5c83cff8f,1171.4695619333334,#C C holds laptop,Walking Outdoors,Stationary,"Holding an object with minimal movement, indicating a stationary action.",silver,5,r001
9e7fa594-5774-4681-a034-50a5c83cff8f,1190.6608919333332,#C C writes on the pad,Walking Outdoors,Stationary,"Low body/hand motion, writing is a fine motor task with minimal body movement.",silver,5,r001
9e7fa594-5774-4681-a034-50a5c83cff8f,1269.3207319333333,#O person X talks with C,Walking Outdoors,Stationary,"Low body/hand motion, focus on conversation.",silver,5,r001
9e7fa594-5774-4681-a034-50a5c83cff8f,1362.2133519333331,#C C holds marker pen,Walking Outdoors,Stationary,"Low body/hand motion, holding an object without moving.",silver,5,r001
9e7fa594-5774-4681-a034-50a5c83cff8f,1422.4903619333334,#C C picks up bag,Walking Outdoors,Object Transfer,Logistics action of picking up an object.,silver,5,r001
a65500f7-956f-486d-872a-61742acb90d8,73.7173586,#O Man X Eats a banana,Walking Outdoors,Essential Operation,"The action involves eating, which is a core manual task with high hand activity.",silver,5,r001
a65500f7-956f-486d-872a-61742acb90d8,159.7178286,#C C Puts down part of a vacuum cleaner,Walking Outdoors,Object Transfer,"Action involves placing an object down, which is a logistics step.",silver,5,r001
a65500f7-956f-486d-872a-61742acb90d8,196.1343986,#C C Connects plug socket in a socket,Walking Outdoors,Stationary,"The action involves a specific task (connecting a plug to a socket) which is typically performed while standing still, resulting in low body motion.",silver,5,r001
a65500f7-956f-486d-872a-61742acb90d8,251.0749486,#C C Unplugs a phone charger charger,Walking Outdoors,Stationary,"The action described is not related to locomotion or movement through space, but rather a static task of unplugging a charger.",silver,5,r001
a65500f7-956f-486d-872a-61742acb90d8,385.1570086,#C C Puts down a shopping bag on a bed,Walking Outdoors,Object Transfer,Logistics step involving placing an object down.,silver,5,r001
a65500f7-956f-486d-872a-61742acb90d8,440.01317860000006,#C C Lifts a vacuum cleaner,Walking Outdoors,Essential Operation,Lifting an object involves a core manual task with high hand activity.,silver,5,r001
a65500f7-956f-486d-872a-61742acb90d8,627.2998652666668,#C C Puts don a cable,Walking Outdoors,Object Transfer,"Logistics step, likely involves picking up and putting down the cable.",silver,5,r001
a65500f7-956f-486d-872a-61742acb90d8,772.3496652666668,#C C Presses vacuum cleaner button,Walking Outdoors,Stationary,"Pressing a button is a short, localized action with minimal body movement.",silver,5,r001
a65500f7-956f-486d-872a-61742acb90d8,1107.9260419333334,#C C Moves a vacuum cleaner on the floor,Walking Outdoors,Locomotion,"Body moving through space, likely involves pushing or moving a vacuum cleaner which implies high body acceleration.",silver,5,r001
a65500f7-956f-486d-872a-61742acb90d8,1344.8656619333333,#C C Presses a vacuum cleaner,Walking Outdoors,Essential Operation,"[CtxFixed] The current action involves using the vacuum cleaner, which is a functional operation rather than a movement or transfer of an object.",silver,5,r001
a65500f7-956f-486d-872a-61742acb90d8,1422.7797819333332,#C C cleans the stairs,Walking Outdoors,Essential Operation,"Core manual task involving cleaning, high hand activity.",silver,5,r001
a65500f7-956f-486d-872a-61742acb90d8,1838.5064909546631,#C C adjusts the vacuum machine,Walking Outdoors,Stationary,Adjusting a machine typically involves low body and hand motion.,silver,5,r001
a65500f7-956f-486d-872a-61742acb90d8,1944.2419909546632,#C C leans the broom towards the wall,Walking Outdoors,Object Transfer,The action involves placing an object (broom) in a specific location (against the wall).,silver,5,r001
a65500f7-956f-486d-872a-61742acb90d8,2001.3457509546631,#C C moves a cable,Walking Outdoors,Essential Operation,Core manual task involving high hand activity.,silver,5,r001
a65500f7-956f-486d-872a-61742acb90d8,2288.6491586,#C C places a mop on a cabinet,Walking Outdoors,Object Transfer,"The action involves placing an object, which is a logistics step.",silver,5,r001
a65500f7-956f-486d-872a-61742acb90d8,3065.801815266667,#C C carries a vacuum machine,Walking Outdoors,Locomotion,"Body moving through space with an object, high body acceleration.",silver,5,r001
a65500f7-956f-486d-872a-61742acb90d8,3226.1156319333336,#C C cleans a house using a vacuum machine,Walking Outdoors,Essential Operation,Core manual task involving high hand activity with the vacuum machine.,silver,5,r001
a65500f7-956f-486d-872a-61742acb90d8,3428.4588319333334,#C C pulls a vacuum cleaner,Walking Outdoors,Essential Operation,Core task involving high hand activity.,silver,5,r001
a65500f7-956f-486d-872a-61742acb90d8,3436.9524119333337,#C C checks the vacuum tool cleaner,Walking Outdoors,Stationary,"Checking an item involves minimal movement, mostly visual inspection.",silver,5,r001
a65500f7-956f-486d-872a-61742acb90d8,3592.7593419333334,#C C places a drink on the refrigerator,Walking Outdoors,Object Transfer,Logistics step of placing an object.,silver,5,r001
a65500f7-956f-486d-872a-61742acb90d8,3707.961421933333,#C C places a khaki bag on a corner,Walking Outdoors,Object Transfer,"The action involves placing an object, which is a logistics step.",silver,5,r001
a65500f7-956f-486d-872a-61742acb90d8,3853.0364986,#C C press a switch,Walking Outdoors,Stationary,Pressing a switch is a brief action with minimal movement.,silver,5,r001
a65500f7-956f-486d-872a-61742acb90d8,3885.3342786,#C C places the cup on the stand,Walking Outdoors,Object Transfer,Logistics step involving placing an object.,silver,5,r001
a75199b2-6032-427c-bb94-0429e97e1859,33.0194686,#C C holds the items with both hands.,Cooking,Stationary,"Low body/hand motion, holding items without movement.",silver,5,r001
a75199b2-6032-427c-bb94-0429e97e1859,49.3033186,#C C puts the onion on the kitchen slab.,Cooking,Object Transfer,Logistics step involving picking up and placing the onion.,silver,5,r001
a75199b2-6032-427c-bb94-0429e97e1859,128.3505386,#C C takes cooking oil bottle.,Cooking,Object Transfer,"Logistics/Setup step, picking up an object.",silver,5,r001
a75199b2-6032-427c-bb94-0429e97e1859,154.28790859999998,#C C takes more tomatoes.,Cooking,Object Transfer,Logistics/Setup step (taking more tomatoes).,silver,5,r001
a75199b2-6032-427c-bb94-0429e97e1859,201.5374086,#C C feels cooking oil in the saucepan.,Cooking,Essential Operation,Core task involving manual interaction with the oil in the saucepan.,silver,5,r001
a75199b2-6032-427c-bb94-0429e97e1859,212.6136386,#C C takes more tomato.,Cooking,Object Transfer,"Logistics step, picking up or moving an object.",silver,5,r001
a75199b2-6032-427c-bb94-0429e97e1859,356.038713106836,#C C pulls sweater sleeve,Cooking,Stationary,"Low body/hand motion, likely adjusting clothing while standing still.",silver,5,r001
aa37b427-5980-4bf5-be29-87bdb2e60154,17.9320896,#C C holds the phone with both hands.,Cleaning,Stationary,"Low body/hand motion, holding an object without movement.",silver,5,r001
aa37b427-5980-4bf5-be29-87bdb2e60154,158.2399096,#C C cleans towards the living room.,Cleaning,Locomotion,Body moving through space (cleaning while moving towards another room).,silver,5,r001
aa37b427-5980-4bf5-be29-87bdb2e60154,176.7010896,#C C picks #unsure from the room.,Cleaning,Object Transfer,Logistics action involving picking up an object.,silver,5,r001
aa37b427-5980-4bf5-be29-87bdb2e60154,178.5789996,#C C goes outside the room.,Cleaning,Locomotion,"Body moving through space (going outside the room), high body acceleration.",silver,5,r001
aa37b427-5980-4bf5-be29-87bdb2e60154,258.14158960000003,#C C wipes #unsure from the counter top with the right hand.,Cleaning,Essential Operation,Core manual task involving high hand activity.,silver,5,r001
aa37b427-5980-4bf5-be29-87bdb2e60154,285.2021409546634,#O lady Z faces C.,Cleaning,Stationary,"Low body/hand motion, likely facing or addressing someone.",silver,5,r001
aa37b427-5980-4bf5-be29-87bdb2e60154,314.0799509546634,#O lady Z uses the laptop with her right hand.,Cleaning,Essential Operation,Core manual task involving high hand activity.,silver,5,r001
aa37b427-5980-4bf5-be29-87bdb2e60154,349.5048509546634,#C C puts #unsure inside the shelf with his right hand.,Cleaning,Object Transfer,Logistics step involving placing an object.,silver,5,r001
aa37b427-5980-4bf5-be29-87bdb2e60154,412.6008709546634,#C C dumps the shoes at the stairs.,Cleaning,Object Transfer,Logistics step involving moving and placing an object.,silver,5,r001
aa37b427-5980-4bf5-be29-87bdb2e60154,418.5695509546634,#C C opens a wardrobe door. with the right hand.,Cleaning,Object Transfer,Logistics step involving opening a door.,silver,5,r001
aa37b427-5980-4bf5-be29-87bdb2e60154,512.0032009546634,#C C puts the container lid on the sink.,Cleaning,Object Transfer,Logistics step involving picking up and placing an object.,silver,5,r001
aa37b427-5980-4bf5-be29-87bdb2e60154,539.9756376213301,#C C stands in the bathroom.,Cleaning,Stationary,"Low body/hand motion, idle position.",silver,5,r001
aa40c5e2-3730-45c3-8514-9785a67a7e36,302.5427195155273,#C C lifts the phones,Mechanical Repair,Locomotion,"Body movement, likely standing up or lifting the phone with significant body acceleration.",silver,5,r001
ab7ed4f7-10ee-4ccb-bb21-4853c9018b1e,149.5303486,#C C puts aside the cut potatoes.,Cooking,Object Transfer,"Logistics step, moving the cut potatoes to a different location.",silver,5,r001
ab7ed4f7-10ee-4ccb-bb21-4853c9018b1e,237.7563486,#C C holds the cut potatoes.,Cooking,Stationary,"Low body/hand motion, holding an object without movement.",silver,5,r001
ab7ed4f7-10ee-4ccb-bb21-4853c9018b1e,262.2253386,#C C pulls the half potato aside.,Cooking,Object Transfer,Movement of an object (potato) from one location to another.,silver,5,r001
ab7ed4f7-10ee-4ccb-bb21-4853c9018b1e,264.0535086,#C C chops the potato into small pieces.,Cooking,Essential Operation,Core task involving repetitive and high hand activity.,silver,5,r001
ab7ed4f7-10ee-4ccb-bb21-4853c9018b1e,315.41266236484114,#C C places his hand on the cooking recipe.,Cooking,Stationary,"Low body/hand motion, indicating a pause or idle state.",silver,5,r001
ab7ed4f7-10ee-4ccb-bb21-4853c9018b1e,349.5179723648411,#C C washes a table knife.,Cooking,Essential Operation,Core task involving high hand activity.,silver,5,r001
ab7ed4f7-10ee-4ccb-bb21-4853c9018b1e,405.2147323648411,#C C picks the chopped potatoes.,Cooking,Object Transfer,"Logistics step, picking up an object.",silver,5,r001
ab7ed4f7-10ee-4ccb-bb21-4853c9018b1e,410.30680236484113,#C C puts the chopped potatoes in the frying pan.,Cooking,Object Transfer,Logistics step involving picking up and placing the chopped potatoes.,silver,5,r001
ab7ed4f7-10ee-4ccb-bb21-4853c9018b1e,485.97489236484114,#O woman K opens the cupboard.,Cooking,Object Transfer,Logistics/Setup step involving opening a cupboard.,silver,5,r001
ab7ed4f7-10ee-4ccb-bb21-4853c9018b1e,525.9308323648411,#C C puts the chopping board on the basin.,Cooking,Object Transfer,Logistics step involving moving an object to a location.,silver,5,r001
ab7ed4f7-10ee-4ccb-bb21-4853c9018b1e,558.4519521677084,#C C picks a tray from the rack.,Cooking,Object Transfer,Logistics step involving picking up an object.,silver,5,r001
ab7ed4f7-10ee-4ccb-bb21-4853c9018b1e,571.6424421677084,#O woman K washes the utensils.,Cooking,Essential Operation,Core manual task involving high hand activity.,silver,5,r001
ab7ed4f7-10ee-4ccb-bb21-4853c9018b1e,673.8924421677084,#C C pours water in the saucepan.,Cooking,Essential Operation,Core task involving active hand movement.,silver,5,r001
ab7ed4f7-10ee-4ccb-bb21-4853c9018b1e,770.0381721677084,#C C fetches water on a measuring jug.,Cooking,Object Transfer,Fetching an object (logistics step).,silver,5,r001
ab7ed4f7-10ee-4ccb-bb21-4853c9018b1e,903.3722286458332,#C C shakes the cooking pot on the cooker,Cooking,Stationary,"Shaking the pot involves minimal movement beyond arm-level oscillation, indicating low overall body and hand activity.",silver,5,r001
ab7ed4f7-10ee-4ccb-bb21-4853c9018b1e,991.1972186458332,#O person X opens the paste with her hands,Cooking,Object Transfer,"Opening an object, which involves logistics and short bursts of hand activity.",silver,5,r001
ab7ed4f7-10ee-4ccb-bb21-4853c9018b1e,999.7061186458334,#O person X interacts with C,Cooking,Stationary,"Interaction and communication, likely low body/hand motion.",silver,5,r001
ab7ed4f7-10ee-4ccb-bb21-4853c9018b1e,1013.9878786458332,#O person X stirs food with a rubber spatula in the cooking pan,Cooking,Essential Operation,Core task involving high hand activity.,silver,5,r001
ab7ed4f7-10ee-4ccb-bb21-4853c9018b1e,1114.4704585527995,#O woman K holds a slice spoon.,Cooking,Stationary,Holding an object without any movement.,silver,5,r001
ab7ed4f7-10ee-4ccb-bb21-4853c9018b1e,1204.6880385527995,#C C shakes the knife.,Cooking,Stationary,"[CtxFixed] Shaking the knife does not involve movement to a new location, it is not an essential operation, it does not involve transferring an object, it is not a search action, and it is not locomotion. Shaking the knife is a stationary action as it involves manipulating the knife in place.",silver,5,r001
ab7ed4f7-10ee-4ccb-bb21-4853c9018b1e,1245.6827985527996,#O woman K takes the cooking recipe from C.,Cooking,Object Transfer,Logistics/Setup step involving taking an object.,silver,5,r001
ab7ed4f7-10ee-4ccb-bb21-4853c9018b1e,1262.4837785527995,#O woman K holds the potato with her hand.,Cooking,Stationary,Holding an object without movement.,silver,5,r001
ab7ed4f7-10ee-4ccb-bb21-4853c9018b1e,1264.9836485527994,#C C leaves the wooden spoon on the saucepan.,Cooking,Object Transfer,Logistics step of placing an object.,silver,5,r001
aeadb544-fd9f-4bb8-bfbd-fbefd899ec8e,139.9282586,#C C arranges cooking pot on the other pots.,Mechanical Repair,Object Transfer,"Logistics of arranging objects, involves picking up and placing pots.",silver,5,r001
aeadb544-fd9f-4bb8-bfbd-fbefd899ec8e,205.5144086,#C C places a lid in a cupboard.,Mechanical Repair,Object Transfer,Logistics step involving placing an object.,silver,5,r001
aeadb544-fd9f-4bb8-bfbd-fbefd899ec8e,216.9069086,#C C places a plate in the bowl.,Mechanical Repair,Object Transfer,Logistics step involving placing an object.,silver,5,r001
aeadb544-fd9f-4bb8-bfbd-fbefd899ec8e,269.42024860000004,#C C arranges container in the drawer.,Mechanical Repair,Object Transfer,Logistics step involving placing an object.,silver,5,r001
aeadb544-fd9f-4bb8-bfbd-fbefd899ec8e,424.3912292850099,#C C places a jar in a cupboard.,Mechanical Repair,Object Transfer,Logistics step involving placing an object.,silver,5,r001
aeadb544-fd9f-4bb8-bfbd-fbefd899ec8e,490.1219392850099,#C C picks up utensils.,Mechanical Repair,Object Transfer,"The action involves picking up objects, which is a logistics step.",silver,5,r001
aeadb544-fd9f-4bb8-bfbd-fbefd899ec8e,554.6630976136719,#C C puts the lid in the drawer,Mechanical Repair,Object Transfer,Logistics step involving placing an object.,silver,5,r001
aeadb544-fd9f-4bb8-bfbd-fbefd899ec8e,573.9505876136719,#C C puts the lid on the surface,Mechanical Repair,Object Transfer,"The action involves placing an object, which is a logistics step.",silver,5,r001
aeadb544-fd9f-4bb8-bfbd-fbefd899ec8e,644.2327876136719,#C C moves cups in the cupboard,Mechanical Repair,Object Transfer,Logistics of moving objects (cups).,silver,5,r001
aeadb544-fd9f-4bb8-bfbd-fbefd899ec8e,722.2690076136719,#C C puts a cup on the shelf,Mechanical Repair,Object Transfer,Logistics step involving placing an object.,silver,5,r001
aeadb544-fd9f-4bb8-bfbd-fbefd899ec8e,791.9795876136719,#C C holds a packet of floor,Mechanical Repair,Stationary,Holding an object with minimal movement.,silver,5,r001
aeadb544-fd9f-4bb8-bfbd-fbefd899ec8e,1213.1630971449215,#C C arranges the items in the storage container,Mechanical Repair,Object Transfer,Logistics step involving arranging items.,silver,5,r001
aeadb544-fd9f-4bb8-bfbd-fbefd899ec8e,1336.4781971449218,#C C arranges the container on the shelf,Mechanical Repair,Object Transfer,Logistics step involving placement of an object.,silver,5,r001
aeadb544-fd9f-4bb8-bfbd-fbefd899ec8e,1403.4812070741211,#C C operates the cellphone,Mechanical Repair,Essential Operation,"Core manual task involving hands, likely high hand activity.",silver,5,r001
b5d0eb9a-2064-4dc0-a123-b220b1046995,1.75163,#C C holds the ring spanner with both hands.,Mechanical Repair,Stationary,"Low body/hand motion, holding an object without movement.",silver,5,r001
b5d0eb9a-2064-4dc0-a123-b220b1046995,178.56035,#C C turns the ring spanner on a bolt in the engine with his right hand.,Mechanical Repair,Essential Operation,Core manual task with high hand activity.,silver,5,r001
b5d0eb9a-2064-4dc0-a123-b220b1046995,193.80222,#C C fixes the T shape wrench and spanner on the engine with both hands.,Mechanical Repair,Essential Operation,Core manual task involving high hand activity.,silver,5,r001
b5d0eb9a-2064-4dc0-a123-b220b1046995,220.79904,#C C removes the metal rod from the engine with his left hand.,Mechanical Repair,Object Transfer,Logistics/Setup step involving the removal of an object.,silver,5,r001
b5d0eb9a-2064-4dc0-a123-b220b1046995,223.66094,#C C fixes the metal band on the metal rod with his right hand.,Mechanical Repair,Essential Operation,Core manual task involving high hand activity.,silver,5,r001
b5d0eb9a-2064-4dc0-a123-b220b1046995,228.33852,#C C drops the spanner on the workbench.,Mechanical Repair,Object Transfer,"[CtxFixed] The action of dropping the spanner onto the workbench can be interpreted as a deliberate placement of the object, which fits the 'Object Transfer' category.",silver,5,r001
b5d0eb9a-2064-4dc0-a123-b220b1046995,333.17578000000003,#C C fixes the ring spanner on a screw with his right hand on the engine.,Mechanical Repair,Essential Operation,Core manual task involving precise hand movements.,silver,5,r001
b5d0eb9a-2064-4dc0-a123-b220b1046995,347.72688,#C C holds the bolt with both hands.,Mechanical Repair,Stationary,"Low body/hand motion, holding position.",silver,5,r001
b5d0eb9a-2064-4dc0-a123-b220b1046995,520.56639,#C C drops the engine on the workbench with his left hand.,Mechanical Repair,Object Transfer,"[CtxFixed] The action of dropping the engine onto the workbench is a deliberate placement, which fits the criteria for 'Object Transfer'.",silver,5,r001
b5d0eb9a-2064-4dc0-a123-b220b1046995,522.6180400000001,#C C removes a bolt from the engine space with his left hand. #Unsure,Mechanical Repair,Object Transfer,"The action involves removing a bolt, which is a logistics step in the repair process.",silver,5,r001
b940de2b-5fa2-4f37-badc-a42a39919a65,37.5226886,#C C holds the fence branches with his hand,Gardening,Stationary,"The action describes holding branches, which involves minimal movement.",silver,5,r001
b940de2b-5fa2-4f37-badc-a42a39919a65,56.4238086,#C C trims the fence branches with a lopper shears,Gardening,Essential Operation,Core manual task involving high hand activity.,silver,5,r001
b940de2b-5fa2-4f37-badc-a42a39919a65,90.4039086,#C C moves the fence branches on the ground,Gardening,Locomotion,"Body moving through space to manipulate objects (moving branches), involves high body acceleration.",silver,5,r001
b940de2b-5fa2-4f37-badc-a42a39919a65,138.21466859999998,#C C removes the fence branches on the ground,Gardening,Essential Operation,Core manual task involving manipulation and removal of objects.,silver,5,r001
b940de2b-5fa2-4f37-badc-a42a39919a65,214.0077686,#C C scoops the fence branches on the ground,Gardening,Object Transfer,"The action involves picking up and moving objects, which is a logistics step.",silver,5,r001
b940de2b-5fa2-4f37-badc-a42a39919a65,236.8151986,#C C picks the lawn rake on the ground,Gardening,Object Transfer,Logistics step involving picking up an object.,silver,5,r001
b940de2b-5fa2-4f37-badc-a42a39919a65,323.2542992330025,#C C removes the fence branches on the fence with his right hand,Gardening,Essential Operation,Core task involving high hand activity.,silver,5,r001
b940de2b-5fa2-4f37-badc-a42a39919a65,476.1537292330025,#C C sweeps the fence branches on the ground with a lawn rake,Gardening,Essential Operation,Core manual task involving high hand activity.,silver,5,r001
b940de2b-5fa2-4f37-badc-a42a39919a65,513.5623592330024,#C C holds the woven sack bag with his hands,Gardening,Stationary,"Low body/hand motion, holding an object without moving.",silver,5,r001
b940de2b-5fa2-4f37-badc-a42a39919a65,532.8932892330025,#C C scoops the fence branches on the ground with a lawn rake,Gardening,Essential Operation,Core task involving repetitive hand movements and force application.,silver,5,r001
b940de2b-5fa2-4f37-badc-a42a39919a65,559.329437613672,#C C picks the lopper shears on the ground,Gardening,Object Transfer,Logistics step involving picking up an object.,silver,5,r001
b940de2b-5fa2-4f37-badc-a42a39919a65,559.9512776136719,#C C puts the lopper shears on the ground,Gardening,Object Transfer,Logistics step involving placing an object.,silver,5,r001
b940de2b-5fa2-4f37-badc-a42a39919a65,669.5892576136719,#C C trims the fence with a lopper shears,Gardening,Essential Operation,Core task involving manual operation with high hand activity.,silver,5,r001
b940de2b-5fa2-4f37-badc-a42a39919a65,713.6712776136719,#C C moves the fence branches on the fence with his left hand,Gardening,Essential Operation,Core task involving high hand activity.,silver,5,r001
b940de2b-5fa2-4f37-badc-a42a39919a65,805.0649676136719,#C C moves the fence branches on the fence with his left hand,Gardening,Object Transfer,Moving objects (fence branches) to a specific location.,silver,5,r001
b963268a-e7af-4265-b74b-e04031fef505,62.59009,#C C scrubs the wooden rail with the sand paper in her right hand.,Mechanical Repair,Essential Operation,Core manual task with high hand activity.,silver,5,r001
b963268a-e7af-4265-b74b-e04031fef505,90.32177,#C C scrubs the wooden rail with the sand paper in her left hand.,Mechanical Repair,Essential Operation,Core manual task involving high hand activity.,silver,5,r001
b963268a-e7af-4265-b74b-e04031fef505,230.72114,#C C holds onto the rail with her left hand,Mechanical Repair,Stationary,"The action describes holding onto a rail, which is a stable, low-motion activity.",silver,5,r001
b963268a-e7af-4265-b74b-e04031fef505,320.19219,#C C sandpapers the furniture with her left hand,Mechanical Repair,Essential Operation,Core manual task involving high hand activity.,silver,5,r001
b963268a-e7af-4265-b74b-e04031fef505,377.71531,#C C holds the staircase with both hand,Mechanical Repair,Stationary,"Low body/hand motion, holding position.",silver,5,r001
b963268a-e7af-4265-b74b-e04031fef505,636.8316466666666,#C C sandpapers the furniture with her right hand,Mechanical Repair,Essential Operation,"Core manual task, high hand activity.",silver,5,r001
b963268a-e7af-4265-b74b-e04031fef505,873.6068566666667,#C C smoothens the wooden rail with the sandpaper in his right hand.,Mechanical Repair,Essential Operation,Core manual task involving high hand activity.,silver,5,r001
b963268a-e7af-4265-b74b-e04031fef505,906.4686666666666,#C C cleans his right finger with his left finger.,Mechanical Repair,Stationary,"Low body/hand motion, focused task.",silver,5,r001
b963268a-e7af-4265-b74b-e04031fef505,911.8399366666667,#C C smoothens the wooden rail with the sandpaper in his left hand.,Mechanical Repair,Essential Operation,Core task involving high hand activity.,silver,5,r001
b963268a-e7af-4265-b74b-e04031fef505,983.9738866666668,#C C dusts his trouser with his left hand.,Mechanical Repair,Stationary,"Low body/hand motion, likely standing still.",silver,5,r001
b963268a-e7af-4265-b74b-e04031fef505,1089.3945013333334,#C C passes the brush in his right hand to his left hand.,Mechanical Repair,Object Transfer,"Transferring an object from one hand to the other, logistics step.",silver,5,r001
b963268a-e7af-4265-b74b-e04031fef505,1095.7938533333331,#C C cleans the wooden rail with the brush in his right hand.,Mechanical Repair,Essential Operation,Core manual task involving high hand activity.,silver,5,r001
b963268a-e7af-4265-b74b-e04031fef505,1291.0061333333333,#C C holds the wooden rail with his left hand.,Mechanical Repair,Stationary,Holding an object with minimal movement.,silver,5,r001
b963268a-e7af-4265-b74b-e04031fef505,1401.9983433333332,#C C cleans the wooden rail with the brush with his left hand.,Mechanical Repair,Essential Operation,Core manual task involving high hand activity.,silver,5,r001
b963268a-e7af-4265-b74b-e04031fef505,1486.5113033333332,#C walks down the step.,Mechanical Repair,Locomotion,"Body moving through space (walking), high body acceleration.",silver,5,r001
b963268a-e7af-4265-b74b-e04031fef505,1498.4243333333334,#C C cleans the wooden rail with the brush his right hand.,Mechanical Repair,Essential Operation,Core task involving high hand activity.,silver,5,r001
b9eed644-56a9-4a0b-b1a3-5cc0d6688297,10.4775686,#C C stands on the mat on the floor,Desk Work,Locomotion,Body movement through space (standing up).,silver,5,r001
b9eed644-56a9-4a0b-b1a3-5cc0d6688297,572.552319332807,#C C walks on the mat on the floor,Desk Work,Locomotion,Body moving through space (walking).,silver,5,r001
b9eed644-56a9-4a0b-b1a3-5cc0d6688297,879.918647613672,#C C stands up on the mat on the floor,Desk Work,Locomotion,"Body movement through space, specifically standing up.",silver,5,r001
b9eed644-56a9-4a0b-b1a3-5cc0d6688297,919.934887613672,#C C does the plank jump on the mat on the floor,Desk Work,Locomotion,"Body moving through space with a physical exercise (plank jump), high body acceleration.",silver,5,r001
b9eed644-56a9-4a0b-b1a3-5cc0d6688297,1068.481417613672,#C C does the sprinting drills exercise on the mat on the floor,Desk Work,Locomotion,"Body moving through space (exercise), high body acceleration.",silver,5,r001
b9eed644-56a9-4a0b-b1a3-5cc0d6688297,1432.9966747475596,#O A woman X does the sprinting drills exercises on the mat on the floor,Desk Work,Locomotion,"The action involves movement through space, specifically sprinting drills, which indicates high body acceleration.",silver,5,r001
ba23930c-cef7-4f3e-b5bb-8f0a4ae5b1e4,51.7494086,#C C picks up an eggplant from the fridge,Cooking,Object Transfer,Logistics action involving picking up an object.,silver,5,r001
ba23930c-cef7-4f3e-b5bb-8f0a4ae5b1e4,302.0181660916505,#C C places down an onion.,Cooking,Object Transfer,Logistics step involving placing an object down.,silver,5,r001
ba23930c-cef7-4f3e-b5bb-8f0a4ae5b1e4,330.0303260916505,#O person A picks up a squeezer.,Cooking,Object Transfer,"Logistics/Setup step, picking up an object.",silver,5,r001
ba23930c-cef7-4f3e-b5bb-8f0a4ae5b1e4,395.8223360916505,#C C cuts pepper with a knife.,Cooking,Essential Operation,Core task involving precise hand movements.,silver,5,r001
ba23930c-cef7-4f3e-b5bb-8f0a4ae5b1e4,510.18359609165054,#C C peels ginger with a peeler.,Cooking,Essential Operation,Core manual task involving high hand activity.,silver,5,r001
ba23930c-cef7-4f3e-b5bb-8f0a4ae5b1e4,555.565657613672,#C C opens up a package.,Cooking,Object Transfer,Logistics/Setup step involving the interaction with an object.,silver,5,r001
ba23930c-cef7-4f3e-b5bb-8f0a4ae5b1e4,616.4101976136719,#C C picks up a sieve.,Cooking,Object Transfer,Logistics/Setup step.,silver,5,r001
ba23930c-cef7-4f3e-b5bb-8f0a4ae5b1e4,635.124777613672,#C C washes a pot on the tap.,Cooking,Essential Operation,Core task involving high hand activity.,silver,5,r001
ba23930c-cef7-4f3e-b5bb-8f0a4ae5b1e4,647.843717613672,#C C picks up a pot.,Cooking,Object Transfer,Logistics step involving picking up an object.,silver,5,r001
ba23930c-cef7-4f3e-b5bb-8f0a4ae5b1e4,824.8951971421684,#C C holds a mesh tray with his hand.,Cooking,Stationary,"Low body/hand motion, holding an object without movement.",silver,5,r001
ba23930c-cef7-4f3e-b5bb-8f0a4ae5b1e4,904.3250671421685,#C C brushes a knife with a brush.,Cooking,Essential Operation,Core task involving high hand activity.,silver,5,r001
ba23930c-cef7-4f3e-b5bb-8f0a4ae5b1e4,976.7255871421684,#C C places down a cloth.,Cooking,Object Transfer,"The action involves placing down an object, which is a logistics step.",silver,5,r001
ba23930c-cef7-4f3e-b5bb-8f0a4ae5b1e4,1010.6451071421684,#C C pushes a mesh tray.,Cooking,Locomotion,"Body moving through space to push an object, likely involves high body acceleration.",silver,5,r001
ba23930c-cef7-4f3e-b5bb-8f0a4ae5b1e4,1015.4840871421684,#C C places down a bowl.,Cooking,Object Transfer,Logistics step (placing down an object).,silver,5,r001
ba23930c-cef7-4f3e-b5bb-8f0a4ae5b1e4,1055.1034071421684,#C C places down a container.,Cooking,Object Transfer,"Logistics/Setup step, placing down an object.",silver,5,r001
ba23930c-cef7-4f3e-b5bb-8f0a4ae5b1e4,1125.9014871733175,#C C picks up vegetables.,Cooking,Object Transfer,Logistics step involving picking up objects.,silver,5,r001
ba23930c-cef7-4f3e-b5bb-8f0a4ae5b1e4,1130.5042371733175,#O person A places food on the plate.,Cooking,Object Transfer,Logistics step involving picking up and placing down an object.,silver,5,r001
ba23930c-cef7-4f3e-b5bb-8f0a4ae5b1e4,1296.0779538399845,#O person A peels onion with a hand.,Cooking,Essential Operation,Core manual task involving high hand activity.,silver,5,r001
ba23930c-cef7-4f3e-b5bb-8f0a4ae5b1e4,1615.6643464873698,#C C wipes a knife on the grinder.,Cooking,Essential Operation,Core manual task involving high hand activity.,silver,5,r001
ba23930c-cef7-4f3e-b5bb-8f0a4ae5b1e4,1650.815073942069,#C C wipes a grinder with a hand.,Cooking,Essential Operation,Core manual task involving high hand activity.,silver,5,r001
ba23930c-cef7-4f3e-b5bb-8f0a4ae5b1e4,1671.589483942069,#O person A stirs food on the cooking pot with a spoon.,Cooking,Essential Operation,Core manual task involving high hand activity.,silver,5,r001
ba23930c-cef7-4f3e-b5bb-8f0a4ae5b1e4,1682.117153942069,#C C throws onions on the cooking pot.,Cooking,Object Transfer,Logistics step involving moving an object (onions) to a location (cooking pot).,silver,5,r001
ba23930c-cef7-4f3e-b5bb-8f0a4ae5b1e4,1715.931273942069,#C C wipes a knife on the cooking pot.,Cooking,Essential Operation,Core task involving manual activity with the hands.,silver,5,r001
ba23930c-cef7-4f3e-b5bb-8f0a4ae5b1e4,1815.868913942069,#C C peels a grape with his hand.,Cooking,Essential Operation,"Core task involving manual manipulation, high hand activity.",silver,5,r001
ba23930c-cef7-4f3e-b5bb-8f0a4ae5b1e4,1912.623935032292,#C C places down a knife.,Cooking,Object Transfer,Logistics step involving placing down an object.,silver,5,r001
ba23930c-cef7-4f3e-b5bb-8f0a4ae5b1e4,1924.421635032292,#C C places down a fruit.,Cooking,Object Transfer,"Logistics step, placing down an object.",silver,5,r001
ba23930c-cef7-4f3e-b5bb-8f0a4ae5b1e4,1940.457255032292,#C C cuts a fruit with his hand.,Cooking,Essential Operation,Core manual task involving high hand activity.,silver,5,r001
ba23930c-cef7-4f3e-b5bb-8f0a4ae5b1e4,1963.976245032292,#C C cuts a fruit with a knife.,Cooking,Essential Operation,Core task involving manual operation with high hand activity.,silver,5,r001
ba23930c-cef7-4f3e-b5bb-8f0a4ae5b1e4,2103.632175032292,#C C pushes a bowl.,Cooking,Object Transfer,Logistics step involving the movement of an object.,silver,5,r001
ba23930c-cef7-4f3e-b5bb-8f0a4ae5b1e4,2202.6706964860464,#C C closes a bottle with a bottle top.,Cooking,Object Transfer,"Closing a bottle involves picking up and securing a lid, which is a logistics step.",silver,5,r001
ba23930c-cef7-4f3e-b5bb-8f0a4ae5b1e4,2279.88850981938,#C C picks up a grinder.,Cooking,Object Transfer,Logistics step involving picking up an object.,silver,5,r001
ba23930c-cef7-4f3e-b5bb-8f0a4ae5b1e4,2303.99314981938,#O person A closes a bottle with his hands.,Cooking,Essential Operation,"Core manual task involving hands, likely with high hand acceleration.",silver,5,r001
ba23930c-cef7-4f3e-b5bb-8f0a4ae5b1e4,2339.76446981938,#C C places a cooking pot on the weighing machine.,Cooking,Object Transfer,Logistics step involving placing an object.,silver,5,r001
ba23930c-cef7-4f3e-b5bb-8f0a4ae5b1e4,2466.4786331540363,#C C wipes surface with his hand.,Cooking,Essential Operation,Core task involving high hand activity.,silver,5,r001
ba23930c-cef7-4f3e-b5bb-8f0a4ae5b1e4,2480.1294931540365,#C C picks up an ingredient.,Cooking,Object Transfer,Logistics step involving picking up an object.,silver,5,r001
ba23930c-cef7-4f3e-b5bb-8f0a4ae5b1e4,2578.3898731540366,#C C picks up a squeezer.,Cooking,Object Transfer,"Logistics step, picking up an object.",silver,5,r001
ba23930c-cef7-4f3e-b5bb-8f0a4ae5b1e4,2622.112173154037,#C C brushes a peeler with a brush.,Cooking,Essential Operation,Core task involving manual activity with the hands.,silver,5,r001
ba23930c-cef7-4f3e-b5bb-8f0a4ae5b1e4,2632.9686731540364,#C C washes a squeezer with a brush.,Cooking,Essential Operation,Core manual task involving high hand activity.,silver,5,r001
ba23930c-cef7-4f3e-b5bb-8f0a4ae5b1e4,2641.595823154036,#C C places a squeezer on the rack.,Cooking,Object Transfer,"Logistics/Setup step, placing an object.",silver,5,r001
ba23930c-cef7-4f3e-b5bb-8f0a4ae5b1e4,2743.917149524136,#C C picks up a chop board.,Cooking,Object Transfer,"Logistics/Setup step, picking up an object.",silver,5,r001
ba23930c-cef7-4f3e-b5bb-8f0a4ae5b1e4,2745.125599524136,#C C washes a chop board.,Cooking,Essential Operation,Core manual task involving high hand activity.,silver,5,r001
ba23930c-cef7-4f3e-b5bb-8f0a4ae5b1e4,2900.185379524136,#C C wipes surface with a cloth.,Cooking,Essential Operation,"Core task involving manual effort, high hand activity.",silver,5,r001
ba23930c-cef7-4f3e-b5bb-8f0a4ae5b1e4,2956.676849524136,#C C places down a paper.,Cooking,Object Transfer,Logistics step of placing down an object.,silver,5,r001
ba23930c-cef7-4f3e-b5bb-8f0a4ae5b1e4,2965.3796695241363,#C C aligns a kettle.,Cooking,Stationary,"Low body/hand motion, likely involves fine adjustment or alignment.",silver,5,r001
ba23930c-cef7-4f3e-b5bb-8f0a4ae5b1e4,3001.5529070505213,#C C gathers dirt,Cooking,Search,"[CtxFixed] The action of gathering dirt suggests that C is looking for something or cleaning up, which falls under the category of 'Search'.",silver,5,r001
ba23930c-cef7-4f3e-b5bb-8f0a4ae5b1e4,3006.065967050521,C C walks around,Cooking,Locomotion,"Body moving through space, associated with walking.",silver,5,r001
ba23930c-cef7-4f3e-b5bb-8f0a4ae5b1e4,3038.037327050521,#C C takes plates from cabinet,Cooking,Object Transfer,Logistics step involving picking up and moving objects.,silver,5,r001
bba34eeb-7691-4dee-9527-d812ab6ebbe2,556.0460176136719,#C C plays the video game with the controller,Playing Instrument,Essential Operation,Core task involving high hand activity with the controller.,silver,5,r001
bba34eeb-7691-4dee-9527-d812ab6ebbe2,1182.126717144922,#C C plays video games with the controller,Playing Instrument,Stationary,"Low body/hand motion, mostly hand movements with a controller.",silver,5,r001
bd16e1a8-5119-4f24-ac6f-d4a388bc78bc,829.3364281211263,#C C takes a floor brush cleaner,Cleaning,Object Transfer,Logistics/Setup step (taking the cleaner).,silver,5,r001
bd16e1a8-5119-4f24-ac6f-d4a388bc78bc,1121.48023567972,#C C puts the paper behind the tv,Cleaning,Object Transfer,Logistics step of placing an object in a specific location.,silver,5,r001
bd16e1a8-5119-4f24-ac6f-d4a388bc78bc,1854.0691634726888,#c c adjusts the decorative,Cleaning,Stationary,Adjusting an object typically involves minimal movement and is more about positioning rather than active motion.,silver,5,r001
bd16e1a8-5119-4f24-ac6f-d4a388bc78bc,2373.304346100212,#C C cuts a thread using scissors,Cleaning,Essential Operation,Core manual task involving precise hand movements.,silver,5,r001
bd16e1a8-5119-4f24-ac6f-d4a388bc78bc,2496.1472556314616,#c c adjust the mat on the floor with her finger,Cleaning,Object Transfer,"Logistics/adjustment step, involves handling an object.",silver,5,r001
bd16e1a8-5119-4f24-ac6f-d4a388bc78bc,2515.655905631462,#c c cleans the floor mat with the vacuum cleaner,Cleaning,Essential Operation,Core manual task involving high hand activity.,silver,5,r001
c569794f-e88a-414d-b34c-a06d7f7f800a,32.3240386,#C C closes the washing machine door,Cleaning,Object Transfer,Logistics action involving the interaction with an object (closing the door).,silver,5,r001
c569794f-e88a-414d-b34c-a06d7f7f800a,181.9482019333333,#C C hangs a cloth on the cloth line,Cleaning,Object Transfer,Logistics action involving picking up and placing the cloth.,silver,5,r001
c569794f-e88a-414d-b34c-a06d7f7f800a,273.46234193333333,#C C picks up a cloth in the bag,Cleaning,Object Transfer,Logistics step involving picking up an object.,silver,5,r001
c9b40d8d-7cb5-4ce7-9e30-8d36adb94a4f,21.5015296,#C C picks up the bicycle tube with his left hand.,Mechanical Repair,Object Transfer,Logistics step involving picking up an object.,silver,5,r001
c9b40d8d-7cb5-4ce7-9e30-8d36adb94a4f,41.1514296,#C C moves towards a small bicycle.,Mechanical Repair,Locomotion,Body moving through space to reach a destination.,silver,5,r001
c9b40d8d-7cb5-4ce7-9e30-8d36adb94a4f,58.985389600000005,#C C walks towards another bicycle.,Mechanical Repair,Locomotion,"Body moving through space, indicative of walking.",silver,5,r001
cbb644c5-aa49-479d-97ce-cfe515bf01ea,101.9126186,#C C switches on the light with his right hand. #Unsure,Walking Outdoors,Object Transfer,"The action involves turning on a light, which is a logistics step (interaction with an object).",silver,5,r001
cbb644c5-aa49-479d-97ce-cfe515bf01ea,451.9849286,#O A woman X walks into the living room.,Walking Outdoors,Locomotion,Body moving through space (walking).,silver,5,r001
cbb644c5-aa49-479d-97ce-cfe515bf01ea,1225.0129586,#O boy Y runs back through the door,Walking Outdoors,Locomotion,Body moving through space at a fast pace (running).,silver,5,r001
cbb644c5-aa49-479d-97ce-cfe515bf01ea,1235.6171486,#O boy Y runs back and forth the door,Walking Outdoors,Locomotion,Body moving through space with high body acceleration.,silver,5,r001
cbb644c5-aa49-479d-97ce-cfe515bf01ea,1837.4465186,#C C talks to boy Y,Walking Outdoors,Stationary,"Low body/hand motion, possibly standing still while talking.",silver,5,r001
cbb644c5-aa49-479d-97ce-cfe515bf01ea,1931.3725086,#C C puts two tennis bat in the green bag.,Walking Outdoors,Object Transfer,"Logistics step, putting objects into a container.",silver,5,r001
ceea3a90-8339-4512-8ae2-0da5f1ee6bff,122.6447896,#C C closes the dish washer machine,Cleaning,Stationary,"Low energy action, minimal movement.",silver,5,r001
d9941963-10dd-49bc-badc-998c88cf1e18,59.5444496,#C C wears the glove on his right hand,Gardening,Object Transfer,Logistics step of putting on a glove.,silver,5,r001
d9941963-10dd-49bc-badc-998c88cf1e18,378.6822809546634,#C C picks up a container beside the flower pot,Gardening,Object Transfer,Logistics step involving picking up an object.,silver,5,r001
d9941963-10dd-49bc-badc-998c88cf1e18,412.1123009546634,#C C walks back into the room,Gardening,Locomotion,"Movement through space, involves walking.",silver,5,r001
d9941963-10dd-49bc-badc-998c88cf1e18,589.9813476213301,#C C loosens the soil in the flower pot with a hand trowel,Gardening,Essential Operation,Core task involving manual labor with high hand activity.,silver,5,r001
d9941963-10dd-49bc-badc-998c88cf1e18,602.26230762133,#C C removes plant debris from the flower pot,Gardening,Essential Operation,"Core task involving manual labor, likely with high hand activity.",silver,5,r001
d9941963-10dd-49bc-badc-998c88cf1e18,630.6387176213301,#C C puts two plants in the flower pot,Gardening,Object Transfer,Logistics step involving placing objects (plants in the pot).,silver,5,r001
d9941963-10dd-49bc-badc-998c88cf1e18,789.78629762133,#C C puts the hand trowel in a flower pot,Gardening,Object Transfer,"Logistics step, placing an object.",silver,5,r001
d9941963-10dd-49bc-badc-998c88cf1e18,811.9802476213301,#C C carries two flower pots out of the room,Gardening,Object Transfer,"Logistics of carrying objects, short bursts of hand activity.",silver,5,r001
d9941963-10dd-49bc-badc-998c88cf1e18,956.58514762133,#C C drops the flower pot at the extreme of the table,Gardening,Object Transfer,"[CtxFixed] The action of dropping the flower pot at the extreme of the table indicates a deliberate placement of the object, which fits the definition of 'Object Transfer'.",silver,5,r001
d9941963-10dd-49bc-badc-998c88cf1e18,1045.64056762133,#C C cuts the root of the plant,Gardening,Essential Operation,Core task involving high hand activity.,silver,5,r001
d9941963-10dd-49bc-badc-998c88cf1e18,1069.7076722879967,#C C scoops soil from the bag with the trowel,Gardening,Essential Operation,Core task involving manual labor with high hand activity.,silver,5,r001
d9941963-10dd-49bc-badc-998c88cf1e18,1146.4259342879966,#C C drops the plant in the second planter,Gardening,Object Transfer,"[CtxFixed] The action involves moving the plant from C's hand to the second planter, which is a deliberate placement of the object.",silver,5,r001
d9941963-10dd-49bc-badc-998c88cf1e18,1148.070444287997,#C C adjusts the plant in the second planter,Gardening,Object Transfer,Logistics step involving moving the plant to the correct position.,silver,5,r001
d9941963-10dd-49bc-badc-998c88cf1e18,1200.3727942879966,#C C holds the plant in the second planter,Gardening,Stationary,"Low body/hand motion, holding position.",silver,5,r001
d9941963-10dd-49bc-badc-998c88cf1e18,1207.366284287997,#C C pours the soil in the third planter,Gardening,Object Transfer,Logistics step involving the transfer of soil to a planter.,silver,5,r001
d9941963-10dd-49bc-badc-998c88cf1e18,1231.0305242879967,#C C lifts the second planter for a while,Gardening,Stationary,"Low body/hand motion, holding position.",silver,5,r001
d9941963-10dd-49bc-badc-998c88cf1e18,1242.8260142879967,#C C lifts the third planter for a while,Gardening,Locomotion,"Body moving through space, likely involves standing up or lifting which involves high body acceleration.",silver,5,r001
d9941963-10dd-49bc-badc-998c88cf1e18,1246.8985342879969,#C C adjusts the soil in the third planter,Gardening,Essential Operation,"Core task involving manual adjustment, high hand activity.",silver,5,r001
d9941963-10dd-49bc-badc-998c88cf1e18,1307.7660842879966,#C C adjusts the soil in the third planter with his left hand,Gardening,Essential Operation,Core manual task involving precise hand movements.,silver,5,r001
d9941963-10dd-49bc-badc-998c88cf1e18,1418.4846442879966,#C C pours soil into another plant vase.,Gardening,Essential Operation,Core task involving manual operation with high hand activity.,silver,5,r001
d9941963-10dd-49bc-badc-998c88cf1e18,1512.1368042879967,#C C removes a plant from the plant vase.,Gardening,Object Transfer,Logistics step involving picking up and moving an object.,silver,5,r001
d9941963-10dd-49bc-badc-998c88cf1e18,1584.0832642879966,#C C checks the roots of the plant.,Gardening,Search,"Visual inspection, likely involves head movement and minimal hand activity.",silver,5,r001
d9941963-10dd-49bc-badc-998c88cf1e18,1598.5609789546631,#C C covers the plant root with soil.,Gardening,Object Transfer,Logistics step involving the transfer of soil to cover the plant root.,silver,5,r001
d9941963-10dd-49bc-badc-998c88cf1e18,1619.837308954663,#C C pours the soil into the plant vase.,Gardening,Essential Operation,Core task involving high hand activity.,silver,5,r001
d9941963-10dd-49bc-badc-998c88cf1e18,1692.0767409546634,#C C adjusts a planter on the table with his right hand.,Gardening,Object Transfer,Logistics step involving moving an object (planter).,silver,5,r001
d9941963-10dd-49bc-badc-998c88cf1e18,1789.7924809546632,#C C scoops sand from the plastic bag.,Gardening,Object Transfer,Logistics of transferring sand from the bag.,silver,5,r001
d9941963-10dd-49bc-badc-998c88cf1e18,1869.6930909546631,#C C moves a planter towards him with his left hand.,Gardening,Object Transfer,Logistics of moving an object towards the person.,silver,5,r001
d9941963-10dd-49bc-badc-998c88cf1e18,1897.1489509546632,#C C pours the sand into the planter.,Gardening,Essential Operation,Core task involving active hand movement.,silver,5,r001
d9941963-10dd-49bc-badc-998c88cf1e18,1907.469300954664,#C C dips the trowel in his right hand inside the bag,Gardening,Object Transfer,"The action involves picking up the trowel from the bag, which is a logistics step.",silver,5,r001
d9941963-10dd-49bc-badc-998c88cf1e18,1908.1859209546635,#C C removes his left hand from the bag,Gardening,Object Transfer,Logistics step involving the removal of a hand from an object (bag).,silver,5,r001
d9941963-10dd-49bc-badc-998c88cf1e18,1921.6546009546632,#C C removes his left hand from the vase,Gardening,Object Transfer,"The action involves a logistical movement, specifically removing a hand from an object.",silver,5,r001
db16f466-a943-47c4-b7e4-1866f5603aae,291.2219509546634,#C C reads on the computer screen,Desk Work,Stationary,"Low body/hand motion, focused visual activity.",silver,5,r001
db16f466-a943-47c4-b7e4-1866f5603aae,1072.410304287997,#C C reads on the desktop screen,Desk Work,Search,"Visual search or monitoring, likely involves head movement while hands are mostly still.",silver,5,r001
db16f466-a943-47c4-b7e4-1866f5603aae,1543.106694287997,#C C types on the laptop screen,Desk Work,Essential Operation,Core manual task involving high hand activity.,silver,5,r001
db16f466-a943-47c4-b7e4-1866f5603aae,1758.762434287997,#C C scrolls on the screen,Desk Work,Stationary,"Low body/hand motion, mostly finger movement.",silver,5,r001
db16f466-a943-47c4-b7e4-1866f5603aae,1872.495394287997,#C C takes the tissue box,Desk Work,Object Transfer,Logistics step involving picking up or moving an object.,silver,5,r001
db16f466-a943-47c4-b7e4-1866f5603aae,1894.283974287997,#C C presses the mouse,Desk Work,Essential Operation,Core task involving high hand activity.,silver,5,r001
db16f466-a943-47c4-b7e4-1866f5603aae,1972.4634342879967,#C C looks at the other desktop,Desk Work,Search,"Head movement (visual search), hands mostly still.",silver,5,r001
dc266fb8-d459-450f-aca8-b8be6c6b0dc2,185.68167,#C C walks over the bridge,Walking Outdoors,Locomotion,"Body moving through space, indicative of walking.",silver,5,r001
dc6da3c4-dcb4-4ccb-8d2e-d5023dac6ace,12.430339599999998,#C C adjusts the lever at the front of the lathe machine with his two hands #unsure,Carpentry,Essential Operation,Adjusting a tool or machine involves focused hand activity.,silver,5,r001
dc6da3c4-dcb4-4ccb-8d2e-d5023dac6ace,40.4474396,#C C adjusts the lever under the lathe machine with his left hand #unsure,Carpentry,Essential Operation,Core manual task involving precise hand movement.,silver,5,r001
dc6da3c4-dcb4-4ccb-8d2e-d5023dac6ace,73.8941696,#C C holds the lathe machine with his two hands #unsure,Carpentry,Stationary,"The action involves holding the lathe machine, which suggests a stable and relatively motionless posture.",silver,5,r001
dc6da3c4-dcb4-4ccb-8d2e-d5023dac6ace,87.9124396,#C C tightens the left lever on the lathe machine with his right hand #unsure,Carpentry,Essential Operation,Core manual task involving high hand activity.,silver,5,r001
dc6da3c4-dcb4-4ccb-8d2e-d5023dac6ace,135.5050996,#C C tightens the right lever on the lathe machine with his right hand #unsure,Carpentry,Essential Operation,Core manual task involving high hand activity.,silver,5,r001
dc6da3c4-dcb4-4ccb-8d2e-d5023dac6ace,152.3833296,#C C picks up the wood on the table with his two hands,Carpentry,Object Transfer,Logistics step involving picking up an object.,silver,5,r001
dc6da3c4-dcb4-4ccb-8d2e-d5023dac6ace,173.8002696,#C C lifts up the wood,Carpentry,Locomotion,"Body movement through space to lift the wood, high body acceleration.",silver,5,r001
dc6da3c4-dcb4-4ccb-8d2e-d5023dac6ace,212.9486396,#C C adjusts the lever on the cover of the lathe machine with his two hands #unsure,Carpentry,Essential Operation,Adjusting a machine lever is a core manual task involving high hand activity.,silver,5,r001
dc6da3c4-dcb4-4ccb-8d2e-d5023dac6ace,238.7499996,#C C pulls the top of the lathe machine,Carpentry,Locomotion,"The action involves moving the body to operate a machine, which typically involves significant whole-body movement.",silver,5,r001
dc6da3c4-dcb4-4ccb-8d2e-d5023dac6ace,242.3367196,#C C adjusts the lever on the cover of the lathe machine #unsure,Carpentry,Stationary,Adjusting a lever typically involves fine motor control and minimal body movement.,silver,5,r001
dc6da3c4-dcb4-4ccb-8d2e-d5023dac6ace,307.7387309546634,#C C walks towards another table.,Carpentry,Locomotion,"Body moving through space, indicative of walking.",silver,5,r001
dc6da3c4-dcb4-4ccb-8d2e-d5023dac6ace,349.9876209546634,#C C removes wood from the wood smoothing machine.,Carpentry,Essential Operation,Core task involving manual operation with high hand activity.,silver,5,r001
dc6da3c4-dcb4-4ccb-8d2e-d5023dac6ace,434.9198409546634,#C C places wood on the wood smoothing machine.,Carpentry,Object Transfer,Logistics step involving the placement of an object.,silver,5,r001
de8ea8a7-6bdb-4679-9b17-9dc6a79e45e7,63.2417196,#C C moves the exercise mat on the floor with his left leg.,Desk Work,Locomotion,"Body movement through space, involving a leg action which typically involves high body acceleration.",silver,5,r001
de8ea8a7-6bdb-4679-9b17-9dc6a79e45e7,81.07635959999999,#C C does sit up on the exercise mat.,Desk Work,Locomotion,"Body movement through space, in this case, standing up from a sitting position.",silver,5,r001
de8ea8a7-6bdb-4679-9b17-9dc6a79e45e7,205.7158196,#C C sits on the exercise mat.,Desk Work,Stationary,"The action involves sitting, which is a low energy, stationary activity.",silver,5,r001
de8ea8a7-6bdb-4679-9b17-9dc6a79e45e7,388.2062409546634,#C C touches a phone on the floor with his right hand.,Desk Work,Object Transfer,Logistics step involving picking up an object.,silver,5,r001
de8ea8a7-6bdb-4679-9b17-9dc6a79e45e7,496.43729095466335,#C C picks the phone on the floor with his right hand.,Desk Work,Object Transfer,Logistics step involving picking up an object.,silver,5,r001
de8ea8a7-6bdb-4679-9b17-9dc6a79e45e7,1252.3342409546633,#C C stretches his leg outward.,Desk Work,Locomotion,Body movement through space (stretching leg).,silver,5,r001
de8ea8a7-6bdb-4679-9b17-9dc6a79e45e7,1277.6669709546632,#C C place his left hand on the floor.,Desk Work,Stationary,Placing hand on the floor indicates a static position with minimal movement.,silver,5,r001
de8ea8a7-6bdb-4679-9b17-9dc6a79e45e7,1348.3545409546632,#C C lay on his back on the mat.,Desk Work,Stationary,"The action involves lying down, which is a low-energy, stationary state.",silver,5,r001
df7bdd06-c392-4a3d-ae1a-cdc234582472,38.2719196,#C C pauses briefly.,Mechanical Repair,Stationary,"Low body/hand motion, indicating a pause.",silver,5,r001
df7bdd06-c392-4a3d-ae1a-cdc234582472,87.2798796,#C C stops brushing the plank.,Mechanical Repair,Stationary,"The action indicates a pause in activity, suggesting low energy and motion.",silver,5,r001
e2f492ff-74c7-4fdc-8c93-0d4ebf66cc63,731.301207613672,#C C lifts right hand up,Playing Instrument,Stationary,"Single movement of lifting hand, likely followed by a pause.",silver,5,r001
e2f492ff-74c7-4fdc-8c93-0d4ebf66cc63,744.8110476136719,#C C presses the button with left hand,Playing Instrument,Essential Operation,Core manual task involving pressing a button with high hand activity.,silver,5,r001
e2f492ff-74c7-4fdc-8c93-0d4ebf66cc63,763.5859176136719,#C C switches the volume button with right hand,Playing Instrument,Object Transfer,Logistics step involving picking up and moving the volume button.,silver,5,r001
e2f492ff-74c7-4fdc-8c93-0d4ebf66cc63,819.4473276136719,#C C switches the knobs with left hand,Playing Instrument,Essential Operation,Core manual task involving precise hand movements.,silver,5,r001
e2f492ff-74c7-4fdc-8c93-0d4ebf66cc63,1337.3114271449217,#C C presses a synthesizer,Playing Instrument,Essential Operation,Core manual task involving high hand activity.,silver,5,r001
e2f492ff-74c7-4fdc-8c93-0d4ebf66cc63,1559.8846872440938,#C C presses an equalizer,Playing Instrument,Stationary,"Low body/hand motion, primarily finger movement which does not significantly affect IMU readings.",silver,5,r001
e5a9f6d7-e7df-4209-a825-0a391c4815ba,89.12045,#C C passes the key to his left hand,Mechanical Repair,Object Transfer,Transfer of an object (the key) from one hand to another.,silver,5,r001
e5a9f6d7-e7df-4209-a825-0a391c4815ba,160.61622,#C C moves the motorcycle's kick start with his right foot,Mechanical Repair,Locomotion,"Body moving through space, specifically using foot to move a part of the motorcycle.",silver,5,r001
e5a9f6d7-e7df-4209-a825-0a391c4815ba,174.19056,#C C puts his right foot on the ground,Mechanical Repair,Stationary,"The action describes a stable position, indicating low body motion.",silver,5,r001
e5a9f6d7-e7df-4209-a825-0a391c4815ba,199.59078,#C C puts the key in the motorcycle's ignition,Mechanical Repair,Stationary,"The action involves a single motion of putting a key in the ignition, followed by a stationary state where the motorcycle is being started or is in the process of starting.",silver,5,r001
e5a9f6d7-e7df-4209-a825-0a391c4815ba,264.89499,#C C tightens the bolt with the screwdriver,Mechanical Repair,Essential Operation,Core manual task involving high hand activity.,silver,5,r001
e5a9f6d7-e7df-4209-a825-0a391c4815ba,327.88817,#C C tightens the bolt to the scooter motorcycle with the screwdriver,Mechanical Repair,Essential Operation,Core manual task involving high hand activity.,silver,5,r001
e5a9f6d7-e7df-4209-a825-0a391c4815ba,358.69319,#C C picks up the screwdriver from the ground,Mechanical Repair,Object Transfer,"Logistics/Setup step, picking up an object.",silver,5,r001
e5a9f6d7-e7df-4209-a825-0a391c4815ba,391.84416,#C C picks bolts from the ground with his hands #unsure,Mechanical Repair,Object Transfer,Logistics step involving picking up objects.,silver,5,r001
e5a9f6d7-e7df-4209-a825-0a391c4815ba,413.16619,#C C picks a nylon from the carton,Mechanical Repair,Object Transfer,"Logistics step, picking up an object.",silver,5,r001
e5a9f6d7-e7df-4209-a825-0a391c4815ba,432.67951,#C C turns on the impact drill #unsure,Mechanical Repair,Essential Operation,The action involves operating a tool (impact drill) which is a core manual task.,silver,5,r001
e5a9f6d7-e7df-4209-a825-0a391c4815ba,465.29627,#C C touches the scooter motorcycle with his right hand,Mechanical Repair,Stationary,"Low body/hand motion, touch implies a stationary action.",silver,5,r001
e5a9f6d7-e7df-4209-a825-0a391c4815ba,524.87099,#C C pulls the cable tie with his right hand,Mechanical Repair,Essential Operation,Core manual task involving high hand activity.,silver,5,r001
e5a9f6d7-e7df-4209-a825-0a391c4815ba,547.2683446666666,#C C cuts the cable tie with the pair of scissors,Mechanical Repair,Essential Operation,Core task involving manual dexterity with high hand activity.,silver,5,r001
e5a9f6d7-e7df-4209-a825-0a391c4815ba,549.1254146666666,#C C passes the pair of scissors to his right hand,Mechanical Repair,Object Transfer,Logistics step involving the transfer of an object (scissors).,silver,5,r001
e5a9f6d7-e7df-4209-a825-0a391c4815ba,550.3413346666667,#C C turns the scooter motorcycle,Mechanical Repair,Locomotion,"Body moving through space, likely involves turning or rotating the body.",silver,5,r001
e5a9f6d7-e7df-4209-a825-0a391c4815ba,792.3865066666667,#C C picks up the nylon from the ground,Mechanical Repair,Object Transfer,Logistics step involving picking up an object.,silver,5,r001
e5a9f6d7-e7df-4209-a825-0a391c4815ba,862.4188366666667,#C C drops the adapter in the container #unsure,Mechanical Repair,Object Transfer,"[CtxFixed] The action of dropping the adapter into the container is a deliberate placement, which fits the definition of 'Object Transfer'.",silver,5,r001
e5a9f6d7-e7df-4209-a825-0a391c4815ba,868.6353066666667,#C C picks a bundle of cable ties from a container,Mechanical Repair,Object Transfer,Logistics step of picking up an object.,silver,5,r001
e5a9f6d7-e7df-4209-a825-0a391c4815ba,879.6044466666667,#C C puts the drill bit in the bundle of drill bits,Mechanical Repair,Object Transfer,Logistics action involving picking up and placing an object.,silver,5,r001
e5a9f6d7-e7df-4209-a825-0a391c4815ba,899.5948666666667,#C C adjusts his trouser,Mechanical Repair,Stationary,"Adjusting clothing is a low-energy, stationary action.",silver,5,r001
e75caa1f-8658-432c-b559-f6a1f3fc409c,184.2167196,#C C cuts the onion with the knife,Cleaning,Essential Operation,"Core task, high hand activity.",silver,5,r001
e75caa1f-8658-432c-b559-f6a1f3fc409c,265.0476396,#C C picks the onion from the counter top,Cleaning,Object Transfer,Logistics step involving picking up an object.,silver,5,r001
e75caa1f-8658-432c-b559-f6a1f3fc409c,337.3232109546634,#C C cuts the onion on the chopping board with the knife,Cleaning,Essential Operation,Core task involving high hand activity and fine motor skills.,silver,5,r001
e75caa1f-8658-432c-b559-f6a1f3fc409c,398.7687509546634,#C C extends the onions on the chopping board with the knife,Cleaning,Essential Operation,Core task involving high hand activity with the knife.,silver,5,r001
e75caa1f-8658-432c-b559-f6a1f3fc409c,528.4452209546633,#C C cuts the onion on the chopping board with the green knife,Cleaning,Essential Operation,Core task involving precise hand movements.,silver,5,r001
e75caa1f-8658-432c-b559-f6a1f3fc409c,1231.4170009546633,#C C looks into the cupboard,Cleaning,Search,"Head movement (visual search), hands mostly still.",silver,5,r001
e75caa1f-8658-432c-b559-f6a1f3fc409c,1390.824320954663,#C C holds the flour,Cleaning,Stationary,"Low body/hand motion, holding an object without moving.",silver,5,r001
e75caa1f-8658-432c-b559-f6a1f3fc409c,1449.8284209546632,#C C holds the flour packet,Cleaning,Stationary,"Low energy activity, holding an object without movement.",silver,5,r001
e75caa1f-8658-432c-b559-f6a1f3fc409c,1511.1768309546633,#C C cuts the icing sugar,Cleaning,Essential Operation,Core task involving manual dexterity and hand activity.,silver,5,r001
e75caa1f-8658-432c-b559-f6a1f3fc409c,1608.3459809546632,#C C sieves the ingredients,Cleaning,Essential Operation,Core task involving high hand activity.,silver,5,r001
e75caa1f-8658-432c-b559-f6a1f3fc409c,1700.3795209546631,#C C places the knife on the utensils rack,Cleaning,Object Transfer,Logistics/Setup step involving placing an object.,silver,5,r001
e75caa1f-8658-432c-b559-f6a1f3fc409c,1828.570550954663,#C C takes the eggs,Cleaning,Object Transfer,Logistics/Setup step involving picking up or moving an object.,silver,5,r001
e75caa1f-8658-432c-b559-f6a1f3fc409c,1834.3655209546632,#C C puts the egg shell in the dustbin,Cleaning,Object Transfer,"Logistics step, moving the egg shell to the dustbin.",silver,5,r001
e75caa1f-8658-432c-b559-f6a1f3fc409c,2009.9176709546632,#C C closes the cooking oil,Cleaning,Object Transfer,Logistics/Setup step involving closing an object.,silver,5,r001
e75caa1f-8658-432c-b559-f6a1f3fc409c,2631.840710954664,#C C puts the meat in a cup,Cleaning,Object Transfer,Logistics step involving picking up and placing an object.,silver,5,r001
e75caa1f-8658-432c-b559-f6a1f3fc409c,2703.250530954663,#C C puts the vegetable on the paper,Cleaning,Object Transfer,"Logistics step, moving an object to a specific location.",silver,5,r001
e75caa1f-8658-432c-b559-f6a1f3fc409c,2818.362690954664,#C C places the chopping board on the table,Cleaning,Object Transfer,Logistics step involving the placement of an object.,silver,5,r001
e75caa1f-8658-432c-b559-f6a1f3fc409c,2843.3933409546635,#C C puts the meat ball in the container,Cleaning,Object Transfer,Logistics step involving the transfer of an object.,silver,5,r001
e75caa1f-8658-432c-b559-f6a1f3fc409c,3002.772200954664,#C C removes the meatball in the cup,Cleaning,Object Transfer,Logistics step involving picking up and moving an object.,silver,5,r001
e75caa1f-8658-432c-b559-f6a1f3fc409c,3103.0778709546635,#C C collects the flour with a spoon,Cleaning,Essential Operation,Core manual task involving high hand activity.,silver,5,r001
e75caa1f-8658-432c-b559-f6a1f3fc409c,3178.8747909546632,#C C places the knife on the table,Cleaning,Object Transfer,Logistics step of placing an object.,silver,5,r001
e87ff93b-e900-42a6-83f7-3873c4d831fb,16.33352,#C C Looks inside the polythene paper,Carpentry,Search,"Head movement (visual search), hands mostly still.",silver,5,r001
e87ff93b-e900-42a6-83f7-3873c4d831fb,48.13298,#C C Picks another bulb holder from the box,Carpentry,Object Transfer,Logistics step involving picking up an object.,silver,5,r001
e87ff93b-e900-42a6-83f7-3873c4d831fb,61.7329,#C C Picks a box of bulbs,Carpentry,Object Transfer,Logistics step involving picking up an object.,silver,5,r001
e87ff93b-e900-42a6-83f7-3873c4d831fb,174.90191,#C C Fixes the universal wiring harness with cables,Carpentry,Essential Operation,Core manual task involving fine motor skills and manipulation.,silver,5,r001
e87ff93b-e900-42a6-83f7-3873c4d831fb,236.91846,#C C Fixes the bulb holder on universal wiring harness with screwdriver,Carpentry,Essential Operation,Core manual task involving fine motor skills and tool use.,silver,5,r001
e87ff93b-e900-42a6-83f7-3873c4d831fb,279.87611,#C C Steps down the ladder,Carpentry,Locomotion,Body moving through space (stepping down).,silver,5,r001
e87ff93b-e900-42a6-83f7-3873c4d831fb,572.0038766666667,#C C Tightens the wires with a pliers,Carpentry,Essential Operation,Core manual task involving high hand activity.,silver,5,r001
e87ff93b-e900-42a6-83f7-3873c4d831fb,615.6661466666667,#C C Fixes the cables with a screw on the cables holder,Carpentry,Essential Operation,Core task involving manual operation with high hand activity.,silver,5,r001
e87ff93b-e900-42a6-83f7-3873c4d831fb,647.4643966666666,#C C Fixes the bulb holder on the cables,Carpentry,Essential Operation,"Core task involving manual assembly or fixing, high hand activity.",silver,5,r001
e87ff93b-e900-42a6-83f7-3873c4d831fb,661.5826766666667,#C C Fixes the bulb holder with a screwdriver,Carpentry,Essential Operation,Core manual task involving high hand activity.,silver,5,r001
e8c715ba-d198-4e89-b33f-6efb25750c2a,538.0582693333332,#C C Folds her knees,Playing Instrument,Stationary,The action describes a static body position with no movement through space.,silver,5,r001
e8c715ba-d198-4e89-b33f-6efb25750c2a,541.1141893333332,#C C Lifts the knees,Playing Instrument,Locomotion,"Body movement through space, likely standing up or adjusting position.",silver,5,r001
e8c715ba-d198-4e89-b33f-6efb25750c2a,545.3525993333333,#C C Puts the book on her laps,Playing Instrument,Stationary,The action involves placing an object and is likely to be followed by a period of inactivity or minimal movement.,silver,5,r001
e8c715ba-d198-4e89-b33f-6efb25750c2a,582.4046633333334,#C C Turns the book,Playing Instrument,Stationary,The action described does not involve significant body or hand movement.,silver,5,r001
e8c715ba-d198-4e89-b33f-6efb25750c2a,1185.5430366666667,#C C Opens another page,Playing Instrument,Object Transfer,"Logistics/Setup step, short bursts of hand activity.",silver,5,r001
e8c715ba-d198-4e89-b33f-6efb25750c2a,1714.55238,#C C Puts her left hand on the book,Playing Instrument,Stationary,"The action describes a static pose, indicating low body/hand motion.",silver,5,r001
e8c715ba-d198-4e89-b33f-6efb25750c2a,2908.444316666667,#C C Walks towards the hallway,Playing Instrument,Locomotion,Body moving through space (walking).,silver,5,r001
eab7f116-e9c4-4c07-a963-ceffaaa68f29,829.4038652666667,#C C touches the laptop with left hand,Playing Instrument,Stationary,"Low body/hand motion, likely a minor gesture or setup action.",silver,5,r001
eab7f116-e9c4-4c07-a963-ceffaaa68f29,1841.0588419333333,#C C plays racing game,Playing Instrument,Stationary,Playing a racing game typically involves minimal body movement and mostly hand movements on a controller.,silver,5,r001
eab7f116-e9c4-4c07-a963-ceffaaa68f29,2118.8247219333334,# C C touches mouse,Playing Instrument,Stationary,"Low body/hand motion, likely interacting with a stationary object.",silver,5,r001
eab7f116-e9c4-4c07-a963-ceffaaa68f29,2151.1425286000003,# C C puts cup on table,Playing Instrument,Object Transfer,Logistics step of placing an object.,silver,5,r001
eab7f116-e9c4-4c07-a963-ceffaaa68f29,2594.9717886000003,#C C operates laptop on desk,Playing Instrument,Stationary,"Low body/hand motion, likely involves minimal movement.",silver,5,r001
eab7f116-e9c4-4c07-a963-ceffaaa68f29,2908.9729886,#C C plays a computer game using he keyboard,Playing Instrument,Essential Operation,Core task involving manual dexterity with the keyboard.,silver,5,r001
eab7f116-e9c4-4c07-a963-ceffaaa68f29,3260.750855266667,#C C presses computer keyboard,Playing Instrument,Essential Operation,Core task involving high hand activity.,silver,5,r001
eab7f116-e9c4-4c07-a963-ceffaaa68f29,3366.731865266667,#C C touches computer mouse,Playing Instrument,Stationary,"Low body/hand motion, likely involves minimal movement.",silver,5,r001
eab7f116-e9c4-4c07-a963-ceffaaa68f29,3887.437171933333,#C C plays game on computer,Playing Instrument,Essential Operation,Core task involving hand activity on the computer.,silver,5,r001
ed693d1a-0231-4854-aae7-27a06e3f7d6f,53.3269086,#C C pours the soap in he bottle top,Cleaning,Essential Operation,"Core task involving manual pouring, high hand activity.",silver,5,r001
ed693d1a-0231-4854-aae7-27a06e3f7d6f,150.92639859999997,#C C folds the cloth in her hands,Cleaning,Essential Operation,Core manual task involving high hand activity.,silver,5,r001
ed693d1a-0231-4854-aae7-27a06e3f7d6f,164.7811386,#C C picks up the socks from the bed,Cleaning,Object Transfer,Logistics action involving picking up an object.,silver,5,r001
ed693d1a-0231-4854-aae7-27a06e3f7d6f,177.83302859999998,#C C folds the socks together,Cleaning,Essential Operation,Core manual task involving high hand activity.,silver,5,r001
ed693d1a-0231-4854-aae7-27a06e3f7d6f,535.1011784403729,#C C picks up the clothes from the bed,Cleaning,Object Transfer,Logistics step involving picking up an object.,silver,5,r001
ed693d1a-0231-4854-aae7-27a06e3f7d6f,536.5552384403729,#C C puts the clothes on the other cloth,Cleaning,Object Transfer,Logistics step involving picking up and placing the clothes.,silver,5,r001
ed693d1a-0231-4854-aae7-27a06e3f7d6f,547.9519484403729,#C C puts the clothes inside the bed drawer,Cleaning,Object Transfer,Logistics step involving picking up and placing the clothes.,silver,5,r001
ee05e77f-d52f-48d7-b19f-6b14411a7849,6.7106586,#C C picks up the cloth from the laundry basket,Cleaning,Object Transfer,"Logistics/Setup step, picking up an object.",silver,5,r001
ee05e77f-d52f-48d7-b19f-6b14411a7849,57.2676086,#C C closes the door of the laundry machine,Cleaning,Object Transfer,Logistics step involving the closure of a door.,silver,5,r001
ee05e77f-d52f-48d7-b19f-6b14411a7849,106.5730286,#C C stares the laundry machine,Cleaning,Stationary,"Low body/hand motion, likely observing.",silver,5,r001
ee05e77f-d52f-48d7-b19f-6b14411a7849,115.9922986,#C C operates the laundry machine,Cleaning,Stationary,Operating a machine typically involves minimal movement and can be considered a stationary action.,silver,5,r001
ee05e77f-d52f-48d7-b19f-6b14411a7849,125.3085086,#C C looks around the laundry,Cleaning,Search,"Visual search, head movement likely involved.",silver,5,r001
ee05e77f-d52f-48d7-b19f-6b14411a7849,205.1820886,#C C moves the clothes on the bed,Cleaning,Locomotion,"Body moving through space to move clothes, involves high body acceleration.",silver,5,r001
ee05e77f-d52f-48d7-b19f-6b14411a7849,242.3277286,#C C picks up the sock from the bed,Cleaning,Object Transfer,Logistics step involving picking up an object.,silver,5,r001
ee05e77f-d52f-48d7-b19f-6b14411a7849,262.0576886,#C C puts the socks on the bed,Cleaning,Object Transfer,Logistics step involving moving an object (putting socks on the bed).,silver,5,r001
ee05e77f-d52f-48d7-b19f-6b14411a7849,275.4035086,#C C drops the sock on the bed,Cleaning,Object Transfer,"[CtxFixed] The action of dropping the sock onto the bed is a deliberate placement of the object onto a surface, which fits the definition of 'Object Transfer'.",silver,5,r001
ee05e77f-d52f-48d7-b19f-6b14411a7849,277.9175886,#C C stares the sock in his hands,Cleaning,Stationary,"Low body/hand motion, focused attention.",silver,5,r001
ee05e77f-d52f-48d7-b19f-6b14411a7849,364.3989645422623,#C C moves the cloth in her hands,Cleaning,Essential Operation,"Core cleaning task, high hand activity.",silver,5,r001
ee05e77f-d52f-48d7-b19f-6b14411a7849,384.3987045422624,#C C wipes the bed sheet with her hand,Cleaning,Essential Operation,Core manual task involving high hand activity.,silver,5,r001
ee05e77f-d52f-48d7-b19f-6b14411a7849,433.5694945422623,#C C folds the cloth on the bed,Cleaning,Stationary,"Low energy activity, hands engaged in a fine motor skill without significant motion.",silver,5,r001
ee05e77f-d52f-48d7-b19f-6b14411a7849,493.34769454226233,#C C moves the cloth on the bed,Cleaning,Locomotion,"Movement through space, likely involves body motion to move the cloth.",silver,5,r001
ee05e77f-d52f-48d7-b19f-6b14411a7849,562.2176022621095,#C C Folds the hand towel,Cleaning,Essential Operation,Core manual task involving hand movement.,silver,5,r001
ee05e77f-d52f-48d7-b19f-6b14411a7849,588.7601122621095,#C C Puts the shirt on the hanger,Cleaning,Object Transfer,Logistics step involving picking up and placing the shirt on a hanger.,silver,5,r001
ee05e77f-d52f-48d7-b19f-6b14411a7849,633.8337722621095,#C C Walks toward the shelves,Cleaning,Locomotion,Body moving through space (walking).,silver,5,r001
ee05e77f-d52f-48d7-b19f-6b14411a7849,642.7096622621094,#C C Moves to the bed,Cleaning,Locomotion,"Movement through space, likely involves walking or moving the body.",silver,5,r001
ee05e77f-d52f-48d7-b19f-6b14411a7849,715.9797522621094,#C C Puts the clothe on top of the clothes,Cleaning,Object Transfer,Logistics step involving the placement of an object.,silver,5,r001
ee7bc1e4-fca9-4c23-9b98-63ce27333824,128.70694526666665,#C C picks the egg,Cooking,Object Transfer,Logistics step involving picking up an object.,silver,5,r001
ee7bc1e4-fca9-4c23-9b98-63ce27333824,202.26312526666663,#C C pours water in the bowl,Cooking,Essential Operation,Core task involving high hand activity.,silver,5,r001
ee7bc1e4-fca9-4c23-9b98-63ce27333824,219.97124526666667,#C C puts salt in the bowl,Cooking,Object Transfer,Logistics step involving picking up and putting down objects.,silver,5,r001
ee7bc1e4-fca9-4c23-9b98-63ce27333824,248.28885526666667,#C C puts the bread on the chopping board,Cooking,Object Transfer,Logistics step involving moving an object from one place to another.,silver,5,r001
ee7bc1e4-fca9-4c23-9b98-63ce27333824,258.30512526666666,#C C puts a piece of bread in the bowl,Cooking,Object Transfer,Logistics step involving picking up and placing an object.,silver,5,r001
ee7bc1e4-fca9-4c23-9b98-63ce27333824,263.64646526666667,#C C picks a piece of bread,Cooking,Object Transfer,"Logistics step, picking up an object.",silver,5,r001
ee7bc1e4-fca9-4c23-9b98-63ce27333824,296.46867526666665,#C C picks bread from the container with the left hand.,Cooking,Object Transfer,Logistics step involving picking up an object.,silver,5,r001
ee7bc1e4-fca9-4c23-9b98-63ce27333824,317.43818526666666,#C C picks a frying pan on the cooker.,Cooking,Object Transfer,Logistics step involving picking up an object.,silver,5,r001
ee7bc1e4-fca9-4c23-9b98-63ce27333824,363.7342152666667,#C C puts the frying pan on the cooker.,Cooking,Object Transfer,Logistics step involving picking up and placing an object.,silver,5,r001
ee7bc1e4-fca9-4c23-9b98-63ce27333824,391.3658552666666,#C C picks a bottle of milk on the countertop.,Cooking,Object Transfer,Logistics step involving picking up an object.,silver,5,r001
ee7bc1e4-fca9-4c23-9b98-63ce27333824,425.43652526666665,#C C puts a container of bread in an instant pot,Cooking,Object Transfer,Logistics step involving the placement of an object.,silver,5,r001
ee7bc1e4-fca9-4c23-9b98-63ce27333824,477.72166526666666,#C C puts the left hand on the frying pot.,Cooking,Stationary,"The action involves stabilizing the pot with the hand, indicating a low-energy, stationary posture.",silver,5,r001
ee7bc1e4-fca9-4c23-9b98-63ce27333824,543.6148252666668,#C C drops a bowl on the countertop.,Cooking,Object Transfer,Refined via regex fallback,silver,5,r001
ee7bc1e4-fca9-4c23-9b98-63ce27333824,937.9696452666668,#C C pulls out a kitchen worktop drawer,Cooking,Object Transfer,"Logistics step involving the drawer, short burst of hand activity.",silver,5,r001
ee7bc1e4-fca9-4c23-9b98-63ce27333824,941.4938852666668,#C C puts the plates in the utensils tray,Cooking,Object Transfer,Logistics step involving moving objects to a specific location.,silver,5,r001
ee7bc1e4-fca9-4c23-9b98-63ce27333824,1103.0947352666667,#C C Scrolls the phone with the left thumb,Cooking,Stationary,"Low body motion, focused hand activity.",silver,5,r001
ee7bc1e4-fca9-4c23-9b98-63ce27333824,1188.9798752666666,#C C Drinks the milk from the glass,Cooking,Stationary,"Low body/hand motion, drinking is a stationary activity.",silver,5,r001
ee7bc1e4-fca9-4c23-9b98-63ce27333824,1252.5271952666667,#C C Eats the sausage,Cooking,Stationary,"Low body/hand motion, eating is a stationary activity.",silver,5,r001
ee7bc1e4-fca9-4c23-9b98-63ce27333824,1442.1751152666666,#C C pulls the dishwasher tray,Cooking,Object Transfer,Logistics step involving the movement of an object.,silver,5,r001
ee7bc1e4-fca9-4c23-9b98-63ce27333824,1506.447775266667,#C C places the scrubber pad on the kitchen sink,Cooking,Object Transfer,Logistics step involving placing an object.,silver,5,r001
eebb7a06-e9ce-4982-92dc-ec4a5d74d725,2.86979,#C C rotates his body in a courtyard. #Unsure,Desk Work,Stationary,"The action describes a body rotation in a stationary position, indicating low overall motion.",silver,5,r001
eebb7a06-e9ce-4982-92dc-ec4a5d74d725,14.83751,#C C picks a skipping rope on the ground with his left hand.,Desk Work,Object Transfer,Logistics step involving picking up an object.,silver,5,r001
eebb7a06-e9ce-4982-92dc-ec4a5d74d725,23.26795,#C C skips with the skipping rope in both hands.,Desk Work,Locomotion,"Body moving through space with a skipping rope, indicating high body acceleration.",silver,5,r001
eebb7a06-e9ce-4982-92dc-ec4a5d74d725,71.24987,#C C does side bends in the courtyard.,Desk Work,Stationary,The action involves minimal movement and can be considered as a low-energy activity.,silver,5,r001
eebb7a06-e9ce-4982-92dc-ec4a5d74d725,345.43274,#C C scratches his stomach. #Unsure,Desk Work,Stationary,"Low body/hand motion, likely while seated.",silver,5,r001
eebb7a06-e9ce-4982-92dc-ec4a5d74d725,1933.26736,#C C continues to perform exercise.,Desk Work,Stationary,"Low body/hand motion, likely minimal movement during exercise in a seated position.",silver,5,r001
f00d5909-4828-4475-be3a-474b12c9eccf,44.576989600000005,#C C spins her head #Unsure,Playing Instrument,Search,"Head movement (spinning), passive hands.",silver,5,r001
f00d5909-4828-4475-be3a-474b12c9eccf,195.9503596,#C C joins more magnetic beads to the new shape,Playing Instrument,Stationary,"The action describes a fine manual task that likely involves minimal movement, suggesting a stationary position.",silver,5,r001
f00d5909-4828-4475-be3a-474b12c9eccf,282.2898096,#C C detaches a shapes from the collection of shapes.,Playing Instrument,Object Transfer,Logistics step involving picking up or putting down an object.,silver,5,r001
f00d5909-4828-4475-be3a-474b12c9eccf,417.5569109546634,#C C drops the shape on the table.,Playing Instrument,Object Transfer,Refined via regex fallback,silver,5,r001
f00d5909-4828-4475-be3a-474b12c9eccf,447.2770109546634,#C C joins the roll to the magnetic bead shape.,Playing Instrument,Essential Operation,Core task involving manual dexterity with the instrument.,silver,5,r001
f00d5909-4828-4475-be3a-474b12c9eccf,483.6865509546634,#C C joins the roll to the magnetic bead shape.,Playing Instrument,Stationary,The action describes a setup or configuration step that likely involves minimal movement.,silver,5,r001
f00d5909-4828-4475-be3a-474b12c9eccf,491.2630509546634,#C C separates a roll of magnetic beads from a cluster.,Playing Instrument,Essential Operation,Core manual task involving high hand activity.,silver,5,r001
f00d5909-4828-4475-be3a-474b12c9eccf,591.8873209546634,#C C squeezes the beads together.,Playing Instrument,Essential Operation,Core task involving high hand activity.,silver,5,r001
f00d5909-4828-4475-be3a-474b12c9eccf,637.2449909546634,#C C separates the magnetic beads,Playing Instrument,Stationary,The action described does not involve significant body or hand movement.,silver,5,r001
f00d5909-4828-4475-be3a-474b12c9eccf,914.1344309546636,#C C joins the magnetic beads together.,Playing Instrument,Object Transfer,"The action involves picking up and joining objects, which is a logistics step.",silver,5,r001
f0164f5d-c87e-4296-9e20-2166586c1ebd,240.67189,#C C holds a wire cable,Carpentry,Stationary,Holding an object with minimal movement.,silver,5,r001
f0164f5d-c87e-4296-9e20-2166586c1ebd,347.66726,#C C pulls a cable wire,Carpentry,Essential Operation,Core manual task involving high hand activity.,silver,5,r001
f0164f5d-c87e-4296-9e20-2166586c1ebd,463.01414,#C C puts screw driver down on the floor,Carpentry,Object Transfer,Logistics step involving placing an object.,silver,5,r001
f0164f5d-c87e-4296-9e20-2166586c1ebd,509.96466,#C C tights the cables,Carpentry,Essential Operation,"Core task involving manual operation, likely with tools.",silver,5,r001
f735d4bb-d65e-4965-ac0d-270c0b9e5993,43.6198486,#C C picks a lemon from the plastic bowl,Cooking,Object Transfer,"Logistics step, picking up an object.",silver,5,r001
f735d4bb-d65e-4965-ac0d-270c0b9e5993,62.8180286,#C C puts #unsure on the countertop,Cooking,Object Transfer,"Logistics step, putting an object down.",silver,5,r001
f735d4bb-d65e-4965-ac0d-270c0b9e5993,66.0663586,#C C picks red and yellow pepper from the fridge crisper,Cooking,Object Transfer,Logistics step involving picking up objects.,silver,5,r001
f735d4bb-d65e-4965-ac0d-270c0b9e5993,89.31032859999999,#C C closes the base counter drawer with his left hand,Cooking,Object Transfer,Logistics action involving the manipulation of a drawer.,silver,5,r001
f735d4bb-d65e-4965-ac0d-270c0b9e5993,119.3612386,#C C picks the piece of radicchio from the countertop,Cooking,Object Transfer,Logistics step involving picking up an object.,silver,5,r001
f735d4bb-d65e-4965-ac0d-270c0b9e5993,125.8358286,#C C holds the onion pieces with both hands,Cooking,Stationary,"Low body/hand motion, holding position.",silver,5,r001
f735d4bb-d65e-4965-ac0d-270c0b9e5993,141.80391859999995,#C C chops the piece of onion on the chopping board,Cooking,Essential Operation,Core task involving repetitive hand movements.,silver,5,r001
f735d4bb-d65e-4965-ac0d-270c0b9e5993,187.4210286,#C C removes a slice of onion from the knife with his left hand finger,Cooking,Object Transfer,Logistics step involving the transfer of an object (onion slice).,silver,5,r001
f735d4bb-d65e-4965-ac0d-270c0b9e5993,203.2626186,#C C cuts a piece of onion with the knife,Cooking,Essential Operation,Core task involving manual dexterity and high hand activity.,silver,5,r001
f735d4bb-d65e-4965-ac0d-270c0b9e5993,205.5436186,#C C moves an onion piece on the chopping board with his left hand,Cooking,Essential Operation,Core task involving precise hand movements.,silver,5,r001
f735d4bb-d65e-4965-ac0d-270c0b9e5993,282.48688928529333,#C C removes pieces of onions from the knife,Cooking,Essential Operation,Core task involving manual dexterity and fine motor skills.,silver,5,r001
f735d4bb-d65e-4965-ac0d-270c0b9e5993,315.3325392852933,#C C cuts the stem of the onion,Cooking,Essential Operation,Core task involving high hand activity.,silver,5,r001
f735d4bb-d65e-4965-ac0d-270c0b9e5993,366.1951592852933,#C C picks a piece of cabbage from the counter,Cooking,Object Transfer,Logistics action of picking up an object.,silver,5,r001
f735d4bb-d65e-4965-ac0d-270c0b9e5993,739.6554676136719,#C C washes the pepper with the running water,Cooking,Essential Operation,Core task involving manual operation with high hand activity.,silver,5,r001
f735d4bb-d65e-4965-ac0d-270c0b9e5993,867.7720882616542,#C C removes the chili seeds with his right hand,Cooking,Essential Operation,Core task involving fine manual dexterity.,silver,5,r001
f735d4bb-d65e-4965-ac0d-270c0b9e5993,938.023058261654,#C C moves the chili pieces on the chopping board,Cooking,Essential Operation,Core task involving high hand activity.,silver,5,r001
f735d4bb-d65e-4965-ac0d-270c0b9e5993,981.8451582616542,#C C moves the chili seeds from the chopping board with the knife,Cooking,Object Transfer,Logistics of moving an object with a tool.,silver,5,r001
f735d4bb-d65e-4965-ac0d-270c0b9e5993,985.7519682616542,#C C removes a chili seed from the knife with his left hand finger,Cooking,Essential Operation,Core task involving fine manual dexterity with the hand.,silver,5,r001
f735d4bb-d65e-4965-ac0d-270c0b9e5993,997.102978261654,#C C puts the chili seeds on the countertop,Cooking,Object Transfer,Logistics step involving moving an object.,silver,5,r001
f735d4bb-d65e-4965-ac0d-270c0b9e5993,1029.0162882616542,#C C shakes his hands in the sink,Cooking,Essential Operation,"High hand activity, likely washing or cleaning hands.",silver,5,r001
f735d4bb-d65e-4965-ac0d-270c0b9e5993,1037.381928261654,#C C picks a seed from the chopping board,Cooking,Object Transfer,Logistics step involving picking up an object.,silver,5,r001
f735d4bb-d65e-4965-ac0d-270c0b9e5993,1058.798368261654,#C C shakes his hand in the sink,Cooking,Essential Operation,"High hand activity, likely related to washing or cleaning hands.",silver,5,r001
f735d4bb-d65e-4965-ac0d-270c0b9e5993,1091.204318261654,#C C picks a chili piece from the chopping board,Cooking,Object Transfer,Logistics step involving picking up an object.,silver,5,r001
f735d4bb-d65e-4965-ac0d-270c0b9e5993,1245.8406871449215,#C C chops a chili pepper with a knife,Cooking,Essential Operation,Core task involving repetitive hand movements.,silver,5,r001
f735d4bb-d65e-4965-ac0d-270c0b9e5993,1319.9562171449218,#C C puts the lid on the countertop,Cooking,Object Transfer,Logistics step involving placing an object.,silver,5,r001
f735d4bb-d65e-4965-ac0d-270c0b9e5993,1562.281657247594,#C C removes a lemon seed with his hand,Cooking,Essential Operation,"Core manual task, high hand activity.",silver,5,r001
f735d4bb-d65e-4965-ac0d-270c0b9e5993,1588.002387247594,#C C touches the lemon seed with his left hand finger,Cooking,Stationary,"Low body/hand motion, focused action with one finger.",silver,5,r001
f735d4bb-d65e-4965-ac0d-270c0b9e5993,1641.975987144922,#C C moves the frying pan with his left hand,Cooking,Locomotion,"The action involves moving an object through space, which can be categorized under locomotion if it implies a significant movement of the body or a heavy object.",silver,5,r001
f735d4bb-d65e-4965-ac0d-270c0b9e5993,1681.3269871449218,#C C washes the tomatoes in the sink,Cooking,Essential Operation,Core task involving manual labor with high hand activity.,silver,5,r001
f735d4bb-d65e-4965-ac0d-270c0b9e5993,1702.970917144922,#C C cuts a tomato with a knife,Cooking,Essential Operation,Core task involving high hand activity.,silver,5,r001
f735d4bb-d65e-4965-ac0d-270c0b9e5993,1773.3313071449218,#C C pours cooking oil in the frying pan,Cooking,Essential Operation,Core task involving high hand activity.,silver,5,r001
f735d4bb-d65e-4965-ac0d-270c0b9e5993,1782.6660671449215,#C C closes the oil bottle with his left hand,Cooking,Object Transfer,"Closing an object, involves a specific action with the hand.",silver,5,r001
f735d4bb-d65e-4965-ac0d-270c0b9e5993,1811.5728171449216,#C C puts the wooden spoon on the frying pan,Cooking,Object Transfer,"Logistics/Setup step, short burst of hand activity.",silver,5,r001
f735d4bb-d65e-4965-ac0d-270c0b9e5993,1921.5903868195533,#C C puts the waste in the polythene bag,Cooking,Object Transfer,Logistics step involving moving the waste to the bag.,silver,5,r001
f735d4bb-d65e-4965-ac0d-270c0b9e5993,1963.063156819553,#C C closes the tap with his right hand,Cooking,Object Transfer,Closing the tap is a logistics step involving a specific action with the hand.,silver,5,r001
f735d4bb-d65e-4965-ac0d-270c0b9e5993,1984.5607068195527,#C C rinses his hands in the sink,Cooking,Essential Operation,Core task involving high hand activity.,silver,5,r001
f735d4bb-d65e-4965-ac0d-270c0b9e5993,2006.6806268195533,#C C puts the lid on the frying pan,Cooking,Object Transfer,Logistics step involving the placement of an object.,silver,5,r001
f735d4bb-d65e-4965-ac0d-270c0b9e5993,2114.220206819554,#C C puts the frying pan lid on the countertop,Cooking,Object Transfer,Logistics/Setup step involving picking up and placing an object.,silver,5,r001
f735d4bb-d65e-4965-ac0d-270c0b9e5993,2258.303076158594,#C C closes the juice bottle cap,Cooking,Object Transfer,Logistics action involving the closure of a bottle cap.,silver,5,r001
f735d4bb-d65e-4965-ac0d-270c0b9e5993,2266.1202861585944,#C C rinses his hand in the sink,Cooking,Essential Operation,"Core task involving hand activity, specifically cleaning/washing.",silver,5,r001
f735d4bb-d65e-4965-ac0d-270c0b9e5993,2327.154106158594,#C C holds the wooden spoon with his left hand,Cooking,Stationary,"Low body/hand motion, holding an object without moving.",silver,5,r001
f735d4bb-d65e-4965-ac0d-270c0b9e5993,2335.895516158594,#C C rinses a knife in the sink,Cooking,Essential Operation,Core manual task involving high hand activity.,silver,5,r001
f735d4bb-d65e-4965-ac0d-270c0b9e5993,2337.179146158594,#C C washes the knife with a washing sponge,Cooking,Essential Operation,Core manual task involving high hand activity.,silver,5,r001
f735d4bb-d65e-4965-ac0d-270c0b9e5993,2374.497616158594,#C C rinses the spoon in the sink,Cooking,Essential Operation,Core task involving manual activity with the hands.,silver,5,r001
f735d4bb-d65e-4965-ac0d-270c0b9e5993,2378.2414361585943,#C C washes the cup in the sink,Cooking,Essential Operation,Core task involving high hand activity.,silver,5,r001
f9ce56a3-3e9b-4edd-b133-c05eed792ec0,93.6448796,#C C pours egg York in a small bowl,Cooking,Essential Operation,Core task involving high hand activity.,silver,5,r001
f9ce56a3-3e9b-4edd-b133-c05eed792ec0,184.1204896,#C C puts the egg shell in a sink,Cooking,Object Transfer,Logistics step involving moving an object (egg shell) to a specific location (sink).,silver,5,r001
f9ce56a3-3e9b-4edd-b133-c05eed792ec0,479.60010197916665,#c c fetches flour,Cooking,Object Transfer,Logistics step involving picking up and moving an object.,silver,5,r001
f9ce56a3-3e9b-4edd-b133-c05eed792ec0,522.7038519791666,#c c picks flour,Cooking,Object Transfer,Logistics step involving picking up an object.,silver,5,r001
f9ce56a3-3e9b-4edd-b133-c05eed792ec0,584.6557342879968,#C C opens the bottle of oil,Cooking,Object Transfer,Logistics step involving opening a container.,silver,5,r001
f9ce56a3-3e9b-4edd-b133-c05eed792ec0,605.7775042879967,#C C closes the oil bottle,Cooking,Object Transfer,"Closing an object, which is a logistics step involving short bursts of hand activity.",silver,5,r001
f9ce56a3-3e9b-4edd-b133-c05eed792ec0,633.7568142879968,#C C picks air fryer cooking basket,Cooking,Object Transfer,"Logistics/Setup step, picking up an object.",silver,5,r001
f9ce56a3-3e9b-4edd-b133-c05eed792ec0,645.7367942879968,#C C puts air fryer tray in the air fryer,Cooking,Object Transfer,Logistics step involving placing an object.,silver,5,r001
f9ce56a3-3e9b-4edd-b133-c05eed792ec0,664.5419642879967,#C C moves the measuring cup,Cooking,Object Transfer,Movement of an object from one location to another.,silver,5,r001
f9ce56a3-3e9b-4edd-b133-c05eed792ec0,673.8240242879967,#C C lifts a sieve basket,Cooking,Object Transfer,Logistics step involving picking up an object.,silver,5,r001
f9ce56a3-3e9b-4edd-b133-c05eed792ec0,676.1317542879967,#C C rinses the stainless steel bowl,Cooking,Essential Operation,Core task involving high hand activity.,silver,5,r001
f9ce56a3-3e9b-4edd-b133-c05eed792ec0,744.5552719791666,#C C hits the bowl with the whisk,Cooking,Essential Operation,Core task involving high hand activity.,silver,5,r001
f9ce56a3-3e9b-4edd-b133-c05eed792ec0,771.5235419791666,#C C puts the yogurt cover on the table,Cooking,Object Transfer,"Logistics/Setup step, involves picking up and placing down an object.",silver,5,r001
f9ce56a3-3e9b-4edd-b133-c05eed792ec0,921.7797242879968,#C C puts the bowl on top of a microwave,Cooking,Object Transfer,Logistics step involving picking up and placing an object.,silver,5,r001
f9ce56a3-3e9b-4edd-b133-c05eed792ec0,942.5605142879969,#C C attaches whisks on the electric mixer,Cooking,Essential Operation,Core manual task involving high hand activity.,silver,5,r001
f9ce56a3-3e9b-4edd-b133-c05eed792ec0,1098.88745762133,#C C holds the electric mixer with both hands,Cooking,Stationary,"The action involves holding an object with both hands, indicating a stationary position with low body and hand motion.",silver,5,r001
f9ce56a3-3e9b-4edd-b133-c05eed792ec0,1357.4613519791667,#C C looks at a flour,Cooking,Search,"Head movement (visual inspection), hands mostly still.",silver,5,r001
f9ce56a3-3e9b-4edd-b133-c05eed792ec0,1369.77681762133,#C C checks the egg foam thickness,Cooking,Search,Head and hand movements are focused on checking the state of the egg foam.,silver,5,r001
f9ce56a3-3e9b-4edd-b133-c05eed792ec0,1570.3017119791668,#C C pours mixture into a bowl,Cooking,Essential Operation,"Core task involving manual pouring, high hand activity.",silver,5,r001
f9ce56a3-3e9b-4edd-b133-c05eed792ec0,1623.0883119791667,#C C puts down metal bowl,Cooking,Object Transfer,Logistics step involving placing an object down.,silver,5,r001
f9ce56a3-3e9b-4edd-b133-c05eed792ec0,1764.546310954663,#C C picks an empty bowl,Cooking,Object Transfer,Logistics action involving picking up an object.,silver,5,r001
f9ce56a3-3e9b-4edd-b133-c05eed792ec0,1840.7463719791667,#C C collects dough with a cooking stick in steel bowl,Cooking,Essential Operation,Core task involving high hand activity.,silver,5,r001
f9ce56a3-3e9b-4edd-b133-c05eed792ec0,1937.4146609546635,#C C wipes cake mix on the baking tin with her finger,Cooking,Essential Operation,Core manual task involving high hand activity.,silver,5,r001
f9ce56a3-3e9b-4edd-b133-c05eed792ec0,1938.258910954664,#C C rotates the baking tin,Cooking,Stationary,The action involves a small rotation which is likely to have minimal acceleration and can be considered a low-energy movement.,silver,5,r001
f9ce56a3-3e9b-4edd-b133-c05eed792ec0,1957.291990954664,#C C wipes her finger with a paper towel,Cooking,Stationary,"Low body/hand motion, cleaning action typically involves minimal movement.",silver,5,r001
f9ce56a3-3e9b-4edd-b133-c05eed792ec0,1960.3576909546632,#C C carries the baking tin,Cooking,Locomotion,Body moving through space with the baking tin.,silver,5,r001
f9ce56a3-3e9b-4edd-b133-c05eed792ec0,2039.2264719791667,#C C washes both hands,Cooking,Essential Operation,Core task involving high hand activity.,silver,5,r001
f9ce56a3-3e9b-4edd-b133-c05eed792ec0,2171.8682119791665,#C C places the spatula in the sink,Cooking,Object Transfer,Logistics step involving placing an object.,silver,5,r001
f9ce56a3-3e9b-4edd-b133-c05eed792ec0,2181.772944287997,#C C blocks the drainage,Cooking,Object Transfer,Logistics step involving placement of an object.,silver,5,r001
fa21a282-6099-45cd-a4a7-39daf7973ec0,126.95200958632812,#C C Puts down a bottle on the table,Mechanical Repair,Object Transfer,Logistics step involving placing an object down.,silver,5,r001
fa21a282-6099-45cd-a4a7-39daf7973ec0,213.0948195863281,#C C Shakes a bottle,Mechanical Repair,Stationary,Shaking a bottle can be a relatively low-energy action if it involves minimal body movement and is primarily hand-based.,silver,5,r001
fa21a282-6099-45cd-a4a7-39daf7973ec0,399.2663510106197,# CC opens system case,Mechanical Repair,Object Transfer,Opening a case is a logistics/assembly step.,silver,5,r001
fa21a282-6099-45cd-a4a7-39daf7973ec0,439.4825910106197,# C C puts precision screwdriver on table,Mechanical Repair,Object Transfer,Logistics step involving placing an object.,silver,5,r001
fa21a282-6099-45cd-a4a7-39daf7973ec0,470.2900010106197,# C C connects anti-static strap on computer,Mechanical Repair,Essential Operation,Core manual task involving precise hand movements.,silver,5,r001
fa21a282-6099-45cd-a4a7-39daf7973ec0,562.0107667217449,#C C looks at the sound system,Mechanical Repair,Search,"Head movement (visual inspection), hands mostly still.",silver,5,r001
fa21a282-6099-45cd-a4a7-39daf7973ec0,624.9054267217448,#C C looks at the plastic paper,Mechanical Repair,Search,"Head movement (visual inspection), hands mostly still.",silver,5,r001
fa21a282-6099-45cd-a4a7-39daf7973ec0,730.2178667217448,#C C puts the screw on the table,Mechanical Repair,Object Transfer,Logistics step involving placing an object.,silver,5,r001
fa21a282-6099-45cd-a4a7-39daf7973ec0,787.0317467217449,#C C loosens the screw,Mechanical Repair,Essential Operation,Core manual task involving high hand activity.,silver,5,r001
fa21a282-6099-45cd-a4a7-39daf7973ec0,950.1593846939458,#C C puts a bolt on a table,Mechanical Repair,Object Transfer,Logistics step involving placing an object.,silver,5,r001
fa21a282-6099-45cd-a4a7-39daf7973ec0,964.7860646939458,#C C checks a pack of bolts,Mechanical Repair,Search,"Head movement (visual search), hands mostly still.",silver,5,r001
fa21a282-6099-45cd-a4a7-39daf7973ec0,1010.6961646939458,#C C inserts a bolt on a cooker,Mechanical Repair,Essential Operation,Core manual task involving hand activity.,silver,5,r001
fa21a282-6099-45cd-a4a7-39daf7973ec0,1170.5988462529947,#C C loosens a bolt on a cooker,Mechanical Repair,Essential Operation,"Core manual task involving manipulation, high hand activity.",silver,5,r001
fa21a282-6099-45cd-a4a7-39daf7973ec0,1341.658116252995,#C C picks a bolt on a bolt holder,Mechanical Repair,Object Transfer,Logistics step of picking up an object.,silver,5,r001
fa21a282-6099-45cd-a4a7-39daf7973ec0,1374.742611729415,#C C inserts a bolt on a chuck,Mechanical Repair,Essential Operation,Core manual task involving precise hand movements.,silver,5,r001
fa21a282-6099-45cd-a4a7-39daf7973ec0,1502.4949717294153,#C C tightens a bolt on a cassette,Mechanical Repair,Essential Operation,Core manual task involving high hand activity.,silver,5,r001
fa21a282-6099-45cd-a4a7-39daf7973ec0,1552.5318517294152,#C C picks a towel on a table,Mechanical Repair,Object Transfer,Logistics step involving picking up an object.,silver,5,r001
fa21a282-6099-45cd-a4a7-39daf7973ec0,1570.034131729415,#C C shakes a bottle of spray,Mechanical Repair,Stationary,Shaking a bottle can be a stationary action with minimal body movement.,silver,5,r001
fa21a282-6099-45cd-a4a7-39daf7973ec0,1571.3122117294151,#C C sprays the speaker,Mechanical Repair,Essential Operation,Core task involving high hand activity.,silver,5,r001
fa21a282-6099-45cd-a4a7-39daf7973ec0,1598.3267517294153,#C C moves a towel on a table,Mechanical Repair,Stationary,"The action involves moving a towel on a table, which likely involves minimal body movement and low energy expenditure.",silver,5,r001
fa21a282-6099-45cd-a4a7-39daf7973ec0,1684.1991795391275,#C C moves a n empty box on a table,Mechanical Repair,Object Transfer,Logistics step involving moving an object.,silver,5,r001
fa21a282-6099-45cd-a4a7-39daf7973ec0,1719.8794795391275,#C C puts a bolt on a screwdriver,Mechanical Repair,Object Transfer,"Logistics/Setup step, short burst of hand activity.",silver,5,r001
fa21a282-6099-45cd-a4a7-39daf7973ec0,1732.4403795391277,#C C checks in a speaker,Mechanical Repair,Search,"Head movement (visual inspection), hands mostly still.",silver,5,r001
fa6e5f70-d4d9-49a7-9d74-d19bf127df55,110.5905986,#C C puts the cloth on the floor,Mechanical Repair,Object Transfer,Logistics step involving placing an object.,silver,5,r001
fa6e5f70-d4d9-49a7-9d74-d19bf127df55,132.64160859999998,#C C picks the cloth in the drawer,Mechanical Repair,Object Transfer,Logistics step involving picking up an object.,silver,5,r001
fa6e5f70-d4d9-49a7-9d74-d19bf127df55,184.4414086,#C C puts the cloth on the lap,Mechanical Repair,Object Transfer,Logistics step involving placing an object (cloth).,silver,5,r001
fa6e5f70-d4d9-49a7-9d74-d19bf127df55,221.5534086,#C C picks the cloth in the floor,Mechanical Repair,Object Transfer,Logistics step involving picking up an object.,silver,5,r001
fa6e5f70-d4d9-49a7-9d74-d19bf127df55,264.0578686,#C C puts the cloth on the hanger,Mechanical Repair,Object Transfer,Logistics step involving placing an object.,silver,5,r001
fa6e5f70-d4d9-49a7-9d74-d19bf127df55,333.2207418861328,#C C pushes the clothes,Mechanical Repair,Locomotion,"Body moving through space (pushing), high body acceleration.",silver,5,r001
fa6e5f70-d4d9-49a7-9d74-d19bf127df55,361.6000418861328,#C C picks a cloth on the hanger in the wardrobe,Mechanical Repair,Object Transfer,Logistics step involving picking up an object.,silver,5,r001
fa6e5f70-d4d9-49a7-9d74-d19bf127df55,377.0235118861328,#C C touches the clothes on the hanger in the wardrobe,Mechanical Repair,Stationary,"Low body/hand motion, likely inspecting or feeling the clothes.",silver,5,r001
fa6e5f70-d4d9-49a7-9d74-d19bf127df55,455.6464018861328,#C C touches the phone screen,Mechanical Repair,Stationary,"Low body/hand motion, likely involves fine motor skills with minimal movement.",silver,5,r001
fa8a5802-fc36-488d-b646-9831f6afeea5,7.76279,#C C picks a small motorcycle disc in a bag from a plastic bag with both hands.,Mechanical Repair,Object Transfer,Logistics step involving picking up an object.,silver,5,r001
fa8a5802-fc36-488d-b646-9831f6afeea5,43.76836,#C C opens the bag of the first motorcycle disc with both hands.,Mechanical Repair,Object Transfer,Logistics/Setup step (opening a bag).,silver,5,r001
fa8a5802-fc36-488d-b646-9831f6afeea5,48.24775,#C C turns the first small motorcycle disc in both hands.,Mechanical Repair,Essential Operation,High hand activity as C manipulates the motorcycle disc.,silver,5,r001
fa8a5802-fc36-488d-b646-9831f6afeea5,110.676,#C C picks a hand drilling machine from the car lift with his right hand.,Mechanical Repair,Object Transfer,"The action involves picking up an object, which is a logistics step.",silver,5,r001
fa8a5802-fc36-488d-b646-9831f6afeea5,164.74993,#C C switches on the flash light.,Mechanical Repair,Stationary,"Low body/hand motion, likely involves minimal physical movement.",silver,5,r001
fa8a5802-fc36-488d-b646-9831f6afeea5,209.99014,#C C screws the bolt into the motorcycle part with the bolt tightener.,Mechanical Repair,Essential Operation,Core manual task involving high hand activity.,silver,5,r001
fa8a5802-fc36-488d-b646-9831f6afeea5,224.14987,#C C tightens other bolts with the bolt tightener in both hands.,Mechanical Repair,Essential Operation,Core manual task involving high hand activity.,silver,5,r001
fa8a5802-fc36-488d-b646-9831f6afeea5,264.61656,#C C holds the motorcycle tire with his left hand.,Mechanical Repair,Stationary,"The action involves holding an object, which implies low motion.",silver,5,r001
fa8a5802-fc36-488d-b646-9831f6afeea5,264.79413,#C C tightens the nuts in the motorcycle wheel with the hand drilling machine in his right hand.,Mechanical Repair,Essential Operation,Core manual task involving high hand activity with a tool.,silver,5,r001
fa8a5802-fc36-488d-b646-9831f6afeea5,315.2172,#C C moves a rod.,Mechanical Repair,Locomotion,"Movement of the body through space, likely involves significant body acceleration.",silver,5,r001
fa8a5802-fc36-488d-b646-9831f6afeea5,377.64676,#C C attaches the bolt screw to the motorcycle tire.,Mechanical Repair,Essential Operation,Core manual task involving hand activity.,silver,5,r001
fa8a5802-fc36-488d-b646-9831f6afeea5,461.62056,#C C picks a gasket. #unsure,Mechanical Repair,Object Transfer,Logistics step of picking up an object.,silver,5,r001
fa8a5802-fc36-488d-b646-9831f6afeea5,592.2717866666667,#C C opens the package with the screw driver in his right gloved hand.,Mechanical Repair,Object Transfer,"The action involves opening a package, which is a logistics step involving the transfer of an object.",silver,5,r001
fa8a5802-fc36-488d-b646-9831f6afeea5,603.0907566666667,#C C screws the motorcycle sprocket chain with the nut in both gloved hands.,Mechanical Repair,Essential Operation,Core manual task involving high hand activity.,silver,5,r001
fa8a5802-fc36-488d-b646-9831f6afeea5,607.6721966666667,#C C attaches the sprocket chain to the motorcycle sprocket with both gloved hands.,Mechanical Repair,Essential Operation,Core manual task involving high hand activity.,silver,5,r001
fa8a5802-fc36-488d-b646-9831f6afeea5,647.9558966666667,#C C picks the sprocket chain from the metal with his right gloved hand.,Mechanical Repair,Object Transfer,"The action involves picking up an object, which is a logistics step.",silver,5,r001
fa8a5802-fc36-488d-b646-9831f6afeea5,654.1462666666666,#C C screws the motorcycle sprocket chain with the ratchet in his right gloved hand.,Mechanical Repair,Essential Operation,Core manual task involving high hand activity.,silver,5,r001
fa8a5802-fc36-488d-b646-9831f6afeea5,762.4769766666667,#C C attaches the sprocket chain to the motorcycle sprocket with his left gloved hand.,Mechanical Repair,Essential Operation,Core manual task involving precise hand movements.,silver,5,r001
fa8a5802-fc36-488d-b646-9831f6afeea5,823.3927466666667,#C C holds the motorcycle sprocket chain with both gloved hands.,Mechanical Repair,Stationary,"The action describes holding an object, which involves minimal motion.",silver,5,r001
fa8a5802-fc36-488d-b646-9831f6afeea5,849.6904466666667,#C C screws the motorcycle sprocket with the plier in his right gloved hand.,Mechanical Repair,Essential Operation,Core manual task involving high hand activity.,silver,5,r001
fa8a5802-fc36-488d-b646-9831f6afeea5,857.0433466666666,#C C holds the motorcycle sprocket with both gloved hands.,Mechanical Repair,Stationary,"Low body/hand motion, holding an object.",silver,5,r001
fa8a5802-fc36-488d-b646-9831f6afeea5,933.4000566666666,#C C cleans the glasses with his right gloved hand.,Mechanical Repair,Essential Operation,Core manual task involving high hand activity.,silver,5,r001
fa8a5802-fc36-488d-b646-9831f6afeea5,945.2329666666668,#C C files the motorcycle sprocket with the grinder in his both gloved hands.,Mechanical Repair,Essential Operation,Core manual task with high hand activity.,silver,5,r001
fa8a5802-fc36-488d-b646-9831f6afeea5,969.6586766666668,#C C holds the grinder cable with his left gloved hand.,Mechanical Repair,Stationary,"The action describes holding an object, which indicates a low-energy, static posture.",silver,5,r001
fa8a5802-fc36-488d-b646-9831f6afeea5,1001.7187666666666,#C C opens the package with the screwdriver in his right gloved hand.,Mechanical Repair,Object Transfer,"The action involves opening a package, which is a logistics step.",silver,5,r001
fa8a5802-fc36-488d-b646-9831f6afeea5,1046.9930766666666,#C C holds the nut with his both gloved hand. #Unsure,Mechanical Repair,Stationary,"The action describes holding an object with hands, indicating low movement.",silver,5,r001
fa8a5802-fc36-488d-b646-9831f6afeea5,1114.5808433333334,#C C sticks the glue to the motorcycle sprocket with his right gloved hand.,Mechanical Repair,Essential Operation,Core manual task involving high hand activity.,silver,5,r001
fa8a5802-fc36-488d-b646-9831f6afeea5,1138.4121333333333,#C C passes the cloth from his right gloved hand to his left gloved hand.,Mechanical Repair,Object Transfer,The action involves passing an object (cloth) from one hand to the other.,silver,5,r001
fa8a5802-fc36-488d-b646-9831f6afeea5,1171.7521333333334,#C C screws the motorcycle sprocket with the plier in both gloved hand.,Mechanical Repair,Essential Operation,Core manual task involving high hand activity.,silver,5,r001
fa8a5802-fc36-488d-b646-9831f6afeea5,1253.0352733333334,#C C rolls the motorcycle tyre with his right gloved hand.,Mechanical Repair,Essential Operation,Core task involving high hand activity.,silver,5,r001
fa8a5802-fc36-488d-b646-9831f6afeea5,1261.135813333333,#C C touches the motorcycle sprocket with his left gloved hand.,Mechanical Repair,Stationary,"Low body/hand motion, likely inspecting or feeling the sprocket without movement.",silver,5,r001
fa8a5802-fc36-488d-b646-9831f6afeea5,1309.195603333333,#C C holds the motorcycle chassis with his right gloved hand.,Mechanical Repair,Stationary,"Low body/hand motion, holding position.",silver,5,r001
fa8a5802-fc36-488d-b646-9831f6afeea5,1346.545843333333,#C C holds the motorcycle tyre with his both gloved hands.,Mechanical Repair,Stationary,"Holding an object with hands, minimal movement.",silver,5,r001
fa8a5802-fc36-488d-b646-9831f6afeea5,1366.6359133333333,#C C screws the motorcycle muffler with the ratchet in his right gloved hand.,Mechanical Repair,Essential Operation,Core manual task involving high hand activity.,silver,5,r001
fa8a5802-fc36-488d-b646-9831f6afeea5,1373.9671233333331,#C C drops the ratchet on a metal with his right gloved hand.,Mechanical Repair,Object Transfer,"[CtxFixed] The action of dropping the ratchet onto the metal surface indicates a deliberate placement of the object, which fits the criteria for 'Object Transfer'.",silver,5,r001
fa8a5802-fc36-488d-b646-9831f6afeea5,1403.4425633333333,#C C picks metals from the workbench drawer with his left gloved hand.,Mechanical Repair,Object Transfer,Logistics step involving picking up objects.,silver,5,r001
fa8a5802-fc36-488d-b646-9831f6afeea5,1457.7941033333334,#C C drops the plier on the metal with his left gloved hand.,Mechanical Repair,Object Transfer,"[CtxFixed] The action of dropping the plier onto the metal surface is a deliberate placement, which fits the criteria for 'Object Transfer'.",silver,5,r001
fa8a5802-fc36-488d-b646-9831f6afeea5,1551.8945233333334,#C C walks towards the workbench.,Mechanical Repair,Locomotion,"Movement through space, high body acceleration.",silver,5,r001
fa8a5802-fc36-488d-b646-9831f6afeea5,1571.0368133333334,#C C drops the hammer on the workbench with his left gloved hand.,Mechanical Repair,Object Transfer,"[CtxFixed] The action of dropping the hammer onto the workbench appears to be a deliberate placement rather than a mistake, as it is being performed in a controlled manner and placed on a specific surface.",silver,5,r001
fa8a5802-fc36-488d-b646-9831f6afeea5,1626.391448,#C C drops the tissue on the metal with his right gloved hand.,Mechanical Repair,Object Transfer,"[CtxFixed] The action of dropping the tissue onto the metal surface indicates a deliberate placement, which fits the criteria for 'Object Transfer'.",silver,5,r001
fa8a5802-fc36-488d-b646-9831f6afeea5,1654.71187,#C C holds the motorcycle mudguard with his left gloved hand.,Mechanical Repair,Stationary,"Low body/hand motion, holding an object.",silver,5,r001
fa8a5802-fc36-488d-b646-9831f6afeea5,1700.18161,#C C cleans both gloved hands with the tissue.,Mechanical Repair,Essential Operation,Core task involving high hand activity.,silver,5,r001
fa8a5802-fc36-488d-b646-9831f6afeea5,1707.8086,#C C raises both gloved hands up.,Mechanical Repair,Stationary,Raising hands and holding a position indicates low body motion.,silver,5,r001
fd878068-4a9a-458d-9225-fe4865907f0a,37.7606986,#C C vacuums the stairs with a vacuum cleaner,Cleaning,Locomotion,Body moving through space while performing a cleaning task with a vacuum cleaner.,silver,5,r001
fd878068-4a9a-458d-9225-fe4865907f0a,179.57291859999998,#C C vacuums the room with a vacuum cleaner,Cleaning,Locomotion,Body moving through space while performing a task that involves movement.,silver,5,r001
fd878068-4a9a-458d-9225-fe4865907f0a,219.1175586,#C C carriers the vacuum cleaner,Cleaning,Object Transfer,Logistics step of moving the vacuum cleaner.,silver,5,r001
fd878068-4a9a-458d-9225-fe4865907f0a,266.1123986,#C C puts the mats on the floor,Cleaning,Object Transfer,Logistics step involving picking up and placing objects.,silver,5,r001
fd878068-4a9a-458d-9225-fe4865907f0a,316.1276701258789,#C C walks in of the washroom,Cleaning,Locomotion,Body moving through space (walking).,silver,5,r001
fd878068-4a9a-458d-9225-fe4865907f0a,326.84193012587895,#C C pulls his hand off the watch,Cleaning,Object Transfer,"[CtxFixed] The action of pulling his hand off the watch indicates a deliberate movement to release the watch, which involves transferring the state of holding the object to not holding it.",silver,5,r001
